entity_id,company_name,ticker,current_quarter,earnings_date,tone_category,sentiment_score,key_nlp_signals,investor_insights,summary,qq_delta,qq_change,qq_explanation,qq_prior_score,yoy_delta,yoy_change,yoy_explanation,yoy_prior_score
00067A,Humana Inc.,HUM,Q1 2026,2026-04-29,Bullish,0.18,"Loughran-McDonald net tone is only slightly positive (net_tone ~ +0.011) with more positives than negatives (167 vs 72), but the magnitude is muted—suggesting optimism is present yet tempered by risk/uncertainty language.; Uncertainty is present but not dominant (uncertainty_ratio ~0.0074; uncertainty count 64). Context shows uncertainty is concentrated in forward-looking disclaimers and in Stars/TBC unknowns (e.g., 'cannot guarantee' thresholds), rather than in core operating performance.; Modal language is moderate (modal_ratio ~0.125; strong_modal 45 vs weak_modal 35). Management uses confident planning verbs ('on track', 'expect', 'remain confident') while still acknowledging unknowns (Stars thresholds, 'only so much detail', 'not perfect information').","Guidance tone is constructive but conditional: management reiterates being 'where we expected to be' and stays committed to the 2028 ≥3% sustainable margin, while explicitly stating benefits will be adjusted in 2027 due to a larger funding gap vs medical trend—watch for bid-year benefit actions as the main swing factor.; Claims/reserve conservatism is a key undercurrent: elevated IBNR growth is framed as prudent early-year reserving given membership growth and early timing, with early indicators through April 'in line to better than' expectations—investors should monitor whether this conservatism reverses in 2Q/2H or persists.","Quantitatively, the Loughran-McDonald results show a slightly positive net tone (+0.011) with substantially more positive than negative terms (167 vs 72), while uncertainty remains contained (64 instances) and modal usage is balanced. Qualitatively, management’s tone is more bullish than the raw net_tone suggests: they repeatedly state they are 'on track' for Investor Day commitments and Stars progress, but they hedge around Stars thresholds and TBC recovery and acknowledge a larger 2027 funding gap that will require benefit adjustments. Overall, sentiment is constructive with targeted caution rather than broad deterioration.",0.12,Notably More Bullish,"Sentiment increased from 0.06 in Q4 2025 to 0.18 in Q1 2026 (delta +0.12). The tone shifted from cautiously constructive/neutral to more bullish, with optimism about being on track and tempered uncertainty rather than a heavier near-term headwind framing.",0.06,0.0,Same (Bullish),"Sentiment score is unchanged at 0.18 from Q1 2025 to Q1 2026, indicating broadly consistent tone. While both quarters are bullish, the current quarter’s optimism appears similarly tempered by conditional language rather than meaningfully shifting overall sentiment.",0.18
002F3F,Cheniere Energy Partners L.P.,CQP,Q3 2025,2025-10-30,Bullish,0.28,"Uncertainty is present but not dominant (uncertainty_ratio ~0.014; uncertainty count 126), and much of it is tied to market/operational variability rather than a deterioration in fundamentals—consistent with a broadly constructive tone.; Negative and positive L-M counts are close (positive 124 vs negative 91; net_tone near zero), suggesting the call balances risks with execution wins; context shows management emphasizes reconfirmed/raised guidance and schedule acceleration.; Modal usage is slightly more constrained than strongly modal (strong_modal 40 vs weak_modal 43; modal_ratio -0.0361), indicating fewer aggressive commitments; however, guidance language is still directive (reconfirming EBITDA range; raising DCF).","Guidance tone is meaningfully positive: EBITDA guidance is reconfirmed while DCF guidance is raised (DCF $4.8–$5.2B vs prior $4.4–$4.8B), implying cash-flow upside despite operational variability—investors should focus on DCF drivers (IRS rule change) and timing of cargoes/Train 4 ramp.; Forward-looking execution confidence is supported by schedule acceleration (Train 3 substantial completion ahead of forecast; Train 4 timeline brought forward) but management repeatedly frames 2026 volume variability as contingent on commissioning/ramp and feed-gas resilience—positioning should weigh upside from faster ramps against downside from production variability.","Quantitatively, L-M net tone is near neutral (net_tone ~0.0037) with uncertainty elevated but not overwhelming, and negative/positive word counts are relatively balanced. Contextually, management sentiment skews bullish: they highlight multiple execution milestones (Train 3 substantial completion ahead of schedule), reconfirm EBITDA guidance, and raise DCF guidance, while hedging mainly around operational/feed-gas variability and market transition dynamics into 2026 rather than signaling fundamental weakness.",,,,,0.1,Notably More Bullish,"The sentiment score increased by 0.10 (from 0.18 to 0.28), indicating a meaningfully more bullish tone in Q3 2025 versus Q3 2024. This aligns with stronger constructive guidance framing (e.g., raised DCF) despite continued execution/timing uncertainty.",0.18
003B70,Realty Income Corp.,O,Q1 2026,2026-05-06,Bullish,0.18,"L-M net tone is near-neutral (0.0048) with only a slight positive word-count skew (positive 136 vs negative 89), suggesting the call is not saturated with overtly positive language despite generally constructive results.; Uncertainty is present but not dominant (uncertainty 91; uncertainty_ratio 0.0092), and much of it appears in forward-looking framing and market/forecast caveats rather than in core operating confidence (e.g., guidance raises and liquidity/leverage targets are stated definitively).; Modal language is moderate (modal_ratio 0.0811; strong_modal 40 vs weak_modal 34), consistent with a mix of confident execution statements (“delivered,” “increased,” “expect”) and conditional/episodic strategy language (“if,” “hope,” “believe,” “opportunistic”).","Management is actively de-risking the growth path by raising AFFO per share guidance and investment volume while simultaneously lowering credit loss outlook—this combination is typically a bullish signal for earnings durability and underwriting confidence.; The private capital “ecosystem” narrative is not just aspirational: they provided concrete vehicle details (Apollo/GIC/perpetual fund), liquidity/leverage metrics, and fee-income expectations, implying a credible pathway to scale alternative capital without abandoning underwriting discipline.","Quantitatively, the Loughran-McDonald net tone is close to neutral (0.0048) with uncertainty words slightly elevated, indicating the call contains meaningful caution/forward-looking disclaimers. Contextually, however, management’s operational and guidance tone is clearly constructive: they report strong Q1 AFFO growth, raise full-year AFFO and investment volume guidance, increase termination income outlook, and lower credit loss outlook—while framing private capital expansion as structured, complementary, and largely repeatable. Overall sentiment is therefore Bullish, but tempered by episodic/conditional language around deal mix, cap-rate/cycle dynamics, and the pace of future private capital deployment.",0.0,Same (Bullish),"The sentiment score is unchanged at 0.18 versus Q4 2025, indicating broadly consistent bullish tone. Any differences appear more in the balance of near-neutral net tone and uncertainty framing rather than a shift in overall sentiment.",0.18,0.0,Same (Bullish),"The sentiment score is unchanged at 0.18 versus Q1 2025, indicating broadly similar overall tone. Any differences appear to be in the balance of uncertainty/modality rather than a shift in directional sentiment.",0.18
009397,LPL Financial Holdings Inc.,LPLA,Q1 2026,2026-04-30,Bullish,0.18,"L-M net tone is slightly positive (0.011) with positive word count (171) exceeding negative (81), indicating more favorable than unfavorable language overall.; Uncertainty is present but not dominant: uncertainty count (90) is modest relative to total word volume, and the uncertainty_ratio matches net_tone (0.0113), suggesting hedging is present but not overwhelming.; Modal language skews cautious: weak_modal (43) > strong_modal (28) and modal_ratio is negative (-0.2113), consistent with management using 'expect/should' framing and time-bound qualifiers rather than fully definitive claims.","Guidance tone is constructive but selective: management lowered the upper end of core G&A outlook by $20M while maintaining a broadly stable tax rate and providing Q2 directional expectations (e.g., payout rate rising, ICA yield roughly flat), implying confidence in cost control and near-term revenue mechanics.; AI/cash monetization risk is addressed with reassurance rather than retreat: executives explicitly state they do not see imminent risk to advisor-led cash sorting from AI and describe ongoing work to assess fee-based levers—this reads as proactive risk management, not a change in strategy.","Quantitatively, the call is only mildly positive on Loughran-McDonald net tone (0.011) with clearly more positive than negative language, while uncertainty is present but not excessive. Contextually, management’s remarks are meaningfully bullish—emphasizing strong organic growth, record adjusted EPS, improving recruiting pipeline, and operating leverage—though the language is often framed with expectations and time horizons (weak modals > strong modals), and some items are explicitly market/seasonality-driven (e.g., Commonwealth EBITDA run-rate mark-to-market).",0.0,Same (Bullish),"The sentiment score is unchanged at 0.18 versus Q4 2025. Tone remains Bullish, with any differences showing up more in the balance of uncertainty/modality rather than overall sentiment.",0.18,-0.04,Same (Bullish),"The sentiment score is slightly lower Y/Y (-0.04), but remains within the 0.00–0.05 band, indicating broadly similar bullish tone versus Q1 2025.",0.22
013528,PepsiCo Inc.,PEP,Q1 2026,2026-04-16,Bullish,0.18,"L-M net tone is only slightly positive (0.012) with uncertainty_ratio very low (0.009), suggesting limited hedging overall rather than pervasive caution.; Uncertainty (60) and modal mix (strong_modal 18 vs weak_modal 37; modal_ratio -0.3455) indicate more softening/conditional phrasing than hard certainty, but the transcript context shows this is mostly used around external variables (inflation magnitude, SNAP timing, Iran-related impacts) rather than core execution.; Negative word count (63) is materially lower than positive (144), and management repeatedly uses confident execution language (e.g., 'no impact on demand,' 'continues to accelerate,' 'affirmed our guidance today')—supporting an overall constructive tone despite some conditionality.","Guidance tone is effectively maintained: top-line guidance is reiterated with 'no change' and 'affirmed our guidance today,' while the company frames visibility as mitigated via hedging (6–12 month coverage) and operational levers (productivity + price pack architecture).; Forward-looking strength is concentrated in execution and momentum (international acceleration, PFNA sequential improvement, PBNA volume ex case-pack water expected to turn positive), while uncertainty is localized to macro/policy timing (inflation magnitude, SNAP revisions, potential summer competitiveness).","Quantitatively, the Loughran-McDonald profile is only mildly positive (net_tone ~0.012) with low overall uncertainty, but the transcript context tilts bullish: management repeatedly emphasizes momentum ('continues to accelerate,' 'no impact on demand') and affirms guidance. The weaker modal balance (more weak modals than strong) shows some conditional framing around inflation magnitude, SNAP impacts, and competitive intensity, yet it does not translate into a cautious guidance posture—overall sentiment remains constructive.",0.0,Same (Bullish),"The sentiment score is unchanged at 0.18 from Q4 2025 to Q1 2026, indicating broadly consistent tone. Both quarters remain Bullish with only minor differences in the underlying language mix.",0.18,0.15,Notably More Bullish,"Sentiment improved from 0.03 in Q1 2025 to 0.18 in Q1 2026 (delta +0.15). The current quarter reads more constructive, with management emphasizing momentum and reaffirming guidance, while uncertainty is more localized to external variables rather than driving a defensive outlook.",0.03
0157B1,Amazon.com Inc.,AMZN,Q1 2026,2026-04-29,Bullish,0.28,"L-M net tone is only slightly positive (0.0118) with uncertainty_ratio very low (0.0080), implying the call’s bullishness is driven more by positive/strong language than by overtly negative or highly hedged phrasing; Uncertainty count (69) exists but is proportionally small versus total word volume; hedging appears largely in standard forward-looking/legal disclaimers and guidance framing rather than in core business commentary; Strong modal usage (53) exceeds weak modals (41), consistent with management making confident commitments (e.g., capacity/monetization expectations, long-term CapEx confidence) while still using some conditional language for timing and external factors","Guidance tone is constructive: Q2 net sales and operating income ranges are framed as supported by “strong sales trends carrying into Q2,” with specific, mostly controllable cost drivers (stock comp timing, Leo-related costs, transportation/fuel inflation partially offset by surcharges).; The call’s forward-looking strength is concentrated in AWS/AI and infrastructure monetization: management repeatedly links AI demand to core growth and expresses high confidence in CapEx monetization (customer commitments for a substantial portion; compelling margins/ROIC), suggesting investors should underwrite continued AWS momentum rather than expect a demand slowdown.","Quantitatively, the Loughran-McDonald profile is only mildly positive on net tone, but the uncertainty ratio is very low and strong-modality usage is higher than weak-modality, indicating more conviction than caution. Contextually, management’s remarks are consistently expansionary—accelerating AWS growth, rapid AI adoption, and high confidence in CapEx monetization—while hedging is largely confined to standard forward-looking and guidance assumptions rather than to business deterioration. Overall, the tone is Bullish, with confidence in growth and investment translating into constructive guidance framing for Q2.",0.0,Same (Bullish),"The sentiment score is unchanged at 0.28 from Q4 2025 to Q1 2026, indicating broadly consistent bullish tone across the two calls.",0.28,0.1,Notably More Bullish,"Sentiment increased by 0.10 Y/Y, moving from mildly bullish to more bullish. The Q1 2026 call shows stronger confidence in AWS/AI momentum and CapEx monetization with only limited hedging versus Q1 2025.",0.18
031025,Manhattan Associates Inc.,MANH,Q1 2026,2026-04-21,Bullish,0.42,"L-M net_tone is near-neutral (+0.00878) with positive (134) exceeding negative (67), indicating more favorable wording overall, but the call’s tone is moderated by frequent uncertainty language (uncertainty=77; uncertainty_ratio=0.01009).; Modal balance suggests more caution than conviction: strong_modal=21 vs weak_modal=37 and modal_ratio=-0.2759, consistent with management repeatedly emphasizing volatility, conservatism, and non-guarantees even while reporting strong results.; Uncertainty language is contextually concentrated in forward-looking/disclaimer and guidance framing (macro volatility, limited clarity, conservative outlook for Q2-Q4), while core business commentary uses confident growth/traction terms (e.g., 'strong start', 'record', 'accelerated', 'raising outlook').","Guidance tone is constructive: management explicitly raises full-year revenue, operating margin, and EPS outlook after a strong Q1, but keeps Q2-Q4 parameters unchanged—implying upside is recognized near-term while they avoid overcommitting to sustained macro-driven assumptions.; Agentic monetization is framed as progressing but intentionally conservative: pilots convert via a 90-day paid pilot-to-subscription pathway, with management expecting larger impact in 2027 than 2026—investors should treat 2026 as proof/scale-building rather than full monetization inflection.","Quantitatively, Loughran-McDonald shows a slightly positive net tone (positive words materially exceed negative), but the overall sentiment is tempered by elevated uncertainty language and a heavier use of weak modals. Contextually, management’s core remarks are clearly bullish—record/better-than-expected results, accelerating cloud growth, strong bookings/RPO, and raised full-year guidance—while uncertainty is largely confined to macro-volatility caveats and conservative forward-looking assumptions.",0.14,Notably More Bullish,"Sentiment increased by 0.14 from Q4 2025 to Q1 2026, indicating a more constructive tone in the current quarter. The improvement is consistent with stronger reported momentum and raised full-year guidance, despite continued use of uncertainty language.",0.28,0.24,Significantly More Bullish,"Sentiment score increased materially (+0.24), indicating a stronger overall bullish tone in Q1 2026 versus Q1 2025. While uncertainty language remains elevated in both periods, the current quarter’s wording and guidance framing are more favorable overall.",0.18
034B61,Booking Holdings Inc.,BKNG,Q1 2026,2026-04-28,Bullish,0.18,"L-M net_tone is slightly positive (0.0125) with positive words (196) outnumbering negative (81), indicating more upbeat than downbeat language overall.; Uncertainty is present but not dominant: uncertainty count (106) is low relative to total word volume (uncertainty_ratio 0.0116) and modal_ratio (0.1) suggests frequent but not overwhelming hedging; much of the uncertainty is tied to the Middle East disruption and timing of recovery rather than business-model doubt.; Forward-looking confidence is reinforced by strong modal usage (44 strong_modal vs 36 weak_modal) and by management’s repeated “we believe/expect” framing around long-term demand resilience and strategic initiatives (Connected Trip, GenAI, Genius), while guidance tone is cautious (lowered full-year midpoint) due to geopolitical duration assumptions.","Guidance tone is mixed: Q2 room nights and growth are guided down (2%–4% room nights) and full-year ranges are lowered at the midpoint, but the high end for gross bookings and adjusted EPS remains aligned with prior expectations—suggesting downside is more about timing/trajectory than a fundamental demand collapse.; Management’s hedging is concentrated around the duration and magnitude of the Middle East impact (e.g., “no one can exactly say how long it will last,” “uncertain” corridor disruptions), while they remain comparatively definitive on normalization eventually occurring and on long-term constant-currency growth ambitions (at least 8% gross bookings, 8% revenue, 15% adjusted EPS).","Quantitatively, the Loughran-McDonald results are only mildly positive (net_tone ~0.0125) with uncertainty present but not excessive, and negative language materially outweighed by positive. Contextually, management sentiment is more bullish than the raw net_tone implies: they emphasize resilient underlying travel demand and strong execution, while hedging mainly around the geopolitical timing/duration of cancellations and corridor disruptions; guidance is cautious (lowered midpoint) but not broadly bearish given the maintained high-end targets.",-0.24,Significantly More Bearish,"Sentiment weakened materially from Q4 2025 to Q1 2026 (0.42 to 0.18), indicating a less upbeat tone. The current quarter retains a mildly positive net tone but shows relatively more caution/uncertainty around geopolitical disruption and timing of recovery.",0.42,-0.04,Same (Bullish),"Sentiment remains bullish year-over-year, but the sentiment score is slightly lower in Q1 2026 versus Q1 2025. The change is within the 0.00–0.05 band, indicating broadly similar tone with marginally less upbeat language.",0.22
03596A,AECOM Co.,ACM,Q2 2026,2026-05-12,Bullish,0.22,"L-M net tone is only slightly positive (0.0139) with low uncertainty ratio (0.0057), suggesting limited hedging overall; however, the transcript’s bullishness is driven by management’s repeated “record highs” and guidance raise rather than by heavy modal language.; Positive L-M term frequency (153) materially exceeds negative (60), and the negative/uncertainty language is largely contextualized around specific regional risk (Middle East conflict) rather than broad business deterioration.; Modal usage is present (modal_ratio 0.3455) but skewed toward strong/moderate conviction (strong_modal 37 vs weak_modal 18), consistent with confident statements like “increasing our full-year profit guidance” and “full confidence” while still acknowledging forecast pacing uncertainty in the Middle East.","Guidance tone is decisively constructive: management raised full-year profit guidance for the second time, and the call frames the Middle East as a timing/pacing issue (cash receipts recovered in Q3) rather than a fundamental demand collapse—important for underwriting downside risk.; AI narrative is not just aspirational; it is tied to contract mechanics (value capture mechanisms, pain-share/KPI structures) and margin support. Investors should watch whether the promised margin uplift and improved win-rate translate into sustained book-to-burn and operating leverage in subsequent quarters, especially as Middle East growth ramps.","Quantitatively, the Loughran-McDonald profile is only mildly positive on net tone, with low uncertainty density, implying limited pervasive hedging. Contextually, management’s language is clearly bullish: they cite record backlog and margin highs, emphasize AI-driven competitive wins, and—most importantly—raise full-year profit guidance while framing Middle East risk as near-term timing uncertainty with improving visibility and cash recovery.",-0.2,Significantly More Bearish,"The sentiment score declines from 0.42 in Q1 to 0.22 in Q2 (delta -0.20), indicating a materially less bullish overall tone despite both calls being categorized as bullish. This suggests Q2’s messaging was more tempered/less upbeat than Q1 on a net basis.",0.42,0.0,Same (Bullish),"The sentiment score is unchanged at 0.22 versus Q2 2025, indicating broadly consistent bullish tone year-over-year. Any differences appear to be more in the composition of language (e.g., guidance confidence vs. bounded regional uncertainty) rather than overall sentiment intensity.",0.22
03B8CF,3M Co.,MMM,Q1 2026,2026-04-21,Bullish,0.18,"Loughran-McDonald net tone is only slightly positive (net_tone ~0.015) with uncertainty_ratio ~0.012, indicating limited but present hedging rather than pervasive caution.; Uncertainty (116) and modal mix (strong_modal 37 vs weak_modal 54; modal_ratio -0.1868) suggest more soft/conditional phrasing than aggressive certainty, consistent with repeated references to volatile macro and contingency.; Negative LM terms (94) are not dominant versus positives (244), and the transcript context shows positives concentrated in execution metrics (margin, cash flow, orders, NPI, productivity) while negatives/uncertainty are largely tied to macro, tariffs/oil, and watch areas (consumer electronics, auto softness).","Guidance tone is constructive but not fully “raise-and-forget”: they reiterate EPS and organic sales guidance while explicitly keeping a $0.05–$0.15 contingency tied to oil/macro clarity, implying upside exists but management wants confirmation before removing buffers.; Forward-looking language is strongest around acceleration (Q2 and back-half) and operational levers (commercial eXcellence, NPI, productivity), but they repeatedly qualify timing/extent with “hard to discern” pre-buy effects and “prudent” contingency—investors should separate execution momentum (high confidence) from macro pass-through (lower confidence).","Overall tone is bullish: management highlights solid Q1 execution (margin expansion, strong cash flow, accelerating orders, NPI and commercial eXcellence traction) and expects growth acceleration into Q2 and the back half. This is tempered by L-M-anchored hedging—uncertainty and weaker modals are present, and management maintains a $0.05–$0.15 contingency for oil/macro volatility—so sentiment is positive but not fully confident/definitive.",0.0,Same (Bullish),"Sentiment score is unchanged at 0.18 from Q4 2025 to Q1 2026, indicating broadly consistent bullish tone. Any differences appear more in the balance of hedging/uncertainty rather than a shift in overall sentiment.",0.18,0.0,Same (Bullish),"The overall sentiment score is unchanged at 0.18 Y/Y. Despite similar headline bullishness, the 2026 call shows slightly more positive L-M net tone than 2025, but not enough to move the rubric-level sentiment score.",0.18
03CF95,PayPal Holdings Inc.,PYPL,Q1 2026,2026-05-05,Bullish,0.12,"Loughran-McDonald net tone is only slightly positive (0.019), with positive (216) materially exceeding negative (55), indicating more favorable than unfavorable language overall.; Uncertainty is present but not dominant: uncertainty count (53) is low relative to total word volume (uncertainty_ratio 0.0063), suggesting hedging exists but is not pervasive; modal_ratio (0.5619) implies frequent modal usage consistent with forward plans rather than alarm.; Strong modal language is notably higher than weak modals (strong_modal 82 vs weak_modal 23), aligning with management’s confident framing of acceleration, modernization, and cost savings, while still acknowledging timing and execution risk.","Guidance tone is constructive but cautious on near-term trajectory: management reiterates full-year 2026 guidance while explicitly guiding 2Q transaction margin dollars and EPS down (high single-digit EPS decline), implying investors should underwrite a “cost/investment ramp + transformation execution” story rather than immediate margin expansion.; Forward-looking confidence is anchored to specific levers (AI modernization, org simplification, $1.5B+ gross run-rate savings, and branded checkout rebalancing), but the call repeatedly ties outcomes to execution cadence (“few months,” “coming quarters,” “will take time”), so monitoring KPIs around branded checkout TPV, Europe travel softness, and savings cadence is critical.","Overall tone is bullish: L-M shows a modestly positive net tone with substantially more positive than negative language, and strong modal usage supports management’s conviction about accelerating growth and improving profitability/cash flow. Contextually, however, the call balances that confidence with targeted near-term caution—especially in 2Q guidance (EPS and transaction margin pressure) and repeated references to transformation timing—so sentiment is not “very bullish,” but meaningfully above neutral.",0.14,Notably More Bullish,"Sentiment improved from slightly negative in Q4 2025 (-0.02) to modestly positive in Q1 2026 (0.12). The shift is consistent with a more confident, execution-lever-focused tone despite still-cautious near-term guidance.",-0.02,-0.1,Notably More Bearish,"Sentiment weakened Y/Y, with the current quarter’s score dropping from 0.22 to 0.12. While the tone remains bullish overall, the call is more cautious on near-term trajectory (notably 2Q EPS/transaction margin pressure and execution timing).",0.22
04C4BE,QuantumScape Corp.,QS,Q1 2026,2026-04-22,Bullish,0.22,"Loughran-McDonald net tone is near-neutral (0.008) with more positive than negative words (84 vs 46), indicating overall positivity but not an overwhelmingly strong lexical tilt.; Uncertainty is present but not dominant (uncertainty_ratio ~0.0095; uncertainty count 43), and much of it is plausibly concentrated in safe-harbor/risk framing rather than in operational claims (e.g., repeated 'we believe', 'we plan', 'we expect' rather than admissions of failure).; Modal language is moderate (modal_ratio 0.05) with strong modals (21) slightly exceeding weak modals (19), consistent with confident forward plans (ramp in Q2, reiterating guidance) rather than heavy hedging.",Management’s forward-looking tone is constructive: they reiterate adjusted EBITDA and CapEx guidance while describing a Q2 ramp of Eagle Line and first ecosystem billings—suggesting execution momentum without changing financial guardrails.; Uncertainty language is relatively contained; investors should still watch for operational execution risk in the ramp (uptime/throughput/process stability) since the call emphasizes continuous improvement needs even while projecting increasing shipments through the year.,"Lexically, the call is modestly positive per Loughran-McDonald (positive words materially exceed negative; net_tone ~0.008), with uncertainty present but not excessive. Contextually, management pairs that near-neutral lexical balance with clearly forward-moving operational and commercial statements (Eagle Line startup, Q2 ramp, field testing/JDA progression, first ecosystem billings) while reiterating guidance—supporting a Bullish overall tone rather than Neutral.",0.04,Same / Slight change (Same; Bullish),"Sentiment improved modestly from 0.18 to 0.22, indicating a slight uptick in bullish tone. The change is within the rubric band for essentially stable sentiment.",0.18,0.04,Same / Slight change,"Sentiment is slightly higher in Q1 2026 versus Q1 2025 (+0.04), indicating a modestly more constructive tone. The calls remain broadly bullish with similar levels of uncertainty and forward-looking confidence.",0.18
055018,Capital One Financial Corp.,COF,Q1 2026,2026-04-21,Bullish,0.18,"L-M net tone is near-flat (positive 186 vs negative 110; net_tone ~0.0069), indicating slightly more positive than negative language overall, but not strongly directional by word counts alone.; Uncertainty is present but not dominant (uncertainty_ratio ~0.009; uncertainty count 99), and much of it is tied to specific macro/geopolitical risk and integration timing rather than broad deterioration—consistent with management repeatedly stating they are 'on track' or 'expect' outcomes.; Forward-looking confidence is supported by modal balance (strong_modal 51 vs weak_modal 49; modal_ratio 0.02) with many 'expect/continue/remain on track' statements; hedging appears in conditional forms ('if energy prices remain elevated', 'likely', 'would') rather than pervasive doubt.; Negative/L-M 'decline' style language is largely operational/financial (e.g., revenue declined, NIM down sequentially) rather than credit deterioration; management frames credit metrics as resilient and allowance builds as judgmental/contained.","Management’s tone is constructive on earnings power and integration: they repeatedly anchor to 'expected synergies' and 'on track' delivery, while acknowledging near-term headwinds (Discover brownout, expense synergy back-loading, and macro/geopolitical clouds). Investors should treat the uncertainty as timing/assumption risk more than fundamental credit risk.; Guidance posture is effectively 'no explicit efficiency/earnings guidance' but with strong qualitative guardrails: they emphasize earnings power consistency post-Discover (inclusive of Brex/Hopper) and maintain a conservative capital stance (err on conservatism), implying upside may be more dependent on execution than on aggressive capital deployment.","Quantitatively, Loughran-McDonald sentiment is only slightly positive (net_tone ~0.0069) with uncertainty words present but not overwhelming (uncertainty_ratio ~0.009). Contextually, management’s language is more bullish than the raw word balance suggests: they highlight resilient consumer/credit performance, 'on track' Discover integration and synergy delivery, and expect cash/NIM to normalize seasonally, while hedging mainly around specific macro/geopolitical risks and the temporary Discover brownout/expense back-loading. Overall, the call reads as cautiously optimistic with execution confidence rather than a defensive or deteriorating tone.",0.0,Same (Bullish),"The sentiment score is unchanged at 0.18 versus Q4 2025, indicating broadly consistent tone. Any differences appear to be more about nuance (e.g., uncertainty framing and modal balance) rather than a directional shift in overall sentiment.",0.18,0.09999999999999999,Slightly More Bullish,"The sentiment score increased from 0.08 in Q1 2025 to 0.18 in Q1 2026, indicating a modest improvement in overall tone. This aligns with the current quarter reading as more cautiously optimistic versus the prior quarter’s more neutral, softer modal framing.",0.08
061366,First Solar Inc.,FSLR,Q1 2026,2026-04-30,Bullish,0.28,"Loughran-McDonald net tone is essentially flat (near zero), but uncertainty is present (uncertainty_ratio ~1.25%)—consistent with frequent policy/tariff/IP caveats rather than operational deterioration.; Uncertainty and modal language are both modest in absolute terms (uncertainty=103; strong_modal=44 vs weak_modal=42), suggesting a call that is confident on execution (CuRe ramp, margins, cash) while using measured language around external outcomes (232/FEOC/301, tariff timing).; Negative word count (71) is slightly below positive (86), implying more favorable framing overall; contextually, positives cluster in performance and strategy (“record revenue,” “meaningful margin expansion,” “well-positioned”), while negatives/constraints cluster in risk allocation and utilization/tariff assumptions.","Guidance tone is stable: full-year 2026 guidance is reaffirmed and Q2 EBITDA is guided flat-to-slightly constrained, with management explicitly attributing sequential margin softness to Malaysia/Vietnam utilization charges—i.e., operationally explainable rather than demand collapse.; Forward-looking upside is tied to technology monetization and outer-year bookings: CuRe launch completion and pricing transition imply fewer adders going forward but higher embedded value; investors should watch backlog mix into 2027-2028 and whether tariff/232 outcomes allow faster US contracting/ASP realization.","Quantitatively, L-M net tone is near neutral, but the qualitative read is bullish: management repeatedly emphasizes record results, margin expansion, CuRe ramp progress, and reaffirmed guidance. The uncertainty language is concentrated around external policy/tariff and regulatory timing (232/FEOC/301, tariff carry assumptions), while operational statements are largely definitive (“launch is complete,” “on track,” “guidance remains unchanged”), supporting a moderately positive overall sentiment.",0.31,Significantly More Bullish,"Sentiment improved materially from slightly negative in Q4 2025 to clearly positive in Q1 2026. The tone shift reflects more confident execution framing (CuRe ramp, reaffirmed guidance, record/expansion language) versus the more cautious profitability outlook and heavier uncertainty emphasis in Q4.",-0.03,0.36,Significantly More Bullish,"The sentiment score increased by 0.36 (from -0.08 to 0.28), indicating a materially more positive tone in Q1 2026 versus Q1 2025. The improvement aligns with fewer near-term conditional/risk-heavy framings and more confident execution messaging (e.g., reaffirmed guidance and operational progress), despite still-present policy/tariff uncertainty.",-0.08
067779,Carnival Corp. Ltd.,CCL,Q1 2026,2026-03-27,Bullish,0.22,"L-M net tone is only slightly positive (net_tone ~0.0117) with uncertainty_ratio ~1.06%, implying the call is not “optimism-only”; however, management’s actual commentary is strongly positive on results and demand, suggesting the small net tone is diluted by substantial forward-looking and risk framing rather than negative operating news.; Uncertainty (93) and modal usage (strong_modal 54 vs weak_modal 52; modal_ratio ~1.89%) appear spread across forward-looking outlook and geopolitical/fuel discussions; context shows uncertainty is largely tied to fuel price assumptions and macro/geopolitical backdrop, not to core demand deterioration (e.g., repeated statements that demand remains robust and cancellations are not significant).; Negative word count (74) is materially lower than positive (177), and the transcript’s negative content is concentrated in guidance headwinds (notably fuel headwind and volatility language) rather than in qualitative descriptions of business weakness—supporting an overall bullish but hedged tone.","Guidance tone is constructive: Q1 beat and full-year operational outlook is raised by ~$150m, but the company explicitly bakes in a large fuel headwind (~$500m) and uses a moderated Brent curve—investors should treat the outlook as “beat-capable” on operations but sensitive to fuel path deviations.; PROPEL confidence is high and framed as execution-driven (yield expansion, cost discipline, destination monetization) with measured capacity growth; the main risk signal is not demand but energy/geo volatility, while management repeatedly emphasizes consumption savings as the long-term offset mechanism.","Management tone is bullish: Q1 results are described as “excellent” and “ahead of guidance,” with record revenues/yields/deposits and continued momentum in onboard and pre-cruise sales. Quantitatively, L-M shows only slightly positive net tone (0.0117) with elevated uncertainty and modal language, but context indicates that uncertainty is primarily about fuel/geopolitical volatility and guidance assumptions rather than weakening demand; PROPEL targets are communicated with confidence and disciplined hedging around energy costs.",-0.2,Significantly More Bearish,"The sentiment score declines from 0.42 in Q4 2025 to 0.22 in Q1 2026 (delta -0.20), indicating a materially less optimistic tone despite both calls being categorized as Bullish. The current quarter’s positivity appears more hedged/uncertainty-laden (e.g., fuel/geopolitical framing), reducing overall sentiment.",0.42,-0.4,Significantly More Bearish,"The sentiment score drops from 0.62 in Q1 2025 to 0.22 in Q1 2026 (delta -0.40), indicating a materially less bullish tone year-over-year despite still-positive management messaging.",0.62
06C826,Darling Ingredients Inc.,DAR,Q1 2026,2026-04-30,Bullish,0.42,"Loughran-McDonald net tone is near-neutral (0.008) with uncertainty_ratio low (0.0115), suggesting limited hedging overall; however, the transcript context shows management is strongly constructive rather than cautious.; Uncertainty (103) and modal dynamics (strong_modal 48 vs weak_modal 53; modal_ratio -0.0495) indicate some cautious phrasing, but it is largely used to qualify timing/lag effects (e.g., price flow-through, guidance conservatism) rather than to question fundamentals.; Negative word count (91) is modest relative to positive (166); the negative language appears more consistent with operational/risk framing (e.g., shutdown interruption, volatility, delays) than with a deteriorating outlook.","Guidance tone is constructive: management sets Q2 Core Ingredients EBITDA at $260M-$275M and repeatedly frames Q2-to-balance-of-year as an acceleration/strengthening path (especially DGD and feed margin flow-through), with conservatism explicitly tied to lag/timing rather than demand weakness.; Management’s forward-looking confidence is anchored in policy/regulatory catalysts (RVO finalized; LCFS/RIN dynamics discussed) and operational execution (throughput/cost/product quality), implying that the main swing factor for near-term results is the pace of price realization (fat/feedstock and regional spreads), not volume or structural demand.","Despite an L-M net tone that is close to neutral, management’s qualitative messaging is clearly bullish: they describe a “much more favorable operating environment,” “significantly improved earnings power,” and expect DGD and feed margins to strengthen through 2026. The uncertainty and modal balance is present but is mostly concentrated in timing/lag qualifications (price flow-through, seasonality, and “conservative” guidance assumptions), not in doubts about end-market demand or regulatory support.",0.24,Significantly More Bullish,"Sentiment score increased materially from 0.18 in Q4 2025 to 0.42 in Q1 2026 (delta +0.24). This indicates a stronger bullish tone in the current quarter, with management messaging more constructive despite near-neutral L-M net tone.",0.18,0.14,Notably More Bullish,"The sentiment score increased by 0.14 (from 0.28 to 0.42), indicating a meaningfully more constructive tone in Q1 2026 versus Q1 2025. This aligns with management’s stronger forward-looking framing around improved earnings power and favorable policy/price-flow dynamics.",0.28
06EF42,D.R. Horton Inc.,DHI,Q2 2026,2026-04-21,Bullish,0.18,"L-M net tone is near-flat (0.005) with slightly more positive than negative language (162 vs 114), indicating overall positivity but with meaningful counterbalancing caution.; Uncertainty is present but not dominant (uncertainty_ratio ~1.03%); hedging is concentrated around demand/affordability, incentives, and macro/legislative items (e.g., mortgage rates, demand, BFR legislation), rather than on core execution.; Forward-looking language is moderately strong (strong_modal 46 vs weak_modal 44; modal_ratio 2.22%), with many conditional/contingent statements (“dependent on demand, mortgage rates…”) but also several confident directional calls (e.g., margin expected ~stable/slightly higher, inventory discipline, leverage target).","Guidance tone is constructive: management expects home sales gross margin to be ~19.7% or slightly higher in Q3 and maintains full-year revenue/closings ranges while lowering the top-end of revenue guidance due to lighter closings/ASP—suggesting conservatism on volume/price but confidence in profitability drivers (cost savings, cycle-time improvements).; Incentives are framed as stable sequentially into Q3 (explicitly “stable incentive levels from Q2 to Q3”), but management repeatedly ties any longer-run normalization to mortgage-rate moderation and consumer confidence—investors should treat incentive “stickiness” as a key swing factor for margins.","Quantitatively, the Loughran-McDonald net tone is essentially neutral (0.005) with modestly more positive than negative language, while uncertainty language remains relatively contained. Contextually, management delivers a bullish execution narrative (profit margin above guidance high-end, inventory reduction, stable cancellations, cost savings flowing through) but balances it with conditional hedges around affordability, mortgage rates, incentives, and potential external shocks (oil inflation, BFR legislation). Overall, the call reads as cautiously optimistic: disciplined operations and margin support are emphasized, while demand/price and incentive normalization remain the main uncertainties.",0.12,Notably More Bullish,"Sentiment increased from 0.06 in Q1 to 0.18 in Q2 (delta +0.12), indicating a more constructive tone. The Q2 call emphasizes margin support and execution discipline more confidently, while uncertainties remain but are less dominant than in Q1.",0.06,0.09999999999999999,Slightly More Bullish,"Sentiment improved from 0.08 in Q2 2025 to 0.18 in Q2 2026 (+0.10), moving the tone from Neutral to Bullish. The increase reflects a more constructive execution/profitability narrative despite continued conditional hedging around affordability, mortgage rates, and incentives.",0.08
070B45,Zebra Technologies Corp.,ZBRA,Q1 2026,2026-05-12,Bullish,0.22,"L-M net tone is only slightly positive (0.016) with low uncertainty ratio (0.00495), suggesting limited hedging overall despite a major risk topic (memory).; Uncertainty language is present but tightly localized to risk framing and memory mitigation (“monitoring closely”, “line of sight”, “visibility”), while management uses confident forward-looking phrasing for guidance (“increased outlook”, “confidence in raising”, “expect”).; Strong/weak modal balance (strong_modal 26 vs weak_modal 23; modal_ratio 0.0612) indicates more directive/committed language than tentative language, consistent with raising/maintaining guidance rather than retreating.","Guidance tone is constructive: full-year sales and EPS ranges are raised/maintained with explicit confidence in fully mitigating the memory headwind, and Q2 margin step-down is framed as expected timing rather than deterioration.; Memory risk is the main uncertainty driver, but management repeatedly anchors it with operational evidence (Q1 supply delivered, “no indication” of worse second-half allocation, pricing trajectory “in line”, and “line of sight” to supply), reducing perceived downside probability.","Overall tone is bullish: management highlights strong Q1 execution, continued momentum, and an increased full-year outlook, with L-M metrics showing only modest net positivity and very low uncertainty intensity. Contextually, the call’s main hedging is concentrated around memory supply/cost mitigation, but it is paired with confident, guidance-supporting statements (“line of sight”, “no indication”, “expect to fully offset”), leading to a net sentiment that is meaningfully positive despite the slight L-M net_tone.",-0.06,Slightly More Bearish,"Sentiment softened from 0.28 in Q4 2025 to 0.22 in Q1 2026 (delta -0.06). While both calls remain bullish, Q1’s tone is less optimistic/less confident on balance, likely reflecting more prominent risk framing around memory headwinds.",0.28,0.04,Same (Bullish),"Sentiment is slightly higher Y/Y (+0.04), but remains within the same bullish tone band. The call continues to balance constructive guidance with localized uncertainty (primarily memory supply/cost mitigation).",0.18
07B8D2,Legend Biotech Corp.,LEGN,Q1 2026,2026-05-12,Bullish,0.18,"Loughran-McDonald net tone is near-neutral (0.0023) with slightly more positive than negative words (96 vs 82), suggesting mild overall optimism rather than strong exuberance.; Uncertainty is present but not dominant: uncertainty ratio is low (0.0097) and uncertainty words (58) are far below the total word volume, indicating hedging exists but is not pervasive across the call.; Modal balance is slightly negative (modal_ratio -0.0714) with more weak modals than strong modals (30 vs 26), consistent with some cautious phrasing around clinical timing/disclosure and event-driven milestones rather than broad operational doubt.","Management repeatedly anchors forward growth to operational execution and earlier-line penetration (e.g., manufacturing success, community adoption, sequential growth expectations), while keeping clinical timing hedged due to abstract/meeting acceptance and event-driven endpoints—investors should separate “operational confidence” from “clinical timing uncertainty.”; Guidance tone is constructive but not aggressive: gross margin is expected to recover to >50% in Q2, and profitability on an adjusted basis for 2026 is maintained with confidence; however, specific one-time impacts and detailed clinical safety/efficacy are deferred, limiting near-term visibility.","Quantitatively, the L-M statistics show only a slight positive tilt (net_tone ~0.0023; positive 96 vs negative 82) with low overall uncertainty, implying optimism is present but tempered. Contextually, management’s tone is bullish on commercial momentum, manufacturing execution, and profitability trajectory (clear expectations for sequential growth and margin recovery), while hedging is concentrated around clinical disclosure mechanics (meeting acceptance) and event-driven trial timing, keeping sentiment from becoming “very bullish.”",-0.44,Significantly More Bearish,"Sentiment score fell from 0.62 in Q4 2025 to 0.18 in Q1 2026 (delta -0.44), indicating a substantial reduction in overall bullish tone. The current quarter appears more tempered, with optimism present but more hedging/conditionality around clinical timing and disclosures.",0.62,0.0,Same (Bullish),The sentiment score is unchanged at 0.18 year-over-year. This indicates the overall tone remained bullish with no measurable shift in directional sentiment.,0.18
07CA6A,Brunswick Corp.,BC,Q1 2026,2026-04-30,Bullish,0.42,"L-M net tone is only slightly positive (+0.015), but the call’s qualitative content is strongly upbeat (""excellent start,"" ""ahead of expectations,"" margin expansion, share gains), suggesting the small net tone is diluted by heavy forward-looking/boilerplate uncertainty language rather than negative operating commentary.; Uncertainty count is high (99; uncertainty_ratio ~1.17%), concentrated in macro/geopolitical/tariff framing (e.g., ""dynamic,"" ""potential impact,"" ""cautiousness""), while management repeatedly pairs it with confidence language (""sources of confidence,"" ""gives us confidence"").; Modal balance is slightly negative (modal_ratio -0.1538) with more weak than strong modals (weak_modal 45 vs strong_modal 33), consistent with cautious qualifiers around tariffs/consumer health and guidance mechanics, but not with a deterioration narrative.","Guidance tone is constructive: adjusted EPS guidance is raised to $4.00–$4.50 (lower tariff impact + Q1 overdrive), while sales/margin/free cash flow are described as materially unchanged—investors should view the raise as primarily tariff-driven rather than demand deterioration.; Management’s risk framing is macro/tariff-centric, not demand-centric: they repeatedly cite stable/healthy pipelines, lean inventories, and premium outperforming value; the main watch item is consumer health outside the US under prolonged Middle East conflict and ongoing tariff mechanics (including refunds not yet in outlook).","Despite Loughran-McDonald showing near-neutral net tone, management’s Q1 narrative is clearly bullish: strong results, operating leverage, share gains, and margin expansion are emphasized throughout. The elevated uncertainty and slightly more weak-modality language largely reflects cautious macro/tariff/geopolitical qualifiers, but these are paired with confidence in pipelines, retail stability, and a guidance raise for adjusted EPS driven by lower expected incremental net tariffs.",0.0,Same (Bullish),"The sentiment score is unchanged at 0.42 versus Q4 2025, indicating no measurable shift in overall tone despite differences in how uncertainty and guidance mechanics were framed.",0.42,0.36,Significantly More Bullish,"Sentiment increased materially from 0.06 in Q1 2025 to 0.42 in Q1 2026, indicating a clear shift toward a more upbeat, confidence-forward narrative. The current quarter emphasizes margin expansion, share gains, and a constructive EPS guidance raise, whereas the prior year call was more scenario-cautious around tariffs and macro conditions.",0.06
07EC43,Cognizant Technology Solutions Corp.,CTSH,Q1 2026,2026-04-29,Bullish,0.22,"Loughran-McDonald net tone is only slightly positive (net_tone ~0.014) with low uncertainty ratio (~0.008), suggesting limited hedging overall rather than a broadly cautious call.; Uncertainty (68) and modal usage (modal_ratio ~0.115) appear present but not dominant; management uses conditional language mainly around macro/discretionary spending and guidance ranges, not around core strategy execution.; Positive vs negative word counts are strongly skewed (170 positive vs 49 negative), consistent with frequent confidence/affirmation language (e.g., 'solid', 'expanded', 'confident', 'winning') outweighing risk framing.","Guidance tone is cautiously constructive: full-year revenue guidance is unchanged, but Q2 assumes a more cautious near-term discretionary environment; the midpoint relies on improvement in discretionary spending in 2H plus ramp of large deals and full Astreya contribution in Q3.; Management is explicitly tying margin expansion to Project Leap savings ($200m-$300m in 2026) while still investing for growth; investors should watch whether gross margin volatility from integrated offerings and utilization/bench normalizes as Project Leap benefits flow through.","Quantitatively, the L-M profile is only mildly positive on net tone, but the underlying balance is favorable (170 positive vs 49 negative) with relatively low uncertainty intensity. Contextually, management’s tone is bullish—emphasizing strong bookings, margin expansion, and confidence in the AI builder strategy—while hedging mainly around macro/discretionary spending and the range of outcomes in guidance rather than expressing doubt about execution.",-0.2,Significantly More Bearish,"The sentiment score declines from 0.42 in Q4 2025 to 0.22 in Q1 2026 (delta -0.20), indicating a materially less bullish tone sequentially despite both calls being categorized as bullish overall.",0.42,0.04,Same (Bullish),"Sentiment is slightly higher in Q1 2026 versus Q1 2025 (+0.04), but remains within the 'same/slight change' band. Both calls are broadly bullish with only modest incremental optimism.",0.18
08C87C,DoubleVerify Holdings Inc.,DV,Q1 2026,2026-05-06,Bullish,0.42,"Loughran-McDonald net tone is only slightly positive (net_tone ~0.012) with low uncertainty_ratio (~0.0068), implying limited hedging overall despite a generally upbeat narrative; Uncertainty (56) and negative (78) are present but are outweighed by positive (174); in context, uncertainty is largely confined to standard forward-looking/risk framing rather than operational guidance caution; Modal usage is moderate (modal_ratio ~0.143) with more strong modals (36) than weak modals (27), consistent with confident execution claims (e.g., reiterating guidance, 'expect' language) rather than tentative positioning","Management’s bullishness is expressed through concrete operating metrics and scaling indicators (social activation +92% YoY, social measurement +23%, CTV measurement volumes +28%) alongside reiterated guidance—suggesting confidence is grounded in momentum rather than aspirational language.; Guidance tone is stable-to-constructive: Q2 and full-year guidance are reiterated, with margin support attributed to AI-driven efficiency; investors should watch whether the promised margin durability holds as AI verification volume increases (explicitly acknowledged as a swing factor).","Overall tone is bullish: management highlights strong Q1 execution, accelerating social activation, expanding streaming/AI solutions, and reiterates full-year guidance with margin confidence supported by AI efficiencies. Quantitatively, L-M shows more positive than negative language (174 vs 78) and relatively low uncertainty frequency, while contextual interpretation indicates hedging is mostly procedural (forward-looking/risk disclaimers) rather than a substantive caution on demand or execution. The slight positive L-M net tone likely reflects the transcript’s heavy use of structured 'expect/assume' phrasing and quantified disclosures, but the qualitative content remains decisively optimistic.",0.24,Significantly More Bullish,"Sentiment increased materially from 0.18 in Q4 2025 to 0.42 in Q1 2026. The Q1 call reads more optimistic, emphasizing stronger momentum metrics and reiterating guidance with greater confidence in AI-driven efficiency and margin support.",0.18,0.1,Notably More Bullish,"Sentiment increased by 0.10 (0.42 vs 0.32), indicating a meaningfully more optimistic tone in Q1 2026. The call more strongly emphasizes execution momentum and reiterates constructive guidance with AI-driven margin support.",0.32
092C47,Lumentum Holdings Inc.,LITE,Q3 2026,2026-05-05,Bullish,0.42,"Loughran-McDonald net tone is near-flat (0.005857) with positive (127) slightly exceeding negative (79), suggesting more upbeat than bearish but not overwhelmingly so by word-choice alone.; Uncertainty is present but not dominant: uncertainty count (92) is low relative to total word volume (uncertainty_ratio 0.0112), and modal_ratio is negative (-0.3151), consistent with more weak/hedged modals than strong modals—yet management still uses confident, directional language in key areas (e.g., “on track,” “expect,” “poised”).; Contextual override: despite the near-neutral L-M net tone, the transcript contains frequent definitive execution and growth statements (record revenue, margin expansion, “effectively sold out,” “on schedule,” “expect to set another quarterly revenue record”), while uncertainty is concentrated around supply-chain gating (OCS pace, transceiver shipment limits, component constraints) rather than demand collapse.","Guidance tone is constructive: Q4 revenue and margin are explicitly raised/maintained at strong levels (revenue record at midpoint; non-GAAP operating margin 35–36%), but the main risk is not demand—it’s supply constraints that cap transceiver and laser-related throughput.; Management repeatedly frames margin upside as a function of mix + utilization + pricing, while acknowledging transceivers remain structurally margin-challenged; investors should watch whether supply relief (especially electrical components/laser diodes) translates into sustained transceiver margin improvement rather than one-off mix effects.","Quantitatively, L-M sentiment is close to neutral (net_tone ~0.006) with modestly more positive than negative word usage, and uncertainty is present but not excessive by ratio. Qualitatively, management’s tone is clearly bullish: they cite record revenue, strong margin expansion, “sold out” components, and multiple “on track/schedule” execution points, while hedging mainly around supply-chain gating (transceivers/lasers and OCS ramp pace). Overall, the call reads as confident in growth and margin trajectory, with uncertainty concentrated in near-term shipment capacity rather than longer-term demand.",-0.2,Significantly More Bearish,"The sentiment score declines from 0.62 in Q2 to 0.42 in Q3 (delta -0.20), indicating a materially less bullish tone in the current quarter. Despite still-positive management framing, the quantitative tone shift suggests more caution/hedging than in the prior quarter.",0.62,0.14,Notably More Bullish,"The sentiment score increased by 0.14 Y/Y, indicating a more upbeat overall tone in Q3 2026 versus Q3 2025. This aligns with management’s stronger execution/growth framing in the current quarter, with uncertainty still present but less central to the narrative.",0.28
095294,DXC Technology Co. (US),DXC,Q4 2026,2026-05-07,Neutral,-0.02,"Loughran-McDonald net tone is essentially flat/slightly negative (positive 100 vs negative 106) with very low uncertainty ratio (0.0076), suggesting limited hedging overall rather than pervasive doubt.; Uncertainty language is present but appears concentrated in macro/risk framing and guidance sensitivity (e.g., “consistent with current macro environment,” “if macro improves… steer toward high end,” “if deteriorate… lower end”), not in the core AI/operational narrative.; Forward-looking strength is mixed: management is assertive on AI transformation and product traction (e.g., “early traction is real,” “measuring… embedding governance,” “we will continue to make progress”), but guidance is explicitly cautious with revenue decline and margin range (organic revenue -3% to -5%, EBIT margin 6%-7%, FCF ~ $600M).","Expectations for FY27 hinge on a second-half inflection driven by backlog roll-off and insurance ramp rather than a macro-driven demand pickup; investors should underwrite outcomes around GIS backlog dynamics and CES project-based services stabilization.; AI is positioned as a margin/efficiency lever on an existing contract base (outcome-based pricing + throughput gains), but management’s near-term financial guidance still reflects ongoing project-based softness—so near-term upside likely requires faster-than-expected conversion of AI-enabled offerings into revenue and/or improved win rates.","Quantitatively, the Loughran-McDonald tone is near-neutral with a slight negative tilt (positive 100 vs negative 106) and low overall uncertainty, indicating management is not broadly hedging. Contextually, the call blends confident AI/operational execution messaging (Customer Zero, Fast Track, early OASIS traction) with cautious, range-bound FY27 guidance and explicit sensitivity to macro and project-based services—resulting in an overall Neutral tone rather than bullish.",-0.08,Slightly More Bearish,"Sentiment shifted from slightly positive in Q3 to slightly negative in Q4 (delta -0.08). The tone remains neutral overall, but Q4 guidance is more explicitly cautious/range-bound, reducing bullishness versus Q3.",0.06,-0.24,Significantly More Bearish,"Sentiment shifted from bullish in Q4 2025 (0.22) to neutral/slightly negative in Q4 2026 (-0.02), a decline of 0.24. The change reflects more cautious forward guidance and greater emphasis on revenue/margin sensitivity despite continued AI execution optimism.",0.22
099C88,KBR Inc.,KBR,Q1 2026,2026-05-05,Neutral,0.08,"Loughran-McDonald net tone is near-flat (positive 155 vs negative 99; net_tone ~0.006), indicating only a slight tilt positive overall.; Uncertainty language is present but not dominant (uncertainty_ratio ~0.008; modal_ratio ~0.164 with both strong_modal 32 and weak_modal 23), consistent with guidance being reaffirmed while acknowledging specific timing risks (NASA workforce directive, protests, and potential cash flow volatility).; Negative/constraint-related terms appear in context of known headwinds and timing (e.g., 'declined', 'unresolved protests', 'funding restrictions', 'modest second half decline') rather than broad deterioration; management repeatedly frames outcomes as 'expected', 'timing-driven', and 'within guidance'.","Guidance tone is maintenance/reaffirmation: management explicitly reaffirms full-year metrics with segment mix driving a wider-than-normal outcome range, implying investors should model base-case stability rather than expect an upside raise in Q1.; Forward-looking strength is concentrated in STS (book-to-bill >1.0 ex LNG, backlog growth, and structural margin narrative) while MTS is more cautious near-term (uneven award environment, NASA insourcing uncertainty, and protest-related timing), so valuation sensitivity likely skews to STS execution and MTS conversion timing.","Quantitatively, the L-M statistics show a near-neutral overall tone (net_tone ~0.006) with more positive than negative language, but with meaningful uncertainty and modal usage. Contextually, management is constructive on demand and execution—especially STS—with reaffirmed 2026 guidance, while explicitly flagging timing-driven risks in MTS (NASA workforce directive, protests) and potential near-term cash flow volatility, resulting in an overall Neutral-to-slightly-positive sentiment.",-0.1,Notably More Bearish,"Sentiment declined from 0.18 in Q4 2025 to 0.08 in Q1 2026 (delta -0.10), indicating a shift away from the more confident/bullish framing. The current quarter retains constructive elements but places relatively more emphasis on timing-driven risks and uncertainty around execution and cash flow.",0.18,-0.14,Notably More Bearish,"Sentiment softened materially versus Q1 2025, moving from a bullish tone (0.22) to neutral/slightly positive (0.08). The current quarter retains constructive execution commentary but places more emphasis on timing-driven uncertainties (e.g., NASA workforce directive and protest-related award/cash flow volatility).",0.22
09DE1F,Broadcom Inc.,AVGO,Q2 2026,2026-06-03,Bullish,0.62,"L-M net tone is near-neutral (0.001246) with slightly more positive than negative words (63 vs 55), suggesting overall positivity is present but diluted by heavy forward-looking/disclaimer language and structured guidance phrasing.; Uncertainty is present but not dominant: uncertainty_ratio is very low (0.0073) and uncertainty count (47) is modest relative to total word volume; hedging appears more in 'difficult to predict' areas (e.g., networking mix) than in core demand/guidance statements.; Modal usage is strong: strong_modal count (45) materially exceeds weak_modal (22) and modal_ratio is high (0.3433), aligning with management’s confident, directive language around growth, bookings visibility, and reiterating >$100B AI revenue in 2027.","Management’s confidence is highest where it is anchored to booked demand and visibility (AI bookings $30B vs $10.8B shipped; visibility extending to 2028), implying lower near-term demand risk than the gross margin/mix narrative might suggest.; The main caution embedded in the call is not about demand but about mix and predictability of networking share (explicitly 'difficult to answer' and 'moving parts'); investors should model gross margin sensitivity to AI mix (Q3 gross margin down to ~74% due to mix) while treating operating margin as more stable (~67%).","Despite an almost neutral L-M net tone, the transcript reads clearly bullish: management delivers record results, reiterates and expands AI momentum (Q3 AI $16B; full-year AI $56B; 2027 AI >$100B), and emphasizes strong bookings/visibility. L-M uncertainty is low relative to volume and hedging is concentrated in areas like networking mix forecasting, while strong modals and the repeated 'expect/plan' guidance language support a confident forward outlook.",0.2,Significantly More Bullish,"The sentiment score increased by 0.20 from Q1 to Q2, indicating a materially more positive tone. This aligns with stronger confidence signals in Q2 (e.g., bookings/visibility and AI revenue momentum) despite continued, but not dominant, uncertainty language.",0.42,,,,
09E31A,Airbnb Inc.,ABNB,Q1 2026,2026-05-07,Bullish,0.22,"L-M net tone is near-neutral (+0.0099), but the call context is decisively positive: management repeatedly cites strong growth, beat/raise, and durable momentum rather than focusing on downside.; Uncertainty is present (uncertainty_ratio ~0.0091; uncertainty count 99), yet it is largely confined to macro/geopolitical caveats (e.g., Middle East conflict) and forward-looking framing (“while we can’t predict each quarter with precision”), not to core demand durability.; Modal balance suggests more assertive planning than hedged language (strong_modal 43 vs weak_modal 50; modal_ratio -0.0753), but the qualitative content still leans confident: guidance is raised and profitability targets are maintained/affirmed (“at least 35%”).","Guidance tone is constructive: they explicitly raise full-year revenue growth to low- to mid-teens and reiterate adjusted EBITDA margin of at least 35%, implying confidence in monetization and cost discipline despite geopolitical headwinds.; RNPL and fee simplification are framed as net-positive and increasingly durable (net lift positive across geos; take-rate upside cited), so investors should treat the uncertainty language as primarily risk-management rather than a signal of weakening fundamentals.","Quantitatively, the Loughran-McDonald net tone is close to neutral (+0.0099) with elevated uncertainty words (99), but management’s qualitative framing is clearly bullish: Q1 momentum is described as strong, results beat the high end of guidance, and full-year revenue guidance is raised while profitability guidance is maintained (“at least 35%”). Uncertainty is mostly used to contextualize geopolitical/macro variability and timing (e.g., conflict-related cancellations, “can’t predict each quarter with precision”), not to retract the growth narrative.",-0.2,Significantly More Bearish,"The sentiment score declines from 0.42 in Q4 2025 to 0.22 in Q1 2026 (delta -0.20), indicating a materially less bullish tone despite both quarters being categorized as bullish overall.",0.42,0.04,Same (Bullish),"Sentiment is slightly higher in Q1 2026 versus Q1 2025 (+0.04), but remains within the same overall bullish tone range. The improvement is modest rather than a clear shift in outlook.",0.18
09F623,ONEOK Inc.,OKE,Q1 2026,2026-04-29,Bullish,0.28,"L-M net tone is only slightly positive (net_tone ~0.011) with low uncertainty ratio (~0.008), implying limited hedging language overall; however, the transcript context shows many explicit bullish/forward statements that likely aren’t captured as “positive” by L-M’s lexicon.; Uncertainty (77) and modal balance (strong_modal 41 vs weak_modal 51; modal_ratio -0.1087) suggest some caution/conditionality, but it is mostly tied to market/volume timing and hedging mechanics rather than fundamental demand risk.; Negative word count is modest (58) relative to positives (163), and the negative language appears largely in operational qualifiers (e.g., storm impacts, impairment) and risk framing, not in a deterioration narrative.","Guidance tone is clearly constructive: management explicitly raised 2026 net income, EPS, and adjusted EBITDA while keeping CapEx unchanged, signaling confidence in volume/market tailwinds rather than a cost-cut or risk-off posture.; Forward-looking strength is supported by operational/project cadence (multiple plants on schedule; “on track” language) and by commercial visibility (producer “leaning in,” completion activity acceleration), but they repeatedly anchor upside to volumes and timing (seasonality, rig/completion ramp), not to commodity price speculation.","Quantitatively, Loughran-McDonald shows only a slightly positive net tone, with uncertainty present but not dominant, and modal usage leaning somewhat cautious (more weak modals than strong). Qualitatively, management’s Q1 messaging is meaningfully bullish: they report strong performance, raise 2026 guidance, emphasize durable demand fundamentals, and describe multiple projects and producer activity trends that should translate into higher volumes—while still conditioning timing on seasonal effects and ramp dynamics.",0.06,Slightly More Bullish,"The sentiment score increased from 0.22 in Q4 2025 to 0.28 in Q1 2026 (delta +0.06), indicating a modest improvement in overall tone. This aligns with more constructive guidance and forward-looking execution emphasis in the current quarter.",0.22,0.1,Notably More Bullish,"The sentiment score increased by 0.10 (from 0.18 to 0.28), indicating a meaningfully more bullish tone in Q1 2026 versus Q1 2025. This aligns with stronger forward guidance emphasis and more constructive framing of execution/volume outlook.",0.18
0A0D9E,GoDaddy Inc.,GDDY,Q1 2026,2026-04-30,Bullish,0.28,"L-M net tone is only slightly positive (0.0134) with low uncertainty ratio (0.0043), suggesting limited hedging overall; however, the transcript is dominated by confident performance and execution language rather than risk-heavy wording.; Positive L-M terms (154) materially exceed negative (44), consistent with management emphasizing margin expansion, durable model, and early AI product traction; negative terms appear but are outweighed by upbeat operational framing.; Uncertainty (35) and modal usage (strong_modal 21 vs weak_modal 20; modal_ratio 0.0244) are present but not excessive—uncertainty is mostly tied to forward-looking statements and early-stage AI adoption (“still early,” “super early,” “we expect”), not to guidance deterioration.","Guidance tone is reaffirming and constructive: management reiterates full-year 2026 revenue and margin targets and frames Q1 headwinds (e.g., .co expiration, promotional timing, aftermarket comps) as largely behind them, with bookings/revenue expected at or above parity for the rest of the year (ex-FX).; AI narrative is forward-looking but increasingly evidence-based: repeated “strong progress,” “validated,” “delivering,” and quantified proof points (e.g., Airo Care resolution improvements; Airo AI Builder $10M+ annualized bookings run rate within weeks) reduce the need for heavy hedging, supporting a bullish read-through on operating leverage and monetization potential.","Despite a near-neutral L-M net tone (0.0134), contextual interpretation points to a bullish management tone: management highlights durable execution, margin/free-cash-flow strength, and early AI monetization with concrete metrics. Hedging/uncertainty is present but relatively contained and largely confined to forward-looking and “early-stage” qualifiers, while guidance is reaffirmed and framed as on-track for continued operational leverage.",,,,,-0.14,Notably More Bearish,"The sentiment score declines from 0.42 in Q1 2025 to 0.28 in Q1 2026 (delta -0.14), indicating a less bullish tone year-over-year. While both calls remain broadly positive, the current quarter’s tone is comparatively more muted/near-neutral in the underlying L-M net tone despite constructive guidance framing.",0.42
0A32EA,Dropbox Inc.,DBX,Q1 2026,2026-05-07,Bullish,0.42,"Loughran-McDonald net tone is only slightly positive (net_tone ~0.017) with low overall negativity (negative=24 vs positive=89), implying positivity is present but not expressed with heavy “strong” language.; Uncertainty is present but not dominant (uncertainty=35; uncertainty_ratio ~0.009), and the modal structure is skewed toward stronger modality (modal_ratio ~0.455 with strong_modal=16 vs weak_modal=6), consistent with confident execution claims rather than pervasive hedging.; The transcript’s forward-looking hedges are concentrated in standard safe-harbor language and near-term variability caveats (e.g., gross margin variability depending on rollout/adoption/timing), while core business and guidance updates are largely framed as “exceeding,” “raising,” “encouraged,” and “confidence,” supporting an overall bullish read despite the modest L-M net tone.","Management’s bullishness is reinforced by concrete guidance actions: full-year revenue guidance raised (+$12M), operating margin raised (+50 bps), and unlevered free cash flow guidance lifted to at or above $1.055B—suggesting Q1 outperformance is translating into higher conviction rather than one-off results.; Dash/AI is discussed with strong momentum signals (repeat engagement metrics; “significantly expand access throughout 2026”), but investors should note that the company explicitly downplays Dash as a near-term driver of paying-user guide (core-driven assumptions), implying upside may be incremental rather than fully baked into near-term numbers.","Overall tone is bullish: management repeatedly frames Q1 as “strong,” “encouraging,” and “proof points,” and pairs that with upward guidance revisions across revenue, operating margin, and unlevered free cash flow. Quantitatively, L-M shows more positive than negative language (89 vs 24) with limited uncertainty (35) and more strong modality than weak (16 vs 6), while contextual hedging is mainly confined to safe-harbor disclaimers and near-term gross margin variability tied to Dash rollout pace and adoption.",0.2,Significantly More Bullish,"Sentiment increased materially from 0.22 in Q4 2025 to 0.42 in Q1 2026. The current quarter call reads more conviction-driven and paired with upward guidance revisions, indicating a stronger bullish tone versus the more prudent/progress-with-constraints framing in Q4.",0.22,0.24,Significantly More Bullish,"Sentiment increased materially from 0.18 in Q1 2025 to 0.42 in Q1 2026 (delta +0.24). The newer quarter’s tone is more confidently positive, supported by upward guidance revisions and stronger execution framing despite still-present but non-dominant hedging.",0.18
0B4D10,Annaly Capital Management Inc.,NLY,Q1 2026,2026-04-22,Neutral,0.06,"Loughran-McDonald net tone is essentially flat (net_tone ~0.001) with near-balanced positive (95) vs negative (88), suggesting no strong directional sentiment in the text overall.; Uncertainty language is present but not dominant (uncertainty_ratio ~0.011; uncertainty count 70), and much of it is concentrated in standard forward-looking/disclaimer framing and macro conditionality rather than in explicit negative outlooks.; Modal usage is slightly more negative than positive (modal_ratio -0.0588; strong_modal 24 vs weak_modal 27), consistent with cautious phrasing like 'we don't know at this point' and 'we expect'/'we believe' rather than definitive guarantees.","Management’s outlook is constructive but conditional: they repeatedly use 'believe/expect' and emphasize 'balanced opportunity set' and 'methodically raise capital,' implying upside participation without aggressive risk-taking.; Hedging and guidance tone are steady: they report only modest net hedge changes despite volatility and explicitly maintain a diversified hedge mix (swaps + treasuries), signaling risk management discipline rather than a pivot to defensiveness.","Quantitatively, the L-M statistics point to near-neutral overall tone (positive and negative counts are close; net_tone ~0.001) with moderate uncertainty language. Contextually, management is broadly constructive on Agency, Resi Credit, and MSR—highlighting strong technicals, record issuance, and predictable MSR cash flows—while still using cautious, conditional phrasing around policy outcomes and market evolution (e.g., 'we don't know at this point'). Net result: a Neutral-to-slightly-positive management tone focused on disciplined execution and selective capital allocation rather than confident, one-way optimism.",-0.22,Significantly More Bearish,"The sentiment score declines from 0.28 in Q4 2025 to 0.06 in Q1 2026 (delta -0.22), indicating a clear shift away from the more upbeat, dividend-confidence tone. Q1 2026 reads more neutral/cautious overall, with conditional language and less directional optimism.",0.28,0.08,Slightly More Bullish,"The sentiment score improved from -0.02 in Q1 2025 to 0.06 in Q1 2026 (delta +0.08), indicating a modest shift toward a more constructive tone. This aligns with both calls remaining near-neutral overall but with slightly less negative framing in the current quarter.",-0.02
0B57D7,Lam Research Corp.,LRCX,Q3 2026,2026-04-22,Bullish,0.42,"L-M net tone is near-neutral (+0.0108) with only slightly more positive than negative language (183 vs 84), suggesting positivity is present but not overwhelmingly expressed in strictly “positive” terms.; Uncertainty language is present but relatively low versus total word volume (uncertainty_ratio 0.0075; uncertainty count 69), and modal balance is slightly negative (modal_ratio -0.0145), implying fewer “softening” statements than “confident” framing overall.; Strong modal usage (34) and weak modal usage (35) are close, indicating management uses both definitive and cautious phrasing; however, the call’s content is dominated by confident execution/outlook statements (record results, upward-biased WFE, durable margin drivers).","Guidance tone is constructive: June quarter outlook calls for expanding gross margin and record EPS, and management explicitly frames WFE as “bias to the upside” with a path to compelling 2027 growth—this is the clearest forward-looking bullish signal despite the near-neutral L-M net tone.; Hedging is concentrated in operational/market caveats (e.g., constraints, variability in OINE, China down payments, not commenting on specific customers/lead times), while forward demand narratives (AI-driven intensity, pull-forward conversions, 2027 visibility) are delivered with high confidence and specificity.","Quantitatively, the Loughran-McDonald net tone is close to neutral (+0.0108) with modestly more positive than negative language, and uncertainty is present but not dominant (69 uncertainty terms; low uncertainty ratio). Contextually, management’s remarks are clearly bullish: record March results, an upward-biased WFE outlook to $140B, and confident multi-year drivers (AI-driven deposition/etch intensity, NAND conversion pull-forward, CSBG strength), with hedging largely confined to risk/disclaimer and a few market-specific caveats rather than the core demand and execution narrative.",0.0,Same (Bullish),"The sentiment score is unchanged at 0.42 from Q2 2026 to Q3 2026, indicating broadly consistent tone. Any differences appear to be in the balance of near-neutral language and uncertainty rather than a directional shift in overall sentiment.",0.42,0.24,Significantly More Bullish,"The sentiment score increased by 0.24 (from 0.18 to 0.42), indicating a materially more bullish tone in Q3 2026 versus Q3 2025. This aligns with stronger confidence in forward demand/outlook framing and less emphasis on caution relative to the prior year.",0.18
0B73A7,Vail Resorts Inc.,MTN,Q3 2026,2026-06-08,Neutral,-0.06,"L-M net tone is essentially flat/slightly positive (0.003962) with negative words only modestly higher than positive (118 vs 156), suggesting no strong directional sentiment overall.; Uncertainty is present but not dominant (uncertainty=94; uncertainty_ratio=0.0098) and modal_ratio is negative (-0.2558), consistent with more weak/hedging language than strong conviction—often tied to weather anomaly and timing of demand recovery.; Forward-looking language is mixed: management is confident about structural levers (marketing, integrated network, resource efficiency) but repeatedly qualifies outcomes with weather/normalization caveats (e.g., 'hard to know with certainty', 'unprecedented anomaly', 'assuming conditions are good').",Guidance tone is cautious: full-year resort EBITDA mid-point is effectively at the bottom of the range and management attributes the reset to continued weather pressure through March/April; investors should treat near-term earnings power as weather-dependent despite confidence in operational execution.; Management’s optimism is more strategic than near-term: they emphasize pass/lift demand levers and structural efficiency (resource efficiency run-rate improving into FY27) while acknowledging delayed purchase decisions; the call implies upside is more likely to show up in later selling periods (fall/into next season) rather than immediately.,"Quantitatively, the Loughran-McDonald net tone is near neutral (0.003962) with uncertainty words present but not overwhelming, aligning with a call that is not broadly pessimistic. Contextually, management delivers a cautious financial message (weather-driven visitation pressure, guidance at the bottom of range) while maintaining confidence in structural initiatives (marketing optimization, lift/pass product strategy, and resource efficiency), though they repeatedly hedge around normalization given the unprecedented season.",0.0,Same (Bearish),"The sentiment score is unchanged at -0.06 from Q2 to Q3 2026, indicating no meaningful shift in overall tone. Both calls remain slightly negative/neutral in sentiment with cautious, weather-dependent framing.",-0.06,-0.09,Slightly More Bearish,"Sentiment shifted from slightly positive in Q3 2025 (+0.03) to slightly negative in Q3 2026 (-0.06), a decline of 0.09. The tone remains neutral overall, but the balance of language is modestly more cautious/bearish in the current quarter.",0.03
0BC29E,American International Group Inc.,AIG,Q1 2026,2026-05-05,Bullish,0.18,"L-M net_tone is near-neutral (+0.0073) with uncertainty_ratio low (0.0097), suggesting limited hedging overall; however, the transcript contains substantial forward-looking optimism that is not fully captured by net_tone alone.; Strong modal usage is high (modal_ratio 0.3846; strong_modal 81 vs weak_modal 36), aligning with management’s confident language on execution, accretion, and stabilization (e.g., “expect,” “remain confident,” “we expect earnings to exceed”).; Uncertainty count (93) is present but appears largely in standard forward-looking disclaimers and in bounded, scenario-based statements (e.g., “assuming,” “expect,” “could be,” “cautiously optimistic”), rather than pervasive operational doubt.","Guidance tone is broadly maintained/constructive: management reiterates that Q1 results were largely in line with guidance and keeps key expectations in place (e.g., base spread income leveling off by end of 2026; alternative investment return expectation 8–9% long-term), while acknowledging timing/volatility around VII and surrender/maturity effects.; Deal narrative is the primary sentiment driver: despite near-neutral L-M net_tone, the call is dominated by definitive synergy/execution framing (expense synergies $500m, accretion targets, integration offices, buyback timing), implying investors should underwrite the merger plan as the central catalyst rather than treat the call as cautious.","Quantitatively, the Loughran-McDonald anchor is close to neutral (net_tone ~+0.007) with relatively low uncertainty intensity, but the transcript context shows a clear bullish tilt: management uses more strong modals than weak modals and speaks with confidence about execution, accretion, and stabilization (e.g., earnings/cash targets, spread leveling, and customer-experience investments). Uncertainty is present, yet it is mostly bounded to market/volatility scenarios (VII, surrender/maturity timing) and standard forward-looking disclaimers rather than a deterioration in outlook.",-0.24,Significantly More Bearish,"The sentiment score declines from 0.42 in Q4 2025 to 0.18 in Q1 2026 (delta -0.24), indicating a materially less bullish tone sequentially. Despite both calls being categorized as bullish, Q1 2026 reads as more tempered/less conviction in tone than the prior quarter.",0.42,,,,
0BC853,Wesco International Inc.,WCC,Q1 2026,2026-04-30,Bullish,0.42,"Loughran-McDonald net tone is only slightly positive (net_tone ~ +0.0166) with far more positive than negative words (189 vs 51), indicating optimism is present but tempered by frequent forward-looking caution language.; Uncertainty is present but not dominant (uncertainty=56; uncertainty_ratio ~0.00675), and it is largely concentrated in macro/risk framing and scenario monitoring (e.g., 'monitor the situation closely', 'no meaningful disruption so far', 'we continue to monitor').; Guidance and confidence are strengthened rather than weakened: management repeatedly uses strong forward-looking conviction ('raising our full year outlook', 'confident', 'expect') while still acknowledging timing/project variability (multiple mentions of 'project timing' and 'kept this backdrop in mind').","The call’s bullishness is driven by execution and visibility (record backlog, margin expansion, raised full-year outlook), but investors should underwrite the guidance with attention to project timing—management explicitly attributes some quarter-to-quarter variability to billing/project phasing rather than demand collapse.; Data center momentum is clearly the growth engine (up ~70% YoY to $1.4B; 24% of sales), yet management signals a normalization in the back half via guidance step-down; the market should treat this as mix/timing rather than a thesis break, consistent with repeated 'project timing' explanations.","Quantitatively, the Loughran-McDonald results show a modestly positive net tone with substantially more positive than negative language (189 vs 51), while uncertainty terms appear but remain a small share of total words. Qualitatively, management’s tone is decisively bullish—highlighting record backlog, margin expansion, strong cash flow, and explicitly raising full-year outlook—tempered by measured macro monitoring and recurring caveats around project/billing timing (especially for data center-related revenue).",0.14,Notably More Bullish,"Sentiment increased by 0.14 from Q4 2025 to Q1 2026, indicating a more optimistic tone in the current quarter. This aligns with stronger confidence cues such as raised full-year outlook and record backlog, with only tempered caution around project/billing timing.",0.28,0.24,Significantly More Bullish,"Sentiment increased materially from 0.18 in Q1 2025 to 0.42 in Q1 2026 (delta +0.24). The current call reads more confidently optimistic, with stronger emphasis on raised outlook, backlog/margin momentum, and execution visibility despite ongoing project-timing and macro monitoring.",0.18
0BF198,Insmed Inc.,INSM,Q1 2026,2026-05-07,Bullish,0.28,"L-M net tone is only slightly positive (0.0106) with positive (245) only modestly exceeding negative (111), implying sentiment is not uniformly euphoric across the transcript.; Uncertainty is present but not dominant: uncertainty count (138) is meaningfully higher than negative (111), yet the modal ratio (0.0822) suggests management uses a mix of strong and weak modals rather than heavy hedging throughout.; Forward-looking language is strongly constructive in substance (e.g., 'on track', 'confident', 'potential to support an expanded label', 'expect' organic demand growth), but guidance caution appears in Q&A (explicitly 'cautious company' and refusal to provide quarterly forecasts), tempering overall tone.","Management is effectively guiding to sustained BRINSUPRI growth via qualitative trajectory (organic demand growing Q2 onward) while deliberately avoiding granular quarterly modeling—investors should treat the lack of quarterly guidance as conservatism, not a deterioration signal.; The call’s bullishness is anchored in execution metrics (payer approval ~90%, refill/continuation strength, prescriber breadth/depth progress) and in clinical/regulatory optionality (ENCORE label expansion potential in H1 2027; TPIP Phase 3 momentum). The main risk framing is operational/forecasting (timing, adoption curve, payer dynamics over time), not fundamental demand weakness.","Quantitatively, Loughran-McDonald sentiment is only slightly positive (net_tone ~0.0106) with uncertainty words elevated, indicating some hedging and risk framing. Contextually, however, management’s prepared remarks and Q&A emphasize strong execution and confidence (on track guidance, sequential organic demand growth expected from Q2, and clear clinical/regulatory upside), with caution mainly expressed through guidance conservatism rather than negative fundamentals—resulting in an overall Bullish tone.",,,,,-0.14,Notably More Bearish,"The sentiment score declines by 0.14 (0.28 vs 0.42), indicating a less bullish tone in Q1 2026 versus Q1 2025. Despite constructive execution language, the current quarter shows relatively more uncertainty/hedging and more guidance conservatism.",0.42
0BF4BA,Invesco Ltd.,IVZ,Q1 2026,2026-04-28,Bullish,0.18,"L-M net tone is only slightly positive (positive 193 vs negative 98; net_tone ~0.009), implying optimism is present but not overwhelmingly expressed in explicitly positive/negative wording.; Uncertainty is present but not dominant (uncertainty 82; uncertainty_ratio ~0.0079), and it appears largely tied to macro/market volatility framing and tax/expense variability rather than core business execution—consistent with management repeatedly emphasizing “discipline,” “momentum,” and “we expect.”; Modal balance suggests more confidence than caution in forward statements (strong_modal 38 vs weak_modal 50; modal_ratio -0.1364), but the call’s guidance language is still constructive: expense outlook is given with ranges and “expect” phrasing, while long-term strategy is described as durable (“remain,” “continue,” “we feel good”).","Guidance tone is constructive: operating expense guidance for 2026 is provided ($3.275B under flat markets) with clear drivers (hybrid platform implementation, compensation seasonality, Canada close), suggesting management believes the cost trajectory is controllable despite ongoing execution items.; Forward-looking confidence is strongest around growth engines (ETFs/QQQ, China JV, SMA/model/personalization, private markets into wealth/DC). The main “risk” language is concentrated in market-volatility context and specific items (tax rate variability, implementation timing), not in a deterioration of demand.","Quantitatively, the Loughran-McDonald profile is only mildly positive overall (net_tone ~0.009) with uncertainty words present but not excessive, indicating management is not using heavy hedging. Contextually, however, the transcript is clearly execution- and momentum-oriented: strong inflow and operating leverage messaging, plus specific 2026 expense and tax-rate expectations, supports a Bullish tone despite some cautious qualifiers around market volatility, implementation timing, and discrete tax items.",0.0,Same (Bullish),"The overall sentiment score is unchanged at 0.18 from Q4 2025 to Q1 2026, indicating a stable tone. While the L-M net tone is slightly higher in Q1 2026, it does not translate into a higher sentiment score under the provided rubric.",0.18,0.0,Same (Bullish),"The sentiment score is unchanged at 0.18 versus Q1 2025, indicating the overall tone remains Bullish year-over-year. Any differences are more in nuance (slightly different net tone/uncertainty mix) rather than a material shift in sentiment.",0.18
0BF528,Okta Inc.,OKTA,Q1 2027,2026-05-28,Bullish,0.35,"L-M net tone is near-neutral (0.009) with more positives than negatives (175 vs 72), but the uncertainty count is non-trivial (55) and likely concentrated in forward-looking/legal framing rather than core performance claims; Forward-looking language is predominantly constructive/expansive in management remarks (e.g., 'strong start', 'well-positioned', 'accelerate', 'unlock a new growth vector'), while hedging appears mainly in guidance philosophy and early-market qualifiers ('still early', 'not materially contributing'); Modal balance suggests more weak modals than strong modals (weak_modal 35 vs strong_modal 22), consistent with cautious guidance mechanics ('prudent approach') even as executives express confidence ('confident', 'optimistic', 'very bullish')","AI agent products are repeatedly framed as high-interest/high-pipeline but still not materially contributing to Q1 results; investors should treat near-term financial impact as limited while monitoring for conversion of the 'record pipeline' into bookings and guidance lift in subsequent quarters.; Guidance tone is steady-to-slightly constructive: Q2 and FY27 revenue growth expectations are maintained (FY27 9–10%) with margin and FCF guidance intact, but there are explicit headwinds (~1 point revenue from shifting services to partners; ~1 point FCF from interest income effects), implying upside must come from execution rather than removing stated drags.","Quantitatively, Loughran-McDonald shows a slightly positive overall tone (more positive than negative words) with uncertainty present but not dominant, and the near-neutral net_tone likely reflects that uncertainty is concentrated in safe-harbor/disclaimer and guidance mechanics. Contextually, management is clearly bullish: they emphasize durable core momentum, strong go-to-market execution, and a rapidly growing AI agent opportunity with repeated confidence/positioning language, while hedging mainly around the early stage of AI agent monetization and prudence in guidance.",0.13,Notably More Bullish,"The sentiment score increased by 0.13 from Q4 2026 to Q1 2027, indicating a more positive tone in the current quarter. This aligns with management expressing stronger confidence and constructive forward-looking framing, despite continued (but not dominant) uncertainty around early-stage AI agent monetization and guidance mechanics.",0.22,0.13,Notably More Bullish,"Sentiment increased by 0.13 Y/Y, indicating management’s tone in Q1 2027 is more constructive than in Q1 2026. The improvement appears driven by stronger forward-looking confidence language, even though uncertainty remains present.",0.22
0C355F,Crocs Inc.,CROX,Q1 2026,2026-04-30,Bullish,0.18,"L-M net tone is only slightly positive (0.011) with positive words (180) modestly outweighing negative (80), suggesting optimism but not an overwhelmingly euphoric call; Uncertainty is present but not dominant (uncertainty_ratio ~0.0058; uncertainty count 51) and is largely tied to specific external items (Middle East conflict, macro/consumer risk, tariff evolution) rather than broad internal execution risk; Modal usage is relatively strong (modal_ratio ~0.2727; strong_modal 28 vs weak_modal 16), consistent with confident forward plans (e.g., guidance ranges, 'expect', 'continue to') while still acknowledging conditional risks (e.g., 'if', 'may', 'uncertain')","Management’s bullishness is anchored in execution: repeated references to product newness driving sell-through and DTC outperformance, plus inventory discipline and cash return; investors should treat the guidance updates (raising EPS range; improving HEYDUDE revenue outlook) as the clearest sentiment signal despite the slightly positive L-M net tone.; The main overhangs are external and explicitly bounded in guidance: Middle East revenue/cost effects and tariff/transportation pressures. Watch for whether subsequent calls quantify any incremental deviation beyond what is already 'embedded'—that would be the key trigger for sentiment deterioration.","Quantitatively, the Loughran-McDonald profile is only mildly positive (net_tone ~0.011) with limited uncertainty relative to overall language, implying optimism tempered by risk framing. Qualitatively, management’s tone is meaningfully bullish: they emphasize better-than-expected Q1, strong product-newness-driven demand, inventory turns/cash generation, and they raise/maintain guidance (notably EPS and improved HEYDUDE revenue range) while clearly attributing uncertainty to specific external factors (Middle East, tariffs, macro/transportation) that they state are largely embedded in outlook.",0.1,Notably More Bullish,"Sentiment score increased from 0.08 in Q4 2025 to 0.18 in Q1 2026 (delta +0.10), indicating a shift toward a more constructive tone. The improvement aligns with management’s more confident guidance framing and stronger product-newness/DTC execution emphasis, despite still-present external risk qualifiers.",0.08,0.1,Notably More Bullish,"The sentiment score increased by 0.10 (from 0.08 to 0.18), indicating a meaningfully more bullish tone in Q1 2026 versus Q1 2025. This aligns with stronger confidence signals (e.g., guidance updates and product-newness-driven demand) while uncertainty remains present but more bounded to specific external factors.",0.08
0C466B,UFP Industries Inc.,UFPI,Q1 2026,2026-04-30,Neutral,0.05,"Loughran-McDonald net tone is slightly positive (0.0086) with negative words (85) only modestly below positive (142), suggesting mild optimism rather than a strong bullish tilt.; Uncertainty is present but not dominant: uncertainty count is 52 with a very low uncertainty_ratio (0.0079) and modal_ratio ~0.29, indicating frequent but not overwhelming hedging; much of the uncertainty is tied to macro/geopolitics and cost pass-through rather than business-specific failure.; Forward-looking language is mixed: management uses confident growth/strategy phrasing (e.g., 'expect', 'target', 'confidence', 'on track') while simultaneously qualifying outlook ('slightly more cautious outlook', 'trending toward the lower end of prior guidance'), producing a balanced tone consistent with Neutral.","Guidance tone is cautious-to-slightly-lower: management explicitly says demand for the balance of 2026 is trending toward the lower end of prior guidance, while still maintaining growth targets (notably $100M incremental Deckorators growth) and cost-out execution.; Cost/price dynamics remain the key swing factor for near-term sentiment: multiple references to transportation/energy pressure, lagged pricing benefits, and competitive pressure in site-built imply margin volatility risk even as they believe offsets are in place by the back half.","Quantitatively, the Loughran-McDonald profile is only slightly positive (net_tone ~0.0086) with more positive than negative language, but the call is not euphoric. Contextually, management pairs confidence in strategy and execution (cost-out on track, capacity ramp, M&A discipline) with meaningful macro and margin uncertainty (cautious outlook, demand trending to the lower end of prior guidance, and lagged energy/transport pass-through), resulting in an overall Neutral sentiment.",-0.03,Same,"Sentiment is slightly lower in Q1 2026 versus Q4 2025 (0.05 vs 0.08), but the magnitude is within the 'Same / Slight change' band. The tone remains neutral overall, with only modestly less optimism and similar levels of conditional caution.",0.08,0.1,Notably More Bullish,"The sentiment score increased by 0.10 (from -0.05 in Q1 2025 to 0.05 in Q1 2026), indicating a shift toward a more optimistic tone. This aligns with the current call being neutral-to-slightly positive despite still-cautious guidance.",-0.05
0CC62B,ChampionX Corp.,0CC62B,Q4 2023,2024-02-06,Bullish,0.28,"L-M net tone is only slightly positive (0.015), but the transcript is dominated by confident performance and growth framing rather than risk language; negative/uncertainty terms appear comparatively limited and often tied to specific near-term items (seasonality, U.S. land timing).; Uncertainty ratio is very low (0.0071) with uncertainty count (44) present but not pervasive; uncertainty is concentrated in forward outlook qualifiers (e.g., timing/trajectory of U.S. land drilling/completions, freight/Red Sea impacts) rather than broad business doubt.; Modal usage is moderate (modal_ratio 0.2143) with more strong than weak modals (34 vs 22), consistent with management using confident expectations ('expect', 'remain confident', 'should expect') while still acknowledging discrete drivers of variability.","Guidance tone is constructive: Q1 revenue/EBITDA ranges imply seasonality-driven sequential decline but management explicitly expects progressive improvement through the year and maintains strong free-cash-flow conversion guidance (50–60% through the cycle; at least 50% in 2024).; Margin expansion narrative shifts from pricing/cost to productivity: management downplays pricing as a major contributor and attributes incremental margin to productivity and volume, which is a key watch item for investors assessing sustainability of earnings leverage.","Overall tone is bullish: management repeatedly emphasizes strong momentum, margin sustainability/expansion, and confidence in 2024 growth, with uncertainty largely confined to identifiable near-term drivers (U.S. land timing, seasonality, freight/Red Sea). This aligns with the L-M anchor showing only slightly positive net tone but relatively low uncertainty intensity and a higher share of strong modals, indicating expectations are stated with more conviction than hedging.",0.2,Significantly More Bullish,Sentiment improved materially from a near-neutral/neutral tone in Q3 to a clearly bullish tone in Q4. The Q4 call emphasizes stronger confidence in 2024 growth and margin/productivity momentum while uncertainty is more contained to specific near-term timing factors.,0.08,0.06,Slightly More Bullish,"Sentiment increased from 0.22 to 0.28 (+0.06), indicating a modestly more positive tone in Q4 2023 versus Q4 2022. The improvement aligns with slightly stronger confidence framing and constructive guidance language, with uncertainty remaining contained to specific near-term drivers.",0.22
0D3CC6,Energy Transfer LP,ET,Q1 2026,2026-05-05,Bullish,0.42,"L-M net tone is near-flat (0.004872) with slightly more positive than negative words (122 vs 79), suggesting positivity is present but diluted by heavy forward-looking/disclaimer language and modal usage rather than overtly negative risk framing.; Uncertainty is present but not dominant (uncertainty_ratio ~0.0108; uncertainty count 95). Context shows uncertainty is mostly tied to market/commodity normalization and timing/conditions for FID/options, not to operational failure or demand collapse.; Modal intensity is moderate (modal_ratio 0.2553) with more strong modals than weak (59 vs 35), aligning with management’s confident guidance raise and project execution language (e.g., 'expect', 'continue to expect', 'in service', 'underpinned by' long-term terms) while still allowing for timing caveats.","Guidance tone is decisively constructive: management raised 2026 adjusted EBITDA range dramatically (from ~$7.45B–$17.85B to ~$18.2B–$18.6B) and attributes it to both volume/rate/spread tailwinds and optimization capture—investors should treat this as a strong signal of improved earnings visibility rather than a one-off narrative.; Forward-looking confidence is strongest around contracted, long-duration projects (many 15–25+ year commitments) and around operational ramp-ups (commissioning/in-service dates). The main 'watch items' are commodity/optimization variability and specific gating items (e.g., customer elections/conditions precedent for certain projects), which is where the call’s uncertainty is concentrated.","Quantitatively, Loughran-McDonald sentiment is only slightly positive overall (net_tone ~0.005) because the transcript contains substantial forward-looking/disclaimer and modal language. Qualitatively, management’s messaging is clearly bullish: they report strong Q1 results, materially raise 2026 guidance, and speak with confidence about project execution and long-term contracted growth, with uncertainty mainly confined to commodity normalization and a few project-specific conditions/timing.",0.24,Significantly More Bullish,"The sentiment score increased materially from 0.18 in Q4 2025 to 0.42 in Q1 2026 (delta +0.24). This indicates a stronger bullish tone in Q1 2026, consistent with more constructive guidance and confidence in execution despite ongoing timing/commodity uncertainty.",0.18,0.24,Significantly More Bullish,"The sentiment score increased from 0.18 in Q1 2025 to 0.42 in Q1 2026 (delta +0.24), indicating a materially more positive tone. This aligns with the more constructive guidance and execution messaging in Q1 2026 versus the more modestly bullish framing in Q1 2025.",0.18
0E431C,Ciena Corp.,CIEN,Q2 2026,2026-06-04,Bullish,0.42,"L-M net tone is only slightly positive (0.011) with uncertainty_ratio very low (0.008979), suggesting the call is not dominated by hedging language overall despite a meaningful uncertainty count (74).; Modal balance is strongly negative (modal_ratio -0.4516) with more weak than strong modals (weak_modal 45 vs strong_modal 17), indicating some statements are framed with cautious/conditional phrasing; however, management pairs this with high-confidence outcomes (e.g., record quarter, raised guidance).; Negative word count is modest (54) relative to positive (145), consistent with a generally constructive narrative; the negative/constraining terms (constraining 15) appear more tied to supply constraints and operational realities rather than demand deterioration.","Guidance tone is decisively constructive: management explicitly raises full-year 2026 revenue and maintains/raises margin expectations while acknowledging supply imbalance; investors should treat the uncertainty language as operational (supply execution) rather than demand risk.; Forward-looking strength is concentrated around AI-driven demand and product ramp milestones (Hyper-Rail starting 2027, DCOM ramp, pluggables growth), with repeated “on track/expect” phrasing—suggesting upside skew if supply normalization continues.","Quantitatively, the Loughran-McDonald profile is only mildly positive on net tone (0.011) but with relatively low uncertainty intensity, implying limited pervasive hedging. Contextually, management’s language is strongly bullish—record results, multiple “on track”/“expect” statements, and raised guidance—while the main constraints are framed as supply-chain execution rather than weakening demand, consistent with the modest negative tone and low uncertainty ratio.",0.0,Same (Bullish),"The sentiment score is unchanged at 0.42 from Q1 2026 to Q2 2026, indicating the overall tone remains Bullish sequentially.",0.42,0.0,Same (Bullish),"The sentiment score is unchanged at 0.42 from Q2 2025 to Q2 2026, indicating no measurable shift in overall tone. Both quarters remain classified as Bullish.",0.42
0E439E,Silgan Holdings Inc.,SLGN,Q1 2026,2026-04-29,Bullish,0.18,"L-M net tone is near-flat (+0.00571), but the call’s qualitative content is meaningfully constructive: management repeatedly emphasizes resilience, outperformance, and confidence, suggesting the small net_tone is diluted by heavy use of forward-looking/risk language rather than negative operating commentary.; Uncertainty is present (uncertainty_ratio ~1.07%), with multiple explicit hedges tied to macro/geopolitics and resin inflation (e.g., “evolving,” “less certain,” “potentially,” “unknown risk”), but these are largely framed as manageable within guidance rather than as reasons to pull back.; Modal balance skews cautious (modal_ratio -0.5588; weak_modal > strong_modal), yet guidance actions are decisive: they raise full-year adjusted EPS and confirm free cash flow, indicating confidence despite the hedging language.","Guidance strength is real despite cautious phrasing: management raised 2026 adjusted EPS (midpoint implied by the $0.03 increase) and kept volume assumptions largely unchanged, implying the Q1 operational beat is expected to persist rather than being a one-off.; Risk/uncertainty is concentrated around inflation and geopolitics (Middle East-driven resin/incremental cost, potential resin market recovery timing), but management explicitly states it is “embedded in guidance” and not expected to change 2026—investors should treat uncertainty as timing/trajectory risk, not demand-collapse risk.","Quantitatively, Loughran-McDonald sentiment is close to neutral (net_tone ~+0.006) with elevated uncertainty and more weak than strong modals, consistent with frequent forward-looking and risk framing. Contextually, however, management’s operating narrative is clearly positive—Q1 results at the high end of the range, confidence in the balance of the year, and a raised 2026 adjusted EPS estimate—while hedging is mainly about macro/geopolitical and resin-cost timing rather than deteriorating fundamentals.",0.0,Same (Bullish),"The sentiment score is unchanged at 0.18 from Q4 2025 to Q1 2026. Despite similar overall tone, Q1 shows slightly more uncertainty/hedging, but not enough to move the aggregate sentiment metric.",0.18,-0.24,Significantly More Bearish,"The sentiment score declines from 0.42 in Q1 2025 to 0.18 in Q1 2026 (delta -0.24), indicating a materially less bullish tone year-over-year. Despite management still sounding constructive, the current quarter’s tone is more diluted by hedging/uncertainty language.",0.42
0E698B,The Trade Desk Inc.,TTD,Q1 2026,2026-05-07,Bullish,0.18,"L-M net tone is only slightly positive (0.012) with positive (215) exceeding negative (96), indicating more favorable than unfavorable language overall, but not overwhelmingly so.; Uncertainty is present but not dominant: uncertainty count (89) is far below positive/negative counts and uncertainty_ratio is very low (0.0091), suggesting hedging is present yet relatively contained rather than pervasive.; Modal language is moderately strong: strong_modal (65) vs weak_modal (39) with modal_ratio 0.25 implies management uses confident/committed phrasing more often than tentative phrasing, consistent with repeated 'confident/optimistic/committed' statements.","Guidance tone is constructive: Q2 revenue is guided to at least $750M and full-year EBITDA margin is reiterated at ≥40% (in line with 2025), while the narrative frames macro/geopolitical issues as near-term headwinds rather than structural impairment.; Forward-looking conviction is high around long-term structural drivers (open internet, measurement reform, retail media, agentic AI), but near-term deceleration is attributed to macro uncertainty and category pressure (CPG/auto) rather than demand collapse—investors should watch whether stabilization in macro/measurement progress translates into re-acceleration.","Quantitatively, the Loughran-McDonald profile is only mildly positive (net_tone ~0.012) with uncertainty present but not excessive (uncertainty_ratio ~0.009), implying hedging exists yet is not the dominant rhetorical mode. Contextually, management’s language is consistently confident and forward-leaning—'optimistic,' 'committed,' 'best days are ahead'—and guidance reiterates profitability discipline (≥40% full-year adjusted EBITDA margin) while framing Q2 deceleration as macro/category-driven rather than structural, supporting a Bullish overall tone.",0.0,Same (Bullish),"The sentiment score is unchanged at 0.18 from Q4 2025 to Q1 2026, indicating broadly consistent bullish tone across the two calls.",0.18,-0.24,Significantly More Bearish,"The sentiment score fell from 0.42 in Q1 2025 to 0.18 in Q1 2026 (delta -0.24), indicating a materially less bullish tone year over year. Despite still being categorized as Bullish, the call’s overall sentiment is notably more subdued in the current quarter.",0.42
0ED415,Cullen/Frost Bankers Inc.,CFR,Q1 2026,2026-04-30,Bullish,0.18,"L-M net tone is near-neutral (0.0031) with more positive than negative word counts (22 vs 16), suggesting mild overall optimism rather than strong bullishness.; Uncertainty is present but low in intensity (uncertainty=12; uncertainty_ratio=0.0062), and most forward-looking language appears framed as expectations (e.g., 'we expect to see some large resolutions') rather than broad risk caveats.; Modal usage is dominated by strong modals (strong_modal=11 vs weak_modal=3; modal_ratio=0.5714), indicating management uses firmer language when describing plans/trajectory (e.g., durable/scalable strategy; 'current plan is to open an additional 10 to 12 branches').","Guidance tone leans constructive: management reiterates a clear branch expansion plan (10–12 additional branches in 2H26) and frames credit quality as 'good by historical standards,' while acknowledging specific credit movement ('large resolutions' expected in 2Q/3Q).; Despite generally positive operating momentum, there is a notable credit migration signal (problem loans up, driven by risk grade 10), which investors should monitor into 2Q/3Q given the expectation of resolutions.","Management’s tone is mildly bullish: L-M shows a slight positive tilt (22 positive vs 16 negative) with low uncertainty intensity and more strong-than-weak modal language, consistent with confident execution on growth and branch expansion. Contextually, optimism is tempered by credit migration (problem loans up) and the need for large resolutions in upcoming quarters, but overall guidance framing remains constructive rather than cautious.",0.12,Notably More Bullish,"The sentiment score increased from 0.06 in Q4 2025 to 0.18 in Q1 2026 (delta +0.12), indicating a meaningful shift toward a more positive tone. This aligns with more confident, execution-oriented language in Q1 2026 despite some ongoing credit-migration monitoring.",0.06,0.0,Same (Bullish),"The sentiment score is unchanged at 0.18 Y/Y, indicating broadly similar overall tone. Any differences are more about the composition of language (e.g., credit migration emphasis in 2026) rather than a shift in net sentiment.",0.18
0F90E1,Travel + Leisure Co.,TNL,Q1 2026,2026-04-22,Bullish,0.35,"Loughran-McDonald net tone is near-neutral (0.00716) with uncertainty present (uncertainty_ratio ~0.0099), but the transcript context shows uncertainty language is largely confined to macro/geopolitical caveats rather than core business deterioration.; Negative L-M terms (93) are outweighed by positive terms (153), and management repeatedly uses definitive performance framing (e.g., 'exceeded guidance', 'reaffirming', 'confident')—suggesting the positive tone is operational, not just promotional.; Modal balance is slightly negative (modal_ratio -0.1507) with more weak than strong modals, consistent with cautious hedging around macro; however, guidance is maintained and described as 'appropriately reflect' downside managed with 'upside driven by execution'.","Guidance tone is stable-to-constructive: full-year 2026 outlook is reaffirmed with Q2 ranges provided, and management emphasizes downside is 'appropriately managed' while Q1 performance is 'ahead of plan'—a supportive setup for investors modeling upside to consensus if execution holds.; Credit risk hedging is present but bounded: early-stage delinquencies are acknowledged as newer cohorts and expected to flow into provision over time, yet management maintains conviction that full-year provision rate will be modestly below prior year—implying investors should watch delinquency trend direction rather than assume a structural deterioration.","Quantitatively, L-M net tone is close to neutral, reflecting meaningful uncertainty vocabulary, but management’s qualitative framing is consistently constructive: Q1 exceeded guidance, margins expanded, and full-year guidance is reaffirmed. The uncertainty and weaker modal language largely appear in macro/geopolitical disclaimers and monitoring language (e.g., early delinquencies, consumer conservatism), while core operational statements and capital allocation/guidance remain confident—supporting a Bullish overall sentiment.",0.07,Slightly More Bullish,"Sentiment improved from 0.28 in Q4 2025 to 0.35 in Q1 2026 (delta +0.07). The tone remains bullish in both quarters, with Q1 2026 showing slightly stronger constructive framing (e.g., ahead of plan and reaffirmed guidance) despite continued, bounded uncertainty.",0.28,0.16999999999999998,Notably More Bullish,"Sentiment improved meaningfully versus Q1 2025 (delta +0.17). The current quarter’s tone is more constructively confident, with uncertainty and hedging appearing more as macro caveats than as core business deterioration.",0.18
0FB47C,Enterprise Products Partners LP,EPD,Q1 2026,2026-04-28,Bullish,0.42,"L-M net tone is essentially flat (0.001242) with slightly more positive than negative words (85 vs 76), suggesting sentiment is not captured by polarity alone; context shows positivity is concentrated in performance/forward demand commentary rather than risk language.; Uncertainty is present but not dominant (uncertainty 112; uncertainty_ratio 0.0155). Much of it is tied to macro/geopolitical duration and physical-vs-paper market divergence (e.g., Strait of Hormuz reopening timing, commodity/spread duration), not to execution or balance-sheet confidence.; Modal balance leans cautious in structure (weak_modal 60 vs strong_modal 24; modal_ratio -0.4286), but management uses confidence qualifiers selectively: 'we believe', 'we expect', 'we are encouraged', 'increasingly confident'—supporting a bullish-but-not-guaranteed outlook.","Guidance tone is effectively upward within the year: management says 2026 looks 'much more favorable' than expected and 'modest is a low bar now,' while still avoiding hard numeric guidance due to commodity/spread duration uncertainty.; Capital allocation messaging remains disciplined rather than opportunistically aggressive: even with stronger conditions, they indicate the near-term buyback vs debt-paydown split likely stays ~50%-60% in 2026, implying investors should expect continued shareholder returns but not a sudden leverage-target breach.","Quantitatively, Loughran-McDonald sentiment is near-neutral (net_tone ~0.001) with only a slight positive tilt (85 positive vs 76 negative), while uncertainty words are elevated (112) and modal usage is more weak than strong (weak_modal 60 vs strong_modal 24). Qualitatively, however, management’s tone is clearly bullish: they report exceptional Q1 operating/financial results, emphasize strong demand visibility into 2Q and beyond, and express 'increasingly confident' outlook for 2026, while the uncertainty is largely confined to geopolitical timing and commodity/spread duration rather than execution or capital discipline.",0.24,Significantly More Bullish,"The sentiment score increased materially from 0.18 in Q4 2025 to 0.42 in Q1 2026 (delta +0.24). This indicates a stronger bullish tone in the current quarter despite continued, but largely non-execution-related, uncertainty.",0.18,0.34,Significantly More Bullish,"The sentiment score increased materially from 0.08 in Q1 2025 to 0.42 in Q1 2026 (delta +0.34). This indicates a much more bullish overall tone in the current quarter versus the prior year, despite both periods containing some uncertainty language.",0.08
106394,VICI Properties Inc.,VICI,Q1 2026,2026-04-30,Bullish,0.18,"L-M net_tone is near-neutral (0.006845) with positive words (99) only modestly exceeding negative (52), suggesting optimism is present but not expressed in highly aggressive language.; Uncertainty is elevated in absolute terms (uncertainty=82; uncertainty_ratio=0.011943), but much of it is concentrated in standard forward-looking/risk framing and deal-timing caveats rather than operational deterioration.; Modal balance is slightly negative (modal_ratio=-0.0933) with more weak than strong modals (weak_modal 41 vs strong_modal 34), consistent with guidance being firm on AFFO but with multiple 'expect/continue to' and 'we believe' style qualifiers rather than hard guarantees.","Management’s tone supports a constructive outlook: they explicitly raised 2026 AFFO guidance and emphasized continued dividend sanctity, while uncertainty language largely relates to deal timing/transaction scope rather than demand weakness.; Forward-looking strength is strongest around capital deployment and partnership execution (e.g., Golden closing 'today', One Beverly Hills construction milestones, ongoing tenant CapEx), implying execution momentum rather than a defensive posture.","Quantitatively, Loughran-McDonald sentiment is close to neutral (net_tone ~0.0068) with uncertainty present (82 instances), but context shows uncertainty is largely procedural (forward-looking disclaimers, deal timing, and non-binding discussions) rather than reflecting deteriorating fundamentals. Qualitatively, management is clearly constructive: they report efficient AFFO growth, highlight strong liquidity/leverage positioning, and—most importantly—raise 2026 AFFO guidance, indicating a bullish bias tempered by cautious language around future acquisitions and macro/demand variability.",0.0,Same (Bullish),"The sentiment score is unchanged at 0.18 from Q4 2025 to Q1 2026, indicating broadly consistent tone. Any differences are more reflected in the underlying L-M net tone and uncertainty framing rather than a shift in overall sentiment.",0.18,0.0,Same (Bullish),"The sentiment score is unchanged at 0.18 versus the prior year quarter, indicating broadly consistent tone. Any differences are more likely in the composition of language (e.g., uncertainty framing) rather than an overall shift in bullishness.",0.18
1065BC,Radian Group Inc.,RDN,Q1 2026,2026-05-07,Bullish,0.28,"L-M net tone is slightly positive (0.007955) with more positive than negative words (102 vs 64), indicating mild overall optimism in the language mix.; Uncertainty is present but not dominant (uncertainty_ratio 0.00942; uncertainty count 45), and much of it is concentrated in forward-looking/risk framing and in answers about items they do not guide (e.g., combined ratio, premium growth).; Modal usage is heavy (modal_ratio 0.4286) with more strong modals than weak modals (15 vs 6), consistent with confident expectations (e.g., 'expect to continue', 'positions us', 'confidence') rather than tentative wording.","Management is effectively 'de-risking' the narrative by emphasizing execution certainty (Inigo close completed; results 'in line with expectations') while explicitly declining to provide guidance on inherently variable metrics (combined ratio/premium growth), which investors should treat as a boundary on forward visibility rather than a deterioration signal.; Capital allocation tone is constructive: resumed opportunistic buybacks, reiterated unchanged debt-to-capital expectations, and provided a full-year excess-capital range (about $200–$250M) for potential additional repurchases—suggesting disciplined but shareholder-friendly capital deployment.","Despite a near-neutral L-M net tone, the transcript reads bullish: management repeatedly frames Q1 as a strong start and a strategic inflection (global multi-line, Inigo integration), with confidence in earnings power and capital generation. L-M uncertainty is modest and appears largely in forward-looking disclaimers and in areas where they avoid guidance due to external variability, while strong-modality language supports a generally definitive execution and outlook tone.",-0.07,Slightly More Bearish,"Sentiment score declined from 0.35 in Q4 2025 to 0.28 in Q1 2026 (delta -0.07). While both calls remain bullish, the current quarter’s tone is less positive on the scoring rubric, indicating a modest softening in overall language optimism.",0.35,-0.07,Slightly More Bearish,"Sentiment score declined from 0.35 in Q1 2025 to 0.28 in Q1 2026 (delta -0.07), indicating a modest reduction in overall bullishness. The tone remains bullish, but confidence appears slightly less pronounced versus the prior year.",0.35
10C19B,Bank OZK,OZK,Q1 2026,2026-04-22,Neutral,0.08,"Loughran-McDonald net tone is near-flat (0.0066) with only slightly more positive than negative language (164 vs 106), suggesting broadly balanced rhetoric rather than a strong bullish push.; Uncertainty is present but not dominant: uncertainty_ratio is very low (0.0081) and modal_ratio is moderate (0.2), indicating hedging exists but is not pervasive across the call; much of the uncertainty is tied to credit resolution timing and market conditions rather than fundamental business doubt.; Forward-looking language is constructive and specific in places (e.g., NII/yield pickup in Q2, CIB as the 2027 growth engine, expectation of easing RESG headwinds), but it is repeatedly tempered with conditional phrasing around asset quality outcomes (classified/OREO movements, sponsor support, “some combination,” “probably,” “we’ll see”).","Management’s confidence is strongest in CIB execution and margin support (diversification, variable-rate book, fee-income build), while the main swing factor for sentiment is RESG/credit resolution timing—investors should monitor whether the “small number” of incremental substandard inflows materializes and how quickly OREO/classified assets move off the balance sheet.; Guidance tone is mildly constructive rather than aggressive: they reaffirm/extend yield and NIM drivers (securities growth, expected yield pickup) but avoid hard commitments on 2028 and on the exact pace of RESG resolutions, implying upside exists but is path-dependent.","Quantitatively, the Loughran-McDonald results point to a near-neutral overall tone (net_tone ~0.0066) with limited uncertainty relative to total language. Contextually, management is upbeat on CIB growth and investment/yield support (including expectations for 2027 momentum and Q2 yield pickup), but they repeatedly hedge around RESG credit migration and resolution outcomes (“probably,” “some combination,” “we’ll see”), keeping the net sentiment closer to Neutral than Bullish.",0.020000000000000004,Same,"Sentiment is slightly higher in Q1 2026 versus Q4 2025, but the change is small (within the 0.00–0.05 band). Both calls remain effectively Neutral with continued hedging around credit/RESG resolution timing.",0.06,0.03,Same,"Sentiment is slightly higher in Q1 2026 versus Q1 2025, but the change is small (within 0.00–0.05). Both quarters remain broadly Neutral, with only modest improvement in tone.",0.05
1151F4,Xcel Energy Inc.,XEL,Q1 2026,2026-04-30,Bullish,0.18,"Loughran-McDonald net_tone is near-neutral (+0.009977) with low uncertainty_ratio (+0.008743), suggesting limited hedging overall despite some negative/legal language presence.; Uncertainty (85) and modal balance (strong_modal 48 vs weak_modal 49; modal_ratio -0.0103) indicate management uses some cautious phrasing, but it is not dominant—confidence language is frequent and guidance is reaffirmed.; Litigious (68) and negative (75) are present, but contextually they are concentrated in specific items (Prairie Island disallowance, Marshall wildfire litigation, wildfire claims process) rather than broad deterioration in outlook.","Guidance tone is constructive: ongoing EPS guidance is reaffirmed ($4.04–$4.16) and management reiterates long-term growth confidence (6–8%+; ~9% through 2030), which offsets the call’s legal/regulatory noise.; Forward-looking language is strongly execution-oriented (e.g., “on track,” “line of sight,” “expect to file,” “remain confident”), particularly around data center load contracting and incremental capital opportunities—suggesting upside optionality rather than risk-off posture.","Quantitatively, the L-M metrics imply near-neutral aggregate tone with modest uncertainty and a slight modal tilt toward weaker/hedged language, but the negative and litigious counts are largely tied to discrete regulatory and wildfire litigation updates. Qualitatively, management’s remarks are predominantly confident and forward-execution focused (reaffirmed EPS guidance, “line of sight” to incremental investment opportunities, and clear expectations for data center contracting), resulting in an overall bullish investor sentiment.",0.0,Same (Bullish),"The sentiment score is unchanged at 0.18 from Q4 2025 to Q1 2026, indicating broadly consistent bullish tone. Any differences in legal/regulatory language appear to be offset by continued confidence and reaffirmed guidance.",0.18,0.15,Notably More Bullish,"Sentiment improved from 0.03 in Q1 2025 to 0.18 in Q1 2026 (+0.15), indicating a more constructive tone. The current quarter’s reaffirmed EPS/growth outlook and execution-oriented language outweigh the continued presence of legal/regulatory references.",0.03
119CB6,Old Dominion Freight Line Inc.,ODFL,Q1 2026,2026-04-29,Bullish,0.22,"Loughran-McDonald net tone is slightly positive (net_tone ~0.014) with far more positive than negative words (222 vs 76), indicating overall optimistic framing despite some caution language.; Uncertainty is present but not dominant (uncertainty_ratio ~0.011; uncertainty count 111), and in context it is concentrated around macro/geopolitical risk and volume variability rather than fundamental business deterioration.; Modal balance suggests more strong/firm statements than weak ones (strong_modal 46 vs weak_modal 59 yields modal_ratio -0.1238), but management uses hedges selectively (e.g., 'we currently believe', 'hard to pinpoint') while still expressing confidence in sequential improvement and market-share outcomes.","Guidance tone is constructive: management repeatedly anchors to a 'normal sequential' operating ratio improvement in Q2, contingent on sequential volume improvement—investors should track whether April softness persists into May/June to validate that conditional OR path.; Forward-looking confidence is tied to operational levers (yield discipline, service performance, cost control, and capacity readiness) rather than purely macro assumptions; the main risk signal is not pricing/yield credibility but volume/density and cost inflation timing (fringe benefits, fuel volatility, and overhead deleveraging).","Quantitatively, the Loughran-McDonald profile is only mildly positive (net_tone ~0.014) with low uncertainty intensity, but management’s qualitative messaging is more bullish than the raw counts suggest. Contextually, uncertainty language is largely confined to geopolitical/macro and volume variability, while executives emphasize improving demand sequentially, disciplined yield management, and confidence in market-share gains and Q2 operating ratio normalization—conditional on continued sequential volume improvement.",0.16,Notably More Bullish,"Sentiment improved from 0.06 in Q4 2025 to 0.22 in Q1 2026 (delta +0.16), indicating a more constructive tone. The increase reflects stronger qualitative confidence around sequential operating ratio normalization and operational levers, with uncertainty present but less central than in the prior quarter.",0.06,0.16,Notably More Bullish,"The sentiment score increased by 0.16 (from 0.06 to 0.22), indicating a meaningfully more optimistic tone in Q1 2026 versus Q1 2025. This aligns with stronger constructive guidance framing and less dominant uncertainty in the current quarter.",0.06
1220D2,Masimo Corp.,MASI,Q3 2025,2025-11-04,Bullish,0.22,"L-M net tone is only slightly positive (0.0143) with positive words (145) modestly outweighing negative (57), suggesting optimism is present but not overwhelmingly expressed in the lexicon.; Uncertainty is present but not dominant: uncertainty count 39 with a very low uncertainty_ratio (0.0063) and modal_ratio 0.2273 indicates management uses some conditional language, but not at a level that overwhelms confident statements.; Forward-looking strength appears in context despite the near-neutral L-M net tone: management repeatedly uses confident growth framing (e.g., 'expect', 'confident', 'looking forward') and pairs it with concrete execution metrics and raised guidance; negative/constraint terms are more tied to operational items (tariffs, comps, distributor headwind) than to existential risks.","Guidance tone is clearly constructive: CFO raised full-year EPS and operating margin guidance and tightened revenue range, with the narrative attributing upside mainly to operating leverage and share repurchases plus stronger Q4 consumables shipments.; The call’s forward momentum is anchored in contracting and installed-base expansion (Philips) rather than one-off optimism: unrecognized contract revenue expected in the next 12 months rose 17%, and management expects that to translate into accelerated consumables growth in Q4.","Quantitatively, Loughran-McDonald sentiment is only slightly positive (net_tone ~0.014) with low uncertainty intensity, implying optimism is present but not expressed with extreme bullish wording. Contextually, management’s tone is meaningfully bullish: they cite strong demand, margin expansion, and raise guidance, while forward-looking language is mostly confident ('expect', 'confident') and uncertainty is largely confined to timing/comps and specific operational headwinds (tariffs, distributor model) rather than broad doubt about outcomes.",0.0,Same (Bullish),"The sentiment score is unchanged at 0.22 from Q2 to Q3, indicating no measurable shift in overall tone despite differences in the underlying lexicon and guidance emphasis.",0.22,,,,
1279ED,Civitas Resources Inc.,1279ED,Q2 2025,2025-08-07,Bullish,0.22,"L-M shows positive language dominates (177 positive vs 53 negative) with low overall uncertainty (uncertainty_ratio ~0.007), indicating more conviction than doubt across the call.; Forward-looking strength is reinforced by management’s repeated definitive execution framing (e.g., “on track,” “in sight,” “intend to rapidly take advantage,” “set up for an impressive second half”), which aligns with the relatively high modal_ratio (~0.213) and strong_modal count (37) outweighing weak_modal (24).; Uncertainty/hedging appears present but mostly in expected forms (macro volatility, commodity-price dependence, “early” Delaware production, “early as we’re planning on 2026”), rather than as balance-sheet or operational failure risk; this keeps the qualitative tone bullish despite the presence of standard caution language.","Capital returns and debt reduction are being treated as a coupled plan: management explicitly ties buybacks to achieving/maintaining the $4.5B net-debt target and emphasizes continued debt paydown “not done here,” suggesting buyback aggressiveness is conditional on balance-sheet de-risking rather than a standalone shift.; Operational messaging is strongly execution-led (cycle times, well costs, production ramp in 2H), and the guidance update is constructive: 2H volumes +~7% with costs expected < $10/BOE in 2H, implying the company believes efficiency gains can offset divestment-related volume timing effects.","Quantitatively, the Loughran-McDonald profile is only mildly positive on net tone (net_tone ~0.017) but is underpinned by a large positive word surplus (177 vs 53) and relatively low uncertainty. Contextually, management’s remarks are decisively bullish—emphasizing “on track,” “in sight,” and “confidence” around the $4.5B net-debt goal, accelerated buybacks, and a 2H EBITDA/free-cash-flow ramp—while hedging is largely limited to commodity/macro volatility and early-stage 2026 planning rather than expressing fundamental doubt.",0.17,Notably More Bullish,"Sentiment increased from 0.05 in Q1 to 0.22 in Q2 (delta +0.17), indicating a clear shift toward more positive, execution-focused messaging. The tone also reflects stronger forward-looking confidence in the second-half ramp and capital return/debt plan continuity.",0.05,,,,
12A3A3,FactSet Research Systems Inc.,FDS,Q2 2026,2026-03-31,Bullish,0.32,"L-M net tone is only slightly positive (0.0139) with low uncertainty ratio (0.0065), suggesting limited hedging overall; however, the transcript context shows strong bullish execution language that likely outweighs the small quantitative tilt.; Uncertainty (57) and modals (strong_modal 34 vs weak_modal 23; modal_ratio 0.193) appear present but are mostly used in guidance framing and scenario discussion (e.g., 'expect', 'remain on track', 'we see ample scope'), not as pervasive doubt about demand.; Negative L-M tone is low (69) relative to positive (191), and the negative language in context is largely confined to risk/legal disclaimers and operational caveats (e.g., margin timing, challenging comps), while management commentary emphasizes acceleration, traction, and measurable outcomes.","Guidance tone is constructive: management explicitly raises ASV, revenue, and EPS outlook ranges while maintaining operating margin ranges—implying confidence in demand and productivity offsets, not a trade-off that requires margin sacrifice.; AI adoption is framed as already monetizing (e.g., MCP server traction, AI coding productivity, declining manual support volumes), and management repeatedly links AI to deeper workflow pull-through rather than replacement—supporting a durable revenue model narrative.","Quantitatively, Loughran-McDonald shows a slightly positive net tone with low uncertainty and relatively more positive than negative language, indicating limited pessimism or hedging. Contextually, management’s remarks are clearly bullish: ASV growth is described as accelerating, multiple client wins are cited, and fiscal 2026 guidance is raised for ASV/revenue/EPS while operating margin guidance is maintained—suggesting confidence that productivity and investment ROI are aligning.",0.1,Notably More Bullish,"The sentiment score increased from 0.22 in Q1 2026 to 0.32 in Q2 2026 (delta +0.10), indicating a meaningfully more positive tone. This aligns with the current quarter’s more constructive execution and guidance framing.",0.22,0.14,Notably More Bullish,"The sentiment score increased by 0.14 (from 0.18 to 0.32), indicating a meaningfully more positive tone in Q2 2026 versus Q2 2025. This aligns with stronger bullish execution and more constructive guidance framing in the current quarter.",0.18
12DE76,Cisco Systems Inc.,CSCO,Q3 2026,2026-05-13,Bullish,0.42,"L-M net tone is only slightly positive (0.0088) with positive (149) vs negative (67) counts, but the overall sentiment is diluted by a relatively high uncertainty count (81) and modal dynamics (modal_ratio -0.0556), indicating frequent cautious/conditional phrasing alongside strong results.; Uncertainty language is concentrated in guidance framing and risk/assumption language (e.g., tariffs assumed, non-linear AI timing, mix contingencies for Splunk), rather than in operational performance—management repeatedly uses definitive growth and execution claims (e.g., 'momentum accelerating', 'record demand', 'delivered above the high-end').; Forward-looking strength is high in the form of acceleration/expansion language (e.g., 'momentum accelerating', 'accelerated', 'on track', 'expect to take ~ $9B', 'expect to recognize ~ $4B'), but it is paired with hedges about timing and mix (AI orders non-linear; Splunk cloud mix; pipeline durability).","Guidance tone is constructive: Q4 and FY26 ranges are reiterated as durable with operating leverage and capital returns emphasized, while AI demand is upgraded from prior expectations (FY26 AI infrastructure orders now ~ $9B vs prior $5B expectation), implying management sees sustained hyperscaler build-out rather than a one-quarter spike.; Despite bullish performance, investors should watch the main uncertainty channels highlighted by management: (1) AI order timing non-linearity into Q4/Q1 and (2) Splunk revenue drag sensitivity to cloud vs on-prem mix; these are where conditional language is most likely to translate into volatility.","Quantitatively, L-M sentiment is only marginally positive (net_tone ~0.009) because uncertainty/conditional phrasing is present (uncertainty_ratio ~0.0087; modal_ratio negative), but context shows that uncertainty is largely tied to guidance assumptions and mix/timing rather than to business deterioration. Qualitatively, management’s core message is strongly bullish—Q3 momentum accelerating, record orders, and an upgraded FY26 AI infrastructure outlook—while hedges are used to manage expectations around non-linear AI timing and Splunk transition.",0.14,Notably More Bullish,"The sentiment score increased by 0.14 from Q2 to Q3, indicating a meaningfully more bullish tone. This aligns with stronger forward-looking confidence (e.g., upgraded AI infrastructure outlook) despite continued, but secondary, uncertainty around timing and mix.",0.28,0.0,Same (Bullish),"The overall sentiment score is unchanged at 0.42 Y/Y. While both quarters are bullish, the current quarter’s tone appears slightly more diluted by uncertainty/guidance hedges, but not enough to move the score.",0.42
12E454,Meta Platforms Inc.,META,Q1 2026,2026-04-29,Bullish,0.42,"L-M net_tone is only slightly positive (0.0175) despite management describing strong momentum; this suggests the transcript contains substantial neutral/boilerplate and some caution language that offsets the otherwise upbeat operational tone.; Uncertainty is present but not dominant (uncertainty_ratio ~0.0054; modal_ratio ~0.1294), and the hedging appears largely in guidance/risk framing (e.g., forward-looking statements, legal/regulatory headwinds) rather than in core performance claims.; Strong modal usage (strong_modal 48 vs weak_modal 37) aligns with confident forward intent (e.g., 'expect', 'continue', 'we are increasing') while still allowing for conditional language around outcomes and planning.","Guidance tone is constructive on revenue and expenses: Q2 revenue is guided to $58B-$61B (range implies continued growth), while full-year expense outlook is unchanged; CapEx is raised materially ($125B-$145B vs prior $115B-$135B), signaling conviction in AI infrastructure despite cost pressure.; Management’s AI/agent narrative is execution-heavy and increasingly measurable: repeated references to engagement lifts, scaling metrics (e.g., Meta AI sessions per user, business AI conversations), and monetization efficiency improvements (conversion rate, inference ROI) reduce the risk that this is purely aspirational.","Quantitatively, the Loughran-McDonald net tone is only marginally positive, indicating that caution/uncertainty language is meaningfully present in the transcript. Qualitatively, however, management’s remarks are predominantly confident and forward-leaning—emphasizing strong engagement trends, AI product momentum (Muse Spark/Meta AI), and a clear investment plan—while hedging is mostly concentrated in standard forward-looking/legal disclaimers and in conditional guidance assumptions. Overall, the call reads Bullish, with the main offset being the elevated CapEx and explicit regulatory/tax uncertainty framing.",0.0,Same (Bullish),"The sentiment score is unchanged at 0.42 from Q4 2025 to Q1 2026, indicating no measurable shift in overall tone despite differences in specific drivers (e.g., CapEx emphasis and uncertainty framing).",0.42,0.24,Significantly More Bullish,"The sentiment score increased by 0.24 (from 0.18 to 0.42), indicating a materially more bullish tone in Q1 2026 versus Q1 2025. This aligns with stronger confidence in AI/engagement momentum and constructive guidance framing, despite continued uncertainty and higher CapEx.",0.18
12F98C,Casey's General Stores Inc.,CASY,Q4 2026,2026-06-10,Bullish,0.18,"L-M net tone is only slightly positive (0.011986) with uncertainty_ratio ~1.07%, indicating limited hedging overall, but not absent.; Uncertainty (94) and modal_ratio (-0.2468) suggest more weak-modality/conditional language than strong certainty; however, management pairs this with frequent definitive performance claims (record EPS, margin expansion, liquidity/FCF).; Negative (71) is materially lower than positive (176), implying the call’s language is more oriented to outcomes/benefits than to downside/risk—though some uncertainty is concentrated in forward-looking and conflict/commodity sequencing discussions.","Guidance tone is constructive but not aggressive: FY2027 EBITDA growth (8%-10%) and inside margin (>42%) are framed as achievable with “mousetrap” confidence, yet fuel/gas and CPG comps are explicitly treated as sequencing/unknowns (conflict impact), which is where the hedging shows up.; Management’s confidence is strongest where it is self-controlled (inside merchandising, waste reduction, nicotine alternatives mix, store execution) and more cautious where it depends on external variables (fuel pricing dynamics, commodity cycles like cheese, and conflict-driven volatility).","Quantitatively, the Loughran-McDonald profile is only mildly positive on net tone, with uncertainty and weak-modality present—consistent with management acknowledging sequencing and conflict/commodity variability. Contextually, however, the transcript is dominated by definitive operational and financial achievements (record EPS/EBITDA, margin expansion, strong liquidity/FCF) and confident guidance framing for FY2027, leading to an overall Bullish sentiment despite targeted hedging around fuel/CPG comps and external volatility.",0.0,Same (Bullish),"The sentiment score is unchanged at 0.18 from Q3 2026 to Q4 2026, indicating the overall tone remains bullish. Any differences are more in the composition of hedging/uncertainty rather than a shift in net sentiment.",0.18,-0.04,Same (Bullish),"Sentiment is slightly lower Y/Y (0.18 vs 0.22), but the change is within the 0.00–0.05 band, so overall tone remains Bullish with only a marginal softening.",0.22
131443,Cummins Inc.,CMI,"Cummins India Limited: Q4 Earnings Call on May 29, 2026 - Transcript",2026-05-29,Neutral,0.03,"Loughran-McDonald net tone is essentially flat/slightly negative (net_tone ≈ -0.0024) with negative words (103) only modestly exceeding positive (83), suggesting limited overall sentiment bias.; Uncertainty language is present but not dominant (uncertainty_ratio ≈ 0.0072; uncertainty count 60), and it is used mainly around macro/geopolitics, export visibility, and commodity/inflation lag rather than around core demand collapse.; Modal usage is moderate (modal_ratio ≈ 0.0732) with more strong modals (44) than weak modals (38), indicating management makes several confident directional statements (e.g., robust demand, margins intact) while still layering in caution on exports and macro.","Guidance tone is effectively steady-to-cautious: management expects “moderate growth” in FY 2026/27 and explicitly adds caution on geopolitics, inflation/commodity pass-through lag, and supply constraints—so investors should not assume acceleration beyond low-to-mid growth.; Margin risk is discussed but repeatedly countered: concerns about related-party sourcing/localization and imported components are met with claims that localization content is already high and margins have not been materially impacted; however, lead times and commodity-lag language imply near-term execution/working-capital sensitivity.","Quantitatively, the L-M statistics point to near-neutral tone (net_tone ~ -0.0024) with only a modest negative skew (negative > positive) and relatively low uncertainty intensity. Contextually, management is upbeat on results and demand (robust domestic inquiries/order books, data centers as a key growth driver) but tempers forward outlook with explicit caution on exports, geopolitics, inflation/commodity pass-through lag, and supply constraints—resulting in an overall Neutral sentiment rather than bullish.",,,,,,,,
135B09,MDU Resources Group Inc.,MDU,Q1 2026,2026-05-07,Bullish,0.22,"Loughran-McDonald net tone is only slightly positive (0.00843) with positive (65) exceeding negative (25), indicating more favorable than unfavorable language overall, but not an aggressively bullish lexicon.; Uncertainty is present but not dominant: uncertainty count (56) is materially higher than negative (25), yet the uncertainty_ratio is very low (0.011802), suggesting hedging is present yet relatively contained across the call rather than pervasive.; Strong modal and weak modal counts are balanced (strong_modal 23 vs weak_modal 23), consistent with a mix of confident execution statements (e.g., affirming guidance) and conditional language around project steps (e.g., 'not yet reached a final investment decision', 'will evaluate all options').","Guidance tone is constructive: management explicitly affirms 2026 EPS guidance ($0.93 to $1.00) despite mild weather headwinds, signaling confidence in underlying earnings power and execution.; For Bakken East, sentiment is positive on commercial momentum (40% of precedent agreements signed; 'comfortable with the schedule to-date' for a 7(c) timing and aiming for FID 'as soon as practical'), but the call repeatedly flags gating items (remaining agreements, design finalization, steel/labor/compression uncertainty), implying upside is real yet still execution-dependent.","Quantitatively, the L-M profile is only mildly positive (net_tone ~0.008) with uncertainty words present but not overwhelming, and modal language that is evenly split between strong and weak forms. Contextually, management’s tone is bullish: they affirm 2026 EPS guidance, highlight strong demand signals (including data center load ramp and Bakken East precedent progress), and express comfort with regulatory/timing milestones—while still hedging appropriately around the lack of a final investment decision and remaining cost/contracting variables.",-0.06,Slightly More Bearish,"Sentiment softened from 0.28 in Q4 2025 to 0.22 in Q1 2026 (delta -0.06). While both quarters remain bullish, Q1 2026’s tone appears less upbeat, with relatively more emphasis on execution gating/uncertainty despite constructive guidance.",0.28,,,,
13C3E0,American Airlines Group Inc.,AAL,Q1 2026,2026-04-23,Bullish,0.18,"L-M net tone is only slightly positive (+0.012) with uncertainty_ratio very low (~0.0094), suggesting limited hedging overall; however, uncertainty words are still present (87) and appear largely in forward-looking/risk framing rather than day-to-day operational commentary.; Positive (202) materially exceeds negative (88), indicating more constructive language than adverse; context confirms management uses negatives mainly for discrete headwinds (storms, fuel vs curve) while emphasizing mitigation actions and progress.; Modal balance is mildly negative (modal_ratio -0.0811) with more weak than strong modals (40 vs 34), consistent with some conditionality in guidance (e.g., 'assuming current forward fuel curve', 'we expect', 'we'll adjust') but not a collapse in confidence—guidance remains specific (revenue growth ranges, EPS range, fuel price assumption).","Guidance tone is constructive: management expects profitability in 2026 even with ~$4B higher fuel expense vs prior assumptions, and provides fairly structured second-quarter ranges (revenue +13.5% to +16.5%, adjusted EPS -$0.20 to +$0.20), implying confidence in fuel recapture via pricing/yield and capacity discipline.; Forward-looking strength is concentrated around demand and commercial execution (premium momentum, loyalty enrollments, corporate revenue growth) while uncertainty is mainly tied to fuel/capacity timing; investors should monitor whether recapture assumptions (40–50% in Q2 rising to 75–85% in Q3 and 90s% in Q4) hold as fuel and capacity decisions evolve.","Quantitatively, the Loughran-McDonald profile is only slightly positive on net tone, but the transcript context shows that negatives and uncertainty are largely confined to specific, bounded headwinds (storms, fuel vs curve) and forward-looking caveats. Management’s language is predominantly confident and execution-oriented—emphasizing premium demand strength, commercial initiatives, and a clear path to profitability in 2026—while using conditional phrasing mainly around fuel/capacity dynamics rather than expressing broad doubt.",0.12,Notably More Bullish,"The sentiment score increased from 0.06 in Q4 2025 to 0.18 in Q1 2026 (delta +0.12), indicating a meaningful shift toward a more constructive tone. This aligns with Q1 management language emphasizing a clearer path to 2026 profitability and execution, with uncertainty more bounded to specific items like fuel/capacity timing.",0.06,0.2,Significantly More Bullish,"Sentiment improved from slightly negative in Q1 2025 (-0.02) to clearly positive in Q1 2026 (0.18). This indicates a meaningful shift toward more constructive, confidence-oriented language year over year.",-0.02
143C52,Dollar Tree Inc.,DLTR,Q1 2026,2026-05-28,Bullish,0.22,"L-M net_tone is only slightly positive (+0.0159) with positive word count (232) modestly exceeding negative (82), implying overall optimism but not an aggressively euphoric tone.; Uncertainty is present but not dominant (uncertainty_ratio 0.0075; uncertainty count 71) and is heavily contextualized around macro items (fuel, tariffs, conflict duration) rather than internal execution—management repeatedly frames these as manageable/temporal.; Modal language is moderately strong (modal_ratio 0.1594; strong_modal 40 vs weak_modal 29), consistent with confident operational claims (e.g., 'we believe', 'we expect', 'we are focused') while still maintaining prudent qualifiers in guidance.","Guidance tone is constructive but cautious: management raised full-year EPS range (to $6.70–$7.10) yet explicitly assumes higher fuel for longer and excludes tariff refunds, signaling upside exists but is not being underwritten.; The call’s bullishness is execution-led (shrink bending the curve, margin expansion, store standards/G.O.L.D. progress) while the main hedges cluster around transportation/fuel and tariff timing—investors should treat the upside as scenario-dependent rather than base-case.","Quantitatively, the Loughran-McDonald profile is only mildly positive (net_tone ~+0.016) with uncertainty present but not overwhelming, suggesting optimism tempered by risk language. Contextually, management’s tone is bullish on results and controllable levers (margin expansion, shrink improvement, store standards, marketing scaling), while hedging is concentrated in macro variables (fuel, tariffs, conflict duration) and in a prudent guidance stance that excludes tariff refunds and assumes higher fuel costs for longer.",0.0,Same (Bullish),"The sentiment score is unchanged at 0.22 from Q4 2025 to Q1 2026, indicating broadly consistent tone. Both calls remain bullish, with differences showing up more in the underlying tone composition than in the overall score.",0.22,,,,
147C38,Southern Co.,SO,Q1 2026,2026-04-30,Bullish,0.18,"L-M net tone is slightly positive (0.0137) with positive word count (178) far exceeding negative (61), indicating more favorable than adverse language overall.; Uncertainty is present but not dominant (uncertainty_ratio 0.0084; uncertainty count 72), and much of the hedging is procedural/regulatory (“not going to get ahead of our regulators”, “not at a place to make a commitment”) rather than about demand or financial performance.; Modal balance is mildly negative (modal_ratio -0.0294) with weak/moderate hedging language, but management uses strong forward execution framing (“delivering”, “confidence”, “momentum”, “excited”, “in line”) and provides concrete forward metrics (contracted load additions, EPS estimate, dividend increase).","Management’s bullishness is anchored in execution and visibility: contracted/late-stage load progress (e.g., 1.9 GW signed; >11 GW contracted; 12 GW advancing) is discussed with confidence, while uncertainty is largely about regulatory timing and commitments (e.g., Georgia RFP process duration, nuclear build not committed).; Guidance tone is steady-to-upward in spirit: Q2 adjusted EPS estimate is provided ($1.00) alongside strong Q1 results, and the call emphasizes rate stability/freeze mechanisms and cost pass-through structures rather than signaling demand risk; investors should still monitor regulatory milestones (PSC/RFP certification windows) for when incremental CapEx could become visible.","Quantitatively, the Loughran-McDonald profile is only modestly positive (net_tone ~0.0137) but with clearly more positive than negative language (178 vs 61), consistent with a management narrative focused on growth, reliability, and shareholder value. Contextually, the call is bullish on execution and demand visibility (contracted load momentum, strong quarter, dividend increase), while uncertainty and hedging are concentrated in regulatory/process constraints and commitment boundaries (e.g., “not going to get ahead of our regulators”, no nuclear build commitment), supporting a Bullish overall tone rather than a cautious one.",-0.04,Same / Slight change (Slightly More Bearish),"The sentiment score declines modestly from 0.22 in Q4 2025 to 0.18 in Q1 2026 (delta -0.04), indicating a slight softening in tone. Despite remaining Bullish overall, the call appears a bit less upbeat than the prior quarter.",0.22,0.09999999999999999,Slightly More Bullish,"Sentiment improved from 0.08 in Q1 2025 to 0.18 in Q1 2026 (+0.10), indicating a more constructive tone. The current call emphasizes execution and visibility (contracted load momentum, confidence in delivery and shareholder actions) with uncertainty more focused on regulatory/process timing than underlying demand or financial deterioration.",0.08
1490F3,Digital Realty Trust Inc.,DLR,Q1 2026,2026-04-23,Bullish,0.42,"L-M net tone is near-neutral (0.0096) with more positives than negatives (157 vs 73), but the overall sentiment is diluted by heavy forward-looking/disclaimer language and operational caveats typical of earnings calls; Uncertainty is present but not dominant (uncertainty=52; uncertainty_ratio=0.0059), and it is largely tied to specific risk areas (power, labor/supply chain, community concerns, Middle East energy headlines) rather than broad demand doubt; Modal language is moderate (strong_modal=32, weak_modal=29; modal_ratio=0.0492), suggesting confident execution and guidance actions (“raising”) while still using measured phrasing around power availability and timing (“looking at alternatives,” “stay tuned”)","Management’s guidance posture is decisively constructive: they explicitly raise 2026 Core FFO per share by $0.10 to $8.00–$8.10 and frame the raise as execution-driven, implying confidence in leasing conversion and backlog visibility despite ongoing construction/power constraints.; AI demand is described as moving from pilot to production (explicitly “converted from pilot to production”), with AI-oriented requirements at 21% of 0–1 MW bookings; investors should view this as a strengthening demand mix rather than a transient theme, though the call still hedges on power/timing specifics for new land and large developments.","Quantitatively, the Loughran-McDonald profile is only slightly positive on net tone, but the transcript context shows that the positive language is concentrated in performance, leasing momentum, and guidance actions, while uncertainty is mostly confined to operational/risk disclaimers (power, labor, supply chain, community constraints). Management’s tone is bullish overall: they highlight record leasing/backlog, emphasize AI-driven demand conversion to production, and raise 2026 guidance, with only selective hedging around power availability and development timing.",0.0,Same (Bullish),"The sentiment score is unchanged at 0.42 from Q4 2025 to Q1 2026, indicating no measurable shift in overall tone. Both calls remain broadly bullish with only marginal differences in how operational risks and forward-looking language are framed.",0.42,0.24,Significantly More Bullish,"The sentiment score increased by 0.24 (from 0.18 to 0.42), indicating a materially more positive tone in Q1 2026 versus Q1 2025. This aligns with a more constructive guidance posture and stronger emphasis on AI demand conversion to production, despite ongoing operational risk caveats.",0.18
14A113,Louisiana-Pacific Corp.,LPX,Q1 2026,2026-05-06,Neutral,-0.08,"L-M net tone is essentially flat (0.003) with slightly more negative than positive word counts (86 negative vs 109 positive), suggesting the call is not broadly optimistic despite some upbeat highlights.; Uncertainty is present but not extreme: uncertainty_ratio is low (0.01036) yet uncertainty words (78) appear in the guidance/discussion of demand deterioration and back-half risk, aligning with management’s “prudent to temper” framing.; Modal usage is moderate (modal_ratio 0.082) with strong_modals (33) and weak_modals (28), indicating a mix of confident operational statements (e.g., safety, execution, contract mechanics) and conditional guidance language (e.g., “assuming,” “for modeling purposes,” “if prices persist”).","Guidance tone is cautious-to-downward for OSB: management explicitly expects OSB EBITDA to be a loss (~$10M in Q2) and models similar outcomes into Q3/Q4 if current price levels persist—this is the clearest negative forward-looking signal in the call.; Siding outlook is more resilient but still tempered: management expects volume declines (~10% YoY in Q2) with sequential improvement and relies on mix/price stability and ExpertFinish share gains; however, they repeatedly emphasize demand uncertainty in the back half, limiting confidence in a rapid housing recovery.","Quantitatively, the Loughran-McDonald net tone is near zero, but the call’s qualitative content skews cautious: management delivers execution positives (safety, Q1 beat vs range, pricing power in SmartSide) while using conditional, uncertainty-laden language around demand and commodity-driven margin pressure. The most bearish forward-looking element is OSB guidance (loss EBITDA in Q2 and modeled continuation), partially offset by a steadier Siding narrative anchored in ExpertFinish growth and share gains.",-0.14,Notably More Bearish,"Sentiment deteriorated from slightly positive in Q4 2025 (0.06) to negative in Q1 2026 (-0.08), a notable sequential shift. The change aligns with more cautious forward-looking guidance in Q1, particularly around OSB losses and demand/back-half uncertainty.",0.06,-0.26,Significantly More Bearish,"The sentiment score fell from +0.18 in Q1 2025 to -0.08 in Q1 2026 (delta -0.26), indicating a clear shift from a constructive/bullish tone to a more cautious, slightly negative tone. This aligns with more tempered forward-looking language, especially around OSB profitability and demand uncertainty.",0.18
14BA06,Devon Energy Corp.,DVN,Q1 2026,2026-05-06,Bullish,0.42,"L-M net_tone is only slightly positive (0.018) with uncertainty_ratio very low (0.00998), suggesting the call is not heavily hedged; however, the transcript context shows strong bullish execution language that the aggregate L-M tone may understate.; Forward-looking strength is high: management repeatedly uses confident, definitive framing for outcomes (e.g., 'expect this transaction to close tomorrow', 'dividend will increase by over 30%', 'confident', 'will achieve our $1 billion target well ahead of schedule', 'floor, not the ceiling').; Uncertainty/hedging appears more in process/portfolio-review and macro framing rather than in core performance: phrases like 'stress testing', 'not a simple formula', 'too early to call', and 'subject to formal board approval' temper specifics, but do not dominate the call.","Guidance/tone: management is effectively raising the forward outlook via 'significant upside torque' into Q2 and a clear shareholder-return plan (dividend increase + potential buyback acceleration post-close), while deferring only the combined full-year guidance to mid-June.; Risk framing is present but bounded: uncertainty is concentrated around portfolio review mechanics, after-tax structuring, and macro oil dynamics ('watching the back end of the curve'), not around the ability to deliver synergy/cost targets—synergy is treated as a high-confidence execution program ('156 opportunities', 'confident in the outcome').","Quantitatively, the Loughran-McDonald net tone is only mildly positive, but the uncertainty ratio is very low, indicating limited hedging overall. Contextually, management’s language is strongly execution- and upside-oriented—highlighting top-end production, free cash flow strength, a $1B optimization target achieved ahead of schedule, and a near-certain merger close—while uncertainty is mainly confined to portfolio review process, board approvals, and macro oil timing. Net result: bullish sentiment with confidence in delivery and shareholder returns, tempered by procedural and macro caveats.",0.2,Significantly More Bullish,"Sentiment increased materially from 0.22 in Q4 2025 to 0.42 in Q1 2026. The current quarter’s tone is more upbeat and execution/return-focused (e.g., confident transaction timing and clearer upside framing), with uncertainty remaining comparatively contained.",0.22,0.14,Notably More Bullish,"Sentiment improved by 0.14 (0.42 vs 0.28), indicating a more upbeat tone in Q1 2026. The call emphasizes stronger execution confidence and shareholder-return upside, with only bounded procedural/macro caveats.",0.28
14C7B2,Keurig Dr. Pepper Inc.,KDP,Q1 2026,2026-04-23,Bullish,0.22,"L-M net tone is slightly positive (0.01594) with more positive than negative terms (199 vs 78), indicating an overall constructive language mix rather than a downturn narrative.; Uncertainty is present but not dominant (uncertainty_ratio 0.00698; uncertainty count 53) and is largely tied to forward-looking framing and phasing/visibility language (e.g., 'expect', 'visibility', 'subject to market conditions') rather than pervasive doubt about demand.; Modal language is strong (modal_ratio 0.5181) with more strong modals than weak modals (63 vs 20), suggesting management uses confident forward-looking commitments (e.g., 'remain confident', 'expect', 'high degree of confidence') while still acknowledging timing/peaking cost dynamics.","Guidance tone is reaffirming and constructive: management reiterates low double-digit EPS growth and explicitly expects acceleration in Q2 and the back half as cost pressures ease and synergies build—this is a net positive despite Q1 EPS decline.; Coffee profitability commentary is the main source of caution: multiple references to temporary headwinds (hedge/inventory timing, tariffs/cost peak, trade inventory adjustments) imply near-term margin pressure, but the repeated 'moderate in Q2 / improve in back half' pattern supports a bullish medium-term trajectory.","Quantitatively, the Loughran-McDonald profile is only mildly positive (net_tone ~0.016) with limited uncertainty relative to total language, but management’s qualitative framing tilts more bullish: they emphasize confidence in delivering low double-digit EPS growth and acceleration after Q1. The main negatives are concentrated around temporary coffee margin headwinds and phasing, while strong modal usage and repeated 'expect/visibility/confidence' statements indicate conviction in the back-half improvement and integration/separation milestones.",0.1,Notably More Bullish,"Sentiment score increased by 0.10 from Q4 2025 to Q1 2026, indicating a more constructive tone. The uplift aligns with management’s reaffirmed confidence in low double-digit EPS growth and clearer back-half acceleration despite localized coffee margin headwinds.",0.12,0.04,Same (Bullish),"Sentiment is slightly higher in Q1 2026 versus Q1 2025 (+0.04), but remains within the 'same/slight change' band. Both quarters are assessed as bullish, with Q1 2026 marginally more constructive overall.",0.18
14ED2B,Estee Lauder Cos. Inc.,EL,Q3 2026,2026-05-01,Bullish,0.28,"Loughran-McDonald net tone is only slightly positive (positive 231 vs negative 93; net_tone ~0.016), implying sentiment is not overwhelmingly euphoric in word choice.; Uncertainty is present but not dominant (uncertainty 57; uncertainty_ratio 0.00679), and it is largely tied to macro/geopolitical risk disclaimers and specific disruption assumptions rather than core demand outlook.; Forward-looking strength is supported by modal usage (modal_ratio 0.1163 with strong_modal 24 and weak_modal 19) and by management’s repeated confident framing (e.g., “raised outlook,” “with confidence,” “expect,” “plan to”), though tempered by explicit “risk-adjusted” guidance language.","Guidance tone is constructive: management raised FY26 organic sales to ~3% (high end) and reiterated/strengthened margin expectations (10.7–11%), while providing a preliminary FY27 plan of 3–5% organic growth and 12.5–13% operating margin—suggesting operating leverage is becoming more credible than in prior years.; The main “negative”/uncertainty content is concentrated around identifiable disruptions (Middle East conflict, retailer bankruptcies, travel retail duty-free transitions) with quantified impacts (e.g., ~2pp sales growth and $0.06 EPS in Q4; Middle East <1% full-year), which reduces ambiguity versus broad-based demand concerns.","Despite a near-neutral L-M net tone, the call reads bullish because management pairs modestly positive word-level sentiment with concrete performance metrics (organic sales +2% in Q3; EPS +40%; margin expansion) and an upgraded FY26 outlook plus a confident FY27 preliminary range. Uncertainty language is present but mostly operationalized into specific, quantified disruption assumptions, while forward-looking statements lean toward acceleration (“expect,” “plan,” “confidence”) rather than caution or retreat.",0.0,Same (Bullish),"The sentiment score is unchanged at 0.28 from Q2 to Q3 2026. Despite similar overall tone, Q3 appears to keep a constructive, guidance-supported framing with uncertainty remaining contained to specific disruption assumptions.",0.28,0.06,Slightly More Bullish,"Sentiment improved by 0.06 Y/Y, moving from a bullish but more conditional tone in Q3 2025 to a more constructive, confidence-forward framing in Q3 2026. The uplift aligns with stronger quantified guidance/margin confidence and uncertainty that is more operationalized into specific disruption assumptions.",0.22
159739,Penghua CSI Cloud Computing & Big Data Index ETF,159739,Q1 2026,2026-04-28,Bullish,0.18,"L-M net tone is near-flat (slightly positive), but management language is dominated by execution and confidence (e.g., “pleased,” “exceeding,” “remain confident”), suggesting the small net tone is diluted by procedural/hedging language rather than true negativity; Uncertainty is present but not pervasive (uncertainty_ratio ~0.77%): hedges cluster around seasonality, timing, and comps (e.g., “early in the season,” “remain appropriately measured,” “we will provide additional color”), indicating cautious forward translation rather than deteriorating fundamentals; Modal balance is mildly negative (modal_ratio -0.3226) with more weak than strong modals (weak_modal 41 vs strong_modal 21), consistent with prudent, conditional guidance framing (“expect,” “model,” “remain thoughtful”) rather than aggressive certainty","Guidance tone is constructive: they raised full-year Core FFO guidance ($0.04 at midpoint) and explicitly attribute the raise to stronger MH fundamentals, while keeping RV guidance unchanged—investors should watch whether RV pacing in 2Q–3Q matches the “prudent/measured” expectations given the seasonality and comp effects.; Management repeatedly emphasizes “not read forward” conservatism: the Q1 beat is partly timing/seasonality (smaller Q1 contribution; RV annual vs transient mix), so the market should not assume linear carry-through; instead, track occupancy/NOI and transient pacing into peak months.","Quantitatively, Loughran-McDonald sentiment is only slightly positive (net_tone ~0.007) with low uncertainty, implying limited overt negativity. Contextually, management is clearly bullish on fundamentals and execution—Q1 Core FFO beat and a raised full-year range—while maintaining prudent hedges around seasonality, comp difficulty, and translating the beat into later quarters (especially for RV). Overall tone is best characterized as bullish with measured forward conservatism.",-0.1,Notably More Bearish,"The sentiment score declines from 0.28 in Q4 2025 to 0.18 in Q1 2026 (delta -0.10), indicating a meaningfully less bullish tone sequentially. While both quarters remain categorized as bullish, Q1’s tone appears more measured/conditional around seasonality and forward translation.",0.28,0.0,Same (Bullish),"The sentiment score is unchanged at 0.18 Y/Y. Despite similar bullish tone, the underlying L-M net tone is slightly lower in Q1 2026, but not enough to move the overall sentiment score.",0.18
159AE4,Kimco Realty Corp.,KIM,Q1 2026,2026-04-30,Bullish,0.18,"L-M net tone is near-neutral (+0.008) with more positive than negative words (172 vs 97), but the call contains substantial forward-looking/risk framing that dilutes the raw net tone.; Uncertainty is present but not dominant (uncertainty=65; uncertainty_ratio=0.0070), and it is largely tied to macro/geopolitical and credit timing rather than to core operating execution (e.g., “we anticipate accelerating…”, “we see no signs of that changing”).; Modal language is moderately strong (modal_ratio=0.147; strong_modal=39 vs weak_modal=29), consistent with confident forward statements (“tightening…”, “raised…”, “remain confident…”) rather than heavy hedging.","Management is effectively guiding to acceleration: they tightened FFO and raised same-site NOI growth while narrowing credit loss assumptions—this is a constructive guidance posture rather than a cautious one.; The strongest forward-looking confidence is anchored in the signed-but-not-open (SNO) pipeline ($77M annual base rent, record) and the operational “velocity” narrative; investors should track whether economic occupancy ramps in 2H as explicitly expected (visibility is the core claim).","Quantitatively, the Loughran-McDonald net tone is close to neutral (+0.008) because uncertainty/risk language is embedded throughout the call, but the word mix is still positive (172 positive vs 97 negative) and modal usage skews toward stronger commitments. Contextually, management’s tone is bullish: they report accelerating NOI expectations, tighten/raise guidance, and repeatedly emphasize record SNO visibility and improving credit performance, with uncertainty mainly confined to macro and timing (refinancing/capital activity) rather than operating fundamentals.",-0.1,Notably More Bearish,"Sentiment score declined from 0.28 in Q4 2025 to 0.18 in Q1 2026 (delta -0.10), indicating a less bullish tone sequentially. The current quarter still reads constructive, but with relatively more forward/risk framing diluting the optimism versus the prior quarter.",0.28,0.0,Same (Bullish),"The sentiment score is unchanged at 0.18 versus Q1 2025, indicating broadly consistent overall tone. While both calls are bullish, the balance of uncertainty and forward-looking framing appears to shift without materially affecting the aggregate sentiment score.",0.18
15A388,Parsons Corp.,PSN,Q1 2026,2026-04-29,Bullish,0.18,"L-M net tone is near-neutral (0.0065) with slightly more positive than negative words (201 vs 130), suggesting overall positivity but not an aggressively optimistic lexicon.; Uncertainty is present but not dominant (uncertainty=74; uncertainty_ratio=0.00675), and modal balance is mildly negative (modal_ratio=-0.1111) indicating more cautious/conditional phrasing than strong certainty.; Litigious language is relatively elevated (litigious=69) but appears largely tied to standard forward-looking/risk disclaimers rather than operational guidance language; management still uses confident execution terms (e.g., 'record', 'reaffirming', 'confident').","Guidance tone is mixed: management reiterates full-year guidance ranges but explicitly lowered Q2 expectations due to award timing/phasing—investors should treat the year outlook as supported by backlog/book-to-bill rather than near-term momentum.; Forward-looking confidence is strongest around demand visibility (pipeline, win rates, funded backlog) and segment durability (CI consecutive book-to-bill streak), while the main risk framing is timing (workdays, phasing, CR/reconciliation uncertainty) rather than fundamental demand deterioration.","Quantitatively, Loughran-McDonald shows a near-neutral net tone (0.0065) with modestly more positive than negative language, and uncertainty words are present but not overwhelming. Contextually, management’s operational and financial commentary is clearly upbeat (records in EBITDA margin, backlog, cash flow; strong book-to-bill; 'reaffirming' guidance), while the main caution is procedural/timing-based (Q2 lowered expectations, phasing in Middle East and award timing) rather than a deterioration in demand. Overall, the call reads Bullish with some conditionality consistent with the mildly negative modal ratio.",0.0,Same (Bullish),"The sentiment score is unchanged at 0.18 from Q4 2025 to Q1 2026, indicating broadly consistent tone. Both quarters read bullish with only near-neutral differences in the underlying lexicon.",0.18,-0.1,Notably More Bearish,"The sentiment score declined from 0.28 in Q1 2025 to 0.18 in Q1 2026 (delta -0.10), indicating a less bullish tone year-over-year. While both calls are categorized as Bullish, the current quarter reads more conditional/mixed, particularly around timing/phasing in guidance.",0.28
15ABD0,Jacobs Solutions Inc.,J,Q2 2026,2026-05-05,Bullish,0.18,"L-M net tone is slightly positive (positive 127 vs negative 65) with very low uncertainty ratio (0.006426), indicating more favorable than negative language overall and limited hedging frequency.; Modal balance is mildly negative (modal_ratio -0.0588) but the call’s guidance language is largely definitive: management repeatedly uses confident framing like 'increase our FY 2026 outlook' and 'good line of sight' rather than heavy conditionality.; Uncertainty (50) appears present but is contextually concentrated in operational/transaction accounting expectations (e.g., GAAP vs adjusted differential 'we expect') and scenario discussion (IIJ election outcomes), not in demand deterioration.","Guidance posture is clearly constructive: FY2026 outlook is raised for revenue growth, EBITDA margin, and EPS, with explicit Q3/Q4 margin trajectory (Q3 ~15%, Q4 16%+), suggesting management sees execution momentum rather than a late-year slowdown.; Forward-looking strength is driven by bookings/backlog and AI/data center demand visibility (pipeline up 400% YoY; visibility through 2027-2028), while hedging is mainly confined to policy/election timing and accounting normalization rather than end-market demand.","Quantitatively, the Loughran-McDonald profile is only slightly positive on net tone, but the transcript context shows that management’s language is predominantly confident and growth-oriented, with limited uncertainty and no sign of demand stress. The call’s strongest forward-looking elements are the raised FY2026 outlook and the specific back-half margin trajectory, while hedging is mostly limited to expected accounting normalization (GAAP vs adjusted) and government/policy scenarios (IIJ extension), supporting an overall Bullish tone.",-0.1,Notably More Bearish,"The sentiment score declines from 0.28 in Q1 to 0.18 in Q2 (delta -0.10), indicating a less bullish tone sequentially. While Q2 remains categorized as Bullish, the reduced score suggests comparatively more cautious or hedged framing versus Q1.",0.28,,,,
160825,Chord Energy Corp.,CHRD,Q1 2026,2026-05-06,Bullish,0.28,"L-M net tone is near-neutral (0.008) with more positive than negative words (112 vs 64), but the bullishness is tempered by elevated uncertainty language (76; uncertainty_ratio 0.0127).; Uncertainty is heavily contextualized as macro/commodity volatility and forward-looking disclaimers (e.g., 'unprecedented amount of volatility and uncertainty', 'for now... comfortable', 'circumspect'), rather than operational deterioration; management still reports strong execution and cash flow.; Modal balance suggests cautious framing: strong_modal (24) vs weak_modal (46) and a negative modal_ratio (-0.3143), indicating more 'may/likely/comfortable/too early' style hedging than definitive commitments—yet guidance is maintained/raised via updated 2026 outlook and volume upside.","Management is effectively running a 'maintenance +' strategy: they explicitly keep drilling/completions capital consistent, but they are willing to allow modest volume upside if efficiencies and prices hold—this implies upside optionality without a clear CapEx step-up.; Shareholder return tone is constructive but conditional: buybacks are attractive at current levels, with an explicit plan to taper if the stock begins underwriting a much higher oil price (pro-cyclicality guardrail).; Operational confidence is supported by concrete execution metrics (oil volumes above high end of guidance; Tuohy 4-mile DSU in-line; cost/efficiency improvements), while uncertainty is concentrated in commodity durability and timing of supply returning to market.","Quantitatively, the Loughran-McDonald profile is only slightly positive overall (net_tone ~0.008) because uncertainty and weaker-modality hedging are present (uncertainty_ratio 0.0127; weak_modal > strong_modal; negative modal_ratio). Qualitatively, however, management’s core message is bullish: strong Q1 execution and cash flow, an updated 2026 outlook with higher oil volumes and improved realizations, and confidence in inventory/efficiency gains—while uncertainty is mainly about commodity-market durability and timing, not about the company’s ability to execute.",0.06,Slightly More Bullish,"The sentiment score increased from 0.22 in Q4 2025 to 0.28 in Q1 2026 (delta +0.06). This indicates a modest improvement in overall tone, even though uncertainty language remains elevated in the current quarter.",0.22,0.06,Slightly More Bullish,"Sentiment score increased by 0.06 Y/Y, indicating a modestly more positive tone in Q1 2026 versus Q1 2025. The improvement is tempered by higher uncertainty language, but overall framing remains constructive.",0.22
164D72,SLB Ltd.,SLB,Q1 2026,2026-04-24,Neutral,0.05,"Loughran-McDonald net tone is near-flat (positive 140 vs negative 114; net_tone ~0.003), indicating only a slight tilt toward positive language overall.; Uncertainty is present but not dominant (uncertainty_ratio ~0.0078; uncertainty count 67), and it is concentrated in forward-looking framing around geopolitical duration and guidance precision rather than in core business conviction.; Modal language is heavy (modal_ratio ~0.483 with strong_modal 86 vs weak_modal 30), consistent with management using confident expectations (e.g., “expect,” “on track,” “committed”) while still acknowledging scenario-based variability.","Guidance tone is scenario-based rather than directional: management explicitly says Q2 is “challenging to provide precise guidance,” but under a defined easing-by-mid-quarter scenario they expect the Middle East EPS hit ($0.06–$0.08) to be offset by other international markets—watch for whether the company shifts from scenario language to a firmer range in later quarters.; Despite Q1 margin pressure tied to Middle East logistics/materials and OneSubsea, management repeatedly anchors to margin normalization and growth acceleration (Digital full-year EBITDA margin at least 35%; OneSubsea margins expected to normalize; backlog exit $1B run rate with acceleration in 2027). Investors should treat near-term negatives as largely “timing/temporary effects,” not a thesis break.","Management tone is broadly constructive but tempered by explicit geopolitical uncertainty. Quantitatively, L-M sentiment is near neutral (net_tone ~0.003 with only modest positive dominance), while qualitative context shows confidence in long-cycle demand (deepwater/FID pipeline, Digital/Data Center momentum) offset by scenario-based caution for Q2 due to Middle East disruption and cost pressure. Overall, the call reads as “positive outlook with near-term risk,” aligning with a Neutral sentiment score.",-0.17,Notably More Bearish,"Sentiment weakened materially from Q4 2025 (0.22) to Q1 2026 (0.05), reflecting a shift from a more constructive rebound/guidance tone to greater near-term caution. The current quarter emphasizes scenario-based geopolitical and margin uncertainty, reducing overall bullishness.",0.22,-0.01,Same,"Sentiment is essentially unchanged year-over-year, with a marginal decrease from 0.06 to 0.05. The tone remains neutral, with only slightly less positive tilt in Q1 2026 versus Q1 2025.",0.06
168A5D,Berkshire Hathaway Inc.,BRK.A,Q3 2015,2015-11-10,Neutral,0.08,"L-M net tone is slightly positive (positive 81 vs negative 47; net_tone ~ +0.0058), but the magnitude is small—consistent with a largely factual/operational call rather than a strongly bullish one.; Uncertainty is present but not dominant (uncertainty 41; uncertainty_ratio ~0.00695). Context shows uncertainty is concentrated in forward-looking/industry-risk areas (e.g., global economy 'unstable', coal demand 'pressure', crude-by-rail 'hard to say') rather than in core execution claims.; Modal language is moderately active (modal_ratio ~0.245) with more strong modals than weak modals (strong_modal 33 vs weak_modal 20), indicating management uses confident framing for operational performance and investment rationale, while still avoiding hard guidance (e.g., 'we don't have a target' / 'can't give you any numbers').","Management is constructive on fundamentals (service/velocity improvements, cost leverage, continued intermodal conversion narrative) but deliberately avoids quantitative forward guidance—so investors should treat the tone as execution-positive rather than outlook-guaranteeing.; Key downside sensitivity is commodity/energy-linked demand (coal and crude-by-rail) and policy/regulatory timing (e.g., Clean Power Plan, trucking regulations). The call suggests upside from regulatory pressure on trucking and intermodal conversion, but downside from coal/energy price dynamics remains a meaningful swing factor.","Quantitatively, the Loughran-McDonald metrics point to a slightly positive but near-neutral tone (net_tone ~ +0.0058) with more positive than negative language, while uncertainty is present yet not overwhelming. Qualitatively, management sounds confident about operational improvements, cost leverage, and the strategic rationale for investment, but repeatedly hedges on forward-looking specifics (no volume/operating ratio targets, CapEx 2016 'lower' without numbers, commodity-driven demand 'hard to say'), resulting in an overall Neutral investor sentiment.",,,,,,,,
16AD58,CRH PLC,CRH,Q1 2026,2026-04-30,Bullish,0.18,"Loughran-McDonald net_tone is slightly positive (0.0217) with far more positive than negative words (199 vs 58), indicating overall favorable language rather than a defensive tone.; Uncertainty is present but not dominant: uncertainty count (58) is low relative to total word volume (uncertainty_ratio 0.0089), and it is largely confined to standard forward-looking/risk framing and scenario assumptions (e.g., macro/geopolitical dislocations, weather, continuing resolution).; Modal language is moderate (modal_ratio 0.0588) with a small skew toward strong modals (27 strong vs 24 weak), consistent with confident guidance reaffirmation rather than heavy hedging.","Guidance tone is reaffirming and conditional: management explicitly ties the 2026 EBITDA range to “normal seasonal weather” and “no further major dislocations,” but the core message is that early-season momentum and backlogs are in place—suggesting low perceived risk to the range absent major shocks.; Risk/uncertainty is actively managed operationally: in Q&A, energy-cost volatility is addressed with a mature rolling hedging policy (9-month coverage) and proactive pricing actions, implying that cost shocks are being absorbed without changing the margin-expansion narrative.","Quantitatively, the call is only mildly positive on L-M net_tone (0.0217) but with a clear positive skew in word counts (199 positive vs 58 negative) and low uncertainty intensity (uncertainty_ratio 0.0089). Contextually, management’s tone is bullish: they report strong Q1 momentum, reaffirm 2026 guidance, and frame uncertainties (macro/geopolitics, weather, energy volatility, legislative timing) as manageable via hedging, pricing discipline, and backlog visibility rather than as reasons to lower outlook.",,,,,0.0,Same (Bullish),"The sentiment score is unchanged at 0.18 versus Q1 2025, indicating broadly consistent tone year-over-year. Any differences in wording appear to be more about nuance (e.g., uncertainty/modality balance) than an overall shift in sentiment.",0.18
16C7F0,Prosperity Bancshares Inc.,PB,Q1 2026,2026-04-29,Bullish,0.18,"L-M net tone is near-flat/slightly positive (positive 128 vs negative 76; net_tone ~0.006), indicating more positive than negative language but not a strongly directional tone by word counts alone.; Uncertainty is present but not dominant (uncertainty 82; uncertainty_ratio ~0.0096), and much of it is concentrated in standard forward-looking/legal disclaimers and deal/integration caveats rather than core operating performance.; Modal balance suggests cautious confidence (strong_modal 36 vs weak_modal 46; modal_ratio -0.122), consistent with management using definitive targets (e.g., margin improvement, EPS run-rate) while still hedging around integration execution and credit resolution timing.","Management’s forward-looking posture is constructive: they repeatedly frame 2026 as benefiting from rate cuts, accretion from acquisitions, and margin improvement (including explicit “minimum 3.5%” NIM guidance without Stellar), which should support earnings expectations despite modest word-count neutrality.; Credit tone is controlled but not risk-free: non-performing assets rose sequentially, and a specific $35m Shared National Credit moved to non-accrual with “challenging” resolution conversations—investors should monitor whether uncertainty/credit language increases in subsequent calls even as management emphasizes portfolio cleanliness and reserves.","Quantitatively, Loughran-McDonald sentiment is only slightly positive (net_tone ~0.006) with uncertainty present but not overwhelming, implying the call is not uniformly euphoric in word choice. Contextually, however, management delivers a clearly constructive outlook for 2026—emphasizing margin/NII improvement, accretion, cost saves, and integration confidence—while using hedges mainly around execution and credit resolution (e.g., non-accrual SNC and integration “glitches” caveat), resulting in an overall Bullish tone rather than Neutral.",-0.04,Same (Bullish),"Sentiment is slightly lower in Q1 2026 versus Q4 2025, but the change is within the 0.00–0.05 band, indicating broadly similar bullish tone overall.",0.22,0.0,Same (Bullish),"The sentiment score is unchanged at 0.18 versus Q1 2025, indicating no measurable shift in overall tone year-over-year. Both quarters are assessed as Bullish, with differences showing up more in the underlying NLP components than in the headline score.",0.18
1782D5,Range Resources Corp.,RRC,Q1 2026,2026-04-22,Bullish,0.18,"Loughran-McDonald net tone is only slightly positive (net_tone ~ +0.0107) with uncertainty_ratio very low (~0.0113), suggesting limited hedging overall rather than a strongly negative/cautious call.; Despite low uncertainty ratio, management uses frequent forward-looking modal language (strong_modal 39 vs weak_modal 53; modal_ratio -0.1522), which reads as structured planning and expectations rather than aggressive certainty—still constructive but not euphoric.; Negative and litigious/constraining counts are present but not dominant (negative 77; litigious 24; constraining 10), and the transcript context shows most 'risk/uncertainty' phrasing is concentrated in the standard safe-harbor disclaimer rather than in operational guidance.","Guidance tone is reaffirming/constructive: production is described as on-track with a mid-year step-up (2.5 Bcf/d by year-end) and capital cadence framed as within prior guidance, implying confidence in execution rather than a reset.; Forward-looking upside is emphasized through marketing/outlook language (exports expected to increase through 2026; NGL differential guidance raised to +$1.25 to $2.50), while uncertainty is mostly tied to macro/seasonality and geopolitical disruptions rather than company-specific delivery risk.","Quantitatively, the L-M metrics point to a near-neutral net tone (+0.0107) with very low overall uncertainty frequency, indicating the call is not dominated by hedging. Contextually, management’s language is clearly constructive and execution-focused—highlighting strong realized pricing, record premiums, and an improved 2026 NGL differential range—while forward-looking statements are tempered by macro/seasonality caveats (e.g., Strait of Hormuz impacts, international normalization timing). Overall, the sentiment is Bullish, but with a measured, planning-oriented delivery rather than maximal certainty.",0.0,Same (Bullish),"The sentiment score is unchanged at 0.18 from Q4 2025 to Q1 2026, indicating the overall tone remains bullish with no measurable shift in directional sentiment.",0.18,-0.1,Slightly More Bearish,"The sentiment score declines from 0.28 in Q1 2025 to 0.18 in Q1 2026 (delta -0.10), indicating a modestly less bullish tone. While both calls remain bullish, the current quarter reads more measured/conditional in its forward-looking language and expectations.",0.28
1791E7,BorgWarner Inc.,BWA,Q1 2026,2026-05-06,Neutral,0.06,"Loughran-McDonald net tone is near-flat (+0.0103) with positive (149) only modestly exceeding negative (65), implying overall positivity but not an exuberant tone.; Uncertainty is present but not dominant (uncertainty=71; uncertainty_ratio=0.0087). Context shows uncertainty is largely confined to macro/environment framing and guidance caution rather than operational deterioration.; Modal balance is slightly negative (modal_ratio=-0.1212) with more weak modals than strong modals (weak_modal 37 vs strong_modal 29), consistent with guidance being reaffirmed and capacity decisions deferred (e.g., 'decision... in 2H', 'we'll provide more color in late 2026/early 2027').","Management sentiment supports confidence in execution (margin expansion, strong award flow, on-track 2027 industrialization), but the call repeatedly avoids committing to upside by keeping guidance unchanged and deferring key capacity/launch decision points—suggesting upside exists but is not being underwritten yet.; Forward-looking language is strongest around commercial traction (12 awards, B-sample shipments, UL progress) while uncertainty concentrates around demand/macro and incremental investment timing (battery market decline, inflation monitoring, potential turbine capacity expansion decision later).","Quantitatively, the L-M statistics point to a near-neutral overall tone (net_tone ~ +0.01) with positivity outweighing negativity but only slightly, and with uncertainty present at a moderate level. Contextually, management is constructive on execution and industrial/data-center momentum (awards, B-samples, UL progress, reaffirmed guidance), yet uses weaker/hedged modality and defers major decision timing (turbine capacity expansion, longer-term business color), keeping the overall sentiment closer to Neutral than Bullish.",-0.16,Notably More Bearish,"Sentiment weakened from a Bullish Q4 2025 tone (0.22) to a Neutral Q1 2026 tone (0.06), a notable decline of 0.16. The shift reflects more hedged language and deferred decision timing in Q1 versus the more confident margin/EPS and initiative ramp framing in Q4.",0.22,-0.12,Notably More Bearish,"The sentiment score declines from 0.18 in Q1 2025 to 0.06 in Q1 2026 (delta -0.12), indicating a shift from a more bullish tone to a more neutral/guarded posture. This aligns with management reaffirming guidance and deferring key decision timing rather than underwriting upside.",0.18
17EDA5,Intel Corp.,INTC,Q1 2026,2026-04-23,Bullish,0.22,"L-M net tone is only slightly positive (0.014) with positive words (209) far exceeding negative (79), indicating overall optimism but not an extreme sentiment regime.; Uncertainty is present but not dominant (uncertainty=73; uncertainty_ratio=0.00796), suggesting management acknowledges macro/geopolitical and cost headwinds while still expressing confidence in demand and execution.; Modal language is moderately strong (strong_modal=49 vs weak_modal=37; modal_ratio=0.1395), consistent with confident forward statements (e.g., sustained momentum, improving outlook) tempered by “prudently planning” and “expect” framing rather than absolute certainty.","Guidance tone is constructive but not euphoric: Q2 revenue guided up sequentially (2%–9%) with gross margin declining modestly due to early 18A ramp mix and lack of Q1 inventory benefits—investors should separate demand strength from near-term margin pressure.; Forward-looking confidence is strongest around CPU-driven AI infrastructure demand and supply ramp execution, while the main quantified risk signals cluster around second-half cost headwinds (memory/substrates) and foundry ramp economics (18A early costs, OpEx inflation).","Management’s tone is bullish: L-M shows a clear positive skew (209 positive vs 79 negative) and moderate strong-modality usage, aligning with statements about sustained AI-driven CPU demand, full-volume ramps, and improving foundry yields. However, the L-M net tone is only slightly positive and uncertainty is non-trivial, which matches the call’s recurring caveats on macro/geopolitics, component cost inflation, and second-half gross margin headwinds from early 18A mix and rising inputs.",0.04,Same (Bullish),"Sentiment is marginally higher in Q1 2026 versus Q4 2025 (+0.04), but remains in the same mildly bullish regime. The tone stays constructive with similar levels of tempered optimism and acknowledged execution/cost uncertainties.",0.18,0.14,Notably More Bullish,"Sentiment increased from 0.08 in Q1 2025 to 0.22 in Q1 2026 (delta +0.14), indicating a clearer bullish tone this year. The improvement reflects more positive forward-looking language and confidence in execution, despite ongoing uncertainty.",0.08
182BE7,ICU Medical Inc.,ICUI,Q1 2026,2026-05-07,Neutral,0.08,"L-M net tone is near-flat (0.007), with positive (93) only modestly exceeding negative (49), implying limited overall sentiment skew.; Uncertainty is present but not dominant: uncertainty count (70) is higher than negative (49), yet uncertainty_ratio is low (0.0111), suggesting hedging is present mainly in specific risk/forecast passages rather than pervasive throughout.; Modal usage is moderate (modal_ratio 0.1538) with more strong modals (30) than weak modals (22), consistent with generally confident guidance language while still acknowledging evolving macro/trade variables.","Management reiterates full-year guidance with “high degree of confidence” and frames emerging macro items as largely offsetting—investors should treat the guidance as stable rather than a reset, despite the detailed discussion of tariffs/oil/logistics.; Forward-looking strength is concentrated in operational execution (record infusion systems quarter, margin expansion, product development progress, and “flat to slightly down” near-term Vital Care assumptions), while the main uncertainty is macro/trade duration (tariffs framework unknown, oil/diesel pass-through).","Quantitatively, the Loughran-McDonald net tone is essentially neutral (0.007) with only a modest positive word surplus, while uncertainty-related language is elevated enough to matter (70 uncertainty terms) but appears largely tied to risk/forecast mechanics rather than day-to-day execution. Contextually, management’s tone is more constructive than the raw net tone suggests—reiterating guidance, emphasizing record/ongoing momentum in core businesses and margin progress—yet repeatedly hedging around evolving tariffs, oil/diesel costs, and regulatory timing for new pump hardware.",-0.04,Same / Slight change (Slightly More Bearish),"The sentiment score declines modestly from 0.12 in Q4 2025 to 0.08 in Q1 2026 (delta -0.04), indicating a slight shift toward less bullish tone but remaining effectively neutral overall.",0.12,0.03,Same,"Sentiment is slightly higher year-over-year (0.08 vs 0.05), but the change is within the 0.00–0.05 band, indicating broadly similar tone. Both quarters remain Neutral with only modest positive skew.",0.05
18311E,Texas Pacific Land Corp.,TPL,Q1 2026,2026-05-07,Bullish,0.28,"Loughran-McDonald net tone is near-neutral (0.0034) with slightly more positive than negative words (42 vs 31), suggesting positivity is present but tempered by frequent uncertainty language.; Uncertainty is relatively elevated in absolute terms (49 uncertainty words; uncertainty_ratio 0.0151), and management uses it in context of commodity duration, deal timing, and commercial structuring—i.e., forward-looking caution rather than operational distress.; Modal balance is slightly negative (modal_ratio -0.1429) with more weak modals than strong modals (24 vs 18), consistent with language like 'to be determined,' 'limited in providing additional details,' and 'hard to say' on TAM—confidence is high on current performance, lower on specifics of future market sizing/terms.","Management’s bullishness is strongest on near-term fundamentals (record revenue/FCF, unhedged upside capture, strong permitting/spudding and line-of-sight inventory growth), while the uncertainty is concentrated around how long elevated oil prices persist and how quickly hyperscaler/data center commercial decisions translate into finalized projects.; Guidance tone is effectively 'maintain/advance' rather than 'raise/lower': there is no explicit revenue/FCF guidance, but prepared remarks emphasize progress (power/data center land sale with 20-year payments; desal Phase 2B nearing completion) and continued momentum in negotiations—investors should watch for updates that convert 'limited details/to be determined' into signed commercial terms.","Overall tone is bullish: management highlights record Q1 results, strong royalty-driven cash generation, and tangible progress in power/data center and produced-water desalination, aligning with the slightly positive L-M word balance (42 positive vs 31 negative). However, the L-M uncertainty footprint (49 uncertainty words) and weaker modal usage (more weak than strong modals) reflect deliberate caution around commodity-duration assumptions, deal structure specifics, and TAM/market share estimates—so confidence is high on execution progress, but more tentative on the pace and economics of future commercial scaling.",0.0,Same (Bullish),"The sentiment score is unchanged at 0.28 from Q4 2025 to Q1 2026, indicating broadly consistent tone. Both quarters remain classified as Bullish, with differences mainly in the level of uncertainty and specificity rather than overall sentiment.",0.28,0.0,Same (Bullish),"The sentiment score is unchanged at 0.28 Y/Y, indicating the overall tone remains bullish. Any differences are more in the composition of language (slightly more uncertainty and weaker modal emphasis in Q1 2026) rather than a shift in net sentiment.",0.28
184866,Cytokinetics Inc.,CYTK,Q1 2026,2026-05-05,Bullish,0.42,"L-M shows a slightly positive net tone (0.0109) driven by substantially more positive than negative words (73 vs 31), consistent with management celebrating approvals, trial success, and launch traction.; Uncertainty is present but low in relative terms (uncertainty_ratio 0.0062; 24 uncertainty words), and most forward-looking language is framed as plans/expectations (e.g., 'expect to', 'plan to') rather than speculative outcomes.; Modal usage is moderate (modal_ratio 0.3793) with more strong than weak modals (20 vs 9), indicating confident forward-looking statements (e.g., 'expect', 'plan', 'remain on target') rather than heavy hedging.","Management’s tone is meaningfully positive around MYQORZO launch momentum (early demand, paid prescription conversion, prescriber engagement) and around ACACIA-HCM efficacy with 'no new safety signals'—supporting a constructive read-through for near-term commercialization and regulatory discussions.; Despite the bullish content, the call maintains disciplined caution around timing/approval pathways (e.g., 'depending on regulatory review', 'may', 'expect to meet/submit'), suggesting investors should still treat guidance impacts from ACACIA-HCM as pending rather than pre-committed.","Quantitatively, the Loughran-McDonald profile is only mildly positive on net tone (0.0109) but is underpinned by a clear positive/negative imbalance (73 positive vs 31 negative) and low relative uncertainty. Contextually, management’s remarks are strongly upbeat—celebrating MYQORZO launch traction and ACACIA-HCM statistically significant efficacy with no new safety signals—while forward-looking statements are mostly framed as planned execution ('expect to', 'plan to') rather than highly hedged outcomes, resulting in an overall bullish sentiment.",0.14,Notably More Bullish,"Sentiment increased from 0.28 in Q4 2025 to 0.42 in Q1 2026 (delta +0.14). The call tone became more upbeat, with stronger positive emphasis on MYQORZO launch traction and ACACIA-HCM progress while maintaining relatively low uncertainty.",0.28,0.24,Significantly More Bullish,"The sentiment score increased by 0.24 (from 0.18 to 0.42), indicating a materially more positive tone in Q1 2026 versus Q1 2025. This aligns with stronger upbeat messaging around launch traction and efficacy updates, with relatively low incremental uncertainty.",0.18
188394,FMC Corp.,FMC,Q1 2026,2026-04-30,Neutral,0.03,"L-M net tone is near-flat/slightly positive (0.0064) with positive (109) only modestly exceeding negative (60), implying limited directional sentiment overall.; Uncertainty is present but not dominant: uncertainty count (76) is materially higher than negative (60), yet uncertainty_ratio is very low (0.00999), suggesting hedging is present but not pervasive or extreme.; Modal usage is balanced (strong_modal 46 vs weak_modal 34; modal_ratio 0.15), consistent with a call that mixes confident execution statements (e.g., debt paydown, operational priorities, H2 ramp) with specific caveats (tariffs/Iran, registration timing, partner dynamics).","Management is effectively running a “confidence-with-caveats” playbook: they maintain full-year guidance despite tariff/Iran uncertainty, but they explicitly frame cost/tariff impacts as largely offset and promise an updated outlook next call—investors should monitor whether that offset assumption holds.; Forward-looking strength is concentrated in execution milestones (India sale timing in May, secured bond offering “market conditions permitting,” H2 order ramp in Brazil, and new AI momentum), while the main risk language clusters around external macro/regulatory timing (tariffs, conflict duration, registration speed, and Q3/Q4 proof for Rynaxypyr strategy).","Quantitatively, the Loughran-McDonald net tone is essentially neutral (0.0064) with only a modest positive word surplus, while uncertainty language is elevated relative to negatives but not overwhelming. Contextually, management sounds more constructive on operational execution and H2 ramp (multiple “expect/anticipate/confidence” statements) yet remains cautious on macro/regulatory drivers—especially tariffs/Iran and registration timing—leading to an overall Neutral sentiment rather than bullish.",0.06,Slightly More Bullish,"Sentiment improved from slightly negative in Q4 2025 (-0.03) to slightly positive in Q1 2026 (0.03). The shift is modest, consistent with a more execution-focused and confidence-with-caveats tone despite ongoing macro/regulatory uncertainties.",-0.03,-0.19,Significantly More Bearish,"The sentiment score fell from 0.22 in Q1 2025 to 0.03 in Q1 2026 (delta -0.19), indicating a clear shift away from the more bullish tone. The current quarter reads as more neutral, with confidence tempered by ongoing macro/regulatory and timing uncertainties.",0.22
18EC17,Intuitive Surgical Inc.,ISRG,Q1 2026,2026-04-21,Bullish,0.18,"L-M net tone is only slightly positive (+0.010) with relatively low negative word count (63) versus positive (153), implying positivity is present but tempered by frequent caution/uncertainty language.; Uncertainty is present but not dominant: uncertainty count (66) is modest relative to total word volume and uncertainty_ratio is very low (0.0075), suggesting hedging exists but is not pervasive across the call.; Modal balance indicates conviction with some restraint: strong_modal (49) exceeds weak_modal (35), consistent with confident execution statements (e.g., “expect,” “continue to believe,” “encouraged”) while still acknowledging specific regional risks (China/Japan, ACA, tariffs).","Guidance tone is constructive: da Vinci procedure growth range is raised (13%–15% to 13.5%–15.5%), while gross margin guidance is slightly tightened upward (67%–68% to 67.5%–68.5%), signaling management sees improving fundamentals despite macro/tariff inputs.; Hedging is concentrated around identifiable externalities (ACA premium subsidy expiration, China tender/competition and reimbursement clarity timing into 2027, Japan short-term caution tied to hospital financial position), whereas product/clinical and adoption commentary is largely definitive and forward-progressive (steady adoption expectations, “progressing steadily,” “encouraged,” “expect”).","Quantitatively, the Loughran-McDonald profile is only mildly positive (net_tone ~+0.01) with low overall uncertainty, but the transcript context shows that management’s bullishness is expressed through concrete execution metrics (procedure growth, utilization, placements) and an upward revision to 2026 da Vinci growth and improved gross margin range. Negativity/uncertainty language is present and targeted—mainly around China/Japan reimbursement and tender dynamics, ACA subsidy effects, and macro/tariff input costs—so the overall tone reads Bullish rather than Neutral.",-0.1,Slightly More Bearish,"Sentiment score declined from 0.28 in Q4 2025 to 0.18 in Q1 2026 (delta -0.10), indicating a modestly less bullish tone despite still-positive guidance and execution commentary.",0.28,0.0,Same (Bullish),"The sentiment score is unchanged at 0.18 year-over-year. While both quarters are assessed as Bullish, the tone shift is more about composition (slightly more tempered positivity in Q1 2026) rather than a change in overall sentiment magnitude.",0.18
190100,MPLX LP,MPLX,Q1 2026,2026-05-05,Bullish,0.35,"L-M net tone is near-neutral (0.0078) with more positive than negative word counts (52 vs 24), indicating overall positivity but not an overwhelmingly aggressive lexicon.; Uncertainty is present but not dominant (uncertainty_ratio ~0.0084; uncertainty count 30), and much of it is consistent with standard forward-looking framing and macro/geopolitical references rather than operational doubt.; Modal language is relatively strong (modal_ratio ~0.297) with more strong modals than weak modals (24 vs 13), aligning with confident execution statements (e.g., projects on schedule, expected online dates) rather than hedged outcomes.","Management’s forward-looking confidence is anchored to specific in-service milestones (Secretariat I April; Harmon Creek III Q3; Titan gas treating capacity ramp into Q4; Blackcomb pipeline Q4), supporting a back-half weighted EBITDA ramp narrative despite a softer Q1.; Guidance tone is constructive rather than raised: they reiterate confidence in mid-single-digit growth and distribution growth (12.5%) with a coverage floor (>=1.3x), while acknowledging near-term headwinds (storm impact, commodity price mark-to-market) that are framed as temporary/offsettable.","Despite a near-neutral L-M net_tone, the transcript reads bullish: management uses more positive than negative language and relies more on strong modals than weak ones, consistent with confident execution and scheduled ramp-up. Uncertainty language is present but largely tied to standard forward-looking and macro/geopolitical disclaimers, while operational and project commentary is predominantly definitive (on track/expected/enter service), implying a credible back-half EBITDA and cash-flow strengthening.",0.0,Same (Bullish),"The sentiment score is unchanged at 0.35 from Q4 2025 to Q1 2026. Overall tone remains bullish, with differences mainly in the balance of uncertainty/modal language rather than a shift in directional sentiment.",0.35,0.13,Notably More Bullish,"The sentiment score increased by 0.13 Y/Y, indicating a meaningfully more positive tone in Q1 2026 versus Q1 2025. This aligns with stronger execution/milestone confidence and constructive guidance framing despite near-term headwinds.",0.22
190B91,Fiserv Inc.,FI,Q1 2026,2026-05-05,Bullish,0.18,"Loughran-McDonald net tone is only slightly positive (positive 154 vs negative 69; net_tone ~ +0.01), implying limited overt negativity in the lexicon overall; Uncertainty is present but not dominant (uncertainty 58; uncertainty_ratio ~0.007), and the modal structure is moderately strong (strong_modal 47 vs weak_modal 30; modal_ratio ~0.221), consistent with confident execution language rather than heavy hedging; Negative/constraint terms appear to be concentrated in performance framing and risk-style qualifiers (e.g., 'headwind', 'declined', 'as expected', 'timing-related'), while management repeatedly uses forward-looking 'on track', 'confident', and 'expect' for 2H/2027 outcomes","Guidance tone is steady-to-constructive: management reiterates 2026 revenue growth (organic 1%-3%) and margin targets while emphasizing that 2Q is the trough and that improved execution should become more visible in 2H/2027—watch for whether Financial Solutions margin recovery and core attrition stabilization materialize as promised.; AI and One Fiserv execution are framed as de-risking levers (client health index, call center/portal improvements, modernization productivity), but the call still acknowledges that reported financials lag due to non-recurring revenue lapping and ongoing investment—investors should separate operational KPI progress (service/incident reduction) from near-term earnings visibility.","Quantitatively, the Loughran-McDonald metrics show only a mildly positive net tone (+0.01) with relatively low uncertainty frequency, suggesting negativity is present but not pervasive in the language. Contextually, management’s messaging is more bullish than the raw lexicon implies: they repeatedly emphasize being 'in execution mode,' 'confident' in strategy, and 'on track' for 2H/2027 visibility, while acknowledging near-term headwinds (Argentina rates/inflation, non-recurring revenue lapping, and above-trend core attrition) and positioning 2Q as the trough.",-0.1,Notably More Bearish,"Sentiment score declined from 0.28 in Q4 2025 to 0.18 in Q1 2026 (delta -0.10), indicating a more cautious tone despite both calls being categorized as bullish. The shift likely reflects greater emphasis on near-term trough/margin headwinds and execution lag rather than incremental optimism.",0.28,-0.24,Significantly More Bearish,"The sentiment score fell from 0.42 in Q1 2025 to 0.18 in Q1 2026 (delta -0.24), indicating a materially less bullish tone year over year. Despite still-positive language, the current quarter’s messaging appears more tempered and execution-focused relative to the stronger confidence conveyed in Q1 2025.",0.42
1921DD,GE Aerospace,GE,Q1 2026,2026-04-21,Bullish,0.18,"Loughran-McDonald net tone is near-neutral (+0.0063) with only slightly more positive than negative words (148 vs 96), suggesting the call’s optimism is real but tempered by substantial caution language.; Uncertainty is present but not dominant: uncertainty count is 88 with uncertainty_ratio ~1.07%, and modal_ratio is negative (-0.2857), consistent with more weak/hedging modals than strong, aligning with repeated scenario-based language around Middle East duration and macro risk.; Forward-looking strength is expressed through guidance maintenance plus “trending toward the high end” and explicit confidence in delivery (e.g., “holding our full year guidance,” “confident…deliver the high end”), while the main hedges are concentrated around departures/services lag and supply-chain delinquency dynamics rather than demand collapse.","Management is effectively signaling “upside within the existing guide”: Q2 services growth is expected to be above the full-year guide, and they are trending toward the high end, but they are not raising guidance due to scenario uncertainty (especially Middle East duration and fuel/air-travel demand).; The key operational risk they emphasize is not order weakness but execution constraints: spare parts delinquency is up ~70% since end-2024 and is framed as demand exceeding supply; investors should watch whether delinquency stabilizes/declines (material flow improvement) because that is the gating factor for potentially higher services than guided.","Quantitatively, the L-M metrics show a near-neutral net tone, but context clarifies that management’s positivity is expressed through strong results and high-end guidance positioning, while caution is mainly hedging around geopolitical duration and lagged aftermarket effects. The call maintains full-year guidance yet repeatedly signals confidence in delivering the high end, with uncertainty language (and weaker modals) concentrated around departures scenarios, fuel availability, and supply-chain delinquency rather than a deterioration in underlying demand.",-0.1,Notably More Bearish,"Sentiment weakened from 0.28 in Q4 2025 to 0.18 in Q1 2026 (delta -0.10). The call remains Bullish overall, but the tone is more tempered by heightened uncertainty and execution/supply-chain lag hedges.",0.28,0.06,Slightly More Bullish,"Sentiment improved by 0.06 Y/Y, indicating a modestly more positive tone in Q1 2026 versus Q1 2025. The call remains near-neutral in net Loughran-McDonald tone, but management’s confidence in delivering the high end of guidance is slightly stronger.",0.12
192727,Five9 Inc.,FIVN,Q1 2026,2026-04-30,Bullish,0.35,"L-M net tone is near-neutral (0.0056) with more positive than negative words (126 vs 79), suggesting overall positivity but diluted by heavy forward-looking/risk language early in the transcript.; Uncertainty is present but not dominant (uncertainty_ratio 0.0082; uncertainty count 69), and it is largely concentrated in the standard Safe Harbor/risk framing rather than in the CEO/CFO’s core performance and guidance claims.; Modal usage is meaningful (modal_ratio 0.2676; strong_modal 45 vs weak_modal 26), consistent with confident guidance language (e.g., “expect,” “intend,” “guiding”) rather than purely speculative phrasing.","Management’s bullishness is anchored in measurable execution: subscription acceleration, AI revenue growth (68% YoY), and margin/cash flow expansion, with guidance raised (FY revenue midpoint up; FY EPS midpoint up) rather than merely reiterated.; AI growth is explicitly framed as backlog/deployment-schedule driven and therefore “lumpy” quarter-to-quarter; investors should track AI revenue ramp timing and backlog conversion visibility rather than expecting linear AI growth each quarter.","Quantitatively, the Loughran-McDonald results show a slightly positive net tone (positive 126 vs negative 79) but with uncertainty language that is likely inflated by the extensive Safe Harbor and risk-factor sections. Contextually, management’s remarks and Q&A are decisively constructive: they report accelerating subscription/AI performance, cite stabilization in retention metrics, and raise full-year guidance, while acknowledging AI volatility as a scheduling/backlog phenomenon rather than a demand or product failure risk.",0.0,Same (Bullish),"Sentiment score is unchanged at 0.35 from Q4 2025 to Q1 2026, indicating broadly consistent bullish tone. Any differences are more likely reflected in the NLP tone metrics (e.g., net tone and modal/uncertainty composition) rather than overall sentiment.",0.35,-0.07,Slightly More Bearish,"The sentiment score declines by 0.07 Y/Y, indicating a modestly less bullish tone in Q1 2026 versus Q1 2025. While management remains constructive, the current quarter’s positivity appears more diluted by forward-looking/risk framing than in the prior year.",0.42
1A3E1B,Truist Financial Corp.,TFC,Q1 2026,2026-04-17,Bullish,0.22,"L-M net tone is only slightly positive (0.0153) with modest negative word usage (93) versus positive (239), suggesting positivity is present but not overwhelmingly so in the full transcript.; Uncertainty is present but not dominant (uncertainty=77; uncertainty_ratio=0.0081). Contextually, uncertainty clusters around rate-path assumptions and outlook mechanics (e.g., Fed funds staying unchanged, competitive deposit dynamics), not around credit deterioration.; Modal balance is mildly negative (modal_ratio=-0.069) with more weak than strong modals (weak_modal=31 > strong_modal=27), indicating some hedging/caution in forward-looking items (NII/NIM path, rate curve), while management still uses confident framing for targets (e.g., 'confident', 'line of sight').","Guidance tone is constructive but refined: management lowered NII growth expectations to 2%-3% (from 3%-4%) due to the lack of expected Fed cuts, yet kept overall 2026 earnings/EPS expectations unchanged by leaning on stronger non-interest income, lower tax rate, and higher buybacks.; Long-term capital return messaging is strengthened: unveiling a new 16%-18% ROTCE target (beyond the 14%/15% milestones) is delivered with 'confidence' and 'line of sight,' implying management views the operating leverage/fee acceleration as durable despite near-term NII headwinds.","Quantitatively, the Loughran-McDonald results show a slightly positive overall tone (net_tone ~0.015) with more positive than negative language, while uncertainty is present but not excessive. Qualitatively, management’s tone is bullish: they emphasize underlying momentum, fee acceleration, and improved capital return, but they hedge around the rate path and deposit/interest-rate sensitivity—reflected in the lowered NII outlook and cautious NIM timing. Net-net, the call reads as confident on earnings power and long-term ROTCE, with targeted caution on near-term NII/NIM drivers.",0.0,Same (Bullish),"The sentiment score is unchanged at 0.22 from Q4 2025 to Q1 2026, indicating broadly consistent tone. Any differences appear to be more about the balance of confidence vs. hedging rather than an overall shift in bullishness.",0.22,0.1,Notably More Bullish,"The sentiment score increased by 0.10 (from 0.12 to 0.22), indicating a meaningfully more positive tone in Q1 2026 versus Q1 2025. This aligns with more constructive capital return/ROTCE messaging and only modest hedging around near-term NII/NIM drivers.",0.12
1B9535,Sprouts Farmers Market Inc.,SFM,Q1 2026,2026-04-29,Bullish,0.18,"L-M net tone is only slightly positive (0.0138) with uncertainty present (uncertainty=76; uncertainty_ratio=0.0069), but management repeatedly frames outcomes as 'as expected' and 'confident'—suggesting uncertainty is more about macro/transition than business deterioration.; Forward-looking strength is moderate-to-strong: multiple explicit sequential-improvement and confidence statements ('expecting sequential improvement', 'confident in our strategy', 'well positioned'), which likely outweigh the L-M uncertainty counts that are partly concentrated in standard forward-looking/risk language.; Hedging is present but targeted: guidance includes ranges and conditional language ('we believe', 'expect', 'we'll see how that evolves'), and Q2 EBIT margin pressure is explicitly guided (~75 bps) while the back half is framed as stabilizing—consistent with a constructive but not euphoric tone.","Guidance tone is constructive: full-year sales/comp ranges are maintained, EPS outlook is increased, and management expects sequential improvement through 2026—investors should view the quarter as a transition quarter with improving comps rather than a demand collapse.; Margin narrative is balanced: near-term gross margin headwinds (loyalty investment, shrink, fuel) are acknowledged and quantified (Q2 EBIT margin pressure ~75 bps), but the back-half outlook emphasizes stabilization and easing comparisons; monitor whether shrink/markdown improvements and loyalty/vender funding ramp offset affordability-driven pricing.","Quantitatively, Loughran-McDonald sentiment is only slightly positive (net_tone ~0.0138) with some uncertainty language, but the transcript context shows management using uncertainty primarily to describe macro/transition and risk disclaimers rather than expressing fundamental doubt. Qualitatively, executives are consistently confident in strategy execution and sequential improvement, while still providing cautious, quantified near-term margin pressure and conditional fuel/elasticity language—overall a Bullish tone with measured hedging.",0.2,Significantly More Bullish,"Sentiment improved materially from slightly negative in Q4 2025 (-0.02) to bullish in Q1 2026 (0.18). The tone shift reflects more constructive confidence and sequential-improvement framing, despite continued acknowledgment of near-term margin pressure.",-0.02,-0.04,Same (Bullish),"Sentiment remains bullish but is slightly lower Y/Y (0.18 vs 0.22), indicating a modest reduction in optimism rather than a meaningful tone deterioration.",0.22
1BC12C,GM (General Motors Co.),GM,Q1 2026,2026-04-28,Neutral,0.08,"L-M net tone is near-flat (+0.008), indicating sentiment is only marginally positive overall despite strong management performance language; Uncertainty word count is meaningful (94) but uncertainty_ratio is low (0.0096), suggesting hedging is present yet not dominant; it clusters around geopolitics (Iran), tariff timing, and demand/mix assumptions rather than core execution; Modal balance is slightly negative (modal_ratio -0.1714) with more weak than strong modals, consistent with management using cautious phrasing like 'prudent to wait and see' and 'assuming' rather than making aggressive commitments","Guidance tone is constructive but conditional: EBIT-adjusted guidance is raised ($500m) while management explicitly limits further changes due to Iran-related cost uncertainty—investors should treat the raise as execution/tariff-flow-through plus cost management, not a fully de-risked outlook.; Forward-looking risk is concentrated in a few drivers (Iran duration/oil & logistics, tariff refund timing, EV profitability/charges cadence), while the rest of the call emphasizes durable demand discipline (lean inventory, low incentives) and recurring digital revenue momentum (OnStar/Super Cruise).","Quantitatively, Loughran-McDonald sentiment is essentially neutral (net_tone ~+0.008) with uncertainty present but not overwhelming, and modal usage skewing cautious. Contextually, management is upbeat on execution (record-like quarter, margin progress, digital momentum) and raises guidance, but repeatedly hedges around geopolitical cost duration and refund timing, leading to an overall slightly positive yet not strongly bullish tone.",-0.14,Notably More Bearish,"Q1 2026 sentiment is lower than Q4 2025 (0.08 vs 0.22), indicating a shift from a more confident/bullish tone to a more neutral stance. The change is consistent with greater conditionality around geopolitical/tariff and EV-related uncertainties in Q1.",0.22,-0.1,Notably More Bearish,"The sentiment score declines by 0.10 (from 0.18 to 0.08), indicating a shift from a more bullish tone in Q1 2025 to a more neutral tone in Q1 2026. The current quarter’s positivity is more conditional, with greater emphasis on uncertainty around geopolitical/tariff-related cost and timing.",0.18
1BDB2A,MKS Inc.,MKSI,Q1 2026,2026-05-07,Bullish,0.42,"L-M net tone is only slightly positive (0.0154) with far more positive than negative words (141 vs 45), indicating optimism is present but diluted by substantial forward-looking disclaimers and structured guidance language.; Uncertainty is low in relative terms (uncertainty_ratio 0.0082; uncertainty count 51) and modal_ratio is negative (-0.2174), suggesting fewer hedging/weak-modality phrases than strong, confidence-supporting language overall.; Strong modal usage (18) and weak modal usage (28) implies some caution exists, but the call’s dominant pattern is confident, directive forward-looking statements (e.g., 'expect', 'we remain confident', 'expect to accelerate') rather than speculative framing.","Management’s forward-looking tone is constructive: Q2 guidance is raised/maintained at high levels (47% gross margin guide; revenue $1.2B ±$40M) and they explicitly expect semiconductor revenue to accelerate (high teens sequentially) tied to bookings and AI-driven complexity.; Risk/uncertainty is present but appears more procedural than substantive: hedging is concentrated in standard forward-looking disclaimers and a few scenario discussions (e.g., consumer electronics unit sensitivity), while core drivers (AI CapEx, order visibility, capacity readiness) are stated with high confidence.","Quantitatively, the Loughran-McDonald profile is only mildly positive on net tone (0.0154) with low relative uncertainty, but the transcript context shows that management’s optimism is substantive: Q1 results were at/above the high end of guidance and Q2 outlook calls for continued momentum and semiconductor acceleration. The negative modal ratio and modest uncertainty count suggest some caution (notably around mix and consumer electronics cyclicality), yet the dominant language is confident and forward-executing ('expect', 'remain confident', 'positioned'), supporting a Bullish overall sentiment.",0.14,Notably More Bullish,"Sentiment increased from 0.28 in Q4 2025 to 0.42 in Q1 2026 (+0.14), indicating a more optimistic tone. The improvement aligns with more confident forward execution and raised/maintained high guidance, with uncertainty remaining relatively low.",0.28,0.24,Significantly More Bullish,"The sentiment score increased by 0.24 Y/Y, indicating a materially more optimistic tone in Q1 2026 versus Q1 2025. This aligns with management’s more constructive forward outlook (e.g., semiconductor acceleration and guidance confidence) despite some residual uncertainty.",0.18
1C2593,BJ's Wholesale Club Holdings Inc.,BJ,Q1 2026,2026-05-22,Bullish,0.28,"L-M net tone is only slightly positive (0.020) with low uncertainty ratio (0.0077), suggesting limited hedging overall; however, the call contains meaningful cautionary framing around consumer pressure and cost volatility that tempers the headline positivity.; Uncertainty (68) and weak/moderate modal usage (strong_modal 51 vs weak_modal 34; modal_ratio 0.2) appear more consistent with operational outlook language (“watching,” “depending on,” “as we progress”) rather than pervasive doubt about demand or strategy.; Negative L-M count is low (53) relative to positive (230), and the transcript’s negative concepts are largely contextual (gas margin pressure early in quarter, eggs deflation, uneven discretionary categories) rather than a deterioration narrative.","Guidance tone is stable: management explicitly says they are maintaining full-year guidance, with Q2–Q4 comps guided in the same 2%–3% range; investors should treat this as a reaffirmation rather than a reset despite margin pressure from gas volatility and merchandise investment.; Tariff refund and pricing strategy are framed as an intentional “play offense” lever: management repeatedly indicates continued price-gap investment using tariff-related gains, but also flags that gas/fuel and freight could reintroduce inflationary momentum later—model margins with scenario-based sensitivity rather than a straight-line deflation assumption.","Quantitatively, the Loughran-McDonald profile is only mildly positive (net_tone ~0.02) with low uncertainty intensity, implying management is not broadly hedging. Contextually, the transcript is clearly constructive—solid results, share gains, strong membership and Texas momentum—while the main cautions are localized (early gas margin pressure, lower-income pressure, eggs deflation, and discretionary unevenness). Overall, the call reads bullish with disciplined confidence, reinforced by maintaining full-year guidance and emphasizing continued investment in value.",0.1,Notably More Bullish,"The sentiment score increased by 0.10 (from 0.18 to 0.28), indicating a meaningfully more positive tone in Q1 2026 versus Q4 2025. The call remains bullish while still acknowledging localized cost/consumer pressure, but confidence and growth framing are stronger.",0.18,,,,
1C32D1,Doximity Inc.,DOCS,Q4 2026,2026-05-13,Bullish,0.28,"Loughran-McDonald net tone is near-neutral (0.0069) with uncertainty_ratio low (0.0088), implying the call’s negativity/uncertainty language is present but not dominant across the transcript.; Uncertainty (89) and weak modals (59) appear frequently, but context shows they cluster around market visibility/policy and AI Search monetization timing rather than around core product traction (e.g., engagement acceleration, hospital adoption).; Strong modals (44) are used alongside confident performance statements (e.g., “record,” “tripled,” “already generating strong early interest,” “we expect” guidance ranges), supporting an overall constructive tone despite cautious macro commentary.","Management is effectively separating “traction” from “monetization”: physician AI engagement and health-system distribution are described in accelerating, near-definitive terms, while AI Search revenue is intentionally guided as minimal this fiscal year due to regulatory review timelines—watch for evidence that approvals shorten and ramp timing shifts.; Guidance tone is mildly cautious on growth/margins: revenue growth guided ~4% at midpoint and EBITDA margin ~49% (high-40s), consistent with continued AI compute investment and softer HCP digital pharma ad demand; however, profitability discipline remains intact (margin commitment and strong FCF/repurchases).","Quantitatively, the L-M net tone is close to neutral, but qualitative context tilts bullish: management highlights record FCF, accelerating AI engagement, and rapid health-system adoption, while uncertainty language is mainly tied to policy/macro visibility and the slower path to AI Search monetization. Forward-looking statements are generally confident on platform momentum and margin maintenance (high-40s+), with hedging concentrated around near-term demand softness and regulatory-driven timing.",0.06,Slightly More Bullish,"Sentiment improved from 0.22 to 0.28 (+0.06), indicating a modestly more constructive tone in Q4 versus Q3. The uplift aligns with management’s more confident framing of accelerating AI engagement/health-system adoption while keeping uncertainty largely tied to timing/regulatory items.",0.22,0.0,Same (Bullish),"The sentiment score is unchanged at 0.28 versus Q4 2025, indicating the overall tone remains bullish year-over-year. Any differences are therefore more likely in the distribution of uncertainty/hedging language rather than a shift in net sentiment.",0.28
1D1B07,Constellation Brands Inc.,STZ,Q4 2026,2026-04-09,Neutral,0.12,"Loughran-McDonald net tone is only slightly positive (net_tone ~ +0.009) with positive (106) only modestly exceeding negative (61), implying limited overall sentiment skew.; Uncertainty is present but not dominant: uncertainty_ratio ~0.011 (57 uncertainty words) and modal_ratio ~0.108 with strong_modals (36) and weak_modals (29), suggesting a mix of conviction and qualification rather than pervasive doubt.; Contextually, hedging/visibility language is concentrated around demand outlook and near-term volatility (e.g., 'limited visibility', 'cautious', 'volatility has been high and visibility has been low'), while guidance-related statements are more structured (specific margin ranges, hedging percentages, and medium-term targets).",Near-term outlook is framed as improving but still constrained by low visibility; investors should treat the guidance as conditional and monitor whether March momentum sustains into 2H given repeated references to volatility and cautious consumers.; Management is more confident on structural medium-term margin targets (Wine & Spirits low 20s; beer momentum supported by brand strength) than on the timing—multiple answers attribute margin pressure to cyclical/category headwinds and distributor inventory timing rather than permanent impairment.,"Quantitatively, the L-M statistics point to a near-neutral but slightly positive tone (net_tone ~ +0.009) with uncertainty present yet not overwhelming. Qualitatively, management expresses confidence in strategy and medium-term targets, but repeatedly qualifies the near-term with limited visibility, cautious consumer behavior, and fluid operating conditions—resulting in an overall Neutral-to-slightly-positive investor read rather than a strongly bullish one.",0.039999999999999994,Same / Slight change,"Sentiment improved modestly from 0.08 to 0.12, indicating a slight shift toward more constructive language. The tone remains Neutral overall, with uncertainty still present but not dominant.",0.08,0.039999999999999994,Same,"Sentiment improved modestly from 0.08 to 0.12, but the change is within the 0.00–0.05 band, indicating broadly similar tone. Both quarters remain neutral with only slight positive skew and continued qualification around near-term visibility.",0.08
1D4A78,Southern Copper Corp.,SCCO,Q1 2026,2026-04-30,Bullish,0.18,"L-M net tone is near-neutral (0.0037) with positive (66) slightly exceeding negative (47), suggesting overall positivity but not an overwhelmingly aggressive tone in the text corpus.; Uncertainty is present but low by ratio (uncertainty_ratio 0.0071; uncertainty count 36), and most hedging appears tied to operational variability (ore grades/recoveries, diesel/sulfuric acid impacts) and project contingencies rather than to financial deterioration.; Modal usage is moderate (modal_ratio 0.0455) with strong_modal (23) and weak_modal (21) both present—management uses confident forward statements (e.g., production targets, deficit estimate, cost improvements) while still acknowledging specific dependencies (power connection for El Arco, permit noise, commodity/cost drivers).","Guidance tone is constructive: copper production is raised/maintained with an explicit upside (+4,000 tons vs plan) and management expects grade/recovery improvement into the back half of 2026 and 2027, while 2027 is framed as relatively flat—investors should view 2026 as the near-term execution window and 2027 as stabilization.; Cost narrative is a key bullish driver: cash cost including by-product credit is negative (-$0.11/lb) and management reiterates that cash cost before by-products (~$2.30/lb) should improve as Tía María ramps in the second half of next year; near-term cost variability is attributed to fuel/transport rather than structural margin compression.","Quantitatively, Loughran-McDonald signals only a slight positive tilt (positive words modestly outweigh negative; net_tone ~0.0037) with relatively low uncertainty by ratio, indicating limited “worry language.” Contextually, management’s Q1 messaging is meaningfully bullish: record financials, strong by-product-driven cash cost performance, and constructive production/cost outlooks (including a copper upside vs plan and expectations for grade/recovery improvement), tempered by targeted hedges around ore variability, energy/power dependencies for El Arco, and short-term input-cost fluctuations.",0.0,Same (Bullish),"The sentiment score is unchanged at 0.18 from Q4 2025 to Q1 2026, indicating broadly consistent tone. Any qualitative differences are not reflected in the overall sentiment score.",0.18,0.0,Same (Bullish),"The sentiment score is unchanged at 0.18 for Q1 2026 vs Q1 2025, indicating broadly consistent overall tone. Any differences are more likely in the balance of hedging/uncertainty and modal usage rather than a shift in net sentiment.",0.18
1D9E55,Global Payments Inc.,GPN,Q1 2026,2026-05-06,Bullish,0.22,"L-M net tone is slightly positive (positive 307 vs negative 82) with very low uncertainty ratio (0.006728), indicating limited hedging overall rather than pervasive caution.; Uncertainty (79) and modal balance (strong_modal 35 vs weak_modal 36; modal_ratio -0.0141) suggest management uses some forward-looking language but not in a highly speculative or tentative way; most statements read as execution updates and reaffirmations.; Negative and constraining terms (negative 82; constraining 16) appear largely tied to specific headwinds (Middle East conflict, tax payment volume impacts, integration/plumbing caveats) rather than broad deterioration—consistent with a bullish operating narrative.","Guidance tone is reaffirming with targeted headwinds: management expects up to a 100 bps headwind to Q2 net revenue growth from Middle East conflict and softer tax volumes, while keeping full-year normalized constant-currency growth ~5% and margin expansion ~150 bps—suggesting confidence in offsetting factors (diversification, integration efficiencies).; Forward-looking strength is concentrated in synergy and product momentum: repeated “expect/continue to” language around Worldpay integration progress, Genius adoption (bookings/yields), and revenue synergy ramp (foundation in 2026; larger impact 2027/2028) supports a constructive risk/reward view, with uncertainty framed as manageable rather than structural.","Quantitatively, the Loughran-McDonald profile is only mildly positive on net tone (0.019) but with a strong positive/negative word imbalance (307 vs 82) and low overall uncertainty intensity, implying management is not heavily hedging. Contextually, the call is clearly execution- and growth-oriented—Worldpay integration and Genius momentum are described with confident, near-term “expect” statements and reaffirmed full-year targets—while the main caution is localized to Q2 macro/tax headwinds and integration “plumbing,” not to demand durability or long-term strategy.",-0.06,Slightly More Bearish,"Sentiment softened sequentially (0.28 in Q4 2025 to 0.22 in Q1 2026), indicating a modest reduction in overall bullish tone. The call remains constructive, but the balance of caution/headwinds appears slightly more prominent than in Q4.",0.28,0.0,Same (Bullish),"The sentiment score is unchanged at 0.22 versus Q1 2025, indicating broadly similar overall tone. Both periods are assessed as bullish, with differences mainly in how headwinds/uncertainty are framed rather than a shift in direction.",0.22
1DEBBE,Hilton Grand Vacations Inc.,HGV,Q1 2026,2026-04-30,Bullish,0.22,"Loughran-McDonald net tone is only slightly positive (0.011), with uncertainty present (62) but not dominant (uncertainty_ratio ~0.008), suggesting cautious language is present yet not overwhelming the call.; Forward-looking strength is reinforced by management’s repeated confidence and definitive execution framing (e.g., “raising guidance,” “remain confident,” “expect” recurring), which is consistent with a moderate modal profile (modal_ratio ~0.27) rather than heavy hedging.; Negative L-M tone (negative=75) appears largely tied to risk/normalization/disclaimer and specific headwinds (e.g., VPG normalization, geopolitical conflict, weather, disposition closing conditions), not to deteriorating fundamentals—so qualitative context lifts overall sentiment above the near-neutral L-M net tone.","Guidance tone is clearly constructive: management explicitly raises full-year adjusted EBITDA guidance (midpoint +$40M) and expects sequential EBITDA growth each quarter, indicating improved visibility and/or incremental earnings power from Elara and execution.; Uncertainty is concentrated in timing/closing and external factors (disposition closing conditions, geopolitical/interest-rate noise, weather), while core operating metrics (contract sales in-line, new buyer transactions up, provision in mid-teens) are described as stable-to-improving—investors should treat the hedging as event/timing risk rather than demand deterioration.","Despite an almost flat L-M net tone (0.011), management’s qualitative messaging is meaningfully more upbeat: they report strong Q1 execution, highlight margin expansion, and—most importantly—raise full-year adjusted EBITDA guidance. L-M uncertainty and negative language are present but largely tied to bounded risks (geopolitics, weather, and disposition/transaction timing), while confidence and “expect/remain confident” language supports a Bullish overall tone.",0.0,Same (Bullish),"The sentiment score is unchanged at 0.22 versus Q4 2025, indicating broadly consistent tone. While both calls are bullish, the Q1 2026 narrative appears similarly constructive with only minor differences in how uncertainty is framed.",0.22,0.04,Same (Bullish),"Sentiment improved modestly from 0.18 to 0.22 (+0.04), staying within the 'Same / Slight change' band. The tone remains Bullish, with only a slight increase in optimism versus Q1 2025.",0.18
