entity_name,rp_entity_id,date_nyse_1530,daily_score,n_positive,n_negative,n_neutral,n_unclear,volume,signal_7d,signal_30d,volume_7d,volume_30d
10X Genomics Inc.,A0B7C8,2021-02-17,-1.0,0.0,5.0,0.0,0.0,5.0,-1.0,-1.0,5.0,5.0
3D Systems Corp.,E74B55,2021-06-15,-1.0,0.0,1.0,0.0,0.0,1.0,-1.0,-1.0,1.0,1.0
A.O. Smith Corp.,B4703C,2021-04-29,-1.0,0.0,1.0,0.0,0.0,1.0,-1.0,-1.0,1.0,1.0
ADMA Biologics Inc.,D07B07,2021-06-01,-1.0,0.0,1.0,0.0,0.0,1.0,-1.0,-1.0,1.0,1.0
AMC Entertainment Holdings Inc.,A3800A,2021-03-26,-1.0,0.0,1.0,0.0,0.0,1.0,-1.0,-1.0,1.0,1.0
ARM Holdings PLC,PPCM8I,2021-02-08,-1.0,0.0,1.0,0.0,0.0,1.0,-1.0,-1.0,1.0,1.0
ASE Technology Holding Co. Ltd.,17F6AD,2021-03-10,1.0,1.0,0.0,0.0,0.0,1.0,1.0,1.0,1.0,1.0
ASE Technology Holding Co. Ltd.,17F6AD,2021-03-11,0.0,0.0,0.0,0.0,0.0,0.0,1.0,1.0,1.0,1.0
ASE Technology Holding Co. Ltd.,17F6AD,2021-03-12,0.0,0.0,0.0,0.0,0.0,0.0,1.0,1.0,1.0,1.0
ASE Technology Holding Co. Ltd.,17F6AD,2021-03-13,0.0,0.0,0.0,0.0,0.0,0.0,1.0,1.0,1.0,1.0
ASE Technology Holding Co. Ltd.,17F6AD,2021-03-14,0.0,0.0,0.0,0.0,0.0,0.0,1.0,1.0,1.0,1.0
ASE Technology Holding Co. Ltd.,17F6AD,2021-03-15,0.0,0.0,0.0,0.0,0.0,0.0,1.0,1.0,1.0,1.0
ASE Technology Holding Co. Ltd.,17F6AD,2021-03-16,0.0,0.0,0.0,0.0,0.0,0.0,1.0,1.0,1.0,1.0
ASE Technology Holding Co. Ltd.,17F6AD,2021-03-17,0.0,0.0,0.0,0.0,0.0,0.0,0.0,1.0,0.0,1.0
ASE Technology Holding Co. Ltd.,17F6AD,2021-03-18,0.0,0.0,0.0,0.0,0.0,0.0,0.0,1.0,0.0,1.0
ASE Technology Holding Co. Ltd.,17F6AD,2021-03-19,0.0,0.0,0.0,0.0,0.0,0.0,0.0,1.0,0.0,1.0
ASE Technology Holding Co. Ltd.,17F6AD,2021-03-20,0.0,0.0,0.0,0.0,0.0,0.0,0.0,1.0,0.0,1.0
ASE Technology Holding Co. Ltd.,17F6AD,2021-03-21,0.0,0.0,0.0,0.0,0.0,0.0,0.0,1.0,0.0,1.0
ASE Technology Holding Co. Ltd.,17F6AD,2021-03-22,0.0,0.0,0.0,0.0,0.0,0.0,0.0,1.0,0.0,1.0
ASE Technology Holding Co. Ltd.,17F6AD,2021-03-23,0.0,0.0,0.0,0.0,0.0,0.0,0.0,1.0,0.0,1.0
ASE Technology Holding Co. Ltd.,17F6AD,2021-03-24,0.0,0.0,0.0,0.0,0.0,0.0,0.0,1.0,0.0,1.0
ASE Technology Holding Co. Ltd.,17F6AD,2021-03-25,0.0,0.0,0.0,0.0,0.0,0.0,0.0,1.0,0.0,1.0
ASE Technology Holding Co. Ltd.,17F6AD,2021-03-26,0.0,0.0,0.0,0.0,0.0,0.0,0.0,1.0,0.0,1.0
ASE Technology Holding Co. Ltd.,17F6AD,2021-03-27,0.0,0.0,0.0,0.0,0.0,0.0,0.0,1.0,0.0,1.0
ASE Technology Holding Co. Ltd.,17F6AD,2021-03-28,0.0,0.0,0.0,0.0,0.0,0.0,0.0,1.0,0.0,1.0
ASE Technology Holding Co. Ltd.,17F6AD,2021-03-29,0.0,0.0,0.0,0.0,0.0,0.0,0.0,1.0,0.0,1.0
ASE Technology Holding Co. Ltd.,17F6AD,2021-03-30,0.0,0.0,0.0,0.0,0.0,0.0,0.0,1.0,0.0,1.0
ASE Technology Holding Co. Ltd.,17F6AD,2021-03-31,0.0,0.0,0.0,0.0,0.0,0.0,0.0,1.0,0.0,1.0
ASE Technology Holding Co. Ltd.,17F6AD,2021-04-01,0.0,0.0,0.0,0.0,0.0,0.0,0.0,1.0,0.0,1.0
ASE Technology Holding Co. Ltd.,17F6AD,2021-04-02,0.0,0.0,0.0,0.0,0.0,0.0,0.0,1.0,0.0,1.0
ASE Technology Holding Co. Ltd.,17F6AD,2021-04-03,0.0,0.0,0.0,0.0,0.0,0.0,0.0,1.0,0.0,1.0
ASE Technology Holding Co. Ltd.,17F6AD,2021-04-04,0.0,0.0,0.0,0.0,0.0,0.0,0.0,1.0,0.0,1.0
ASE Technology Holding Co. Ltd.,17F6AD,2021-04-05,0.0,0.0,0.0,0.0,0.0,0.0,0.0,1.0,0.0,1.0
ASE Technology Holding Co. Ltd.,17F6AD,2021-04-06,0.0,0.0,0.0,0.0,0.0,0.0,0.0,1.0,0.0,1.0
ASE Technology Holding Co. Ltd.,17F6AD,2021-04-07,0.0,0.0,0.0,0.0,0.0,0.0,0.0,1.0,0.0,1.0
ASE Technology Holding Co. Ltd.,17F6AD,2021-04-08,0.0,0.0,0.0,0.0,0.0,0.0,0.0,1.0,0.0,1.0
ASE Technology Holding Co. Ltd.,17F6AD,2021-04-28,1.0,1.0,0.0,0.0,0.0,1.0,1.0,1.0,1.0,1.0
AT&T Inc.,251988,2021-04-12,-1.0,0.0,1.0,0.0,0.0,1.0,-1.0,-1.0,1.0,1.0
AT&T Inc.,251988,2021-04-13,0.0,0.0,0.0,0.0,0.0,0.0,-1.0,-1.0,1.0,1.0
AT&T Inc.,251988,2021-04-14,0.0,0.0,0.0,0.0,0.0,0.0,-1.0,-1.0,1.0,1.0
AT&T Inc.,251988,2021-04-15,0.0,0.0,0.0,0.0,0.0,0.0,-1.0,-1.0,1.0,1.0
AT&T Inc.,251988,2021-04-16,0.0,0.0,0.0,0.0,0.0,0.0,-1.0,-1.0,1.0,1.0
AT&T Inc.,251988,2021-04-17,0.0,0.0,0.0,0.0,0.0,0.0,-1.0,-1.0,1.0,1.0
AT&T Inc.,251988,2021-04-18,0.0,0.0,0.0,0.0,0.0,0.0,-1.0,-1.0,1.0,1.0
AT&T Inc.,251988,2021-04-19,0.0,0.0,0.0,0.0,0.0,0.0,0.0,-1.0,0.0,1.0
AT&T Inc.,251988,2021-04-20,0.0,0.0,0.0,0.0,0.0,0.0,0.0,-1.0,0.0,1.0
AT&T Inc.,251988,2021-04-21,0.0,0.0,0.0,0.0,0.0,0.0,0.0,-1.0,0.0,1.0
AT&T Inc.,251988,2021-04-22,-1.0,0.0,1.0,0.0,0.0,1.0,-1.0,-2.0,1.0,2.0
Acuity Inc.,66A667,2021-03-31,-1.0,0.0,1.0,0.0,0.0,1.0,-1.0,-1.0,1.0,1.0
Adient PLC,F88FA9,2021-02-24,-1.0,0.0,2.0,0.0,0.0,2.0,-1.0,-1.0,2.0,2.0
Advance Auto Parts Inc.,F39E1E,2021-06-02,1.0,1.0,0.0,0.0,0.0,1.0,1.0,1.0,1.0,1.0
Advanced Micro Devices Inc.,69345C,2021-05-06,-1.0,0.0,1.0,0.0,0.0,1.0,-1.0,-1.0,1.0,1.0
Advanced Micro Devices Inc.,69345C,2021-05-07,0.0,0.0,0.0,0.0,0.0,0.0,-1.0,-1.0,1.0,1.0
Advanced Micro Devices Inc.,69345C,2021-05-08,0.0,0.0,0.0,0.0,0.0,0.0,-1.0,-1.0,1.0,1.0
Advanced Micro Devices Inc.,69345C,2021-05-09,0.0,0.0,0.0,0.0,0.0,0.0,-1.0,-1.0,1.0,1.0
Advanced Micro Devices Inc.,69345C,2021-05-10,0.0,0.0,0.0,0.0,0.0,0.0,-1.0,-1.0,1.0,1.0
Advanced Micro Devices Inc.,69345C,2021-05-11,0.0,0.0,0.0,0.0,0.0,0.0,-1.0,-1.0,1.0,1.0
Advanced Micro Devices Inc.,69345C,2021-05-12,0.0,0.0,0.0,0.0,0.0,0.0,-1.0,-1.0,1.0,1.0
Advanced Micro Devices Inc.,69345C,2021-05-13,-1.0,0.0,1.0,0.0,0.0,1.0,-1.0,-2.0,1.0,2.0
Advanced Micro Devices Inc.,69345C,2021-05-14,0.0,0.0,0.0,0.0,0.0,0.0,-1.0,-2.0,1.0,2.0
Advanced Micro Devices Inc.,69345C,2021-05-15,0.0,0.0,0.0,0.0,0.0,0.0,-1.0,-2.0,1.0,2.0
Advanced Micro Devices Inc.,69345C,2021-05-16,0.0,0.0,0.0,0.0,0.0,0.0,-1.0,-2.0,1.0,2.0
Advanced Micro Devices Inc.,69345C,2021-05-17,0.0,0.0,0.0,0.0,0.0,0.0,-1.0,-2.0,1.0,2.0
Advanced Micro Devices Inc.,69345C,2021-05-18,0.0,0.0,0.0,0.0,0.0,0.0,-1.0,-2.0,1.0,2.0
Advanced Micro Devices Inc.,69345C,2021-05-19,0.0,0.0,0.0,0.0,0.0,0.0,-1.0,-2.0,1.0,2.0
Advanced Micro Devices Inc.,69345C,2021-05-20,0.0,0.0,0.0,0.0,0.0,0.0,0.0,-2.0,0.0,2.0
Advanced Micro Devices Inc.,69345C,2021-05-21,0.0,0.0,0.0,0.0,0.0,0.0,0.0,-2.0,0.0,2.0
Advanced Micro Devices Inc.,69345C,2021-05-22,0.0,0.0,0.0,0.0,0.0,0.0,0.0,-2.0,0.0,2.0
Advanced Micro Devices Inc.,69345C,2021-05-23,0.0,0.0,0.0,0.0,0.0,0.0,0.0,-2.0,0.0,2.0
Advanced Micro Devices Inc.,69345C,2021-05-24,1.0,1.0,0.0,0.0,0.0,1.0,1.0,-1.0,1.0,3.0
Advanced Micro Devices Inc.,69345C,2021-05-25,0.0,0.0,0.0,0.0,0.0,0.0,1.0,-1.0,1.0,3.0
Advanced Micro Devices Inc.,69345C,2021-05-26,0.0,0.0,0.0,0.0,0.0,0.0,1.0,-1.0,1.0,3.0
Advanced Micro Devices Inc.,69345C,2021-05-27,0.0,0.0,0.0,0.0,0.0,0.0,1.0,-1.0,1.0,3.0
Advanced Micro Devices Inc.,69345C,2021-05-28,0.0,0.0,0.0,0.0,0.0,0.0,1.0,-1.0,1.0,3.0
Advanced Micro Devices Inc.,69345C,2021-05-29,0.0,0.0,0.0,0.0,0.0,0.0,1.0,-1.0,1.0,3.0
Advanced Micro Devices Inc.,69345C,2021-05-30,0.0,0.0,0.0,0.0,0.0,0.0,1.0,-1.0,1.0,3.0
Advanced Micro Devices Inc.,69345C,2021-05-31,0.0,0.0,0.0,0.0,0.0,0.0,0.0,-1.0,0.0,3.0
Advanced Micro Devices Inc.,69345C,2021-06-01,-1.0,0.0,1.0,0.0,0.0,1.0,-1.0,-2.0,1.0,4.0
Advanced Micro Devices Inc.,69345C,2021-06-02,0.0,0.0,0.0,0.0,0.0,0.0,-1.0,-2.0,1.0,4.0
Advanced Micro Devices Inc.,69345C,2021-06-03,0.0,0.0,0.0,0.0,0.0,0.0,-1.0,-2.0,1.0,4.0
Advanced Micro Devices Inc.,69345C,2021-06-04,0.0,0.0,0.0,0.0,0.0,0.0,-1.0,-2.0,1.0,4.0
Advanced Micro Devices Inc.,69345C,2021-06-05,0.0,0.0,0.0,0.0,0.0,0.0,-1.0,-1.0,1.0,3.0
Advanced Micro Devices Inc.,69345C,2021-06-06,0.0,0.0,0.0,0.0,0.0,0.0,-1.0,-1.0,1.0,3.0
Advanced Micro Devices Inc.,69345C,2021-06-07,0.0,0.0,0.0,0.0,0.0,0.0,-1.0,-1.0,1.0,3.0
Advanced Micro Devices Inc.,69345C,2021-06-08,0.0,0.0,0.0,0.0,0.0,0.0,0.0,-1.0,0.0,3.0
Advanced Micro Devices Inc.,69345C,2021-06-09,0.0,0.0,0.0,0.0,0.0,0.0,0.0,-1.0,0.0,3.0
Advanced Micro Devices Inc.,69345C,2021-06-10,0.0,0.0,0.0,0.0,0.0,0.0,0.0,-1.0,0.0,3.0
Advanced Micro Devices Inc.,69345C,2021-06-11,0.0,0.0,0.0,0.0,0.0,0.0,0.0,-1.0,0.0,3.0
Advanced Micro Devices Inc.,69345C,2021-06-12,0.0,0.0,0.0,0.0,0.0,0.0,0.0,0.0,0.0,2.0
Advanced Micro Devices Inc.,69345C,2021-06-13,0.0,0.0,0.0,0.0,0.0,0.0,0.0,0.0,0.0,2.0
Advanced Micro Devices Inc.,69345C,2021-06-14,0.0,0.0,0.0,0.0,0.0,0.0,0.0,0.0,0.0,2.0
Advanced Micro Devices Inc.,69345C,2021-06-15,0.0,0.0,0.0,0.0,0.0,0.0,0.0,0.0,0.0,2.0
Advanced Micro Devices Inc.,69345C,2021-06-16,0.0,0.0,0.0,0.0,0.0,0.0,0.0,0.0,0.0,2.0
Advanced Micro Devices Inc.,69345C,2021-06-17,0.0,0.0,0.0,0.0,0.0,0.0,0.0,0.0,0.0,2.0
Advanced Micro Devices Inc.,69345C,2021-06-18,0.0,0.0,0.0,0.0,0.0,0.0,0.0,0.0,0.0,2.0
Advanced Micro Devices Inc.,69345C,2021-06-19,0.0,0.0,0.0,0.0,0.0,0.0,0.0,0.0,0.0,2.0
Advanced Micro Devices Inc.,69345C,2021-06-20,0.0,0.0,0.0,0.0,0.0,0.0,0.0,0.0,0.0,2.0
Advanced Micro Devices Inc.,69345C,2021-06-21,0.0,0.0,0.0,0.0,0.0,0.0,0.0,0.0,0.0,2.0
Advanced Micro Devices Inc.,69345C,2021-06-22,0.0,0.0,0.0,0.0,0.0,0.0,0.0,0.0,0.0,2.0
Advanced Micro Devices Inc.,69345C,2021-06-23,0.0,0.0,0.0,0.0,0.0,0.0,0.0,-1.0,0.0,1.0
Advanced Micro Devices Inc.,69345C,2021-06-24,0.0,0.0,0.0,0.0,0.0,0.0,0.0,-1.0,0.0,1.0
Advanced Micro Devices Inc.,69345C,2021-06-25,0.0,0.0,0.0,0.0,0.0,0.0,0.0,-1.0,0.0,1.0
Advanced Micro Devices Inc.,69345C,2021-06-26,0.0,0.0,0.0,0.0,0.0,0.0,0.0,-1.0,0.0,1.0
Advanced Micro Devices Inc.,69345C,2021-06-27,0.0,0.0,0.0,0.0,0.0,0.0,0.0,-1.0,0.0,1.0
Advanced Micro Devices Inc.,69345C,2021-06-28,-1.0,0.0,1.0,0.0,0.0,1.0,-1.0,-2.0,1.0,2.0
Advantest Corp.,8D01F2,2021-06-24,-1.0,0.0,2.0,0.0,0.0,2.0,-1.0,-1.0,2.0,2.0
AeroVironment Inc.,F1EB39,2021-06-22,-1.0,0.0,1.0,0.0,0.0,1.0,-1.0,-1.0,1.0,1.0
AeroVironment Inc.,F1EB39,2021-06-23,0.0,0.0,0.0,0.0,0.0,0.0,-1.0,-1.0,1.0,1.0
AeroVironment Inc.,F1EB39,2021-06-24,0.0,0.0,0.0,0.0,0.0,0.0,-1.0,-1.0,1.0,1.0
AeroVironment Inc.,F1EB39,2021-06-25,0.0,0.0,0.0,0.0,0.0,0.0,-1.0,-1.0,1.0,1.0
AeroVironment Inc.,F1EB39,2021-06-26,0.0,0.0,0.0,0.0,0.0,0.0,-1.0,-1.0,1.0,1.0
AeroVironment Inc.,F1EB39,2021-06-27,0.0,0.0,0.0,0.0,0.0,0.0,-1.0,-1.0,1.0,1.0
AeroVironment Inc.,F1EB39,2021-06-28,0.0,0.0,0.0,0.0,0.0,0.0,-1.0,-1.0,1.0,1.0
AeroVironment Inc.,F1EB39,2021-06-29,-1.0,0.0,1.0,0.0,0.0,1.0,-1.0,-2.0,1.0,2.0
Aeva Technologies Inc.,F5117C,2021-05-13,0.0,0.0,0.0,1.0,0.0,1.0,0.0,0.0,1.0,1.0
Akoustis Technologies Inc.,70CA28,2021-05-18,0.0,0.0,0.0,1.0,0.0,1.0,0.0,0.0,1.0,1.0
Alcon AG,CD7A06,2021-02-24,-1.0,0.0,1.0,0.0,0.0,1.0,-1.0,-1.0,1.0,1.0
Allegro MicroSystems Inc.,AED763,2021-01-13,-1.0,0.0,1.0,0.0,0.0,1.0,-1.0,-1.0,1.0,1.0
Allison Transmission Holdings Inc.,9EA947,2021-02-18,-1.0,0.0,1.0,0.0,0.0,1.0,-1.0,-1.0,1.0,1.0
Allison Transmission Holdings Inc.,9EA947,2021-02-19,0.0,0.0,0.0,0.0,0.0,0.0,-1.0,-1.0,1.0,1.0
Allison Transmission Holdings Inc.,9EA947,2021-02-20,0.0,0.0,0.0,0.0,0.0,0.0,-1.0,-1.0,1.0,1.0
Allison Transmission Holdings Inc.,9EA947,2021-02-21,0.0,0.0,0.0,0.0,0.0,0.0,-1.0,-1.0,1.0,1.0
Allison Transmission Holdings Inc.,9EA947,2021-02-22,0.0,0.0,0.0,0.0,0.0,0.0,-1.0,-1.0,1.0,1.0
Allison Transmission Holdings Inc.,9EA947,2021-02-23,0.0,0.0,0.0,0.0,0.0,0.0,-1.0,-1.0,1.0,1.0
Allison Transmission Holdings Inc.,9EA947,2021-02-24,0.0,0.0,0.0,0.0,0.0,0.0,-1.0,-1.0,1.0,1.0
Allison Transmission Holdings Inc.,9EA947,2021-02-25,0.0,0.0,0.0,0.0,0.0,0.0,0.0,-1.0,0.0,1.0
Allison Transmission Holdings Inc.,9EA947,2021-02-26,0.0,0.0,0.0,0.0,0.0,0.0,0.0,-1.0,0.0,1.0
Allison Transmission Holdings Inc.,9EA947,2021-02-27,0.0,0.0,0.0,0.0,0.0,0.0,0.0,-1.0,0.0,1.0
Allison Transmission Holdings Inc.,9EA947,2021-02-28,0.0,0.0,0.0,0.0,0.0,0.0,0.0,-1.0,0.0,1.0
Allison Transmission Holdings Inc.,9EA947,2021-03-01,0.0,0.0,0.0,0.0,0.0,0.0,0.0,-1.0,0.0,1.0
Allison Transmission Holdings Inc.,9EA947,2021-03-02,0.0,0.0,0.0,0.0,0.0,0.0,0.0,-1.0,0.0,1.0
Allison Transmission Holdings Inc.,9EA947,2021-03-03,0.0,0.0,0.0,0.0,0.0,0.0,0.0,-1.0,0.0,1.0
Allison Transmission Holdings Inc.,9EA947,2021-03-04,0.0,0.0,0.0,0.0,0.0,0.0,0.0,-1.0,0.0,1.0
Allison Transmission Holdings Inc.,9EA947,2021-03-05,0.0,0.0,0.0,0.0,0.0,0.0,0.0,-1.0,0.0,1.0
Allison Transmission Holdings Inc.,9EA947,2021-03-06,0.0,0.0,0.0,0.0,0.0,0.0,0.0,-1.0,0.0,1.0
Allison Transmission Holdings Inc.,9EA947,2021-03-07,0.0,0.0,0.0,0.0,0.0,0.0,0.0,-1.0,0.0,1.0
Allison Transmission Holdings Inc.,9EA947,2021-03-08,0.0,0.0,0.0,0.0,0.0,0.0,0.0,-1.0,0.0,1.0
Allison Transmission Holdings Inc.,9EA947,2021-03-09,0.0,0.0,0.0,0.0,0.0,0.0,0.0,-1.0,0.0,1.0
Allison Transmission Holdings Inc.,9EA947,2021-03-10,0.0,0.0,0.0,0.0,0.0,0.0,0.0,-1.0,0.0,1.0
Allison Transmission Holdings Inc.,9EA947,2021-03-11,0.0,0.0,0.0,0.0,0.0,0.0,0.0,-1.0,0.0,1.0
Allison Transmission Holdings Inc.,9EA947,2021-03-12,0.0,0.0,0.0,0.0,0.0,0.0,0.0,-1.0,0.0,1.0
Allison Transmission Holdings Inc.,9EA947,2021-03-13,0.0,0.0,0.0,0.0,0.0,0.0,0.0,-1.0,0.0,1.0
Allison Transmission Holdings Inc.,9EA947,2021-03-14,0.0,0.0,0.0,0.0,0.0,0.0,0.0,-1.0,0.0,1.0
Allison Transmission Holdings Inc.,9EA947,2021-03-15,0.0,0.0,0.0,0.0,0.0,0.0,0.0,-1.0,0.0,1.0
Allison Transmission Holdings Inc.,9EA947,2021-03-16,0.0,0.0,0.0,0.0,0.0,0.0,0.0,-1.0,0.0,1.0
Allison Transmission Holdings Inc.,9EA947,2021-03-17,0.0,0.0,0.0,0.0,0.0,0.0,0.0,-1.0,0.0,1.0
Allison Transmission Holdings Inc.,9EA947,2021-03-18,0.0,0.0,0.0,0.0,0.0,0.0,0.0,-1.0,0.0,1.0
Allison Transmission Holdings Inc.,9EA947,2021-03-19,0.0,0.0,0.0,0.0,0.0,0.0,0.0,-1.0,0.0,1.0
Allison Transmission Holdings Inc.,9EA947,2021-04-28,-1.0,0.0,1.0,0.0,0.0,1.0,-1.0,-1.0,1.0,1.0
Alpha and Omega Semiconductor Ltd.,A99EEC,2021-05-19,-1.0,0.0,1.0,0.0,0.0,1.0,-1.0,-1.0,1.0,1.0
Alphabet Inc.,4A6F00,2021-02-02,-1.0,0.0,1.0,0.0,0.0,1.0,-1.0,-1.0,1.0,1.0
Alphabet Inc.,4A6F00,2021-02-03,0.0,0.0,0.0,0.0,0.0,0.0,-1.0,-1.0,1.0,1.0
Alphabet Inc.,4A6F00,2021-02-04,0.0,0.0,0.0,0.0,0.0,0.0,-1.0,-1.0,1.0,1.0
Alphabet Inc.,4A6F00,2021-02-05,0.0,0.0,0.0,0.0,0.0,0.0,-1.0,-1.0,1.0,1.0
Alphabet Inc.,4A6F00,2021-02-06,0.0,0.0,0.0,0.0,0.0,0.0,-1.0,-1.0,1.0,1.0
Alphabet Inc.,4A6F00,2021-02-07,0.0,0.0,0.0,0.0,0.0,0.0,-1.0,-1.0,1.0,1.0
Alphabet Inc.,4A6F00,2021-02-08,0.0,0.0,0.0,0.0,0.0,0.0,-1.0,-1.0,1.0,1.0
Alphabet Inc.,4A6F00,2021-02-09,0.0,0.0,0.0,0.0,0.0,0.0,0.0,-1.0,0.0,1.0
Alphabet Inc.,4A6F00,2021-02-10,0.0,0.0,0.0,0.0,0.0,0.0,0.0,-1.0,0.0,1.0
Alphabet Inc.,4A6F00,2021-02-11,0.0,0.0,0.0,0.0,0.0,0.0,0.0,-1.0,0.0,1.0
Alphabet Inc.,4A6F00,2021-02-12,0.0,0.0,0.0,0.0,0.0,0.0,0.0,-1.0,0.0,1.0
Alphabet Inc.,4A6F00,2021-02-13,0.0,0.0,0.0,0.0,0.0,0.0,0.0,-1.0,0.0,1.0
Alphabet Inc.,4A6F00,2021-02-14,0.0,0.0,0.0,0.0,0.0,0.0,0.0,-1.0,0.0,1.0
Alphabet Inc.,4A6F00,2021-02-15,0.0,0.0,0.0,0.0,0.0,0.0,0.0,-1.0,0.0,1.0
Alphabet Inc.,4A6F00,2021-02-16,0.0,0.0,0.0,0.0,0.0,0.0,0.0,-1.0,0.0,1.0
Alphabet Inc.,4A6F00,2021-02-17,0.0,0.0,0.0,0.0,0.0,0.0,0.0,-1.0,0.0,1.0
Alphabet Inc.,4A6F00,2021-02-18,0.0,0.0,0.0,0.0,0.0,0.0,0.0,-1.0,0.0,1.0
Alphabet Inc.,4A6F00,2021-02-19,0.0,0.0,0.0,0.0,0.0,0.0,0.0,-1.0,0.0,1.0
Alphabet Inc.,4A6F00,2021-02-20,0.0,0.0,0.0,0.0,0.0,0.0,0.0,-1.0,0.0,1.0
Alphabet Inc.,4A6F00,2021-02-21,0.0,0.0,0.0,0.0,0.0,0.0,0.0,-1.0,0.0,1.0
Alphabet Inc.,4A6F00,2021-02-22,0.0,0.0,0.0,0.0,0.0,0.0,0.0,-1.0,0.0,1.0
Alphabet Inc.,4A6F00,2021-02-23,0.0,0.0,0.0,0.0,0.0,0.0,0.0,-1.0,0.0,1.0
Alphabet Inc.,4A6F00,2021-02-24,0.0,0.0,0.0,0.0,0.0,0.0,0.0,-1.0,0.0,1.0
Alphabet Inc.,4A6F00,2021-02-25,0.0,0.0,0.0,0.0,0.0,0.0,0.0,-1.0,0.0,1.0
Alphabet Inc.,4A6F00,2021-02-26,0.0,0.0,0.0,0.0,0.0,0.0,0.0,-1.0,0.0,1.0
Alphabet Inc.,4A6F00,2021-02-27,0.0,0.0,0.0,0.0,0.0,0.0,0.0,-1.0,0.0,1.0
Alphabet Inc.,4A6F00,2021-02-28,0.0,0.0,0.0,0.0,0.0,0.0,0.0,-1.0,0.0,1.0
Alphabet Inc.,4A6F00,2021-03-01,0.0,0.0,0.0,0.0,0.0,0.0,0.0,-1.0,0.0,1.0
Alphabet Inc.,4A6F00,2021-03-02,0.0,0.0,0.0,0.0,0.0,0.0,0.0,-1.0,0.0,1.0
Alphabet Inc.,4A6F00,2021-03-03,0.0,0.0,0.0,0.0,0.0,0.0,0.0,-1.0,0.0,1.0
Alphabet Inc.,4A6F00,2021-03-30,-1.0,0.0,2.0,0.0,0.0,2.0,-1.0,-1.0,2.0,2.0
Alphabet Inc.,4A6F00,2021-03-31,0.0,0.0,0.0,0.0,0.0,0.0,-1.0,-1.0,2.0,2.0
Alphabet Inc.,4A6F00,2021-04-01,0.0,0.0,0.0,0.0,0.0,0.0,-1.0,-1.0,2.0,2.0
Alphabet Inc.,4A6F00,2021-04-02,0.0,0.0,0.0,0.0,0.0,0.0,-1.0,-1.0,2.0,2.0
Alphabet Inc.,4A6F00,2021-04-03,0.0,0.0,0.0,0.0,0.0,0.0,-1.0,-1.0,2.0,2.0
Alphabet Inc.,4A6F00,2021-04-04,0.0,0.0,0.0,0.0,0.0,0.0,-1.0,-1.0,2.0,2.0
Alphabet Inc.,4A6F00,2021-04-05,0.0,0.0,0.0,0.0,0.0,0.0,-1.0,-1.0,2.0,2.0
Alphabet Inc.,4A6F00,2021-04-06,0.0,0.0,0.0,0.0,0.0,0.0,0.0,-1.0,0.0,2.0
Alphabet Inc.,4A6F00,2021-04-07,0.0,0.0,0.0,0.0,0.0,0.0,0.0,-1.0,0.0,2.0
Alphabet Inc.,4A6F00,2021-04-08,0.0,0.0,0.0,0.0,0.0,0.0,0.0,-1.0,0.0,2.0
Alphabet Inc.,4A6F00,2021-04-09,-1.0,0.0,1.0,0.0,0.0,1.0,-1.0,-2.0,1.0,3.0
Alphabet Inc.,4A6F00,2021-04-10,0.0,0.0,0.0,0.0,0.0,0.0,-1.0,-2.0,1.0,3.0
Alphabet Inc.,4A6F00,2021-04-11,0.0,0.0,0.0,0.0,0.0,0.0,-1.0,-2.0,1.0,3.0
Alphabet Inc.,4A6F00,2021-04-12,-1.0,0.0,2.0,0.0,0.0,2.0,-2.0,-3.0,3.0,5.0
Alphabet Inc.,4A6F00,2021-04-13,0.0,0.0,0.0,0.0,0.0,0.0,-2.0,-3.0,3.0,5.0
Alphabet Inc.,4A6F00,2021-04-14,0.0,0.0,0.0,0.0,0.0,0.0,-2.0,-3.0,3.0,5.0
Alphabet Inc.,4A6F00,2021-04-15,0.0,0.0,0.0,0.0,0.0,0.0,-2.0,-3.0,3.0,5.0
Alphabet Inc.,4A6F00,2021-04-16,0.0,0.0,0.0,0.0,0.0,0.0,-1.0,-3.0,2.0,5.0
Alphabet Inc.,4A6F00,2021-04-17,0.0,0.0,0.0,0.0,0.0,0.0,-1.0,-3.0,2.0,5.0
Alphabet Inc.,4A6F00,2021-04-18,0.0,0.0,0.0,0.0,0.0,0.0,-1.0,-3.0,2.0,5.0
Alphabet Inc.,4A6F00,2021-04-19,0.0,0.0,0.0,0.0,0.0,0.0,0.0,-3.0,0.0,5.0
Alphabet Inc.,4A6F00,2021-04-20,0.0,0.0,0.0,0.0,0.0,0.0,0.0,-3.0,0.0,5.0
Alphabet Inc.,4A6F00,2021-04-21,0.0,0.0,0.0,0.0,0.0,0.0,0.0,-3.0,0.0,5.0
Alphabet Inc.,4A6F00,2021-04-22,0.0,0.0,0.0,0.0,0.0,0.0,0.0,-3.0,0.0,5.0
Alphabet Inc.,4A6F00,2021-04-23,0.0,0.0,0.0,0.0,0.0,0.0,0.0,-3.0,0.0,5.0
Alphabet Inc.,4A6F00,2021-04-24,0.0,0.0,0.0,0.0,0.0,0.0,0.0,-3.0,0.0,5.0
Alphabet Inc.,4A6F00,2021-04-25,0.0,0.0,0.0,0.0,0.0,0.0,0.0,-3.0,0.0,5.0
Alphabet Inc.,4A6F00,2021-04-26,0.0,0.0,0.0,0.0,0.0,0.0,0.0,-3.0,0.0,5.0
Alphabet Inc.,4A6F00,2021-04-27,0.0,0.0,0.0,0.0,0.0,0.0,0.0,-3.0,0.0,5.0
Alphabet Inc.,4A6F00,2021-04-28,0.0,0.0,0.0,0.0,0.0,0.0,0.0,-3.0,0.0,5.0
Alphabet Inc.,4A6F00,2021-04-29,0.0,0.0,0.0,0.0,0.0,0.0,0.0,-2.0,0.0,3.0
Alphabet Inc.,4A6F00,2021-04-30,0.0,0.0,0.0,0.0,0.0,0.0,0.0,-2.0,0.0,3.0
Alphabet Inc.,4A6F00,2021-05-01,0.0,0.0,0.0,0.0,0.0,0.0,0.0,-2.0,0.0,3.0
Alphabet Inc.,4A6F00,2021-05-02,0.0,0.0,0.0,0.0,0.0,0.0,0.0,-2.0,0.0,3.0
Alphabet Inc.,4A6F00,2021-05-03,0.0,0.0,0.0,0.0,0.0,0.0,0.0,-2.0,0.0,3.0
Alphabet Inc.,4A6F00,2021-05-04,0.0,0.0,0.0,0.0,0.0,0.0,0.0,-2.0,0.0,3.0
Alphabet Inc.,4A6F00,2021-05-05,0.0,0.0,0.0,0.0,0.0,0.0,0.0,-2.0,0.0,3.0
Alphabet Inc.,4A6F00,2021-05-06,-1.0,0.0,1.0,0.0,0.0,1.0,-1.0,-3.0,1.0,4.0
Alphabet Inc.,4A6F00,2021-05-07,0.0,0.0,0.0,0.0,0.0,0.0,-1.0,-3.0,1.0,4.0
Alphabet Inc.,4A6F00,2021-05-08,0.0,0.0,0.0,0.0,0.0,0.0,-1.0,-3.0,1.0,4.0
Alphabet Inc.,4A6F00,2021-05-09,0.0,0.0,0.0,0.0,0.0,0.0,-1.0,-2.0,1.0,3.0
Alphabet Inc.,4A6F00,2021-05-10,0.0,0.0,0.0,0.0,0.0,0.0,-1.0,-2.0,1.0,3.0
Alphabet Inc.,4A6F00,2021-05-11,0.0,0.0,0.0,0.0,0.0,0.0,-1.0,-2.0,1.0,3.0
Alphabet Inc.,4A6F00,2021-05-12,0.0,0.0,0.0,0.0,0.0,0.0,-1.0,-1.0,1.0,1.0
Alphabet Inc.,4A6F00,2021-05-13,0.0,0.0,0.0,0.0,0.0,0.0,0.0,-1.0,0.0,1.0
Alphabet Inc.,4A6F00,2021-05-14,0.0,0.0,0.0,0.0,0.0,0.0,0.0,-1.0,0.0,1.0
Alphabet Inc.,4A6F00,2021-05-15,0.0,0.0,0.0,0.0,0.0,0.0,0.0,-1.0,0.0,1.0
Alphabet Inc.,4A6F00,2021-05-16,0.0,0.0,0.0,0.0,0.0,0.0,0.0,-1.0,0.0,1.0
Alphabet Inc.,4A6F00,2021-05-17,0.0,0.0,0.0,0.0,0.0,0.0,0.0,-1.0,0.0,1.0
Alphabet Inc.,4A6F00,2021-05-18,0.0,0.0,0.0,0.0,0.0,0.0,0.0,-1.0,0.0,1.0
Alphabet Inc.,4A6F00,2021-05-19,0.0,0.0,0.0,0.0,0.0,0.0,0.0,-1.0,0.0,1.0
Alphabet Inc.,4A6F00,2021-05-20,0.0,0.0,0.0,0.0,0.0,0.0,0.0,-1.0,0.0,1.0
Alphabet Inc.,4A6F00,2021-05-21,0.0,0.0,0.0,0.0,0.0,0.0,0.0,-1.0,0.0,1.0
Alphabet Inc.,4A6F00,2021-05-22,0.0,0.0,0.0,0.0,0.0,0.0,0.0,-1.0,0.0,1.0
Alphabet Inc.,4A6F00,2021-05-23,0.0,0.0,0.0,0.0,0.0,0.0,0.0,-1.0,0.0,1.0
Alphabet Inc.,4A6F00,2021-05-24,0.0,0.0,0.0,0.0,0.0,0.0,0.0,-1.0,0.0,1.0
Alphabet Inc.,4A6F00,2021-05-25,0.0,0.0,0.0,0.0,0.0,0.0,0.0,-1.0,0.0,1.0
Alphabet Inc.,4A6F00,2021-05-26,0.0,0.0,0.0,0.0,0.0,0.0,0.0,-1.0,0.0,1.0
Alphabet Inc.,4A6F00,2021-05-27,0.0,0.0,0.0,0.0,0.0,0.0,0.0,-1.0,0.0,1.0
Alphabet Inc.,4A6F00,2021-05-28,0.0,0.0,0.0,0.0,0.0,0.0,0.0,-1.0,0.0,1.0
Alphabet Inc.,4A6F00,2021-05-29,0.0,0.0,0.0,0.0,0.0,0.0,0.0,-1.0,0.0,1.0
Alphabet Inc.,4A6F00,2021-05-30,0.0,0.0,0.0,0.0,0.0,0.0,0.0,-1.0,0.0,1.0
Alphabet Inc.,4A6F00,2021-05-31,0.0,0.0,0.0,0.0,0.0,0.0,0.0,-1.0,0.0,1.0
Alphabet Inc.,4A6F00,2021-06-01,0.0,0.0,0.0,0.0,0.0,0.0,0.0,-1.0,0.0,1.0
Alphabet Inc.,4A6F00,2021-06-02,0.0,0.0,0.0,0.0,0.0,0.0,0.0,-1.0,0.0,1.0
Alphabet Inc.,4A6F00,2021-06-03,0.0,0.0,0.0,0.0,0.0,0.0,0.0,-1.0,0.0,1.0
Alphabet Inc.,4A6F00,2021-06-04,0.0,0.0,0.0,0.0,0.0,0.0,0.0,-1.0,0.0,1.0
Alphabet Inc.,4A6F00,2021-06-15,-1.0,0.0,1.0,0.0,0.0,1.0,-1.0,-1.0,1.0,1.0
Amazon.com Inc.,0157B1,2021-03-30,-1.0,0.0,2.0,0.0,0.0,2.0,-1.0,-1.0,2.0,2.0
Ambarella Inc.,E0C874,2021-03-02,0.0,0.0,0.0,1.0,0.0,1.0,0.0,0.0,1.0,1.0
Ambarella Inc.,E0C874,2021-03-03,0.0,0.0,0.0,0.0,0.0,0.0,0.0,0.0,1.0,1.0
Ambarella Inc.,E0C874,2021-03-04,0.0,0.0,0.0,0.0,0.0,0.0,0.0,0.0,1.0,1.0
Ambarella Inc.,E0C874,2021-03-05,0.0,0.0,0.0,0.0,0.0,0.0,0.0,0.0,1.0,1.0
Ambarella Inc.,E0C874,2021-03-06,0.0,0.0,0.0,0.0,0.0,0.0,0.0,0.0,1.0,1.0
Ambarella Inc.,E0C874,2021-03-07,0.0,0.0,0.0,0.0,0.0,0.0,0.0,0.0,1.0,1.0
Ambarella Inc.,E0C874,2021-03-08,0.0,0.0,0.0,0.0,0.0,0.0,0.0,0.0,1.0,1.0
Ambarella Inc.,E0C874,2021-03-09,0.0,0.0,0.0,0.0,0.0,0.0,0.0,0.0,0.0,1.0
Ambarella Inc.,E0C874,2021-03-10,0.0,0.0,0.0,0.0,0.0,0.0,0.0,0.0,0.0,1.0
Ambarella Inc.,E0C874,2021-03-11,0.0,0.0,0.0,0.0,0.0,0.0,0.0,0.0,0.0,1.0
Ambarella Inc.,E0C874,2021-03-12,0.0,0.0,0.0,0.0,0.0,0.0,0.0,0.0,0.0,1.0
Ambarella Inc.,E0C874,2021-03-13,0.0,0.0,0.0,0.0,0.0,0.0,0.0,0.0,0.0,1.0
Ambarella Inc.,E0C874,2021-03-14,0.0,0.0,0.0,0.0,0.0,0.0,0.0,0.0,0.0,1.0
Ambarella Inc.,E0C874,2021-03-15,0.0,0.0,0.0,0.0,0.0,0.0,0.0,0.0,0.0,1.0
Ambarella Inc.,E0C874,2021-03-16,0.0,0.0,0.0,0.0,0.0,0.0,0.0,0.0,0.0,1.0
Ambarella Inc.,E0C874,2021-03-17,0.0,0.0,0.0,0.0,0.0,0.0,0.0,0.0,0.0,1.0
Ambarella Inc.,E0C874,2021-03-18,0.0,0.0,0.0,0.0,0.0,0.0,0.0,0.0,0.0,1.0
Ambarella Inc.,E0C874,2021-03-19,0.0,0.0,0.0,0.0,0.0,0.0,0.0,0.0,0.0,1.0
Ambarella Inc.,E0C874,2021-03-20,0.0,0.0,0.0,0.0,0.0,0.0,0.0,0.0,0.0,1.0
Ambarella Inc.,E0C874,2021-03-21,0.0,0.0,0.0,0.0,0.0,0.0,0.0,0.0,0.0,1.0
Ambarella Inc.,E0C874,2021-03-22,0.0,0.0,0.0,0.0,0.0,0.0,0.0,0.0,0.0,1.0
Ambarella Inc.,E0C874,2021-03-23,0.0,0.0,0.0,0.0,0.0,0.0,0.0,0.0,0.0,1.0
Ambarella Inc.,E0C874,2021-03-24,0.0,0.0,0.0,0.0,0.0,0.0,0.0,0.0,0.0,1.0
Ambarella Inc.,E0C874,2021-03-25,0.0,0.0,0.0,0.0,0.0,0.0,0.0,0.0,0.0,1.0
Ambarella Inc.,E0C874,2021-03-26,0.0,0.0,0.0,0.0,0.0,0.0,0.0,0.0,0.0,1.0
Ambarella Inc.,E0C874,2021-03-27,0.0,0.0,0.0,0.0,0.0,0.0,0.0,0.0,0.0,1.0
Ambarella Inc.,E0C874,2021-03-28,0.0,0.0,0.0,0.0,0.0,0.0,0.0,0.0,0.0,1.0
Ambarella Inc.,E0C874,2021-03-29,0.0,0.0,0.0,0.0,0.0,0.0,0.0,0.0,0.0,1.0
Ambarella Inc.,E0C874,2021-03-30,0.0,0.0,0.0,0.0,0.0,0.0,0.0,0.0,0.0,1.0
Ambarella Inc.,E0C874,2021-03-31,0.0,0.0,0.0,0.0,0.0,0.0,0.0,0.0,0.0,1.0
Ambarella Inc.,E0C874,2021-06-02,-1.0,0.0,1.0,0.0,0.0,1.0,-1.0,-1.0,1.0,1.0
Amkor Technology Inc.,5C8D61,2021-03-10,-1.0,0.0,2.0,0.0,0.0,2.0,-1.0,-1.0,2.0,2.0
Amkor Technology Inc.,5C8D61,2021-03-11,0.0,0.0,0.0,0.0,0.0,0.0,-1.0,-1.0,2.0,2.0
Amkor Technology Inc.,5C8D61,2021-03-12,0.0,0.0,0.0,0.0,0.0,0.0,-1.0,-1.0,2.0,2.0
Amkor Technology Inc.,5C8D61,2021-03-13,0.0,0.0,0.0,0.0,0.0,0.0,-1.0,-1.0,2.0,2.0
Amkor Technology Inc.,5C8D61,2021-03-14,0.0,0.0,0.0,0.0,0.0,0.0,-1.0,-1.0,2.0,2.0
Amkor Technology Inc.,5C8D61,2021-03-15,0.0,0.0,0.0,0.0,0.0,0.0,-1.0,-1.0,2.0,2.0
Amkor Technology Inc.,5C8D61,2021-03-16,0.0,0.0,0.0,0.0,0.0,0.0,-1.0,-1.0,2.0,2.0
Amkor Technology Inc.,5C8D61,2021-03-17,0.0,0.0,0.0,0.0,0.0,0.0,0.0,-1.0,0.0,2.0
Amkor Technology Inc.,5C8D61,2021-03-18,0.0,0.0,0.0,0.0,0.0,0.0,0.0,-1.0,0.0,2.0
Amkor Technology Inc.,5C8D61,2021-03-19,0.0,0.0,0.0,0.0,0.0,0.0,0.0,-1.0,0.0,2.0
Amkor Technology Inc.,5C8D61,2021-03-20,0.0,0.0,0.0,0.0,0.0,0.0,0.0,-1.0,0.0,2.0
Amkor Technology Inc.,5C8D61,2021-03-21,0.0,0.0,0.0,0.0,0.0,0.0,0.0,-1.0,0.0,2.0
Amkor Technology Inc.,5C8D61,2021-03-22,0.0,0.0,0.0,0.0,0.0,0.0,0.0,-1.0,0.0,2.0
Amkor Technology Inc.,5C8D61,2021-03-23,0.0,0.0,0.0,0.0,0.0,0.0,0.0,-1.0,0.0,2.0
Amkor Technology Inc.,5C8D61,2021-03-24,0.0,0.0,0.0,0.0,0.0,0.0,0.0,-1.0,0.0,2.0
Amkor Technology Inc.,5C8D61,2021-03-25,0.0,0.0,0.0,0.0,0.0,0.0,0.0,-1.0,0.0,2.0
Amkor Technology Inc.,5C8D61,2021-03-26,0.0,0.0,0.0,0.0,0.0,0.0,0.0,-1.0,0.0,2.0
Amkor Technology Inc.,5C8D61,2021-03-27,0.0,0.0,0.0,0.0,0.0,0.0,0.0,-1.0,0.0,2.0
Amkor Technology Inc.,5C8D61,2021-03-28,0.0,0.0,0.0,0.0,0.0,0.0,0.0,-1.0,0.0,2.0
Amkor Technology Inc.,5C8D61,2021-03-29,0.0,0.0,0.0,0.0,0.0,0.0,0.0,-1.0,0.0,2.0
Amkor Technology Inc.,5C8D61,2021-03-30,0.0,0.0,0.0,0.0,0.0,0.0,0.0,-1.0,0.0,2.0
Amkor Technology Inc.,5C8D61,2021-03-31,0.0,0.0,0.0,0.0,0.0,0.0,0.0,-1.0,0.0,2.0
Amkor Technology Inc.,5C8D61,2021-04-01,0.0,0.0,0.0,0.0,0.0,0.0,0.0,-1.0,0.0,2.0
Amkor Technology Inc.,5C8D61,2021-04-02,0.0,0.0,0.0,0.0,0.0,0.0,0.0,-1.0,0.0,2.0
Amkor Technology Inc.,5C8D61,2021-04-03,0.0,0.0,0.0,0.0,0.0,0.0,0.0,-1.0,0.0,2.0
Amkor Technology Inc.,5C8D61,2021-04-04,0.0,0.0,0.0,0.0,0.0,0.0,0.0,-1.0,0.0,2.0
Amkor Technology Inc.,5C8D61,2021-04-05,0.0,0.0,0.0,0.0,0.0,0.0,0.0,-1.0,0.0,2.0
Amkor Technology Inc.,5C8D61,2021-04-06,0.0,0.0,0.0,0.0,0.0,0.0,0.0,-1.0,0.0,2.0
Amkor Technology Inc.,5C8D61,2021-04-07,0.0,0.0,0.0,0.0,0.0,0.0,0.0,-1.0,0.0,2.0
Amkor Technology Inc.,5C8D61,2021-04-08,0.0,0.0,0.0,0.0,0.0,0.0,0.0,-1.0,0.0,2.0
Amkor Technology Inc.,5C8D61,2021-04-26,-1.0,0.0,1.0,0.0,0.0,1.0,-1.0,-1.0,1.0,1.0
Amtech Systems Inc.,DEF96A,2021-02-11,-1.0,0.0,1.0,0.0,0.0,1.0,-1.0,-1.0,1.0,1.0
Analog Devices Inc.,E68C3D,2021-01-12,-1.0,0.0,1.0,0.0,0.0,1.0,-1.0,-1.0,1.0,1.0
Analog Devices Inc.,E68C3D,2021-01-13,0.0,0.0,0.0,0.0,0.0,0.0,-1.0,-1.0,1.0,1.0
Analog Devices Inc.,E68C3D,2021-01-14,0.0,0.0,0.0,0.0,0.0,0.0,-1.0,-1.0,1.0,1.0
Analog Devices Inc.,E68C3D,2021-01-15,0.0,0.0,0.0,0.0,0.0,0.0,-1.0,-1.0,1.0,1.0
Analog Devices Inc.,E68C3D,2021-01-16,0.0,0.0,0.0,0.0,0.0,0.0,-1.0,-1.0,1.0,1.0
Analog Devices Inc.,E68C3D,2021-01-17,0.0,0.0,0.0,0.0,0.0,0.0,-1.0,-1.0,1.0,1.0
Analog Devices Inc.,E68C3D,2021-01-18,0.0,0.0,0.0,0.0,0.0,0.0,-1.0,-1.0,1.0,1.0
Analog Devices Inc.,E68C3D,2021-01-19,0.0,0.0,0.0,0.0,0.0,0.0,0.0,-1.0,0.0,1.0
Analog Devices Inc.,E68C3D,2021-01-20,0.0,0.0,0.0,0.0,0.0,0.0,0.0,-1.0,0.0,1.0
Analog Devices Inc.,E68C3D,2021-01-21,0.0,0.0,0.0,0.0,0.0,0.0,0.0,-1.0,0.0,1.0
Analog Devices Inc.,E68C3D,2021-01-22,0.0,0.0,0.0,0.0,0.0,0.0,0.0,-1.0,0.0,1.0
Analog Devices Inc.,E68C3D,2021-01-23,0.0,0.0,0.0,0.0,0.0,0.0,0.0,-1.0,0.0,1.0
Analog Devices Inc.,E68C3D,2021-01-24,0.0,0.0,0.0,0.0,0.0,0.0,0.0,-1.0,0.0,1.0
Analog Devices Inc.,E68C3D,2021-01-25,0.0,0.0,0.0,0.0,0.0,0.0,0.0,-1.0,0.0,1.0
Analog Devices Inc.,E68C3D,2021-01-26,0.0,0.0,0.0,0.0,0.0,0.0,0.0,-1.0,0.0,1.0
Analog Devices Inc.,E68C3D,2021-01-27,0.0,0.0,0.0,0.0,0.0,0.0,0.0,-1.0,0.0,1.0
Analog Devices Inc.,E68C3D,2021-01-28,0.0,0.0,0.0,0.0,0.0,0.0,0.0,-1.0,0.0,1.0
Analog Devices Inc.,E68C3D,2021-01-29,0.0,0.0,0.0,0.0,0.0,0.0,0.0,-1.0,0.0,1.0
Analog Devices Inc.,E68C3D,2021-01-30,0.0,0.0,0.0,0.0,0.0,0.0,0.0,-1.0,0.0,1.0
Analog Devices Inc.,E68C3D,2021-01-31,0.0,0.0,0.0,0.0,0.0,0.0,0.0,-1.0,0.0,1.0
Analog Devices Inc.,E68C3D,2021-02-01,0.0,0.0,0.0,0.0,0.0,0.0,0.0,-1.0,0.0,1.0
Analog Devices Inc.,E68C3D,2021-02-02,0.0,0.0,0.0,0.0,0.0,0.0,0.0,-1.0,0.0,1.0
Analog Devices Inc.,E68C3D,2021-02-03,0.0,0.0,0.0,0.0,0.0,0.0,0.0,-1.0,0.0,1.0
Analog Devices Inc.,E68C3D,2021-02-04,0.0,0.0,0.0,0.0,0.0,0.0,0.0,-1.0,0.0,1.0
Analog Devices Inc.,E68C3D,2021-02-05,0.0,0.0,0.0,0.0,0.0,0.0,0.0,-1.0,0.0,1.0
Analog Devices Inc.,E68C3D,2021-02-06,0.0,0.0,0.0,0.0,0.0,0.0,0.0,-1.0,0.0,1.0
Analog Devices Inc.,E68C3D,2021-02-07,0.0,0.0,0.0,0.0,0.0,0.0,0.0,-1.0,0.0,1.0
Analog Devices Inc.,E68C3D,2021-02-08,0.0,0.0,0.0,0.0,0.0,0.0,0.0,-1.0,0.0,1.0
Analog Devices Inc.,E68C3D,2021-02-09,0.0,0.0,0.0,0.0,0.0,0.0,0.0,-1.0,0.0,1.0
Analog Devices Inc.,E68C3D,2021-02-10,0.0,0.0,0.0,0.0,0.0,0.0,0.0,-1.0,0.0,1.0
Analog Devices Inc.,E68C3D,2021-05-26,1.0,1.0,0.0,0.0,0.0,1.0,1.0,1.0,1.0,1.0
Analog Devices Inc.,E68C3D,2021-05-27,0.0,0.0,0.0,0.0,0.0,0.0,1.0,1.0,1.0,1.0
Analog Devices Inc.,E68C3D,2021-05-28,0.0,0.0,0.0,0.0,0.0,0.0,1.0,1.0,1.0,1.0
Analog Devices Inc.,E68C3D,2021-05-29,0.0,0.0,0.0,0.0,0.0,0.0,1.0,1.0,1.0,1.0
Analog Devices Inc.,E68C3D,2021-05-30,0.0,0.0,0.0,0.0,0.0,0.0,1.0,1.0,1.0,1.0
Analog Devices Inc.,E68C3D,2021-05-31,0.0,0.0,0.0,0.0,0.0,0.0,1.0,1.0,1.0,1.0
Analog Devices Inc.,E68C3D,2021-06-01,0.0,0.0,0.0,0.0,0.0,0.0,1.0,1.0,1.0,1.0
Analog Devices Inc.,E68C3D,2021-06-02,0.0,0.0,0.0,0.0,0.0,0.0,0.0,1.0,0.0,1.0
Analog Devices Inc.,E68C3D,2021-06-03,0.0,0.0,0.0,0.0,0.0,0.0,0.0,1.0,0.0,1.0
Analog Devices Inc.,E68C3D,2021-06-04,0.0,0.0,0.0,0.0,0.0,0.0,0.0,1.0,0.0,1.0
Analog Devices Inc.,E68C3D,2021-06-05,0.0,0.0,0.0,0.0,0.0,0.0,0.0,1.0,0.0,1.0
Analog Devices Inc.,E68C3D,2021-06-06,0.0,0.0,0.0,0.0,0.0,0.0,0.0,1.0,0.0,1.0
Analog Devices Inc.,E68C3D,2021-06-07,0.0,0.0,0.0,0.0,0.0,0.0,0.0,1.0,0.0,1.0
Analog Devices Inc.,E68C3D,2021-06-08,0.0,0.0,0.0,0.0,0.0,0.0,0.0,1.0,0.0,1.0
Analog Devices Inc.,E68C3D,2021-06-09,0.0,0.0,0.0,0.0,0.0,0.0,0.0,1.0,0.0,1.0
Analog Devices Inc.,E68C3D,2021-06-10,0.0,0.0,0.0,0.0,0.0,0.0,0.0,1.0,0.0,1.0
Analog Devices Inc.,E68C3D,2021-06-11,0.0,0.0,0.0,0.0,0.0,0.0,0.0,1.0,0.0,1.0
Analog Devices Inc.,E68C3D,2021-06-12,0.0,0.0,0.0,0.0,0.0,0.0,0.0,1.0,0.0,1.0
Analog Devices Inc.,E68C3D,2021-06-13,0.0,0.0,0.0,0.0,0.0,0.0,0.0,1.0,0.0,1.0
Analog Devices Inc.,E68C3D,2021-06-14,0.0,0.0,0.0,0.0,0.0,0.0,0.0,1.0,0.0,1.0
Analog Devices Inc.,E68C3D,2021-06-15,0.0,0.0,0.0,0.0,0.0,0.0,0.0,1.0,0.0,1.0
Analog Devices Inc.,E68C3D,2021-06-16,0.0,0.0,0.0,0.0,0.0,0.0,0.0,1.0,0.0,1.0
Analog Devices Inc.,E68C3D,2021-06-17,0.0,0.0,0.0,0.0,0.0,0.0,0.0,1.0,0.0,1.0
Analog Devices Inc.,E68C3D,2021-06-18,0.0,0.0,0.0,0.0,0.0,0.0,0.0,1.0,0.0,1.0
Analog Devices Inc.,E68C3D,2021-06-19,0.0,0.0,0.0,0.0,0.0,0.0,0.0,1.0,0.0,1.0
Analog Devices Inc.,E68C3D,2021-06-20,0.0,0.0,0.0,0.0,0.0,0.0,0.0,1.0,0.0,1.0
Analog Devices Inc.,E68C3D,2021-06-21,0.0,0.0,0.0,0.0,0.0,0.0,0.0,1.0,0.0,1.0
Analog Devices Inc.,E68C3D,2021-06-22,-1.0,0.0,2.0,0.0,0.0,2.0,-1.0,0.0,2.0,3.0
Apple Inc.,D8442A,2021-01-12,-1.0,0.0,1.0,0.0,0.0,1.0,-1.0,-1.0,1.0,1.0
Apple Inc.,D8442A,2021-01-13,0.0,0.0,0.0,0.0,0.0,0.0,-1.0,-1.0,1.0,1.0
Apple Inc.,D8442A,2021-01-14,0.0,0.0,0.0,0.0,0.0,0.0,-1.0,-1.0,1.0,1.0
Apple Inc.,D8442A,2021-01-15,0.0,0.0,0.0,0.0,0.0,0.0,-1.0,-1.0,1.0,1.0
Apple Inc.,D8442A,2021-01-16,0.0,0.0,0.0,0.0,0.0,0.0,-1.0,-1.0,1.0,1.0
Apple Inc.,D8442A,2021-01-17,0.0,0.0,0.0,0.0,0.0,0.0,-1.0,-1.0,1.0,1.0
Apple Inc.,D8442A,2021-01-18,0.0,0.0,0.0,0.0,0.0,0.0,-1.0,-1.0,1.0,1.0
Apple Inc.,D8442A,2021-01-19,0.0,0.0,0.0,0.0,0.0,0.0,0.0,-1.0,0.0,1.0
Apple Inc.,D8442A,2021-01-20,0.0,0.0,0.0,0.0,0.0,0.0,0.0,-1.0,0.0,1.0
Apple Inc.,D8442A,2021-01-21,0.0,0.0,0.0,0.0,0.0,0.0,0.0,-1.0,0.0,1.0
Apple Inc.,D8442A,2021-01-22,0.0,0.0,0.0,0.0,0.0,0.0,0.0,-1.0,0.0,1.0
Apple Inc.,D8442A,2021-01-23,0.0,0.0,0.0,0.0,0.0,0.0,0.0,-1.0,0.0,1.0
Apple Inc.,D8442A,2021-01-24,0.0,0.0,0.0,0.0,0.0,0.0,0.0,-1.0,0.0,1.0
Apple Inc.,D8442A,2021-01-25,1.0,1.0,0.0,0.0,0.0,1.0,1.0,0.0,1.0,2.0
Apple Inc.,D8442A,2021-01-26,0.0,0.0,0.0,0.0,0.0,0.0,1.0,0.0,1.0,2.0
Apple Inc.,D8442A,2021-01-27,0.0,0.0,0.0,0.0,0.0,0.0,1.0,0.0,1.0,2.0
Apple Inc.,D8442A,2021-01-28,0.0,0.0,0.0,0.0,0.0,0.0,1.0,0.0,1.0,2.0
Apple Inc.,D8442A,2021-01-29,0.0,0.0,0.0,0.0,0.0,0.0,1.0,0.0,1.0,2.0
Apple Inc.,D8442A,2021-01-30,0.0,0.0,0.0,0.0,0.0,0.0,1.0,0.0,1.0,2.0
Apple Inc.,D8442A,2021-01-31,0.0,0.0,0.0,0.0,0.0,0.0,1.0,0.0,1.0,2.0
Apple Inc.,D8442A,2021-02-01,0.0,0.0,0.0,0.0,0.0,0.0,0.0,0.0,0.0,2.0
Apple Inc.,D8442A,2021-02-02,0.0,0.0,0.0,0.0,0.0,0.0,0.0,0.0,0.0,2.0
Apple Inc.,D8442A,2021-02-03,0.0,0.0,0.0,0.0,0.0,0.0,0.0,0.0,0.0,2.0
Apple Inc.,D8442A,2021-02-04,0.0,0.0,0.0,0.0,0.0,0.0,0.0,0.0,0.0,2.0
Apple Inc.,D8442A,2021-02-05,0.0,0.0,0.0,0.0,0.0,0.0,0.0,0.0,0.0,2.0
Apple Inc.,D8442A,2021-02-06,0.0,0.0,0.0,0.0,0.0,0.0,0.0,0.0,0.0,2.0
Apple Inc.,D8442A,2021-02-07,0.0,0.0,0.0,0.0,0.0,0.0,0.0,0.0,0.0,2.0
Apple Inc.,D8442A,2021-02-08,0.0,0.0,0.0,0.0,0.0,0.0,0.0,0.0,0.0,2.0
Apple Inc.,D8442A,2021-02-09,0.0,0.0,0.0,0.0,0.0,0.0,0.0,0.0,0.0,2.0
Apple Inc.,D8442A,2021-02-10,-1.0,0.0,1.0,0.0,0.0,1.0,-1.0,-1.0,1.0,3.0
Apple Inc.,D8442A,2021-02-11,-1.0,0.0,1.0,0.0,0.0,1.0,-2.0,-1.0,2.0,3.0
Apple Inc.,D8442A,2021-02-12,0.0,0.0,0.0,0.0,0.0,0.0,-2.0,-1.0,2.0,3.0
Apple Inc.,D8442A,2021-02-13,0.0,0.0,0.0,0.0,0.0,0.0,-2.0,-1.0,2.0,3.0
Apple Inc.,D8442A,2021-02-14,0.0,0.0,0.0,0.0,0.0,0.0,-2.0,-1.0,2.0,3.0
Apple Inc.,D8442A,2021-02-15,0.0,0.0,0.0,0.0,0.0,0.0,-2.0,-1.0,2.0,3.0
Apple Inc.,D8442A,2021-02-16,1.0,1.0,0.0,0.0,0.0,1.0,-1.0,0.0,3.0,4.0
Apple Inc.,D8442A,2021-02-17,0.0,0.0,0.0,0.0,0.0,0.0,0.0,0.0,2.0,4.0
Apple Inc.,D8442A,2021-02-18,0.0,0.0,0.0,0.0,0.0,0.0,1.0,0.0,1.0,4.0
Apple Inc.,D8442A,2021-02-19,0.0,0.0,0.0,0.0,0.0,0.0,1.0,0.0,1.0,4.0
Apple Inc.,D8442A,2021-02-20,0.0,0.0,0.0,0.0,0.0,0.0,1.0,0.0,1.0,4.0
Apple Inc.,D8442A,2021-02-21,0.0,0.0,0.0,0.0,0.0,0.0,1.0,0.0,1.0,4.0
Apple Inc.,D8442A,2021-02-22,0.0,0.0,0.0,0.0,0.0,0.0,1.0,0.0,1.0,4.0
Apple Inc.,D8442A,2021-02-23,0.0,0.0,0.0,0.0,0.0,0.0,0.0,0.0,0.0,4.0
Apple Inc.,D8442A,2021-02-24,0.0,0.0,0.0,0.0,0.0,0.0,0.0,-1.0,0.0,3.0
Apple Inc.,D8442A,2021-02-25,0.0,0.0,0.0,0.0,0.0,0.0,0.0,-1.0,0.0,3.0
Apple Inc.,D8442A,2021-02-26,0.0,0.0,0.0,0.0,0.0,0.0,0.0,-1.0,0.0,3.0
Apple Inc.,D8442A,2021-02-27,0.0,0.0,0.0,0.0,0.0,0.0,0.0,-1.0,0.0,3.0
Apple Inc.,D8442A,2021-02-28,0.0,0.0,0.0,0.0,0.0,0.0,0.0,-1.0,0.0,3.0
Apple Inc.,D8442A,2021-03-01,0.0,0.0,0.0,0.0,0.0,0.0,0.0,-1.0,0.0,3.0
Apple Inc.,D8442A,2021-03-02,0.0,0.0,0.0,0.0,0.0,0.0,0.0,-1.0,0.0,3.0
Apple Inc.,D8442A,2021-03-03,0.0,0.0,0.0,0.0,0.0,0.0,0.0,-1.0,0.0,3.0
Apple Inc.,D8442A,2021-03-04,0.0,0.0,0.0,0.0,0.0,0.0,0.0,-1.0,0.0,3.0
Apple Inc.,D8442A,2021-03-05,0.0,0.0,0.0,0.0,0.0,0.0,0.0,-1.0,0.0,3.0
Apple Inc.,D8442A,2021-03-06,0.0,0.0,0.0,0.0,0.0,0.0,0.0,-1.0,0.0,3.0
Apple Inc.,D8442A,2021-03-07,0.0,0.0,0.0,0.0,0.0,0.0,0.0,-1.0,0.0,3.0
Apple Inc.,D8442A,2021-03-08,0.0,0.0,0.0,0.0,0.0,0.0,0.0,-1.0,0.0,3.0
Apple Inc.,D8442A,2021-03-09,0.0,0.0,0.0,0.0,0.0,0.0,0.0,-1.0,0.0,3.0
Apple Inc.,D8442A,2021-03-10,0.0,0.0,0.0,0.0,0.0,0.0,0.0,-1.0,0.0,3.0
Apple Inc.,D8442A,2021-03-11,0.0,0.0,0.0,0.0,0.0,0.0,0.0,-1.0,0.0,3.0
Apple Inc.,D8442A,2021-03-12,0.0,0.0,0.0,0.0,0.0,0.0,0.0,0.0,0.0,2.0
Apple Inc.,D8442A,2021-03-13,0.0,0.0,0.0,0.0,0.0,0.0,0.0,1.0,0.0,1.0
Apple Inc.,D8442A,2021-03-14,0.0,0.0,0.0,0.0,0.0,0.0,0.0,1.0,0.0,1.0
Apple Inc.,D8442A,2021-03-15,0.0,0.0,0.0,0.0,0.0,0.0,0.0,1.0,0.0,1.0
Apple Inc.,D8442A,2021-03-16,0.0,0.0,0.0,0.0,0.0,0.0,0.0,1.0,0.0,1.0
Apple Inc.,D8442A,2021-03-17,0.0,0.0,0.0,1.0,0.0,1.0,0.0,1.0,1.0,2.0
Apple Inc.,D8442A,2021-03-18,0.0,0.0,0.0,0.0,0.0,0.0,0.0,0.0,1.0,1.0
Apple Inc.,D8442A,2021-03-19,0.0,0.0,0.0,0.0,0.0,0.0,0.0,0.0,1.0,1.0
Apple Inc.,D8442A,2021-03-20,0.0,0.0,0.0,0.0,0.0,0.0,0.0,0.0,1.0,1.0
Apple Inc.,D8442A,2021-03-21,0.0,0.0,0.0,0.0,0.0,0.0,0.0,0.0,1.0,1.0
Apple Inc.,D8442A,2021-03-22,0.0,0.0,0.0,0.0,0.0,0.0,0.0,0.0,1.0,1.0
Apple Inc.,D8442A,2021-03-23,0.0,0.0,0.0,0.0,0.0,0.0,0.0,0.0,1.0,1.0
Apple Inc.,D8442A,2021-03-24,1.0,1.0,0.0,0.0,0.0,1.0,1.0,1.0,1.0,2.0
Apple Inc.,D8442A,2021-03-25,0.0,0.0,0.0,0.0,0.0,0.0,1.0,1.0,1.0,2.0
Apple Inc.,D8442A,2021-03-26,0.0,0.0,0.0,0.0,0.0,0.0,1.0,1.0,1.0,2.0
Apple Inc.,D8442A,2021-03-27,0.0,0.0,0.0,0.0,0.0,0.0,1.0,1.0,1.0,2.0
Apple Inc.,D8442A,2021-03-28,0.0,0.0,0.0,0.0,0.0,0.0,1.0,1.0,1.0,2.0
Apple Inc.,D8442A,2021-03-29,0.0,0.0,0.0,0.0,0.0,0.0,1.0,1.0,1.0,2.0
Apple Inc.,D8442A,2021-03-30,-1.0,0.0,1.0,0.0,0.0,1.0,0.0,0.0,2.0,3.0
Apple Inc.,D8442A,2021-03-31,-1.0,0.0,1.0,0.0,0.0,1.0,-2.0,-1.0,2.0,4.0
Apple Inc.,D8442A,2021-04-01,0.0,0.0,0.0,0.0,0.0,0.0,-2.0,-1.0,2.0,4.0
Apple Inc.,D8442A,2021-04-02,0.0,0.0,0.0,0.0,0.0,0.0,-2.0,-1.0,2.0,4.0
Apple Inc.,D8442A,2021-04-03,0.0,0.0,0.0,0.0,0.0,0.0,-2.0,-1.0,2.0,4.0
Apple Inc.,D8442A,2021-04-04,0.0,0.0,0.0,0.0,0.0,0.0,-2.0,-1.0,2.0,4.0
Apple Inc.,D8442A,2021-04-05,0.0,0.0,0.0,0.0,0.0,0.0,-2.0,-1.0,2.0,4.0
Apple Inc.,D8442A,2021-04-06,0.0,0.0,0.0,0.0,0.0,0.0,-1.0,-1.0,1.0,4.0
Apple Inc.,D8442A,2021-04-07,0.0,0.0,0.0,0.0,0.0,0.0,0.0,-1.0,0.0,4.0
Apple Inc.,D8442A,2021-04-08,-1.0,0.0,1.0,0.0,0.0,1.0,-1.0,-2.0,1.0,5.0
Apple Inc.,D8442A,2021-04-09,0.0,0.0,0.0,0.0,0.0,0.0,-1.0,-2.0,1.0,5.0
Apple Inc.,D8442A,2021-04-10,0.0,0.0,0.0,0.0,0.0,0.0,-1.0,-2.0,1.0,5.0
Apple Inc.,D8442A,2021-04-11,0.0,0.0,0.0,0.0,0.0,0.0,-1.0,-2.0,1.0,5.0
Apple Inc.,D8442A,2021-04-12,0.0,0.0,0.0,0.0,0.0,0.0,-1.0,-2.0,1.0,5.0
Apple Inc.,D8442A,2021-04-13,0.0,0.0,0.0,0.0,0.0,0.0,-1.0,-2.0,1.0,5.0
Apple Inc.,D8442A,2021-04-14,0.0,0.0,0.0,0.0,0.0,0.0,-1.0,-2.0,1.0,5.0
Apple Inc.,D8442A,2021-04-15,-1.0,0.0,1.0,0.0,0.0,1.0,-1.0,-3.0,1.0,6.0
Apple Inc.,D8442A,2021-04-16,0.0,0.0,0.0,0.0,0.0,0.0,-1.0,-3.0,1.0,5.0
Apple Inc.,D8442A,2021-04-17,0.0,0.0,0.0,0.0,0.0,0.0,-1.0,-3.0,1.0,5.0
Apple Inc.,D8442A,2021-04-18,0.0,0.0,0.0,0.0,0.0,0.0,-1.0,-3.0,1.0,5.0
Apple Inc.,D8442A,2021-04-19,0.0,0.0,0.0,0.0,0.0,0.0,-1.0,-3.0,1.0,5.0
Apple Inc.,D8442A,2021-04-20,0.0,0.0,0.0,0.0,0.0,0.0,-1.0,-3.0,1.0,5.0
Apple Inc.,D8442A,2021-04-21,0.0,0.0,0.0,0.0,0.0,0.0,-1.0,-3.0,1.0,5.0
Apple Inc.,D8442A,2021-04-22,0.0,0.0,0.0,0.0,0.0,0.0,0.0,-3.0,0.0,5.0
Apple Inc.,D8442A,2021-04-23,0.0,0.0,0.0,0.0,0.0,0.0,0.0,-4.0,0.0,4.0
Apple Inc.,D8442A,2021-04-24,0.0,0.0,0.0,0.0,0.0,0.0,0.0,-4.0,0.0,4.0
Apple Inc.,D8442A,2021-04-25,-1.0,0.0,1.0,0.0,0.0,1.0,-1.0,-5.0,1.0,5.0
Apple Inc.,D8442A,2021-04-26,0.0,0.0,0.0,0.0,0.0,0.0,-1.0,-5.0,1.0,5.0
Apple Inc.,D8442A,2021-04-27,0.0,0.0,0.0,0.0,0.0,0.0,-1.0,-5.0,1.0,5.0
Apple Inc.,D8442A,2021-04-28,0.0,0.0,0.0,0.0,0.0,0.0,-1.0,-5.0,1.0,5.0
Apple Inc.,D8442A,2021-04-29,-1.0,0.0,1.0,0.0,0.0,1.0,-2.0,-5.0,2.0,5.0
Apple Inc.,D8442A,2021-04-30,0.0,0.0,0.0,0.0,0.0,0.0,-2.0,-4.0,2.0,4.0
Apple Inc.,D8442A,2021-05-01,0.0,0.0,0.0,0.0,0.0,0.0,-2.0,-4.0,2.0,4.0
Apple Inc.,D8442A,2021-05-02,0.0,0.0,0.0,0.0,0.0,0.0,-1.0,-4.0,1.0,4.0
Apple Inc.,D8442A,2021-05-03,0.0,0.0,0.0,0.0,0.0,0.0,-1.0,-4.0,1.0,4.0
Apple Inc.,D8442A,2021-05-04,0.0,0.0,0.0,0.0,0.0,0.0,-1.0,-4.0,1.0,4.0
Apple Inc.,D8442A,2021-05-05,-1.0,0.0,1.0,0.0,0.0,1.0,-2.0,-5.0,2.0,5.0
Apple Inc.,D8442A,2021-05-06,0.0,0.0,0.0,0.0,0.0,0.0,-1.0,-5.0,1.0,5.0
Apple Inc.,D8442A,2021-05-07,0.0,0.0,0.0,0.0,0.0,0.0,-1.0,-5.0,1.0,5.0
Apple Inc.,D8442A,2021-05-08,0.0,0.0,0.0,0.0,0.0,0.0,-1.0,-4.0,1.0,4.0
Apple Inc.,D8442A,2021-05-09,0.0,0.0,0.0,0.0,0.0,0.0,-1.0,-4.0,1.0,4.0
Apple Inc.,D8442A,2021-05-10,0.0,0.0,0.0,0.0,0.0,0.0,-1.0,-4.0,1.0,4.0
Apple Inc.,D8442A,2021-05-11,0.0,0.0,0.0,0.0,0.0,0.0,-1.0,-4.0,1.0,4.0
Apple Inc.,D8442A,2021-05-12,0.0,0.0,0.0,0.0,0.0,0.0,0.0,-4.0,0.0,4.0
Apple Inc.,D8442A,2021-05-13,0.0,0.0,0.0,0.0,0.0,0.0,0.0,-4.0,0.0,4.0
Apple Inc.,D8442A,2021-05-14,0.0,0.0,0.0,0.0,0.0,0.0,0.0,-4.0,0.0,4.0
Apple Inc.,D8442A,2021-05-15,0.0,0.0,0.0,0.0,0.0,0.0,0.0,-3.0,0.0,3.0
Apple Inc.,D8442A,2021-05-16,0.0,0.0,0.0,0.0,0.0,0.0,0.0,-3.0,0.0,3.0
Apple Inc.,D8442A,2021-05-17,0.0,0.0,0.0,0.0,0.0,0.0,0.0,-3.0,0.0,3.0
Apple Inc.,D8442A,2021-05-18,0.0,0.0,0.0,0.0,0.0,0.0,0.0,-3.0,0.0,3.0
Apple Inc.,D8442A,2021-05-19,0.0,0.0,0.0,0.0,0.0,0.0,0.0,-3.0,0.0,3.0
Apple Inc.,D8442A,2021-05-20,0.0,0.0,0.0,0.0,0.0,0.0,0.0,-3.0,0.0,3.0
Apple Inc.,D8442A,2021-05-21,0.0,0.0,0.0,0.0,0.0,0.0,0.0,-3.0,0.0,3.0
Apple Inc.,D8442A,2021-05-22,0.0,0.0,0.0,0.0,0.0,0.0,0.0,-3.0,0.0,3.0
Apple Inc.,D8442A,2021-05-23,0.0,0.0,0.0,0.0,0.0,0.0,0.0,-3.0,0.0,3.0
Apple Inc.,D8442A,2021-05-24,0.0,0.0,0.0,0.0,0.0,0.0,0.0,-3.0,0.0,3.0
Apple Inc.,D8442A,2021-05-25,-1.0,0.0,2.0,0.0,0.0,2.0,-1.0,-3.0,2.0,4.0
Apple Inc.,D8442A,2021-05-26,0.0,0.0,0.0,0.0,0.0,0.0,-1.0,-3.0,2.0,4.0
Apple Inc.,D8442A,2021-05-27,-1.0,0.0,1.0,0.0,0.0,1.0,-2.0,-4.0,3.0,5.0
Apple Inc.,D8442A,2021-05-28,0.0,0.0,0.0,0.0,0.0,0.0,-2.0,-4.0,3.0,5.0
Apple Inc.,D8442A,2021-05-29,0.0,0.0,0.0,0.0,0.0,0.0,-2.0,-3.0,3.0,4.0
Apple Inc.,D8442A,2021-05-30,0.0,0.0,0.0,0.0,0.0,0.0,-2.0,-3.0,3.0,4.0
Apple Inc.,D8442A,2021-05-31,0.0,0.0,0.0,0.0,0.0,0.0,-2.0,-3.0,3.0,4.0
Apple Inc.,D8442A,2021-06-01,-0.5,0.0,1.0,1.0,0.0,2.0,-1.5,-3.5,3.0,6.0
Apple Inc.,D8442A,2021-06-02,0.0,0.0,0.0,0.0,0.0,0.0,-1.5,-3.5,3.0,6.0
Apple Inc.,D8442A,2021-06-03,0.0,0.0,0.0,0.0,0.0,0.0,-0.5,-3.5,2.0,6.0
Apple Inc.,D8442A,2021-06-04,0.0,0.0,0.0,0.0,0.0,0.0,-0.5,-2.5,2.0,5.0
Apple Inc.,D8442A,2021-06-05,0.0,0.0,0.0,0.0,0.0,0.0,-0.5,-2.5,2.0,5.0
Apple Inc.,D8442A,2021-06-06,0.0,0.0,0.0,0.0,0.0,0.0,-0.5,-2.5,2.0,5.0
Apple Inc.,D8442A,2021-06-07,0.0,0.0,0.0,0.0,0.0,0.0,-0.5,-2.5,2.0,5.0
Apple Inc.,D8442A,2021-06-08,0.0,0.0,0.0,0.0,0.0,0.0,0.0,-2.5,0.0,5.0
Apple Inc.,D8442A,2021-06-09,0.0,0.0,0.0,0.0,0.0,0.0,0.0,-2.5,0.0,5.0
Apple Inc.,D8442A,2021-06-10,0.0,0.0,0.0,0.0,0.0,0.0,0.0,-2.5,0.0,5.0
Apple Inc.,D8442A,2021-06-11,0.0,0.0,0.0,0.0,0.0,0.0,0.0,-2.5,0.0,5.0
Apple Inc.,D8442A,2021-06-12,0.0,0.0,0.0,0.0,0.0,0.0,0.0,-2.5,0.0,5.0
Apple Inc.,D8442A,2021-06-13,0.0,0.0,0.0,0.0,0.0,0.0,0.0,-2.5,0.0,5.0
Apple Inc.,D8442A,2021-06-14,0.0,0.0,0.0,0.0,0.0,0.0,0.0,-2.5,0.0,5.0
Apple Inc.,D8442A,2021-06-15,0.0,0.0,0.0,0.0,0.0,0.0,0.0,-2.5,0.0,5.0
Apple Inc.,D8442A,2021-06-16,0.0,0.0,0.0,0.0,0.0,0.0,0.0,-2.5,0.0,5.0
Apple Inc.,D8442A,2021-06-17,0.0,0.0,0.0,0.0,0.0,0.0,0.0,-2.5,0.0,5.0
Apple Inc.,D8442A,2021-06-18,0.0,0.0,0.0,0.0,0.0,0.0,0.0,-2.5,0.0,5.0
Apple Inc.,D8442A,2021-06-19,0.0,0.0,0.0,0.0,0.0,0.0,0.0,-2.5,0.0,5.0
Apple Inc.,D8442A,2021-06-20,0.0,0.0,0.0,0.0,0.0,0.0,0.0,-2.5,0.0,5.0
Apple Inc.,D8442A,2021-06-21,0.0,0.0,0.0,0.0,0.0,0.0,0.0,-2.5,0.0,5.0
Apple Inc.,D8442A,2021-06-22,-1.0,0.0,2.0,0.0,0.0,2.0,-1.0,-3.5,2.0,7.0
Apple Inc.,D8442A,2021-06-23,0.0,0.0,0.0,0.0,0.0,0.0,-1.0,-3.5,2.0,7.0
Apple Inc.,D8442A,2021-06-24,0.0,0.0,0.0,0.0,0.0,0.0,-1.0,-2.5,2.0,5.0
Apple Inc.,D8442A,2021-06-25,0.0,0.0,0.0,0.0,0.0,0.0,-1.0,-2.5,2.0,5.0
Apple Inc.,D8442A,2021-06-26,0.0,0.0,0.0,0.0,0.0,0.0,-1.0,-1.5,2.0,4.0
Apple Inc.,D8442A,2021-06-27,0.0,0.0,0.0,0.0,0.0,0.0,-1.0,-1.5,2.0,4.0
Apple Inc.,D8442A,2021-06-28,-1.0,0.0,1.0,0.0,0.0,1.0,-2.0,-2.5,3.0,5.0
Applied Materials Inc.,A4BCDE,2021-01-19,1.0,1.0,0.0,0.0,0.0,1.0,1.0,1.0,1.0,1.0
Applied Materials Inc.,A4BCDE,2021-01-20,0.0,0.0,0.0,0.0,0.0,0.0,1.0,1.0,1.0,1.0
Applied Materials Inc.,A4BCDE,2021-01-21,0.0,0.0,0.0,0.0,0.0,0.0,1.0,1.0,1.0,1.0
Applied Materials Inc.,A4BCDE,2021-01-22,0.0,0.0,0.0,0.0,0.0,0.0,1.0,1.0,1.0,1.0
Applied Materials Inc.,A4BCDE,2021-01-23,0.0,0.0,0.0,0.0,0.0,0.0,1.0,1.0,1.0,1.0
Applied Materials Inc.,A4BCDE,2021-01-24,0.0,0.0,0.0,0.0,0.0,0.0,1.0,1.0,1.0,1.0
Applied Materials Inc.,A4BCDE,2021-01-25,0.0,0.0,0.0,0.0,0.0,0.0,1.0,1.0,1.0,1.0
Applied Materials Inc.,A4BCDE,2021-01-26,0.0,0.0,0.0,0.0,0.0,0.0,0.0,1.0,0.0,1.0
Applied Materials Inc.,A4BCDE,2021-01-27,0.0,0.0,0.0,0.0,0.0,0.0,0.0,1.0,0.0,1.0
Applied Materials Inc.,A4BCDE,2021-01-28,0.0,0.0,0.0,0.0,0.0,0.0,0.0,1.0,0.0,1.0
Applied Materials Inc.,A4BCDE,2021-01-29,0.0,0.0,0.0,0.0,0.0,0.0,0.0,1.0,0.0,1.0
Applied Materials Inc.,A4BCDE,2021-01-30,0.0,0.0,0.0,0.0,0.0,0.0,0.0,1.0,0.0,1.0
Applied Materials Inc.,A4BCDE,2021-01-31,0.0,0.0,0.0,0.0,0.0,0.0,0.0,1.0,0.0,1.0
Applied Materials Inc.,A4BCDE,2021-02-01,0.0,0.0,0.0,0.0,0.0,0.0,0.0,1.0,0.0,1.0
Applied Materials Inc.,A4BCDE,2021-02-02,0.0,0.0,0.0,0.0,0.0,0.0,0.0,1.0,0.0,1.0
Applied Materials Inc.,A4BCDE,2021-02-03,0.0,0.0,0.0,0.0,0.0,0.0,0.0,1.0,0.0,1.0
Applied Materials Inc.,A4BCDE,2021-02-04,0.0,0.0,0.0,0.0,0.0,0.0,0.0,1.0,0.0,1.0
Applied Materials Inc.,A4BCDE,2021-02-05,0.0,0.0,0.0,0.0,0.0,0.0,0.0,1.0,0.0,1.0
Applied Materials Inc.,A4BCDE,2021-02-06,0.0,0.0,0.0,0.0,0.0,0.0,0.0,1.0,0.0,1.0
Applied Materials Inc.,A4BCDE,2021-02-07,0.0,0.0,0.0,0.0,0.0,0.0,0.0,1.0,0.0,1.0
Applied Materials Inc.,A4BCDE,2021-02-08,0.0,0.0,0.0,0.0,0.0,0.0,0.0,1.0,0.0,1.0
Applied Materials Inc.,A4BCDE,2021-02-09,0.0,0.0,0.0,0.0,0.0,0.0,0.0,1.0,0.0,1.0
Applied Materials Inc.,A4BCDE,2021-02-10,0.0,0.0,0.0,0.0,0.0,0.0,0.0,1.0,0.0,1.0
Applied Materials Inc.,A4BCDE,2021-02-11,0.0,0.0,0.0,0.0,0.0,0.0,0.0,1.0,0.0,1.0
Applied Materials Inc.,A4BCDE,2021-02-12,0.0,0.0,0.0,0.0,0.0,0.0,0.0,1.0,0.0,1.0
Applied Materials Inc.,A4BCDE,2021-02-13,0.0,0.0,0.0,0.0,0.0,0.0,0.0,1.0,0.0,1.0
Applied Materials Inc.,A4BCDE,2021-02-14,0.0,0.0,0.0,0.0,0.0,0.0,0.0,1.0,0.0,1.0
Applied Materials Inc.,A4BCDE,2021-02-15,0.0,0.0,0.0,0.0,0.0,0.0,0.0,1.0,0.0,1.0
Applied Materials Inc.,A4BCDE,2021-02-16,0.0,0.0,0.0,0.0,0.0,0.0,0.0,1.0,0.0,1.0
Applied Materials Inc.,A4BCDE,2021-02-17,0.0,0.0,0.0,0.0,0.0,0.0,0.0,1.0,0.0,1.0
Applied Materials Inc.,A4BCDE,2021-04-30,-1.0,0.0,1.0,0.0,0.0,1.0,-1.0,-1.0,1.0,1.0
Applied Materials Inc.,A4BCDE,2021-05-01,0.0,0.0,0.0,0.0,0.0,0.0,-1.0,-1.0,1.0,1.0
Applied Materials Inc.,A4BCDE,2021-05-02,0.0,0.0,0.0,0.0,0.0,0.0,-1.0,-1.0,1.0,1.0
Applied Materials Inc.,A4BCDE,2021-05-03,0.0,0.0,0.0,0.0,0.0,0.0,-1.0,-1.0,1.0,1.0
Applied Materials Inc.,A4BCDE,2021-05-04,0.0,0.0,0.0,0.0,0.0,0.0,-1.0,-1.0,1.0,1.0
Applied Materials Inc.,A4BCDE,2021-05-05,0.0,0.0,0.0,0.0,0.0,0.0,-1.0,-1.0,1.0,1.0
Applied Materials Inc.,A4BCDE,2021-05-06,0.0,0.0,0.0,0.0,0.0,0.0,-1.0,-1.0,1.0,1.0
Applied Materials Inc.,A4BCDE,2021-05-07,0.0,0.0,0.0,0.0,0.0,0.0,0.0,-1.0,0.0,1.0
Applied Materials Inc.,A4BCDE,2021-05-08,0.0,0.0,0.0,0.0,0.0,0.0,0.0,-1.0,0.0,1.0
Applied Materials Inc.,A4BCDE,2021-05-09,0.0,0.0,0.0,0.0,0.0,0.0,0.0,-1.0,0.0,1.0
Applied Materials Inc.,A4BCDE,2021-05-10,0.0,0.0,0.0,0.0,0.0,0.0,0.0,-1.0,0.0,1.0
Applied Materials Inc.,A4BCDE,2021-05-11,0.0,0.0,0.0,0.0,0.0,0.0,0.0,-1.0,0.0,1.0
Applied Materials Inc.,A4BCDE,2021-05-12,0.0,0.0,0.0,0.0,0.0,0.0,0.0,-1.0,0.0,1.0
Applied Materials Inc.,A4BCDE,2021-05-13,0.0,0.0,0.0,0.0,0.0,0.0,0.0,-1.0,0.0,1.0
Applied Materials Inc.,A4BCDE,2021-05-14,0.0,0.0,0.0,0.0,0.0,0.0,0.0,-1.0,0.0,1.0
Applied Materials Inc.,A4BCDE,2021-05-15,0.0,0.0,0.0,0.0,0.0,0.0,0.0,-1.0,0.0,1.0
Applied Materials Inc.,A4BCDE,2021-05-16,0.0,0.0,0.0,0.0,0.0,0.0,0.0,-1.0,0.0,1.0
Applied Materials Inc.,A4BCDE,2021-05-17,0.0,0.0,0.0,0.0,0.0,0.0,0.0,-1.0,0.0,1.0
Applied Materials Inc.,A4BCDE,2021-05-18,0.0,0.0,0.0,0.0,0.0,0.0,0.0,-1.0,0.0,1.0
Applied Materials Inc.,A4BCDE,2021-05-19,0.0,0.0,0.0,0.0,0.0,0.0,0.0,-1.0,0.0,1.0
Applied Materials Inc.,A4BCDE,2021-05-20,0.0,0.0,0.0,0.0,0.0,0.0,0.0,-1.0,0.0,1.0
Applied Materials Inc.,A4BCDE,2021-05-21,-1.0,0.0,1.0,0.0,0.0,1.0,-1.0,-2.0,1.0,2.0
Applied Materials Inc.,A4BCDE,2021-05-22,0.0,0.0,0.0,0.0,0.0,0.0,-1.0,-2.0,1.0,2.0
Applied Materials Inc.,A4BCDE,2021-05-23,0.0,0.0,0.0,0.0,0.0,0.0,-1.0,-2.0,1.0,2.0
Applied Materials Inc.,A4BCDE,2021-05-24,0.0,0.0,0.0,0.0,0.0,0.0,-1.0,-2.0,1.0,2.0
Applied Materials Inc.,A4BCDE,2021-05-25,0.0,0.0,0.0,0.0,0.0,0.0,-1.0,-2.0,1.0,2.0
Applied Materials Inc.,A4BCDE,2021-05-26,0.0,0.0,0.0,0.0,0.0,0.0,-1.0,-2.0,1.0,2.0
Applied Materials Inc.,A4BCDE,2021-05-27,0.0,0.0,0.0,0.0,0.0,0.0,-1.0,-2.0,1.0,2.0
Applied Materials Inc.,A4BCDE,2021-05-28,0.0,0.0,0.0,0.0,0.0,0.0,0.0,-2.0,0.0,2.0
Applied Materials Inc.,A4BCDE,2021-05-29,0.0,0.0,0.0,0.0,0.0,0.0,0.0,-2.0,0.0,2.0
Applied Materials Inc.,A4BCDE,2021-05-30,0.0,0.0,0.0,0.0,0.0,0.0,0.0,-1.0,0.0,1.0
Applied Materials Inc.,A4BCDE,2021-05-31,0.0,0.0,0.0,0.0,0.0,0.0,0.0,-1.0,0.0,1.0
Applied Materials Inc.,A4BCDE,2021-06-01,0.0,0.0,0.0,0.0,0.0,0.0,0.0,-1.0,0.0,1.0
Applied Materials Inc.,A4BCDE,2021-06-02,0.0,0.0,0.0,0.0,0.0,0.0,0.0,-1.0,0.0,1.0
Applied Materials Inc.,A4BCDE,2021-06-03,0.0,0.0,0.0,0.0,0.0,0.0,0.0,-1.0,0.0,1.0
Applied Materials Inc.,A4BCDE,2021-06-04,0.0,0.0,0.0,0.0,0.0,0.0,0.0,-1.0,0.0,1.0
Applied Materials Inc.,A4BCDE,2021-06-05,0.0,0.0,0.0,0.0,0.0,0.0,0.0,-1.0,0.0,1.0
Applied Materials Inc.,A4BCDE,2021-06-06,0.0,0.0,0.0,0.0,0.0,0.0,0.0,-1.0,0.0,1.0
Applied Materials Inc.,A4BCDE,2021-06-07,0.0,0.0,0.0,0.0,0.0,0.0,0.0,-1.0,0.0,1.0
Applied Materials Inc.,A4BCDE,2021-06-08,0.0,0.0,0.0,0.0,0.0,0.0,0.0,-1.0,0.0,1.0
Applied Materials Inc.,A4BCDE,2021-06-09,0.0,0.0,0.0,0.0,0.0,0.0,0.0,-1.0,0.0,1.0
Applied Materials Inc.,A4BCDE,2021-06-10,0.0,0.0,0.0,0.0,0.0,0.0,0.0,-1.0,0.0,1.0
Applied Materials Inc.,A4BCDE,2021-06-11,0.0,0.0,0.0,0.0,0.0,0.0,0.0,-1.0,0.0,1.0
Applied Materials Inc.,A4BCDE,2021-06-12,0.0,0.0,0.0,0.0,0.0,0.0,0.0,-1.0,0.0,1.0
Applied Materials Inc.,A4BCDE,2021-06-13,0.0,0.0,0.0,0.0,0.0,0.0,0.0,-1.0,0.0,1.0
Applied Materials Inc.,A4BCDE,2021-06-14,0.0,0.0,0.0,0.0,0.0,0.0,0.0,-1.0,0.0,1.0
Applied Materials Inc.,A4BCDE,2021-06-15,0.0,0.0,0.0,0.0,0.0,0.0,0.0,-1.0,0.0,1.0
Applied Materials Inc.,A4BCDE,2021-06-16,0.0,0.0,0.0,0.0,0.0,0.0,0.0,-1.0,0.0,1.0
Applied Materials Inc.,A4BCDE,2021-06-17,0.0,0.0,0.0,0.0,0.0,0.0,0.0,-1.0,0.0,1.0
Applied Materials Inc.,A4BCDE,2021-06-18,0.0,0.0,0.0,0.0,0.0,0.0,0.0,-1.0,0.0,1.0
Applied Materials Inc.,A4BCDE,2021-06-19,0.0,0.0,0.0,0.0,0.0,0.0,0.0,-1.0,0.0,1.0
Applied Materials Inc.,A4BCDE,2021-06-22,1.0,1.0,0.0,0.0,0.0,1.0,1.0,1.0,1.0,1.0
Aptiv Irish Holdings Ltd.,64CEBB,2021-02-03,-1.0,0.0,2.0,0.0,0.0,2.0,-1.0,-1.0,2.0,2.0
Aptiv Irish Holdings Ltd.,64CEBB,2021-02-04,0.0,0.0,0.0,0.0,0.0,0.0,-1.0,-1.0,2.0,2.0
Aptiv Irish Holdings Ltd.,64CEBB,2021-02-05,0.0,0.0,0.0,0.0,0.0,0.0,-1.0,-1.0,2.0,2.0
Aptiv Irish Holdings Ltd.,64CEBB,2021-02-06,0.0,0.0,0.0,0.0,0.0,0.0,-1.0,-1.0,2.0,2.0
Aptiv Irish Holdings Ltd.,64CEBB,2021-02-07,0.0,0.0,0.0,0.0,0.0,0.0,-1.0,-1.0,2.0,2.0
Aptiv Irish Holdings Ltd.,64CEBB,2021-02-08,0.0,0.0,0.0,0.0,0.0,0.0,-1.0,-1.0,2.0,2.0
Aptiv Irish Holdings Ltd.,64CEBB,2021-02-09,0.0,0.0,0.0,0.0,0.0,0.0,-1.0,-1.0,2.0,2.0
Aptiv Irish Holdings Ltd.,64CEBB,2021-02-10,0.0,0.0,0.0,0.0,0.0,0.0,0.0,-1.0,0.0,2.0
Aptiv Irish Holdings Ltd.,64CEBB,2021-02-11,0.0,0.0,0.0,1.0,0.0,1.0,0.0,-1.0,1.0,3.0
Aptiv Irish Holdings Ltd.,64CEBB,2021-02-12,0.0,0.0,0.0,0.0,0.0,0.0,0.0,-1.0,1.0,3.0
Aptiv Irish Holdings Ltd.,64CEBB,2021-02-13,0.0,0.0,0.0,0.0,0.0,0.0,0.0,-1.0,1.0,3.0
Aptiv Irish Holdings Ltd.,64CEBB,2021-02-14,0.0,0.0,0.0,0.0,0.0,0.0,0.0,-1.0,1.0,3.0
Aptiv Irish Holdings Ltd.,64CEBB,2021-02-15,0.0,0.0,0.0,0.0,0.0,0.0,0.0,-1.0,1.0,3.0
Aptiv Irish Holdings Ltd.,64CEBB,2021-02-16,0.0,0.0,0.0,0.0,0.0,0.0,0.0,-1.0,1.0,3.0
Aptiv Irish Holdings Ltd.,64CEBB,2021-02-17,0.0,0.0,0.0,0.0,0.0,0.0,0.0,-1.0,1.0,3.0
Aptiv Irish Holdings Ltd.,64CEBB,2021-02-18,0.0,0.0,0.0,0.0,0.0,0.0,0.0,-1.0,0.0,3.0
Aptiv Irish Holdings Ltd.,64CEBB,2021-02-19,0.0,0.0,0.0,0.0,0.0,0.0,0.0,-1.0,0.0,3.0
Aptiv Irish Holdings Ltd.,64CEBB,2021-02-20,0.0,0.0,0.0,0.0,0.0,0.0,0.0,-1.0,0.0,3.0
Aptiv Irish Holdings Ltd.,64CEBB,2021-02-21,0.0,0.0,0.0,0.0,0.0,0.0,0.0,-1.0,0.0,3.0
Aptiv Irish Holdings Ltd.,64CEBB,2021-02-22,0.0,0.0,0.0,0.0,0.0,0.0,0.0,-1.0,0.0,3.0
Aptiv Irish Holdings Ltd.,64CEBB,2021-02-23,0.0,0.0,0.0,0.0,0.0,0.0,0.0,-1.0,0.0,3.0
Aptiv Irish Holdings Ltd.,64CEBB,2021-02-24,0.0,0.0,0.0,0.0,0.0,0.0,0.0,-1.0,0.0,3.0
Aptiv Irish Holdings Ltd.,64CEBB,2021-02-25,0.0,0.0,0.0,0.0,0.0,0.0,0.0,-1.0,0.0,3.0
Aptiv Irish Holdings Ltd.,64CEBB,2021-02-26,0.0,0.0,0.0,0.0,0.0,0.0,0.0,-1.0,0.0,3.0
Aptiv Irish Holdings Ltd.,64CEBB,2021-02-27,0.0,0.0,0.0,0.0,0.0,0.0,0.0,-1.0,0.0,3.0
Aptiv Irish Holdings Ltd.,64CEBB,2021-02-28,0.0,0.0,0.0,0.0,0.0,0.0,0.0,-1.0,0.0,3.0
Aptiv Irish Holdings Ltd.,64CEBB,2021-03-01,0.0,0.0,0.0,0.0,0.0,0.0,0.0,-1.0,0.0,3.0
Aptiv Irish Holdings Ltd.,64CEBB,2021-03-02,0.0,0.0,0.0,0.0,0.0,0.0,0.0,-1.0,0.0,3.0
Aptiv Irish Holdings Ltd.,64CEBB,2021-03-03,0.0,0.0,0.0,0.0,0.0,0.0,0.0,-1.0,0.0,3.0
Aptiv Irish Holdings Ltd.,64CEBB,2021-03-04,0.0,0.0,0.0,0.0,0.0,0.0,0.0,-1.0,0.0,3.0
Aptiv Irish Holdings Ltd.,64CEBB,2021-03-05,0.0,0.0,0.0,0.0,0.0,0.0,0.0,0.0,0.0,1.0
Aptiv Irish Holdings Ltd.,64CEBB,2021-03-06,0.0,0.0,0.0,0.0,0.0,0.0,0.0,0.0,0.0,1.0
Aptiv Irish Holdings Ltd.,64CEBB,2021-03-07,0.0,0.0,0.0,0.0,0.0,0.0,0.0,0.0,0.0,1.0
Aptiv Irish Holdings Ltd.,64CEBB,2021-03-08,0.0,0.0,0.0,0.0,0.0,0.0,0.0,0.0,0.0,1.0
Aptiv Irish Holdings Ltd.,64CEBB,2021-03-09,0.0,0.0,0.0,0.0,0.0,0.0,0.0,0.0,0.0,1.0
Aptiv Irish Holdings Ltd.,64CEBB,2021-03-10,0.0,0.0,0.0,0.0,0.0,0.0,0.0,0.0,0.0,1.0
Aptiv Irish Holdings Ltd.,64CEBB,2021-03-11,0.0,0.0,0.0,0.0,0.0,0.0,0.0,0.0,0.0,1.0
Aptiv Irish Holdings Ltd.,64CEBB,2021-03-12,0.0,0.0,0.0,0.0,0.0,0.0,0.0,0.0,0.0,1.0
Aptiv Irish Holdings Ltd.,64CEBB,2021-06-17,-1.0,0.0,1.0,0.0,0.0,1.0,-1.0,-1.0,1.0,1.0
Arista Networks Inc.,3DC887,2021-02-11,-1.0,0.0,1.0,0.0,0.0,1.0,-1.0,-1.0,1.0,1.0
Arista Networks Inc.,3DC887,2021-02-12,0.0,0.0,0.0,0.0,0.0,0.0,-1.0,-1.0,1.0,1.0
Arista Networks Inc.,3DC887,2021-02-13,0.0,0.0,0.0,0.0,0.0,0.0,-1.0,-1.0,1.0,1.0
Arista Networks Inc.,3DC887,2021-02-14,0.0,0.0,0.0,0.0,0.0,0.0,-1.0,-1.0,1.0,1.0
Arista Networks Inc.,3DC887,2021-02-15,0.0,0.0,0.0,0.0,0.0,0.0,-1.0,-1.0,1.0,1.0
Arista Networks Inc.,3DC887,2021-02-16,0.0,0.0,0.0,0.0,0.0,0.0,-1.0,-1.0,1.0,1.0
Arista Networks Inc.,3DC887,2021-02-17,0.0,0.0,0.0,0.0,0.0,0.0,-1.0,-1.0,1.0,1.0
Arista Networks Inc.,3DC887,2021-02-18,0.0,0.0,0.0,0.0,0.0,0.0,0.0,-1.0,0.0,1.0
Arista Networks Inc.,3DC887,2021-02-19,0.0,0.0,0.0,0.0,0.0,0.0,0.0,-1.0,0.0,1.0
Arista Networks Inc.,3DC887,2021-02-20,0.0,0.0,0.0,0.0,0.0,0.0,0.0,-1.0,0.0,1.0
Arista Networks Inc.,3DC887,2021-02-21,0.0,0.0,0.0,0.0,0.0,0.0,0.0,-1.0,0.0,1.0
Arista Networks Inc.,3DC887,2021-02-22,0.0,0.0,0.0,0.0,0.0,0.0,0.0,-1.0,0.0,1.0
Arista Networks Inc.,3DC887,2021-02-23,0.0,0.0,0.0,0.0,0.0,0.0,0.0,-1.0,0.0,1.0
Arista Networks Inc.,3DC887,2021-02-24,0.0,0.0,0.0,0.0,0.0,0.0,0.0,-1.0,0.0,1.0
Arista Networks Inc.,3DC887,2021-02-25,0.0,0.0,0.0,0.0,0.0,0.0,0.0,-1.0,0.0,1.0
Arista Networks Inc.,3DC887,2021-02-26,0.0,0.0,0.0,0.0,0.0,0.0,0.0,-1.0,0.0,1.0
Arista Networks Inc.,3DC887,2021-02-27,0.0,0.0,0.0,0.0,0.0,0.0,0.0,-1.0,0.0,1.0
Arista Networks Inc.,3DC887,2021-02-28,0.0,0.0,0.0,0.0,0.0,0.0,0.0,-1.0,0.0,1.0
Arista Networks Inc.,3DC887,2021-03-01,0.0,0.0,0.0,0.0,0.0,0.0,0.0,-1.0,0.0,1.0
Arista Networks Inc.,3DC887,2021-03-02,0.0,0.0,0.0,0.0,0.0,0.0,0.0,-1.0,0.0,1.0
Arista Networks Inc.,3DC887,2021-03-03,0.0,0.0,0.0,0.0,0.0,0.0,0.0,-1.0,0.0,1.0
Arista Networks Inc.,3DC887,2021-03-04,0.0,0.0,0.0,0.0,0.0,0.0,0.0,-1.0,0.0,1.0
Arista Networks Inc.,3DC887,2021-03-05,0.0,0.0,0.0,0.0,0.0,0.0,0.0,-1.0,0.0,1.0
Arista Networks Inc.,3DC887,2021-03-06,0.0,0.0,0.0,0.0,0.0,0.0,0.0,-1.0,0.0,1.0
Arista Networks Inc.,3DC887,2021-03-07,0.0,0.0,0.0,0.0,0.0,0.0,0.0,-1.0,0.0,1.0
Arista Networks Inc.,3DC887,2021-03-08,0.0,0.0,0.0,0.0,0.0,0.0,0.0,-1.0,0.0,1.0
Arista Networks Inc.,3DC887,2021-03-09,0.0,0.0,0.0,0.0,0.0,0.0,0.0,-1.0,0.0,1.0
Arista Networks Inc.,3DC887,2021-03-10,0.0,0.0,0.0,0.0,0.0,0.0,0.0,-1.0,0.0,1.0
Arista Networks Inc.,3DC887,2021-03-11,0.0,0.0,0.0,0.0,0.0,0.0,0.0,-1.0,0.0,1.0
Arista Networks Inc.,3DC887,2021-03-12,0.0,0.0,0.0,0.0,0.0,0.0,0.0,-1.0,0.0,1.0
Arista Networks Inc.,3DC887,2021-05-21,-1.0,0.0,1.0,0.0,0.0,1.0,-1.0,-1.0,1.0,1.0
Arlo Technologies Inc.,6D3F35,2021-02-26,-1.0,0.0,1.0,0.0,0.0,1.0,-1.0,-1.0,1.0,1.0
Arlo Technologies Inc.,6D3F35,2021-02-27,0.0,0.0,0.0,0.0,0.0,0.0,-1.0,-1.0,1.0,1.0
Arlo Technologies Inc.,6D3F35,2021-02-28,0.0,0.0,0.0,0.0,0.0,0.0,-1.0,-1.0,1.0,1.0
Arlo Technologies Inc.,6D3F35,2021-03-01,0.0,0.0,0.0,0.0,0.0,0.0,-1.0,-1.0,1.0,1.0
Arlo Technologies Inc.,6D3F35,2021-03-02,0.0,0.0,0.0,0.0,0.0,0.0,-1.0,-1.0,1.0,1.0
Arlo Technologies Inc.,6D3F35,2021-03-03,0.0,0.0,0.0,0.0,0.0,0.0,-1.0,-1.0,1.0,1.0
Arlo Technologies Inc.,6D3F35,2021-03-04,0.0,0.0,0.0,0.0,0.0,0.0,-1.0,-1.0,1.0,1.0
Arlo Technologies Inc.,6D3F35,2021-03-05,0.0,0.0,0.0,0.0,0.0,0.0,0.0,-1.0,0.0,1.0
Arlo Technologies Inc.,6D3F35,2021-03-06,0.0,0.0,0.0,0.0,0.0,0.0,0.0,-1.0,0.0,1.0
Arlo Technologies Inc.,6D3F35,2021-03-07,0.0,0.0,0.0,0.0,0.0,0.0,0.0,-1.0,0.0,1.0
Arlo Technologies Inc.,6D3F35,2021-03-08,0.0,0.0,0.0,0.0,0.0,0.0,0.0,-1.0,0.0,1.0
Arlo Technologies Inc.,6D3F35,2021-03-09,0.0,0.0,0.0,0.0,0.0,0.0,0.0,-1.0,0.0,1.0
Arlo Technologies Inc.,6D3F35,2021-03-10,0.0,0.0,0.0,0.0,0.0,0.0,0.0,-1.0,0.0,1.0
Arlo Technologies Inc.,6D3F35,2021-03-11,0.0,0.0,0.0,0.0,0.0,0.0,0.0,-1.0,0.0,1.0
Arlo Technologies Inc.,6D3F35,2021-03-12,0.0,0.0,0.0,0.0,0.0,0.0,0.0,-1.0,0.0,1.0
Arlo Technologies Inc.,6D3F35,2021-03-13,0.0,0.0,0.0,0.0,0.0,0.0,0.0,-1.0,0.0,1.0
Arlo Technologies Inc.,6D3F35,2021-03-14,0.0,0.0,0.0,0.0,0.0,0.0,0.0,-1.0,0.0,1.0
Arlo Technologies Inc.,6D3F35,2021-03-15,0.0,0.0,0.0,0.0,0.0,0.0,0.0,-1.0,0.0,1.0
Arlo Technologies Inc.,6D3F35,2021-03-16,0.0,0.0,0.0,0.0,0.0,0.0,0.0,-1.0,0.0,1.0
Arlo Technologies Inc.,6D3F35,2021-03-17,0.0,0.0,0.0,0.0,0.0,0.0,0.0,-1.0,0.0,1.0
Arlo Technologies Inc.,6D3F35,2021-03-18,0.0,0.0,0.0,0.0,0.0,0.0,0.0,-1.0,0.0,1.0
Arlo Technologies Inc.,6D3F35,2021-03-19,0.0,0.0,0.0,0.0,0.0,0.0,0.0,-1.0,0.0,1.0
Arlo Technologies Inc.,6D3F35,2021-03-20,0.0,0.0,0.0,0.0,0.0,0.0,0.0,-1.0,0.0,1.0
Arlo Technologies Inc.,6D3F35,2021-03-21,0.0,0.0,0.0,0.0,0.0,0.0,0.0,-1.0,0.0,1.0
Arlo Technologies Inc.,6D3F35,2021-03-22,0.0,0.0,0.0,0.0,0.0,0.0,0.0,-1.0,0.0,1.0
Arlo Technologies Inc.,6D3F35,2021-03-23,0.0,0.0,0.0,0.0,0.0,0.0,0.0,-1.0,0.0,1.0
Arlo Technologies Inc.,6D3F35,2021-03-24,0.0,0.0,0.0,0.0,0.0,0.0,0.0,-1.0,0.0,1.0
Arlo Technologies Inc.,6D3F35,2021-03-25,0.0,0.0,0.0,0.0,0.0,0.0,0.0,-1.0,0.0,1.0
Arlo Technologies Inc.,6D3F35,2021-03-26,0.0,0.0,0.0,0.0,0.0,0.0,0.0,-1.0,0.0,1.0
Arlo Technologies Inc.,6D3F35,2021-03-27,0.0,0.0,0.0,0.0,0.0,0.0,0.0,-1.0,0.0,1.0
Arlo Technologies Inc.,6D3F35,2021-05-05,-1.0,0.0,1.0,0.0,0.0,1.0,-1.0,-1.0,1.0,1.0
Arrow Electronics Inc.,F4F46F,2021-02-23,-1.0,0.0,1.0,0.0,0.0,1.0,-1.0,-1.0,1.0,1.0
Aspen Aerogels Inc.,387375,2021-04-29,-1.0,0.0,1.0,0.0,0.0,1.0,-1.0,-1.0,1.0,1.0
Atomera Inc.,5F3E74,2021-02-10,-1.0,0.0,1.0,0.0,0.0,1.0,-1.0,-1.0,1.0,1.0
Atomera Inc.,5F3E74,2021-02-11,0.0,0.0,0.0,0.0,0.0,0.0,-1.0,-1.0,1.0,1.0
Atomera Inc.,5F3E74,2021-02-12,0.0,0.0,0.0,0.0,0.0,0.0,-1.0,-1.0,1.0,1.0
Atomera Inc.,5F3E74,2021-02-13,0.0,0.0,0.0,0.0,0.0,0.0,-1.0,-1.0,1.0,1.0
Atomera Inc.,5F3E74,2021-02-14,0.0,0.0,0.0,0.0,0.0,0.0,-1.0,-1.0,1.0,1.0
Atomera Inc.,5F3E74,2021-02-15,0.0,0.0,0.0,0.0,0.0,0.0,-1.0,-1.0,1.0,1.0
Atomera Inc.,5F3E74,2021-02-16,0.0,0.0,0.0,0.0,0.0,0.0,-1.0,-1.0,1.0,1.0
Atomera Inc.,5F3E74,2021-02-17,0.0,0.0,0.0,0.0,0.0,0.0,0.0,-1.0,0.0,1.0
Atomera Inc.,5F3E74,2021-02-18,0.0,0.0,0.0,0.0,0.0,0.0,0.0,-1.0,0.0,1.0
Atomera Inc.,5F3E74,2021-02-19,0.0,0.0,0.0,0.0,0.0,0.0,0.0,-1.0,0.0,1.0
Atomera Inc.,5F3E74,2021-02-20,0.0,0.0,0.0,0.0,0.0,0.0,0.0,-1.0,0.0,1.0
Atomera Inc.,5F3E74,2021-02-21,0.0,0.0,0.0,0.0,0.0,0.0,0.0,-1.0,0.0,1.0
Atomera Inc.,5F3E74,2021-02-22,0.0,0.0,0.0,0.0,0.0,0.0,0.0,-1.0,0.0,1.0
Atomera Inc.,5F3E74,2021-02-23,0.0,0.0,0.0,0.0,0.0,0.0,0.0,-1.0,0.0,1.0
Atomera Inc.,5F3E74,2021-02-24,0.0,0.0,0.0,0.0,0.0,0.0,0.0,-1.0,0.0,1.0
Atomera Inc.,5F3E74,2021-02-25,0.0,0.0,0.0,0.0,0.0,0.0,0.0,-1.0,0.0,1.0
Atomera Inc.,5F3E74,2021-02-26,0.0,0.0,0.0,0.0,0.0,0.0,0.0,-1.0,0.0,1.0
Atomera Inc.,5F3E74,2021-02-27,0.0,0.0,0.0,0.0,0.0,0.0,0.0,-1.0,0.0,1.0
Atomera Inc.,5F3E74,2021-02-28,0.0,0.0,0.0,0.0,0.0,0.0,0.0,-1.0,0.0,1.0
Atomera Inc.,5F3E74,2021-03-01,0.0,0.0,0.0,0.0,0.0,0.0,0.0,-1.0,0.0,1.0
Atomera Inc.,5F3E74,2021-03-02,0.0,0.0,0.0,0.0,0.0,0.0,0.0,-1.0,0.0,1.0
Atomera Inc.,5F3E74,2021-03-03,0.0,0.0,0.0,0.0,0.0,0.0,0.0,-1.0,0.0,1.0
Atomera Inc.,5F3E74,2021-03-04,0.0,0.0,0.0,0.0,0.0,0.0,0.0,-1.0,0.0,1.0
Atomera Inc.,5F3E74,2021-03-05,0.0,0.0,0.0,0.0,0.0,0.0,0.0,-1.0,0.0,1.0
Atomera Inc.,5F3E74,2021-03-06,0.0,0.0,0.0,0.0,0.0,0.0,0.0,-1.0,0.0,1.0
Atomera Inc.,5F3E74,2021-03-07,0.0,0.0,0.0,0.0,0.0,0.0,0.0,-1.0,0.0,1.0
Atomera Inc.,5F3E74,2021-03-08,0.0,0.0,0.0,0.0,0.0,0.0,0.0,-1.0,0.0,1.0
Atomera Inc.,5F3E74,2021-03-09,0.0,0.0,0.0,0.0,0.0,0.0,0.0,-1.0,0.0,1.0
Atomera Inc.,5F3E74,2021-03-10,0.0,0.0,0.0,0.0,0.0,0.0,0.0,-1.0,0.0,1.0
Atomera Inc.,5F3E74,2021-03-11,0.0,0.0,0.0,0.0,0.0,0.0,0.0,-1.0,0.0,1.0
Atomera Inc.,5F3E74,2021-04-28,-1.0,0.0,1.0,0.0,0.0,1.0,-1.0,-1.0,1.0,1.0
AutoNation Inc.,88350F,2021-04-20,-1.0,0.0,1.0,0.0,0.0,1.0,-1.0,-1.0,1.0,1.0
Autoliv Inc.,417364,2021-04-23,-0.5,1.0,3.0,0.0,0.0,4.0,-0.5,-0.5,4.0,4.0
Avnet Inc.,DF6FDD,2021-01-05,-1.0,0.0,1.0,0.0,0.0,1.0,-1.0,-1.0,1.0,1.0
Avnet Inc.,DF6FDD,2021-01-06,0.0,0.0,0.0,0.0,0.0,0.0,-1.0,-1.0,1.0,1.0
Avnet Inc.,DF6FDD,2021-01-07,0.0,0.0,0.0,0.0,0.0,0.0,-1.0,-1.0,1.0,1.0
Avnet Inc.,DF6FDD,2021-01-08,0.0,0.0,0.0,0.0,0.0,0.0,-1.0,-1.0,1.0,1.0
Avnet Inc.,DF6FDD,2021-01-09,0.0,0.0,0.0,0.0,0.0,0.0,-1.0,-1.0,1.0,1.0
Avnet Inc.,DF6FDD,2021-01-10,0.0,0.0,0.0,0.0,0.0,0.0,-1.0,-1.0,1.0,1.0
Avnet Inc.,DF6FDD,2021-01-11,0.0,0.0,0.0,0.0,0.0,0.0,-1.0,-1.0,1.0,1.0
Avnet Inc.,DF6FDD,2021-01-12,0.0,0.0,0.0,0.0,0.0,0.0,0.0,-1.0,0.0,1.0
Avnet Inc.,DF6FDD,2021-01-13,0.0,0.0,0.0,0.0,0.0,0.0,0.0,-1.0,0.0,1.0
Avnet Inc.,DF6FDD,2021-01-14,0.0,0.0,0.0,0.0,0.0,0.0,0.0,-1.0,0.0,1.0
Avnet Inc.,DF6FDD,2021-01-15,0.0,0.0,0.0,0.0,0.0,0.0,0.0,-1.0,0.0,1.0
Avnet Inc.,DF6FDD,2021-01-16,0.0,0.0,0.0,0.0,0.0,0.0,0.0,-1.0,0.0,1.0
Avnet Inc.,DF6FDD,2021-01-17,0.0,0.0,0.0,0.0,0.0,0.0,0.0,-1.0,0.0,1.0
Avnet Inc.,DF6FDD,2021-01-18,0.0,0.0,0.0,0.0,0.0,0.0,0.0,-1.0,0.0,1.0
Avnet Inc.,DF6FDD,2021-01-19,0.0,0.0,0.0,0.0,0.0,0.0,0.0,-1.0,0.0,1.0
Avnet Inc.,DF6FDD,2021-01-20,0.0,0.0,0.0,0.0,0.0,0.0,0.0,-1.0,0.0,1.0
Avnet Inc.,DF6FDD,2021-01-21,0.0,0.0,0.0,0.0,0.0,0.0,0.0,-1.0,0.0,1.0
Avnet Inc.,DF6FDD,2021-01-22,0.0,0.0,0.0,0.0,0.0,0.0,0.0,-1.0,0.0,1.0
Avnet Inc.,DF6FDD,2021-01-23,0.0,0.0,0.0,0.0,0.0,0.0,0.0,-1.0,0.0,1.0
Avnet Inc.,DF6FDD,2021-01-24,0.0,0.0,0.0,0.0,0.0,0.0,0.0,-1.0,0.0,1.0
Avnet Inc.,DF6FDD,2021-01-25,0.0,0.0,0.0,0.0,0.0,0.0,0.0,-1.0,0.0,1.0
Avnet Inc.,DF6FDD,2021-01-26,0.0,0.0,0.0,0.0,0.0,0.0,0.0,-1.0,0.0,1.0
Avnet Inc.,DF6FDD,2021-01-27,0.0,0.0,0.0,0.0,0.0,0.0,0.0,-1.0,0.0,1.0
Avnet Inc.,DF6FDD,2021-01-28,0.0,0.0,0.0,0.0,0.0,0.0,0.0,-1.0,0.0,1.0
Avnet Inc.,DF6FDD,2021-01-29,0.0,0.0,0.0,0.0,0.0,0.0,0.0,-1.0,0.0,1.0
Avnet Inc.,DF6FDD,2021-01-30,0.0,0.0,0.0,0.0,0.0,0.0,0.0,-1.0,0.0,1.0
Avnet Inc.,DF6FDD,2021-01-31,0.0,0.0,0.0,0.0,0.0,0.0,0.0,-1.0,0.0,1.0
Avnet Inc.,DF6FDD,2021-02-01,0.0,0.0,0.0,0.0,0.0,0.0,0.0,-1.0,0.0,1.0
Avnet Inc.,DF6FDD,2021-02-02,0.0,0.0,0.0,0.0,0.0,0.0,0.0,-1.0,0.0,1.0
Avnet Inc.,DF6FDD,2021-02-03,0.0,0.0,0.0,0.0,0.0,0.0,0.0,-1.0,0.0,1.0
Avnet Inc.,DF6FDD,2021-06-10,-1.0,0.0,1.0,0.0,0.0,1.0,-1.0,-1.0,1.0,1.0
Axalta Coating Systems Ltd.,45CF5C,2021-02-18,-1.0,0.0,2.0,0.0,0.0,2.0,-1.0,-1.0,2.0,2.0
Axcelis Technologies Inc.,03B431,2021-02-26,-1.0,0.0,1.0,0.0,0.0,1.0,-1.0,-1.0,1.0,1.0
Azenta Inc.,FC01C0,2021-06-22,1.0,1.0,0.0,0.0,0.0,1.0,1.0,1.0,1.0,1.0
Azure Power Global Ltd.,C94DD7,2021-02-11,-1.0,0.0,1.0,0.0,0.0,1.0,-1.0,-1.0,1.0,1.0
BRP Inc.,EC9820,2021-06-03,-1.0,0.0,2.0,0.0,0.0,2.0,-1.0,-1.0,2.0,2.0
Bank of America Corp.,990AD0,2021-06-18,-1.0,0.0,1.0,0.0,0.0,1.0,-1.0,-1.0,1.0,1.0
Bank of Montreal Inc.,930367,2021-02-16,-1.0,0.0,1.0,0.0,0.0,1.0,-1.0,-1.0,1.0,1.0
Bank of Nova Scotia Co.,53C167,2021-03-03,-1.0,0.0,1.0,0.0,0.0,1.0,-1.0,-1.0,1.0,1.0
Bel Fuse Inc.,994468,2021-05-03,-1.0,0.0,1.0,0.0,0.0,1.0,-1.0,-1.0,1.0,1.0
Best Buy Co. Inc.,5E7E82,2021-02-25,0.0,0.0,0.0,1.0,0.0,1.0,0.0,0.0,1.0,1.0
Best Buy Co. Inc.,5E7E82,2021-02-26,0.0,0.0,0.0,0.0,0.0,0.0,0.0,0.0,1.0,1.0
Best Buy Co. Inc.,5E7E82,2021-02-27,0.0,0.0,0.0,0.0,0.0,0.0,0.0,0.0,1.0,1.0
Best Buy Co. Inc.,5E7E82,2021-02-28,0.0,0.0,0.0,0.0,0.0,0.0,0.0,0.0,1.0,1.0
Best Buy Co. Inc.,5E7E82,2021-03-01,0.0,0.0,0.0,0.0,0.0,0.0,0.0,0.0,1.0,1.0
Best Buy Co. Inc.,5E7E82,2021-03-02,0.0,0.0,0.0,0.0,0.0,0.0,0.0,0.0,1.0,1.0
Best Buy Co. Inc.,5E7E82,2021-03-03,0.0,0.0,0.0,0.0,0.0,0.0,0.0,0.0,1.0,1.0
Best Buy Co. Inc.,5E7E82,2021-03-04,0.0,0.0,0.0,0.0,0.0,0.0,0.0,0.0,0.0,1.0
Best Buy Co. Inc.,5E7E82,2021-03-05,0.0,0.0,0.0,0.0,0.0,0.0,0.0,0.0,0.0,1.0
Best Buy Co. Inc.,5E7E82,2021-03-06,0.0,0.0,0.0,0.0,0.0,0.0,0.0,0.0,0.0,1.0
Best Buy Co. Inc.,5E7E82,2021-03-07,0.0,0.0,0.0,0.0,0.0,0.0,0.0,0.0,0.0,1.0
Best Buy Co. Inc.,5E7E82,2021-03-08,0.0,0.0,0.0,0.0,0.0,0.0,0.0,0.0,0.0,1.0
Best Buy Co. Inc.,5E7E82,2021-03-09,0.0,0.0,0.0,0.0,0.0,0.0,0.0,0.0,0.0,1.0
Best Buy Co. Inc.,5E7E82,2021-03-10,0.0,0.0,0.0,0.0,0.0,0.0,0.0,0.0,0.0,1.0
Best Buy Co. Inc.,5E7E82,2021-03-11,0.0,0.0,0.0,0.0,0.0,0.0,0.0,0.0,0.0,1.0
Best Buy Co. Inc.,5E7E82,2021-03-12,0.0,0.0,0.0,0.0,0.0,0.0,0.0,0.0,0.0,1.0
Best Buy Co. Inc.,5E7E82,2021-03-13,0.0,0.0,0.0,0.0,0.0,0.0,0.0,0.0,0.0,1.0
Best Buy Co. Inc.,5E7E82,2021-03-14,0.0,0.0,0.0,0.0,0.0,0.0,0.0,0.0,0.0,1.0
Best Buy Co. Inc.,5E7E82,2021-03-15,0.0,0.0,0.0,0.0,0.0,0.0,0.0,0.0,0.0,1.0
Best Buy Co. Inc.,5E7E82,2021-03-16,0.0,0.0,0.0,0.0,0.0,0.0,0.0,0.0,0.0,1.0
Best Buy Co. Inc.,5E7E82,2021-03-17,0.0,0.0,0.0,0.0,0.0,0.0,0.0,0.0,0.0,1.0
Best Buy Co. Inc.,5E7E82,2021-03-18,0.0,0.0,0.0,0.0,0.0,0.0,0.0,0.0,0.0,1.0
Best Buy Co. Inc.,5E7E82,2021-03-19,0.0,0.0,0.0,0.0,0.0,0.0,0.0,0.0,0.0,1.0
Best Buy Co. Inc.,5E7E82,2021-03-20,0.0,0.0,0.0,0.0,0.0,0.0,0.0,0.0,0.0,1.0
Best Buy Co. Inc.,5E7E82,2021-03-21,0.0,0.0,0.0,0.0,0.0,0.0,0.0,0.0,0.0,1.0
Best Buy Co. Inc.,5E7E82,2021-03-22,0.0,0.0,0.0,0.0,0.0,0.0,0.0,0.0,0.0,1.0
Best Buy Co. Inc.,5E7E82,2021-03-23,0.0,0.0,0.0,0.0,0.0,0.0,0.0,0.0,0.0,1.0
Best Buy Co. Inc.,5E7E82,2021-03-24,0.0,0.0,0.0,0.0,0.0,0.0,0.0,0.0,0.0,1.0
Best Buy Co. Inc.,5E7E82,2021-03-25,0.0,0.0,0.0,0.0,0.0,0.0,0.0,0.0,0.0,1.0
Best Buy Co. Inc.,5E7E82,2021-03-26,0.0,0.0,0.0,0.0,0.0,0.0,0.0,0.0,0.0,1.0
Best Buy Co. Inc.,5E7E82,2021-05-27,-1.0,0.0,1.0,0.0,0.0,1.0,-1.0,-1.0,1.0,1.0
BlackBerry Ltd.,E040DD,2021-03-31,-1.0,0.0,1.0,0.0,0.0,1.0,-1.0,-1.0,1.0,1.0
BorgWarner Inc.,1791E7,2021-03-30,0.0,0.0,0.0,1.0,0.0,1.0,0.0,0.0,1.0,1.0
BorgWarner Inc.,1791E7,2021-03-31,0.0,0.0,0.0,0.0,0.0,0.0,0.0,0.0,1.0,1.0
BorgWarner Inc.,1791E7,2021-04-01,0.0,0.0,0.0,0.0,0.0,0.0,0.0,0.0,1.0,1.0
BorgWarner Inc.,1791E7,2021-04-02,0.0,0.0,0.0,0.0,0.0,0.0,0.0,0.0,1.0,1.0
BorgWarner Inc.,1791E7,2021-04-03,0.0,0.0,0.0,0.0,0.0,0.0,0.0,0.0,1.0,1.0
BorgWarner Inc.,1791E7,2021-04-04,0.0,0.0,0.0,0.0,0.0,0.0,0.0,0.0,1.0,1.0
BorgWarner Inc.,1791E7,2021-04-05,0.0,0.0,0.0,0.0,0.0,0.0,0.0,0.0,1.0,1.0
BorgWarner Inc.,1791E7,2021-04-06,0.0,0.0,0.0,0.0,0.0,0.0,0.0,0.0,0.0,1.0
BorgWarner Inc.,1791E7,2021-04-07,0.0,0.0,0.0,0.0,0.0,0.0,0.0,0.0,0.0,1.0
BorgWarner Inc.,1791E7,2021-04-08,0.0,0.0,0.0,0.0,0.0,0.0,0.0,0.0,0.0,1.0
BorgWarner Inc.,1791E7,2021-04-09,0.0,0.0,0.0,0.0,0.0,0.0,0.0,0.0,0.0,1.0
BorgWarner Inc.,1791E7,2021-04-10,0.0,0.0,0.0,0.0,0.0,0.0,0.0,0.0,0.0,1.0
BorgWarner Inc.,1791E7,2021-04-11,0.0,0.0,0.0,0.0,0.0,0.0,0.0,0.0,0.0,1.0
BorgWarner Inc.,1791E7,2021-04-12,0.0,0.0,0.0,0.0,0.0,0.0,0.0,0.0,0.0,1.0
BorgWarner Inc.,1791E7,2021-04-13,0.0,0.0,0.0,0.0,0.0,0.0,0.0,0.0,0.0,1.0
BorgWarner Inc.,1791E7,2021-04-14,0.0,0.0,0.0,0.0,0.0,0.0,0.0,0.0,0.0,1.0
BorgWarner Inc.,1791E7,2021-04-15,0.0,0.0,0.0,0.0,0.0,0.0,0.0,0.0,0.0,1.0
BorgWarner Inc.,1791E7,2021-04-16,0.0,0.0,0.0,0.0,0.0,0.0,0.0,0.0,0.0,1.0
BorgWarner Inc.,1791E7,2021-04-17,0.0,0.0,0.0,0.0,0.0,0.0,0.0,0.0,0.0,1.0
BorgWarner Inc.,1791E7,2021-04-18,0.0,0.0,0.0,0.0,0.0,0.0,0.0,0.0,0.0,1.0
BorgWarner Inc.,1791E7,2021-04-19,0.0,0.0,0.0,0.0,0.0,0.0,0.0,0.0,0.0,1.0
BorgWarner Inc.,1791E7,2021-04-20,0.0,0.0,0.0,0.0,0.0,0.0,0.0,0.0,0.0,1.0
BorgWarner Inc.,1791E7,2021-04-21,0.0,0.0,0.0,0.0,0.0,0.0,0.0,0.0,0.0,1.0
BorgWarner Inc.,1791E7,2021-04-22,0.0,0.0,0.0,0.0,0.0,0.0,0.0,0.0,0.0,1.0
BorgWarner Inc.,1791E7,2021-04-23,0.0,0.0,0.0,0.0,0.0,0.0,0.0,0.0,0.0,1.0
BorgWarner Inc.,1791E7,2021-04-24,0.0,0.0,0.0,0.0,0.0,0.0,0.0,0.0,0.0,1.0
BorgWarner Inc.,1791E7,2021-04-25,0.0,0.0,0.0,0.0,0.0,0.0,0.0,0.0,0.0,1.0
BorgWarner Inc.,1791E7,2021-04-26,0.0,0.0,0.0,0.0,0.0,0.0,0.0,0.0,0.0,1.0
BorgWarner Inc.,1791E7,2021-04-27,0.0,0.0,0.0,0.0,0.0,0.0,0.0,0.0,0.0,1.0
BorgWarner Inc.,1791E7,2021-04-28,0.0,0.0,0.0,0.0,0.0,0.0,0.0,0.0,0.0,1.0
BorgWarner Inc.,1791E7,2021-05-05,-1.0,0.0,1.0,0.0,0.0,1.0,-1.0,-1.0,1.0,1.0
BorgWarner Inc.,1791E7,2021-05-06,0.0,0.0,0.0,0.0,0.0,0.0,-1.0,-1.0,1.0,1.0
BorgWarner Inc.,1791E7,2021-05-07,0.0,0.0,0.0,0.0,0.0,0.0,-1.0,-1.0,1.0,1.0
BorgWarner Inc.,1791E7,2021-05-08,0.0,0.0,0.0,0.0,0.0,0.0,-1.0,-1.0,1.0,1.0
BorgWarner Inc.,1791E7,2021-05-09,0.0,0.0,0.0,0.0,0.0,0.0,-1.0,-1.0,1.0,1.0
BorgWarner Inc.,1791E7,2021-05-10,0.0,0.0,0.0,0.0,0.0,0.0,-1.0,-1.0,1.0,1.0
BorgWarner Inc.,1791E7,2021-05-11,0.0,0.0,0.0,0.0,0.0,0.0,-1.0,-1.0,1.0,1.0
BorgWarner Inc.,1791E7,2021-05-12,0.0,0.0,0.0,0.0,0.0,0.0,0.0,-1.0,0.0,1.0
BorgWarner Inc.,1791E7,2021-05-13,0.0,0.0,0.0,0.0,0.0,0.0,0.0,-1.0,0.0,1.0
BorgWarner Inc.,1791E7,2021-05-14,0.0,0.0,0.0,0.0,0.0,0.0,0.0,-1.0,0.0,1.0
BorgWarner Inc.,1791E7,2021-05-15,0.0,0.0,0.0,0.0,0.0,0.0,0.0,-1.0,0.0,1.0
BorgWarner Inc.,1791E7,2021-05-16,0.0,0.0,0.0,0.0,0.0,0.0,0.0,-1.0,0.0,1.0
BorgWarner Inc.,1791E7,2021-05-17,0.0,0.0,0.0,0.0,0.0,0.0,0.0,-1.0,0.0,1.0
BorgWarner Inc.,1791E7,2021-05-18,0.0,0.0,0.0,0.0,0.0,0.0,0.0,-1.0,0.0,1.0
BorgWarner Inc.,1791E7,2021-05-19,0.0,0.0,0.0,0.0,0.0,0.0,0.0,-1.0,0.0,1.0
BorgWarner Inc.,1791E7,2021-05-20,0.0,0.0,0.0,0.0,0.0,0.0,0.0,-1.0,0.0,1.0
BorgWarner Inc.,1791E7,2021-05-21,0.0,0.0,0.0,0.0,0.0,0.0,0.0,-1.0,0.0,1.0
BorgWarner Inc.,1791E7,2021-05-22,0.0,0.0,0.0,0.0,0.0,0.0,0.0,-1.0,0.0,1.0
BorgWarner Inc.,1791E7,2021-05-23,0.0,0.0,0.0,0.0,0.0,0.0,0.0,-1.0,0.0,1.0
BorgWarner Inc.,1791E7,2021-05-24,0.0,0.0,0.0,0.0,0.0,0.0,0.0,-1.0,0.0,1.0
BorgWarner Inc.,1791E7,2021-05-25,0.0,0.0,0.0,0.0,0.0,0.0,0.0,-1.0,0.0,1.0
BorgWarner Inc.,1791E7,2021-05-26,0.0,0.0,0.0,0.0,0.0,0.0,0.0,-1.0,0.0,1.0
BorgWarner Inc.,1791E7,2021-05-27,0.0,0.0,0.0,0.0,0.0,0.0,0.0,-1.0,0.0,1.0
BorgWarner Inc.,1791E7,2021-05-28,0.0,0.0,0.0,0.0,0.0,0.0,0.0,-1.0,0.0,1.0
BorgWarner Inc.,1791E7,2021-05-29,0.0,0.0,0.0,0.0,0.0,0.0,0.0,-1.0,0.0,1.0
BorgWarner Inc.,1791E7,2021-05-30,0.0,0.0,0.0,0.0,0.0,0.0,0.0,-1.0,0.0,1.0
BorgWarner Inc.,1791E7,2021-05-31,0.0,0.0,0.0,0.0,0.0,0.0,0.0,-1.0,0.0,1.0
BorgWarner Inc.,1791E7,2021-06-01,0.0,0.0,0.0,0.0,0.0,0.0,0.0,-1.0,0.0,1.0
BorgWarner Inc.,1791E7,2021-06-02,0.0,0.0,0.0,0.0,0.0,0.0,0.0,-1.0,0.0,1.0
BorgWarner Inc.,1791E7,2021-06-03,0.0,0.0,0.0,0.0,0.0,0.0,0.0,-1.0,0.0,1.0
BorgWarner Inc.,1791E7,2021-06-07,-1.0,0.0,1.0,0.0,0.0,1.0,-1.0,-1.0,1.0,1.0
Broadcom Inc.,09DE1F,2021-02-04,-1.0,0.0,1.0,0.0,0.0,1.0,-1.0,-1.0,1.0,1.0
Broadcom Inc.,09DE1F,2021-02-05,-1.0,0.0,1.0,0.0,0.0,1.0,-2.0,-2.0,2.0,2.0
Broadcom Inc.,09DE1F,2021-02-06,0.0,0.0,0.0,0.0,0.0,0.0,-2.0,-2.0,2.0,2.0
Broadcom Inc.,09DE1F,2021-02-07,0.0,0.0,0.0,0.0,0.0,0.0,-2.0,-2.0,2.0,2.0
Broadcom Inc.,09DE1F,2021-02-08,0.0,0.0,0.0,0.0,0.0,0.0,-2.0,-2.0,2.0,2.0
Broadcom Inc.,09DE1F,2021-02-09,0.0,0.0,0.0,0.0,0.0,0.0,-2.0,-2.0,2.0,2.0
Broadcom Inc.,09DE1F,2021-02-10,0.0,0.0,0.0,0.0,0.0,0.0,-2.0,-2.0,2.0,2.0
Broadcom Inc.,09DE1F,2021-02-11,0.0,0.0,0.0,0.0,0.0,0.0,-1.0,-2.0,1.0,2.0
Broadcom Inc.,09DE1F,2021-02-12,0.0,0.0,0.0,0.0,0.0,0.0,0.0,-2.0,0.0,2.0
Broadcom Inc.,09DE1F,2021-02-13,0.0,0.0,0.0,0.0,0.0,0.0,0.0,-2.0,0.0,2.0
Broadcom Inc.,09DE1F,2021-02-14,0.0,0.0,0.0,0.0,0.0,0.0,0.0,-2.0,0.0,2.0
Broadcom Inc.,09DE1F,2021-02-15,0.0,0.0,0.0,0.0,0.0,0.0,0.0,-2.0,0.0,2.0
Broadcom Inc.,09DE1F,2021-02-16,0.0,0.0,0.0,0.0,0.0,0.0,0.0,-2.0,0.0,2.0
Broadcom Inc.,09DE1F,2021-02-17,0.0,0.0,0.0,0.0,0.0,0.0,0.0,-2.0,0.0,2.0
Broadcom Inc.,09DE1F,2021-02-18,0.0,0.0,0.0,0.0,0.0,0.0,0.0,-2.0,0.0,2.0
Broadcom Inc.,09DE1F,2021-02-19,0.0,0.0,0.0,0.0,0.0,0.0,0.0,-2.0,0.0,2.0
Broadcom Inc.,09DE1F,2021-02-20,0.0,0.0,0.0,0.0,0.0,0.0,0.0,-2.0,0.0,2.0
Broadcom Inc.,09DE1F,2021-02-21,0.0,0.0,0.0,0.0,0.0,0.0,0.0,-2.0,0.0,2.0
Broadcom Inc.,09DE1F,2021-02-22,0.0,0.0,0.0,0.0,0.0,0.0,0.0,-2.0,0.0,2.0
Broadcom Inc.,09DE1F,2021-02-23,0.0,0.0,0.0,0.0,0.0,0.0,0.0,-2.0,0.0,2.0
Broadcom Inc.,09DE1F,2021-02-24,0.0,0.0,0.0,0.0,0.0,0.0,0.0,-2.0,0.0,2.0
Broadcom Inc.,09DE1F,2021-02-25,-1.0,0.0,1.0,0.0,0.0,1.0,-1.0,-3.0,1.0,3.0
Broadcom Inc.,09DE1F,2021-02-26,0.0,0.0,0.0,0.0,0.0,0.0,-1.0,-3.0,1.0,3.0
Broadcom Inc.,09DE1F,2021-02-27,0.0,0.0,0.0,0.0,0.0,0.0,-1.0,-3.0,1.0,3.0
Broadcom Inc.,09DE1F,2021-02-28,0.0,0.0,0.0,0.0,0.0,0.0,-1.0,-3.0,1.0,3.0
Broadcom Inc.,09DE1F,2021-03-01,0.0,0.0,0.0,0.0,0.0,0.0,-1.0,-3.0,1.0,3.0
Broadcom Inc.,09DE1F,2021-03-02,0.0,0.0,0.0,0.0,0.0,0.0,-1.0,-3.0,1.0,3.0
Broadcom Inc.,09DE1F,2021-03-03,0.0,0.0,0.0,0.0,0.0,0.0,-1.0,-3.0,1.0,3.0
Broadcom Inc.,09DE1F,2021-03-04,0.0,0.0,0.0,0.0,0.0,0.0,0.0,-3.0,0.0,3.0
Broadcom Inc.,09DE1F,2021-03-05,0.0,0.0,0.0,0.0,0.0,0.0,0.0,-3.0,0.0,3.0
Broadcom Inc.,09DE1F,2021-03-06,0.0,0.0,0.0,0.0,0.0,0.0,0.0,-2.0,0.0,2.0
Broadcom Inc.,09DE1F,2021-03-07,0.0,0.0,0.0,0.0,0.0,0.0,0.0,-1.0,0.0,1.0
Broadcom Inc.,09DE1F,2021-03-08,0.0,0.0,0.0,0.0,0.0,0.0,0.0,-1.0,0.0,1.0
Broadcom Inc.,09DE1F,2021-03-09,0.0,0.0,0.0,0.0,0.0,0.0,0.0,-1.0,0.0,1.0
Broadcom Inc.,09DE1F,2021-03-10,0.0,0.0,0.0,0.0,0.0,0.0,0.0,-1.0,0.0,1.0
Broadcom Inc.,09DE1F,2021-03-11,0.0,0.0,0.0,0.0,0.0,0.0,0.0,-1.0,0.0,1.0
Broadcom Inc.,09DE1F,2021-03-12,0.0,0.0,0.0,0.0,0.0,0.0,0.0,-1.0,0.0,1.0
Broadcom Inc.,09DE1F,2021-03-13,0.0,0.0,0.0,0.0,0.0,0.0,0.0,-1.0,0.0,1.0
Broadcom Inc.,09DE1F,2021-03-14,0.0,0.0,0.0,0.0,0.0,0.0,0.0,-1.0,0.0,1.0
Broadcom Inc.,09DE1F,2021-03-15,0.0,0.0,0.0,0.0,0.0,0.0,0.0,-1.0,0.0,1.0
Broadcom Inc.,09DE1F,2021-03-16,0.0,0.0,0.0,0.0,0.0,0.0,0.0,-1.0,0.0,1.0
Broadcom Inc.,09DE1F,2021-03-17,0.0,0.0,0.0,0.0,0.0,0.0,0.0,-1.0,0.0,1.0
Broadcom Inc.,09DE1F,2021-03-18,0.0,0.0,0.0,0.0,0.0,0.0,0.0,-1.0,0.0,1.0
Broadcom Inc.,09DE1F,2021-03-19,0.0,0.0,0.0,0.0,0.0,0.0,0.0,-1.0,0.0,1.0
Broadcom Inc.,09DE1F,2021-03-20,0.0,0.0,0.0,0.0,0.0,0.0,0.0,-1.0,0.0,1.0
Broadcom Inc.,09DE1F,2021-03-21,0.0,0.0,0.0,0.0,0.0,0.0,0.0,-1.0,0.0,1.0
Broadcom Inc.,09DE1F,2021-03-22,0.0,0.0,0.0,0.0,0.0,0.0,0.0,-1.0,0.0,1.0
Broadcom Inc.,09DE1F,2021-03-23,0.0,0.0,0.0,0.0,0.0,0.0,0.0,-1.0,0.0,1.0
Broadcom Inc.,09DE1F,2021-03-24,0.0,0.0,0.0,0.0,0.0,0.0,0.0,-1.0,0.0,1.0
Broadcom Inc.,09DE1F,2021-03-25,0.0,0.0,0.0,0.0,0.0,0.0,0.0,-1.0,0.0,1.0
Broadcom Inc.,09DE1F,2021-03-26,0.0,0.0,0.0,0.0,0.0,0.0,0.0,-1.0,0.0,1.0
Broadcom Inc.,09DE1F,2021-04-13,-1.0,0.0,1.0,0.0,0.0,1.0,-1.0,-1.0,1.0,1.0
Broadcom Inc.,09DE1F,2021-04-14,0.0,0.0,0.0,0.0,0.0,0.0,-1.0,-1.0,1.0,1.0
Broadcom Inc.,09DE1F,2021-04-15,0.0,0.0,0.0,0.0,0.0,0.0,-1.0,-1.0,1.0,1.0
Broadcom Inc.,09DE1F,2021-04-16,0.0,0.0,0.0,0.0,0.0,0.0,-1.0,-1.0,1.0,1.0
Broadcom Inc.,09DE1F,2021-04-17,0.0,0.0,0.0,0.0,0.0,0.0,-1.0,-1.0,1.0,1.0
Broadcom Inc.,09DE1F,2021-04-18,0.0,0.0,0.0,0.0,0.0,0.0,-1.0,-1.0,1.0,1.0
Broadcom Inc.,09DE1F,2021-04-19,0.0,0.0,0.0,0.0,0.0,0.0,-1.0,-1.0,1.0,1.0
Broadcom Inc.,09DE1F,2021-04-20,0.0,0.0,0.0,0.0,0.0,0.0,0.0,-1.0,0.0,1.0
Broadcom Inc.,09DE1F,2021-04-21,0.0,0.0,0.0,0.0,0.0,0.0,0.0,-1.0,0.0,1.0
Broadcom Inc.,09DE1F,2021-04-22,0.0,0.0,0.0,0.0,0.0,0.0,0.0,-1.0,0.0,1.0
Broadcom Inc.,09DE1F,2021-04-23,0.0,0.0,0.0,0.0,0.0,0.0,0.0,-1.0,0.0,1.0
Broadcom Inc.,09DE1F,2021-04-24,0.0,0.0,0.0,0.0,0.0,0.0,0.0,-1.0,0.0,1.0
Broadcom Inc.,09DE1F,2021-04-25,0.0,0.0,0.0,0.0,0.0,0.0,0.0,-1.0,0.0,1.0
Broadcom Inc.,09DE1F,2021-04-26,0.0,0.0,0.0,0.0,0.0,0.0,0.0,-1.0,0.0,1.0
Broadcom Inc.,09DE1F,2021-04-27,0.0,0.0,0.0,0.0,0.0,0.0,0.0,-1.0,0.0,1.0
Broadcom Inc.,09DE1F,2021-04-28,0.0,0.0,0.0,0.0,0.0,0.0,0.0,-1.0,0.0,1.0
Broadcom Inc.,09DE1F,2021-04-29,-1.0,0.0,1.0,0.0,0.0,1.0,-1.0,-2.0,1.0,2.0
Broadcom Inc.,09DE1F,2021-04-30,0.0,0.0,0.0,0.0,0.0,0.0,-1.0,-2.0,1.0,2.0
Broadcom Inc.,09DE1F,2021-05-01,0.0,0.0,0.0,0.0,0.0,0.0,-1.0,-2.0,1.0,2.0
Broadcom Inc.,09DE1F,2021-05-02,0.0,0.0,0.0,0.0,0.0,0.0,-1.0,-2.0,1.0,2.0
Broadcom Inc.,09DE1F,2021-05-03,-1.0,0.0,1.0,0.0,0.0,1.0,-2.0,-3.0,2.0,3.0
Broadcom Inc.,09DE1F,2021-05-04,0.0,0.0,0.0,0.0,0.0,0.0,-2.0,-3.0,2.0,3.0
Broadcom Inc.,09DE1F,2021-05-05,0.0,0.0,0.0,0.0,0.0,0.0,-2.0,-3.0,2.0,3.0
Broadcom Inc.,09DE1F,2021-05-06,0.0,0.0,0.0,0.0,0.0,0.0,-1.0,-3.0,1.0,3.0
Broadcom Inc.,09DE1F,2021-05-07,-1.0,0.0,2.0,0.0,0.0,2.0,-2.0,-4.0,3.0,5.0
Broadcom Inc.,09DE1F,2021-05-08,0.0,0.0,0.0,0.0,0.0,0.0,-2.0,-4.0,3.0,5.0
Broadcom Inc.,09DE1F,2021-05-09,0.0,0.0,0.0,0.0,0.0,0.0,-2.0,-4.0,3.0,5.0
Broadcom Inc.,09DE1F,2021-05-10,0.0,0.0,0.0,0.0,0.0,0.0,-1.0,-4.0,2.0,5.0
Broadcom Inc.,09DE1F,2021-05-11,0.0,0.0,0.0,0.0,0.0,0.0,-1.0,-4.0,2.0,5.0
Broadcom Inc.,09DE1F,2021-05-12,0.0,0.0,0.0,0.0,0.0,0.0,-1.0,-4.0,2.0,5.0
Broadcom Inc.,09DE1F,2021-05-13,0.0,0.0,0.0,0.0,0.0,0.0,-1.0,-3.0,2.0,4.0
Broadcom Inc.,09DE1F,2021-05-14,0.0,0.0,0.0,0.0,0.0,0.0,0.0,-3.0,0.0,4.0
Broadcom Inc.,09DE1F,2021-05-15,0.0,0.0,0.0,0.0,0.0,0.0,0.0,-3.0,0.0,4.0
Broadcom Inc.,09DE1F,2021-05-16,0.0,0.0,0.0,0.0,0.0,0.0,0.0,-3.0,0.0,4.0
Broadcom Inc.,09DE1F,2021-05-17,0.0,0.0,0.0,0.0,0.0,0.0,0.0,-3.0,0.0,4.0
Broadcom Inc.,09DE1F,2021-05-18,0.0,0.0,0.0,0.0,0.0,0.0,0.0,-3.0,0.0,4.0
Broadcom Inc.,09DE1F,2021-05-19,0.0,0.0,0.0,0.0,0.0,0.0,0.0,-3.0,0.0,4.0
Broadcom Inc.,09DE1F,2021-05-20,0.0,0.0,0.0,0.0,0.0,0.0,0.0,-3.0,0.0,4.0
Broadcom Inc.,09DE1F,2021-05-21,0.0,0.0,0.0,0.0,0.0,0.0,0.0,-3.0,0.0,4.0
Broadcom Inc.,09DE1F,2021-05-22,0.0,0.0,0.0,0.0,0.0,0.0,0.0,-3.0,0.0,4.0
Broadcom Inc.,09DE1F,2021-05-23,0.0,0.0,0.0,0.0,0.0,0.0,0.0,-3.0,0.0,4.0
Broadcom Inc.,09DE1F,2021-05-24,0.0,0.0,0.0,0.0,0.0,0.0,0.0,-3.0,0.0,4.0
Broadcom Inc.,09DE1F,2021-05-25,0.0,0.0,0.0,0.0,0.0,0.0,0.0,-3.0,0.0,4.0
Broadcom Inc.,09DE1F,2021-05-26,0.0,0.0,0.0,0.0,0.0,0.0,0.0,-3.0,0.0,4.0
Broadcom Inc.,09DE1F,2021-05-27,0.0,0.0,0.0,0.0,0.0,0.0,0.0,-3.0,0.0,4.0
Broadcom Inc.,09DE1F,2021-05-28,0.0,0.0,0.0,0.0,0.0,0.0,0.0,-3.0,0.0,4.0
Broadcom Inc.,09DE1F,2021-05-29,0.0,0.0,0.0,0.0,0.0,0.0,0.0,-2.0,0.0,3.0
Broadcom Inc.,09DE1F,2021-05-30,0.0,0.0,0.0,0.0,0.0,0.0,0.0,-2.0,0.0,3.0
Broadcom Inc.,09DE1F,2021-05-31,0.0,0.0,0.0,0.0,0.0,0.0,0.0,-2.0,0.0,3.0
Broadcom Inc.,09DE1F,2021-06-01,0.0,0.0,0.0,0.0,0.0,0.0,0.0,-2.0,0.0,3.0
Broadcom Inc.,09DE1F,2021-06-02,0.0,0.0,0.0,0.0,0.0,0.0,0.0,-1.0,0.0,2.0
Broadcom Inc.,09DE1F,2021-06-03,-1.0,0.0,1.0,0.0,0.0,1.0,-1.0,-2.0,1.0,3.0
Broadcom Inc.,09DE1F,2021-06-04,0.0,0.0,0.0,0.0,0.0,0.0,-1.0,-2.0,1.0,3.0
Broadcom Inc.,09DE1F,2021-06-05,0.0,0.0,0.0,0.0,0.0,0.0,-1.0,-2.0,1.0,3.0
Broadcom Inc.,09DE1F,2021-06-06,0.0,0.0,0.0,0.0,0.0,0.0,-1.0,-1.0,1.0,1.0
Broadcom Inc.,09DE1F,2021-06-07,0.0,0.0,0.0,0.0,0.0,0.0,-1.0,-1.0,1.0,1.0
Broadcom Inc.,09DE1F,2021-06-08,0.0,0.0,0.0,0.0,0.0,0.0,-1.0,-1.0,1.0,1.0
Broadcom Inc.,09DE1F,2021-06-09,0.0,0.0,0.0,0.0,0.0,0.0,-1.0,-1.0,1.0,1.0
Broadcom Inc.,09DE1F,2021-06-10,0.0,0.0,0.0,0.0,0.0,0.0,0.0,-1.0,0.0,1.0
Broadcom Inc.,09DE1F,2021-06-11,0.0,0.0,0.0,0.0,0.0,0.0,0.0,-1.0,0.0,1.0
Broadcom Inc.,09DE1F,2021-06-12,0.0,0.0,0.0,0.0,0.0,0.0,0.0,-1.0,0.0,1.0
Broadcom Inc.,09DE1F,2021-06-13,0.0,0.0,0.0,0.0,0.0,0.0,0.0,-1.0,0.0,1.0
Broadcom Inc.,09DE1F,2021-06-14,0.0,0.0,0.0,0.0,0.0,0.0,0.0,-1.0,0.0,1.0
Broadcom Inc.,09DE1F,2021-06-15,0.0,0.0,0.0,0.0,0.0,0.0,0.0,-1.0,0.0,1.0
Broadcom Inc.,09DE1F,2021-06-16,0.0,0.0,0.0,0.0,0.0,0.0,0.0,-1.0,0.0,1.0
Broadcom Inc.,09DE1F,2021-06-17,0.0,0.0,0.0,0.0,0.0,0.0,0.0,-1.0,0.0,1.0
Broadcom Inc.,09DE1F,2021-06-18,0.0,0.0,0.0,0.0,0.0,0.0,0.0,-1.0,0.0,1.0
Broadcom Inc.,09DE1F,2021-06-19,0.0,0.0,0.0,0.0,0.0,0.0,0.0,-1.0,0.0,1.0
Broadcom Inc.,09DE1F,2021-06-20,0.0,0.0,0.0,0.0,0.0,0.0,0.0,-1.0,0.0,1.0
Broadcom Inc.,09DE1F,2021-06-21,0.0,0.0,0.0,0.0,0.0,0.0,0.0,-1.0,0.0,1.0
Broadcom Inc.,09DE1F,2021-06-22,-1.0,0.0,1.0,0.0,0.0,1.0,-1.0,-2.0,1.0,2.0
Broadcom Inc.,09DE1F,2021-06-23,0.0,0.0,0.0,0.0,0.0,0.0,-1.0,-2.0,1.0,2.0
Broadcom Inc.,09DE1F,2021-06-24,1.0,1.0,0.0,0.0,0.0,1.0,0.0,-1.0,2.0,3.0
Broadcom Inc.,09DE1F,2021-06-25,0.0,0.0,0.0,0.0,0.0,0.0,0.0,-1.0,2.0,3.0
Broadcom Inc.,09DE1F,2021-06-26,0.0,0.0,0.0,0.0,0.0,0.0,0.0,-1.0,2.0,3.0
Broadcom Inc.,09DE1F,2021-06-27,0.0,0.0,0.0,0.0,0.0,0.0,0.0,-1.0,2.0,3.0
Broadcom Inc.,09DE1F,2021-06-28,-1.0,0.0,1.0,0.0,0.0,1.0,-1.0,-2.0,3.0,4.0
Brown-Forman Corp.,859D62,2021-06-09,-1.0,0.0,1.0,0.0,0.0,1.0,-1.0,-1.0,1.0,1.0
CAE Inc.,12E063,2021-06-07,1.0,1.0,0.0,0.0,0.0,1.0,1.0,1.0,1.0,1.0
Cango Inc.,14BD7A,2021-05-31,-1.0,0.0,1.0,0.0,0.0,1.0,-1.0,-1.0,1.0,1.0
Cango Inc.,14BD7A,2021-06-01,-1.0,0.0,1.0,0.0,0.0,1.0,-2.0,-2.0,2.0,2.0
Canoo Inc.,6C2106,2021-06-17,-1.0,0.0,1.0,0.0,0.0,1.0,-1.0,-1.0,1.0,1.0
Caterpillar Inc.,767F86,2021-05-19,-1.0,0.0,1.0,0.0,0.0,1.0,-1.0,-1.0,1.0,1.0
Celanese Corp.,370C50,2021-06-21,-1.0,0.0,1.0,0.0,0.0,1.0,-1.0,-1.0,1.0,1.0
Celestica Inc.,0AB758,2021-05-25,-1.0,0.0,1.0,0.0,0.0,1.0,-1.0,-1.0,1.0,1.0
Ceragon Networks Ltd.,F0E1E6,2021-05-03,-0.5,0.0,1.0,1.0,0.0,2.0,-0.5,-0.5,2.0,2.0
Cerence Inc.,292388,2021-02-08,-1.0,0.0,1.0,0.0,0.0,1.0,-1.0,-1.0,1.0,1.0
Ceva Inc.,5C2A47,2021-02-16,-1.0,0.0,1.0,0.0,0.0,1.0,-1.0,-1.0,1.0,1.0
China Automotive Systems Inc.,13A3A4,2021-03-22,-1.0,0.0,1.0,0.0,0.0,1.0,-1.0,-1.0,1.0,1.0
ChipMOS Technologies Inc.,D13763,2021-06-24,0.5,1.0,0.0,1.0,0.0,2.0,0.5,0.5,2.0,2.0
Ciena Corp.,0E431C,2021-06-03,1.0,1.0,0.0,0.0,0.0,1.0,1.0,1.0,1.0,1.0
Cirrus Logic Inc.,F8B149,2021-06-08,-1.0,0.0,1.0,0.0,0.0,1.0,-1.0,-1.0,1.0,1.0
Cisco Systems Inc.,12DE76,2021-02-07,-1.0,0.0,1.0,0.0,0.0,1.0,-1.0,-1.0,1.0,1.0
Cisco Systems Inc.,12DE76,2021-02-08,0.0,0.0,0.0,0.0,0.0,0.0,-1.0,-1.0,1.0,1.0
Cisco Systems Inc.,12DE76,2021-02-09,0.0,0.0,0.0,0.0,0.0,0.0,-1.0,-1.0,1.0,1.0
Cisco Systems Inc.,12DE76,2021-02-10,0.0,0.0,0.0,0.0,0.0,0.0,-1.0,-1.0,1.0,1.0
Cisco Systems Inc.,12DE76,2021-02-11,0.0,0.0,0.0,0.0,0.0,0.0,-1.0,-1.0,1.0,1.0
Cisco Systems Inc.,12DE76,2021-02-12,0.0,0.0,0.0,0.0,0.0,0.0,-1.0,-1.0,1.0,1.0
Cisco Systems Inc.,12DE76,2021-02-13,0.0,0.0,0.0,0.0,0.0,0.0,-1.0,-1.0,1.0,1.0
Cisco Systems Inc.,12DE76,2021-02-14,0.0,0.0,0.0,0.0,0.0,0.0,0.0,-1.0,0.0,1.0
Cisco Systems Inc.,12DE76,2021-02-15,0.0,0.0,0.0,0.0,0.0,0.0,0.0,-1.0,0.0,1.0
Cisco Systems Inc.,12DE76,2021-02-16,0.0,0.0,0.0,0.0,0.0,0.0,0.0,-1.0,0.0,1.0
Cisco Systems Inc.,12DE76,2021-02-17,0.0,0.0,0.0,0.0,0.0,0.0,0.0,-1.0,0.0,1.0
Cisco Systems Inc.,12DE76,2021-02-18,0.0,0.0,0.0,0.0,0.0,0.0,0.0,-1.0,0.0,1.0
Cisco Systems Inc.,12DE76,2021-02-19,0.0,0.0,0.0,0.0,0.0,0.0,0.0,-1.0,0.0,1.0
Cisco Systems Inc.,12DE76,2021-02-20,0.0,0.0,0.0,0.0,0.0,0.0,0.0,-1.0,0.0,1.0
Cisco Systems Inc.,12DE76,2021-02-21,0.0,0.0,0.0,0.0,0.0,0.0,0.0,-1.0,0.0,1.0
Cisco Systems Inc.,12DE76,2021-02-22,0.0,0.0,0.0,0.0,0.0,0.0,0.0,-1.0,0.0,1.0
Cisco Systems Inc.,12DE76,2021-02-23,0.0,0.0,0.0,0.0,0.0,0.0,0.0,-1.0,0.0,1.0
Cisco Systems Inc.,12DE76,2021-02-24,0.0,0.0,0.0,0.0,0.0,0.0,0.0,-1.0,0.0,1.0
Cisco Systems Inc.,12DE76,2021-02-25,0.0,0.0,0.0,0.0,0.0,0.0,0.0,-1.0,0.0,1.0
Cisco Systems Inc.,12DE76,2021-02-26,0.0,0.0,0.0,0.0,0.0,0.0,0.0,-1.0,0.0,1.0
Cisco Systems Inc.,12DE76,2021-02-27,0.0,0.0,0.0,0.0,0.0,0.0,0.0,-1.0,0.0,1.0
Cisco Systems Inc.,12DE76,2021-02-28,0.0,0.0,0.0,0.0,0.0,0.0,0.0,-1.0,0.0,1.0
Cisco Systems Inc.,12DE76,2021-03-01,0.0,0.0,0.0,0.0,0.0,0.0,0.0,-1.0,0.0,1.0
Cisco Systems Inc.,12DE76,2021-03-02,0.0,0.0,0.0,0.0,0.0,0.0,0.0,-1.0,0.0,1.0
Cisco Systems Inc.,12DE76,2021-03-03,0.0,0.0,0.0,0.0,0.0,0.0,0.0,-1.0,0.0,1.0
Cisco Systems Inc.,12DE76,2021-03-04,0.0,0.0,0.0,0.0,0.0,0.0,0.0,-1.0,0.0,1.0
Cisco Systems Inc.,12DE76,2021-03-05,0.0,0.0,0.0,0.0,0.0,0.0,0.0,-1.0,0.0,1.0
Cisco Systems Inc.,12DE76,2021-03-06,0.0,0.0,0.0,0.0,0.0,0.0,0.0,-1.0,0.0,1.0
Cisco Systems Inc.,12DE76,2021-03-07,0.0,0.0,0.0,0.0,0.0,0.0,0.0,-1.0,0.0,1.0
Cisco Systems Inc.,12DE76,2021-03-08,0.0,0.0,0.0,0.0,0.0,0.0,0.0,-1.0,0.0,1.0
Cisco Systems Inc.,12DE76,2021-05-19,-1.0,0.0,4.0,0.0,0.0,4.0,-1.0,-1.0,4.0,4.0
Cisco Systems Inc.,12DE76,2021-05-20,0.0,0.0,0.0,0.0,0.0,0.0,-1.0,-1.0,4.0,4.0
Cisco Systems Inc.,12DE76,2021-05-21,-1.0,0.0,1.0,0.0,0.0,1.0,-2.0,-2.0,5.0,5.0
Cisco Systems Inc.,12DE76,2021-05-22,-1.0,0.0,1.0,0.0,0.0,1.0,-3.0,-3.0,6.0,6.0
Cisco Systems Inc.,12DE76,2021-05-23,0.0,0.0,0.0,0.0,0.0,0.0,-3.0,-3.0,6.0,6.0
Cisco Systems Inc.,12DE76,2021-05-24,0.0,0.0,0.0,0.0,0.0,0.0,-3.0,-3.0,6.0,6.0
Cisco Systems Inc.,12DE76,2021-05-25,0.0,0.0,0.0,0.0,0.0,0.0,-3.0,-3.0,6.0,6.0
Cisco Systems Inc.,12DE76,2021-05-26,-1.0,0.0,1.0,0.0,0.0,1.0,-3.0,-4.0,3.0,7.0
Citigroup Inc.,58CA9A,2021-01-07,-1.0,0.0,1.0,0.0,0.0,1.0,-1.0,-1.0,1.0,1.0
Citigroup Inc.,58CA9A,2021-01-08,0.0,0.0,0.0,0.0,0.0,0.0,-1.0,-1.0,1.0,1.0
Citigroup Inc.,58CA9A,2021-01-09,0.0,0.0,0.0,0.0,0.0,0.0,-1.0,-1.0,1.0,1.0
Citigroup Inc.,58CA9A,2021-01-10,0.0,0.0,0.0,0.0,0.0,0.0,-1.0,-1.0,1.0,1.0
Citigroup Inc.,58CA9A,2021-01-11,0.0,0.0,0.0,0.0,0.0,0.0,-1.0,-1.0,1.0,1.0
Citigroup Inc.,58CA9A,2021-01-12,0.0,0.0,0.0,0.0,0.0,0.0,-1.0,-1.0,1.0,1.0
Citigroup Inc.,58CA9A,2021-01-13,0.0,0.0,0.0,0.0,0.0,0.0,-1.0,-1.0,1.0,1.0
Citigroup Inc.,58CA9A,2021-01-14,0.0,0.0,0.0,0.0,0.0,0.0,0.0,-1.0,0.0,1.0
Citigroup Inc.,58CA9A,2021-01-15,0.0,0.0,0.0,0.0,0.0,0.0,0.0,-1.0,0.0,1.0
Citigroup Inc.,58CA9A,2021-01-16,0.0,0.0,0.0,0.0,0.0,0.0,0.0,-1.0,0.0,1.0
Citigroup Inc.,58CA9A,2021-01-17,0.0,0.0,0.0,0.0,0.0,0.0,0.0,-1.0,0.0,1.0
Citigroup Inc.,58CA9A,2021-01-18,0.0,0.0,0.0,0.0,0.0,0.0,0.0,-1.0,0.0,1.0
Citigroup Inc.,58CA9A,2021-01-19,0.0,0.0,0.0,0.0,0.0,0.0,0.0,-1.0,0.0,1.0
Citigroup Inc.,58CA9A,2021-01-20,0.0,0.0,0.0,0.0,0.0,0.0,0.0,-1.0,0.0,1.0
Citigroup Inc.,58CA9A,2021-01-21,0.0,0.0,0.0,0.0,0.0,0.0,0.0,-1.0,0.0,1.0
Citigroup Inc.,58CA9A,2021-01-22,0.0,0.0,0.0,0.0,0.0,0.0,0.0,-1.0,0.0,1.0
Citigroup Inc.,58CA9A,2021-01-23,0.0,0.0,0.0,0.0,0.0,0.0,0.0,-1.0,0.0,1.0
Citigroup Inc.,58CA9A,2021-01-24,0.0,0.0,0.0,0.0,0.0,0.0,0.0,-1.0,0.0,1.0
Citigroup Inc.,58CA9A,2021-01-25,0.0,0.0,0.0,0.0,0.0,0.0,0.0,-1.0,0.0,1.0
Citigroup Inc.,58CA9A,2021-01-26,0.0,0.0,0.0,0.0,0.0,0.0,0.0,-1.0,0.0,1.0
Citigroup Inc.,58CA9A,2021-01-27,0.0,0.0,0.0,0.0,0.0,0.0,0.0,-1.0,0.0,1.0
Citigroup Inc.,58CA9A,2021-01-28,0.0,0.0,0.0,0.0,0.0,0.0,0.0,-1.0,0.0,1.0
Citigroup Inc.,58CA9A,2021-01-29,0.0,0.0,0.0,0.0,0.0,0.0,0.0,-1.0,0.0,1.0
Citigroup Inc.,58CA9A,2021-01-30,0.0,0.0,0.0,0.0,0.0,0.0,0.0,-1.0,0.0,1.0
Citigroup Inc.,58CA9A,2021-01-31,0.0,0.0,0.0,0.0,0.0,0.0,0.0,-1.0,0.0,1.0
Citigroup Inc.,58CA9A,2021-02-01,0.0,0.0,0.0,0.0,0.0,0.0,0.0,-1.0,0.0,1.0
Citigroup Inc.,58CA9A,2021-02-02,0.0,0.0,0.0,0.0,0.0,0.0,0.0,-1.0,0.0,1.0
Citigroup Inc.,58CA9A,2021-02-03,0.0,0.0,0.0,0.0,0.0,0.0,0.0,-1.0,0.0,1.0
Citigroup Inc.,58CA9A,2021-02-04,0.0,0.0,0.0,0.0,0.0,0.0,0.0,-1.0,0.0,1.0
Citigroup Inc.,58CA9A,2021-02-05,0.0,0.0,0.0,0.0,0.0,0.0,0.0,-1.0,0.0,1.0
Citigroup Inc.,58CA9A,2021-02-18,-1.0,0.0,1.0,0.0,0.0,1.0,-1.0,-1.0,1.0,1.0
Citigroup Inc.,58CA9A,2021-02-19,0.0,0.0,0.0,0.0,0.0,0.0,-1.0,-1.0,1.0,1.0
Citigroup Inc.,58CA9A,2021-02-20,0.0,0.0,0.0,0.0,0.0,0.0,-1.0,-1.0,1.0,1.0
Citigroup Inc.,58CA9A,2021-02-21,0.0,0.0,0.0,0.0,0.0,0.0,-1.0,-1.0,1.0,1.0
Citigroup Inc.,58CA9A,2021-02-22,0.0,0.0,0.0,0.0,0.0,0.0,-1.0,-1.0,1.0,1.0
Citigroup Inc.,58CA9A,2021-02-23,0.0,0.0,0.0,0.0,0.0,0.0,-1.0,-1.0,1.0,1.0
Citigroup Inc.,58CA9A,2021-02-24,0.0,0.0,0.0,0.0,0.0,0.0,-1.0,-1.0,1.0,1.0
Citigroup Inc.,58CA9A,2021-02-25,0.0,0.0,0.0,0.0,0.0,0.0,0.0,-1.0,0.0,1.0
Citigroup Inc.,58CA9A,2021-02-26,0.0,0.0,0.0,0.0,0.0,0.0,0.0,-1.0,0.0,1.0
Citigroup Inc.,58CA9A,2021-02-27,0.0,0.0,0.0,0.0,0.0,0.0,0.0,-1.0,0.0,1.0
Citigroup Inc.,58CA9A,2021-02-28,0.0,0.0,0.0,0.0,0.0,0.0,0.0,-1.0,0.0,1.0
Citigroup Inc.,58CA9A,2021-03-01,0.0,0.0,0.0,0.0,0.0,0.0,0.0,-1.0,0.0,1.0
Citigroup Inc.,58CA9A,2021-03-02,0.0,0.0,0.0,0.0,0.0,0.0,0.0,-1.0,0.0,1.0
Citigroup Inc.,58CA9A,2021-03-03,0.0,0.0,0.0,0.0,0.0,0.0,0.0,-1.0,0.0,1.0
Citigroup Inc.,58CA9A,2021-03-04,0.0,0.0,0.0,0.0,0.0,0.0,0.0,-1.0,0.0,1.0
Citigroup Inc.,58CA9A,2021-03-05,0.0,0.0,0.0,0.0,0.0,0.0,0.0,-1.0,0.0,1.0
Citigroup Inc.,58CA9A,2021-03-06,0.0,0.0,0.0,0.0,0.0,0.0,0.0,-1.0,0.0,1.0
Citigroup Inc.,58CA9A,2021-03-07,0.0,0.0,0.0,0.0,0.0,0.0,0.0,-1.0,0.0,1.0
Citigroup Inc.,58CA9A,2021-03-08,0.0,0.0,0.0,0.0,0.0,0.0,0.0,-1.0,0.0,1.0
Citigroup Inc.,58CA9A,2021-03-09,0.0,0.0,0.0,0.0,0.0,0.0,0.0,-1.0,0.0,1.0
Citigroup Inc.,58CA9A,2021-03-10,0.0,0.0,0.0,0.0,0.0,0.0,0.0,-1.0,0.0,1.0
Citigroup Inc.,58CA9A,2021-03-11,0.0,0.0,0.0,0.0,0.0,0.0,0.0,-1.0,0.0,1.0
Citigroup Inc.,58CA9A,2021-03-12,0.0,0.0,0.0,0.0,0.0,0.0,0.0,-1.0,0.0,1.0
Citigroup Inc.,58CA9A,2021-03-13,0.0,0.0,0.0,0.0,0.0,0.0,0.0,-1.0,0.0,1.0
Citigroup Inc.,58CA9A,2021-03-14,0.0,0.0,0.0,0.0,0.0,0.0,0.0,-1.0,0.0,1.0
Citigroup Inc.,58CA9A,2021-03-15,0.0,0.0,0.0,0.0,0.0,0.0,0.0,-1.0,0.0,1.0
Citigroup Inc.,58CA9A,2021-03-16,0.0,0.0,0.0,0.0,0.0,0.0,0.0,-1.0,0.0,1.0
Citigroup Inc.,58CA9A,2021-03-17,0.0,0.0,0.0,0.0,0.0,0.0,0.0,-1.0,0.0,1.0
Citigroup Inc.,58CA9A,2021-03-18,0.0,0.0,0.0,0.0,0.0,0.0,0.0,-1.0,0.0,1.0
Citigroup Inc.,58CA9A,2021-03-19,0.0,0.0,0.0,0.0,0.0,0.0,0.0,-1.0,0.0,1.0
Citigroup Inc.,58CA9A,2021-05-04,-1.0,0.0,1.0,0.0,0.0,1.0,-1.0,-1.0,1.0,1.0
Citigroup Inc.,58CA9A,2021-05-05,0.0,0.0,0.0,0.0,0.0,0.0,-1.0,-1.0,1.0,1.0
Citigroup Inc.,58CA9A,2021-05-06,0.0,0.0,0.0,0.0,0.0,0.0,-1.0,-1.0,1.0,1.0
Citigroup Inc.,58CA9A,2021-05-07,0.0,0.0,0.0,0.0,0.0,0.0,-1.0,-1.0,1.0,1.0
Citigroup Inc.,58CA9A,2021-05-08,0.0,0.0,0.0,0.0,0.0,0.0,-1.0,-1.0,1.0,1.0
Citigroup Inc.,58CA9A,2021-05-09,0.0,0.0,0.0,0.0,0.0,0.0,-1.0,-1.0,1.0,1.0
Citigroup Inc.,58CA9A,2021-05-10,0.0,0.0,0.0,0.0,0.0,0.0,-1.0,-1.0,1.0,1.0
Citigroup Inc.,58CA9A,2021-05-11,0.0,0.0,0.0,0.0,0.0,0.0,0.0,-1.0,0.0,1.0
Citigroup Inc.,58CA9A,2021-05-12,0.0,0.0,0.0,0.0,0.0,0.0,0.0,-1.0,0.0,1.0
Citigroup Inc.,58CA9A,2021-05-13,0.0,0.0,0.0,0.0,0.0,0.0,0.0,-1.0,0.0,1.0
Citigroup Inc.,58CA9A,2021-05-14,0.0,0.0,0.0,0.0,0.0,0.0,0.0,-1.0,0.0,1.0
Citigroup Inc.,58CA9A,2021-05-15,0.0,0.0,0.0,0.0,0.0,0.0,0.0,-1.0,0.0,1.0
Citigroup Inc.,58CA9A,2021-05-16,0.0,0.0,0.0,0.0,0.0,0.0,0.0,-1.0,0.0,1.0
Citigroup Inc.,58CA9A,2021-05-17,0.0,0.0,0.0,0.0,0.0,0.0,0.0,-1.0,0.0,1.0
Citigroup Inc.,58CA9A,2021-05-18,0.0,0.0,0.0,0.0,0.0,0.0,0.0,-1.0,0.0,1.0
Citigroup Inc.,58CA9A,2021-05-19,0.0,0.0,0.0,0.0,0.0,0.0,0.0,-1.0,0.0,1.0
Citigroup Inc.,58CA9A,2021-05-20,0.0,0.0,0.0,0.0,0.0,0.0,0.0,-1.0,0.0,1.0
Citigroup Inc.,58CA9A,2021-05-21,0.0,0.0,0.0,0.0,0.0,0.0,0.0,-1.0,0.0,1.0
Citigroup Inc.,58CA9A,2021-05-22,0.0,0.0,0.0,0.0,0.0,0.0,0.0,-1.0,0.0,1.0
Citigroup Inc.,58CA9A,2021-05-23,0.0,0.0,0.0,0.0,0.0,0.0,0.0,-1.0,0.0,1.0
Citigroup Inc.,58CA9A,2021-05-24,0.0,0.0,0.0,0.0,0.0,0.0,0.0,-1.0,0.0,1.0
Citigroup Inc.,58CA9A,2021-05-25,0.0,0.0,0.0,0.0,0.0,0.0,0.0,-1.0,0.0,1.0
Citigroup Inc.,58CA9A,2021-05-26,0.0,0.0,0.0,0.0,0.0,0.0,0.0,-1.0,0.0,1.0
Citigroup Inc.,58CA9A,2021-05-27,0.0,0.0,0.0,0.0,0.0,0.0,0.0,-1.0,0.0,1.0
Citigroup Inc.,58CA9A,2021-05-28,0.0,0.0,0.0,0.0,0.0,0.0,0.0,-1.0,0.0,1.0
Citigroup Inc.,58CA9A,2021-05-29,0.0,0.0,0.0,0.0,0.0,0.0,0.0,-1.0,0.0,1.0
Citigroup Inc.,58CA9A,2021-05-30,0.0,0.0,0.0,0.0,0.0,0.0,0.0,-1.0,0.0,1.0
Citigroup Inc.,58CA9A,2021-05-31,0.0,0.0,0.0,0.0,0.0,0.0,0.0,-1.0,0.0,1.0
Citigroup Inc.,58CA9A,2021-06-01,0.0,0.0,0.0,0.0,0.0,0.0,0.0,-1.0,0.0,1.0
Citigroup Inc.,58CA9A,2021-06-02,0.0,0.0,0.0,0.0,0.0,0.0,0.0,-1.0,0.0,1.0
Citigroup Inc.,58CA9A,2021-06-30,-1.0,0.0,1.0,0.0,0.0,1.0,-1.0,-1.0,1.0,1.0
Cognex Corp.,709AED,2021-02-11,-1.0,0.0,2.0,0.0,0.0,2.0,-1.0,-1.0,2.0,2.0
Coherent Corp.,C0BA36,2021-01-19,0.0,0.0,0.0,1.0,0.0,1.0,0.0,0.0,1.0,1.0
Commercial Vehicle Group Inc.,22C725,2021-05-05,-1.0,0.0,1.0,0.0,0.0,1.0,-1.0,-1.0,1.0,1.0
Core Molding Technologies Inc.,17315C,2021-03-11,-1.0,0.0,1.0,0.0,0.0,1.0,-1.0,-1.0,1.0,1.0
Corning Inc.,F40EE2,2021-02-11,-1.0,0.0,1.0,0.0,0.0,1.0,-1.0,-1.0,1.0,1.0
Cummins Inc.,131443,2021-05-04,-1.0,0.0,1.0,0.0,0.0,1.0,-1.0,-1.0,1.0,1.0
Cummins Inc.,131443,2021-05-05,0.0,0.0,0.0,0.0,0.0,0.0,-1.0,-1.0,1.0,1.0
Cummins Inc.,131443,2021-05-06,0.0,0.0,0.0,0.0,0.0,0.0,-1.0,-1.0,1.0,1.0
Cummins Inc.,131443,2021-05-07,0.0,0.0,0.0,0.0,0.0,0.0,-1.0,-1.0,1.0,1.0
Cummins Inc.,131443,2021-05-08,0.0,0.0,0.0,0.0,0.0,0.0,-1.0,-1.0,1.0,1.0
Cummins Inc.,131443,2021-05-09,0.0,0.0,0.0,0.0,0.0,0.0,-1.0,-1.0,1.0,1.0
Cummins Inc.,131443,2021-05-10,0.0,0.0,0.0,0.0,0.0,0.0,-1.0,-1.0,1.0,1.0
Cummins Inc.,131443,2021-05-11,0.0,0.0,0.0,0.0,0.0,0.0,0.0,-1.0,0.0,1.0
Cummins Inc.,131443,2021-05-12,0.0,0.0,0.0,0.0,0.0,0.0,0.0,-1.0,0.0,1.0
Cummins Inc.,131443,2021-05-13,0.0,0.0,0.0,0.0,0.0,0.0,0.0,-1.0,0.0,1.0
Cummins Inc.,131443,2021-05-14,0.0,0.0,0.0,0.0,0.0,0.0,0.0,-1.0,0.0,1.0
Cummins Inc.,131443,2021-05-15,0.0,0.0,0.0,0.0,0.0,0.0,0.0,-1.0,0.0,1.0
Cummins Inc.,131443,2021-05-16,0.0,0.0,0.0,0.0,0.0,0.0,0.0,-1.0,0.0,1.0
Cummins Inc.,131443,2021-05-17,0.0,0.0,0.0,0.0,0.0,0.0,0.0,-1.0,0.0,1.0
Cummins Inc.,131443,2021-05-18,-1.0,0.0,1.0,0.0,0.0,1.0,-1.0,-2.0,1.0,2.0
DZS Inc.,407878,2021-05-03,-1.0,0.0,1.0,0.0,0.0,1.0,-1.0,-1.0,1.0,1.0
Daktronics Inc.,89E771,2021-06-09,-1.0,0.0,1.0,0.0,0.0,1.0,-1.0,-1.0,1.0,1.0
Daktronics Inc.,89E771,2021-06-10,0.0,0.0,0.0,0.0,0.0,0.0,-1.0,-1.0,1.0,1.0
Daktronics Inc.,89E771,2021-06-11,-1.0,0.0,1.0,0.0,0.0,1.0,-2.0,-2.0,2.0,2.0
Deere & Co.,431B74,2021-05-21,-1.0,0.0,4.0,0.0,0.0,4.0,-1.0,-1.0,4.0,4.0
Deere & Co.,431B74,2021-05-22,0.0,0.0,0.0,0.0,0.0,0.0,-1.0,-1.0,4.0,4.0
Deere & Co.,431B74,2021-05-23,0.0,0.0,0.0,0.0,0.0,0.0,-1.0,-1.0,4.0,4.0
Deere & Co.,431B74,2021-05-24,0.0,0.0,0.0,0.0,0.0,0.0,-1.0,-1.0,4.0,4.0
Deere & Co.,431B74,2021-05-25,0.0,0.0,0.0,0.0,0.0,0.0,-1.0,-1.0,4.0,4.0
Deere & Co.,431B74,2021-05-26,0.0,0.0,0.0,0.0,0.0,0.0,-1.0,-1.0,4.0,4.0
Deere & Co.,431B74,2021-05-27,0.0,0.0,0.0,0.0,0.0,0.0,-1.0,-1.0,4.0,4.0
Deere & Co.,431B74,2021-05-28,0.0,0.0,0.0,0.0,0.0,0.0,0.0,-1.0,0.0,4.0
Deere & Co.,431B74,2021-05-29,-1.0,0.0,1.0,0.0,0.0,1.0,-1.0,-2.0,1.0,5.0
Deere & Co.,431B74,2021-05-30,0.0,0.0,0.0,0.0,0.0,0.0,-1.0,-2.0,1.0,5.0
Deere & Co.,431B74,2021-05-31,0.0,0.0,0.0,0.0,0.0,0.0,-1.0,-2.0,1.0,5.0
Deere & Co.,431B74,2021-06-01,0.0,0.0,0.0,0.0,0.0,0.0,-1.0,-2.0,1.0,5.0
Deere & Co.,431B74,2021-06-02,0.0,0.0,0.0,0.0,0.0,0.0,-1.0,-2.0,1.0,5.0
Deere & Co.,431B74,2021-06-03,0.0,0.0,0.0,0.0,0.0,0.0,-1.0,-2.0,1.0,5.0
Deere & Co.,431B74,2021-06-04,0.0,0.0,0.0,0.0,0.0,0.0,-1.0,-2.0,1.0,5.0
Deere & Co.,431B74,2021-06-05,0.0,0.0,0.0,0.0,0.0,0.0,0.0,-2.0,0.0,5.0
Deere & Co.,431B74,2021-06-06,0.0,0.0,0.0,0.0,0.0,0.0,0.0,-2.0,0.0,5.0
Deere & Co.,431B74,2021-06-07,0.0,0.0,0.0,0.0,0.0,0.0,0.0,-2.0,0.0,5.0
Deere & Co.,431B74,2021-06-08,0.0,0.0,0.0,0.0,0.0,0.0,0.0,-2.0,0.0,5.0
Deere & Co.,431B74,2021-06-09,0.0,0.0,0.0,0.0,0.0,0.0,0.0,-2.0,0.0,5.0
Deere & Co.,431B74,2021-06-10,0.0,0.0,0.0,0.0,0.0,0.0,0.0,-2.0,0.0,5.0
Deere & Co.,431B74,2021-06-11,-1.0,0.0,1.0,0.0,0.0,1.0,-1.0,-3.0,1.0,6.0
Dell Technologies Inc.,33AD83,2021-02-25,-1.0,0.0,1.0,0.0,0.0,1.0,-1.0,-1.0,1.0,1.0
Dell Technologies Inc.,33AD83,2021-02-26,0.0,0.0,0.0,0.0,0.0,0.0,-1.0,-1.0,1.0,1.0
Dell Technologies Inc.,33AD83,2021-02-27,0.0,0.0,0.0,0.0,0.0,0.0,-1.0,-1.0,1.0,1.0
Dell Technologies Inc.,33AD83,2021-02-28,0.0,0.0,0.0,0.0,0.0,0.0,-1.0,-1.0,1.0,1.0
Dell Technologies Inc.,33AD83,2021-03-01,0.0,0.0,0.0,0.0,0.0,0.0,-1.0,-1.0,1.0,1.0
Dell Technologies Inc.,33AD83,2021-03-02,0.0,0.0,0.0,0.0,0.0,0.0,-1.0,-1.0,1.0,1.0
Dell Technologies Inc.,33AD83,2021-03-03,0.0,0.0,0.0,0.0,0.0,0.0,-1.0,-1.0,1.0,1.0
Dell Technologies Inc.,33AD83,2021-03-04,0.0,0.0,0.0,0.0,0.0,0.0,0.0,-1.0,0.0,1.0
Dell Technologies Inc.,33AD83,2021-03-05,0.0,0.0,0.0,0.0,0.0,0.0,0.0,-1.0,0.0,1.0
Dell Technologies Inc.,33AD83,2021-03-06,0.0,0.0,0.0,0.0,0.0,0.0,0.0,-1.0,0.0,1.0
Dell Technologies Inc.,33AD83,2021-03-07,0.0,0.0,0.0,0.0,0.0,0.0,0.0,-1.0,0.0,1.0
Dell Technologies Inc.,33AD83,2021-03-08,0.0,0.0,0.0,0.0,0.0,0.0,0.0,-1.0,0.0,1.0
Dell Technologies Inc.,33AD83,2021-03-09,0.0,0.0,0.0,0.0,0.0,0.0,0.0,-1.0,0.0,1.0
Dell Technologies Inc.,33AD83,2021-03-10,0.0,0.0,0.0,0.0,0.0,0.0,0.0,-1.0,0.0,1.0
Dell Technologies Inc.,33AD83,2021-03-11,0.0,0.0,0.0,0.0,0.0,0.0,0.0,-1.0,0.0,1.0
Dell Technologies Inc.,33AD83,2021-03-12,0.0,0.0,0.0,0.0,0.0,0.0,0.0,-1.0,0.0,1.0
Dell Technologies Inc.,33AD83,2021-03-13,0.0,0.0,0.0,0.0,0.0,0.0,0.0,-1.0,0.0,1.0
Dell Technologies Inc.,33AD83,2021-03-14,0.0,0.0,0.0,0.0,0.0,0.0,0.0,-1.0,0.0,1.0
Dell Technologies Inc.,33AD83,2021-03-15,0.0,0.0,0.0,0.0,0.0,0.0,0.0,-1.0,0.0,1.0
Dell Technologies Inc.,33AD83,2021-03-16,0.0,0.0,0.0,0.0,0.0,0.0,0.0,-1.0,0.0,1.0
Dell Technologies Inc.,33AD83,2021-03-17,0.0,0.0,0.0,0.0,0.0,0.0,0.0,-1.0,0.0,1.0
Dell Technologies Inc.,33AD83,2021-03-18,0.0,0.0,0.0,0.0,0.0,0.0,0.0,-1.0,0.0,1.0
Dell Technologies Inc.,33AD83,2021-03-19,0.0,0.0,0.0,0.0,0.0,0.0,0.0,-1.0,0.0,1.0
Dell Technologies Inc.,33AD83,2021-03-20,0.0,0.0,0.0,0.0,0.0,0.0,0.0,-1.0,0.0,1.0
Dell Technologies Inc.,33AD83,2021-03-21,0.0,0.0,0.0,0.0,0.0,0.0,0.0,-1.0,0.0,1.0
Dell Technologies Inc.,33AD83,2021-03-22,0.0,0.0,0.0,0.0,0.0,0.0,0.0,-1.0,0.0,1.0
Dell Technologies Inc.,33AD83,2021-03-23,0.0,0.0,0.0,0.0,0.0,0.0,0.0,-1.0,0.0,1.0
Dell Technologies Inc.,33AD83,2021-03-24,0.0,0.0,0.0,0.0,0.0,0.0,0.0,-1.0,0.0,1.0
Dell Technologies Inc.,33AD83,2021-03-25,0.0,0.0,0.0,0.0,0.0,0.0,0.0,-1.0,0.0,1.0
Dell Technologies Inc.,33AD83,2021-03-26,0.0,0.0,0.0,0.0,0.0,0.0,0.0,-1.0,0.0,1.0
Dell Technologies Inc.,33AD83,2021-05-11,-1.0,0.0,1.0,0.0,0.0,1.0,-1.0,-1.0,1.0,1.0
Dell Technologies Inc.,33AD83,2021-05-12,0.0,0.0,0.0,0.0,0.0,0.0,-1.0,-1.0,1.0,1.0
Dell Technologies Inc.,33AD83,2021-05-13,0.0,0.0,0.0,0.0,0.0,0.0,-1.0,-1.0,1.0,1.0
Dell Technologies Inc.,33AD83,2021-05-14,0.0,0.0,0.0,0.0,0.0,0.0,-1.0,-1.0,1.0,1.0
Dell Technologies Inc.,33AD83,2021-05-15,0.0,0.0,0.0,0.0,0.0,0.0,-1.0,-1.0,1.0,1.0
Dell Technologies Inc.,33AD83,2021-05-16,0.0,0.0,0.0,0.0,0.0,0.0,-1.0,-1.0,1.0,1.0
Dell Technologies Inc.,33AD83,2021-05-17,0.0,0.0,0.0,0.0,0.0,0.0,-1.0,-1.0,1.0,1.0
Dell Technologies Inc.,33AD83,2021-05-18,0.0,0.0,0.0,0.0,0.0,0.0,0.0,-1.0,0.0,1.0
Dell Technologies Inc.,33AD83,2021-05-19,0.0,0.0,0.0,0.0,0.0,0.0,0.0,-1.0,0.0,1.0
Dell Technologies Inc.,33AD83,2021-05-20,0.0,0.0,0.0,0.0,0.0,0.0,0.0,-1.0,0.0,1.0
Dell Technologies Inc.,33AD83,2021-05-21,0.0,0.0,0.0,0.0,0.0,0.0,0.0,-1.0,0.0,1.0
Dell Technologies Inc.,33AD83,2021-05-22,0.0,0.0,0.0,0.0,0.0,0.0,0.0,-1.0,0.0,1.0
Dell Technologies Inc.,33AD83,2021-05-23,0.0,0.0,0.0,0.0,0.0,0.0,0.0,-1.0,0.0,1.0
Dell Technologies Inc.,33AD83,2021-05-24,0.0,0.0,0.0,0.0,0.0,0.0,0.0,-1.0,0.0,1.0
Dell Technologies Inc.,33AD83,2021-05-25,0.0,0.0,0.0,1.0,0.0,1.0,0.0,-1.0,1.0,2.0
Dell Technologies Inc.,33AD83,2021-05-26,0.0,0.0,0.0,0.0,0.0,0.0,0.0,-1.0,1.0,2.0
Dell Technologies Inc.,33AD83,2021-05-27,0.0,0.0,0.0,0.0,0.0,0.0,0.0,-1.0,1.0,2.0
Dell Technologies Inc.,33AD83,2021-05-28,0.0,0.0,0.0,0.0,0.0,0.0,0.0,-1.0,1.0,2.0
Dell Technologies Inc.,33AD83,2021-05-29,0.0,0.0,0.0,0.0,0.0,0.0,0.0,-1.0,1.0,2.0
Dell Technologies Inc.,33AD83,2021-05-30,0.0,0.0,0.0,0.0,0.0,0.0,0.0,-1.0,1.0,2.0
Dell Technologies Inc.,33AD83,2021-05-31,0.0,0.0,0.0,0.0,0.0,0.0,0.0,-1.0,1.0,2.0
Dell Technologies Inc.,33AD83,2021-06-01,0.0,0.0,0.0,0.0,0.0,0.0,0.0,-1.0,0.0,2.0
Dell Technologies Inc.,33AD83,2021-06-02,0.0,0.0,0.0,0.0,0.0,0.0,0.0,-1.0,0.0,2.0
Dell Technologies Inc.,33AD83,2021-06-03,0.0,0.0,0.0,0.0,0.0,0.0,0.0,-1.0,0.0,2.0
Dell Technologies Inc.,33AD83,2021-06-04,0.0,0.0,0.0,0.0,0.0,0.0,0.0,-1.0,0.0,2.0
Dell Technologies Inc.,33AD83,2021-06-05,0.0,0.0,0.0,0.0,0.0,0.0,0.0,-1.0,0.0,2.0
Dell Technologies Inc.,33AD83,2021-06-06,0.0,0.0,0.0,0.0,0.0,0.0,0.0,-1.0,0.0,2.0
Dell Technologies Inc.,33AD83,2021-06-07,0.0,0.0,0.0,0.0,0.0,0.0,0.0,-1.0,0.0,2.0
Dell Technologies Inc.,33AD83,2021-06-08,0.0,0.0,0.0,0.0,0.0,0.0,0.0,-1.0,0.0,2.0
Dell Technologies Inc.,33AD83,2021-06-09,0.0,0.0,0.0,0.0,0.0,0.0,0.0,-1.0,0.0,2.0
Dell Technologies Inc.,33AD83,2021-06-10,0.0,0.0,0.0,0.0,0.0,0.0,0.0,0.0,0.0,1.0
Dell Technologies Inc.,33AD83,2021-06-11,0.0,0.0,0.0,0.0,0.0,0.0,0.0,0.0,0.0,1.0
Dell Technologies Inc.,33AD83,2021-06-12,0.0,0.0,0.0,0.0,0.0,0.0,0.0,0.0,0.0,1.0
Dell Technologies Inc.,33AD83,2021-06-13,0.0,0.0,0.0,0.0,0.0,0.0,0.0,0.0,0.0,1.0
Dell Technologies Inc.,33AD83,2021-06-14,0.0,0.0,0.0,0.0,0.0,0.0,0.0,0.0,0.0,1.0
Dell Technologies Inc.,33AD83,2021-06-15,0.0,0.0,0.0,0.0,0.0,0.0,0.0,0.0,0.0,1.0
Dell Technologies Inc.,33AD83,2021-06-16,0.0,0.0,0.0,0.0,0.0,0.0,0.0,0.0,0.0,1.0
Dell Technologies Inc.,33AD83,2021-06-17,0.0,0.0,0.0,0.0,0.0,0.0,0.0,0.0,0.0,1.0
Dell Technologies Inc.,33AD83,2021-06-18,0.0,0.0,0.0,0.0,0.0,0.0,0.0,0.0,0.0,1.0
Dell Technologies Inc.,33AD83,2021-06-19,0.0,0.0,0.0,0.0,0.0,0.0,0.0,0.0,0.0,1.0
Dell Technologies Inc.,33AD83,2021-06-20,0.0,0.0,0.0,0.0,0.0,0.0,0.0,0.0,0.0,1.0
Dell Technologies Inc.,33AD83,2021-06-21,0.0,0.0,0.0,0.0,0.0,0.0,0.0,0.0,0.0,1.0
Dell Technologies Inc.,33AD83,2021-06-22,-1.0,0.0,3.0,0.0,0.0,3.0,-1.0,-1.0,3.0,4.0
Deutsche Bank AG,9B16D5,2021-03-02,-1.0,0.0,1.0,0.0,0.0,1.0,-1.0,-1.0,1.0,1.0
Deutsche Bank AG,9B16D5,2021-03-03,0.0,0.0,0.0,0.0,0.0,0.0,-1.0,-1.0,1.0,1.0
Deutsche Bank AG,9B16D5,2021-03-04,0.0,0.0,0.0,0.0,0.0,0.0,-1.0,-1.0,1.0,1.0
Deutsche Bank AG,9B16D5,2021-03-05,0.0,0.0,0.0,0.0,0.0,0.0,-1.0,-1.0,1.0,1.0
Deutsche Bank AG,9B16D5,2021-03-06,0.0,0.0,0.0,0.0,0.0,0.0,-1.0,-1.0,1.0,1.0
Deutsche Bank AG,9B16D5,2021-03-07,0.0,0.0,0.0,0.0,0.0,0.0,-1.0,-1.0,1.0,1.0
Deutsche Bank AG,9B16D5,2021-03-08,0.0,0.0,0.0,0.0,0.0,0.0,-1.0,-1.0,1.0,1.0
Deutsche Bank AG,9B16D5,2021-03-09,0.0,0.0,0.0,0.0,0.0,0.0,0.0,-1.0,0.0,1.0
Deutsche Bank AG,9B16D5,2021-03-10,0.0,0.0,0.0,0.0,0.0,0.0,0.0,-1.0,0.0,1.0
Deutsche Bank AG,9B16D5,2021-03-11,0.0,0.0,0.0,0.0,0.0,0.0,0.0,-1.0,0.0,1.0
Deutsche Bank AG,9B16D5,2021-03-12,0.0,0.0,0.0,0.0,0.0,0.0,0.0,-1.0,0.0,1.0
Deutsche Bank AG,9B16D5,2021-03-13,0.0,0.0,0.0,0.0,0.0,0.0,0.0,-1.0,0.0,1.0
Deutsche Bank AG,9B16D5,2021-03-14,0.0,0.0,0.0,0.0,0.0,0.0,0.0,-1.0,0.0,1.0
Deutsche Bank AG,9B16D5,2021-03-15,0.0,0.0,0.0,0.0,0.0,0.0,0.0,-1.0,0.0,1.0
Deutsche Bank AG,9B16D5,2021-03-16,0.0,0.0,0.0,0.0,0.0,0.0,0.0,-1.0,0.0,1.0
Deutsche Bank AG,9B16D5,2021-03-17,0.0,0.0,0.0,0.0,0.0,0.0,0.0,-1.0,0.0,1.0
Deutsche Bank AG,9B16D5,2021-03-18,0.0,0.0,0.0,0.0,0.0,0.0,0.0,-1.0,0.0,1.0
Deutsche Bank AG,9B16D5,2021-03-19,0.0,0.0,0.0,0.0,0.0,0.0,0.0,-1.0,0.0,1.0
Deutsche Bank AG,9B16D5,2021-03-20,0.0,0.0,0.0,0.0,0.0,0.0,0.0,-1.0,0.0,1.0
Deutsche Bank AG,9B16D5,2021-03-21,0.0,0.0,0.0,0.0,0.0,0.0,0.0,-1.0,0.0,1.0
Deutsche Bank AG,9B16D5,2021-03-22,0.0,0.0,0.0,0.0,0.0,0.0,0.0,-1.0,0.0,1.0
Deutsche Bank AG,9B16D5,2021-03-23,0.0,0.0,0.0,0.0,0.0,0.0,0.0,-1.0,0.0,1.0
Deutsche Bank AG,9B16D5,2021-03-24,0.0,0.0,0.0,0.0,0.0,0.0,0.0,-1.0,0.0,1.0
Deutsche Bank AG,9B16D5,2021-03-25,0.0,0.0,0.0,0.0,0.0,0.0,0.0,-1.0,0.0,1.0
Deutsche Bank AG,9B16D5,2021-03-26,0.0,0.0,0.0,0.0,0.0,0.0,0.0,-1.0,0.0,1.0
Deutsche Bank AG,9B16D5,2021-03-27,0.0,0.0,0.0,0.0,0.0,0.0,0.0,-1.0,0.0,1.0
Deutsche Bank AG,9B16D5,2021-03-28,0.0,0.0,0.0,0.0,0.0,0.0,0.0,-1.0,0.0,1.0
Deutsche Bank AG,9B16D5,2021-03-29,0.0,0.0,0.0,0.0,0.0,0.0,0.0,-1.0,0.0,1.0
Deutsche Bank AG,9B16D5,2021-03-30,0.0,0.0,0.0,0.0,0.0,0.0,0.0,-1.0,0.0,1.0
Deutsche Bank AG,9B16D5,2021-03-31,0.0,0.0,0.0,0.0,0.0,0.0,0.0,-1.0,0.0,1.0
Deutsche Bank AG,9B16D5,2021-06-16,-1.0,0.0,1.0,0.0,0.0,1.0,-1.0,-1.0,1.0,1.0
Deutsche Bank AG,9B16D5,2021-06-17,-1.0,0.0,2.0,0.0,0.0,2.0,-2.0,-2.0,3.0,3.0
Dupont De Nemours Inc.,C8A248,2021-03-19,-1.0,0.0,1.0,0.0,0.0,1.0,-1.0,-1.0,1.0,1.0
Eastman Chemical Co.,D4070C,2021-04-30,-1.0,0.0,1.0,0.0,0.0,1.0,-1.0,-1.0,1.0,1.0
Eastman Kodak Co.,96BFF4,2021-03-16,-1.0,0.0,1.0,0.0,0.0,1.0,-1.0,-1.0,1.0,1.0
Element Solutions Inc.,583223,2021-04-29,1.0,1.0,0.0,0.0,0.0,1.0,1.0,1.0,1.0,1.0
Emerson Electric Co.,4030E2,2021-04-06,-1.0,0.0,1.0,0.0,0.0,1.0,-1.0,-1.0,1.0,1.0
EnerSys Inc.,27B191,2021-05-27,-1.0,0.0,1.0,0.0,0.0,1.0,-1.0,-1.0,1.0,1.0
Energous Corp.,A0AD58,2021-02-25,-1.0,0.0,1.0,0.0,0.0,1.0,-1.0,-1.0,1.0,1.0
Enphase Energy Inc.,C44D01,2021-02-09,-1.0,0.0,3.0,0.0,0.0,3.0,-1.0,-1.0,3.0,3.0
Enphase Energy Inc.,C44D01,2021-02-10,0.0,0.0,0.0,0.0,0.0,0.0,-1.0,-1.0,3.0,3.0
Enphase Energy Inc.,C44D01,2021-02-11,0.0,0.0,0.0,0.0,0.0,0.0,-1.0,-1.0,3.0,3.0
Enphase Energy Inc.,C44D01,2021-02-12,0.0,0.0,0.0,0.0,0.0,0.0,-1.0,-1.0,3.0,3.0
Enphase Energy Inc.,C44D01,2021-02-13,0.0,0.0,0.0,0.0,0.0,0.0,-1.0,-1.0,3.0,3.0
Enphase Energy Inc.,C44D01,2021-02-14,0.0,0.0,0.0,0.0,0.0,0.0,-1.0,-1.0,3.0,3.0
Enphase Energy Inc.,C44D01,2021-02-15,0.0,0.0,0.0,0.0,0.0,0.0,-1.0,-1.0,3.0,3.0
Enphase Energy Inc.,C44D01,2021-02-16,0.0,0.0,0.0,0.0,0.0,0.0,0.0,-1.0,0.0,3.0
Enphase Energy Inc.,C44D01,2021-02-17,0.0,0.0,0.0,0.0,0.0,0.0,0.0,-1.0,0.0,3.0
Enphase Energy Inc.,C44D01,2021-02-18,0.0,0.0,0.0,0.0,0.0,0.0,0.0,-1.0,0.0,3.0
Enphase Energy Inc.,C44D01,2021-02-19,0.0,0.0,0.0,0.0,0.0,0.0,0.0,-1.0,0.0,3.0
Enphase Energy Inc.,C44D01,2021-02-20,0.0,0.0,0.0,0.0,0.0,0.0,0.0,-1.0,0.0,3.0
Enphase Energy Inc.,C44D01,2021-02-21,0.0,0.0,0.0,0.0,0.0,0.0,0.0,-1.0,0.0,3.0
Enphase Energy Inc.,C44D01,2021-02-22,0.0,0.0,0.0,0.0,0.0,0.0,0.0,-1.0,0.0,3.0
Enphase Energy Inc.,C44D01,2021-02-23,0.0,0.0,0.0,0.0,0.0,0.0,0.0,-1.0,0.0,3.0
Enphase Energy Inc.,C44D01,2021-02-24,0.0,0.0,0.0,0.0,0.0,0.0,0.0,-1.0,0.0,3.0
Enphase Energy Inc.,C44D01,2021-02-25,0.0,0.0,0.0,0.0,0.0,0.0,0.0,-1.0,0.0,3.0
Enphase Energy Inc.,C44D01,2021-02-26,0.0,0.0,0.0,0.0,0.0,0.0,0.0,-1.0,0.0,3.0
Enphase Energy Inc.,C44D01,2021-02-27,0.0,0.0,0.0,0.0,0.0,0.0,0.0,-1.0,0.0,3.0
Enphase Energy Inc.,C44D01,2021-02-28,0.0,0.0,0.0,0.0,0.0,0.0,0.0,-1.0,0.0,3.0
Enphase Energy Inc.,C44D01,2021-03-01,0.0,0.0,0.0,0.0,0.0,0.0,0.0,-1.0,0.0,3.0
Enphase Energy Inc.,C44D01,2021-03-02,0.0,0.0,0.0,0.0,0.0,0.0,0.0,-1.0,0.0,3.0
Enphase Energy Inc.,C44D01,2021-03-03,0.0,0.0,0.0,0.0,0.0,0.0,0.0,-1.0,0.0,3.0
Enphase Energy Inc.,C44D01,2021-03-04,0.0,0.0,0.0,0.0,0.0,0.0,0.0,-1.0,0.0,3.0
Enphase Energy Inc.,C44D01,2021-03-05,0.0,0.0,0.0,0.0,0.0,0.0,0.0,-1.0,0.0,3.0
Enphase Energy Inc.,C44D01,2021-03-06,0.0,0.0,0.0,0.0,0.0,0.0,0.0,-1.0,0.0,3.0
Enphase Energy Inc.,C44D01,2021-03-07,0.0,0.0,0.0,0.0,0.0,0.0,0.0,-1.0,0.0,3.0
Enphase Energy Inc.,C44D01,2021-03-08,0.0,0.0,0.0,0.0,0.0,0.0,0.0,-1.0,0.0,3.0
Enphase Energy Inc.,C44D01,2021-03-09,0.0,0.0,0.0,0.0,0.0,0.0,0.0,-1.0,0.0,3.0
Enphase Energy Inc.,C44D01,2021-03-10,0.0,0.0,0.0,0.0,0.0,0.0,0.0,-1.0,0.0,3.0
Enphase Energy Inc.,C44D01,2021-03-12,-1.0,0.0,1.0,0.0,0.0,1.0,-1.0,-1.0,1.0,1.0
Evolv Technologies Holdings Inc.,4D0DAA,2021-06-03,-1.0,0.0,1.0,0.0,0.0,1.0,-1.0,-1.0,1.0,1.0
FTC Solar Inc.,146E4F,2021-06-08,-1.0,0.0,1.0,0.0,0.0,1.0,-1.0,-1.0,1.0,1.0
Fastenal Co.,92D3A0,2021-04-13,-1.0,0.0,2.0,0.0,0.0,2.0,-1.0,-1.0,2.0,2.0
FedEx Corp.,6844D2,2021-06-28,-1.0,0.0,1.0,0.0,0.0,1.0,-1.0,-1.0,1.0,1.0
Federal Signal Corp.,4C5CC9,2021-05-04,-1.0,0.0,4.0,0.0,0.0,4.0,-1.0,-1.0,4.0,4.0
Flex Ltd.,B4E00D,2021-03-01,-1.0,0.0,1.0,0.0,0.0,1.0,-1.0,-1.0,1.0,1.0
Flex Ltd.,B4E00D,2021-03-02,0.0,0.0,0.0,0.0,0.0,0.0,-1.0,-1.0,1.0,1.0
Flex Ltd.,B4E00D,2021-03-03,0.0,0.0,0.0,0.0,0.0,0.0,-1.0,-1.0,1.0,1.0
Flex Ltd.,B4E00D,2021-03-04,0.0,0.0,0.0,0.0,0.0,0.0,-1.0,-1.0,1.0,1.0
Flex Ltd.,B4E00D,2021-03-05,0.0,0.0,0.0,0.0,0.0,0.0,-1.0,-1.0,1.0,1.0
Flex Ltd.,B4E00D,2021-03-06,0.0,0.0,0.0,0.0,0.0,0.0,-1.0,-1.0,1.0,1.0
Flex Ltd.,B4E00D,2021-03-07,0.0,0.0,0.0,0.0,0.0,0.0,-1.0,-1.0,1.0,1.0
Flex Ltd.,B4E00D,2021-03-08,0.0,0.0,0.0,0.0,0.0,0.0,0.0,-1.0,0.0,1.0
Flex Ltd.,B4E00D,2021-03-09,0.0,0.0,0.0,0.0,0.0,0.0,0.0,-1.0,0.0,1.0
Flex Ltd.,B4E00D,2021-03-10,0.0,0.0,0.0,0.0,0.0,0.0,0.0,-1.0,0.0,1.0
Flex Ltd.,B4E00D,2021-03-11,0.0,0.0,0.0,0.0,0.0,0.0,0.0,-1.0,0.0,1.0
Flex Ltd.,B4E00D,2021-03-12,0.0,0.0,0.0,0.0,0.0,0.0,0.0,-1.0,0.0,1.0
Flex Ltd.,B4E00D,2021-03-13,0.0,0.0,0.0,0.0,0.0,0.0,0.0,-1.0,0.0,1.0
Flex Ltd.,B4E00D,2021-03-14,0.0,0.0,0.0,0.0,0.0,0.0,0.0,-1.0,0.0,1.0
Flex Ltd.,B4E00D,2021-03-15,0.0,0.0,0.0,0.0,0.0,0.0,0.0,-1.0,0.0,1.0
Flex Ltd.,B4E00D,2021-03-16,0.0,0.0,0.0,0.0,0.0,0.0,0.0,-1.0,0.0,1.0
Flex Ltd.,B4E00D,2021-03-17,0.0,0.0,0.0,0.0,0.0,0.0,0.0,-1.0,0.0,1.0
Flex Ltd.,B4E00D,2021-03-18,0.0,0.0,0.0,0.0,0.0,0.0,0.0,-1.0,0.0,1.0
Flex Ltd.,B4E00D,2021-03-19,0.0,0.0,0.0,0.0,0.0,0.0,0.0,-1.0,0.0,1.0
Flex Ltd.,B4E00D,2021-03-20,0.0,0.0,0.0,0.0,0.0,0.0,0.0,-1.0,0.0,1.0
Flex Ltd.,B4E00D,2021-03-21,0.0,0.0,0.0,0.0,0.0,0.0,0.0,-1.0,0.0,1.0
Flex Ltd.,B4E00D,2021-03-22,0.0,0.0,0.0,0.0,0.0,0.0,0.0,-1.0,0.0,1.0
Flex Ltd.,B4E00D,2021-03-23,0.0,0.0,0.0,0.0,0.0,0.0,0.0,-1.0,0.0,1.0
Flex Ltd.,B4E00D,2021-03-24,0.0,0.0,0.0,0.0,0.0,0.0,0.0,-1.0,0.0,1.0
Flex Ltd.,B4E00D,2021-03-25,0.0,0.0,0.0,0.0,0.0,0.0,0.0,-1.0,0.0,1.0
Flex Ltd.,B4E00D,2021-03-26,0.0,0.0,0.0,0.0,0.0,0.0,0.0,-1.0,0.0,1.0
Flex Ltd.,B4E00D,2021-03-27,0.0,0.0,0.0,0.0,0.0,0.0,0.0,-1.0,0.0,1.0
Flex Ltd.,B4E00D,2021-03-28,0.0,0.0,0.0,0.0,0.0,0.0,0.0,-1.0,0.0,1.0
Flex Ltd.,B4E00D,2021-03-29,0.0,0.0,0.0,0.0,0.0,0.0,0.0,-1.0,0.0,1.0
Flex Ltd.,B4E00D,2021-03-30,0.0,0.0,0.0,0.0,0.0,0.0,0.0,-1.0,0.0,1.0
Flex Ltd.,B4E00D,2021-06-06,-1.0,0.0,1.0,0.0,0.0,1.0,-1.0,-1.0,1.0,1.0
Flexsteel Industries Inc.,B959AD,2021-04-26,-1.0,0.0,1.0,0.0,0.0,1.0,-1.0,-1.0,1.0,1.0
Ford Motor Co.,A6213D,2021-01-11,-1.0,0.0,2.0,0.0,0.0,2.0,-1.0,-1.0,2.0,2.0
Ford Motor Co.,A6213D,2021-01-12,-1.0,0.0,2.0,0.0,0.0,2.0,-2.0,-2.0,4.0,4.0
Ford Motor Co.,A6213D,2021-01-13,-1.0,0.0,1.0,0.0,0.0,1.0,-3.0,-3.0,5.0,5.0
Ford Motor Co.,A6213D,2021-01-14,0.0,0.0,0.0,0.0,0.0,0.0,-3.0,-3.0,5.0,5.0
Ford Motor Co.,A6213D,2021-01-15,0.0,0.0,0.0,0.0,0.0,0.0,-3.0,-3.0,5.0,5.0
Ford Motor Co.,A6213D,2021-01-16,0.0,0.0,0.0,0.0,0.0,0.0,-3.0,-3.0,5.0,5.0
Ford Motor Co.,A6213D,2021-01-17,0.0,0.0,0.0,0.0,0.0,0.0,-3.0,-3.0,5.0,5.0
Ford Motor Co.,A6213D,2021-01-18,0.0,0.0,0.0,0.0,0.0,0.0,-2.0,-3.0,3.0,5.0
Ford Motor Co.,A6213D,2021-01-19,0.0,0.0,0.0,0.0,0.0,0.0,-1.0,-3.0,1.0,5.0
Ford Motor Co.,A6213D,2021-01-20,0.0,0.0,0.0,0.0,0.0,0.0,0.0,-3.0,0.0,5.0
Ford Motor Co.,A6213D,2021-01-21,0.0,0.0,0.0,0.0,0.0,0.0,0.0,-3.0,0.0,5.0
Ford Motor Co.,A6213D,2021-01-22,0.0,0.0,0.0,0.0,0.0,0.0,0.0,-3.0,0.0,5.0
Ford Motor Co.,A6213D,2021-01-23,0.0,0.0,0.0,0.0,0.0,0.0,0.0,-3.0,0.0,5.0
Ford Motor Co.,A6213D,2021-01-24,0.0,0.0,0.0,0.0,0.0,0.0,0.0,-3.0,0.0,5.0
Ford Motor Co.,A6213D,2021-01-25,0.0,0.0,0.0,0.0,0.0,0.0,0.0,-3.0,0.0,5.0
Ford Motor Co.,A6213D,2021-01-26,0.0,0.0,0.0,0.0,0.0,0.0,0.0,-3.0,0.0,5.0
Ford Motor Co.,A6213D,2021-01-27,0.0,0.0,0.0,0.0,0.0,0.0,0.0,-3.0,0.0,5.0
Ford Motor Co.,A6213D,2021-01-28,0.0,0.0,0.0,0.0,0.0,0.0,0.0,-3.0,0.0,5.0
Ford Motor Co.,A6213D,2021-01-29,0.0,0.0,0.0,0.0,0.0,0.0,0.0,-3.0,0.0,5.0
Ford Motor Co.,A6213D,2021-01-30,0.0,0.0,0.0,0.0,0.0,0.0,0.0,-3.0,0.0,5.0
Ford Motor Co.,A6213D,2021-01-31,0.0,0.0,0.0,0.0,0.0,0.0,0.0,-3.0,0.0,5.0
Ford Motor Co.,A6213D,2021-02-01,0.0,0.0,0.0,0.0,0.0,0.0,0.0,-3.0,0.0,5.0
Ford Motor Co.,A6213D,2021-02-02,0.0,0.0,0.0,0.0,0.0,0.0,0.0,-3.0,0.0,5.0
Ford Motor Co.,A6213D,2021-02-03,-1.0,0.0,2.0,0.0,0.0,2.0,-1.0,-4.0,2.0,7.0
Ford Motor Co.,A6213D,2021-02-04,-1.0,0.0,1.0,0.0,0.0,1.0,-2.0,-5.0,3.0,8.0
Ford Motor Co.,A6213D,2021-02-05,-1.0,0.0,1.0,0.0,0.0,1.0,-3.0,-6.0,4.0,9.0
Ford Motor Co.,A6213D,2021-02-06,0.0,0.0,0.0,0.0,0.0,0.0,-3.0,-6.0,4.0,9.0
Ford Motor Co.,A6213D,2021-02-07,0.0,0.0,0.0,0.0,0.0,0.0,-3.0,-6.0,4.0,9.0
Ford Motor Co.,A6213D,2021-02-08,0.0,0.0,0.0,0.0,0.0,0.0,-3.0,-6.0,4.0,9.0
Ford Motor Co.,A6213D,2021-02-09,-1.0,0.0,1.0,0.0,0.0,1.0,-4.0,-7.0,5.0,10.0
Ford Motor Co.,A6213D,2021-02-10,0.0,0.0,0.0,0.0,0.0,0.0,-3.0,-6.0,3.0,8.0
Ford Motor Co.,A6213D,2021-02-11,0.0,0.0,0.0,0.0,0.0,0.0,-2.0,-5.0,2.0,6.0
Ford Motor Co.,A6213D,2021-02-12,0.0,0.0,0.0,0.0,0.0,0.0,-1.0,-4.0,1.0,5.0
Ford Motor Co.,A6213D,2021-02-13,0.0,0.0,0.0,0.0,0.0,0.0,-1.0,-4.0,1.0,5.0
Ford Motor Co.,A6213D,2021-02-14,0.0,0.0,0.0,0.0,0.0,0.0,-1.0,-4.0,1.0,5.0
Ford Motor Co.,A6213D,2021-02-15,0.0,0.0,0.0,0.0,0.0,0.0,-1.0,-4.0,1.0,5.0
Ford Motor Co.,A6213D,2021-02-16,0.0,0.0,0.0,0.0,0.0,0.0,0.0,-4.0,0.0,5.0
Ford Motor Co.,A6213D,2021-02-17,0.0,0.0,0.0,0.0,0.0,0.0,0.0,-4.0,0.0,5.0
Ford Motor Co.,A6213D,2021-02-18,0.0,0.0,0.0,0.0,0.0,0.0,0.0,-4.0,0.0,5.0
Ford Motor Co.,A6213D,2021-02-19,0.0,0.0,0.0,0.0,0.0,0.0,0.0,-4.0,0.0,5.0
Ford Motor Co.,A6213D,2021-02-20,0.0,0.0,0.0,0.0,0.0,0.0,0.0,-4.0,0.0,5.0
Ford Motor Co.,A6213D,2021-02-21,0.0,0.0,0.0,0.0,0.0,0.0,0.0,-4.0,0.0,5.0
Ford Motor Co.,A6213D,2021-02-22,0.0,0.0,0.0,0.0,0.0,0.0,0.0,-4.0,0.0,5.0
Ford Motor Co.,A6213D,2021-02-23,0.0,0.0,0.0,0.0,0.0,0.0,0.0,-4.0,0.0,5.0
Ford Motor Co.,A6213D,2021-02-24,-1.0,0.0,1.0,0.0,0.0,1.0,-1.0,-5.0,1.0,6.0
Ford Motor Co.,A6213D,2021-02-25,0.0,0.0,0.0,0.0,0.0,0.0,-1.0,-5.0,1.0,6.0
Ford Motor Co.,A6213D,2021-02-26,0.0,0.0,0.0,0.0,0.0,0.0,-1.0,-5.0,1.0,6.0
Ford Motor Co.,A6213D,2021-02-27,0.0,0.0,0.0,0.0,0.0,0.0,-1.0,-5.0,1.0,6.0
Ford Motor Co.,A6213D,2021-02-28,0.0,0.0,0.0,0.0,0.0,0.0,-1.0,-5.0,1.0,6.0
Ford Motor Co.,A6213D,2021-03-01,0.0,0.0,0.0,0.0,0.0,0.0,-1.0,-5.0,1.0,6.0
Ford Motor Co.,A6213D,2021-03-02,0.0,0.0,0.0,0.0,0.0,0.0,-1.0,-5.0,1.0,6.0
Ford Motor Co.,A6213D,2021-03-03,0.0,0.0,0.0,0.0,0.0,0.0,0.0,-5.0,0.0,6.0
Ford Motor Co.,A6213D,2021-03-04,0.0,0.0,0.0,0.0,0.0,0.0,0.0,-5.0,0.0,6.0
Ford Motor Co.,A6213D,2021-03-05,0.0,0.0,0.0,0.0,0.0,0.0,0.0,-4.0,0.0,4.0
Ford Motor Co.,A6213D,2021-03-06,0.0,0.0,0.0,0.0,0.0,0.0,0.0,-3.0,0.0,3.0
Ford Motor Co.,A6213D,2021-03-07,0.0,0.0,0.0,0.0,0.0,0.0,0.0,-2.0,0.0,2.0
Ford Motor Co.,A6213D,2021-03-08,0.0,0.0,0.0,0.0,0.0,0.0,0.0,-2.0,0.0,2.0
Ford Motor Co.,A6213D,2021-03-09,0.0,0.0,0.0,0.0,0.0,0.0,0.0,-2.0,0.0,2.0
Ford Motor Co.,A6213D,2021-03-10,0.0,0.0,0.0,0.0,0.0,0.0,0.0,-2.0,0.0,2.0
Ford Motor Co.,A6213D,2021-03-11,0.0,0.0,0.0,0.0,0.0,0.0,0.0,-1.0,0.0,1.0
Ford Motor Co.,A6213D,2021-03-12,0.0,0.0,0.0,0.0,0.0,0.0,0.0,-1.0,0.0,1.0
Ford Motor Co.,A6213D,2021-03-13,0.0,0.0,0.0,0.0,0.0,0.0,0.0,-1.0,0.0,1.0
Ford Motor Co.,A6213D,2021-03-14,0.0,0.0,0.0,0.0,0.0,0.0,0.0,-1.0,0.0,1.0
Ford Motor Co.,A6213D,2021-03-15,0.0,0.0,0.0,0.0,0.0,0.0,0.0,-1.0,0.0,1.0
Ford Motor Co.,A6213D,2021-03-16,0.0,0.0,0.0,0.0,0.0,0.0,0.0,-1.0,0.0,1.0
Ford Motor Co.,A6213D,2021-03-17,-1.0,0.0,1.0,0.0,0.0,1.0,-1.0,-2.0,1.0,2.0
Ford Motor Co.,A6213D,2021-03-18,0.0,0.0,0.0,0.0,0.0,0.0,-1.0,-2.0,1.0,2.0
Ford Motor Co.,A6213D,2021-03-19,-1.0,0.0,1.0,0.0,0.0,1.0,-2.0,-3.0,2.0,3.0
Ford Motor Co.,A6213D,2021-03-20,0.0,0.0,0.0,0.0,0.0,0.0,-2.0,-3.0,2.0,3.0
Ford Motor Co.,A6213D,2021-03-21,0.0,0.0,0.0,0.0,0.0,0.0,-2.0,-3.0,2.0,3.0
Ford Motor Co.,A6213D,2021-03-22,-1.0,0.0,1.0,0.0,0.0,1.0,-3.0,-4.0,3.0,4.0
Ford Motor Co.,A6213D,2021-03-23,0.0,0.0,0.0,0.0,0.0,0.0,-3.0,-4.0,3.0,4.0
Ford Motor Co.,A6213D,2021-03-24,0.0,0.0,0.0,0.0,0.0,0.0,-2.0,-4.0,2.0,4.0
Ford Motor Co.,A6213D,2021-03-25,0.0,0.0,0.0,0.0,0.0,0.0,-2.0,-4.0,2.0,4.0
Ford Motor Co.,A6213D,2021-03-26,-1.0,0.0,1.0,0.0,0.0,1.0,-2.0,-4.0,2.0,4.0
Ford Motor Co.,A6213D,2021-03-27,0.0,0.0,0.0,0.0,0.0,0.0,-2.0,-4.0,2.0,4.0
Ford Motor Co.,A6213D,2021-03-28,0.0,0.0,0.0,0.0,0.0,0.0,-2.0,-4.0,2.0,4.0
Ford Motor Co.,A6213D,2021-03-29,0.0,0.0,0.0,0.0,0.0,0.0,-1.0,-4.0,1.0,4.0
Ford Motor Co.,A6213D,2021-03-30,-1.0,0.0,4.0,0.0,0.0,4.0,-2.0,-5.0,5.0,8.0
Ford Motor Co.,A6213D,2021-03-31,-1.0,0.0,1.0,0.0,0.0,1.0,-3.0,-6.0,6.0,9.0
Ford Motor Co.,A6213D,2021-04-01,0.0,0.0,0.0,0.0,0.0,0.0,-3.0,-6.0,6.0,9.0
Ford Motor Co.,A6213D,2021-04-02,0.0,0.0,0.0,0.0,0.0,0.0,-2.0,-6.0,5.0,9.0
Ford Motor Co.,A6213D,2021-04-03,0.0,0.0,0.0,0.0,0.0,0.0,-2.0,-6.0,5.0,9.0
Ford Motor Co.,A6213D,2021-04-04,0.0,0.0,0.0,0.0,0.0,0.0,-2.0,-6.0,5.0,9.0
Ford Motor Co.,A6213D,2021-04-05,0.0,0.0,0.0,0.0,0.0,0.0,-2.0,-6.0,5.0,9.0
Ford Motor Co.,A6213D,2021-04-06,0.0,0.0,0.0,0.0,0.0,0.0,-1.0,-6.0,1.0,9.0
Ford Motor Co.,A6213D,2021-04-07,0.0,0.0,0.0,0.0,0.0,0.0,0.0,-6.0,0.0,9.0
Ford Motor Co.,A6213D,2021-04-08,0.0,0.0,0.0,0.0,0.0,0.0,0.0,-6.0,0.0,9.0
Ford Motor Co.,A6213D,2021-04-09,-1.0,0.0,2.0,0.0,0.0,2.0,-1.0,-7.0,2.0,11.0
Ford Motor Co.,A6213D,2021-04-10,0.0,0.0,0.0,0.0,0.0,0.0,-1.0,-7.0,2.0,11.0
Ford Motor Co.,A6213D,2021-04-11,0.0,0.0,0.0,0.0,0.0,0.0,-1.0,-7.0,2.0,11.0
Ford Motor Co.,A6213D,2021-04-12,-1.0,0.0,4.0,0.0,0.0,4.0,-2.0,-8.0,6.0,15.0
Ford Motor Co.,A6213D,2021-04-13,0.0,0.0,0.0,0.0,0.0,0.0,-2.0,-8.0,6.0,15.0
Ford Motor Co.,A6213D,2021-04-14,-1.0,0.0,1.0,0.0,0.0,1.0,-3.0,-9.0,7.0,16.0
Ford Motor Co.,A6213D,2021-04-15,0.0,0.0,0.0,0.0,0.0,0.0,-3.0,-9.0,7.0,16.0
Ford Motor Co.,A6213D,2021-04-16,0.0,0.0,0.0,0.0,0.0,0.0,-2.0,-8.0,5.0,15.0
Ford Motor Co.,A6213D,2021-04-17,-1.0,0.0,1.0,0.0,0.0,1.0,-3.0,-9.0,6.0,16.0
Ford Motor Co.,A6213D,2021-04-18,0.0,0.0,0.0,0.0,0.0,0.0,-3.0,-8.0,6.0,15.0
Ford Motor Co.,A6213D,2021-04-19,0.0,0.0,0.0,0.0,0.0,0.0,-2.0,-8.0,2.0,15.0
Ford Motor Co.,A6213D,2021-04-20,0.0,0.0,0.0,0.0,0.0,0.0,-2.0,-8.0,2.0,15.0
Ford Motor Co.,A6213D,2021-04-21,0.0,0.0,0.0,0.0,0.0,0.0,-1.0,-7.0,1.0,14.0
Ford Motor Co.,A6213D,2021-04-22,-1.0,0.0,1.0,0.0,0.0,1.0,-2.0,-8.0,2.0,15.0
Ford Motor Co.,A6213D,2021-04-23,-1.0,0.0,1.0,0.0,0.0,1.0,-3.0,-9.0,3.0,16.0
Ford Motor Co.,A6213D,2021-04-24,-1.0,0.0,1.0,0.0,0.0,1.0,-3.0,-10.0,3.0,17.0
Ford Motor Co.,A6213D,2021-04-25,0.0,0.0,0.0,0.0,0.0,0.0,-3.0,-9.0,3.0,16.0
Ford Motor Co.,A6213D,2021-04-26,0.0,0.0,0.0,0.0,0.0,0.0,-3.0,-9.0,3.0,16.0
Ford Motor Co.,A6213D,2021-04-27,0.0,0.0,0.0,0.0,0.0,0.0,-3.0,-9.0,3.0,16.0
Ford Motor Co.,A6213D,2021-04-28,0.0,0.0,0.0,0.0,0.0,0.0,-3.0,-9.0,3.0,16.0
Ford Motor Co.,A6213D,2021-04-29,-1.0,0.0,2.0,0.0,0.0,2.0,-3.0,-9.0,4.0,14.0
Ford Motor Co.,A6213D,2021-04-30,0.0,0.0,0.0,0.0,0.0,0.0,-2.0,-8.0,3.0,13.0
Ford Motor Co.,A6213D,2021-05-01,0.0,0.0,0.0,0.0,0.0,0.0,-1.0,-8.0,2.0,13.0
Ford Motor Co.,A6213D,2021-05-02,0.0,0.0,0.0,0.0,0.0,0.0,-1.0,-8.0,2.0,13.0
Ford Motor Co.,A6213D,2021-05-03,0.0,0.0,0.0,0.0,0.0,0.0,-1.0,-8.0,2.0,13.0
Ford Motor Co.,A6213D,2021-05-04,0.0,0.0,0.0,1.0,0.0,1.0,-1.0,-8.0,3.0,14.0
Ford Motor Co.,A6213D,2021-05-05,-1.0,0.0,1.0,0.0,0.0,1.0,-2.0,-9.0,4.0,15.0
Ford Motor Co.,A6213D,2021-05-06,-1.0,0.0,1.0,0.0,0.0,1.0,-2.0,-10.0,3.0,16.0
Ford Motor Co.,A6213D,2021-05-07,0.0,0.0,0.0,0.0,0.0,0.0,-2.0,-10.0,3.0,16.0
Ford Motor Co.,A6213D,2021-05-08,0.0,0.0,0.0,0.0,0.0,0.0,-2.0,-10.0,3.0,16.0
Ford Motor Co.,A6213D,2021-05-09,0.0,0.0,0.0,0.0,0.0,0.0,-2.0,-9.0,3.0,14.0
Ford Motor Co.,A6213D,2021-05-10,0.0,0.0,0.0,0.0,0.0,0.0,-2.0,-9.0,3.0,14.0
Ford Motor Co.,A6213D,2021-05-11,0.0,0.0,0.0,0.0,0.0,0.0,-2.0,-9.0,2.0,14.0
Ford Motor Co.,A6213D,2021-05-12,0.0,0.0,0.0,0.0,0.0,0.0,-1.0,-8.0,1.0,10.0
Ford Motor Co.,A6213D,2021-05-13,0.0,0.0,0.0,0.0,0.0,0.0,0.0,-8.0,0.0,10.0
Ford Motor Co.,A6213D,2021-05-14,0.0,0.0,0.0,0.0,0.0,0.0,0.0,-7.0,0.0,9.0
Ford Motor Co.,A6213D,2021-05-15,0.0,0.0,0.0,0.0,0.0,0.0,0.0,-7.0,0.0,9.0
Ford Motor Co.,A6213D,2021-05-16,0.0,0.0,0.0,0.0,0.0,0.0,0.0,-7.0,0.0,9.0
Ford Motor Co.,A6213D,2021-05-17,0.0,0.0,0.0,0.0,0.0,0.0,0.0,-6.0,0.0,8.0
Ford Motor Co.,A6213D,2021-05-18,0.0,0.0,0.0,0.0,0.0,0.0,0.0,-6.0,0.0,8.0
Ford Motor Co.,A6213D,2021-05-19,0.0,0.0,0.0,0.0,0.0,0.0,0.0,-6.0,0.0,8.0
Ford Motor Co.,A6213D,2021-05-20,0.0,0.0,0.0,0.0,0.0,0.0,0.0,-6.0,0.0,8.0
Ford Motor Co.,A6213D,2021-05-21,0.0,0.0,0.0,0.0,0.0,0.0,0.0,-6.0,0.0,8.0
Ford Motor Co.,A6213D,2021-05-22,0.0,0.0,0.0,0.0,0.0,0.0,0.0,-5.0,0.0,7.0
Ford Motor Co.,A6213D,2021-05-23,0.0,0.0,0.0,0.0,0.0,0.0,0.0,-4.0,0.0,6.0
Ford Motor Co.,A6213D,2021-05-24,0.0,0.0,0.0,0.0,0.0,0.0,0.0,-3.0,0.0,5.0
Ford Motor Co.,A6213D,2021-05-25,-1.0,0.0,2.0,0.0,0.0,2.0,-1.0,-4.0,2.0,7.0
Ford Motor Co.,A6213D,2021-05-26,0.0,0.0,0.0,0.0,0.0,0.0,-1.0,-4.0,2.0,7.0
Ford Motor Co.,A6213D,2021-05-27,0.0,0.0,0.0,0.0,0.0,0.0,-1.0,-4.0,2.0,7.0
Ford Motor Co.,A6213D,2021-05-28,0.0,0.0,0.0,0.0,0.0,0.0,-1.0,-4.0,2.0,7.0
Ford Motor Co.,A6213D,2021-05-29,0.0,0.0,0.0,0.0,0.0,0.0,-1.0,-3.0,2.0,5.0
Ford Motor Co.,A6213D,2021-05-30,0.0,0.0,0.0,0.0,0.0,0.0,-1.0,-3.0,2.0,5.0
Ford Motor Co.,A6213D,2021-05-31,0.0,0.0,0.0,0.0,0.0,0.0,-1.0,-3.0,2.0,5.0
Ford Motor Co.,A6213D,2021-06-01,0.0,0.0,0.0,0.0,0.0,0.0,0.0,-3.0,0.0,5.0
Ford Motor Co.,A6213D,2021-06-02,0.0,0.0,0.0,0.0,0.0,0.0,0.0,-3.0,0.0,5.0
Ford Motor Co.,A6213D,2021-06-03,0.0,0.0,0.0,0.0,0.0,0.0,0.0,-3.0,0.0,4.0
Ford Motor Co.,A6213D,2021-06-04,0.0,0.0,0.0,0.0,0.0,0.0,0.0,-2.0,0.0,3.0
Ford Motor Co.,A6213D,2021-06-05,0.0,0.0,0.0,0.0,0.0,0.0,0.0,-1.0,0.0,2.0
Ford Motor Co.,A6213D,2021-06-06,-1.0,0.0,1.0,0.0,0.0,1.0,-1.0,-2.0,1.0,3.0
Ford Motor Co.,A6213D,2021-06-07,-1.0,0.0,1.0,0.0,0.0,1.0,-2.0,-3.0,2.0,4.0
Ford Motor Co.,A6213D,2021-06-08,0.0,0.0,0.0,0.0,0.0,0.0,-2.0,-3.0,2.0,4.0
Ford Motor Co.,A6213D,2021-06-09,0.0,0.0,0.0,0.0,0.0,0.0,-2.0,-3.0,2.0,4.0
Ford Motor Co.,A6213D,2021-06-10,-1.0,0.0,1.0,0.0,0.0,1.0,-3.0,-4.0,3.0,5.0
Franklin Resources Inc.,5B6C11,2021-05-14,-1.0,0.0,1.0,0.0,0.0,1.0,-1.0,-1.0,1.0,1.0
GE Aerospace,1921DD,2021-01-26,-1.0,0.0,1.0,0.0,0.0,1.0,-1.0,-1.0,1.0,1.0
GE Aerospace,1921DD,2021-01-27,0.0,0.0,0.0,0.0,0.0,0.0,-1.0,-1.0,1.0,1.0
GE Aerospace,1921DD,2021-01-28,0.0,0.0,0.0,0.0,0.0,0.0,-1.0,-1.0,1.0,1.0
GE Aerospace,1921DD,2021-01-29,0.0,0.0,0.0,0.0,0.0,0.0,-1.0,-1.0,1.0,1.0
GE Aerospace,1921DD,2021-01-30,0.0,0.0,0.0,0.0,0.0,0.0,-1.0,-1.0,1.0,1.0
GE Aerospace,1921DD,2021-01-31,0.0,0.0,0.0,0.0,0.0,0.0,-1.0,-1.0,1.0,1.0
GE Aerospace,1921DD,2021-02-01,0.0,0.0,0.0,0.0,0.0,0.0,-1.0,-1.0,1.0,1.0
GE Aerospace,1921DD,2021-02-02,0.0,0.0,0.0,0.0,0.0,0.0,0.0,-1.0,0.0,1.0
GE Aerospace,1921DD,2021-02-03,0.0,0.0,0.0,0.0,0.0,0.0,0.0,-1.0,0.0,1.0
GE Aerospace,1921DD,2021-02-04,0.0,0.0,0.0,0.0,0.0,0.0,0.0,-1.0,0.0,1.0
GE Aerospace,1921DD,2021-02-05,0.0,0.0,0.0,0.0,0.0,0.0,0.0,-1.0,0.0,1.0
GE Aerospace,1921DD,2021-02-06,0.0,0.0,0.0,0.0,0.0,0.0,0.0,-1.0,0.0,1.0
GE Aerospace,1921DD,2021-02-07,0.0,0.0,0.0,0.0,0.0,0.0,0.0,-1.0,0.0,1.0
GE Aerospace,1921DD,2021-02-08,0.0,0.0,0.0,0.0,0.0,0.0,0.0,-1.0,0.0,1.0
GE Aerospace,1921DD,2021-02-09,0.0,0.0,0.0,0.0,0.0,0.0,0.0,-1.0,0.0,1.0
GE Aerospace,1921DD,2021-02-10,0.0,0.0,0.0,0.0,0.0,0.0,0.0,-1.0,0.0,1.0
GE Aerospace,1921DD,2021-02-11,0.0,0.0,0.0,0.0,0.0,0.0,0.0,-1.0,0.0,1.0
GE Aerospace,1921DD,2021-02-12,0.0,0.0,0.0,0.0,0.0,0.0,0.0,-1.0,0.0,1.0
GE Aerospace,1921DD,2021-02-13,0.0,0.0,0.0,0.0,0.0,0.0,0.0,-1.0,0.0,1.0
GE Aerospace,1921DD,2021-02-14,0.0,0.0,0.0,0.0,0.0,0.0,0.0,-1.0,0.0,1.0
GE Aerospace,1921DD,2021-02-15,0.0,0.0,0.0,0.0,0.0,0.0,0.0,-1.0,0.0,1.0
GE Aerospace,1921DD,2021-02-16,0.0,0.0,0.0,0.0,0.0,0.0,0.0,-1.0,0.0,1.0
GE Aerospace,1921DD,2021-02-17,0.0,0.0,0.0,0.0,0.0,0.0,0.0,-1.0,0.0,1.0
GE Aerospace,1921DD,2021-02-18,0.0,0.0,0.0,0.0,0.0,0.0,0.0,-1.0,0.0,1.0
GE Aerospace,1921DD,2021-02-19,0.0,0.0,0.0,0.0,0.0,0.0,0.0,-1.0,0.0,1.0
GE Aerospace,1921DD,2021-02-20,0.0,0.0,0.0,0.0,0.0,0.0,0.0,-1.0,0.0,1.0
GE Aerospace,1921DD,2021-02-21,0.0,0.0,0.0,0.0,0.0,0.0,0.0,-1.0,0.0,1.0
GE Aerospace,1921DD,2021-02-22,0.0,0.0,0.0,0.0,0.0,0.0,0.0,-1.0,0.0,1.0
GE Aerospace,1921DD,2021-02-23,0.0,0.0,0.0,0.0,0.0,0.0,0.0,-1.0,0.0,1.0
GE Aerospace,1921DD,2021-02-24,0.0,0.0,0.0,0.0,0.0,0.0,0.0,-1.0,0.0,1.0
GE Aerospace,1921DD,2021-04-15,-1.0,0.0,1.0,0.0,0.0,1.0,-1.0,-1.0,1.0,1.0
GM (General Motors Co.),1BC12C,2021-01-08,-1.0,0.0,1.0,0.0,0.0,1.0,-1.0,-1.0,1.0,1.0
GM (General Motors Co.),1BC12C,2021-01-09,0.0,0.0,0.0,0.0,0.0,0.0,-1.0,-1.0,1.0,1.0
GM (General Motors Co.),1BC12C,2021-01-10,0.0,0.0,0.0,0.0,0.0,0.0,-1.0,-1.0,1.0,1.0
GM (General Motors Co.),1BC12C,2021-01-11,0.0,0.0,0.0,0.0,0.0,0.0,-1.0,-1.0,1.0,1.0
GM (General Motors Co.),1BC12C,2021-01-12,0.0,0.0,0.0,0.0,0.0,0.0,-1.0,-1.0,1.0,1.0
GM (General Motors Co.),1BC12C,2021-01-13,0.0,0.0,0.0,0.0,0.0,0.0,-1.0,-1.0,1.0,1.0
GM (General Motors Co.),1BC12C,2021-01-14,0.0,0.0,0.0,0.0,0.0,0.0,-1.0,-1.0,1.0,1.0
GM (General Motors Co.),1BC12C,2021-01-15,0.0,0.0,0.0,0.0,0.0,0.0,0.0,-1.0,0.0,1.0
GM (General Motors Co.),1BC12C,2021-01-16,0.0,0.0,0.0,0.0,0.0,0.0,0.0,-1.0,0.0,1.0
GM (General Motors Co.),1BC12C,2021-01-17,0.0,0.0,0.0,0.0,0.0,0.0,0.0,-1.0,0.0,1.0
GM (General Motors Co.),1BC12C,2021-01-18,0.0,0.0,0.0,0.0,0.0,0.0,0.0,-1.0,0.0,1.0
GM (General Motors Co.),1BC12C,2021-01-19,0.0,0.0,0.0,0.0,0.0,0.0,0.0,-1.0,0.0,1.0
GM (General Motors Co.),1BC12C,2021-01-20,0.0,0.0,0.0,0.0,0.0,0.0,0.0,-1.0,0.0,1.0
GM (General Motors Co.),1BC12C,2021-01-21,0.0,0.0,0.0,0.0,0.0,0.0,0.0,-1.0,0.0,1.0
GM (General Motors Co.),1BC12C,2021-01-22,0.0,0.0,0.0,0.0,0.0,0.0,0.0,-1.0,0.0,1.0
GM (General Motors Co.),1BC12C,2021-01-23,0.0,0.0,0.0,0.0,0.0,0.0,0.0,-1.0,0.0,1.0
GM (General Motors Co.),1BC12C,2021-01-24,0.0,0.0,0.0,0.0,0.0,0.0,0.0,-1.0,0.0,1.0
GM (General Motors Co.),1BC12C,2021-01-25,-1.0,0.0,1.0,0.0,0.0,1.0,-1.0,-2.0,1.0,2.0
GM (General Motors Co.),1BC12C,2021-01-26,0.0,0.0,0.0,0.0,0.0,0.0,-1.0,-2.0,1.0,2.0
GM (General Motors Co.),1BC12C,2021-01-27,-1.0,0.0,1.0,0.0,0.0,1.0,-2.0,-3.0,2.0,3.0
GM (General Motors Co.),1BC12C,2021-01-28,0.0,0.0,0.0,0.0,0.0,0.0,-2.0,-3.0,2.0,3.0
GM (General Motors Co.),1BC12C,2021-01-29,0.0,0.0,0.0,0.0,0.0,0.0,-2.0,-3.0,2.0,3.0
GM (General Motors Co.),1BC12C,2021-01-30,0.0,0.0,0.0,0.0,0.0,0.0,-2.0,-3.0,2.0,3.0
GM (General Motors Co.),1BC12C,2021-01-31,0.0,0.0,0.0,0.0,0.0,0.0,-2.0,-3.0,2.0,3.0
GM (General Motors Co.),1BC12C,2021-02-01,0.0,0.0,0.0,0.0,0.0,0.0,-1.0,-3.0,1.0,3.0
GM (General Motors Co.),1BC12C,2021-02-02,0.0,0.0,0.0,0.0,0.0,0.0,-1.0,-3.0,1.0,3.0
GM (General Motors Co.),1BC12C,2021-02-03,-1.0,0.0,4.0,0.0,0.0,4.0,-1.0,-4.0,4.0,7.0
GM (General Motors Co.),1BC12C,2021-02-04,-1.0,0.0,1.0,0.0,0.0,1.0,-2.0,-5.0,5.0,8.0
GM (General Motors Co.),1BC12C,2021-02-05,0.0,0.0,0.0,0.0,0.0,0.0,-2.0,-5.0,5.0,8.0
GM (General Motors Co.),1BC12C,2021-02-06,0.0,0.0,0.0,0.0,0.0,0.0,-2.0,-5.0,5.0,8.0
GM (General Motors Co.),1BC12C,2021-02-07,-1.0,0.0,1.0,0.0,0.0,1.0,-3.0,-5.0,6.0,8.0
GM (General Motors Co.),1BC12C,2021-02-08,0.0,0.0,0.0,0.0,0.0,0.0,-3.0,-5.0,6.0,8.0
GM (General Motors Co.),1BC12C,2021-02-09,0.0,0.0,0.0,1.0,0.0,1.0,-3.0,-5.0,7.0,9.0
GM (General Motors Co.),1BC12C,2021-02-10,-1.0,0.0,2.0,0.0,0.0,2.0,-3.0,-6.0,5.0,11.0
GM (General Motors Co.),1BC12C,2021-02-11,0.0,0.0,0.0,0.0,0.0,0.0,-2.0,-6.0,4.0,11.0
GM (General Motors Co.),1BC12C,2021-02-12,0.0,0.0,0.0,0.0,0.0,0.0,-2.0,-6.0,4.0,11.0
GM (General Motors Co.),1BC12C,2021-02-13,0.0,0.0,0.0,0.0,0.0,0.0,-2.0,-6.0,4.0,11.0
GM (General Motors Co.),1BC12C,2021-02-14,0.0,0.0,0.0,0.0,0.0,0.0,-1.0,-6.0,3.0,11.0
GM (General Motors Co.),1BC12C,2021-02-15,0.0,0.0,0.0,0.0,0.0,0.0,-1.0,-6.0,3.0,11.0
GM (General Motors Co.),1BC12C,2021-02-16,0.0,0.0,0.0,0.0,0.0,0.0,-1.0,-6.0,2.0,11.0
GM (General Motors Co.),1BC12C,2021-02-17,0.0,0.0,0.0,0.0,0.0,0.0,0.0,-6.0,0.0,11.0
GM (General Motors Co.),1BC12C,2021-02-18,0.0,0.0,0.0,0.0,0.0,0.0,0.0,-6.0,0.0,11.0
GM (General Motors Co.),1BC12C,2021-02-19,0.0,0.0,0.0,0.0,0.0,0.0,0.0,-6.0,0.0,11.0
GM (General Motors Co.),1BC12C,2021-02-20,0.0,0.0,0.0,0.0,0.0,0.0,0.0,-6.0,0.0,11.0
GM (General Motors Co.),1BC12C,2021-02-21,0.0,0.0,0.0,0.0,0.0,0.0,0.0,-6.0,0.0,11.0
GM (General Motors Co.),1BC12C,2021-02-22,0.0,0.0,0.0,0.0,0.0,0.0,0.0,-6.0,0.0,11.0
GM (General Motors Co.),1BC12C,2021-02-23,0.0,0.0,0.0,0.0,0.0,0.0,0.0,-6.0,0.0,11.0
GM (General Motors Co.),1BC12C,2021-02-24,-1.0,0.0,1.0,0.0,0.0,1.0,-1.0,-6.0,1.0,11.0
GM (General Motors Co.),1BC12C,2021-02-25,0.0,0.0,0.0,0.0,0.0,0.0,-1.0,-6.0,1.0,11.0
GM (General Motors Co.),1BC12C,2021-02-26,0.0,0.0,0.0,0.0,0.0,0.0,-1.0,-5.0,1.0,10.0
GM (General Motors Co.),1BC12C,2021-02-27,0.0,0.0,0.0,0.0,0.0,0.0,-1.0,-5.0,1.0,10.0
GM (General Motors Co.),1BC12C,2021-02-28,0.0,0.0,0.0,0.0,0.0,0.0,-1.0,-5.0,1.0,10.0
GM (General Motors Co.),1BC12C,2021-03-01,0.0,0.0,0.0,0.0,0.0,0.0,-1.0,-5.0,1.0,10.0
GM (General Motors Co.),1BC12C,2021-03-02,0.0,0.0,0.0,0.0,0.0,0.0,-1.0,-5.0,1.0,10.0
GM (General Motors Co.),1BC12C,2021-03-03,0.0,0.0,0.0,0.0,0.0,0.0,0.0,-5.0,0.0,10.0
GM (General Motors Co.),1BC12C,2021-03-04,0.0,0.0,0.0,0.0,0.0,0.0,0.0,-5.0,0.0,10.0
GM (General Motors Co.),1BC12C,2021-03-05,0.0,0.0,0.0,0.0,0.0,0.0,0.0,-4.0,0.0,6.0
GM (General Motors Co.),1BC12C,2021-03-06,0.0,0.0,0.0,0.0,0.0,0.0,0.0,-3.0,0.0,5.0
GM (General Motors Co.),1BC12C,2021-03-07,0.0,0.0,0.0,0.0,0.0,0.0,0.0,-3.0,0.0,5.0
GM (General Motors Co.),1BC12C,2021-03-08,0.0,0.0,0.0,0.0,0.0,0.0,0.0,-3.0,0.0,5.0
GM (General Motors Co.),1BC12C,2021-03-09,0.0,0.0,0.0,0.0,0.0,0.0,0.0,-2.0,0.0,4.0
GM (General Motors Co.),1BC12C,2021-03-10,0.0,0.0,0.0,0.0,0.0,0.0,0.0,-2.0,0.0,4.0
GM (General Motors Co.),1BC12C,2021-03-11,0.0,0.0,0.0,0.0,0.0,0.0,0.0,-2.0,0.0,3.0
GM (General Motors Co.),1BC12C,2021-03-12,0.0,0.0,0.0,0.0,0.0,0.0,0.0,-1.0,0.0,1.0
GM (General Motors Co.),1BC12C,2021-03-13,0.0,0.0,0.0,0.0,0.0,0.0,0.0,-1.0,0.0,1.0
GM (General Motors Co.),1BC12C,2021-03-14,0.0,0.0,0.0,0.0,0.0,0.0,0.0,-1.0,0.0,1.0
GM (General Motors Co.),1BC12C,2021-03-15,0.0,0.0,0.0,0.0,0.0,0.0,0.0,-1.0,0.0,1.0
GM (General Motors Co.),1BC12C,2021-03-16,0.0,0.0,0.0,0.0,0.0,0.0,0.0,-1.0,0.0,1.0
GM (General Motors Co.),1BC12C,2021-03-17,-1.0,0.0,2.0,0.0,0.0,2.0,-1.0,-2.0,2.0,3.0
GM (General Motors Co.),1BC12C,2021-03-18,0.0,0.0,0.0,0.0,0.0,0.0,-1.0,-2.0,2.0,3.0
GM (General Motors Co.),1BC12C,2021-03-19,-1.0,0.0,1.0,0.0,0.0,1.0,-2.0,-3.0,3.0,4.0
GM (General Motors Co.),1BC12C,2021-03-20,0.0,0.0,0.0,0.0,0.0,0.0,-2.0,-3.0,3.0,4.0
GM (General Motors Co.),1BC12C,2021-03-21,0.0,0.0,0.0,0.0,0.0,0.0,-2.0,-3.0,3.0,4.0
GM (General Motors Co.),1BC12C,2021-03-22,0.0,0.0,0.0,0.0,0.0,0.0,-2.0,-3.0,3.0,4.0
GM (General Motors Co.),1BC12C,2021-03-23,0.0,0.0,0.0,0.0,0.0,0.0,-2.0,-3.0,3.0,4.0
GM (General Motors Co.),1BC12C,2021-03-24,-1.0,0.0,1.0,0.0,0.0,1.0,-2.0,-4.0,2.0,5.0
GM (General Motors Co.),1BC12C,2021-03-25,0.0,0.0,0.0,0.0,0.0,0.0,-2.0,-4.0,2.0,5.0
GM (General Motors Co.),1BC12C,2021-03-26,-1.0,0.0,1.0,0.0,0.0,1.0,-2.0,-4.0,2.0,5.0
GM (General Motors Co.),1BC12C,2021-03-27,-1.0,0.0,1.0,0.0,0.0,1.0,-3.0,-5.0,3.0,6.0
GM (General Motors Co.),1BC12C,2021-03-28,0.0,0.0,0.0,0.0,0.0,0.0,-3.0,-5.0,3.0,6.0
GM (General Motors Co.),1BC12C,2021-03-29,0.0,0.0,0.0,0.0,0.0,0.0,-3.0,-5.0,3.0,6.0
GM (General Motors Co.),1BC12C,2021-03-30,-1.0,0.0,3.0,0.0,0.0,3.0,-4.0,-6.0,6.0,9.0
GM (General Motors Co.),1BC12C,2021-03-31,-1.0,0.0,2.0,0.0,0.0,2.0,-4.0,-7.0,7.0,11.0
GM (General Motors Co.),1BC12C,2021-04-01,0.0,0.0,0.0,0.0,0.0,0.0,-4.0,-7.0,7.0,11.0
GM (General Motors Co.),1BC12C,2021-04-02,0.0,0.0,0.0,0.0,0.0,0.0,-3.0,-7.0,6.0,11.0
GM (General Motors Co.),1BC12C,2021-04-03,0.0,0.0,0.0,0.0,0.0,0.0,-2.0,-7.0,5.0,11.0
GM (General Motors Co.),1BC12C,2021-04-04,0.0,0.0,0.0,0.0,0.0,0.0,-2.0,-7.0,5.0,11.0
GM (General Motors Co.),1BC12C,2021-04-05,0.0,0.0,0.0,0.0,0.0,0.0,-2.0,-7.0,5.0,11.0
GM (General Motors Co.),1BC12C,2021-04-06,0.0,0.0,0.0,0.0,0.0,0.0,-1.0,-7.0,2.0,11.0
GM (General Motors Co.),1BC12C,2021-04-07,0.0,0.0,0.0,0.0,0.0,0.0,0.0,-7.0,0.0,11.0
GM (General Motors Co.),1BC12C,2021-04-08,0.0,0.0,0.0,0.0,0.0,0.0,0.0,-7.0,0.0,11.0
GM (General Motors Co.),1BC12C,2021-04-09,-1.0,0.0,2.0,0.0,0.0,2.0,-1.0,-8.0,2.0,13.0
GM (General Motors Co.),1BC12C,2021-04-10,0.0,0.0,0.0,0.0,0.0,0.0,-1.0,-8.0,2.0,13.0
GM (General Motors Co.),1BC12C,2021-04-11,0.0,0.0,0.0,0.0,0.0,0.0,-1.0,-8.0,2.0,13.0
GM (General Motors Co.),1BC12C,2021-04-12,-0.8,0.0,4.0,1.0,0.0,5.0,-1.8,-8.8,7.0,18.0
GM (General Motors Co.),1BC12C,2021-04-13,0.0,0.0,0.0,0.0,0.0,0.0,-1.8,-8.8,7.0,18.0
GM (General Motors Co.),1BC12C,2021-04-14,0.0,0.0,0.0,0.0,0.0,0.0,-1.8,-8.8,7.0,18.0
GM (General Motors Co.),1BC12C,2021-04-15,0.0,0.0,0.0,0.0,0.0,0.0,-1.8,-8.8,7.0,18.0
GM (General Motors Co.),1BC12C,2021-04-16,0.0,0.0,0.0,0.0,0.0,0.0,-0.8,-7.8,5.0,16.0
GM (General Motors Co.),1BC12C,2021-04-17,-1.0,0.0,1.0,0.0,0.0,1.0,-1.8,-8.8,6.0,17.0
GM (General Motors Co.),1BC12C,2021-04-18,0.0,0.0,0.0,0.0,0.0,0.0,-1.8,-7.8,6.0,16.0
GM (General Motors Co.),1BC12C,2021-04-19,0.0,0.0,0.0,0.0,0.0,0.0,-1.0,-7.8,1.0,16.0
GM (General Motors Co.),1BC12C,2021-04-20,0.0,0.0,0.0,0.0,0.0,0.0,-1.0,-7.8,1.0,16.0
GM (General Motors Co.),1BC12C,2021-04-21,0.0,0.0,0.0,0.0,0.0,0.0,-1.0,-7.8,1.0,16.0
GM (General Motors Co.),1BC12C,2021-04-22,-1.0,0.0,1.0,0.0,0.0,1.0,-2.0,-8.8,2.0,17.0
GM (General Motors Co.),1BC12C,2021-04-23,0.0,0.0,0.0,0.0,0.0,0.0,-2.0,-7.8,2.0,16.0
GM (General Motors Co.),1BC12C,2021-04-24,0.0,0.0,0.0,0.0,0.0,0.0,-1.0,-7.8,1.0,16.0
GM (General Motors Co.),1BC12C,2021-04-25,0.0,0.0,0.0,0.0,0.0,0.0,-1.0,-6.8,1.0,15.0
GM (General Motors Co.),1BC12C,2021-04-26,0.0,0.0,0.0,0.0,0.0,0.0,-1.0,-5.8,1.0,14.0
GM (General Motors Co.),1BC12C,2021-04-27,0.0,0.0,0.0,0.0,0.0,0.0,-1.0,-5.8,1.0,14.0
GM (General Motors Co.),1BC12C,2021-04-28,0.0,0.0,0.0,0.0,0.0,0.0,-1.0,-5.8,1.0,14.0
GM (General Motors Co.),1BC12C,2021-04-29,0.0,0.0,0.0,0.0,0.0,0.0,0.0,-4.8,0.0,11.0
GM (General Motors Co.),1BC12C,2021-04-30,0.0,0.0,0.0,0.0,0.0,0.0,0.0,-3.8,0.0,9.0
GM (General Motors Co.),1BC12C,2021-05-01,0.0,0.0,0.0,0.0,0.0,0.0,0.0,-3.8,0.0,9.0
GM (General Motors Co.),1BC12C,2021-05-02,0.0,0.0,0.0,0.0,0.0,0.0,0.0,-3.8,0.0,9.0
GM (General Motors Co.),1BC12C,2021-05-03,0.0,0.0,0.0,0.0,0.0,0.0,0.0,-3.8,0.0,9.0
GM (General Motors Co.),1BC12C,2021-05-04,0.0,0.0,0.0,0.0,0.0,0.0,0.0,-3.8,0.0,9.0
GM (General Motors Co.),1BC12C,2021-05-05,-1.0,0.0,2.0,0.0,0.0,2.0,-1.0,-4.8,2.0,11.0
GM (General Motors Co.),1BC12C,2021-05-06,0.0,0.0,0.0,0.0,0.0,0.0,-1.0,-4.8,2.0,11.0
GM (General Motors Co.),1BC12C,2021-05-07,0.0,0.0,0.0,0.0,0.0,0.0,-1.0,-4.8,2.0,11.0
GM (General Motors Co.),1BC12C,2021-05-08,0.0,0.0,0.0,0.0,0.0,0.0,-1.0,-4.8,2.0,11.0
GM (General Motors Co.),1BC12C,2021-05-09,0.0,0.0,0.0,0.0,0.0,0.0,-1.0,-3.8,2.0,9.0
GM (General Motors Co.),1BC12C,2021-05-10,0.0,0.0,0.0,0.0,0.0,0.0,-1.0,-3.8,2.0,9.0
GM (General Motors Co.),1BC12C,2021-05-11,0.0,0.0,0.0,0.0,0.0,0.0,-1.0,-3.8,2.0,9.0
GM (General Motors Co.),1BC12C,2021-05-12,0.0,0.0,0.0,0.0,0.0,0.0,0.0,-3.0,0.0,4.0
GM (General Motors Co.),1BC12C,2021-05-13,0.0,0.0,0.0,0.0,0.0,0.0,0.0,-3.0,0.0,4.0
GM (General Motors Co.),1BC12C,2021-05-14,0.0,0.0,0.0,0.0,0.0,0.0,0.0,-3.0,0.0,4.0
GM (General Motors Co.),1BC12C,2021-05-15,0.0,0.0,0.0,0.0,0.0,0.0,0.0,-3.0,0.0,4.0
GM (General Motors Co.),1BC12C,2021-05-16,0.0,0.0,0.0,0.0,0.0,0.0,0.0,-3.0,0.0,4.0
GM (General Motors Co.),1BC12C,2021-05-17,0.0,0.0,0.0,0.0,0.0,0.0,0.0,-2.0,0.0,3.0
GM (General Motors Co.),1BC12C,2021-05-18,0.0,0.0,0.0,0.0,0.0,0.0,0.0,-2.0,0.0,3.0
GM (General Motors Co.),1BC12C,2021-05-19,0.0,0.0,0.0,0.0,0.0,0.0,0.0,-2.0,0.0,3.0
GM (General Motors Co.),1BC12C,2021-05-20,0.0,0.0,0.0,0.0,0.0,0.0,0.0,-2.0,0.0,3.0
GM (General Motors Co.),1BC12C,2021-05-21,0.0,0.0,0.0,0.0,0.0,0.0,0.0,-2.0,0.0,3.0
GM (General Motors Co.),1BC12C,2021-05-22,0.0,0.0,0.0,0.0,0.0,0.0,0.0,-1.0,0.0,2.0
GM (General Motors Co.),1BC12C,2021-05-23,0.0,0.0,0.0,0.0,0.0,0.0,0.0,-1.0,0.0,2.0
GM (General Motors Co.),1BC12C,2021-05-24,0.0,0.0,0.0,0.0,0.0,0.0,0.0,-1.0,0.0,2.0
GM (General Motors Co.),1BC12C,2021-05-25,0.0,0.0,0.0,0.0,0.0,0.0,0.0,-1.0,0.0,2.0
GM (General Motors Co.),1BC12C,2021-05-26,0.0,0.0,0.0,0.0,0.0,0.0,0.0,-1.0,0.0,2.0
GM (General Motors Co.),1BC12C,2021-05-27,0.0,0.0,0.0,0.0,0.0,0.0,0.0,-1.0,0.0,2.0
GM (General Motors Co.),1BC12C,2021-05-28,0.0,0.0,0.0,0.0,0.0,0.0,0.0,-1.0,0.0,2.0
GM (General Motors Co.),1BC12C,2021-05-29,0.0,0.0,0.0,0.0,0.0,0.0,0.0,-1.0,0.0,2.0
GM (General Motors Co.),1BC12C,2021-05-30,0.0,0.0,0.0,0.0,0.0,0.0,0.0,-1.0,0.0,2.0
GM (General Motors Co.),1BC12C,2021-05-31,0.0,0.0,0.0,0.0,0.0,0.0,0.0,-1.0,0.0,2.0
GM (General Motors Co.),1BC12C,2021-06-01,0.0,0.0,0.0,0.0,0.0,0.0,0.0,-1.0,0.0,2.0
GM (General Motors Co.),1BC12C,2021-06-02,0.0,0.0,0.0,0.0,0.0,0.0,0.0,-1.0,0.0,2.0
GM (General Motors Co.),1BC12C,2021-06-03,-1.0,0.0,1.0,0.0,0.0,1.0,-1.0,-2.0,1.0,3.0
GM (General Motors Co.),1BC12C,2021-06-04,0.0,0.0,0.0,0.0,0.0,0.0,-1.0,-1.0,1.0,1.0
GM (General Motors Co.),1BC12C,2021-06-05,0.0,0.0,0.0,0.0,0.0,0.0,-1.0,-1.0,1.0,1.0
GM (General Motors Co.),1BC12C,2021-06-06,0.0,0.0,0.0,0.0,0.0,0.0,-1.0,-1.0,1.0,1.0
GM (General Motors Co.),1BC12C,2021-06-07,0.0,0.0,0.0,0.0,0.0,0.0,-1.0,-1.0,1.0,1.0
GM (General Motors Co.),1BC12C,2021-06-08,0.0,0.0,0.0,0.0,0.0,0.0,-1.0,-1.0,1.0,1.0
GM (General Motors Co.),1BC12C,2021-06-09,0.0,0.0,0.0,0.0,0.0,0.0,-1.0,-1.0,1.0,1.0
GM (General Motors Co.),1BC12C,2021-06-10,-1.0,0.0,1.0,0.0,0.0,1.0,-1.0,-2.0,1.0,2.0
GM (General Motors Co.),1BC12C,2021-06-11,0.0,0.0,0.0,0.0,0.0,0.0,-1.0,-2.0,1.0,2.0
GM (General Motors Co.),1BC12C,2021-06-12,0.0,0.0,0.0,0.0,0.0,0.0,-1.0,-2.0,1.0,2.0
GM (General Motors Co.),1BC12C,2021-06-13,0.0,0.0,0.0,0.0,0.0,0.0,-1.0,-2.0,1.0,2.0
GM (General Motors Co.),1BC12C,2021-06-14,0.0,0.0,0.0,0.0,0.0,0.0,-1.0,-2.0,1.0,2.0
GM (General Motors Co.),1BC12C,2021-06-15,0.0,0.0,0.0,0.0,0.0,0.0,-1.0,-2.0,1.0,2.0
GM (General Motors Co.),1BC12C,2021-06-16,-1.0,0.0,1.0,0.0,0.0,1.0,-2.0,-3.0,2.0,3.0
GM (General Motors Co.),1BC12C,2021-06-17,-1.0,0.0,2.0,0.0,0.0,2.0,-2.0,-4.0,3.0,5.0
GM (General Motors Co.),1BC12C,2021-06-18,0.0,0.0,0.0,0.0,0.0,0.0,-2.0,-4.0,3.0,5.0
GM (General Motors Co.),1BC12C,2021-06-19,0.0,0.0,0.0,0.0,0.0,0.0,-2.0,-4.0,3.0,5.0
GM (General Motors Co.),1BC12C,2021-06-20,0.0,0.0,0.0,0.0,0.0,0.0,-2.0,-4.0,3.0,5.0
GM (General Motors Co.),1BC12C,2021-06-21,0.0,0.0,0.0,0.0,0.0,0.0,-2.0,-4.0,3.0,5.0
GM (General Motors Co.),1BC12C,2021-06-22,0.0,0.0,0.0,0.0,0.0,0.0,-2.0,-4.0,3.0,5.0
GM (General Motors Co.),1BC12C,2021-06-23,0.0,0.0,0.0,0.0,0.0,0.0,-1.0,-4.0,2.0,5.0
GM (General Motors Co.),1BC12C,2021-06-24,0.0,0.0,0.0,0.0,0.0,0.0,0.0,-4.0,0.0,5.0
GM (General Motors Co.),1BC12C,2021-06-25,0.0,0.0,0.0,0.0,0.0,0.0,0.0,-4.0,0.0,5.0
GM (General Motors Co.),1BC12C,2021-06-26,0.0,0.0,0.0,0.0,0.0,0.0,0.0,-4.0,0.0,5.0
GM (General Motors Co.),1BC12C,2021-06-27,0.0,0.0,0.0,0.0,0.0,0.0,0.0,-4.0,0.0,5.0
GM (General Motors Co.),1BC12C,2021-06-28,0.0,0.0,0.0,0.0,0.0,0.0,0.0,-4.0,0.0,5.0
GM (General Motors Co.),1BC12C,2021-06-29,0.0,0.0,0.0,0.0,0.0,0.0,0.0,-4.0,0.0,5.0
GM (General Motors Co.),1BC12C,2021-06-30,-1.0,0.0,1.0,0.0,0.0,1.0,-1.0,-5.0,1.0,6.0
GSI Technology Inc.,7DC1C4,2021-05-18,-1.0,0.0,1.0,0.0,0.0,1.0,-1.0,-1.0,1.0,1.0
GSI Technology Inc.,7DC1C4,2021-05-19,0.0,0.0,0.0,0.0,0.0,0.0,-1.0,-1.0,1.0,1.0
GSI Technology Inc.,7DC1C4,2021-05-20,0.0,0.0,0.0,0.0,0.0,0.0,-1.0,-1.0,1.0,1.0
GSI Technology Inc.,7DC1C4,2021-05-21,0.0,0.0,0.0,0.0,0.0,0.0,-1.0,-1.0,1.0,1.0
GSI Technology Inc.,7DC1C4,2021-05-22,0.0,0.0,0.0,0.0,0.0,0.0,-1.0,-1.0,1.0,1.0
GSI Technology Inc.,7DC1C4,2021-05-23,0.0,0.0,0.0,0.0,0.0,0.0,-1.0,-1.0,1.0,1.0
GSI Technology Inc.,7DC1C4,2021-05-24,0.0,0.0,0.0,0.0,0.0,0.0,-1.0,-1.0,1.0,1.0
GSI Technology Inc.,7DC1C4,2021-05-25,0.0,0.0,0.0,0.0,0.0,0.0,0.0,-1.0,0.0,1.0
GSI Technology Inc.,7DC1C4,2021-05-26,0.0,0.0,0.0,0.0,0.0,0.0,0.0,-1.0,0.0,1.0
GSI Technology Inc.,7DC1C4,2021-05-27,0.0,0.0,0.0,0.0,0.0,0.0,0.0,-1.0,0.0,1.0
GSI Technology Inc.,7DC1C4,2021-05-28,0.0,0.0,0.0,0.0,0.0,0.0,0.0,-1.0,0.0,1.0
GSI Technology Inc.,7DC1C4,2021-05-29,0.0,0.0,0.0,0.0,0.0,0.0,0.0,-1.0,0.0,1.0
GSI Technology Inc.,7DC1C4,2021-05-30,0.0,0.0,0.0,0.0,0.0,0.0,0.0,-1.0,0.0,1.0
GSI Technology Inc.,7DC1C4,2021-05-31,0.0,0.0,0.0,0.0,0.0,0.0,0.0,-1.0,0.0,1.0
GSI Technology Inc.,7DC1C4,2021-06-01,0.0,0.0,0.0,0.0,0.0,0.0,0.0,-1.0,0.0,1.0
GSI Technology Inc.,7DC1C4,2021-06-02,0.0,0.0,0.0,0.0,0.0,0.0,0.0,-1.0,0.0,1.0
GSI Technology Inc.,7DC1C4,2021-06-03,0.0,0.0,0.0,0.0,0.0,0.0,0.0,-1.0,0.0,1.0
GSI Technology Inc.,7DC1C4,2021-06-04,-1.0,0.0,1.0,0.0,0.0,1.0,-1.0,-2.0,1.0,2.0
GameStop Corp.,D42DBA,2021-03-26,-1.0,0.0,1.0,0.0,0.0,1.0,-1.0,-1.0,1.0,1.0
GameStop Corp.,D42DBA,2021-03-27,0.0,0.0,0.0,0.0,0.0,0.0,-1.0,-1.0,1.0,1.0
GameStop Corp.,D42DBA,2021-03-28,0.0,0.0,0.0,0.0,0.0,0.0,-1.0,-1.0,1.0,1.0
GameStop Corp.,D42DBA,2021-03-29,0.0,0.0,0.0,0.0,0.0,0.0,-1.0,-1.0,1.0,1.0
GameStop Corp.,D42DBA,2021-03-30,0.0,0.0,0.0,0.0,0.0,0.0,-1.0,-1.0,1.0,1.0
GameStop Corp.,D42DBA,2021-03-31,0.0,0.0,0.0,0.0,0.0,0.0,-1.0,-1.0,1.0,1.0
GameStop Corp.,D42DBA,2021-04-01,0.0,0.0,0.0,0.0,0.0,0.0,-1.0,-1.0,1.0,1.0
GameStop Corp.,D42DBA,2021-04-02,0.0,0.0,0.0,0.0,0.0,0.0,0.0,-1.0,0.0,1.0
GameStop Corp.,D42DBA,2021-04-03,0.0,0.0,0.0,0.0,0.0,0.0,0.0,-1.0,0.0,1.0
GameStop Corp.,D42DBA,2021-04-04,0.0,0.0,0.0,0.0,0.0,0.0,0.0,-1.0,0.0,1.0
GameStop Corp.,D42DBA,2021-04-05,0.0,0.0,0.0,0.0,0.0,0.0,0.0,-1.0,0.0,1.0
GameStop Corp.,D42DBA,2021-04-06,0.0,0.0,0.0,0.0,0.0,0.0,0.0,-1.0,0.0,1.0
GameStop Corp.,D42DBA,2021-04-07,0.0,0.0,0.0,0.0,0.0,0.0,0.0,-1.0,0.0,1.0
GameStop Corp.,D42DBA,2021-04-08,0.0,0.0,0.0,0.0,0.0,0.0,0.0,-1.0,0.0,1.0
GameStop Corp.,D42DBA,2021-04-09,0.0,0.0,0.0,0.0,0.0,0.0,0.0,-1.0,0.0,1.0
GameStop Corp.,D42DBA,2021-04-10,0.0,0.0,0.0,0.0,0.0,0.0,0.0,-1.0,0.0,1.0
GameStop Corp.,D42DBA,2021-04-11,0.0,0.0,0.0,0.0,0.0,0.0,0.0,-1.0,0.0,1.0
GameStop Corp.,D42DBA,2021-04-12,0.0,0.0,0.0,0.0,0.0,0.0,0.0,-1.0,0.0,1.0
GameStop Corp.,D42DBA,2021-04-13,0.0,0.0,0.0,0.0,0.0,0.0,0.0,-1.0,0.0,1.0
GameStop Corp.,D42DBA,2021-04-14,0.0,0.0,0.0,0.0,0.0,0.0,0.0,-1.0,0.0,1.0
GameStop Corp.,D42DBA,2021-04-15,0.0,0.0,0.0,0.0,0.0,0.0,0.0,-1.0,0.0,1.0
GameStop Corp.,D42DBA,2021-04-16,0.0,0.0,0.0,0.0,0.0,0.0,0.0,-1.0,0.0,1.0
GameStop Corp.,D42DBA,2021-04-17,0.0,0.0,0.0,0.0,0.0,0.0,0.0,-1.0,0.0,1.0
GameStop Corp.,D42DBA,2021-04-18,0.0,0.0,0.0,0.0,0.0,0.0,0.0,-1.0,0.0,1.0
GameStop Corp.,D42DBA,2021-04-19,0.0,0.0,0.0,0.0,0.0,0.0,0.0,-1.0,0.0,1.0
GameStop Corp.,D42DBA,2021-04-20,0.0,0.0,0.0,0.0,0.0,0.0,0.0,-1.0,0.0,1.0
GameStop Corp.,D42DBA,2021-04-21,0.0,0.0,0.0,0.0,0.0,0.0,0.0,-1.0,0.0,1.0
GameStop Corp.,D42DBA,2021-04-22,0.0,0.0,0.0,0.0,0.0,0.0,0.0,-1.0,0.0,1.0
GameStop Corp.,D42DBA,2021-04-23,0.0,0.0,0.0,0.0,0.0,0.0,0.0,-1.0,0.0,1.0
GameStop Corp.,D42DBA,2021-04-24,0.0,0.0,0.0,0.0,0.0,0.0,0.0,-1.0,0.0,1.0
GameStop Corp.,D42DBA,2021-06-14,-1.0,0.0,1.0,0.0,0.0,1.0,-1.0,-1.0,1.0,1.0
Garmin Ltd.,D21EF3,2021-02-17,-1.0,0.0,1.0,0.0,0.0,1.0,-1.0,-1.0,1.0,1.0
Garrett Motion Inc.,04B630,2021-04-29,-1.0,0.0,1.0,0.0,0.0,1.0,-1.0,-1.0,1.0,1.0
Gartner Inc.,F57F6F,2021-05-11,-1.0,0.0,1.0,0.0,0.0,1.0,-1.0,-1.0,1.0,1.0
Gartner Inc.,F57F6F,2021-05-12,0.0,0.0,0.0,0.0,0.0,0.0,-1.0,-1.0,1.0,1.0
Gartner Inc.,F57F6F,2021-05-13,0.0,0.0,0.0,0.0,0.0,0.0,-1.0,-1.0,1.0,1.0
Gartner Inc.,F57F6F,2021-05-14,0.0,0.0,0.0,0.0,0.0,0.0,-1.0,-1.0,1.0,1.0
Gartner Inc.,F57F6F,2021-05-15,0.0,0.0,0.0,0.0,0.0,0.0,-1.0,-1.0,1.0,1.0
Gartner Inc.,F57F6F,2021-05-16,0.0,0.0,0.0,0.0,0.0,0.0,-1.0,-1.0,1.0,1.0
Gartner Inc.,F57F6F,2021-05-17,0.0,0.0,0.0,0.0,0.0,0.0,-1.0,-1.0,1.0,1.0
Gartner Inc.,F57F6F,2021-05-18,-1.0,0.0,1.0,0.0,0.0,1.0,-1.0,-2.0,1.0,2.0
Gartner Inc.,F57F6F,2021-05-19,0.0,0.0,0.0,0.0,0.0,0.0,-1.0,-2.0,1.0,2.0
Gartner Inc.,F57F6F,2021-05-20,0.0,0.0,0.0,0.0,0.0,0.0,-1.0,-2.0,1.0,2.0
Gartner Inc.,F57F6F,2021-05-21,0.0,0.0,0.0,0.0,0.0,0.0,-1.0,-2.0,1.0,2.0
Gartner Inc.,F57F6F,2021-05-22,0.0,0.0,0.0,0.0,0.0,0.0,-1.0,-2.0,1.0,2.0
Gartner Inc.,F57F6F,2021-05-23,0.0,0.0,0.0,0.0,0.0,0.0,-1.0,-2.0,1.0,2.0
Gartner Inc.,F57F6F,2021-05-24,0.0,0.0,0.0,0.0,0.0,0.0,-1.0,-2.0,1.0,2.0
Gartner Inc.,F57F6F,2021-05-25,0.0,0.0,0.0,0.0,0.0,0.0,0.0,-2.0,0.0,2.0
Gartner Inc.,F57F6F,2021-05-26,0.0,0.0,0.0,0.0,0.0,0.0,0.0,-2.0,0.0,2.0
Gartner Inc.,F57F6F,2021-05-27,0.0,0.0,0.0,0.0,0.0,0.0,0.0,-2.0,0.0,2.0
Gartner Inc.,F57F6F,2021-05-28,0.0,0.0,0.0,0.0,0.0,0.0,0.0,-2.0,0.0,2.0
Gartner Inc.,F57F6F,2021-05-29,0.0,0.0,0.0,0.0,0.0,0.0,0.0,-2.0,0.0,2.0
Gartner Inc.,F57F6F,2021-05-30,0.0,0.0,0.0,0.0,0.0,0.0,0.0,-2.0,0.0,2.0
Gartner Inc.,F57F6F,2021-05-31,0.0,0.0,0.0,0.0,0.0,0.0,0.0,-2.0,0.0,2.0
Gartner Inc.,F57F6F,2021-06-01,0.0,0.0,0.0,0.0,0.0,0.0,0.0,-2.0,0.0,2.0
Gartner Inc.,F57F6F,2021-06-02,0.0,0.0,0.0,0.0,0.0,0.0,0.0,-2.0,0.0,2.0
Gartner Inc.,F57F6F,2021-06-03,0.0,0.0,0.0,0.0,0.0,0.0,0.0,-2.0,0.0,2.0
Gartner Inc.,F57F6F,2021-06-04,0.0,0.0,0.0,0.0,0.0,0.0,0.0,-2.0,0.0,2.0
Gartner Inc.,F57F6F,2021-06-05,0.0,0.0,0.0,0.0,0.0,0.0,0.0,-2.0,0.0,2.0
Gartner Inc.,F57F6F,2021-06-06,0.0,0.0,0.0,0.0,0.0,0.0,0.0,-2.0,0.0,2.0
Gartner Inc.,F57F6F,2021-06-07,0.0,0.0,0.0,0.0,0.0,0.0,0.0,-2.0,0.0,2.0
Gartner Inc.,F57F6F,2021-06-08,0.0,0.0,0.0,0.0,0.0,0.0,0.0,-2.0,0.0,2.0
Gartner Inc.,F57F6F,2021-06-09,0.0,0.0,0.0,0.0,0.0,0.0,0.0,-2.0,0.0,2.0
Gartner Inc.,F57F6F,2021-06-10,0.0,0.0,0.0,0.0,0.0,0.0,0.0,-1.0,0.0,1.0
Gartner Inc.,F57F6F,2021-06-11,0.0,0.0,0.0,0.0,0.0,0.0,0.0,-1.0,0.0,1.0
Gartner Inc.,F57F6F,2021-06-12,-1.0,0.0,1.0,0.0,0.0,1.0,-1.0,-2.0,1.0,2.0
Gates Industrial Corp. PLC,2D8972,2021-02-10,-1.0,0.0,1.0,0.0,0.0,1.0,-1.0,-1.0,1.0,1.0
Gates Industrial Corp. PLC,2D8972,2021-02-11,0.0,0.0,0.0,0.0,0.0,0.0,-1.0,-1.0,1.0,1.0
Gates Industrial Corp. PLC,2D8972,2021-02-12,0.0,0.0,0.0,0.0,0.0,0.0,-1.0,-1.0,1.0,1.0
Gates Industrial Corp. PLC,2D8972,2021-02-13,0.0,0.0,0.0,0.0,0.0,0.0,-1.0,-1.0,1.0,1.0
Gates Industrial Corp. PLC,2D8972,2021-02-14,0.0,0.0,0.0,0.0,0.0,0.0,-1.0,-1.0,1.0,1.0
Gates Industrial Corp. PLC,2D8972,2021-02-15,0.0,0.0,0.0,0.0,0.0,0.0,-1.0,-1.0,1.0,1.0
Gates Industrial Corp. PLC,2D8972,2021-02-16,0.0,0.0,0.0,0.0,0.0,0.0,-1.0,-1.0,1.0,1.0
Gates Industrial Corp. PLC,2D8972,2021-02-17,0.0,0.0,0.0,0.0,0.0,0.0,0.0,-1.0,0.0,1.0
Gates Industrial Corp. PLC,2D8972,2021-02-18,0.0,0.0,0.0,0.0,0.0,0.0,0.0,-1.0,0.0,1.0
Gates Industrial Corp. PLC,2D8972,2021-02-19,0.0,0.0,0.0,0.0,0.0,0.0,0.0,-1.0,0.0,1.0
Gates Industrial Corp. PLC,2D8972,2021-02-20,0.0,0.0,0.0,0.0,0.0,0.0,0.0,-1.0,0.0,1.0
Gates Industrial Corp. PLC,2D8972,2021-02-21,0.0,0.0,0.0,0.0,0.0,0.0,0.0,-1.0,0.0,1.0
Gates Industrial Corp. PLC,2D8972,2021-02-22,0.0,0.0,0.0,0.0,0.0,0.0,0.0,-1.0,0.0,1.0
Gates Industrial Corp. PLC,2D8972,2021-02-23,0.0,0.0,0.0,0.0,0.0,0.0,0.0,-1.0,0.0,1.0
Gates Industrial Corp. PLC,2D8972,2021-02-24,0.0,0.0,0.0,0.0,0.0,0.0,0.0,-1.0,0.0,1.0
Gates Industrial Corp. PLC,2D8972,2021-02-25,0.0,0.0,0.0,0.0,0.0,0.0,0.0,-1.0,0.0,1.0
Gates Industrial Corp. PLC,2D8972,2021-02-26,0.0,0.0,0.0,0.0,0.0,0.0,0.0,-1.0,0.0,1.0
Gates Industrial Corp. PLC,2D8972,2021-02-27,0.0,0.0,0.0,0.0,0.0,0.0,0.0,-1.0,0.0,1.0
Gates Industrial Corp. PLC,2D8972,2021-02-28,0.0,0.0,0.0,0.0,0.0,0.0,0.0,-1.0,0.0,1.0
Gates Industrial Corp. PLC,2D8972,2021-03-01,0.0,0.0,0.0,0.0,0.0,0.0,0.0,-1.0,0.0,1.0
Gates Industrial Corp. PLC,2D8972,2021-03-02,0.0,0.0,0.0,0.0,0.0,0.0,0.0,-1.0,0.0,1.0
Gates Industrial Corp. PLC,2D8972,2021-03-03,0.0,0.0,0.0,0.0,0.0,0.0,0.0,-1.0,0.0,1.0
Gates Industrial Corp. PLC,2D8972,2021-03-04,0.0,0.0,0.0,0.0,0.0,0.0,0.0,-1.0,0.0,1.0
Gates Industrial Corp. PLC,2D8972,2021-03-05,0.0,0.0,0.0,0.0,0.0,0.0,0.0,-1.0,0.0,1.0
Gates Industrial Corp. PLC,2D8972,2021-03-06,0.0,0.0,0.0,0.0,0.0,0.0,0.0,-1.0,0.0,1.0
Gates Industrial Corp. PLC,2D8972,2021-03-07,0.0,0.0,0.0,0.0,0.0,0.0,0.0,-1.0,0.0,1.0
Gates Industrial Corp. PLC,2D8972,2021-03-08,0.0,0.0,0.0,0.0,0.0,0.0,0.0,-1.0,0.0,1.0
Gates Industrial Corp. PLC,2D8972,2021-03-09,0.0,0.0,0.0,0.0,0.0,0.0,0.0,-1.0,0.0,1.0
Gates Industrial Corp. PLC,2D8972,2021-03-10,0.0,0.0,0.0,0.0,0.0,0.0,0.0,-1.0,0.0,1.0
Gates Industrial Corp. PLC,2D8972,2021-03-11,0.0,0.0,0.0,0.0,0.0,0.0,0.0,-1.0,0.0,1.0
Gates Industrial Corp. PLC,2D8972,2021-05-10,-1.0,0.0,1.0,0.0,0.0,1.0,-1.0,-1.0,1.0,1.0
Gentex Corp.,CC339B,2021-01-29,-1.0,0.0,1.0,0.0,0.0,1.0,-1.0,-1.0,1.0,1.0
GlobalFoundries Inc.,SUZM4J,2021-06-01,-1.0,0.0,1.0,0.0,0.0,1.0,-1.0,-1.0,1.0,1.0
GlobalFoundries Inc.,SUZM4J,2021-06-02,0.0,0.0,0.0,0.0,0.0,0.0,-1.0,-1.0,1.0,1.0
GlobalFoundries Inc.,SUZM4J,2021-06-03,0.0,0.0,0.0,0.0,0.0,0.0,-1.0,-1.0,1.0,1.0
GlobalFoundries Inc.,SUZM4J,2021-06-04,0.0,0.0,0.0,0.0,0.0,0.0,-1.0,-1.0,1.0,1.0
GlobalFoundries Inc.,SUZM4J,2021-06-05,0.0,0.0,0.0,0.0,0.0,0.0,-1.0,-1.0,1.0,1.0
GlobalFoundries Inc.,SUZM4J,2021-06-06,0.0,0.0,0.0,0.0,0.0,0.0,-1.0,-1.0,1.0,1.0
GlobalFoundries Inc.,SUZM4J,2021-06-07,0.0,0.0,0.0,0.0,0.0,0.0,-1.0,-1.0,1.0,1.0
GlobalFoundries Inc.,SUZM4J,2021-06-08,0.0,0.0,0.0,0.0,0.0,0.0,0.0,-1.0,0.0,1.0
GlobalFoundries Inc.,SUZM4J,2021-06-09,0.0,0.0,0.0,0.0,0.0,0.0,0.0,-1.0,0.0,1.0
GlobalFoundries Inc.,SUZM4J,2021-06-10,0.0,0.0,0.0,0.0,0.0,0.0,0.0,-1.0,0.0,1.0
GlobalFoundries Inc.,SUZM4J,2021-06-11,0.0,0.0,0.0,0.0,0.0,0.0,0.0,-1.0,0.0,1.0
GlobalFoundries Inc.,SUZM4J,2021-06-12,0.0,0.0,0.0,0.0,0.0,0.0,0.0,-1.0,0.0,1.0
GlobalFoundries Inc.,SUZM4J,2021-06-13,0.0,0.0,0.0,0.0,0.0,0.0,0.0,-1.0,0.0,1.0
GlobalFoundries Inc.,SUZM4J,2021-06-14,0.0,0.0,0.0,0.0,0.0,0.0,0.0,-1.0,0.0,1.0
GlobalFoundries Inc.,SUZM4J,2021-06-15,0.0,0.0,0.0,0.0,0.0,0.0,0.0,-1.0,0.0,1.0
GlobalFoundries Inc.,SUZM4J,2021-06-16,0.0,0.0,0.0,0.0,0.0,0.0,0.0,-1.0,0.0,1.0
GlobalFoundries Inc.,SUZM4J,2021-06-17,0.0,0.0,0.0,0.0,0.0,0.0,0.0,-1.0,0.0,1.0
GlobalFoundries Inc.,SUZM4J,2021-06-18,0.0,0.0,0.0,0.0,0.0,0.0,0.0,-1.0,0.0,1.0
GlobalFoundries Inc.,SUZM4J,2021-06-19,0.0,0.0,0.0,0.0,0.0,0.0,0.0,-1.0,0.0,1.0
GlobalFoundries Inc.,SUZM4J,2021-06-20,0.0,0.0,0.0,0.0,0.0,0.0,0.0,-1.0,0.0,1.0
GlobalFoundries Inc.,SUZM4J,2021-06-21,0.0,0.0,0.0,0.0,0.0,0.0,0.0,-1.0,0.0,1.0
GlobalFoundries Inc.,SUZM4J,2021-06-22,0.0,0.0,0.0,0.0,0.0,0.0,0.0,-1.0,0.0,1.0
GlobalFoundries Inc.,SUZM4J,2021-06-23,0.0,0.0,0.0,0.0,0.0,0.0,0.0,-1.0,0.0,1.0
GlobalFoundries Inc.,SUZM4J,2021-06-24,0.0,0.0,0.0,0.0,0.0,0.0,0.0,-1.0,0.0,1.0
GlobalFoundries Inc.,SUZM4J,2021-06-25,0.0,0.0,0.0,0.0,0.0,0.0,0.0,-1.0,0.0,1.0
GlobalFoundries Inc.,SUZM4J,2021-06-26,0.0,0.0,0.0,0.0,0.0,0.0,0.0,-1.0,0.0,1.0
GlobalFoundries Inc.,SUZM4J,2021-06-27,0.0,0.0,0.0,0.0,0.0,0.0,0.0,-1.0,0.0,1.0
GlobalFoundries Inc.,SUZM4J,2021-06-28,-1.0,0.0,3.0,0.0,0.0,3.0,-1.0,-2.0,3.0,4.0
Gogo Inc.,6634D9,2021-03-11,-1.0,0.0,1.0,0.0,0.0,1.0,-1.0,-1.0,1.0,1.0
Gogo Inc.,6634D9,2021-03-12,0.0,0.0,0.0,0.0,0.0,0.0,-1.0,-1.0,1.0,1.0
Gogo Inc.,6634D9,2021-03-13,0.0,0.0,0.0,0.0,0.0,0.0,-1.0,-1.0,1.0,1.0
Gogo Inc.,6634D9,2021-03-14,0.0,0.0,0.0,0.0,0.0,0.0,-1.0,-1.0,1.0,1.0
Gogo Inc.,6634D9,2021-03-15,0.0,0.0,0.0,0.0,0.0,0.0,-1.0,-1.0,1.0,1.0
Gogo Inc.,6634D9,2021-03-16,0.0,0.0,0.0,0.0,0.0,0.0,-1.0,-1.0,1.0,1.0
Gogo Inc.,6634D9,2021-03-17,0.0,0.0,0.0,0.0,0.0,0.0,-1.0,-1.0,1.0,1.0
Gogo Inc.,6634D9,2021-03-18,0.0,0.0,0.0,0.0,0.0,0.0,0.0,-1.0,0.0,1.0
Gogo Inc.,6634D9,2021-03-19,0.0,0.0,0.0,0.0,0.0,0.0,0.0,-1.0,0.0,1.0
Gogo Inc.,6634D9,2021-03-20,0.0,0.0,0.0,0.0,0.0,0.0,0.0,-1.0,0.0,1.0
Gogo Inc.,6634D9,2021-03-21,0.0,0.0,0.0,0.0,0.0,0.0,0.0,-1.0,0.0,1.0
Gogo Inc.,6634D9,2021-03-22,0.0,0.0,0.0,0.0,0.0,0.0,0.0,-1.0,0.0,1.0
Gogo Inc.,6634D9,2021-03-23,0.0,0.0,0.0,0.0,0.0,0.0,0.0,-1.0,0.0,1.0
Gogo Inc.,6634D9,2021-03-24,0.0,0.0,0.0,0.0,0.0,0.0,0.0,-1.0,0.0,1.0
Gogo Inc.,6634D9,2021-03-25,0.0,0.0,0.0,0.0,0.0,0.0,0.0,-1.0,0.0,1.0
Gogo Inc.,6634D9,2021-03-26,0.0,0.0,0.0,0.0,0.0,0.0,0.0,-1.0,0.0,1.0
Gogo Inc.,6634D9,2021-03-27,0.0,0.0,0.0,0.0,0.0,0.0,0.0,-1.0,0.0,1.0
Gogo Inc.,6634D9,2021-03-28,0.0,0.0,0.0,0.0,0.0,0.0,0.0,-1.0,0.0,1.0
Gogo Inc.,6634D9,2021-03-29,0.0,0.0,0.0,0.0,0.0,0.0,0.0,-1.0,0.0,1.0
Gogo Inc.,6634D9,2021-03-30,0.0,0.0,0.0,0.0,0.0,0.0,0.0,-1.0,0.0,1.0
Gogo Inc.,6634D9,2021-03-31,0.0,0.0,0.0,0.0,0.0,0.0,0.0,-1.0,0.0,1.0
Gogo Inc.,6634D9,2021-04-01,0.0,0.0,0.0,0.0,0.0,0.0,0.0,-1.0,0.0,1.0
Gogo Inc.,6634D9,2021-04-02,0.0,0.0,0.0,0.0,0.0,0.0,0.0,-1.0,0.0,1.0
Gogo Inc.,6634D9,2021-04-03,0.0,0.0,0.0,0.0,0.0,0.0,0.0,-1.0,0.0,1.0
Gogo Inc.,6634D9,2021-04-04,0.0,0.0,0.0,0.0,0.0,0.0,0.0,-1.0,0.0,1.0
Gogo Inc.,6634D9,2021-04-05,0.0,0.0,0.0,0.0,0.0,0.0,0.0,-1.0,0.0,1.0
Gogo Inc.,6634D9,2021-04-06,0.0,0.0,0.0,0.0,0.0,0.0,0.0,-1.0,0.0,1.0
Gogo Inc.,6634D9,2021-04-07,0.0,0.0,0.0,0.0,0.0,0.0,0.0,-1.0,0.0,1.0
Gogo Inc.,6634D9,2021-04-08,0.0,0.0,0.0,0.0,0.0,0.0,0.0,-1.0,0.0,1.0
Gogo Inc.,6634D9,2021-04-09,0.0,0.0,0.0,0.0,0.0,0.0,0.0,-1.0,0.0,1.0
Gogo Inc.,6634D9,2021-05-06,-1.0,0.0,1.0,0.0,0.0,1.0,-1.0,-1.0,1.0,1.0
Goldman Sachs Group Inc.,50070E,2021-05-06,-1.0,0.0,1.0,0.0,0.0,1.0,-1.0,-1.0,1.0,1.0
Goldman Sachs Group Inc.,50070E,2021-05-07,0.0,0.0,0.0,0.0,0.0,0.0,-1.0,-1.0,1.0,1.0
Goldman Sachs Group Inc.,50070E,2021-05-08,0.0,0.0,0.0,0.0,0.0,0.0,-1.0,-1.0,1.0,1.0
Goldman Sachs Group Inc.,50070E,2021-05-09,0.0,0.0,0.0,0.0,0.0,0.0,-1.0,-1.0,1.0,1.0
Goldman Sachs Group Inc.,50070E,2021-05-10,0.0,0.0,0.0,0.0,0.0,0.0,-1.0,-1.0,1.0,1.0
Goldman Sachs Group Inc.,50070E,2021-05-11,0.0,0.0,0.0,0.0,0.0,0.0,-1.0,-1.0,1.0,1.0
Goldman Sachs Group Inc.,50070E,2021-05-12,0.0,0.0,0.0,0.0,0.0,0.0,-1.0,-1.0,1.0,1.0
Goldman Sachs Group Inc.,50070E,2021-05-13,0.0,0.0,0.0,0.0,0.0,0.0,0.0,-1.0,0.0,1.0
Goldman Sachs Group Inc.,50070E,2021-05-14,0.0,0.0,0.0,0.0,0.0,0.0,0.0,-1.0,0.0,1.0
Goldman Sachs Group Inc.,50070E,2021-05-15,0.0,0.0,0.0,0.0,0.0,0.0,0.0,-1.0,0.0,1.0
Goldman Sachs Group Inc.,50070E,2021-05-16,0.0,0.0,0.0,0.0,0.0,0.0,0.0,-1.0,0.0,1.0
Goldman Sachs Group Inc.,50070E,2021-05-17,0.0,0.0,0.0,0.0,0.0,0.0,0.0,-1.0,0.0,1.0
Goldman Sachs Group Inc.,50070E,2021-05-18,0.0,0.0,0.0,0.0,0.0,0.0,0.0,-1.0,0.0,1.0
Goldman Sachs Group Inc.,50070E,2021-05-19,0.0,0.0,0.0,0.0,0.0,0.0,0.0,-1.0,0.0,1.0
Goldman Sachs Group Inc.,50070E,2021-05-20,0.0,0.0,0.0,0.0,0.0,0.0,0.0,-1.0,0.0,1.0
Goldman Sachs Group Inc.,50070E,2021-05-21,0.0,0.0,0.0,0.0,0.0,0.0,0.0,-1.0,0.0,1.0
Goldman Sachs Group Inc.,50070E,2021-05-22,0.0,0.0,0.0,0.0,0.0,0.0,0.0,-1.0,0.0,1.0
Goldman Sachs Group Inc.,50070E,2021-05-23,0.0,0.0,0.0,0.0,0.0,0.0,0.0,-1.0,0.0,1.0
Goldman Sachs Group Inc.,50070E,2021-05-24,0.0,0.0,0.0,0.0,0.0,0.0,0.0,-1.0,0.0,1.0
Goldman Sachs Group Inc.,50070E,2021-05-25,0.0,0.0,0.0,0.0,0.0,0.0,0.0,-1.0,0.0,1.0
Goldman Sachs Group Inc.,50070E,2021-05-26,0.0,0.0,0.0,0.0,0.0,0.0,0.0,-1.0,0.0,1.0
Goldman Sachs Group Inc.,50070E,2021-05-27,0.0,0.0,0.0,0.0,0.0,0.0,0.0,-1.0,0.0,1.0
Goldman Sachs Group Inc.,50070E,2021-05-28,0.0,0.0,0.0,0.0,0.0,0.0,0.0,-1.0,0.0,1.0
Goldman Sachs Group Inc.,50070E,2021-05-29,0.0,0.0,0.0,0.0,0.0,0.0,0.0,-1.0,0.0,1.0
Goldman Sachs Group Inc.,50070E,2021-05-30,0.0,0.0,0.0,0.0,0.0,0.0,0.0,-1.0,0.0,1.0
Goldman Sachs Group Inc.,50070E,2021-05-31,0.0,0.0,0.0,0.0,0.0,0.0,0.0,-1.0,0.0,1.0
Goldman Sachs Group Inc.,50070E,2021-06-01,0.0,0.0,0.0,0.0,0.0,0.0,0.0,-1.0,0.0,1.0
Goldman Sachs Group Inc.,50070E,2021-06-02,0.0,0.0,0.0,0.0,0.0,0.0,0.0,-1.0,0.0,1.0
Goldman Sachs Group Inc.,50070E,2021-06-03,0.0,0.0,0.0,0.0,0.0,0.0,0.0,-1.0,0.0,1.0
Goldman Sachs Group Inc.,50070E,2021-06-04,0.0,0.0,0.0,0.0,0.0,0.0,0.0,-1.0,0.0,1.0
Goldman Sachs Group Inc.,50070E,2021-06-29,-1.0,0.0,1.0,0.0,0.0,1.0,-1.0,-1.0,1.0,1.0
Gray Media Inc.,382EAE,2021-02-25,-1.0,0.0,1.0,0.0,0.0,1.0,-1.0,-1.0,1.0,1.0
Greif Inc.,AECCA9,2021-02-25,0.0,0.0,0.0,1.0,0.0,1.0,0.0,0.0,1.0,1.0
H.B. Fuller Co.,4B49CF,2021-01-26,-1.0,0.0,1.0,0.0,0.0,1.0,-1.0,-1.0,1.0,1.0
HP Inc.,4AC91D,2021-05-21,-1.0,0.0,1.0,0.0,0.0,1.0,-1.0,-1.0,1.0,1.0
HP Inc.,4AC91D,2021-05-22,0.0,0.0,0.0,0.0,0.0,0.0,-1.0,-1.0,1.0,1.0
HP Inc.,4AC91D,2021-05-23,0.0,0.0,0.0,0.0,0.0,0.0,-1.0,-1.0,1.0,1.0
HP Inc.,4AC91D,2021-05-24,0.0,0.0,0.0,0.0,0.0,0.0,-1.0,-1.0,1.0,1.0
HP Inc.,4AC91D,2021-05-25,0.0,0.0,0.0,0.0,0.0,0.0,-1.0,-1.0,1.0,1.0
HP Inc.,4AC91D,2021-05-26,0.0,0.0,0.0,0.0,0.0,0.0,-1.0,-1.0,1.0,1.0
HP Inc.,4AC91D,2021-05-27,0.0,0.0,0.0,0.0,0.0,0.0,-1.0,-1.0,1.0,1.0
HP Inc.,4AC91D,2021-05-28,0.0,0.0,0.0,0.0,0.0,0.0,0.0,-1.0,0.0,1.0
HP Inc.,4AC91D,2021-05-29,0.0,0.0,0.0,0.0,0.0,0.0,0.0,-1.0,0.0,1.0
HP Inc.,4AC91D,2021-05-30,0.0,0.0,0.0,0.0,0.0,0.0,0.0,-1.0,0.0,1.0
HP Inc.,4AC91D,2021-05-31,0.0,0.0,0.0,0.0,0.0,0.0,0.0,-1.0,0.0,1.0
HP Inc.,4AC91D,2021-06-01,0.0,0.0,0.0,0.0,0.0,0.0,0.0,-1.0,0.0,1.0
HP Inc.,4AC91D,2021-06-02,0.0,0.0,0.0,0.0,0.0,0.0,0.0,-1.0,0.0,1.0
HP Inc.,4AC91D,2021-06-03,0.0,0.0,0.0,0.0,0.0,0.0,0.0,-1.0,0.0,1.0
HP Inc.,4AC91D,2021-06-04,0.0,0.0,0.0,0.0,0.0,0.0,0.0,-1.0,0.0,1.0
HP Inc.,4AC91D,2021-06-05,0.0,0.0,0.0,0.0,0.0,0.0,0.0,-1.0,0.0,1.0
HP Inc.,4AC91D,2021-06-06,0.0,0.0,0.0,0.0,0.0,0.0,0.0,-1.0,0.0,1.0
HP Inc.,4AC91D,2021-06-07,0.0,0.0,0.0,0.0,0.0,0.0,0.0,-1.0,0.0,1.0
HP Inc.,4AC91D,2021-06-08,0.0,0.0,0.0,0.0,0.0,0.0,0.0,-1.0,0.0,1.0
HP Inc.,4AC91D,2021-06-09,0.0,0.0,0.0,0.0,0.0,0.0,0.0,-1.0,0.0,1.0
HP Inc.,4AC91D,2021-06-10,0.0,0.0,0.0,0.0,0.0,0.0,0.0,-1.0,0.0,1.0
HP Inc.,4AC91D,2021-06-11,0.0,0.0,0.0,0.0,0.0,0.0,0.0,-1.0,0.0,1.0
HP Inc.,4AC91D,2021-06-12,0.0,0.0,0.0,0.0,0.0,0.0,0.0,-1.0,0.0,1.0
HP Inc.,4AC91D,2021-06-13,0.0,0.0,0.0,0.0,0.0,0.0,0.0,-1.0,0.0,1.0
HP Inc.,4AC91D,2021-06-14,0.0,0.0,0.0,0.0,0.0,0.0,0.0,-1.0,0.0,1.0
HP Inc.,4AC91D,2021-06-15,0.0,0.0,0.0,0.0,0.0,0.0,0.0,-1.0,0.0,1.0
HP Inc.,4AC91D,2021-06-16,0.0,0.0,0.0,0.0,0.0,0.0,0.0,-1.0,0.0,1.0
HP Inc.,4AC91D,2021-06-17,0.0,0.0,0.0,0.0,0.0,0.0,0.0,-1.0,0.0,1.0
HP Inc.,4AC91D,2021-06-18,0.0,0.0,0.0,0.0,0.0,0.0,0.0,-1.0,0.0,1.0
HP Inc.,4AC91D,2021-06-19,0.0,0.0,0.0,0.0,0.0,0.0,0.0,-1.0,0.0,1.0
HP Inc.,4AC91D,2021-06-22,-1.0,0.0,3.0,0.0,0.0,3.0,-1.0,-1.0,3.0,3.0
Henry Schein Inc.,A7102F,2021-05-04,-1.0,0.0,1.0,0.0,0.0,1.0,-1.0,-1.0,1.0,1.0
Hertz Global Holdings Inc.,7F6F0B,2021-06-22,1.0,1.0,0.0,0.0,0.0,1.0,1.0,1.0,1.0,1.0
Hewlett Packard Enterprise Co.,DBB28E,2021-01-28,-1.0,0.0,1.0,0.0,0.0,1.0,-1.0,-1.0,1.0,1.0
Hewlett Packard Enterprise Co.,DBB28E,2021-01-29,0.0,0.0,0.0,0.0,0.0,0.0,-1.0,-1.0,1.0,1.0
Hewlett Packard Enterprise Co.,DBB28E,2021-01-30,0.0,0.0,0.0,0.0,0.0,0.0,-1.0,-1.0,1.0,1.0
Hewlett Packard Enterprise Co.,DBB28E,2021-01-31,0.0,0.0,0.0,0.0,0.0,0.0,-1.0,-1.0,1.0,1.0
Hewlett Packard Enterprise Co.,DBB28E,2021-02-01,0.0,0.0,0.0,0.0,0.0,0.0,-1.0,-1.0,1.0,1.0
Hewlett Packard Enterprise Co.,DBB28E,2021-02-02,0.0,0.0,0.0,0.0,0.0,0.0,-1.0,-1.0,1.0,1.0
Hewlett Packard Enterprise Co.,DBB28E,2021-02-03,0.0,0.0,0.0,0.0,0.0,0.0,-1.0,-1.0,1.0,1.0
Hewlett Packard Enterprise Co.,DBB28E,2021-02-04,0.0,0.0,0.0,0.0,0.0,0.0,0.0,-1.0,0.0,1.0
Hewlett Packard Enterprise Co.,DBB28E,2021-02-05,0.0,0.0,0.0,0.0,0.0,0.0,0.0,-1.0,0.0,1.0
Hewlett Packard Enterprise Co.,DBB28E,2021-02-06,0.0,0.0,0.0,0.0,0.0,0.0,0.0,-1.0,0.0,1.0
Hewlett Packard Enterprise Co.,DBB28E,2021-02-07,0.0,0.0,0.0,0.0,0.0,0.0,0.0,-1.0,0.0,1.0
Hewlett Packard Enterprise Co.,DBB28E,2021-02-08,0.0,0.0,0.0,0.0,0.0,0.0,0.0,-1.0,0.0,1.0
Hewlett Packard Enterprise Co.,DBB28E,2021-02-09,0.0,0.0,0.0,0.0,0.0,0.0,0.0,-1.0,0.0,1.0
Hewlett Packard Enterprise Co.,DBB28E,2021-02-10,0.0,0.0,0.0,0.0,0.0,0.0,0.0,-1.0,0.0,1.0
Hewlett Packard Enterprise Co.,DBB28E,2021-02-11,0.0,0.0,0.0,0.0,0.0,0.0,0.0,-1.0,0.0,1.0
Hewlett Packard Enterprise Co.,DBB28E,2021-02-12,0.0,0.0,0.0,0.0,0.0,0.0,0.0,-1.0,0.0,1.0
Hewlett Packard Enterprise Co.,DBB28E,2021-02-13,0.0,0.0,0.0,0.0,0.0,0.0,0.0,-1.0,0.0,1.0
Hewlett Packard Enterprise Co.,DBB28E,2021-02-14,0.0,0.0,0.0,0.0,0.0,0.0,0.0,-1.0,0.0,1.0
Hewlett Packard Enterprise Co.,DBB28E,2021-02-15,0.0,0.0,0.0,0.0,0.0,0.0,0.0,-1.0,0.0,1.0
Hewlett Packard Enterprise Co.,DBB28E,2021-02-16,0.0,0.0,0.0,0.0,0.0,0.0,0.0,-1.0,0.0,1.0
Hewlett Packard Enterprise Co.,DBB28E,2021-02-17,0.0,0.0,0.0,0.0,0.0,0.0,0.0,-1.0,0.0,1.0
Hewlett Packard Enterprise Co.,DBB28E,2021-02-18,0.0,0.0,0.0,0.0,0.0,0.0,0.0,-1.0,0.0,1.0
Hewlett Packard Enterprise Co.,DBB28E,2021-02-19,0.0,0.0,0.0,0.0,0.0,0.0,0.0,-1.0,0.0,1.0
Hewlett Packard Enterprise Co.,DBB28E,2021-02-20,0.0,0.0,0.0,0.0,0.0,0.0,0.0,-1.0,0.0,1.0
Hewlett Packard Enterprise Co.,DBB28E,2021-02-21,0.0,0.0,0.0,0.0,0.0,0.0,0.0,-1.0,0.0,1.0
Hewlett Packard Enterprise Co.,DBB28E,2021-02-22,0.0,0.0,0.0,0.0,0.0,0.0,0.0,-1.0,0.0,1.0
Hewlett Packard Enterprise Co.,DBB28E,2021-02-23,0.0,0.0,0.0,0.0,0.0,0.0,0.0,-1.0,0.0,1.0
Hewlett Packard Enterprise Co.,DBB28E,2021-02-24,0.0,0.0,0.0,0.0,0.0,0.0,0.0,-1.0,0.0,1.0
Hewlett Packard Enterprise Co.,DBB28E,2021-02-25,0.0,0.0,0.0,0.0,0.0,0.0,0.0,-1.0,0.0,1.0
Hewlett Packard Enterprise Co.,DBB28E,2021-02-26,0.0,0.0,0.0,0.0,0.0,0.0,0.0,-1.0,0.0,1.0
Hewlett Packard Enterprise Co.,DBB28E,2021-05-25,0.0,0.0,0.0,1.0,0.0,1.0,0.0,0.0,1.0,1.0
Himax Technologies Inc.,A56293,2021-02-04,0.6,4.0,1.0,0.0,0.0,5.0,0.6,0.6,5.0,5.0
Himax Technologies Inc.,A56293,2021-02-05,0.0,0.0,0.0,0.0,0.0,0.0,0.6,0.6,5.0,5.0
Himax Technologies Inc.,A56293,2021-02-06,0.0,0.0,0.0,0.0,0.0,0.0,0.6,0.6,5.0,5.0
Himax Technologies Inc.,A56293,2021-02-07,0.0,0.0,0.0,0.0,0.0,0.0,0.6,0.6,5.0,5.0
Himax Technologies Inc.,A56293,2021-02-08,0.0,0.0,0.0,0.0,0.0,0.0,0.6,0.6,5.0,5.0
Himax Technologies Inc.,A56293,2021-02-09,0.0,0.0,0.0,0.0,0.0,0.0,0.6,0.6,5.0,5.0
Himax Technologies Inc.,A56293,2021-02-10,0.0,0.0,0.0,0.0,0.0,0.0,0.6,0.6,5.0,5.0
Himax Technologies Inc.,A56293,2021-02-11,0.0,0.0,0.0,0.0,0.0,0.0,0.0,0.6,0.0,5.0
Himax Technologies Inc.,A56293,2021-02-12,0.0,0.0,0.0,0.0,0.0,0.0,0.0,0.6,0.0,5.0
Himax Technologies Inc.,A56293,2021-02-13,0.0,0.0,0.0,0.0,0.0,0.0,0.0,0.6,0.0,5.0
Himax Technologies Inc.,A56293,2021-02-14,0.0,0.0,0.0,0.0,0.0,0.0,0.0,0.6,0.0,5.0
Himax Technologies Inc.,A56293,2021-02-15,0.0,0.0,0.0,0.0,0.0,0.0,0.0,0.6,0.0,5.0
Himax Technologies Inc.,A56293,2021-02-16,0.0,0.0,0.0,0.0,0.0,0.0,0.0,0.6,0.0,5.0
Himax Technologies Inc.,A56293,2021-02-17,0.0,0.0,0.0,0.0,0.0,0.0,0.0,0.6,0.0,5.0
Himax Technologies Inc.,A56293,2021-02-18,0.0,0.0,0.0,0.0,0.0,0.0,0.0,0.6,0.0,5.0
Himax Technologies Inc.,A56293,2021-02-19,0.0,0.0,0.0,0.0,0.0,0.0,0.0,0.6,0.0,5.0
Himax Technologies Inc.,A56293,2021-02-20,0.0,0.0,0.0,0.0,0.0,0.0,0.0,0.6,0.0,5.0
Himax Technologies Inc.,A56293,2021-02-21,0.0,0.0,0.0,0.0,0.0,0.0,0.0,0.6,0.0,5.0
Himax Technologies Inc.,A56293,2021-02-22,0.0,0.0,0.0,0.0,0.0,0.0,0.0,0.6,0.0,5.0
Himax Technologies Inc.,A56293,2021-02-23,0.0,0.0,0.0,0.0,0.0,0.0,0.0,0.6,0.0,5.0
Himax Technologies Inc.,A56293,2021-02-24,0.0,0.0,0.0,0.0,0.0,0.0,0.0,0.6,0.0,5.0
Himax Technologies Inc.,A56293,2021-02-25,0.0,0.0,0.0,0.0,0.0,0.0,0.0,0.6,0.0,5.0
Himax Technologies Inc.,A56293,2021-02-26,0.0,0.0,0.0,0.0,0.0,0.0,0.0,0.6,0.0,5.0
Himax Technologies Inc.,A56293,2021-02-27,0.0,0.0,0.0,0.0,0.0,0.0,0.0,0.6,0.0,5.0
Himax Technologies Inc.,A56293,2021-02-28,0.0,0.0,0.0,0.0,0.0,0.0,0.0,0.6,0.0,5.0
Himax Technologies Inc.,A56293,2021-03-01,0.0,0.0,0.0,0.0,0.0,0.0,0.0,0.6,0.0,5.0
Himax Technologies Inc.,A56293,2021-03-02,0.0,0.0,0.0,0.0,0.0,0.0,0.0,0.6,0.0,5.0
Himax Technologies Inc.,A56293,2021-03-03,0.0,0.0,0.0,0.0,0.0,0.0,0.0,0.6,0.0,5.0
Himax Technologies Inc.,A56293,2021-03-04,0.0,0.0,0.0,0.0,0.0,0.0,0.0,0.6,0.0,5.0
Himax Technologies Inc.,A56293,2021-03-05,0.0,0.0,0.0,0.0,0.0,0.0,0.0,0.6,0.0,5.0
Himax Technologies Inc.,A56293,2021-05-06,-1.0,0.0,2.0,0.0,0.0,2.0,-1.0,-1.0,2.0,2.0
Honda Motor Co. Ltd.,ECDC73,2021-01-08,-1.0,0.0,1.0,0.0,0.0,1.0,-1.0,-1.0,1.0,1.0
Honda Motor Co. Ltd.,ECDC73,2021-01-09,0.0,0.0,0.0,0.0,0.0,0.0,-1.0,-1.0,1.0,1.0
Honda Motor Co. Ltd.,ECDC73,2021-01-10,0.0,0.0,0.0,0.0,0.0,0.0,-1.0,-1.0,1.0,1.0
Honda Motor Co. Ltd.,ECDC73,2021-01-11,0.0,0.0,0.0,0.0,0.0,0.0,-1.0,-1.0,1.0,1.0
Honda Motor Co. Ltd.,ECDC73,2021-01-12,-1.0,0.0,1.0,0.0,0.0,1.0,-2.0,-2.0,2.0,2.0
Honda Motor Co. Ltd.,ECDC73,2021-01-13,-1.0,0.0,1.0,0.0,0.0,1.0,-3.0,-3.0,3.0,3.0
Honda Motor Co. Ltd.,ECDC73,2021-01-14,-1.0,0.0,1.0,0.0,0.0,1.0,-4.0,-4.0,4.0,4.0
Honda Motor Co. Ltd.,ECDC73,2021-01-15,0.0,0.0,0.0,0.0,0.0,0.0,-3.0,-4.0,3.0,4.0
Honda Motor Co. Ltd.,ECDC73,2021-01-16,0.0,0.0,0.0,0.0,0.0,0.0,-3.0,-4.0,3.0,4.0
Honda Motor Co. Ltd.,ECDC73,2021-01-17,0.0,0.0,0.0,0.0,0.0,0.0,-3.0,-4.0,3.0,4.0
Honda Motor Co. Ltd.,ECDC73,2021-01-18,0.0,0.0,0.0,0.0,0.0,0.0,-3.0,-4.0,3.0,4.0
Honda Motor Co. Ltd.,ECDC73,2021-01-19,0.0,0.0,0.0,0.0,0.0,0.0,-2.0,-4.0,2.0,4.0
Honda Motor Co. Ltd.,ECDC73,2021-01-20,0.0,0.0,0.0,0.0,0.0,0.0,-1.0,-4.0,1.0,4.0
Honda Motor Co. Ltd.,ECDC73,2021-01-21,0.0,0.0,0.0,0.0,0.0,0.0,0.0,-4.0,0.0,4.0
Honda Motor Co. Ltd.,ECDC73,2021-01-22,0.0,0.0,0.0,0.0,0.0,0.0,0.0,-4.0,0.0,4.0
Honda Motor Co. Ltd.,ECDC73,2021-01-23,0.0,0.0,0.0,0.0,0.0,0.0,0.0,-4.0,0.0,4.0
Honda Motor Co. Ltd.,ECDC73,2021-01-24,0.0,0.0,0.0,0.0,0.0,0.0,0.0,-4.0,0.0,4.0
Honda Motor Co. Ltd.,ECDC73,2021-01-25,-1.0,0.0,1.0,0.0,0.0,1.0,-1.0,-5.0,1.0,5.0
Honda Motor Co. Ltd.,ECDC73,2021-01-26,0.0,0.0,0.0,0.0,0.0,0.0,-1.0,-5.0,1.0,5.0
Honda Motor Co. Ltd.,ECDC73,2021-01-27,-1.0,0.0,1.0,0.0,0.0,1.0,-2.0,-6.0,2.0,6.0
Honda Motor Co. Ltd.,ECDC73,2021-01-28,0.0,0.0,0.0,0.0,0.0,0.0,-2.0,-6.0,2.0,6.0
Honda Motor Co. Ltd.,ECDC73,2021-01-29,0.0,0.0,0.0,0.0,0.0,0.0,-2.0,-6.0,2.0,6.0
Honda Motor Co. Ltd.,ECDC73,2021-01-30,0.0,0.0,0.0,0.0,0.0,0.0,-2.0,-6.0,2.0,6.0
Honda Motor Co. Ltd.,ECDC73,2021-01-31,0.0,0.0,0.0,0.0,0.0,0.0,-2.0,-6.0,2.0,6.0
Honda Motor Co. Ltd.,ECDC73,2021-02-01,0.0,0.0,0.0,0.0,0.0,0.0,-1.0,-6.0,1.0,6.0
Honda Motor Co. Ltd.,ECDC73,2021-02-02,0.0,0.0,0.0,0.0,0.0,0.0,-1.0,-6.0,1.0,6.0
Honda Motor Co. Ltd.,ECDC73,2021-02-03,0.0,0.0,0.0,0.0,0.0,0.0,0.0,-6.0,0.0,6.0
Honda Motor Co. Ltd.,ECDC73,2021-02-04,0.0,0.0,0.0,0.0,0.0,0.0,0.0,-6.0,0.0,6.0
Honda Motor Co. Ltd.,ECDC73,2021-02-05,0.0,0.0,0.0,0.0,0.0,0.0,0.0,-6.0,0.0,6.0
Honda Motor Co. Ltd.,ECDC73,2021-02-06,0.0,0.0,0.0,0.0,0.0,0.0,0.0,-6.0,0.0,6.0
Honda Motor Co. Ltd.,ECDC73,2021-02-07,0.0,0.0,0.0,0.0,0.0,0.0,0.0,-5.0,0.0,5.0
Honda Motor Co. Ltd.,ECDC73,2021-02-08,0.0,0.0,0.0,0.0,0.0,0.0,0.0,-5.0,0.0,5.0
Honda Motor Co. Ltd.,ECDC73,2021-02-09,0.0,0.0,0.0,0.0,0.0,0.0,0.0,-5.0,0.0,5.0
Honda Motor Co. Ltd.,ECDC73,2021-02-10,-1.0,0.0,1.0,0.0,0.0,1.0,-1.0,-6.0,1.0,6.0
Honda Motor Co. Ltd.,ECDC73,2021-02-11,0.0,0.0,0.0,0.0,0.0,0.0,-1.0,-5.0,1.0,5.0
Honda Motor Co. Ltd.,ECDC73,2021-02-12,0.0,0.0,0.0,0.0,0.0,0.0,-1.0,-4.0,1.0,4.0
Honda Motor Co. Ltd.,ECDC73,2021-02-13,0.0,0.0,0.0,0.0,0.0,0.0,-1.0,-3.0,1.0,3.0
Honda Motor Co. Ltd.,ECDC73,2021-02-14,0.0,0.0,0.0,0.0,0.0,0.0,-1.0,-3.0,1.0,3.0
Honda Motor Co. Ltd.,ECDC73,2021-02-15,0.0,0.0,0.0,0.0,0.0,0.0,-1.0,-3.0,1.0,3.0
Honda Motor Co. Ltd.,ECDC73,2021-02-16,0.0,0.0,0.0,0.0,0.0,0.0,-1.0,-3.0,1.0,3.0
Honda Motor Co. Ltd.,ECDC73,2021-02-17,0.0,0.0,0.0,0.0,0.0,0.0,0.0,-3.0,0.0,3.0
Honda Motor Co. Ltd.,ECDC73,2021-02-18,0.0,0.0,0.0,0.0,0.0,0.0,0.0,-3.0,0.0,3.0
Honda Motor Co. Ltd.,ECDC73,2021-02-19,0.0,0.0,0.0,0.0,0.0,0.0,0.0,-3.0,0.0,3.0
Honda Motor Co. Ltd.,ECDC73,2021-02-20,0.0,0.0,0.0,0.0,0.0,0.0,0.0,-3.0,0.0,3.0
Honda Motor Co. Ltd.,ECDC73,2021-02-21,0.0,0.0,0.0,0.0,0.0,0.0,0.0,-3.0,0.0,3.0
Honda Motor Co. Ltd.,ECDC73,2021-02-22,0.0,0.0,0.0,0.0,0.0,0.0,0.0,-3.0,0.0,3.0
Honda Motor Co. Ltd.,ECDC73,2021-02-23,0.0,0.0,0.0,0.0,0.0,0.0,0.0,-3.0,0.0,3.0
Honda Motor Co. Ltd.,ECDC73,2021-02-24,0.0,0.0,0.0,0.0,0.0,0.0,0.0,-2.0,0.0,2.0
Honda Motor Co. Ltd.,ECDC73,2021-02-25,0.0,0.0,0.0,0.0,0.0,0.0,0.0,-2.0,0.0,2.0
Honda Motor Co. Ltd.,ECDC73,2021-02-26,0.0,0.0,0.0,0.0,0.0,0.0,0.0,-1.0,0.0,1.0
Honda Motor Co. Ltd.,ECDC73,2021-02-27,0.0,0.0,0.0,0.0,0.0,0.0,0.0,-1.0,0.0,1.0
Honda Motor Co. Ltd.,ECDC73,2021-02-28,0.0,0.0,0.0,0.0,0.0,0.0,0.0,-1.0,0.0,1.0
Honda Motor Co. Ltd.,ECDC73,2021-03-01,0.0,0.0,0.0,0.0,0.0,0.0,0.0,-1.0,0.0,1.0
Honda Motor Co. Ltd.,ECDC73,2021-03-02,0.0,0.0,0.0,0.0,0.0,0.0,0.0,-1.0,0.0,1.0
Honda Motor Co. Ltd.,ECDC73,2021-03-03,0.0,0.0,0.0,0.0,0.0,0.0,0.0,-1.0,0.0,1.0
Honda Motor Co. Ltd.,ECDC73,2021-03-04,0.0,0.0,0.0,0.0,0.0,0.0,0.0,-1.0,0.0,1.0
Honda Motor Co. Ltd.,ECDC73,2021-03-05,0.0,0.0,0.0,0.0,0.0,0.0,0.0,-1.0,0.0,1.0
Honda Motor Co. Ltd.,ECDC73,2021-03-06,0.0,0.0,0.0,0.0,0.0,0.0,0.0,-1.0,0.0,1.0
Honda Motor Co. Ltd.,ECDC73,2021-03-07,0.0,0.0,0.0,0.0,0.0,0.0,0.0,-1.0,0.0,1.0
Honda Motor Co. Ltd.,ECDC73,2021-03-08,0.0,0.0,0.0,0.0,0.0,0.0,0.0,-1.0,0.0,1.0
Honda Motor Co. Ltd.,ECDC73,2021-03-09,0.0,0.0,0.0,0.0,0.0,0.0,0.0,-1.0,0.0,1.0
Honda Motor Co. Ltd.,ECDC73,2021-03-10,0.0,0.0,0.0,0.0,0.0,0.0,0.0,-1.0,0.0,1.0
Honda Motor Co. Ltd.,ECDC73,2021-03-11,0.0,0.0,0.0,0.0,0.0,0.0,0.0,-1.0,0.0,1.0
Honda Motor Co. Ltd.,ECDC73,2021-03-17,-1.0,0.0,1.0,0.0,0.0,1.0,-1.0,-1.0,1.0,1.0
Honda Motor Co. Ltd.,ECDC73,2021-03-18,0.0,0.0,0.0,0.0,0.0,0.0,-1.0,-1.0,1.0,1.0
Honda Motor Co. Ltd.,ECDC73,2021-03-19,-1.0,0.0,1.0,0.0,0.0,1.0,-2.0,-2.0,2.0,2.0
Honda Motor Co. Ltd.,ECDC73,2021-03-20,0.0,0.0,0.0,0.0,0.0,0.0,-2.0,-2.0,2.0,2.0
Honda Motor Co. Ltd.,ECDC73,2021-03-21,0.0,0.0,0.0,0.0,0.0,0.0,-2.0,-2.0,2.0,2.0
Honda Motor Co. Ltd.,ECDC73,2021-03-22,0.0,0.0,0.0,0.0,0.0,0.0,-2.0,-2.0,2.0,2.0
Honda Motor Co. Ltd.,ECDC73,2021-03-23,0.0,0.0,0.0,0.0,0.0,0.0,-2.0,-2.0,2.0,2.0
Honda Motor Co. Ltd.,ECDC73,2021-03-24,0.0,0.0,0.0,0.0,0.0,0.0,-1.0,-2.0,1.0,2.0
Honda Motor Co. Ltd.,ECDC73,2021-03-25,0.0,0.0,0.0,0.0,0.0,0.0,-1.0,-2.0,1.0,2.0
Honda Motor Co. Ltd.,ECDC73,2021-03-26,-1.0,0.0,1.0,0.0,0.0,1.0,-1.0,-3.0,1.0,3.0
Honda Motor Co. Ltd.,ECDC73,2021-03-27,0.0,0.0,0.0,0.0,0.0,0.0,-1.0,-3.0,1.0,3.0
Honda Motor Co. Ltd.,ECDC73,2021-03-28,0.0,0.0,0.0,0.0,0.0,0.0,-1.0,-3.0,1.0,3.0
Honda Motor Co. Ltd.,ECDC73,2021-03-29,0.0,0.0,0.0,0.0,0.0,0.0,-1.0,-3.0,1.0,3.0
Honda Motor Co. Ltd.,ECDC73,2021-03-30,0.0,0.0,0.0,0.0,0.0,0.0,-1.0,-3.0,1.0,3.0
Honda Motor Co. Ltd.,ECDC73,2021-03-31,-1.0,0.0,1.0,0.0,0.0,1.0,-2.0,-4.0,2.0,4.0
Honda Motor Co. Ltd.,ECDC73,2021-04-01,0.0,0.0,0.0,0.0,0.0,0.0,-2.0,-4.0,2.0,4.0
Honda Motor Co. Ltd.,ECDC73,2021-04-02,0.0,0.0,0.0,0.0,0.0,0.0,-1.0,-4.0,1.0,4.0
Honda Motor Co. Ltd.,ECDC73,2021-04-03,0.0,0.0,0.0,0.0,0.0,0.0,-1.0,-4.0,1.0,4.0
Honda Motor Co. Ltd.,ECDC73,2021-04-04,0.0,0.0,0.0,0.0,0.0,0.0,-1.0,-4.0,1.0,4.0
Honda Motor Co. Ltd.,ECDC73,2021-04-05,0.0,0.0,0.0,0.0,0.0,0.0,-1.0,-4.0,1.0,4.0
Honda Motor Co. Ltd.,ECDC73,2021-04-06,0.0,0.0,0.0,0.0,0.0,0.0,-1.0,-4.0,1.0,4.0
Honda Motor Co. Ltd.,ECDC73,2021-04-07,0.0,0.0,0.0,0.0,0.0,0.0,0.0,-4.0,0.0,4.0
Honda Motor Co. Ltd.,ECDC73,2021-04-08,0.0,0.0,0.0,0.0,0.0,0.0,0.0,-4.0,0.0,4.0
Honda Motor Co. Ltd.,ECDC73,2021-04-09,0.0,0.0,0.0,0.0,0.0,0.0,0.0,-4.0,0.0,4.0
Honda Motor Co. Ltd.,ECDC73,2021-04-10,0.0,0.0,0.0,0.0,0.0,0.0,0.0,-4.0,0.0,4.0
Honda Motor Co. Ltd.,ECDC73,2021-04-11,0.0,0.0,0.0,0.0,0.0,0.0,0.0,-4.0,0.0,4.0
Honda Motor Co. Ltd.,ECDC73,2021-04-12,0.0,0.0,0.0,0.0,0.0,0.0,0.0,-4.0,0.0,4.0
Honda Motor Co. Ltd.,ECDC73,2021-04-13,0.0,0.0,0.0,0.0,0.0,0.0,0.0,-4.0,0.0,4.0
Honda Motor Co. Ltd.,ECDC73,2021-04-14,-1.0,0.0,1.0,0.0,0.0,1.0,-1.0,-5.0,1.0,5.0
Honda Motor Co. Ltd.,ECDC73,2021-04-15,0.0,0.0,0.0,0.0,0.0,0.0,-1.0,-5.0,1.0,5.0
Honda Motor Co. Ltd.,ECDC73,2021-04-16,0.0,0.0,0.0,0.0,0.0,0.0,-1.0,-4.0,1.0,4.0
Honda Motor Co. Ltd.,ECDC73,2021-04-17,0.0,0.0,0.0,0.0,0.0,0.0,-1.0,-4.0,1.0,4.0
Honda Motor Co. Ltd.,ECDC73,2021-04-18,0.0,0.0,0.0,0.0,0.0,0.0,-1.0,-3.0,1.0,3.0
Honda Motor Co. Ltd.,ECDC73,2021-04-19,0.0,0.0,0.0,0.0,0.0,0.0,-1.0,-3.0,1.0,3.0
Honda Motor Co. Ltd.,ECDC73,2021-04-20,0.0,0.0,0.0,0.0,0.0,0.0,-1.0,-3.0,1.0,3.0
Honda Motor Co. Ltd.,ECDC73,2021-04-21,0.0,0.0,0.0,0.0,0.0,0.0,0.0,-3.0,0.0,3.0
Honda Motor Co. Ltd.,ECDC73,2021-04-22,0.0,0.0,0.0,0.0,0.0,0.0,0.0,-3.0,0.0,3.0
Honda Motor Co. Ltd.,ECDC73,2021-04-23,0.0,0.0,0.0,0.0,0.0,0.0,0.0,-3.0,0.0,3.0
Honda Motor Co. Ltd.,ECDC73,2021-04-24,0.0,0.0,0.0,0.0,0.0,0.0,0.0,-3.0,0.0,3.0
Honda Motor Co. Ltd.,ECDC73,2021-04-25,0.0,0.0,0.0,0.0,0.0,0.0,0.0,-2.0,0.0,2.0
Honda Motor Co. Ltd.,ECDC73,2021-04-26,0.0,0.0,0.0,0.0,0.0,0.0,0.0,-2.0,0.0,2.0
Honda Motor Co. Ltd.,ECDC73,2021-04-27,0.0,0.0,0.0,0.0,0.0,0.0,0.0,-2.0,0.0,2.0
Honda Motor Co. Ltd.,ECDC73,2021-04-28,0.0,0.0,0.0,0.0,0.0,0.0,0.0,-2.0,0.0,2.0
Honda Motor Co. Ltd.,ECDC73,2021-04-29,0.0,0.0,0.0,0.0,0.0,0.0,0.0,-2.0,0.0,2.0
Honda Motor Co. Ltd.,ECDC73,2021-04-30,0.0,0.0,0.0,0.0,0.0,0.0,0.0,-1.0,0.0,1.0
Honda Motor Co. Ltd.,ECDC73,2021-05-01,0.0,0.0,0.0,0.0,0.0,0.0,0.0,-1.0,0.0,1.0
Honda Motor Co. Ltd.,ECDC73,2021-05-02,0.0,0.0,0.0,0.0,0.0,0.0,0.0,-1.0,0.0,1.0
Honda Motor Co. Ltd.,ECDC73,2021-05-03,0.0,0.0,0.0,0.0,0.0,0.0,0.0,-1.0,0.0,1.0
Honda Motor Co. Ltd.,ECDC73,2021-05-04,0.0,0.0,0.0,0.0,0.0,0.0,0.0,-1.0,0.0,1.0
Honda Motor Co. Ltd.,ECDC73,2021-05-05,0.0,0.0,0.0,0.0,0.0,0.0,0.0,-1.0,0.0,1.0
Honda Motor Co. Ltd.,ECDC73,2021-05-06,0.0,0.0,0.0,0.0,0.0,0.0,0.0,-1.0,0.0,1.0
Honda Motor Co. Ltd.,ECDC73,2021-05-07,0.0,0.0,0.0,0.0,0.0,0.0,0.0,-1.0,0.0,1.0
Honda Motor Co. Ltd.,ECDC73,2021-05-08,0.0,0.0,0.0,0.0,0.0,0.0,0.0,-1.0,0.0,1.0
Honda Motor Co. Ltd.,ECDC73,2021-05-09,0.0,0.0,0.0,0.0,0.0,0.0,0.0,-1.0,0.0,1.0
Honda Motor Co. Ltd.,ECDC73,2021-05-10,0.0,0.0,0.0,0.0,0.0,0.0,0.0,-1.0,0.0,1.0
Honda Motor Co. Ltd.,ECDC73,2021-05-11,0.0,0.0,0.0,0.0,0.0,0.0,0.0,-1.0,0.0,1.0
Honda Motor Co. Ltd.,ECDC73,2021-05-12,0.0,0.0,0.0,0.0,0.0,0.0,0.0,-1.0,0.0,1.0
Honda Motor Co. Ltd.,ECDC73,2021-05-13,0.0,0.0,0.0,0.0,0.0,0.0,0.0,-1.0,0.0,1.0
Honda Motor Co. Ltd.,ECDC73,2021-05-14,-1.0,0.0,1.0,0.0,0.0,1.0,-1.0,-1.0,1.0,1.0
Honda Motor Co. Ltd.,ECDC73,2021-05-15,0.0,0.0,0.0,0.0,0.0,0.0,-1.0,-1.0,1.0,1.0
Honda Motor Co. Ltd.,ECDC73,2021-05-16,0.0,0.0,0.0,0.0,0.0,0.0,-1.0,-1.0,1.0,1.0
Honda Motor Co. Ltd.,ECDC73,2021-05-17,0.0,0.0,0.0,0.0,0.0,0.0,-1.0,-1.0,1.0,1.0
Honda Motor Co. Ltd.,ECDC73,2021-05-18,0.0,0.0,0.0,0.0,0.0,0.0,-1.0,-1.0,1.0,1.0
Honda Motor Co. Ltd.,ECDC73,2021-05-19,0.0,0.0,0.0,0.0,0.0,0.0,-1.0,-1.0,1.0,1.0
Honda Motor Co. Ltd.,ECDC73,2021-05-20,0.0,0.0,0.0,0.0,0.0,0.0,-1.0,-1.0,1.0,1.0
Honda Motor Co. Ltd.,ECDC73,2021-05-21,0.0,0.0,0.0,0.0,0.0,0.0,0.0,-1.0,0.0,1.0
Honda Motor Co. Ltd.,ECDC73,2021-05-22,0.0,0.0,0.0,0.0,0.0,0.0,0.0,-1.0,0.0,1.0
Honda Motor Co. Ltd.,ECDC73,2021-05-23,0.0,0.0,0.0,0.0,0.0,0.0,0.0,-1.0,0.0,1.0
Honda Motor Co. Ltd.,ECDC73,2021-05-24,0.0,0.0,0.0,0.0,0.0,0.0,0.0,-1.0,0.0,1.0
Honda Motor Co. Ltd.,ECDC73,2021-05-25,0.0,0.0,0.0,0.0,0.0,0.0,0.0,-1.0,0.0,1.0
Honda Motor Co. Ltd.,ECDC73,2021-05-26,0.0,0.0,0.0,0.0,0.0,0.0,0.0,-1.0,0.0,1.0
Honda Motor Co. Ltd.,ECDC73,2021-05-27,0.0,0.0,0.0,0.0,0.0,0.0,0.0,-1.0,0.0,1.0
Honda Motor Co. Ltd.,ECDC73,2021-05-28,0.0,0.0,0.0,0.0,0.0,0.0,0.0,-1.0,0.0,1.0
Honda Motor Co. Ltd.,ECDC73,2021-05-29,0.0,0.0,0.0,0.0,0.0,0.0,0.0,-1.0,0.0,1.0
Honda Motor Co. Ltd.,ECDC73,2021-05-30,0.0,0.0,0.0,0.0,0.0,0.0,0.0,-1.0,0.0,1.0
Honda Motor Co. Ltd.,ECDC73,2021-05-31,0.0,0.0,0.0,0.0,0.0,0.0,0.0,-1.0,0.0,1.0
Honda Motor Co. Ltd.,ECDC73,2021-06-01,-1.0,0.0,1.0,0.0,0.0,1.0,-1.0,-2.0,1.0,2.0
Hyperscale Data Inc.,CDC215,2021-01-08,-1.0,0.0,1.0,0.0,0.0,1.0,-1.0,-1.0,1.0,1.0
Hyperscale Data Inc.,CDC215,2021-01-09,0.0,0.0,0.0,0.0,0.0,0.0,-1.0,-1.0,1.0,1.0
Hyperscale Data Inc.,CDC215,2021-01-10,0.0,0.0,0.0,0.0,0.0,0.0,-1.0,-1.0,1.0,1.0
Hyperscale Data Inc.,CDC215,2021-01-11,0.0,0.0,0.0,0.0,0.0,0.0,-1.0,-1.0,1.0,1.0
Hyperscale Data Inc.,CDC215,2021-01-12,0.0,0.0,0.0,0.0,0.0,0.0,-1.0,-1.0,1.0,1.0
Hyperscale Data Inc.,CDC215,2021-01-13,0.0,0.0,0.0,0.0,0.0,0.0,-1.0,-1.0,1.0,1.0
Hyperscale Data Inc.,CDC215,2021-01-14,0.0,0.0,0.0,0.0,0.0,0.0,-1.0,-1.0,1.0,1.0
Hyperscale Data Inc.,CDC215,2021-01-15,0.0,0.0,0.0,0.0,0.0,0.0,0.0,-1.0,0.0,1.0
Hyperscale Data Inc.,CDC215,2021-01-16,0.0,0.0,0.0,0.0,0.0,0.0,0.0,-1.0,0.0,1.0
Hyperscale Data Inc.,CDC215,2021-01-17,0.0,0.0,0.0,0.0,0.0,0.0,0.0,-1.0,0.0,1.0
Hyperscale Data Inc.,CDC215,2021-01-18,0.0,0.0,0.0,0.0,0.0,0.0,0.0,-1.0,0.0,1.0
Hyperscale Data Inc.,CDC215,2021-01-19,0.0,0.0,0.0,0.0,0.0,0.0,0.0,-1.0,0.0,1.0
Hyperscale Data Inc.,CDC215,2021-01-20,0.0,0.0,0.0,0.0,0.0,0.0,0.0,-1.0,0.0,1.0
Hyperscale Data Inc.,CDC215,2021-01-21,0.0,0.0,0.0,0.0,0.0,0.0,0.0,-1.0,0.0,1.0
Hyperscale Data Inc.,CDC215,2021-01-22,0.0,0.0,0.0,0.0,0.0,0.0,0.0,-1.0,0.0,1.0
Hyperscale Data Inc.,CDC215,2021-01-23,0.0,0.0,0.0,0.0,0.0,0.0,0.0,-1.0,0.0,1.0
Hyperscale Data Inc.,CDC215,2021-01-24,0.0,0.0,0.0,0.0,0.0,0.0,0.0,-1.0,0.0,1.0
Hyperscale Data Inc.,CDC215,2021-01-25,0.0,0.0,0.0,0.0,0.0,0.0,0.0,-1.0,0.0,1.0
Hyperscale Data Inc.,CDC215,2021-01-26,0.0,0.0,0.0,0.0,0.0,0.0,0.0,-1.0,0.0,1.0
Hyperscale Data Inc.,CDC215,2021-01-27,0.0,0.0,0.0,0.0,0.0,0.0,0.0,-1.0,0.0,1.0
Hyperscale Data Inc.,CDC215,2021-01-28,0.0,0.0,0.0,0.0,0.0,0.0,0.0,-1.0,0.0,1.0
Hyperscale Data Inc.,CDC215,2021-01-29,0.0,0.0,0.0,0.0,0.0,0.0,0.0,-1.0,0.0,1.0
Hyperscale Data Inc.,CDC215,2021-01-30,0.0,0.0,0.0,0.0,0.0,0.0,0.0,-1.0,0.0,1.0
Hyperscale Data Inc.,CDC215,2021-01-31,0.0,0.0,0.0,0.0,0.0,0.0,0.0,-1.0,0.0,1.0
Hyperscale Data Inc.,CDC215,2021-02-01,0.0,0.0,0.0,0.0,0.0,0.0,0.0,-1.0,0.0,1.0
Hyperscale Data Inc.,CDC215,2021-02-02,0.0,0.0,0.0,0.0,0.0,0.0,0.0,-1.0,0.0,1.0
Hyperscale Data Inc.,CDC215,2021-02-03,0.0,0.0,0.0,0.0,0.0,0.0,0.0,-1.0,0.0,1.0
Hyperscale Data Inc.,CDC215,2021-02-04,0.0,0.0,0.0,0.0,0.0,0.0,0.0,-1.0,0.0,1.0
Hyperscale Data Inc.,CDC215,2021-02-05,0.0,0.0,0.0,0.0,0.0,0.0,0.0,-1.0,0.0,1.0
Hyperscale Data Inc.,CDC215,2021-02-06,0.0,0.0,0.0,0.0,0.0,0.0,0.0,-1.0,0.0,1.0
Hyperscale Data Inc.,CDC215,2021-05-27,-1.0,0.0,2.0,0.0,0.0,2.0,-1.0,-1.0,2.0,2.0
IBM Corp.,8D4486,2021-06-17,-1.0,0.0,1.0,0.0,0.0,1.0,-1.0,-1.0,1.0,1.0
ING Groep N.V.,F837A5,2021-06-07,-1.0,0.0,1.0,0.0,0.0,1.0,-1.0,-1.0,1.0,1.0
IPG Photonics Corp.,A23747,2021-02-16,-1.0,0.0,1.0,0.0,0.0,1.0,-1.0,-1.0,1.0,1.0
Impinj Inc.,9D65C1,2021-05-19,-1.0,0.0,1.0,0.0,0.0,1.0,-1.0,-1.0,1.0,1.0
Infineon Technologies AG,EC210B,2021-01-08,0.0,0.0,0.0,1.0,0.0,1.0,0.0,0.0,1.0,1.0
Infineon Technologies AG,EC210B,2021-01-09,0.0,0.0,0.0,0.0,0.0,0.0,0.0,0.0,1.0,1.0
Infineon Technologies AG,EC210B,2021-01-10,0.0,0.0,0.0,0.0,0.0,0.0,0.0,0.0,1.0,1.0
Infineon Technologies AG,EC210B,2021-01-11,0.0,0.0,0.0,0.0,0.0,0.0,0.0,0.0,1.0,1.0
Infineon Technologies AG,EC210B,2021-01-12,-1.0,0.0,1.0,0.0,0.0,1.0,-1.0,-1.0,2.0,2.0
Infineon Technologies AG,EC210B,2021-01-13,0.0,0.0,0.0,0.0,0.0,0.0,-1.0,-1.0,2.0,2.0
Infineon Technologies AG,EC210B,2021-01-14,0.0,0.0,0.0,0.0,0.0,0.0,-1.0,-1.0,2.0,2.0
Infineon Technologies AG,EC210B,2021-01-15,0.0,0.0,0.0,0.0,0.0,0.0,-1.0,-1.0,1.0,2.0
Infineon Technologies AG,EC210B,2021-01-16,0.0,0.0,0.0,0.0,0.0,0.0,-1.0,-1.0,1.0,2.0
Infineon Technologies AG,EC210B,2021-01-17,0.0,0.0,0.0,0.0,0.0,0.0,-1.0,-1.0,1.0,2.0
Infineon Technologies AG,EC210B,2021-01-18,0.0,0.0,0.0,0.0,0.0,0.0,-1.0,-1.0,1.0,2.0
Infineon Technologies AG,EC210B,2021-01-19,0.0,0.0,0.0,0.0,0.0,0.0,0.0,-1.0,0.0,2.0
Infineon Technologies AG,EC210B,2021-01-20,0.0,0.0,0.0,0.0,0.0,0.0,0.0,-1.0,0.0,2.0
Infineon Technologies AG,EC210B,2021-01-21,0.0,0.0,0.0,0.0,0.0,0.0,0.0,-1.0,0.0,2.0
Infineon Technologies AG,EC210B,2021-01-22,0.0,0.0,0.0,0.0,0.0,0.0,0.0,-1.0,0.0,2.0
Infineon Technologies AG,EC210B,2021-01-23,0.0,0.0,0.0,0.0,0.0,0.0,0.0,-1.0,0.0,2.0
Infineon Technologies AG,EC210B,2021-01-24,0.0,0.0,0.0,0.0,0.0,0.0,0.0,-1.0,0.0,2.0
Infineon Technologies AG,EC210B,2021-01-25,0.0,0.0,0.0,0.0,0.0,0.0,0.0,-1.0,0.0,2.0
Infineon Technologies AG,EC210B,2021-01-26,0.0,0.0,0.0,0.0,0.0,0.0,0.0,-1.0,0.0,2.0
Infineon Technologies AG,EC210B,2021-01-27,0.0,0.0,0.0,0.0,0.0,0.0,0.0,-1.0,0.0,2.0
Infineon Technologies AG,EC210B,2021-01-28,0.0,0.0,0.0,0.0,0.0,0.0,0.0,-1.0,0.0,2.0
Infineon Technologies AG,EC210B,2021-01-29,0.0,0.0,0.0,0.0,0.0,0.0,0.0,-1.0,0.0,2.0
Infineon Technologies AG,EC210B,2021-01-30,0.0,0.0,0.0,0.0,0.0,0.0,0.0,-1.0,0.0,2.0
Infineon Technologies AG,EC210B,2021-01-31,0.0,0.0,0.0,0.0,0.0,0.0,0.0,-1.0,0.0,2.0
Infineon Technologies AG,EC210B,2021-02-01,0.0,0.0,0.0,0.0,0.0,0.0,0.0,-1.0,0.0,2.0
Infineon Technologies AG,EC210B,2021-02-02,0.0,0.0,0.0,0.0,0.0,0.0,0.0,-1.0,0.0,2.0
Infineon Technologies AG,EC210B,2021-02-03,0.0,0.0,0.0,0.0,0.0,0.0,0.0,-1.0,0.0,2.0
Infineon Technologies AG,EC210B,2021-02-04,1.0,2.0,0.0,0.0,0.0,2.0,1.0,0.0,2.0,4.0
Infineon Technologies AG,EC210B,2021-02-05,0.0,0.0,0.0,0.0,0.0,0.0,1.0,0.0,2.0,4.0
Infineon Technologies AG,EC210B,2021-02-06,0.0,0.0,0.0,0.0,0.0,0.0,1.0,0.0,2.0,4.0
Infineon Technologies AG,EC210B,2021-02-07,0.0,0.0,0.0,0.0,0.0,0.0,1.0,0.0,2.0,3.0
Infineon Technologies AG,EC210B,2021-02-08,0.0,0.0,0.0,0.0,0.0,0.0,1.0,0.0,2.0,3.0
Infineon Technologies AG,EC210B,2021-02-09,0.0,0.0,0.0,0.0,0.0,0.0,1.0,0.0,2.0,3.0
Infineon Technologies AG,EC210B,2021-02-10,0.0,0.0,0.0,0.0,0.0,0.0,1.0,0.0,2.0,3.0
Infineon Technologies AG,EC210B,2021-02-11,0.0,0.0,0.0,0.0,0.0,0.0,0.0,1.0,0.0,2.0
Infineon Technologies AG,EC210B,2021-02-12,0.0,0.0,0.0,0.0,0.0,0.0,0.0,1.0,0.0,2.0
Infineon Technologies AG,EC210B,2021-02-13,0.0,0.0,0.0,0.0,0.0,0.0,0.0,1.0,0.0,2.0
Infineon Technologies AG,EC210B,2021-02-14,0.0,0.0,0.0,0.0,0.0,0.0,0.0,1.0,0.0,2.0
Infineon Technologies AG,EC210B,2021-02-15,0.0,0.0,0.0,0.0,0.0,0.0,0.0,1.0,0.0,2.0
Infineon Technologies AG,EC210B,2021-02-16,0.0,0.0,0.0,0.0,0.0,0.0,0.0,1.0,0.0,2.0
Infineon Technologies AG,EC210B,2021-02-17,-1.0,0.0,1.0,0.0,0.0,1.0,-1.0,0.0,1.0,3.0
Infineon Technologies AG,EC210B,2021-02-18,0.0,0.0,0.0,0.0,0.0,0.0,-1.0,0.0,1.0,3.0
Infineon Technologies AG,EC210B,2021-02-19,-1.0,0.0,1.0,0.0,0.0,1.0,-2.0,-1.0,2.0,4.0
Infineon Technologies AG,EC210B,2021-02-20,0.0,0.0,0.0,0.0,0.0,0.0,-2.0,-1.0,2.0,4.0
Infineon Technologies AG,EC210B,2021-02-21,0.0,0.0,0.0,0.0,0.0,0.0,-2.0,-1.0,2.0,4.0
Infineon Technologies AG,EC210B,2021-02-22,0.0,0.0,0.0,0.0,0.0,0.0,-2.0,-1.0,2.0,4.0
Infineon Technologies AG,EC210B,2021-02-23,0.0,0.0,0.0,0.0,0.0,0.0,-2.0,-1.0,2.0,4.0
Infineon Technologies AG,EC210B,2021-02-24,0.0,0.0,0.0,0.0,0.0,0.0,-1.0,-1.0,1.0,4.0
Infineon Technologies AG,EC210B,2021-02-25,0.0,0.0,0.0,0.0,0.0,0.0,-1.0,-1.0,1.0,4.0
Infineon Technologies AG,EC210B,2021-02-26,0.0,0.0,0.0,0.0,0.0,0.0,0.0,-1.0,0.0,4.0
Infineon Technologies AG,EC210B,2021-02-27,0.0,0.0,0.0,0.0,0.0,0.0,0.0,-1.0,0.0,4.0
Infineon Technologies AG,EC210B,2021-02-28,0.0,0.0,0.0,0.0,0.0,0.0,0.0,-1.0,0.0,4.0
Infineon Technologies AG,EC210B,2021-03-01,0.0,0.0,0.0,0.0,0.0,0.0,0.0,-1.0,0.0,4.0
Infineon Technologies AG,EC210B,2021-03-02,0.0,0.0,0.0,0.0,0.0,0.0,0.0,-1.0,0.0,4.0
Infineon Technologies AG,EC210B,2021-03-03,0.0,0.0,0.0,0.0,0.0,0.0,0.0,-1.0,0.0,4.0
Infineon Technologies AG,EC210B,2021-03-04,0.0,0.0,0.0,0.0,0.0,0.0,0.0,-1.0,0.0,4.0
Infineon Technologies AG,EC210B,2021-03-05,0.0,0.0,0.0,0.0,0.0,0.0,0.0,-1.0,0.0,4.0
Infineon Technologies AG,EC210B,2021-03-06,0.0,0.0,0.0,0.0,0.0,0.0,0.0,-2.0,0.0,2.0
Infineon Technologies AG,EC210B,2021-03-07,0.0,0.0,0.0,0.0,0.0,0.0,0.0,-2.0,0.0,2.0
Infineon Technologies AG,EC210B,2021-03-08,0.0,0.0,0.0,0.0,0.0,0.0,0.0,-2.0,0.0,2.0
Infineon Technologies AG,EC210B,2021-03-09,0.0,0.0,0.0,0.0,0.0,0.0,0.0,-2.0,0.0,2.0
Infineon Technologies AG,EC210B,2021-03-10,0.0,0.0,0.0,0.0,0.0,0.0,0.0,-2.0,0.0,2.0
Infineon Technologies AG,EC210B,2021-03-11,-1.0,0.0,1.0,0.0,0.0,1.0,-1.0,-3.0,1.0,3.0
Infineon Technologies AG,EC210B,2021-03-12,0.0,0.0,0.0,0.0,0.0,0.0,-1.0,-3.0,1.0,3.0
Infineon Technologies AG,EC210B,2021-03-13,0.0,0.0,0.0,0.0,0.0,0.0,-1.0,-3.0,1.0,3.0
Infineon Technologies AG,EC210B,2021-03-14,0.0,0.0,0.0,0.0,0.0,0.0,-1.0,-3.0,1.0,3.0
Infineon Technologies AG,EC210B,2021-03-15,0.0,0.0,0.0,0.0,0.0,0.0,-1.0,-3.0,1.0,3.0
Infineon Technologies AG,EC210B,2021-03-16,0.0,0.0,0.0,0.0,0.0,0.0,-1.0,-3.0,1.0,3.0
Infineon Technologies AG,EC210B,2021-03-17,0.0,0.0,0.0,0.0,0.0,0.0,-1.0,-3.0,1.0,3.0
Infineon Technologies AG,EC210B,2021-03-18,0.0,0.0,0.0,0.0,0.0,0.0,0.0,-3.0,0.0,3.0
Infineon Technologies AG,EC210B,2021-03-19,0.0,0.0,0.0,0.0,0.0,0.0,0.0,-2.0,0.0,2.0
Infineon Technologies AG,EC210B,2021-03-20,0.0,0.0,0.0,0.0,0.0,0.0,0.0,-2.0,0.0,2.0
Infineon Technologies AG,EC210B,2021-03-21,0.0,0.0,0.0,0.0,0.0,0.0,0.0,-1.0,0.0,1.0
Infineon Technologies AG,EC210B,2021-03-22,0.0,0.0,0.0,0.0,0.0,0.0,0.0,-1.0,0.0,1.0
Infineon Technologies AG,EC210B,2021-03-23,0.0,0.0,0.0,0.0,0.0,0.0,0.0,-1.0,0.0,1.0
Infineon Technologies AG,EC210B,2021-03-24,0.0,0.0,0.0,0.0,0.0,0.0,0.0,-1.0,0.0,1.0
Infineon Technologies AG,EC210B,2021-03-25,0.0,0.0,0.0,0.0,0.0,0.0,0.0,-1.0,0.0,1.0
Infineon Technologies AG,EC210B,2021-03-26,-1.0,0.0,1.0,0.0,0.0,1.0,-1.0,-2.0,1.0,2.0
Infineon Technologies AG,EC210B,2021-03-27,0.0,0.0,0.0,0.0,0.0,0.0,-1.0,-2.0,1.0,2.0
Infineon Technologies AG,EC210B,2021-03-28,0.0,0.0,0.0,0.0,0.0,0.0,-1.0,-2.0,1.0,2.0
Infineon Technologies AG,EC210B,2021-03-29,0.0,0.0,0.0,0.0,0.0,0.0,-1.0,-2.0,1.0,2.0
Infineon Technologies AG,EC210B,2021-03-30,0.0,0.0,0.0,0.0,0.0,0.0,-1.0,-2.0,1.0,2.0
Infineon Technologies AG,EC210B,2021-03-31,-1.0,0.0,1.0,0.0,0.0,1.0,-2.0,-3.0,2.0,3.0
Infineon Technologies AG,EC210B,2021-04-01,0.0,0.0,0.0,0.0,0.0,0.0,-2.0,-3.0,2.0,3.0
Infineon Technologies AG,EC210B,2021-04-02,0.0,0.0,0.0,0.0,0.0,0.0,-1.0,-3.0,1.0,3.0
Infineon Technologies AG,EC210B,2021-04-03,0.0,0.0,0.0,0.0,0.0,0.0,-1.0,-3.0,1.0,3.0
Infineon Technologies AG,EC210B,2021-04-04,0.0,0.0,0.0,0.0,0.0,0.0,-1.0,-3.0,1.0,3.0
Infineon Technologies AG,EC210B,2021-04-05,0.0,0.0,0.0,0.0,0.0,0.0,-1.0,-3.0,1.0,3.0
Infineon Technologies AG,EC210B,2021-04-06,0.0,0.0,0.0,0.0,0.0,0.0,-1.0,-3.0,1.0,3.0
Infineon Technologies AG,EC210B,2021-04-07,0.0,0.0,0.0,0.0,0.0,0.0,0.0,-3.0,0.0,3.0
Infineon Technologies AG,EC210B,2021-04-08,0.0,0.0,0.0,0.0,0.0,0.0,0.0,-3.0,0.0,3.0
Infineon Technologies AG,EC210B,2021-04-09,0.0,0.0,0.0,0.0,0.0,0.0,0.0,-3.0,0.0,3.0
Infineon Technologies AG,EC210B,2021-04-10,0.0,0.0,0.0,0.0,0.0,0.0,0.0,-2.0,0.0,2.0
Infineon Technologies AG,EC210B,2021-04-11,0.0,0.0,0.0,0.0,0.0,0.0,0.0,-2.0,0.0,2.0
Infineon Technologies AG,EC210B,2021-04-12,0.0,0.0,0.0,0.0,0.0,0.0,0.0,-2.0,0.0,2.0
Infineon Technologies AG,EC210B,2021-04-13,0.0,0.0,0.0,0.0,0.0,0.0,0.0,-2.0,0.0,2.0
Infineon Technologies AG,EC210B,2021-04-14,0.0,0.0,0.0,0.0,0.0,0.0,0.0,-2.0,0.0,2.0
Infineon Technologies AG,EC210B,2021-04-15,0.0,0.0,0.0,0.0,0.0,0.0,0.0,-2.0,0.0,2.0
Infineon Technologies AG,EC210B,2021-04-16,0.0,0.0,0.0,0.0,0.0,0.0,0.0,-2.0,0.0,2.0
Infineon Technologies AG,EC210B,2021-04-17,0.0,0.0,0.0,0.0,0.0,0.0,0.0,-2.0,0.0,2.0
Infineon Technologies AG,EC210B,2021-04-18,0.0,0.0,0.0,0.0,0.0,0.0,0.0,-2.0,0.0,2.0
Infineon Technologies AG,EC210B,2021-04-19,0.0,0.0,0.0,0.0,0.0,0.0,0.0,-2.0,0.0,2.0
Infineon Technologies AG,EC210B,2021-04-20,0.0,0.0,0.0,0.0,0.0,0.0,0.0,-2.0,0.0,2.0
Infineon Technologies AG,EC210B,2021-04-21,0.0,0.0,0.0,0.0,0.0,0.0,0.0,-2.0,0.0,2.0
Infineon Technologies AG,EC210B,2021-04-22,0.0,0.0,0.0,0.0,0.0,0.0,0.0,-2.0,0.0,2.0
Infineon Technologies AG,EC210B,2021-04-23,0.0,0.0,0.0,0.0,0.0,0.0,0.0,-2.0,0.0,2.0
Infineon Technologies AG,EC210B,2021-04-24,0.0,0.0,0.0,0.0,0.0,0.0,0.0,-2.0,0.0,2.0
Infineon Technologies AG,EC210B,2021-04-25,0.0,0.0,0.0,0.0,0.0,0.0,0.0,-1.0,0.0,1.0
Infineon Technologies AG,EC210B,2021-04-26,0.0,0.0,0.0,0.0,0.0,0.0,0.0,-1.0,0.0,1.0
Infineon Technologies AG,EC210B,2021-04-27,0.0,0.0,0.0,0.0,0.0,0.0,0.0,-1.0,0.0,1.0
Infineon Technologies AG,EC210B,2021-04-28,0.0,0.0,0.0,0.0,0.0,0.0,0.0,-1.0,0.0,1.0
Infineon Technologies AG,EC210B,2021-04-29,0.0,0.0,0.0,0.0,0.0,0.0,0.0,-1.0,0.0,1.0
Infineon Technologies AG,EC210B,2021-05-04,-0.3333333333333333,1.0,2.0,0.0,0.0,3.0,-0.3333333333333333,-0.3333333333333333,3.0,3.0
Infineon Technologies AG,EC210B,2021-05-05,0.0,0.0,0.0,0.0,0.0,0.0,-0.3333333333333333,-0.3333333333333333,3.0,3.0
Infineon Technologies AG,EC210B,2021-05-06,0.0,0.0,0.0,0.0,0.0,0.0,-0.3333333333333333,-0.3333333333333333,3.0,3.0
Infineon Technologies AG,EC210B,2021-05-07,0.0,0.0,0.0,0.0,0.0,0.0,-0.3333333333333333,-0.3333333333333333,3.0,3.0
Infineon Technologies AG,EC210B,2021-05-08,0.0,0.0,0.0,0.0,0.0,0.0,-0.3333333333333333,-0.3333333333333333,3.0,3.0
Infineon Technologies AG,EC210B,2021-05-09,0.0,0.0,0.0,0.0,0.0,0.0,-0.3333333333333333,-0.3333333333333333,3.0,3.0
Infineon Technologies AG,EC210B,2021-05-10,0.0,0.0,0.0,0.0,0.0,0.0,-0.3333333333333333,-0.3333333333333333,3.0,3.0
Infineon Technologies AG,EC210B,2021-05-11,0.0,0.0,0.0,0.0,0.0,0.0,0.0,-0.3333333333333333,0.0,3.0
Infineon Technologies AG,EC210B,2021-05-12,0.0,0.0,0.0,0.0,0.0,0.0,0.0,-0.3333333333333333,0.0,3.0
Infineon Technologies AG,EC210B,2021-05-13,0.0,0.0,0.0,0.0,0.0,0.0,0.0,-0.3333333333333333,0.0,3.0
Infineon Technologies AG,EC210B,2021-05-14,0.0,0.0,0.0,0.0,0.0,0.0,0.0,-0.3333333333333333,0.0,3.0
Infineon Technologies AG,EC210B,2021-05-15,0.0,0.0,0.0,0.0,0.0,0.0,0.0,-0.3333333333333333,0.0,3.0
Infineon Technologies AG,EC210B,2021-05-16,0.0,0.0,0.0,0.0,0.0,0.0,0.0,-0.3333333333333333,0.0,3.0
Infineon Technologies AG,EC210B,2021-05-17,0.0,0.0,0.0,0.0,0.0,0.0,0.0,-0.3333333333333333,0.0,3.0
Infineon Technologies AG,EC210B,2021-05-18,0.0,0.0,0.0,0.0,0.0,0.0,0.0,-0.3333333333333333,0.0,3.0
Infineon Technologies AG,EC210B,2021-05-19,0.0,0.0,0.0,0.0,0.0,0.0,0.0,-0.3333333333333333,0.0,3.0
Infineon Technologies AG,EC210B,2021-05-20,0.0,0.0,0.0,0.0,0.0,0.0,0.0,-0.3333333333333333,0.0,3.0
Infineon Technologies AG,EC210B,2021-05-21,0.0,0.0,0.0,0.0,0.0,0.0,0.0,-0.3333333333333333,0.0,3.0
Infineon Technologies AG,EC210B,2021-05-22,0.0,0.0,0.0,0.0,0.0,0.0,0.0,-0.3333333333333333,0.0,3.0
Infineon Technologies AG,EC210B,2021-05-23,0.0,0.0,0.0,0.0,0.0,0.0,0.0,-0.3333333333333333,0.0,3.0
Infineon Technologies AG,EC210B,2021-05-24,0.0,0.0,0.0,0.0,0.0,0.0,0.0,-0.3333333333333333,0.0,3.0
Infineon Technologies AG,EC210B,2021-05-25,0.0,0.0,0.0,0.0,0.0,0.0,0.0,-0.3333333333333333,0.0,3.0
Infineon Technologies AG,EC210B,2021-05-26,0.0,0.0,0.0,0.0,0.0,0.0,0.0,-0.3333333333333333,0.0,3.0
Infineon Technologies AG,EC210B,2021-05-27,0.0,0.0,0.0,0.0,0.0,0.0,0.0,-0.3333333333333333,0.0,3.0
Infineon Technologies AG,EC210B,2021-05-28,0.0,0.0,0.0,0.0,0.0,0.0,0.0,-0.3333333333333333,0.0,3.0
Infineon Technologies AG,EC210B,2021-05-29,0.0,0.0,0.0,0.0,0.0,0.0,0.0,-0.3333333333333333,0.0,3.0
Infineon Technologies AG,EC210B,2021-05-30,0.0,0.0,0.0,0.0,0.0,0.0,0.0,-0.3333333333333333,0.0,3.0
Infineon Technologies AG,EC210B,2021-05-31,0.0,0.0,0.0,0.0,0.0,0.0,0.0,-0.3333333333333333,0.0,3.0
Infineon Technologies AG,EC210B,2021-06-01,-1.0,0.0,1.0,0.0,0.0,1.0,-1.0,-1.3333333333333333,1.0,4.0
Infineon Technologies AG,EC210B,2021-06-02,0.0,0.0,0.0,0.0,0.0,0.0,-1.0,-1.3333333333333333,1.0,4.0
Infineon Technologies AG,EC210B,2021-06-03,0.0,0.0,0.0,0.0,0.0,0.0,-1.0,-1.0,1.0,1.0
Infineon Technologies AG,EC210B,2021-06-04,0.0,0.0,0.0,0.0,0.0,0.0,-1.0,-1.0,1.0,1.0
Infineon Technologies AG,EC210B,2021-06-05,0.0,0.0,0.0,0.0,0.0,0.0,-1.0,-1.0,1.0,1.0
Infineon Technologies AG,EC210B,2021-06-06,0.0,0.0,0.0,0.0,0.0,0.0,-1.0,-1.0,1.0,1.0
Infineon Technologies AG,EC210B,2021-06-07,0.0,0.0,0.0,0.0,0.0,0.0,-1.0,-1.0,1.0,1.0
Infineon Technologies AG,EC210B,2021-06-08,0.0,0.0,0.0,0.0,0.0,0.0,0.0,-1.0,0.0,1.0
Infineon Technologies AG,EC210B,2021-06-09,0.0,0.0,0.0,0.0,0.0,0.0,0.0,-1.0,0.0,1.0
Infineon Technologies AG,EC210B,2021-06-10,0.0,0.0,0.0,0.0,0.0,0.0,0.0,-1.0,0.0,1.0
Infineon Technologies AG,EC210B,2021-06-11,0.0,0.0,0.0,0.0,0.0,0.0,0.0,-1.0,0.0,1.0
Infineon Technologies AG,EC210B,2021-06-12,0.0,0.0,0.0,0.0,0.0,0.0,0.0,-1.0,0.0,1.0
Infineon Technologies AG,EC210B,2021-06-13,0.0,0.0,0.0,0.0,0.0,0.0,0.0,-1.0,0.0,1.0
Infineon Technologies AG,EC210B,2021-06-14,0.0,0.0,0.0,0.0,0.0,0.0,0.0,-1.0,0.0,1.0
Infineon Technologies AG,EC210B,2021-06-15,0.0,0.0,0.0,0.0,0.0,0.0,0.0,-1.0,0.0,1.0
Infineon Technologies AG,EC210B,2021-06-16,0.0,0.0,0.0,0.0,0.0,0.0,0.0,-1.0,0.0,1.0
Infineon Technologies AG,EC210B,2021-06-17,0.0,0.0,0.0,0.0,0.0,0.0,0.0,-1.0,0.0,1.0
Infineon Technologies AG,EC210B,2021-06-18,0.0,0.0,0.0,0.0,0.0,0.0,0.0,-1.0,0.0,1.0
Infineon Technologies AG,EC210B,2021-06-19,0.0,0.0,0.0,0.0,0.0,0.0,0.0,-1.0,0.0,1.0
Infineon Technologies AG,EC210B,2021-06-20,0.0,0.0,0.0,0.0,0.0,0.0,0.0,-1.0,0.0,1.0
Infineon Technologies AG,EC210B,2021-06-21,0.0,0.0,0.0,0.0,0.0,0.0,0.0,-1.0,0.0,1.0
Infineon Technologies AG,EC210B,2021-06-22,0.0,0.0,0.0,0.0,0.0,0.0,0.0,-1.0,0.0,1.0
Infineon Technologies AG,EC210B,2021-06-23,0.0,0.0,0.0,0.0,0.0,0.0,0.0,-1.0,0.0,1.0
Infineon Technologies AG,EC210B,2021-06-24,0.0,0.0,0.0,0.0,0.0,0.0,0.0,-1.0,0.0,1.0
Infineon Technologies AG,EC210B,2021-06-25,0.0,0.0,0.0,0.0,0.0,0.0,0.0,-1.0,0.0,1.0
Infineon Technologies AG,EC210B,2021-06-26,0.0,0.0,0.0,0.0,0.0,0.0,0.0,-1.0,0.0,1.0
Infineon Technologies AG,EC210B,2021-06-27,0.0,0.0,0.0,0.0,0.0,0.0,0.0,-1.0,0.0,1.0
Infineon Technologies AG,EC210B,2021-06-28,-1.0,0.0,3.0,0.0,0.0,3.0,-1.0,-2.0,3.0,4.0
Ingevity Corp.,5AF08A,2021-02-11,-1.0,0.0,1.0,0.0,0.0,1.0,-1.0,-1.0,1.0,1.0
Ingevity Corp.,5AF08A,2021-02-12,0.0,0.0,0.0,0.0,0.0,0.0,-1.0,-1.0,1.0,1.0
Ingevity Corp.,5AF08A,2021-02-13,0.0,0.0,0.0,0.0,0.0,0.0,-1.0,-1.0,1.0,1.0
Ingevity Corp.,5AF08A,2021-02-14,0.0,0.0,0.0,0.0,0.0,0.0,-1.0,-1.0,1.0,1.0
Ingevity Corp.,5AF08A,2021-02-15,0.0,0.0,0.0,0.0,0.0,0.0,-1.0,-1.0,1.0,1.0
Ingevity Corp.,5AF08A,2021-02-16,0.0,0.0,0.0,0.0,0.0,0.0,-1.0,-1.0,1.0,1.0
Ingevity Corp.,5AF08A,2021-02-17,0.0,0.0,0.0,0.0,0.0,0.0,-1.0,-1.0,1.0,1.0
Ingevity Corp.,5AF08A,2021-02-18,0.0,0.0,0.0,0.0,0.0,0.0,0.0,-1.0,0.0,1.0
Ingevity Corp.,5AF08A,2021-02-19,0.0,0.0,0.0,0.0,0.0,0.0,0.0,-1.0,0.0,1.0
Ingevity Corp.,5AF08A,2021-02-20,0.0,0.0,0.0,0.0,0.0,0.0,0.0,-1.0,0.0,1.0
Ingevity Corp.,5AF08A,2021-02-21,0.0,0.0,0.0,0.0,0.0,0.0,0.0,-1.0,0.0,1.0
Ingevity Corp.,5AF08A,2021-02-22,0.0,0.0,0.0,0.0,0.0,0.0,0.0,-1.0,0.0,1.0
Ingevity Corp.,5AF08A,2021-02-23,0.0,0.0,0.0,0.0,0.0,0.0,0.0,-1.0,0.0,1.0
Ingevity Corp.,5AF08A,2021-02-24,0.0,0.0,0.0,0.0,0.0,0.0,0.0,-1.0,0.0,1.0
Ingevity Corp.,5AF08A,2021-02-25,0.0,0.0,0.0,0.0,0.0,0.0,0.0,-1.0,0.0,1.0
Ingevity Corp.,5AF08A,2021-02-26,0.0,0.0,0.0,0.0,0.0,0.0,0.0,-1.0,0.0,1.0
Ingevity Corp.,5AF08A,2021-02-27,0.0,0.0,0.0,0.0,0.0,0.0,0.0,-1.0,0.0,1.0
Ingevity Corp.,5AF08A,2021-02-28,0.0,0.0,0.0,0.0,0.0,0.0,0.0,-1.0,0.0,1.0
Ingevity Corp.,5AF08A,2021-03-01,0.0,0.0,0.0,0.0,0.0,0.0,0.0,-1.0,0.0,1.0
Ingevity Corp.,5AF08A,2021-03-02,0.0,0.0,0.0,0.0,0.0,0.0,0.0,-1.0,0.0,1.0
Ingevity Corp.,5AF08A,2021-03-03,0.0,0.0,0.0,0.0,0.0,0.0,0.0,-1.0,0.0,1.0
Ingevity Corp.,5AF08A,2021-03-04,0.0,0.0,0.0,0.0,0.0,0.0,0.0,-1.0,0.0,1.0
Ingevity Corp.,5AF08A,2021-03-05,0.0,0.0,0.0,0.0,0.0,0.0,0.0,-1.0,0.0,1.0
Ingevity Corp.,5AF08A,2021-03-06,0.0,0.0,0.0,0.0,0.0,0.0,0.0,-1.0,0.0,1.0
Ingevity Corp.,5AF08A,2021-03-07,0.0,0.0,0.0,0.0,0.0,0.0,0.0,-1.0,0.0,1.0
Ingevity Corp.,5AF08A,2021-03-08,0.0,0.0,0.0,0.0,0.0,0.0,0.0,-1.0,0.0,1.0
Ingevity Corp.,5AF08A,2021-03-09,0.0,0.0,0.0,0.0,0.0,0.0,0.0,-1.0,0.0,1.0
Ingevity Corp.,5AF08A,2021-03-10,0.0,0.0,0.0,0.0,0.0,0.0,0.0,-1.0,0.0,1.0
Ingevity Corp.,5AF08A,2021-03-11,0.0,0.0,0.0,0.0,0.0,0.0,0.0,-1.0,0.0,1.0
Ingevity Corp.,5AF08A,2021-03-12,0.0,0.0,0.0,0.0,0.0,0.0,0.0,-1.0,0.0,1.0
Ingevity Corp.,5AF08A,2021-04-29,-1.0,0.0,1.0,0.0,0.0,1.0,-1.0,-1.0,1.0,1.0
Inogen Inc.,FB7724,2021-02-24,-1.0,0.0,1.0,0.0,0.0,1.0,-1.0,-1.0,1.0,1.0
Inseego Corp.,CB89EA,2021-05-05,-1.0,0.0,2.0,0.0,0.0,2.0,-1.0,-1.0,2.0,2.0
Insight Enterprises Inc.,41A93D,2021-02-11,-1.0,0.0,1.0,0.0,0.0,1.0,-1.0,-1.0,1.0,1.0
Insight Enterprises Inc.,41A93D,2021-02-12,0.0,0.0,0.0,0.0,0.0,0.0,-1.0,-1.0,1.0,1.0
Insight Enterprises Inc.,41A93D,2021-02-13,0.0,0.0,0.0,0.0,0.0,0.0,-1.0,-1.0,1.0,1.0
Insight Enterprises Inc.,41A93D,2021-02-14,0.0,0.0,0.0,0.0,0.0,0.0,-1.0,-1.0,1.0,1.0
Insight Enterprises Inc.,41A93D,2021-02-15,0.0,0.0,0.0,0.0,0.0,0.0,-1.0,-1.0,1.0,1.0
Insight Enterprises Inc.,41A93D,2021-02-16,0.0,0.0,0.0,0.0,0.0,0.0,-1.0,-1.0,1.0,1.0
Insight Enterprises Inc.,41A93D,2021-02-17,0.0,0.0,0.0,0.0,0.0,0.0,-1.0,-1.0,1.0,1.0
Insight Enterprises Inc.,41A93D,2021-02-18,0.0,0.0,0.0,0.0,0.0,0.0,0.0,-1.0,0.0,1.0
Insight Enterprises Inc.,41A93D,2021-02-19,0.0,0.0,0.0,0.0,0.0,0.0,0.0,-1.0,0.0,1.0
Insight Enterprises Inc.,41A93D,2021-02-20,0.0,0.0,0.0,0.0,0.0,0.0,0.0,-1.0,0.0,1.0
Insight Enterprises Inc.,41A93D,2021-02-21,0.0,0.0,0.0,0.0,0.0,0.0,0.0,-1.0,0.0,1.0
Insight Enterprises Inc.,41A93D,2021-02-22,0.0,0.0,0.0,0.0,0.0,0.0,0.0,-1.0,0.0,1.0
Insight Enterprises Inc.,41A93D,2021-02-23,0.0,0.0,0.0,0.0,0.0,0.0,0.0,-1.0,0.0,1.0
Insight Enterprises Inc.,41A93D,2021-02-24,0.0,0.0,0.0,0.0,0.0,0.0,0.0,-1.0,0.0,1.0
Insight Enterprises Inc.,41A93D,2021-02-25,0.0,0.0,0.0,0.0,0.0,0.0,0.0,-1.0,0.0,1.0
Insight Enterprises Inc.,41A93D,2021-02-26,0.0,0.0,0.0,0.0,0.0,0.0,0.0,-1.0,0.0,1.0
Insight Enterprises Inc.,41A93D,2021-02-27,0.0,0.0,0.0,0.0,0.0,0.0,0.0,-1.0,0.0,1.0
Insight Enterprises Inc.,41A93D,2021-02-28,0.0,0.0,0.0,0.0,0.0,0.0,0.0,-1.0,0.0,1.0
Insight Enterprises Inc.,41A93D,2021-03-01,0.0,0.0,0.0,0.0,0.0,0.0,0.0,-1.0,0.0,1.0
Insight Enterprises Inc.,41A93D,2021-03-02,0.0,0.0,0.0,0.0,0.0,0.0,0.0,-1.0,0.0,1.0
Insight Enterprises Inc.,41A93D,2021-03-03,0.0,0.0,0.0,0.0,0.0,0.0,0.0,-1.0,0.0,1.0
Insight Enterprises Inc.,41A93D,2021-03-04,0.0,0.0,0.0,0.0,0.0,0.0,0.0,-1.0,0.0,1.0
Insight Enterprises Inc.,41A93D,2021-03-05,0.0,0.0,0.0,0.0,0.0,0.0,0.0,-1.0,0.0,1.0
Insight Enterprises Inc.,41A93D,2021-03-06,0.0,0.0,0.0,0.0,0.0,0.0,0.0,-1.0,0.0,1.0
Insight Enterprises Inc.,41A93D,2021-03-07,0.0,0.0,0.0,0.0,0.0,0.0,0.0,-1.0,0.0,1.0
Insight Enterprises Inc.,41A93D,2021-03-08,0.0,0.0,0.0,0.0,0.0,0.0,0.0,-1.0,0.0,1.0
Insight Enterprises Inc.,41A93D,2021-03-09,0.0,0.0,0.0,0.0,0.0,0.0,0.0,-1.0,0.0,1.0
Insight Enterprises Inc.,41A93D,2021-03-10,0.0,0.0,0.0,0.0,0.0,0.0,0.0,-1.0,0.0,1.0
Insight Enterprises Inc.,41A93D,2021-03-11,0.0,0.0,0.0,0.0,0.0,0.0,0.0,-1.0,0.0,1.0
Insight Enterprises Inc.,41A93D,2021-03-12,0.0,0.0,0.0,0.0,0.0,0.0,0.0,-1.0,0.0,1.0
Insight Enterprises Inc.,41A93D,2021-05-25,-1.0,0.0,1.0,0.0,0.0,1.0,-1.0,-1.0,1.0,1.0
Intel Corp.,17EDA5,2021-01-21,1.0,1.0,0.0,0.0,0.0,1.0,1.0,1.0,1.0,1.0
Intel Corp.,17EDA5,2021-01-22,0.0,0.0,0.0,0.0,0.0,0.0,1.0,1.0,1.0,1.0
Intel Corp.,17EDA5,2021-01-23,0.0,0.0,0.0,0.0,0.0,0.0,1.0,1.0,1.0,1.0
Intel Corp.,17EDA5,2021-01-24,0.0,0.0,0.0,0.0,0.0,0.0,1.0,1.0,1.0,1.0
Intel Corp.,17EDA5,2021-01-25,0.0,0.0,0.0,0.0,0.0,0.0,1.0,1.0,1.0,1.0
Intel Corp.,17EDA5,2021-01-26,0.0,0.0,0.0,0.0,0.0,0.0,1.0,1.0,1.0,1.0
Intel Corp.,17EDA5,2021-01-27,0.0,0.0,0.0,0.0,0.0,0.0,1.0,1.0,1.0,1.0
Intel Corp.,17EDA5,2021-01-28,0.0,0.0,0.0,0.0,0.0,0.0,0.0,1.0,0.0,1.0
Intel Corp.,17EDA5,2021-01-29,0.0,0.0,0.0,0.0,0.0,0.0,0.0,1.0,0.0,1.0
Intel Corp.,17EDA5,2021-01-30,0.0,0.0,0.0,0.0,0.0,0.0,0.0,1.0,0.0,1.0
Intel Corp.,17EDA5,2021-01-31,0.0,0.0,0.0,0.0,0.0,0.0,0.0,1.0,0.0,1.0
Intel Corp.,17EDA5,2021-02-01,0.0,0.0,0.0,0.0,0.0,0.0,0.0,1.0,0.0,1.0
Intel Corp.,17EDA5,2021-02-02,0.0,0.0,0.0,0.0,0.0,0.0,0.0,1.0,0.0,1.0
Intel Corp.,17EDA5,2021-02-03,0.0,0.0,0.0,0.0,0.0,0.0,0.0,1.0,0.0,1.0
Intel Corp.,17EDA5,2021-02-04,-1.0,0.0,1.0,0.0,0.0,1.0,-1.0,0.0,1.0,2.0
Intel Corp.,17EDA5,2021-02-05,0.0,0.0,0.0,0.0,0.0,0.0,-1.0,0.0,1.0,2.0
Intel Corp.,17EDA5,2021-02-06,0.0,0.0,0.0,0.0,0.0,0.0,-1.0,0.0,1.0,2.0
Intel Corp.,17EDA5,2021-02-07,0.0,0.0,0.0,0.0,0.0,0.0,-1.0,0.0,1.0,2.0
Intel Corp.,17EDA5,2021-02-08,0.0,0.0,0.0,0.0,0.0,0.0,-1.0,0.0,1.0,2.0
Intel Corp.,17EDA5,2021-02-09,0.0,0.0,0.0,0.0,0.0,0.0,-1.0,0.0,1.0,2.0
Intel Corp.,17EDA5,2021-02-10,0.0,0.0,0.0,0.0,0.0,0.0,-1.0,0.0,1.0,2.0
Intel Corp.,17EDA5,2021-02-11,0.0,0.0,0.0,0.0,0.0,0.0,0.0,0.0,0.0,2.0
Intel Corp.,17EDA5,2021-02-12,0.0,0.0,0.0,0.0,0.0,0.0,0.0,0.0,0.0,2.0
Intel Corp.,17EDA5,2021-02-13,0.0,0.0,0.0,0.0,0.0,0.0,0.0,0.0,0.0,2.0
Intel Corp.,17EDA5,2021-02-14,0.0,0.0,0.0,0.0,0.0,0.0,0.0,0.0,0.0,2.0
Intel Corp.,17EDA5,2021-02-15,0.0,0.0,0.0,0.0,0.0,0.0,0.0,0.0,0.0,2.0
Intel Corp.,17EDA5,2021-02-16,0.0,0.0,0.0,0.0,0.0,0.0,0.0,0.0,0.0,2.0
Intel Corp.,17EDA5,2021-02-17,0.0,0.0,0.0,0.0,0.0,0.0,0.0,0.0,0.0,2.0
Intel Corp.,17EDA5,2021-02-18,0.0,0.0,0.0,0.0,0.0,0.0,0.0,0.0,0.0,2.0
Intel Corp.,17EDA5,2021-02-19,0.0,0.0,0.0,0.0,0.0,0.0,0.0,0.0,0.0,2.0
Intel Corp.,17EDA5,2021-02-20,0.0,0.0,0.0,0.0,0.0,0.0,0.0,-1.0,0.0,1.0
Intel Corp.,17EDA5,2021-02-21,0.0,0.0,0.0,0.0,0.0,0.0,0.0,-1.0,0.0,1.0
Intel Corp.,17EDA5,2021-02-22,0.0,0.0,0.0,0.0,0.0,0.0,0.0,-1.0,0.0,1.0
Intel Corp.,17EDA5,2021-02-23,0.0,0.0,0.0,0.0,0.0,0.0,0.0,-1.0,0.0,1.0
Intel Corp.,17EDA5,2021-02-24,0.0,0.0,0.0,0.0,0.0,0.0,0.0,-1.0,0.0,1.0
Intel Corp.,17EDA5,2021-02-25,-1.0,0.0,1.0,0.0,0.0,1.0,-1.0,-2.0,1.0,2.0
Intel Corp.,17EDA5,2021-02-26,0.0,0.0,0.0,0.0,0.0,0.0,-1.0,-2.0,1.0,2.0
Intel Corp.,17EDA5,2021-02-27,0.0,0.0,0.0,0.0,0.0,0.0,-1.0,-2.0,1.0,2.0
Intel Corp.,17EDA5,2021-02-28,0.0,0.0,0.0,0.0,0.0,0.0,-1.0,-2.0,1.0,2.0
Intel Corp.,17EDA5,2021-03-01,0.0,0.0,0.0,0.0,0.0,0.0,-1.0,-2.0,1.0,2.0
Intel Corp.,17EDA5,2021-03-02,0.0,0.0,0.0,0.0,0.0,0.0,-1.0,-2.0,1.0,2.0
Intel Corp.,17EDA5,2021-03-03,-1.0,0.0,1.0,0.0,0.0,1.0,-2.0,-3.0,2.0,3.0
Intel Corp.,17EDA5,2021-03-04,0.0,0.0,0.0,0.0,0.0,0.0,-1.0,-3.0,1.0,3.0
Intel Corp.,17EDA5,2021-03-05,0.0,0.0,0.0,0.0,0.0,0.0,-1.0,-3.0,1.0,3.0
Intel Corp.,17EDA5,2021-03-06,0.0,0.0,0.0,0.0,0.0,0.0,-1.0,-2.0,1.0,2.0
Intel Corp.,17EDA5,2021-03-07,0.0,0.0,0.0,0.0,0.0,0.0,-1.0,-2.0,1.0,2.0
Intel Corp.,17EDA5,2021-03-08,0.0,0.0,0.0,0.0,0.0,0.0,-1.0,-2.0,1.0,2.0
Intel Corp.,17EDA5,2021-03-09,0.0,0.0,0.0,0.0,0.0,0.0,-1.0,-2.0,1.0,2.0
Intel Corp.,17EDA5,2021-03-10,-1.0,0.0,2.0,0.0,0.0,2.0,-1.0,-3.0,2.0,4.0
Intel Corp.,17EDA5,2021-03-11,0.0,0.0,0.0,0.0,0.0,0.0,-1.0,-3.0,2.0,4.0
Intel Corp.,17EDA5,2021-03-12,0.0,0.0,0.0,0.0,0.0,0.0,-1.0,-3.0,2.0,4.0
Intel Corp.,17EDA5,2021-03-13,0.0,0.0,0.0,0.0,0.0,0.0,-1.0,-3.0,2.0,4.0
Intel Corp.,17EDA5,2021-03-14,0.0,0.0,0.0,0.0,0.0,0.0,-1.0,-3.0,2.0,4.0
Intel Corp.,17EDA5,2021-03-15,0.0,0.0,0.0,0.0,0.0,0.0,-1.0,-3.0,2.0,4.0
Intel Corp.,17EDA5,2021-03-16,0.0,0.0,0.0,0.0,0.0,0.0,-1.0,-3.0,2.0,4.0
Intel Corp.,17EDA5,2021-03-17,0.0,0.0,0.0,0.0,0.0,0.0,0.0,-3.0,0.0,4.0
Intel Corp.,17EDA5,2021-03-18,0.0,0.0,0.0,0.0,0.0,0.0,0.0,-3.0,0.0,4.0
Intel Corp.,17EDA5,2021-03-19,0.0,0.0,0.0,0.0,0.0,0.0,0.0,-3.0,0.0,4.0
Intel Corp.,17EDA5,2021-03-20,0.0,0.0,0.0,0.0,0.0,0.0,0.0,-3.0,0.0,4.0
Intel Corp.,17EDA5,2021-03-21,0.0,0.0,0.0,0.0,0.0,0.0,0.0,-3.0,0.0,4.0
Intel Corp.,17EDA5,2021-03-22,0.0,0.0,0.0,0.0,0.0,0.0,0.0,-3.0,0.0,4.0
Intel Corp.,17EDA5,2021-03-23,0.0,0.0,0.0,0.0,0.0,0.0,0.0,-3.0,0.0,4.0
Intel Corp.,17EDA5,2021-03-24,1.0,1.0,0.0,0.0,0.0,1.0,1.0,-2.0,1.0,5.0
Intel Corp.,17EDA5,2021-03-25,-1.0,0.0,1.0,0.0,0.0,1.0,0.0,-3.0,2.0,6.0
Intel Corp.,17EDA5,2021-03-26,0.0,0.0,0.0,0.0,0.0,0.0,0.0,-3.0,2.0,6.0
Intel Corp.,17EDA5,2021-03-27,0.0,0.0,0.0,0.0,0.0,0.0,0.0,-2.0,2.0,5.0
Intel Corp.,17EDA5,2021-03-28,0.0,0.0,0.0,0.0,0.0,0.0,0.0,-2.0,2.0,5.0
Intel Corp.,17EDA5,2021-03-29,0.0,0.0,0.0,0.0,0.0,0.0,0.0,-2.0,2.0,5.0
Intel Corp.,17EDA5,2021-03-30,0.0,0.0,0.0,0.0,0.0,0.0,0.0,-2.0,2.0,5.0
Intel Corp.,17EDA5,2021-03-31,0.0,0.0,0.0,0.0,0.0,0.0,-1.0,-2.0,1.0,5.0
Intel Corp.,17EDA5,2021-04-01,0.0,0.0,0.0,0.0,0.0,0.0,0.0,-2.0,0.0,5.0
Intel Corp.,17EDA5,2021-04-02,0.0,0.0,0.0,0.0,0.0,0.0,0.0,-1.0,0.0,4.0
Intel Corp.,17EDA5,2021-04-03,0.0,0.0,0.0,0.0,0.0,0.0,0.0,-1.0,0.0,4.0
Intel Corp.,17EDA5,2021-04-04,0.0,0.0,0.0,0.0,0.0,0.0,0.0,-1.0,0.0,4.0
Intel Corp.,17EDA5,2021-04-05,0.0,0.0,0.0,0.0,0.0,0.0,0.0,-1.0,0.0,4.0
Intel Corp.,17EDA5,2021-04-06,0.0,0.0,0.0,0.0,0.0,0.0,0.0,-1.0,0.0,4.0
Intel Corp.,17EDA5,2021-04-07,0.0,0.0,0.0,0.0,0.0,0.0,0.0,-1.0,0.0,4.0
Intel Corp.,17EDA5,2021-04-08,0.0,0.0,0.0,0.0,0.0,0.0,0.0,-1.0,0.0,4.0
Intel Corp.,17EDA5,2021-04-09,-1.0,0.0,1.0,0.0,0.0,1.0,-1.0,-1.0,1.0,3.0
Intel Corp.,17EDA5,2021-04-10,0.0,0.0,0.0,0.0,0.0,0.0,-1.0,-1.0,1.0,3.0
Intel Corp.,17EDA5,2021-04-11,0.0,0.0,0.0,0.0,0.0,0.0,-1.0,-1.0,1.0,3.0
Intel Corp.,17EDA5,2021-04-12,-1.0,0.0,3.0,0.0,0.0,3.0,-2.0,-2.0,4.0,6.0
Intel Corp.,17EDA5,2021-04-13,0.0,0.0,0.0,0.0,0.0,0.0,-2.0,-2.0,4.0,6.0
Intel Corp.,17EDA5,2021-04-14,0.0,0.0,0.0,0.0,0.0,0.0,-2.0,-2.0,4.0,6.0
Intel Corp.,17EDA5,2021-04-15,0.0,0.0,0.0,0.0,0.0,0.0,-2.0,-2.0,4.0,6.0
Intel Corp.,17EDA5,2021-04-16,0.0,0.0,0.0,0.0,0.0,0.0,-1.0,-2.0,3.0,6.0
Intel Corp.,17EDA5,2021-04-17,0.0,0.0,0.0,0.0,0.0,0.0,-1.0,-2.0,3.0,6.0
Intel Corp.,17EDA5,2021-04-18,0.0,0.0,0.0,0.0,0.0,0.0,-1.0,-2.0,3.0,6.0
Intel Corp.,17EDA5,2021-04-19,0.0,0.0,0.0,0.0,0.0,0.0,0.0,-2.0,0.0,6.0
Intel Corp.,17EDA5,2021-04-20,0.0,0.0,0.0,0.0,0.0,0.0,0.0,-2.0,0.0,6.0
Intel Corp.,17EDA5,2021-04-21,0.0,0.0,0.0,0.0,0.0,0.0,0.0,-2.0,0.0,6.0
Intel Corp.,17EDA5,2021-04-22,0.0,0.0,0.0,0.0,0.0,0.0,0.0,-2.0,0.0,6.0
Intel Corp.,17EDA5,2021-04-23,-1.0,0.0,1.0,0.0,0.0,1.0,-1.0,-4.0,1.0,6.0
Intel Corp.,17EDA5,2021-04-24,0.0,0.0,0.0,0.0,0.0,0.0,-1.0,-3.0,1.0,5.0
Intel Corp.,17EDA5,2021-04-25,0.0,0.0,0.0,0.0,0.0,0.0,-1.0,-3.0,1.0,5.0
Intel Corp.,17EDA5,2021-04-26,0.0,0.0,0.0,0.0,0.0,0.0,-1.0,-3.0,1.0,5.0
Intel Corp.,17EDA5,2021-04-27,0.0,0.0,0.0,0.0,0.0,0.0,-1.0,-3.0,1.0,5.0
Intel Corp.,17EDA5,2021-04-28,-1.0,0.0,1.0,0.0,0.0,1.0,-2.0,-4.0,2.0,6.0
Intel Corp.,17EDA5,2021-04-29,-1.0,0.0,1.0,0.0,0.0,1.0,-3.0,-5.0,3.0,7.0
Intel Corp.,17EDA5,2021-04-30,0.0,0.0,0.0,0.0,0.0,0.0,-2.0,-5.0,2.0,7.0
Intel Corp.,17EDA5,2021-05-01,0.0,0.0,0.0,0.0,0.0,0.0,-2.0,-5.0,2.0,7.0
Intel Corp.,17EDA5,2021-05-02,0.0,0.0,0.0,0.0,0.0,0.0,-2.0,-5.0,2.0,7.0
Intel Corp.,17EDA5,2021-05-03,-1.0,0.0,1.0,0.0,0.0,1.0,-3.0,-6.0,3.0,8.0
Intel Corp.,17EDA5,2021-05-04,0.0,0.0,0.0,0.0,0.0,0.0,-3.0,-6.0,3.0,8.0
Intel Corp.,17EDA5,2021-05-05,0.0,0.0,0.0,0.0,0.0,0.0,-2.0,-6.0,2.0,8.0
Intel Corp.,17EDA5,2021-05-06,0.0,0.0,0.0,0.0,0.0,0.0,-1.0,-6.0,1.0,8.0
Intel Corp.,17EDA5,2021-05-07,0.0,0.0,0.0,0.0,0.0,0.0,-1.0,-6.0,1.0,8.0
Intel Corp.,17EDA5,2021-05-08,0.0,0.0,0.0,0.0,0.0,0.0,-1.0,-6.0,1.0,8.0
Intel Corp.,17EDA5,2021-05-09,0.0,0.0,0.0,0.0,0.0,0.0,-1.0,-5.0,1.0,7.0
Intel Corp.,17EDA5,2021-05-10,0.0,0.0,0.0,0.0,0.0,0.0,0.0,-5.0,0.0,7.0
Intel Corp.,17EDA5,2021-05-11,0.0,0.0,0.0,0.0,0.0,0.0,0.0,-5.0,0.0,7.0
Intel Corp.,17EDA5,2021-05-12,0.0,0.0,0.0,0.0,0.0,0.0,0.0,-4.0,0.0,4.0
Intel Corp.,17EDA5,2021-05-13,-0.3333333333333333,1.0,2.0,0.0,0.0,3.0,-0.3333333333333333,-4.333333333333333,3.0,7.0
Intel Corp.,17EDA5,2021-05-14,0.0,0.0,0.0,0.0,0.0,0.0,-0.3333333333333333,-4.333333333333333,3.0,7.0
Intel Corp.,17EDA5,2021-05-15,0.0,0.0,0.0,0.0,0.0,0.0,-0.3333333333333333,-4.333333333333333,3.0,7.0
Intel Corp.,17EDA5,2021-05-16,0.0,0.0,0.0,0.0,0.0,0.0,-0.3333333333333333,-4.333333333333333,3.0,7.0
Intel Corp.,17EDA5,2021-05-17,0.0,0.0,0.0,0.0,0.0,0.0,-0.3333333333333333,-4.333333333333333,3.0,7.0
Intel Corp.,17EDA5,2021-05-18,0.0,0.0,0.0,0.0,0.0,0.0,-0.3333333333333333,-4.333333333333333,3.0,7.0
Intel Corp.,17EDA5,2021-05-19,0.0,0.0,0.0,0.0,0.0,0.0,-0.3333333333333333,-4.333333333333333,3.0,7.0
Intel Corp.,17EDA5,2021-05-20,0.0,0.0,0.0,0.0,0.0,0.0,0.0,-4.333333333333333,0.0,7.0
Intel Corp.,17EDA5,2021-05-21,0.0,0.0,0.0,0.0,0.0,0.0,0.0,-4.333333333333333,0.0,7.0
Intel Corp.,17EDA5,2021-05-22,0.0,0.0,0.0,0.0,0.0,0.0,0.0,-4.333333333333333,0.0,7.0
Intel Corp.,17EDA5,2021-05-23,0.0,0.0,0.0,0.0,0.0,0.0,0.0,-3.3333333333333335,0.0,6.0
Intel Corp.,17EDA5,2021-05-24,0.0,0.0,0.0,0.0,0.0,0.0,0.0,-3.3333333333333335,0.0,6.0
Intel Corp.,17EDA5,2021-05-25,0.0,0.0,0.0,0.0,0.0,0.0,0.0,-3.3333333333333335,0.0,6.0
Intel Corp.,17EDA5,2021-05-26,0.0,0.0,0.0,0.0,0.0,0.0,0.0,-3.3333333333333335,0.0,6.0
Intel Corp.,17EDA5,2021-05-27,0.0,0.0,0.0,0.0,0.0,0.0,0.0,-3.3333333333333335,0.0,6.0
Intel Corp.,17EDA5,2021-05-28,0.0,0.0,0.0,0.0,0.0,0.0,0.0,-2.3333333333333335,0.0,5.0
Intel Corp.,17EDA5,2021-05-29,0.0,0.0,0.0,0.0,0.0,0.0,0.0,-1.3333333333333333,0.0,4.0
Intel Corp.,17EDA5,2021-05-30,0.0,0.0,0.0,0.0,0.0,0.0,0.0,-1.3333333333333333,0.0,4.0
Intel Corp.,17EDA5,2021-05-31,-1.0,0.0,2.0,0.0,0.0,2.0,-1.0,-2.333333333333333,2.0,6.0
Intel Corp.,17EDA5,2021-06-01,0.0,0.0,0.0,0.0,0.0,0.0,-1.0,-2.333333333333333,2.0,6.0
Intel Corp.,17EDA5,2021-06-02,0.0,0.0,0.0,0.0,0.0,0.0,-1.0,-1.3333333333333333,2.0,5.0
Intel Corp.,17EDA5,2021-06-03,0.0,0.0,0.0,0.0,0.0,0.0,-1.0,-1.3333333333333333,2.0,5.0
Intel Corp.,17EDA5,2021-06-04,0.0,0.0,0.0,0.0,0.0,0.0,-1.0,-1.3333333333333333,2.0,5.0
Intel Corp.,17EDA5,2021-06-05,0.0,0.0,0.0,0.0,0.0,0.0,-1.0,-1.3333333333333333,2.0,5.0
Intel Corp.,17EDA5,2021-06-06,0.0,0.0,0.0,0.0,0.0,0.0,-1.0,-1.3333333333333333,2.0,5.0
Intel Corp.,17EDA5,2021-06-07,0.0,0.0,0.0,0.0,0.0,0.0,0.0,-1.3333333333333333,0.0,5.0
Intel Corp.,17EDA5,2021-06-08,0.0,0.0,0.0,0.0,0.0,0.0,0.0,-1.3333333333333333,0.0,5.0
Intel Corp.,17EDA5,2021-06-09,0.0,0.0,0.0,0.0,0.0,0.0,0.0,-1.3333333333333333,0.0,5.0
Intel Corp.,17EDA5,2021-06-10,0.0,0.0,0.0,0.0,0.0,0.0,0.0,-1.3333333333333333,0.0,5.0
Intel Corp.,17EDA5,2021-06-11,0.0,0.0,0.0,0.0,0.0,0.0,0.0,-1.3333333333333333,0.0,5.0
Intel Corp.,17EDA5,2021-06-12,0.0,0.0,0.0,0.0,0.0,0.0,0.0,-1.0,0.0,2.0
Intel Corp.,17EDA5,2021-06-13,0.0,0.0,0.0,0.0,0.0,0.0,0.0,-1.0,0.0,2.0
Intel Corp.,17EDA5,2021-06-14,0.0,0.0,0.0,0.0,0.0,0.0,0.0,-1.0,0.0,2.0
Intel Corp.,17EDA5,2021-06-15,0.0,0.0,0.0,0.0,0.0,0.0,0.0,-1.0,0.0,2.0
Intel Corp.,17EDA5,2021-06-16,0.0,0.0,0.0,0.0,0.0,0.0,0.0,-1.0,0.0,2.0
Intel Corp.,17EDA5,2021-06-17,0.0,0.0,0.0,0.0,0.0,0.0,0.0,-1.0,0.0,2.0
Intel Corp.,17EDA5,2021-06-18,0.0,0.0,0.0,0.0,0.0,0.0,0.0,-1.0,0.0,2.0
Intel Corp.,17EDA5,2021-06-19,0.0,0.0,0.0,0.0,0.0,0.0,0.0,-1.0,0.0,2.0
Intel Corp.,17EDA5,2021-06-20,0.0,0.0,0.0,0.0,0.0,0.0,0.0,-1.0,0.0,2.0
Intel Corp.,17EDA5,2021-06-21,0.0,0.0,0.0,0.0,0.0,0.0,0.0,-1.0,0.0,2.0
Intel Corp.,17EDA5,2021-06-22,0.0,0.0,0.0,0.0,0.0,0.0,0.0,-1.0,0.0,2.0
Intel Corp.,17EDA5,2021-06-23,0.0,0.0,0.0,0.0,0.0,0.0,0.0,-1.0,0.0,2.0
Intel Corp.,17EDA5,2021-06-24,0.0,0.0,0.0,0.0,0.0,0.0,0.0,-1.0,0.0,2.0
Intel Corp.,17EDA5,2021-06-25,0.0,0.0,0.0,0.0,0.0,0.0,0.0,-1.0,0.0,2.0
Intel Corp.,17EDA5,2021-06-26,0.0,0.0,0.0,0.0,0.0,0.0,0.0,-1.0,0.0,2.0
Intel Corp.,17EDA5,2021-06-27,0.0,0.0,0.0,0.0,0.0,0.0,0.0,-1.0,0.0,2.0
Intel Corp.,17EDA5,2021-06-28,-1.0,0.0,3.0,0.0,0.0,3.0,-1.0,-2.0,3.0,5.0
Intel Corp.,17EDA5,2021-06-29,0.0,0.0,0.0,0.0,0.0,0.0,-1.0,-2.0,3.0,5.0
Intel Corp.,17EDA5,2021-06-30,-1.0,0.0,2.0,0.0,0.0,2.0,-2.0,-2.0,5.0,5.0
International Seaways Inc.,A9E249,2021-03-12,-1.0,0.0,1.0,0.0,0.0,1.0,-1.0,-1.0,1.0,1.0
Intuitive Surgical Inc.,18EC17,2021-04-20,-1.0,0.0,2.0,0.0,0.0,2.0,-1.0,-1.0,2.0,2.0
JPMorgan Chase & Co.,619882,2021-03-19,-1.0,0.0,1.0,0.0,0.0,1.0,-1.0,-1.0,1.0,1.0
JPMorgan Chase & Co.,619882,2021-03-20,0.0,0.0,0.0,0.0,0.0,0.0,-1.0,-1.0,1.0,1.0
JPMorgan Chase & Co.,619882,2021-03-21,0.0,0.0,0.0,0.0,0.0,0.0,-1.0,-1.0,1.0,1.0
JPMorgan Chase & Co.,619882,2021-03-22,0.0,0.0,0.0,0.0,0.0,0.0,-1.0,-1.0,1.0,1.0
JPMorgan Chase & Co.,619882,2021-03-23,0.0,0.0,0.0,0.0,0.0,0.0,-1.0,-1.0,1.0,1.0
JPMorgan Chase & Co.,619882,2021-03-24,0.0,0.0,0.0,0.0,0.0,0.0,-1.0,-1.0,1.0,1.0
JPMorgan Chase & Co.,619882,2021-03-25,0.0,0.0,0.0,0.0,0.0,0.0,-1.0,-1.0,1.0,1.0
JPMorgan Chase & Co.,619882,2021-03-26,0.0,0.0,0.0,0.0,0.0,0.0,0.0,-1.0,0.0,1.0
JPMorgan Chase & Co.,619882,2021-03-27,0.0,0.0,0.0,0.0,0.0,0.0,0.0,-1.0,0.0,1.0
JPMorgan Chase & Co.,619882,2021-03-28,0.0,0.0,0.0,0.0,0.0,0.0,0.0,-1.0,0.0,1.0
JPMorgan Chase & Co.,619882,2021-03-29,0.0,0.0,0.0,0.0,0.0,0.0,0.0,-1.0,0.0,1.0
JPMorgan Chase & Co.,619882,2021-03-30,0.0,0.0,0.0,0.0,0.0,0.0,0.0,-1.0,0.0,1.0
JPMorgan Chase & Co.,619882,2021-03-31,0.0,0.0,0.0,0.0,0.0,0.0,0.0,-1.0,0.0,1.0
JPMorgan Chase & Co.,619882,2021-04-01,0.0,0.0,0.0,0.0,0.0,0.0,0.0,-1.0,0.0,1.0
JPMorgan Chase & Co.,619882,2021-04-02,0.0,0.0,0.0,0.0,0.0,0.0,0.0,-1.0,0.0,1.0
JPMorgan Chase & Co.,619882,2021-04-03,0.0,0.0,0.0,0.0,0.0,0.0,0.0,-1.0,0.0,1.0
JPMorgan Chase & Co.,619882,2021-04-04,0.0,0.0,0.0,0.0,0.0,0.0,0.0,-1.0,0.0,1.0
JPMorgan Chase & Co.,619882,2021-04-05,0.0,0.0,0.0,0.0,0.0,0.0,0.0,-1.0,0.0,1.0
JPMorgan Chase & Co.,619882,2021-04-06,0.0,0.0,0.0,0.0,0.0,0.0,0.0,-1.0,0.0,1.0
JPMorgan Chase & Co.,619882,2021-04-07,0.0,0.0,0.0,0.0,0.0,0.0,0.0,-1.0,0.0,1.0
JPMorgan Chase & Co.,619882,2021-04-08,0.0,0.0,0.0,0.0,0.0,0.0,0.0,-1.0,0.0,1.0
JPMorgan Chase & Co.,619882,2021-04-09,0.0,0.0,0.0,0.0,0.0,0.0,0.0,-1.0,0.0,1.0
JPMorgan Chase & Co.,619882,2021-04-10,0.0,0.0,0.0,0.0,0.0,0.0,0.0,-1.0,0.0,1.0
JPMorgan Chase & Co.,619882,2021-04-11,0.0,0.0,0.0,0.0,0.0,0.0,0.0,-1.0,0.0,1.0
JPMorgan Chase & Co.,619882,2021-04-12,0.0,0.0,0.0,0.0,0.0,0.0,0.0,-1.0,0.0,1.0
JPMorgan Chase & Co.,619882,2021-04-13,0.0,0.0,0.0,0.0,0.0,0.0,0.0,-1.0,0.0,1.0
JPMorgan Chase & Co.,619882,2021-04-14,0.0,0.0,0.0,0.0,0.0,0.0,0.0,-1.0,0.0,1.0
JPMorgan Chase & Co.,619882,2021-04-15,0.0,0.0,0.0,0.0,0.0,0.0,0.0,-1.0,0.0,1.0
JPMorgan Chase & Co.,619882,2021-04-16,0.0,0.0,0.0,0.0,0.0,0.0,0.0,-1.0,0.0,1.0
JPMorgan Chase & Co.,619882,2021-04-17,0.0,0.0,0.0,0.0,0.0,0.0,0.0,-1.0,0.0,1.0
JPMorgan Chase & Co.,619882,2021-05-12,-1.0,0.0,3.0,0.0,0.0,3.0,-1.0,-1.0,3.0,3.0
Jabil Inc.,26CC63,2021-01-26,-1.0,0.0,1.0,0.0,0.0,1.0,-1.0,-1.0,1.0,1.0
Jabil Inc.,26CC63,2021-01-27,0.0,0.0,0.0,0.0,0.0,0.0,-1.0,-1.0,1.0,1.0
Jabil Inc.,26CC63,2021-01-28,0.0,0.0,0.0,0.0,0.0,0.0,-1.0,-1.0,1.0,1.0
Jabil Inc.,26CC63,2021-01-29,0.0,0.0,0.0,0.0,0.0,0.0,-1.0,-1.0,1.0,1.0
Jabil Inc.,26CC63,2021-01-30,0.0,0.0,0.0,0.0,0.0,0.0,-1.0,-1.0,1.0,1.0
Jabil Inc.,26CC63,2021-01-31,0.0,0.0,0.0,0.0,0.0,0.0,-1.0,-1.0,1.0,1.0
Jabil Inc.,26CC63,2021-02-01,0.0,0.0,0.0,0.0,0.0,0.0,-1.0,-1.0,1.0,1.0
Jabil Inc.,26CC63,2021-02-02,0.0,0.0,0.0,0.0,0.0,0.0,0.0,-1.0,0.0,1.0
Jabil Inc.,26CC63,2021-02-03,0.0,0.0,0.0,0.0,0.0,0.0,0.0,-1.0,0.0,1.0
Jabil Inc.,26CC63,2021-02-04,0.0,0.0,0.0,0.0,0.0,0.0,0.0,-1.0,0.0,1.0
Jabil Inc.,26CC63,2021-02-05,0.0,0.0,0.0,0.0,0.0,0.0,0.0,-1.0,0.0,1.0
Jabil Inc.,26CC63,2021-02-06,0.0,0.0,0.0,0.0,0.0,0.0,0.0,-1.0,0.0,1.0
Jabil Inc.,26CC63,2021-02-07,0.0,0.0,0.0,0.0,0.0,0.0,0.0,-1.0,0.0,1.0
Jabil Inc.,26CC63,2021-02-08,0.0,0.0,0.0,0.0,0.0,0.0,0.0,-1.0,0.0,1.0
Jabil Inc.,26CC63,2021-02-09,0.0,0.0,0.0,0.0,0.0,0.0,0.0,-1.0,0.0,1.0
Jabil Inc.,26CC63,2021-02-10,0.0,0.0,0.0,0.0,0.0,0.0,0.0,-1.0,0.0,1.0
Jabil Inc.,26CC63,2021-02-11,0.0,0.0,0.0,0.0,0.0,0.0,0.0,-1.0,0.0,1.0
Jabil Inc.,26CC63,2021-02-12,0.0,0.0,0.0,0.0,0.0,0.0,0.0,-1.0,0.0,1.0
Jabil Inc.,26CC63,2021-02-13,0.0,0.0,0.0,0.0,0.0,0.0,0.0,-1.0,0.0,1.0
Jabil Inc.,26CC63,2021-02-14,0.0,0.0,0.0,0.0,0.0,0.0,0.0,-1.0,0.0,1.0
Jabil Inc.,26CC63,2021-02-15,0.0,0.0,0.0,0.0,0.0,0.0,0.0,-1.0,0.0,1.0
Jabil Inc.,26CC63,2021-02-16,0.0,0.0,0.0,0.0,0.0,0.0,0.0,-1.0,0.0,1.0
Jabil Inc.,26CC63,2021-02-17,0.0,0.0,0.0,0.0,0.0,0.0,0.0,-1.0,0.0,1.0
Jabil Inc.,26CC63,2021-02-18,0.0,0.0,0.0,0.0,0.0,0.0,0.0,-1.0,0.0,1.0
Jabil Inc.,26CC63,2021-02-19,0.0,0.0,0.0,0.0,0.0,0.0,0.0,-1.0,0.0,1.0
Jabil Inc.,26CC63,2021-02-20,0.0,0.0,0.0,0.0,0.0,0.0,0.0,-1.0,0.0,1.0
Jabil Inc.,26CC63,2021-02-21,0.0,0.0,0.0,0.0,0.0,0.0,0.0,-1.0,0.0,1.0
Jabil Inc.,26CC63,2021-02-22,0.0,0.0,0.0,0.0,0.0,0.0,0.0,-1.0,0.0,1.0
Jabil Inc.,26CC63,2021-02-23,0.0,0.0,0.0,0.0,0.0,0.0,0.0,-1.0,0.0,1.0
Jabil Inc.,26CC63,2021-02-24,0.0,0.0,0.0,0.0,0.0,0.0,0.0,-1.0,0.0,1.0
Jabil Inc.,26CC63,2021-04-13,-1.0,0.0,1.0,0.0,0.0,1.0,-1.0,-1.0,1.0,1.0
Jacobs Solutions Inc.,15ABD0,2021-05-10,1.0,3.0,0.0,0.0,0.0,3.0,1.0,1.0,3.0,3.0
JinkoSolar Holding Co. Ltd.,BB98AD,2021-04-09,-1.0,0.0,1.0,0.0,0.0,1.0,-1.0,-1.0,1.0,1.0
Johnson & Johnson Co.,A6828A,2021-01-26,-1.0,0.0,1.0,0.0,0.0,1.0,-1.0,-1.0,1.0,1.0
Johnson & Johnson Co.,A6828A,2021-01-27,0.0,0.0,0.0,0.0,0.0,0.0,-1.0,-1.0,1.0,1.0
Johnson & Johnson Co.,A6828A,2021-01-28,0.0,0.0,0.0,0.0,0.0,0.0,-1.0,-1.0,1.0,1.0
Johnson & Johnson Co.,A6828A,2021-01-29,0.0,0.0,0.0,0.0,0.0,0.0,-1.0,-1.0,1.0,1.0
Johnson & Johnson Co.,A6828A,2021-01-30,0.0,0.0,0.0,0.0,0.0,0.0,-1.0,-1.0,1.0,1.0
Johnson & Johnson Co.,A6828A,2021-01-31,0.0,0.0,0.0,0.0,0.0,0.0,-1.0,-1.0,1.0,1.0
Johnson & Johnson Co.,A6828A,2021-02-01,0.0,0.0,0.0,0.0,0.0,0.0,-1.0,-1.0,1.0,1.0
Johnson & Johnson Co.,A6828A,2021-02-02,0.0,0.0,0.0,0.0,0.0,0.0,0.0,-1.0,0.0,1.0
Johnson & Johnson Co.,A6828A,2021-02-03,0.0,0.0,0.0,0.0,0.0,0.0,0.0,-1.0,0.0,1.0
Johnson & Johnson Co.,A6828A,2021-02-04,0.0,0.0,0.0,0.0,0.0,0.0,0.0,-1.0,0.0,1.0
Johnson & Johnson Co.,A6828A,2021-02-05,0.0,0.0,0.0,0.0,0.0,0.0,0.0,-1.0,0.0,1.0
Johnson & Johnson Co.,A6828A,2021-02-06,0.0,0.0,0.0,0.0,0.0,0.0,0.0,-1.0,0.0,1.0
Johnson & Johnson Co.,A6828A,2021-02-07,0.0,0.0,0.0,0.0,0.0,0.0,0.0,-1.0,0.0,1.0
Johnson & Johnson Co.,A6828A,2021-02-08,0.0,0.0,0.0,0.0,0.0,0.0,0.0,-1.0,0.0,1.0
Johnson & Johnson Co.,A6828A,2021-02-09,0.0,0.0,0.0,0.0,0.0,0.0,0.0,-1.0,0.0,1.0
Johnson & Johnson Co.,A6828A,2021-02-10,0.0,0.0,0.0,0.0,0.0,0.0,0.0,-1.0,0.0,1.0
Johnson & Johnson Co.,A6828A,2021-02-11,0.0,0.0,0.0,0.0,0.0,0.0,0.0,-1.0,0.0,1.0
Johnson & Johnson Co.,A6828A,2021-02-12,0.0,0.0,0.0,0.0,0.0,0.0,0.0,-1.0,0.0,1.0
Johnson & Johnson Co.,A6828A,2021-02-13,0.0,0.0,0.0,0.0,0.0,0.0,0.0,-1.0,0.0,1.0
Johnson & Johnson Co.,A6828A,2021-02-14,0.0,0.0,0.0,0.0,0.0,0.0,0.0,-1.0,0.0,1.0
Johnson & Johnson Co.,A6828A,2021-02-15,0.0,0.0,0.0,0.0,0.0,0.0,0.0,-1.0,0.0,1.0
Johnson & Johnson Co.,A6828A,2021-02-16,0.0,0.0,0.0,0.0,0.0,0.0,0.0,-1.0,0.0,1.0
Johnson & Johnson Co.,A6828A,2021-02-17,0.0,0.0,0.0,0.0,0.0,0.0,0.0,-1.0,0.0,1.0
Johnson & Johnson Co.,A6828A,2021-02-18,0.0,0.0,0.0,0.0,0.0,0.0,0.0,-1.0,0.0,1.0
Johnson & Johnson Co.,A6828A,2021-02-19,0.0,0.0,0.0,0.0,0.0,0.0,0.0,-1.0,0.0,1.0
Johnson & Johnson Co.,A6828A,2021-02-20,0.0,0.0,0.0,0.0,0.0,0.0,0.0,-1.0,0.0,1.0
Johnson & Johnson Co.,A6828A,2021-02-21,0.0,0.0,0.0,0.0,0.0,0.0,0.0,-1.0,0.0,1.0
Johnson & Johnson Co.,A6828A,2021-02-22,0.0,0.0,0.0,0.0,0.0,0.0,0.0,-1.0,0.0,1.0
Johnson & Johnson Co.,A6828A,2021-02-23,0.0,0.0,0.0,0.0,0.0,0.0,0.0,-1.0,0.0,1.0
Johnson & Johnson Co.,A6828A,2021-02-24,0.0,0.0,0.0,0.0,0.0,0.0,0.0,-1.0,0.0,1.0
Johnson & Johnson Co.,A6828A,2021-04-20,-1.0,0.0,1.0,0.0,0.0,1.0,-1.0,-1.0,1.0,1.0
KLA Corp.,507AE7,2021-01-19,1.0,1.0,0.0,0.0,0.0,1.0,1.0,1.0,1.0,1.0
KLA Corp.,507AE7,2021-01-20,0.0,0.0,0.0,0.0,0.0,0.0,1.0,1.0,1.0,1.0
KLA Corp.,507AE7,2021-01-21,0.0,0.0,0.0,0.0,0.0,0.0,1.0,1.0,1.0,1.0
KLA Corp.,507AE7,2021-01-22,0.0,0.0,0.0,0.0,0.0,0.0,1.0,1.0,1.0,1.0
KLA Corp.,507AE7,2021-01-23,0.0,0.0,0.0,0.0,0.0,0.0,1.0,1.0,1.0,1.0
KLA Corp.,507AE7,2021-01-24,0.0,0.0,0.0,0.0,0.0,0.0,1.0,1.0,1.0,1.0
KLA Corp.,507AE7,2021-01-25,0.0,0.0,0.0,0.0,0.0,0.0,1.0,1.0,1.0,1.0
KLA Corp.,507AE7,2021-01-26,0.0,0.0,0.0,0.0,0.0,0.0,0.0,1.0,0.0,1.0
KLA Corp.,507AE7,2021-01-27,0.0,0.0,0.0,0.0,0.0,0.0,0.0,1.0,0.0,1.0
KLA Corp.,507AE7,2021-01-28,0.0,0.0,0.0,0.0,0.0,0.0,0.0,1.0,0.0,1.0
KLA Corp.,507AE7,2021-01-29,0.0,0.0,0.0,0.0,0.0,0.0,0.0,1.0,0.0,1.0
KLA Corp.,507AE7,2021-01-30,0.0,0.0,0.0,0.0,0.0,0.0,0.0,1.0,0.0,1.0
KLA Corp.,507AE7,2021-01-31,0.0,0.0,0.0,0.0,0.0,0.0,0.0,1.0,0.0,1.0
KLA Corp.,507AE7,2021-02-01,0.0,0.0,0.0,0.0,0.0,0.0,0.0,1.0,0.0,1.0
KLA Corp.,507AE7,2021-02-02,0.0,0.0,0.0,0.0,0.0,0.0,0.0,1.0,0.0,1.0
KLA Corp.,507AE7,2021-02-03,0.0,0.0,0.0,0.0,0.0,0.0,0.0,1.0,0.0,1.0
KLA Corp.,507AE7,2021-02-04,0.0,0.0,0.0,0.0,0.0,0.0,0.0,1.0,0.0,1.0
KLA Corp.,507AE7,2021-02-05,0.0,0.0,0.0,0.0,0.0,0.0,0.0,1.0,0.0,1.0
KLA Corp.,507AE7,2021-02-06,0.0,0.0,0.0,0.0,0.0,0.0,0.0,1.0,0.0,1.0
KLA Corp.,507AE7,2021-02-07,0.0,0.0,0.0,0.0,0.0,0.0,0.0,1.0,0.0,1.0
KLA Corp.,507AE7,2021-02-08,0.0,0.0,0.0,0.0,0.0,0.0,0.0,1.0,0.0,1.0
KLA Corp.,507AE7,2021-02-09,0.0,0.0,0.0,0.0,0.0,0.0,0.0,1.0,0.0,1.0
KLA Corp.,507AE7,2021-02-10,0.0,0.0,0.0,0.0,0.0,0.0,0.0,1.0,0.0,1.0
KLA Corp.,507AE7,2021-02-11,0.0,0.0,0.0,0.0,0.0,0.0,0.0,1.0,0.0,1.0
KLA Corp.,507AE7,2021-02-12,0.0,0.0,0.0,0.0,0.0,0.0,0.0,1.0,0.0,1.0
KLA Corp.,507AE7,2021-02-13,0.0,0.0,0.0,0.0,0.0,0.0,0.0,1.0,0.0,1.0
KLA Corp.,507AE7,2021-02-14,0.0,0.0,0.0,0.0,0.0,0.0,0.0,1.0,0.0,1.0
KLA Corp.,507AE7,2021-02-15,0.0,0.0,0.0,0.0,0.0,0.0,0.0,1.0,0.0,1.0
KLA Corp.,507AE7,2021-02-16,0.0,0.0,0.0,0.0,0.0,0.0,0.0,1.0,0.0,1.0
KLA Corp.,507AE7,2021-02-17,0.0,0.0,0.0,0.0,0.0,0.0,0.0,1.0,0.0,1.0
KLA Corp.,507AE7,2021-03-25,1.0,1.0,0.0,0.0,0.0,1.0,1.0,1.0,1.0,1.0
Kaiser Aluminum Corp.,387541,2021-04-28,-1.0,0.0,2.0,0.0,0.0,2.0,-1.0,-1.0,2.0,2.0
Kimball Electronics Inc.,CDAB24,2021-05-05,-1.0,0.0,1.0,0.0,0.0,1.0,-1.0,-1.0,1.0,1.0
Kopin Corp.,73669A,2021-05-04,0.0,0.0,0.0,1.0,0.0,1.0,0.0,0.0,1.0,1.0
Kratos Defense & Security Solutions Inc.,4A2457,2021-05-18,-1.0,0.0,1.0,0.0,0.0,1.0,-1.0,-1.0,1.0,1.0
Kulicke & Soffa Industries Inc.,E2D429,2021-05-05,-1.0,0.0,1.0,0.0,0.0,1.0,-1.0,-1.0,1.0,1.0
Kyocera Corp.,B23882,2021-06-25,-1.0,0.0,1.0,0.0,0.0,1.0,-1.0,-1.0,1.0,1.0
LSI Industries Inc.,B8DD94,2021-04-22,-1.0,0.0,1.0,0.0,0.0,1.0,-1.0,-1.0,1.0,1.0
La-Z-Boy Inc.,A790A5,2021-02-17,-1.0,0.0,1.0,0.0,0.0,1.0,-1.0,-1.0,1.0,1.0
Lam Research Corp.,0B57D7,2021-01-19,1.0,1.0,0.0,0.0,0.0,1.0,1.0,1.0,1.0,1.0
Lam Research Corp.,0B57D7,2021-01-20,0.0,0.0,0.0,0.0,0.0,0.0,1.0,1.0,1.0,1.0
Lam Research Corp.,0B57D7,2021-01-21,0.0,0.0,0.0,0.0,0.0,0.0,1.0,1.0,1.0,1.0
Lam Research Corp.,0B57D7,2021-01-22,0.0,0.0,0.0,0.0,0.0,0.0,1.0,1.0,1.0,1.0
Lam Research Corp.,0B57D7,2021-01-23,0.0,0.0,0.0,0.0,0.0,0.0,1.0,1.0,1.0,1.0
Lam Research Corp.,0B57D7,2021-01-24,0.0,0.0,0.0,0.0,0.0,0.0,1.0,1.0,1.0,1.0
Lam Research Corp.,0B57D7,2021-01-25,0.0,0.0,0.0,0.0,0.0,0.0,1.0,1.0,1.0,1.0
Lam Research Corp.,0B57D7,2021-01-26,0.0,0.0,0.0,0.0,0.0,0.0,0.0,1.0,0.0,1.0
Lam Research Corp.,0B57D7,2021-01-27,0.0,0.0,0.0,0.0,0.0,0.0,0.0,1.0,0.0,1.0
Lam Research Corp.,0B57D7,2021-01-28,0.0,0.0,0.0,0.0,0.0,0.0,0.0,1.0,0.0,1.0
Lam Research Corp.,0B57D7,2021-01-29,0.0,0.0,0.0,0.0,0.0,0.0,0.0,1.0,0.0,1.0
Lam Research Corp.,0B57D7,2021-01-30,0.0,0.0,0.0,0.0,0.0,0.0,0.0,1.0,0.0,1.0
Lam Research Corp.,0B57D7,2021-01-31,0.0,0.0,0.0,0.0,0.0,0.0,0.0,1.0,0.0,1.0
Lam Research Corp.,0B57D7,2021-02-01,0.0,0.0,0.0,0.0,0.0,0.0,0.0,1.0,0.0,1.0
Lam Research Corp.,0B57D7,2021-02-02,0.0,0.0,0.0,0.0,0.0,0.0,0.0,1.0,0.0,1.0
Lam Research Corp.,0B57D7,2021-02-03,0.0,0.0,0.0,0.0,0.0,0.0,0.0,1.0,0.0,1.0
Lam Research Corp.,0B57D7,2021-02-04,0.0,0.0,0.0,0.0,0.0,0.0,0.0,1.0,0.0,1.0
Lam Research Corp.,0B57D7,2021-02-05,0.0,0.0,0.0,0.0,0.0,0.0,0.0,1.0,0.0,1.0
Lam Research Corp.,0B57D7,2021-02-06,0.0,0.0,0.0,0.0,0.0,0.0,0.0,1.0,0.0,1.0
Lam Research Corp.,0B57D7,2021-02-07,0.0,0.0,0.0,0.0,0.0,0.0,0.0,1.0,0.0,1.0
Lam Research Corp.,0B57D7,2021-02-08,0.0,0.0,0.0,0.0,0.0,0.0,0.0,1.0,0.0,1.0
Lam Research Corp.,0B57D7,2021-02-09,0.0,0.0,0.0,0.0,0.0,0.0,0.0,1.0,0.0,1.0
Lam Research Corp.,0B57D7,2021-02-10,0.0,0.0,0.0,0.0,0.0,0.0,0.0,1.0,0.0,1.0
Lam Research Corp.,0B57D7,2021-02-11,0.0,0.0,0.0,0.0,0.0,0.0,0.0,1.0,0.0,1.0
Lam Research Corp.,0B57D7,2021-02-12,1.0,1.0,0.0,0.0,0.0,1.0,1.0,2.0,1.0,2.0
Lam Research Corp.,0B57D7,2021-02-13,0.0,0.0,0.0,0.0,0.0,0.0,1.0,2.0,1.0,2.0
Lam Research Corp.,0B57D7,2021-02-14,0.0,0.0,0.0,0.0,0.0,0.0,1.0,2.0,1.0,2.0
Lam Research Corp.,0B57D7,2021-02-15,0.0,0.0,0.0,0.0,0.0,0.0,1.0,2.0,1.0,2.0
Lam Research Corp.,0B57D7,2021-02-16,0.0,0.0,0.0,0.0,0.0,0.0,1.0,2.0,1.0,2.0
Lam Research Corp.,0B57D7,2021-02-17,0.0,0.0,0.0,0.0,0.0,0.0,1.0,2.0,1.0,2.0
Lam Research Corp.,0B57D7,2021-02-18,0.0,0.0,0.0,0.0,0.0,0.0,1.0,1.0,1.0,1.0
Lam Research Corp.,0B57D7,2021-02-19,0.0,0.0,0.0,0.0,0.0,0.0,0.0,1.0,0.0,1.0
Lam Research Corp.,0B57D7,2021-02-20,0.0,0.0,0.0,0.0,0.0,0.0,0.0,1.0,0.0,1.0
Lam Research Corp.,0B57D7,2021-02-21,0.0,0.0,0.0,0.0,0.0,0.0,0.0,1.0,0.0,1.0
Lam Research Corp.,0B57D7,2021-02-22,0.0,0.0,0.0,0.0,0.0,0.0,0.0,1.0,0.0,1.0
Lam Research Corp.,0B57D7,2021-02-23,0.0,0.0,0.0,0.0,0.0,0.0,0.0,1.0,0.0,1.0
Lam Research Corp.,0B57D7,2021-02-24,0.0,0.0,0.0,0.0,0.0,0.0,0.0,1.0,0.0,1.0
Lam Research Corp.,0B57D7,2021-02-25,0.0,0.0,0.0,0.0,0.0,0.0,0.0,1.0,0.0,1.0
Lam Research Corp.,0B57D7,2021-02-26,0.0,0.0,0.0,0.0,0.0,0.0,0.0,1.0,0.0,1.0
Lam Research Corp.,0B57D7,2021-02-27,0.0,0.0,0.0,0.0,0.0,0.0,0.0,1.0,0.0,1.0
Lam Research Corp.,0B57D7,2021-02-28,0.0,0.0,0.0,0.0,0.0,0.0,0.0,1.0,0.0,1.0
Lam Research Corp.,0B57D7,2021-03-01,0.0,0.0,0.0,0.0,0.0,0.0,0.0,1.0,0.0,1.0
Lam Research Corp.,0B57D7,2021-03-02,0.0,0.0,0.0,0.0,0.0,0.0,0.0,1.0,0.0,1.0
Lam Research Corp.,0B57D7,2021-03-03,0.0,0.0,0.0,0.0,0.0,0.0,0.0,1.0,0.0,1.0
Lam Research Corp.,0B57D7,2021-03-04,0.0,0.0,0.0,0.0,0.0,0.0,0.0,1.0,0.0,1.0
Lam Research Corp.,0B57D7,2021-03-05,0.0,0.0,0.0,0.0,0.0,0.0,0.0,1.0,0.0,1.0
Lam Research Corp.,0B57D7,2021-03-06,0.0,0.0,0.0,0.0,0.0,0.0,0.0,1.0,0.0,1.0
Lam Research Corp.,0B57D7,2021-03-07,0.0,0.0,0.0,0.0,0.0,0.0,0.0,1.0,0.0,1.0
Lam Research Corp.,0B57D7,2021-03-08,0.0,0.0,0.0,0.0,0.0,0.0,0.0,1.0,0.0,1.0
Lam Research Corp.,0B57D7,2021-03-09,0.0,0.0,0.0,0.0,0.0,0.0,0.0,1.0,0.0,1.0
Lam Research Corp.,0B57D7,2021-03-10,0.0,0.0,0.0,0.0,0.0,0.0,0.0,1.0,0.0,1.0
Lam Research Corp.,0B57D7,2021-03-11,0.0,0.0,0.0,0.0,0.0,0.0,0.0,1.0,0.0,1.0
Lam Research Corp.,0B57D7,2021-03-12,0.0,0.0,0.0,0.0,0.0,0.0,0.0,1.0,0.0,1.0
Lam Research Corp.,0B57D7,2021-03-13,0.0,0.0,0.0,0.0,0.0,0.0,0.0,1.0,0.0,1.0
Lam Research Corp.,0B57D7,2021-06-22,1.0,1.0,0.0,0.0,0.0,1.0,1.0,1.0,1.0,1.0
Latch Inc.,960AA9,2021-06-09,-1.0,0.0,1.0,0.0,0.0,1.0,-1.0,-1.0,1.0,1.0
Lear Corp.,DAFED3,2021-05-07,-1.0,0.0,1.0,0.0,0.0,1.0,-1.0,-1.0,1.0,1.0
Leggett & Platt Inc.,9D4EC7,2021-02-09,-1.0,0.0,1.0,0.0,0.0,1.0,-1.0,-1.0,1.0,1.0
Lennar Corp.,91C82E,2021-03-24,-1.0,0.0,1.0,0.0,0.0,1.0,-1.0,-1.0,1.0,1.0
Li Auto Inc.,0B920C,2021-03-02,-1.0,0.0,1.0,0.0,0.0,1.0,-1.0,-1.0,1.0,1.0
Lightpath Technologies Inc.,C2E45A,2021-05-06,-1.0,0.0,2.0,0.0,0.0,2.0,-1.0,-1.0,2.0,2.0
Littelfuse Inc.,D06755,2021-02-03,-1.0,0.0,1.0,0.0,0.0,1.0,-1.0,-1.0,1.0,1.0
Littelfuse Inc.,D06755,2021-02-04,0.0,0.0,0.0,0.0,0.0,0.0,-1.0,-1.0,1.0,1.0
Littelfuse Inc.,D06755,2021-02-05,0.0,0.0,0.0,0.0,0.0,0.0,-1.0,-1.0,1.0,1.0
Littelfuse Inc.,D06755,2021-02-06,0.0,0.0,0.0,0.0,0.0,0.0,-1.0,-1.0,1.0,1.0
Littelfuse Inc.,D06755,2021-02-07,0.0,0.0,0.0,0.0,0.0,0.0,-1.0,-1.0,1.0,1.0
Littelfuse Inc.,D06755,2021-02-08,0.0,0.0,0.0,0.0,0.0,0.0,-1.0,-1.0,1.0,1.0
Littelfuse Inc.,D06755,2021-02-09,0.0,0.0,0.0,0.0,0.0,0.0,-1.0,-1.0,1.0,1.0
Littelfuse Inc.,D06755,2021-02-10,0.0,0.0,0.0,0.0,0.0,0.0,0.0,-1.0,0.0,1.0
Littelfuse Inc.,D06755,2021-02-11,0.0,0.0,0.0,0.0,0.0,0.0,0.0,-1.0,0.0,1.0
Littelfuse Inc.,D06755,2021-02-12,0.0,0.0,0.0,0.0,0.0,0.0,0.0,-1.0,0.0,1.0
Littelfuse Inc.,D06755,2021-02-13,0.0,0.0,0.0,0.0,0.0,0.0,0.0,-1.0,0.0,1.0
Littelfuse Inc.,D06755,2021-02-14,0.0,0.0,0.0,0.0,0.0,0.0,0.0,-1.0,0.0,1.0
Littelfuse Inc.,D06755,2021-02-15,0.0,0.0,0.0,0.0,0.0,0.0,0.0,-1.0,0.0,1.0
Littelfuse Inc.,D06755,2021-02-16,0.0,0.0,0.0,0.0,0.0,0.0,0.0,-1.0,0.0,1.0
Littelfuse Inc.,D06755,2021-02-17,0.0,0.0,0.0,0.0,0.0,0.0,0.0,-1.0,0.0,1.0
Littelfuse Inc.,D06755,2021-02-18,0.0,0.0,0.0,0.0,0.0,0.0,0.0,-1.0,0.0,1.0
Littelfuse Inc.,D06755,2021-02-19,0.0,0.0,0.0,0.0,0.0,0.0,0.0,-1.0,0.0,1.0
Littelfuse Inc.,D06755,2021-02-20,0.0,0.0,0.0,0.0,0.0,0.0,0.0,-1.0,0.0,1.0
Littelfuse Inc.,D06755,2021-02-21,0.0,0.0,0.0,0.0,0.0,0.0,0.0,-1.0,0.0,1.0
Littelfuse Inc.,D06755,2021-02-22,0.0,0.0,0.0,0.0,0.0,0.0,0.0,-1.0,0.0,1.0
Littelfuse Inc.,D06755,2021-02-23,0.0,0.0,0.0,0.0,0.0,0.0,0.0,-1.0,0.0,1.0
Littelfuse Inc.,D06755,2021-02-24,0.0,0.0,0.0,0.0,0.0,0.0,0.0,-1.0,0.0,1.0
Littelfuse Inc.,D06755,2021-02-25,0.0,0.0,0.0,0.0,0.0,0.0,0.0,-1.0,0.0,1.0
Littelfuse Inc.,D06755,2021-02-26,0.0,0.0,0.0,0.0,0.0,0.0,0.0,-1.0,0.0,1.0
Littelfuse Inc.,D06755,2021-02-27,0.0,0.0,0.0,0.0,0.0,0.0,0.0,-1.0,0.0,1.0
Littelfuse Inc.,D06755,2021-02-28,0.0,0.0,0.0,0.0,0.0,0.0,0.0,-1.0,0.0,1.0
Littelfuse Inc.,D06755,2021-03-01,0.0,0.0,0.0,0.0,0.0,0.0,0.0,-1.0,0.0,1.0
Littelfuse Inc.,D06755,2021-03-02,0.0,0.0,0.0,0.0,0.0,0.0,0.0,-1.0,0.0,1.0
Littelfuse Inc.,D06755,2021-03-03,0.0,0.0,0.0,0.0,0.0,0.0,0.0,-1.0,0.0,1.0
Littelfuse Inc.,D06755,2021-03-04,0.0,0.0,0.0,0.0,0.0,0.0,0.0,-1.0,0.0,1.0
Littelfuse Inc.,D06755,2021-04-28,-1.0,0.0,2.0,0.0,0.0,2.0,-1.0,-1.0,2.0,2.0
Logitech International S.A.,33649B,2021-03-01,-1.0,0.0,2.0,0.0,0.0,2.0,-1.0,-1.0,2.0,2.0
Logitech International S.A.,33649B,2021-03-02,0.0,0.0,0.0,0.0,0.0,0.0,-1.0,-1.0,2.0,2.0
Logitech International S.A.,33649B,2021-03-03,0.0,0.0,0.0,0.0,0.0,0.0,-1.0,-1.0,2.0,2.0
Logitech International S.A.,33649B,2021-03-04,0.0,0.0,0.0,0.0,0.0,0.0,-1.0,-1.0,2.0,2.0
Logitech International S.A.,33649B,2021-03-05,0.0,0.0,0.0,0.0,0.0,0.0,-1.0,-1.0,2.0,2.0
Logitech International S.A.,33649B,2021-03-06,0.0,0.0,0.0,0.0,0.0,0.0,-1.0,-1.0,2.0,2.0
Logitech International S.A.,33649B,2021-03-07,0.0,0.0,0.0,0.0,0.0,0.0,-1.0,-1.0,2.0,2.0
Logitech International S.A.,33649B,2021-03-08,0.0,0.0,0.0,0.0,0.0,0.0,0.0,-1.0,0.0,2.0
Logitech International S.A.,33649B,2021-03-09,0.0,0.0,0.0,0.0,0.0,0.0,0.0,-1.0,0.0,2.0
Logitech International S.A.,33649B,2021-03-10,0.0,0.0,0.0,0.0,0.0,0.0,0.0,-1.0,0.0,2.0
Logitech International S.A.,33649B,2021-03-11,0.0,0.0,0.0,0.0,0.0,0.0,0.0,-1.0,0.0,2.0
Logitech International S.A.,33649B,2021-03-12,0.0,0.0,0.0,0.0,0.0,0.0,0.0,-1.0,0.0,2.0
Logitech International S.A.,33649B,2021-03-13,0.0,0.0,0.0,0.0,0.0,0.0,0.0,-1.0,0.0,2.0
Logitech International S.A.,33649B,2021-03-14,0.0,0.0,0.0,0.0,0.0,0.0,0.0,-1.0,0.0,2.0
Logitech International S.A.,33649B,2021-03-15,0.0,0.0,0.0,0.0,0.0,0.0,0.0,-1.0,0.0,2.0
Logitech International S.A.,33649B,2021-03-16,0.0,0.0,0.0,0.0,0.0,0.0,0.0,-1.0,0.0,2.0
Logitech International S.A.,33649B,2021-03-17,0.0,0.0,0.0,0.0,0.0,0.0,0.0,-1.0,0.0,2.0
Logitech International S.A.,33649B,2021-03-18,0.0,0.0,0.0,0.0,0.0,0.0,0.0,-1.0,0.0,2.0
Logitech International S.A.,33649B,2021-03-19,0.0,0.0,0.0,0.0,0.0,0.0,0.0,-1.0,0.0,2.0
Logitech International S.A.,33649B,2021-03-20,0.0,0.0,0.0,0.0,0.0,0.0,0.0,-1.0,0.0,2.0
Logitech International S.A.,33649B,2021-03-21,0.0,0.0,0.0,0.0,0.0,0.0,0.0,-1.0,0.0,2.0
Logitech International S.A.,33649B,2021-03-22,0.0,0.0,0.0,0.0,0.0,0.0,0.0,-1.0,0.0,2.0
Logitech International S.A.,33649B,2021-03-23,0.0,0.0,0.0,0.0,0.0,0.0,0.0,-1.0,0.0,2.0
Logitech International S.A.,33649B,2021-03-24,0.0,0.0,0.0,0.0,0.0,0.0,0.0,-1.0,0.0,2.0
Logitech International S.A.,33649B,2021-03-25,0.0,0.0,0.0,0.0,0.0,0.0,0.0,-1.0,0.0,2.0
Logitech International S.A.,33649B,2021-03-26,0.0,0.0,0.0,0.0,0.0,0.0,0.0,-1.0,0.0,2.0
Logitech International S.A.,33649B,2021-03-27,0.0,0.0,0.0,0.0,0.0,0.0,0.0,-1.0,0.0,2.0
Logitech International S.A.,33649B,2021-03-28,0.0,0.0,0.0,0.0,0.0,0.0,0.0,-1.0,0.0,2.0
Logitech International S.A.,33649B,2021-03-29,0.0,0.0,0.0,0.0,0.0,0.0,0.0,-1.0,0.0,2.0
Logitech International S.A.,33649B,2021-03-30,0.0,0.0,0.0,0.0,0.0,0.0,0.0,-1.0,0.0,2.0
Logitech International S.A.,33649B,2021-04-29,-1.0,0.0,3.0,0.0,0.0,3.0,-1.0,-1.0,3.0,3.0
Lucid Group Inc.,BD3834,2021-02-22,-1.0,0.0,1.0,0.0,0.0,1.0,-1.0,-1.0,1.0,1.0
MP Materials Corp.,23EA2A,2021-06-13,-1.0,0.0,1.0,0.0,0.0,1.0,-1.0,-1.0,1.0,1.0
MSC Industrial Direct Co. Inc.,74E288,2021-04-07,1.0,1.0,0.0,0.0,0.0,1.0,1.0,1.0,1.0,1.0
MagnaChip Semiconductor Corp.,548BF5,2021-02-17,-1.0,0.0,1.0,0.0,0.0,1.0,-1.0,-1.0,1.0,1.0
Manitowoc Co. Inc.,7B1156,2021-05-06,-1.0,0.0,1.0,0.0,0.0,1.0,-1.0,-1.0,1.0,1.0
Marvell Technology Inc.,E7D47B,2021-03-03,-1.0,0.0,3.0,0.0,0.0,3.0,-1.0,-1.0,3.0,3.0
Marvell Technology Inc.,E7D47B,2021-03-04,0.0,0.0,0.0,0.0,0.0,0.0,-1.0,-1.0,3.0,3.0
Marvell Technology Inc.,E7D47B,2021-03-05,0.0,0.0,0.0,0.0,0.0,0.0,-1.0,-1.0,3.0,3.0
Marvell Technology Inc.,E7D47B,2021-03-06,0.0,0.0,0.0,0.0,0.0,0.0,-1.0,-1.0,3.0,3.0
Marvell Technology Inc.,E7D47B,2021-03-07,0.0,0.0,0.0,0.0,0.0,0.0,-1.0,-1.0,3.0,3.0
Marvell Technology Inc.,E7D47B,2021-03-08,0.0,0.0,0.0,0.0,0.0,0.0,-1.0,-1.0,3.0,3.0
Marvell Technology Inc.,E7D47B,2021-03-09,0.0,0.0,0.0,0.0,0.0,0.0,-1.0,-1.0,3.0,3.0
Marvell Technology Inc.,E7D47B,2021-03-10,0.0,0.0,0.0,0.0,0.0,0.0,0.0,-1.0,0.0,3.0
Marvell Technology Inc.,E7D47B,2021-03-11,0.0,0.0,0.0,0.0,0.0,0.0,0.0,-1.0,0.0,3.0
Marvell Technology Inc.,E7D47B,2021-03-12,0.0,0.0,0.0,0.0,0.0,0.0,0.0,-1.0,0.0,3.0
Marvell Technology Inc.,E7D47B,2021-03-13,0.0,0.0,0.0,0.0,0.0,0.0,0.0,-1.0,0.0,3.0
Marvell Technology Inc.,E7D47B,2021-03-14,0.0,0.0,0.0,0.0,0.0,0.0,0.0,-1.0,0.0,3.0
Marvell Technology Inc.,E7D47B,2021-03-15,0.0,0.0,0.0,0.0,0.0,0.0,0.0,-1.0,0.0,3.0
Marvell Technology Inc.,E7D47B,2021-03-16,0.0,0.0,0.0,0.0,0.0,0.0,0.0,-1.0,0.0,3.0
Marvell Technology Inc.,E7D47B,2021-03-17,0.0,0.0,0.0,0.0,0.0,0.0,0.0,-1.0,0.0,3.0
Marvell Technology Inc.,E7D47B,2021-03-18,0.0,0.0,0.0,0.0,0.0,0.0,0.0,-1.0,0.0,3.0
Marvell Technology Inc.,E7D47B,2021-03-19,0.0,0.0,0.0,0.0,0.0,0.0,0.0,-1.0,0.0,3.0
Marvell Technology Inc.,E7D47B,2021-03-20,0.0,0.0,0.0,0.0,0.0,0.0,0.0,-1.0,0.0,3.0
Marvell Technology Inc.,E7D47B,2021-03-21,0.0,0.0,0.0,0.0,0.0,0.0,0.0,-1.0,0.0,3.0
Marvell Technology Inc.,E7D47B,2021-03-22,0.0,0.0,0.0,0.0,0.0,0.0,0.0,-1.0,0.0,3.0
Marvell Technology Inc.,E7D47B,2021-03-23,0.0,0.0,0.0,0.0,0.0,0.0,0.0,-1.0,0.0,3.0
Marvell Technology Inc.,E7D47B,2021-03-24,0.0,0.0,0.0,0.0,0.0,0.0,0.0,-1.0,0.0,3.0
Marvell Technology Inc.,E7D47B,2021-03-25,0.0,0.0,0.0,0.0,0.0,0.0,0.0,-1.0,0.0,3.0
Marvell Technology Inc.,E7D47B,2021-03-26,0.0,0.0,0.0,0.0,0.0,0.0,0.0,-1.0,0.0,3.0
Marvell Technology Inc.,E7D47B,2021-03-27,0.0,0.0,0.0,0.0,0.0,0.0,0.0,-1.0,0.0,3.0
Marvell Technology Inc.,E7D47B,2021-03-28,0.0,0.0,0.0,0.0,0.0,0.0,0.0,-1.0,0.0,3.0
Marvell Technology Inc.,E7D47B,2021-03-29,0.0,0.0,0.0,0.0,0.0,0.0,0.0,-1.0,0.0,3.0
Marvell Technology Inc.,E7D47B,2021-03-30,0.0,0.0,0.0,0.0,0.0,0.0,0.0,-1.0,0.0,3.0
Marvell Technology Inc.,E7D47B,2021-03-31,0.0,0.0,0.0,0.0,0.0,0.0,0.0,-1.0,0.0,3.0
Marvell Technology Inc.,E7D47B,2021-04-01,0.0,0.0,0.0,0.0,0.0,0.0,0.0,-1.0,0.0,3.0
Marvell Technology Inc.,E7D47B,2021-06-10,-1.0,0.0,1.0,0.0,0.0,1.0,-1.0,-1.0,1.0,1.0
MaxLinear Inc.,B83BCE,2021-04-28,-1.0,0.0,1.0,0.0,0.0,1.0,-1.0,-1.0,1.0,1.0
Maxeon Solar Technologies Ltd.,739268,2021-02-17,-1.0,0.0,1.0,0.0,0.0,1.0,-1.0,-1.0,1.0,1.0
McDonald's Corp.,954E30,2021-03-01,-1.0,0.0,1.0,0.0,0.0,1.0,-1.0,-1.0,1.0,1.0
Mercedes-Benz Group AG,D6AAF0,2021-01-08,-1.0,0.0,1.0,0.0,0.0,1.0,-1.0,-1.0,1.0,1.0
Mercedes-Benz Group AG,D6AAF0,2021-01-09,0.0,0.0,0.0,0.0,0.0,0.0,-1.0,-1.0,1.0,1.0
Mercedes-Benz Group AG,D6AAF0,2021-01-10,0.0,0.0,0.0,0.0,0.0,0.0,-1.0,-1.0,1.0,1.0
Mercedes-Benz Group AG,D6AAF0,2021-01-11,0.0,0.0,0.0,0.0,0.0,0.0,-1.0,-1.0,1.0,1.0
Mercedes-Benz Group AG,D6AAF0,2021-01-12,-1.0,0.0,1.0,0.0,0.0,1.0,-2.0,-2.0,2.0,2.0
Mercedes-Benz Group AG,D6AAF0,2021-01-13,0.0,0.0,0.0,0.0,0.0,0.0,-2.0,-2.0,2.0,2.0
Mercedes-Benz Group AG,D6AAF0,2021-01-14,0.0,0.0,0.0,0.0,0.0,0.0,-2.0,-2.0,2.0,2.0
Mercedes-Benz Group AG,D6AAF0,2021-01-15,0.0,0.0,0.0,0.0,0.0,0.0,-1.0,-2.0,1.0,2.0
Mercedes-Benz Group AG,D6AAF0,2021-01-16,0.0,0.0,0.0,0.0,0.0,0.0,-1.0,-2.0,1.0,2.0
Mercedes-Benz Group AG,D6AAF0,2021-01-17,0.0,0.0,0.0,0.0,0.0,0.0,-1.0,-2.0,1.0,2.0
Mercedes-Benz Group AG,D6AAF0,2021-01-18,0.0,0.0,0.0,0.0,0.0,0.0,-1.0,-2.0,1.0,2.0
Mercedes-Benz Group AG,D6AAF0,2021-01-19,-1.0,0.0,2.0,0.0,0.0,2.0,-1.0,-3.0,2.0,4.0
Mercedes-Benz Group AG,D6AAF0,2021-01-20,0.0,0.0,0.0,0.0,0.0,0.0,-1.0,-3.0,2.0,4.0
Mercedes-Benz Group AG,D6AAF0,2021-01-21,0.0,0.0,0.0,0.0,0.0,0.0,-1.0,-3.0,2.0,4.0
Mercedes-Benz Group AG,D6AAF0,2021-01-22,0.0,0.0,0.0,0.0,0.0,0.0,-1.0,-3.0,2.0,4.0
Mercedes-Benz Group AG,D6AAF0,2021-01-23,0.0,0.0,0.0,0.0,0.0,0.0,-1.0,-3.0,2.0,4.0
Mercedes-Benz Group AG,D6AAF0,2021-01-24,0.0,0.0,0.0,0.0,0.0,0.0,-1.0,-3.0,2.0,4.0
Mercedes-Benz Group AG,D6AAF0,2021-01-25,0.0,0.0,0.0,0.0,0.0,0.0,-1.0,-3.0,2.0,4.0
Mercedes-Benz Group AG,D6AAF0,2021-01-26,0.0,0.0,0.0,0.0,0.0,0.0,0.0,-3.0,0.0,4.0
Mercedes-Benz Group AG,D6AAF0,2021-01-27,0.0,0.0,0.0,0.0,0.0,0.0,0.0,-3.0,0.0,4.0
Mercedes-Benz Group AG,D6AAF0,2021-01-28,0.0,0.0,0.0,0.0,0.0,0.0,0.0,-3.0,0.0,4.0
Mercedes-Benz Group AG,D6AAF0,2021-01-29,0.0,0.0,0.0,0.0,0.0,0.0,0.0,-3.0,0.0,4.0
Mercedes-Benz Group AG,D6AAF0,2021-01-30,0.0,0.0,0.0,0.0,0.0,0.0,0.0,-3.0,0.0,4.0
Mercedes-Benz Group AG,D6AAF0,2021-01-31,0.0,0.0,0.0,0.0,0.0,0.0,0.0,-3.0,0.0,4.0
Mercedes-Benz Group AG,D6AAF0,2021-02-01,0.0,0.0,0.0,0.0,0.0,0.0,0.0,-3.0,0.0,4.0
Mercedes-Benz Group AG,D6AAF0,2021-02-02,0.0,0.0,0.0,0.0,0.0,0.0,0.0,-3.0,0.0,4.0
Mercedes-Benz Group AG,D6AAF0,2021-02-03,0.0,0.0,0.0,0.0,0.0,0.0,0.0,-3.0,0.0,4.0
Mercedes-Benz Group AG,D6AAF0,2021-02-04,0.0,0.0,0.0,0.0,0.0,0.0,0.0,-3.0,0.0,4.0
Mercedes-Benz Group AG,D6AAF0,2021-02-05,-1.0,0.0,2.0,0.0,0.0,2.0,-1.0,-4.0,2.0,6.0
Mercedes-Benz Group AG,D6AAF0,2021-02-06,0.0,0.0,0.0,0.0,0.0,0.0,-1.0,-4.0,2.0,6.0
Mercedes-Benz Group AG,D6AAF0,2021-02-07,0.0,0.0,0.0,0.0,0.0,0.0,-1.0,-3.0,2.0,5.0
Mercedes-Benz Group AG,D6AAF0,2021-02-08,0.0,0.0,0.0,0.0,0.0,0.0,-1.0,-3.0,2.0,5.0
Mercedes-Benz Group AG,D6AAF0,2021-02-09,0.0,0.0,0.0,0.0,0.0,0.0,-1.0,-3.0,2.0,5.0
Mercedes-Benz Group AG,D6AAF0,2021-02-10,0.0,0.0,0.0,0.0,0.0,0.0,-1.0,-3.0,2.0,5.0
Mercedes-Benz Group AG,D6AAF0,2021-02-11,0.0,0.0,0.0,0.0,0.0,0.0,-1.0,-2.0,2.0,4.0
Mercedes-Benz Group AG,D6AAF0,2021-02-12,0.0,0.0,0.0,0.0,0.0,0.0,0.0,-2.0,0.0,4.0
Mercedes-Benz Group AG,D6AAF0,2021-02-13,0.0,0.0,0.0,0.0,0.0,0.0,0.0,-2.0,0.0,4.0
Mercedes-Benz Group AG,D6AAF0,2021-02-14,0.0,0.0,0.0,0.0,0.0,0.0,0.0,-2.0,0.0,4.0
Mercedes-Benz Group AG,D6AAF0,2021-02-15,0.0,0.0,0.0,0.0,0.0,0.0,0.0,-2.0,0.0,4.0
Mercedes-Benz Group AG,D6AAF0,2021-02-16,0.0,0.0,0.0,0.0,0.0,0.0,0.0,-2.0,0.0,4.0
Mercedes-Benz Group AG,D6AAF0,2021-02-17,0.0,0.0,0.0,0.0,0.0,0.0,0.0,-2.0,0.0,4.0
Mercedes-Benz Group AG,D6AAF0,2021-02-18,0.0,0.0,0.0,0.0,0.0,0.0,0.0,-1.0,0.0,2.0
Mercedes-Benz Group AG,D6AAF0,2021-02-19,0.0,0.0,0.0,0.0,0.0,0.0,0.0,-1.0,0.0,2.0
Mercedes-Benz Group AG,D6AAF0,2021-02-20,0.0,0.0,0.0,0.0,0.0,0.0,0.0,-1.0,0.0,2.0
Mercedes-Benz Group AG,D6AAF0,2021-02-21,0.0,0.0,0.0,0.0,0.0,0.0,0.0,-1.0,0.0,2.0
Mercedes-Benz Group AG,D6AAF0,2021-02-22,0.0,0.0,0.0,0.0,0.0,0.0,0.0,-1.0,0.0,2.0
Mercedes-Benz Group AG,D6AAF0,2021-02-23,0.0,0.0,0.0,0.0,0.0,0.0,0.0,-1.0,0.0,2.0
Mercedes-Benz Group AG,D6AAF0,2021-02-24,0.0,0.0,0.0,0.0,0.0,0.0,0.0,-1.0,0.0,2.0
Mercedes-Benz Group AG,D6AAF0,2021-02-25,-1.0,0.0,1.0,0.0,0.0,1.0,-1.0,-2.0,1.0,3.0
Mercedes-Benz Group AG,D6AAF0,2021-02-26,0.0,0.0,0.0,0.0,0.0,0.0,-1.0,-2.0,1.0,3.0
Mercedes-Benz Group AG,D6AAF0,2021-02-27,0.0,0.0,0.0,0.0,0.0,0.0,-1.0,-2.0,1.0,3.0
Mercedes-Benz Group AG,D6AAF0,2021-02-28,0.0,0.0,0.0,0.0,0.0,0.0,-1.0,-2.0,1.0,3.0
Mercedes-Benz Group AG,D6AAF0,2021-03-01,0.0,0.0,0.0,0.0,0.0,0.0,-1.0,-2.0,1.0,3.0
Mercedes-Benz Group AG,D6AAF0,2021-03-02,0.0,0.0,0.0,0.0,0.0,0.0,-1.0,-2.0,1.0,3.0
Mercedes-Benz Group AG,D6AAF0,2021-03-03,0.0,0.0,0.0,0.0,0.0,0.0,-1.0,-2.0,1.0,3.0
Mercedes-Benz Group AG,D6AAF0,2021-03-04,0.0,0.0,0.0,0.0,0.0,0.0,0.0,-2.0,0.0,3.0
Mercedes-Benz Group AG,D6AAF0,2021-03-05,0.0,0.0,0.0,0.0,0.0,0.0,0.0,-2.0,0.0,3.0
Mercedes-Benz Group AG,D6AAF0,2021-03-06,0.0,0.0,0.0,0.0,0.0,0.0,0.0,-2.0,0.0,3.0
Mercedes-Benz Group AG,D6AAF0,2021-03-07,0.0,0.0,0.0,0.0,0.0,0.0,0.0,-1.0,0.0,1.0
Mercedes-Benz Group AG,D6AAF0,2021-03-08,0.0,0.0,0.0,0.0,0.0,0.0,0.0,-1.0,0.0,1.0
Mercedes-Benz Group AG,D6AAF0,2021-03-09,0.0,0.0,0.0,0.0,0.0,0.0,0.0,-1.0,0.0,1.0
Mercedes-Benz Group AG,D6AAF0,2021-03-10,0.0,0.0,0.0,0.0,0.0,0.0,0.0,-1.0,0.0,1.0
Mercedes-Benz Group AG,D6AAF0,2021-03-11,0.0,0.0,0.0,0.0,0.0,0.0,0.0,-1.0,0.0,1.0
Mercedes-Benz Group AG,D6AAF0,2021-03-12,0.0,0.0,0.0,0.0,0.0,0.0,0.0,-1.0,0.0,1.0
Mercedes-Benz Group AG,D6AAF0,2021-03-13,0.0,0.0,0.0,0.0,0.0,0.0,0.0,-1.0,0.0,1.0
Mercedes-Benz Group AG,D6AAF0,2021-03-14,0.0,0.0,0.0,0.0,0.0,0.0,0.0,-1.0,0.0,1.0
Mercedes-Benz Group AG,D6AAF0,2021-03-15,0.0,0.0,0.0,0.0,0.0,0.0,0.0,-1.0,0.0,1.0
Mercedes-Benz Group AG,D6AAF0,2021-03-16,0.0,0.0,0.0,0.0,0.0,0.0,0.0,-1.0,0.0,1.0
Mercedes-Benz Group AG,D6AAF0,2021-03-17,0.0,0.0,0.0,0.0,0.0,0.0,0.0,-1.0,0.0,1.0
Mercedes-Benz Group AG,D6AAF0,2021-03-18,0.0,0.0,0.0,0.0,0.0,0.0,0.0,-1.0,0.0,1.0
Mercedes-Benz Group AG,D6AAF0,2021-03-19,0.0,0.0,0.0,0.0,0.0,0.0,0.0,-1.0,0.0,1.0
Mercedes-Benz Group AG,D6AAF0,2021-03-20,0.0,0.0,0.0,0.0,0.0,0.0,0.0,-1.0,0.0,1.0
Mercedes-Benz Group AG,D6AAF0,2021-03-21,0.0,0.0,0.0,0.0,0.0,0.0,0.0,-1.0,0.0,1.0
Mercedes-Benz Group AG,D6AAF0,2021-03-22,0.0,0.0,0.0,0.0,0.0,0.0,0.0,-1.0,0.0,1.0
Mercedes-Benz Group AG,D6AAF0,2021-03-23,0.0,0.0,0.0,0.0,0.0,0.0,0.0,-1.0,0.0,1.0
Mercedes-Benz Group AG,D6AAF0,2021-03-24,0.0,0.0,0.0,0.0,0.0,0.0,0.0,-1.0,0.0,1.0
Mercedes-Benz Group AG,D6AAF0,2021-03-25,0.0,0.0,0.0,0.0,0.0,0.0,0.0,-1.0,0.0,1.0
Mercedes-Benz Group AG,D6AAF0,2021-03-26,0.0,0.0,0.0,0.0,0.0,0.0,0.0,-1.0,0.0,1.0
Mercedes-Benz Group AG,D6AAF0,2021-04-14,-1.0,0.0,1.0,0.0,0.0,1.0,-1.0,-1.0,1.0,1.0
Mercedes-Benz Group AG,D6AAF0,2021-04-15,0.0,0.0,0.0,0.0,0.0,0.0,-1.0,-1.0,1.0,1.0
Mercedes-Benz Group AG,D6AAF0,2021-04-16,0.0,0.0,0.0,0.0,0.0,0.0,-1.0,-1.0,1.0,1.0
Mercedes-Benz Group AG,D6AAF0,2021-04-17,0.0,0.0,0.0,0.0,0.0,0.0,-1.0,-1.0,1.0,1.0
Mercedes-Benz Group AG,D6AAF0,2021-04-18,0.0,0.0,0.0,0.0,0.0,0.0,-1.0,-1.0,1.0,1.0
Mercedes-Benz Group AG,D6AAF0,2021-04-19,0.0,0.0,0.0,0.0,0.0,0.0,-1.0,-1.0,1.0,1.0
Mercedes-Benz Group AG,D6AAF0,2021-04-20,0.0,0.0,0.0,0.0,0.0,0.0,-1.0,-1.0,1.0,1.0
Mercedes-Benz Group AG,D6AAF0,2021-04-21,-1.0,0.0,1.0,0.0,0.0,1.0,-1.0,-2.0,1.0,2.0
Mercedes-Benz Group AG,D6AAF0,2021-04-22,0.0,0.0,0.0,0.0,0.0,0.0,-1.0,-2.0,1.0,2.0
Mercedes-Benz Group AG,D6AAF0,2021-04-23,-1.0,0.0,1.0,0.0,0.0,1.0,-2.0,-3.0,2.0,3.0
Mercedes-Benz Group AG,D6AAF0,2021-04-24,-1.0,0.0,1.0,0.0,0.0,1.0,-3.0,-4.0,3.0,4.0
Mercedes-Benz Group AG,D6AAF0,2021-04-25,0.0,0.0,0.0,0.0,0.0,0.0,-3.0,-4.0,3.0,4.0
Mercedes-Benz Group AG,D6AAF0,2021-04-26,0.0,0.0,0.0,0.0,0.0,0.0,-3.0,-4.0,3.0,4.0
Mercedes-Benz Group AG,D6AAF0,2021-04-27,0.0,0.0,0.0,0.0,0.0,0.0,-3.0,-4.0,3.0,4.0
Mercedes-Benz Group AG,D6AAF0,2021-04-28,0.0,0.0,0.0,0.0,0.0,0.0,-2.0,-4.0,2.0,4.0
Mercedes-Benz Group AG,D6AAF0,2021-04-29,0.0,0.0,0.0,0.0,0.0,0.0,-2.0,-4.0,2.0,4.0
Mercedes-Benz Group AG,D6AAF0,2021-04-30,0.0,0.0,0.0,0.0,0.0,0.0,-1.0,-4.0,1.0,4.0
Mercedes-Benz Group AG,D6AAF0,2021-05-01,0.0,0.0,0.0,0.0,0.0,0.0,0.0,-4.0,0.0,4.0
Mercedes-Benz Group AG,D6AAF0,2021-05-02,0.0,0.0,0.0,0.0,0.0,0.0,0.0,-4.0,0.0,4.0
Mercedes-Benz Group AG,D6AAF0,2021-05-03,0.0,0.0,0.0,0.0,0.0,0.0,0.0,-4.0,0.0,4.0
Mercedes-Benz Group AG,D6AAF0,2021-05-04,0.0,0.0,0.0,0.0,0.0,0.0,0.0,-4.0,0.0,4.0
Mercedes-Benz Group AG,D6AAF0,2021-05-05,0.0,0.0,0.0,0.0,0.0,0.0,0.0,-4.0,0.0,4.0
Mercedes-Benz Group AG,D6AAF0,2021-05-06,0.0,0.0,0.0,0.0,0.0,0.0,0.0,-4.0,0.0,4.0
Mercedes-Benz Group AG,D6AAF0,2021-05-07,0.0,0.0,0.0,0.0,0.0,0.0,0.0,-4.0,0.0,4.0
Mercedes-Benz Group AG,D6AAF0,2021-05-08,0.0,0.0,0.0,0.0,0.0,0.0,0.0,-4.0,0.0,4.0
Mercedes-Benz Group AG,D6AAF0,2021-05-09,0.0,0.0,0.0,0.0,0.0,0.0,0.0,-4.0,0.0,4.0
Mercedes-Benz Group AG,D6AAF0,2021-05-10,0.0,0.0,0.0,0.0,0.0,0.0,0.0,-4.0,0.0,4.0
Mercedes-Benz Group AG,D6AAF0,2021-05-11,0.0,0.0,0.0,0.0,0.0,0.0,0.0,-4.0,0.0,4.0
Mercedes-Benz Group AG,D6AAF0,2021-05-12,0.0,0.0,0.0,0.0,0.0,0.0,0.0,-4.0,0.0,4.0
Mercedes-Benz Group AG,D6AAF0,2021-05-13,0.0,0.0,0.0,0.0,0.0,0.0,0.0,-4.0,0.0,4.0
Mercedes-Benz Group AG,D6AAF0,2021-05-14,0.0,0.0,0.0,0.0,0.0,0.0,0.0,-3.0,0.0,3.0
Mercedes-Benz Group AG,D6AAF0,2021-05-15,0.0,0.0,0.0,0.0,0.0,0.0,0.0,-3.0,0.0,3.0
Mercedes-Benz Group AG,D6AAF0,2021-05-16,0.0,0.0,0.0,0.0,0.0,0.0,0.0,-3.0,0.0,3.0
Mercedes-Benz Group AG,D6AAF0,2021-05-17,0.0,0.0,0.0,0.0,0.0,0.0,0.0,-3.0,0.0,3.0
Mercedes-Benz Group AG,D6AAF0,2021-05-18,0.0,0.0,0.0,0.0,0.0,0.0,0.0,-3.0,0.0,3.0
Mercedes-Benz Group AG,D6AAF0,2021-05-19,0.0,0.0,0.0,0.0,0.0,0.0,0.0,-3.0,0.0,3.0
Mercedes-Benz Group AG,D6AAF0,2021-05-20,0.0,0.0,0.0,0.0,0.0,0.0,0.0,-3.0,0.0,3.0
Mercedes-Benz Group AG,D6AAF0,2021-05-21,0.0,0.0,0.0,0.0,0.0,0.0,0.0,-2.0,0.0,2.0
Mercedes-Benz Group AG,D6AAF0,2021-05-22,0.0,0.0,0.0,0.0,0.0,0.0,0.0,-2.0,0.0,2.0
Mercedes-Benz Group AG,D6AAF0,2021-05-23,0.0,0.0,0.0,0.0,0.0,0.0,0.0,-1.0,0.0,1.0
Mercedes-Benz Group AG,D6AAF0,2021-06-08,-1.0,0.0,1.0,0.0,0.0,1.0,-1.0,-1.0,1.0,1.0
Metallus Inc.,061A3B,2021-05-07,-1.0,0.0,1.0,0.0,0.0,1.0,-1.0,-1.0,1.0,1.0
Methode Electronics Inc.,FDE409,2021-03-04,-0.6666666666666666,0.0,2.0,1.0,0.0,3.0,-0.6666666666666666,-0.6666666666666666,3.0,3.0
Micron Technology Inc.,49BBBC,2021-01-12,-1.0,0.0,1.0,0.0,0.0,1.0,-1.0,-1.0,1.0,1.0
Micron Technology Inc.,49BBBC,2021-01-13,0.0,0.0,0.0,0.0,0.0,0.0,-1.0,-1.0,1.0,1.0
Micron Technology Inc.,49BBBC,2021-01-14,0.0,0.0,0.0,0.0,0.0,0.0,-1.0,-1.0,1.0,1.0
Micron Technology Inc.,49BBBC,2021-01-15,0.0,0.0,0.0,0.0,0.0,0.0,-1.0,-1.0,1.0,1.0
Micron Technology Inc.,49BBBC,2021-01-16,0.0,0.0,0.0,0.0,0.0,0.0,-1.0,-1.0,1.0,1.0
Micron Technology Inc.,49BBBC,2021-01-17,0.0,0.0,0.0,0.0,0.0,0.0,-1.0,-1.0,1.0,1.0
Micron Technology Inc.,49BBBC,2021-01-18,0.0,0.0,0.0,0.0,0.0,0.0,-1.0,-1.0,1.0,1.0
Micron Technology Inc.,49BBBC,2021-01-19,0.0,0.0,0.0,0.0,0.0,0.0,0.0,-1.0,0.0,1.0
Micron Technology Inc.,49BBBC,2021-01-20,0.0,0.0,0.0,0.0,0.0,0.0,0.0,-1.0,0.0,1.0
Micron Technology Inc.,49BBBC,2021-01-21,0.0,0.0,0.0,0.0,0.0,0.0,0.0,-1.0,0.0,1.0
Micron Technology Inc.,49BBBC,2021-01-22,0.0,0.0,0.0,0.0,0.0,0.0,0.0,-1.0,0.0,1.0
Micron Technology Inc.,49BBBC,2021-01-23,0.0,0.0,0.0,0.0,0.0,0.0,0.0,-1.0,0.0,1.0
Micron Technology Inc.,49BBBC,2021-01-24,0.0,0.0,0.0,0.0,0.0,0.0,0.0,-1.0,0.0,1.0
Micron Technology Inc.,49BBBC,2021-01-25,0.0,0.0,0.0,0.0,0.0,0.0,0.0,-1.0,0.0,1.0
Micron Technology Inc.,49BBBC,2021-01-26,0.0,0.0,0.0,0.0,0.0,0.0,0.0,-1.0,0.0,1.0
Micron Technology Inc.,49BBBC,2021-01-27,0.0,0.0,0.0,0.0,0.0,0.0,0.0,-1.0,0.0,1.0
Micron Technology Inc.,49BBBC,2021-01-28,0.0,0.0,0.0,0.0,0.0,0.0,0.0,-1.0,0.0,1.0
Micron Technology Inc.,49BBBC,2021-01-29,0.0,0.0,0.0,0.0,0.0,0.0,0.0,-1.0,0.0,1.0
Micron Technology Inc.,49BBBC,2021-01-30,0.0,0.0,0.0,0.0,0.0,0.0,0.0,-1.0,0.0,1.0
Micron Technology Inc.,49BBBC,2021-01-31,0.0,0.0,0.0,0.0,0.0,0.0,0.0,-1.0,0.0,1.0
Micron Technology Inc.,49BBBC,2021-02-01,0.0,0.0,0.0,0.0,0.0,0.0,0.0,-1.0,0.0,1.0
Micron Technology Inc.,49BBBC,2021-02-02,0.0,0.0,0.0,0.0,0.0,0.0,0.0,-1.0,0.0,1.0
Micron Technology Inc.,49BBBC,2021-02-03,0.0,0.0,0.0,0.0,0.0,0.0,0.0,-1.0,0.0,1.0
Micron Technology Inc.,49BBBC,2021-02-04,0.0,0.0,0.0,0.0,0.0,0.0,0.0,-1.0,0.0,1.0
Micron Technology Inc.,49BBBC,2021-02-05,0.0,0.0,0.0,0.0,0.0,0.0,0.0,-1.0,0.0,1.0
Micron Technology Inc.,49BBBC,2021-02-06,0.0,0.0,0.0,0.0,0.0,0.0,0.0,-1.0,0.0,1.0
Micron Technology Inc.,49BBBC,2021-02-07,0.0,0.0,0.0,0.0,0.0,0.0,0.0,-1.0,0.0,1.0
Micron Technology Inc.,49BBBC,2021-02-08,0.0,0.0,0.0,0.0,0.0,0.0,0.0,-1.0,0.0,1.0
Micron Technology Inc.,49BBBC,2021-02-09,0.0,0.0,0.0,0.0,0.0,0.0,0.0,-1.0,0.0,1.0
Micron Technology Inc.,49BBBC,2021-02-10,0.0,0.0,0.0,0.0,0.0,0.0,0.0,-1.0,0.0,1.0
Micron Technology Inc.,49BBBC,2021-06-22,1.0,1.0,0.0,0.0,0.0,1.0,1.0,1.0,1.0,1.0
Micron Technology Inc.,49BBBC,2021-06-23,0.0,0.0,0.0,0.0,0.0,0.0,1.0,1.0,1.0,1.0
Micron Technology Inc.,49BBBC,2021-06-24,0.0,0.0,0.0,0.0,0.0,0.0,1.0,1.0,1.0,1.0
Micron Technology Inc.,49BBBC,2021-06-25,0.0,0.0,0.0,0.0,0.0,0.0,1.0,1.0,1.0,1.0
Micron Technology Inc.,49BBBC,2021-06-26,0.0,0.0,0.0,0.0,0.0,0.0,1.0,1.0,1.0,1.0
Micron Technology Inc.,49BBBC,2021-06-27,0.0,0.0,0.0,0.0,0.0,0.0,1.0,1.0,1.0,1.0
Micron Technology Inc.,49BBBC,2021-06-28,0.0,0.0,0.0,0.0,0.0,0.0,1.0,1.0,1.0,1.0
Micron Technology Inc.,49BBBC,2021-06-29,0.0,0.0,0.0,0.0,0.0,0.0,0.0,1.0,0.0,1.0
Micron Technology Inc.,49BBBC,2021-06-30,-0.3333333333333333,1.0,2.0,0.0,0.0,3.0,-0.3333333333333333,0.6666666666666667,3.0,4.0
Microsoft Corp.,228D42,2021-01-25,-1.0,0.0,1.0,0.0,0.0,1.0,-1.0,-1.0,1.0,1.0
Microsoft Corp.,228D42,2021-01-26,0.0,0.0,0.0,0.0,0.0,0.0,-1.0,-1.0,1.0,1.0
Microsoft Corp.,228D42,2021-01-27,0.0,0.0,0.0,0.0,0.0,0.0,-1.0,-1.0,1.0,1.0
Microsoft Corp.,228D42,2021-01-28,0.0,0.0,0.0,0.0,0.0,0.0,-1.0,-1.0,1.0,1.0
Microsoft Corp.,228D42,2021-01-29,0.0,0.0,0.0,0.0,0.0,0.0,-1.0,-1.0,1.0,1.0
Microsoft Corp.,228D42,2021-01-30,0.0,0.0,0.0,0.0,0.0,0.0,-1.0,-1.0,1.0,1.0
Microsoft Corp.,228D42,2021-01-31,0.0,0.0,0.0,0.0,0.0,0.0,-1.0,-1.0,1.0,1.0
Microsoft Corp.,228D42,2021-02-01,0.0,0.0,0.0,0.0,0.0,0.0,0.0,-1.0,0.0,1.0
Microsoft Corp.,228D42,2021-02-02,0.0,0.0,0.0,0.0,0.0,0.0,0.0,-1.0,0.0,1.0
Microsoft Corp.,228D42,2021-02-03,0.0,0.0,0.0,0.0,0.0,0.0,0.0,-1.0,0.0,1.0
Microsoft Corp.,228D42,2021-02-04,0.0,0.0,0.0,0.0,0.0,0.0,0.0,-1.0,0.0,1.0
Microsoft Corp.,228D42,2021-02-05,0.0,0.0,0.0,0.0,0.0,0.0,0.0,-1.0,0.0,1.0
Microsoft Corp.,228D42,2021-02-06,0.0,0.0,0.0,0.0,0.0,0.0,0.0,-1.0,0.0,1.0
Microsoft Corp.,228D42,2021-02-07,0.0,0.0,0.0,0.0,0.0,0.0,0.0,-1.0,0.0,1.0
Microsoft Corp.,228D42,2021-02-08,0.0,0.0,0.0,0.0,0.0,0.0,0.0,-1.0,0.0,1.0
Microsoft Corp.,228D42,2021-02-09,0.0,0.0,0.0,0.0,0.0,0.0,0.0,-1.0,0.0,1.0
Microsoft Corp.,228D42,2021-02-10,0.0,0.0,0.0,0.0,0.0,0.0,0.0,-1.0,0.0,1.0
Microsoft Corp.,228D42,2021-02-11,-1.0,0.0,1.0,0.0,0.0,1.0,-1.0,-2.0,1.0,2.0
Microsoft Corp.,228D42,2021-02-12,0.0,0.0,0.0,0.0,0.0,0.0,-1.0,-2.0,1.0,2.0
Microsoft Corp.,228D42,2021-02-13,0.0,0.0,0.0,0.0,0.0,0.0,-1.0,-2.0,1.0,2.0
Microsoft Corp.,228D42,2021-02-14,0.0,0.0,0.0,0.0,0.0,0.0,-1.0,-2.0,1.0,2.0
Microsoft Corp.,228D42,2021-02-15,0.0,0.0,0.0,0.0,0.0,0.0,-1.0,-2.0,1.0,2.0
Microsoft Corp.,228D42,2021-02-16,0.0,0.0,0.0,0.0,0.0,0.0,-1.0,-2.0,1.0,2.0
Microsoft Corp.,228D42,2021-02-17,0.0,0.0,0.0,0.0,0.0,0.0,-1.0,-2.0,1.0,2.0
Microsoft Corp.,228D42,2021-02-18,0.0,0.0,0.0,0.0,0.0,0.0,0.0,-2.0,0.0,2.0
Microsoft Corp.,228D42,2021-02-19,0.0,0.0,0.0,0.0,0.0,0.0,0.0,-2.0,0.0,2.0
Microsoft Corp.,228D42,2021-02-20,0.0,0.0,0.0,0.0,0.0,0.0,0.0,-2.0,0.0,2.0
Microsoft Corp.,228D42,2021-02-21,0.0,0.0,0.0,0.0,0.0,0.0,0.0,-2.0,0.0,2.0
Microsoft Corp.,228D42,2021-02-22,0.0,0.0,0.0,0.0,0.0,0.0,0.0,-2.0,0.0,2.0
Microsoft Corp.,228D42,2021-02-23,0.0,0.0,0.0,0.0,0.0,0.0,0.0,-2.0,0.0,2.0
Microsoft Corp.,228D42,2021-02-24,0.0,0.0,0.0,0.0,0.0,0.0,0.0,-1.0,0.0,1.0
Microsoft Corp.,228D42,2021-02-25,0.0,0.0,0.0,0.0,0.0,0.0,0.0,-1.0,0.0,1.0
Microsoft Corp.,228D42,2021-02-26,0.0,0.0,0.0,0.0,0.0,0.0,0.0,-1.0,0.0,1.0
Microsoft Corp.,228D42,2021-02-27,0.0,0.0,0.0,0.0,0.0,0.0,0.0,-1.0,0.0,1.0
Microsoft Corp.,228D42,2021-02-28,0.0,0.0,0.0,0.0,0.0,0.0,0.0,-1.0,0.0,1.0
Microsoft Corp.,228D42,2021-03-01,0.0,0.0,0.0,0.0,0.0,0.0,0.0,-1.0,0.0,1.0
Microsoft Corp.,228D42,2021-03-02,0.0,0.0,0.0,0.0,0.0,0.0,0.0,-1.0,0.0,1.0
Microsoft Corp.,228D42,2021-03-03,0.0,0.0,0.0,0.0,0.0,0.0,0.0,-1.0,0.0,1.0
Microsoft Corp.,228D42,2021-03-04,0.0,0.0,0.0,0.0,0.0,0.0,0.0,-1.0,0.0,1.0
Microsoft Corp.,228D42,2021-03-05,0.0,0.0,0.0,0.0,0.0,0.0,0.0,-1.0,0.0,1.0
Microsoft Corp.,228D42,2021-03-06,0.0,0.0,0.0,0.0,0.0,0.0,0.0,-1.0,0.0,1.0
Microsoft Corp.,228D42,2021-03-07,0.0,0.0,0.0,0.0,0.0,0.0,0.0,-1.0,0.0,1.0
Microsoft Corp.,228D42,2021-03-08,0.0,0.0,0.0,0.0,0.0,0.0,0.0,-1.0,0.0,1.0
Microsoft Corp.,228D42,2021-03-09,0.0,0.0,0.0,0.0,0.0,0.0,0.0,-1.0,0.0,1.0
Microsoft Corp.,228D42,2021-03-10,0.0,0.0,0.0,0.0,0.0,0.0,0.0,-1.0,0.0,1.0
Microsoft Corp.,228D42,2021-03-11,0.0,0.0,0.0,0.0,0.0,0.0,0.0,-1.0,0.0,1.0
Microsoft Corp.,228D42,2021-03-12,0.0,0.0,0.0,0.0,0.0,0.0,0.0,-1.0,0.0,1.0
Microsoft Corp.,228D42,2021-03-30,-1.0,0.0,2.0,0.0,0.0,2.0,-1.0,-1.0,2.0,2.0
Monolithic Power Systems Inc.,6ABCB8,2021-02-04,-1.0,0.0,1.0,0.0,0.0,1.0,-1.0,-1.0,1.0,1.0
Monolithic Power Systems Inc.,6ABCB8,2021-02-05,0.0,0.0,0.0,0.0,0.0,0.0,-1.0,-1.0,1.0,1.0
Monolithic Power Systems Inc.,6ABCB8,2021-02-06,0.0,0.0,0.0,0.0,0.0,0.0,-1.0,-1.0,1.0,1.0
Monolithic Power Systems Inc.,6ABCB8,2021-02-07,0.0,0.0,0.0,0.0,0.0,0.0,-1.0,-1.0,1.0,1.0
Monolithic Power Systems Inc.,6ABCB8,2021-02-08,0.0,0.0,0.0,0.0,0.0,0.0,-1.0,-1.0,1.0,1.0
Monolithic Power Systems Inc.,6ABCB8,2021-02-09,0.0,0.0,0.0,0.0,0.0,0.0,-1.0,-1.0,1.0,1.0
Monolithic Power Systems Inc.,6ABCB8,2021-02-10,0.0,0.0,0.0,0.0,0.0,0.0,-1.0,-1.0,1.0,1.0
Monolithic Power Systems Inc.,6ABCB8,2021-02-11,0.0,0.0,0.0,0.0,0.0,0.0,0.0,-1.0,0.0,1.0
Monolithic Power Systems Inc.,6ABCB8,2021-02-12,0.0,0.0,0.0,0.0,0.0,0.0,0.0,-1.0,0.0,1.0
Monolithic Power Systems Inc.,6ABCB8,2021-02-13,0.0,0.0,0.0,0.0,0.0,0.0,0.0,-1.0,0.0,1.0
Monolithic Power Systems Inc.,6ABCB8,2021-02-14,0.0,0.0,0.0,0.0,0.0,0.0,0.0,-1.0,0.0,1.0
Monolithic Power Systems Inc.,6ABCB8,2021-02-15,0.0,0.0,0.0,0.0,0.0,0.0,0.0,-1.0,0.0,1.0
Monolithic Power Systems Inc.,6ABCB8,2021-02-16,0.0,0.0,0.0,0.0,0.0,0.0,0.0,-1.0,0.0,1.0
Monolithic Power Systems Inc.,6ABCB8,2021-02-17,0.0,0.0,0.0,0.0,0.0,0.0,0.0,-1.0,0.0,1.0
Monolithic Power Systems Inc.,6ABCB8,2021-02-18,0.0,0.0,0.0,0.0,0.0,0.0,0.0,-1.0,0.0,1.0
Monolithic Power Systems Inc.,6ABCB8,2021-02-19,0.0,0.0,0.0,0.0,0.0,0.0,0.0,-1.0,0.0,1.0
Monolithic Power Systems Inc.,6ABCB8,2021-02-20,0.0,0.0,0.0,0.0,0.0,0.0,0.0,-1.0,0.0,1.0
Monolithic Power Systems Inc.,6ABCB8,2021-02-21,0.0,0.0,0.0,0.0,0.0,0.0,0.0,-1.0,0.0,1.0
Monolithic Power Systems Inc.,6ABCB8,2021-02-22,0.0,0.0,0.0,0.0,0.0,0.0,0.0,-1.0,0.0,1.0
Monolithic Power Systems Inc.,6ABCB8,2021-02-23,0.0,0.0,0.0,0.0,0.0,0.0,0.0,-1.0,0.0,1.0
Monolithic Power Systems Inc.,6ABCB8,2021-02-24,0.0,0.0,0.0,0.0,0.0,0.0,0.0,-1.0,0.0,1.0
Monolithic Power Systems Inc.,6ABCB8,2021-02-25,0.0,0.0,0.0,0.0,0.0,0.0,0.0,-1.0,0.0,1.0
Monolithic Power Systems Inc.,6ABCB8,2021-02-26,0.0,0.0,0.0,0.0,0.0,0.0,0.0,-1.0,0.0,1.0
Monolithic Power Systems Inc.,6ABCB8,2021-02-27,0.0,0.0,0.0,0.0,0.0,0.0,0.0,-1.0,0.0,1.0
Monolithic Power Systems Inc.,6ABCB8,2021-02-28,0.0,0.0,0.0,0.0,0.0,0.0,0.0,-1.0,0.0,1.0
Monolithic Power Systems Inc.,6ABCB8,2021-03-01,0.0,0.0,0.0,0.0,0.0,0.0,0.0,-1.0,0.0,1.0
Monolithic Power Systems Inc.,6ABCB8,2021-03-02,0.0,0.0,0.0,0.0,0.0,0.0,0.0,-1.0,0.0,1.0
Monolithic Power Systems Inc.,6ABCB8,2021-03-03,0.0,0.0,0.0,0.0,0.0,0.0,0.0,-1.0,0.0,1.0
Monolithic Power Systems Inc.,6ABCB8,2021-03-04,0.0,0.0,0.0,0.0,0.0,0.0,0.0,-1.0,0.0,1.0
Monolithic Power Systems Inc.,6ABCB8,2021-03-05,0.0,0.0,0.0,0.0,0.0,0.0,0.0,-1.0,0.0,1.0
Monolithic Power Systems Inc.,6ABCB8,2021-06-07,-1.0,0.0,1.0,0.0,0.0,1.0,-1.0,-1.0,1.0,1.0
Morgan Stanley Co.,9196A2,2021-05-12,1.0,1.0,0.0,0.0,0.0,1.0,1.0,1.0,1.0,1.0
Morgan Stanley Co.,9196A2,2021-05-13,0.0,0.0,0.0,0.0,0.0,0.0,1.0,1.0,1.0,1.0
Morgan Stanley Co.,9196A2,2021-05-14,0.0,0.0,0.0,0.0,0.0,0.0,1.0,1.0,1.0,1.0
Morgan Stanley Co.,9196A2,2021-05-15,0.0,0.0,0.0,0.0,0.0,0.0,1.0,1.0,1.0,1.0
Morgan Stanley Co.,9196A2,2021-05-16,0.0,0.0,0.0,0.0,0.0,0.0,1.0,1.0,1.0,1.0
Morgan Stanley Co.,9196A2,2021-05-17,0.0,0.0,0.0,0.0,0.0,0.0,1.0,1.0,1.0,1.0
Morgan Stanley Co.,9196A2,2021-05-18,0.0,0.0,0.0,0.0,0.0,0.0,1.0,1.0,1.0,1.0
Morgan Stanley Co.,9196A2,2021-05-19,0.0,0.0,0.0,0.0,0.0,0.0,0.0,1.0,0.0,1.0
Morgan Stanley Co.,9196A2,2021-05-20,0.0,0.0,0.0,0.0,0.0,0.0,0.0,1.0,0.0,1.0
Morgan Stanley Co.,9196A2,2021-05-21,0.0,0.0,0.0,0.0,0.0,0.0,0.0,1.0,0.0,1.0
Morgan Stanley Co.,9196A2,2021-05-22,0.0,0.0,0.0,0.0,0.0,0.0,0.0,1.0,0.0,1.0
Morgan Stanley Co.,9196A2,2021-05-23,0.0,0.0,0.0,0.0,0.0,0.0,0.0,1.0,0.0,1.0
Morgan Stanley Co.,9196A2,2021-05-24,0.0,0.0,0.0,0.0,0.0,0.0,0.0,1.0,0.0,1.0
Morgan Stanley Co.,9196A2,2021-05-25,0.0,0.0,0.0,0.0,0.0,0.0,0.0,1.0,0.0,1.0
Morgan Stanley Co.,9196A2,2021-05-26,0.0,0.0,0.0,0.0,0.0,0.0,0.0,1.0,0.0,1.0
Morgan Stanley Co.,9196A2,2021-05-27,0.0,0.0,0.0,0.0,0.0,0.0,0.0,1.0,0.0,1.0
Morgan Stanley Co.,9196A2,2021-05-28,0.0,0.0,0.0,0.0,0.0,0.0,0.0,1.0,0.0,1.0
Morgan Stanley Co.,9196A2,2021-05-29,0.0,0.0,0.0,0.0,0.0,0.0,0.0,1.0,0.0,1.0
Morgan Stanley Co.,9196A2,2021-05-30,0.0,0.0,0.0,0.0,0.0,0.0,0.0,1.0,0.0,1.0
Morgan Stanley Co.,9196A2,2021-05-31,0.0,0.0,0.0,0.0,0.0,0.0,0.0,1.0,0.0,1.0
Morgan Stanley Co.,9196A2,2021-06-01,0.0,0.0,0.0,0.0,0.0,0.0,0.0,1.0,0.0,1.0
Morgan Stanley Co.,9196A2,2021-06-02,0.0,0.0,0.0,0.0,0.0,0.0,0.0,1.0,0.0,1.0
Morgan Stanley Co.,9196A2,2021-06-03,0.0,0.0,0.0,0.0,0.0,0.0,0.0,1.0,0.0,1.0
Morgan Stanley Co.,9196A2,2021-06-04,0.0,0.0,0.0,0.0,0.0,0.0,0.0,1.0,0.0,1.0
Morgan Stanley Co.,9196A2,2021-06-05,0.0,0.0,0.0,0.0,0.0,0.0,0.0,1.0,0.0,1.0
Morgan Stanley Co.,9196A2,2021-06-06,0.0,0.0,0.0,0.0,0.0,0.0,0.0,1.0,0.0,1.0
Morgan Stanley Co.,9196A2,2021-06-07,0.0,0.0,0.0,0.0,0.0,0.0,0.0,1.0,0.0,1.0
Morgan Stanley Co.,9196A2,2021-06-08,0.0,0.0,0.0,0.0,0.0,0.0,0.0,1.0,0.0,1.0
Morgan Stanley Co.,9196A2,2021-06-09,0.0,0.0,0.0,0.0,0.0,0.0,0.0,1.0,0.0,1.0
Morgan Stanley Co.,9196A2,2021-06-10,0.0,0.0,0.0,0.0,0.0,0.0,0.0,1.0,0.0,1.0
Morgan Stanley Co.,9196A2,2021-06-11,-1.0,0.0,1.0,0.0,0.0,1.0,-1.0,-1.0,1.0,1.0
Morningstar Inc.,0C136E,2021-06-24,1.0,1.0,0.0,0.0,0.0,1.0,1.0,1.0,1.0,1.0
NIO Inc.,23DEB5,2021-03-02,-1.0,0.0,2.0,0.0,0.0,2.0,-1.0,-1.0,2.0,2.0
NIO Inc.,23DEB5,2021-03-03,0.0,0.0,0.0,0.0,0.0,0.0,-1.0,-1.0,2.0,2.0
NIO Inc.,23DEB5,2021-03-04,0.0,0.0,0.0,0.0,0.0,0.0,-1.0,-1.0,2.0,2.0
NIO Inc.,23DEB5,2021-03-05,0.0,0.0,0.0,0.0,0.0,0.0,-1.0,-1.0,2.0,2.0
NIO Inc.,23DEB5,2021-03-06,0.0,0.0,0.0,0.0,0.0,0.0,-1.0,-1.0,2.0,2.0
NIO Inc.,23DEB5,2021-03-07,0.0,0.0,0.0,0.0,0.0,0.0,-1.0,-1.0,2.0,2.0
NIO Inc.,23DEB5,2021-03-08,0.0,0.0,0.0,0.0,0.0,0.0,-1.0,-1.0,2.0,2.0
NIO Inc.,23DEB5,2021-03-09,0.0,0.0,0.0,0.0,0.0,0.0,0.0,-1.0,0.0,2.0
NIO Inc.,23DEB5,2021-03-10,0.0,0.0,0.0,0.0,0.0,0.0,0.0,-1.0,0.0,2.0
NIO Inc.,23DEB5,2021-03-11,0.0,0.0,0.0,0.0,0.0,0.0,0.0,-1.0,0.0,2.0
NIO Inc.,23DEB5,2021-03-12,0.0,0.0,0.0,0.0,0.0,0.0,0.0,-1.0,0.0,2.0
NIO Inc.,23DEB5,2021-03-13,0.0,0.0,0.0,0.0,0.0,0.0,0.0,-1.0,0.0,2.0
NIO Inc.,23DEB5,2021-03-14,0.0,0.0,0.0,0.0,0.0,0.0,0.0,-1.0,0.0,2.0
NIO Inc.,23DEB5,2021-03-15,0.0,0.0,0.0,0.0,0.0,0.0,0.0,-1.0,0.0,2.0
NIO Inc.,23DEB5,2021-03-16,0.0,0.0,0.0,0.0,0.0,0.0,0.0,-1.0,0.0,2.0
NIO Inc.,23DEB5,2021-03-17,0.0,0.0,0.0,0.0,0.0,0.0,0.0,-1.0,0.0,2.0
NIO Inc.,23DEB5,2021-03-18,0.0,0.0,0.0,0.0,0.0,0.0,0.0,-1.0,0.0,2.0
NIO Inc.,23DEB5,2021-03-19,0.0,0.0,0.0,0.0,0.0,0.0,0.0,-1.0,0.0,2.0
NIO Inc.,23DEB5,2021-03-20,0.0,0.0,0.0,0.0,0.0,0.0,0.0,-1.0,0.0,2.0
NIO Inc.,23DEB5,2021-03-21,0.0,0.0,0.0,0.0,0.0,0.0,0.0,-1.0,0.0,2.0
NIO Inc.,23DEB5,2021-03-22,0.0,0.0,0.0,0.0,0.0,0.0,0.0,-1.0,0.0,2.0
NIO Inc.,23DEB5,2021-03-23,0.0,0.0,0.0,0.0,0.0,0.0,0.0,-1.0,0.0,2.0
NIO Inc.,23DEB5,2021-03-24,0.0,0.0,0.0,0.0,0.0,0.0,0.0,-1.0,0.0,2.0
NIO Inc.,23DEB5,2021-03-25,0.0,0.0,0.0,0.0,0.0,0.0,0.0,-1.0,0.0,2.0
NIO Inc.,23DEB5,2021-03-26,-1.0,0.0,1.0,0.0,0.0,1.0,-1.0,-2.0,1.0,3.0
NIO Inc.,23DEB5,2021-03-27,0.0,0.0,0.0,0.0,0.0,0.0,-1.0,-2.0,1.0,3.0
NIO Inc.,23DEB5,2021-03-28,0.0,0.0,0.0,0.0,0.0,0.0,-1.0,-2.0,1.0,3.0
NIO Inc.,23DEB5,2021-03-29,0.0,0.0,0.0,0.0,0.0,0.0,-1.0,-2.0,1.0,3.0
NIO Inc.,23DEB5,2021-03-30,-1.0,0.0,3.0,0.0,0.0,3.0,-2.0,-3.0,4.0,6.0
NIO Inc.,23DEB5,2021-03-31,-1.0,0.0,1.0,0.0,0.0,1.0,-3.0,-4.0,5.0,7.0
NIO Inc.,23DEB5,2021-04-01,0.0,0.0,0.0,0.0,0.0,0.0,-3.0,-3.0,5.0,5.0
NIO Inc.,23DEB5,2021-04-02,0.0,0.0,0.0,0.0,0.0,0.0,-2.0,-3.0,4.0,5.0
NIO Inc.,23DEB5,2021-04-03,0.0,0.0,0.0,0.0,0.0,0.0,-2.0,-3.0,4.0,5.0
NIO Inc.,23DEB5,2021-04-04,0.0,0.0,0.0,0.0,0.0,0.0,-2.0,-3.0,4.0,5.0
NIO Inc.,23DEB5,2021-04-05,0.0,0.0,0.0,0.0,0.0,0.0,-2.0,-3.0,4.0,5.0
NIO Inc.,23DEB5,2021-04-06,0.0,0.0,0.0,0.0,0.0,0.0,-1.0,-3.0,1.0,5.0
NIO Inc.,23DEB5,2021-04-07,0.0,0.0,0.0,0.0,0.0,0.0,0.0,-3.0,0.0,5.0
NIO Inc.,23DEB5,2021-04-08,0.0,0.0,0.0,0.0,0.0,0.0,0.0,-3.0,0.0,5.0
NIO Inc.,23DEB5,2021-04-09,0.0,0.0,0.0,0.0,0.0,0.0,0.0,-3.0,0.0,5.0
NIO Inc.,23DEB5,2021-04-10,0.0,0.0,0.0,0.0,0.0,0.0,0.0,-3.0,0.0,5.0
NIO Inc.,23DEB5,2021-04-11,0.0,0.0,0.0,0.0,0.0,0.0,0.0,-3.0,0.0,5.0
NIO Inc.,23DEB5,2021-04-12,0.0,0.0,0.0,0.0,0.0,0.0,0.0,-3.0,0.0,5.0
NIO Inc.,23DEB5,2021-04-13,0.0,0.0,0.0,0.0,0.0,0.0,0.0,-3.0,0.0,5.0
NIO Inc.,23DEB5,2021-04-14,0.0,0.0,0.0,0.0,0.0,0.0,0.0,-3.0,0.0,5.0
NIO Inc.,23DEB5,2021-04-15,0.0,0.0,0.0,0.0,0.0,0.0,0.0,-3.0,0.0,5.0
NIO Inc.,23DEB5,2021-04-16,0.0,0.0,0.0,0.0,0.0,0.0,0.0,-3.0,0.0,5.0
NIO Inc.,23DEB5,2021-04-17,0.0,0.0,0.0,0.0,0.0,0.0,0.0,-3.0,0.0,5.0
NIO Inc.,23DEB5,2021-04-18,0.0,0.0,0.0,0.0,0.0,0.0,0.0,-3.0,0.0,5.0
NIO Inc.,23DEB5,2021-04-19,0.0,0.0,0.0,0.0,0.0,0.0,0.0,-3.0,0.0,5.0
NIO Inc.,23DEB5,2021-04-20,0.0,0.0,0.0,0.0,0.0,0.0,0.0,-3.0,0.0,5.0
NIO Inc.,23DEB5,2021-04-21,0.0,0.0,0.0,0.0,0.0,0.0,0.0,-3.0,0.0,5.0
NIO Inc.,23DEB5,2021-04-22,0.0,0.0,0.0,0.0,0.0,0.0,0.0,-3.0,0.0,5.0
NIO Inc.,23DEB5,2021-04-23,0.0,0.0,0.0,0.0,0.0,0.0,0.0,-3.0,0.0,5.0
NIO Inc.,23DEB5,2021-04-24,0.0,0.0,0.0,0.0,0.0,0.0,0.0,-3.0,0.0,5.0
NIO Inc.,23DEB5,2021-04-25,0.0,0.0,0.0,0.0,0.0,0.0,0.0,-2.0,0.0,4.0
NIO Inc.,23DEB5,2021-04-26,0.0,0.0,0.0,0.0,0.0,0.0,0.0,-2.0,0.0,4.0
NIO Inc.,23DEB5,2021-04-27,0.0,0.0,0.0,0.0,0.0,0.0,0.0,-2.0,0.0,4.0
NIO Inc.,23DEB5,2021-04-28,0.0,0.0,0.0,0.0,0.0,0.0,0.0,-2.0,0.0,4.0
NIO Inc.,23DEB5,2021-04-29,0.0,0.0,0.0,0.0,0.0,0.0,0.0,-1.0,0.0,1.0
NIO Inc.,23DEB5,2021-06-01,-1.0,0.0,1.0,0.0,0.0,1.0,-1.0,-1.0,1.0,1.0
NN Inc.,8BFAA4,2021-03-12,1.0,1.0,0.0,0.0,0.0,1.0,1.0,1.0,1.0,1.0
NN Inc.,8BFAA4,2021-03-13,0.0,0.0,0.0,0.0,0.0,0.0,1.0,1.0,1.0,1.0
NN Inc.,8BFAA4,2021-03-14,0.0,0.0,0.0,0.0,0.0,0.0,1.0,1.0,1.0,1.0
NN Inc.,8BFAA4,2021-03-15,0.0,0.0,0.0,0.0,0.0,0.0,1.0,1.0,1.0,1.0
NN Inc.,8BFAA4,2021-03-16,0.0,0.0,0.0,0.0,0.0,0.0,1.0,1.0,1.0,1.0
NN Inc.,8BFAA4,2021-03-17,0.0,0.0,0.0,0.0,0.0,0.0,1.0,1.0,1.0,1.0
NN Inc.,8BFAA4,2021-03-18,0.0,0.0,0.0,0.0,0.0,0.0,1.0,1.0,1.0,1.0
NN Inc.,8BFAA4,2021-03-19,0.0,0.0,0.0,0.0,0.0,0.0,0.0,1.0,0.0,1.0
NN Inc.,8BFAA4,2021-03-20,0.0,0.0,0.0,0.0,0.0,0.0,0.0,1.0,0.0,1.0
NN Inc.,8BFAA4,2021-03-21,0.0,0.0,0.0,0.0,0.0,0.0,0.0,1.0,0.0,1.0
NN Inc.,8BFAA4,2021-03-22,0.0,0.0,0.0,0.0,0.0,0.0,0.0,1.0,0.0,1.0
NN Inc.,8BFAA4,2021-03-23,0.0,0.0,0.0,0.0,0.0,0.0,0.0,1.0,0.0,1.0
NN Inc.,8BFAA4,2021-03-24,0.0,0.0,0.0,0.0,0.0,0.0,0.0,1.0,0.0,1.0
NN Inc.,8BFAA4,2021-03-25,0.0,0.0,0.0,0.0,0.0,0.0,0.0,1.0,0.0,1.0
NN Inc.,8BFAA4,2021-03-26,0.0,0.0,0.0,0.0,0.0,0.0,0.0,1.0,0.0,1.0
NN Inc.,8BFAA4,2021-03-27,0.0,0.0,0.0,0.0,0.0,0.0,0.0,1.0,0.0,1.0
NN Inc.,8BFAA4,2021-03-28,0.0,0.0,0.0,0.0,0.0,0.0,0.0,1.0,0.0,1.0
NN Inc.,8BFAA4,2021-03-29,0.0,0.0,0.0,0.0,0.0,0.0,0.0,1.0,0.0,1.0
NN Inc.,8BFAA4,2021-03-30,0.0,0.0,0.0,0.0,0.0,0.0,0.0,1.0,0.0,1.0
NN Inc.,8BFAA4,2021-03-31,0.0,0.0,0.0,0.0,0.0,0.0,0.0,1.0,0.0,1.0
NN Inc.,8BFAA4,2021-04-01,0.0,0.0,0.0,0.0,0.0,0.0,0.0,1.0,0.0,1.0
NN Inc.,8BFAA4,2021-04-02,0.0,0.0,0.0,0.0,0.0,0.0,0.0,1.0,0.0,1.0
NN Inc.,8BFAA4,2021-04-03,0.0,0.0,0.0,0.0,0.0,0.0,0.0,1.0,0.0,1.0
NN Inc.,8BFAA4,2021-04-04,0.0,0.0,0.0,0.0,0.0,0.0,0.0,1.0,0.0,1.0
NN Inc.,8BFAA4,2021-04-05,0.0,0.0,0.0,0.0,0.0,0.0,0.0,1.0,0.0,1.0
NN Inc.,8BFAA4,2021-04-06,0.0,0.0,0.0,0.0,0.0,0.0,0.0,1.0,0.0,1.0
NN Inc.,8BFAA4,2021-04-07,0.0,0.0,0.0,0.0,0.0,0.0,0.0,1.0,0.0,1.0
NN Inc.,8BFAA4,2021-04-08,0.0,0.0,0.0,0.0,0.0,0.0,0.0,1.0,0.0,1.0
NN Inc.,8BFAA4,2021-04-09,0.0,0.0,0.0,0.0,0.0,0.0,0.0,1.0,0.0,1.0
NN Inc.,8BFAA4,2021-04-10,0.0,0.0,0.0,0.0,0.0,0.0,0.0,1.0,0.0,1.0
NN Inc.,8BFAA4,2021-05-07,-1.0,0.0,1.0,0.0,0.0,1.0,-1.0,-1.0,1.0,1.0
NVE Corp.,610D47,2021-05-05,1.0,2.0,0.0,0.0,0.0,2.0,1.0,1.0,2.0,2.0
NVIDIA Corp.,E09E2B,2021-01-08,-1.0,0.0,1.0,0.0,0.0,1.0,-1.0,-1.0,1.0,1.0
NVIDIA Corp.,E09E2B,2021-01-09,0.0,0.0,0.0,0.0,0.0,0.0,-1.0,-1.0,1.0,1.0
NVIDIA Corp.,E09E2B,2021-01-10,0.0,0.0,0.0,0.0,0.0,0.0,-1.0,-1.0,1.0,1.0
NVIDIA Corp.,E09E2B,2021-01-11,0.0,0.0,0.0,0.0,0.0,0.0,-1.0,-1.0,1.0,1.0
NVIDIA Corp.,E09E2B,2021-01-12,0.0,0.0,0.0,0.0,0.0,0.0,-1.0,-1.0,1.0,1.0
NVIDIA Corp.,E09E2B,2021-01-13,0.0,0.0,0.0,0.0,0.0,0.0,-1.0,-1.0,1.0,1.0
NVIDIA Corp.,E09E2B,2021-01-14,0.0,0.0,0.0,0.0,0.0,0.0,-1.0,-1.0,1.0,1.0
NVIDIA Corp.,E09E2B,2021-01-15,0.0,0.0,0.0,0.0,0.0,0.0,0.0,-1.0,0.0,1.0
NVIDIA Corp.,E09E2B,2021-01-16,0.0,0.0,0.0,0.0,0.0,0.0,0.0,-1.0,0.0,1.0
NVIDIA Corp.,E09E2B,2021-01-17,0.0,0.0,0.0,0.0,0.0,0.0,0.0,-1.0,0.0,1.0
NVIDIA Corp.,E09E2B,2021-01-18,0.0,0.0,0.0,0.0,0.0,0.0,0.0,-1.0,0.0,1.0
NVIDIA Corp.,E09E2B,2021-01-19,0.0,0.0,0.0,0.0,0.0,0.0,0.0,-1.0,0.0,1.0
NVIDIA Corp.,E09E2B,2021-01-20,0.0,0.0,0.0,0.0,0.0,0.0,0.0,-1.0,0.0,1.0
NVIDIA Corp.,E09E2B,2021-01-21,0.0,0.0,0.0,0.0,0.0,0.0,0.0,-1.0,0.0,1.0
NVIDIA Corp.,E09E2B,2021-01-22,0.0,0.0,0.0,0.0,0.0,0.0,0.0,-1.0,0.0,1.0
NVIDIA Corp.,E09E2B,2021-01-23,0.0,0.0,0.0,0.0,0.0,0.0,0.0,-1.0,0.0,1.0
NVIDIA Corp.,E09E2B,2021-01-24,0.0,0.0,0.0,0.0,0.0,0.0,0.0,-1.0,0.0,1.0
NVIDIA Corp.,E09E2B,2021-01-25,0.0,0.0,0.0,0.0,0.0,0.0,0.0,-1.0,0.0,1.0
NVIDIA Corp.,E09E2B,2021-01-26,0.0,0.0,0.0,0.0,0.0,0.0,0.0,-1.0,0.0,1.0
NVIDIA Corp.,E09E2B,2021-01-27,0.0,0.0,0.0,0.0,0.0,0.0,0.0,-1.0,0.0,1.0
NVIDIA Corp.,E09E2B,2021-01-28,0.0,0.0,0.0,0.0,0.0,0.0,0.0,-1.0,0.0,1.0
NVIDIA Corp.,E09E2B,2021-01-29,0.0,0.0,0.0,0.0,0.0,0.0,0.0,-1.0,0.0,1.0
NVIDIA Corp.,E09E2B,2021-01-30,0.0,0.0,0.0,0.0,0.0,0.0,0.0,-1.0,0.0,1.0
NVIDIA Corp.,E09E2B,2021-01-31,0.0,0.0,0.0,0.0,0.0,0.0,0.0,-1.0,0.0,1.0
NVIDIA Corp.,E09E2B,2021-02-01,0.0,0.0,0.0,0.0,0.0,0.0,0.0,-1.0,0.0,1.0
NVIDIA Corp.,E09E2B,2021-02-02,0.0,0.0,0.0,0.0,0.0,0.0,0.0,-1.0,0.0,1.0
NVIDIA Corp.,E09E2B,2021-02-03,0.0,0.0,0.0,0.0,0.0,0.0,0.0,-1.0,0.0,1.0
NVIDIA Corp.,E09E2B,2021-02-04,0.0,0.0,0.0,0.0,0.0,0.0,0.0,-1.0,0.0,1.0
NVIDIA Corp.,E09E2B,2021-02-05,0.0,0.0,0.0,0.0,0.0,0.0,0.0,-1.0,0.0,1.0
NVIDIA Corp.,E09E2B,2021-02-06,0.0,0.0,0.0,0.0,0.0,0.0,0.0,-1.0,0.0,1.0
NVIDIA Corp.,E09E2B,2021-03-10,-1.0,0.0,1.0,0.0,0.0,1.0,-1.0,-1.0,1.0,1.0
NVIDIA Corp.,E09E2B,2021-03-11,0.0,0.0,0.0,0.0,0.0,0.0,-1.0,-1.0,1.0,1.0
NVIDIA Corp.,E09E2B,2021-03-12,0.0,0.0,0.0,0.0,0.0,0.0,-1.0,-1.0,1.0,1.0
NVIDIA Corp.,E09E2B,2021-03-13,0.0,0.0,0.0,0.0,0.0,0.0,-1.0,-1.0,1.0,1.0
NVIDIA Corp.,E09E2B,2021-03-14,0.0,0.0,0.0,0.0,0.0,0.0,-1.0,-1.0,1.0,1.0
NVIDIA Corp.,E09E2B,2021-03-15,0.0,0.0,0.0,0.0,0.0,0.0,-1.0,-1.0,1.0,1.0
NVIDIA Corp.,E09E2B,2021-03-16,0.0,0.0,0.0,0.0,0.0,0.0,-1.0,-1.0,1.0,1.0
NVIDIA Corp.,E09E2B,2021-03-17,-1.0,0.0,1.0,0.0,0.0,1.0,-1.0,-2.0,1.0,2.0
NVIDIA Corp.,E09E2B,2021-03-18,0.0,0.0,0.0,0.0,0.0,0.0,-1.0,-2.0,1.0,2.0
NVIDIA Corp.,E09E2B,2021-03-19,0.0,0.0,0.0,0.0,0.0,0.0,-1.0,-2.0,1.0,2.0
NVIDIA Corp.,E09E2B,2021-03-20,0.0,0.0,0.0,0.0,0.0,0.0,-1.0,-2.0,1.0,2.0
NVIDIA Corp.,E09E2B,2021-03-21,0.0,0.0,0.0,0.0,0.0,0.0,-1.0,-2.0,1.0,2.0
NVIDIA Corp.,E09E2B,2021-03-22,0.0,0.0,0.0,0.0,0.0,0.0,-1.0,-2.0,1.0,2.0
NVIDIA Corp.,E09E2B,2021-03-23,0.0,0.0,0.0,0.0,0.0,0.0,-1.0,-2.0,1.0,2.0
NVIDIA Corp.,E09E2B,2021-03-24,0.0,0.0,0.0,0.0,0.0,0.0,0.0,-2.0,0.0,2.0
NVIDIA Corp.,E09E2B,2021-03-25,0.0,0.0,0.0,0.0,0.0,0.0,0.0,-2.0,0.0,2.0
NVIDIA Corp.,E09E2B,2021-03-26,0.0,0.0,0.0,0.0,0.0,0.0,0.0,-2.0,0.0,2.0
NVIDIA Corp.,E09E2B,2021-03-27,0.0,0.0,0.0,0.0,0.0,0.0,0.0,-2.0,0.0,2.0
NVIDIA Corp.,E09E2B,2021-03-28,0.0,0.0,0.0,0.0,0.0,0.0,0.0,-2.0,0.0,2.0
NVIDIA Corp.,E09E2B,2021-03-29,0.0,0.0,0.0,0.0,0.0,0.0,0.0,-2.0,0.0,2.0
NVIDIA Corp.,E09E2B,2021-03-30,0.0,0.0,0.0,0.0,0.0,0.0,0.0,-2.0,0.0,2.0
NVIDIA Corp.,E09E2B,2021-03-31,0.0,0.0,0.0,0.0,0.0,0.0,0.0,-2.0,0.0,2.0
NVIDIA Corp.,E09E2B,2021-04-01,0.0,0.0,0.0,0.0,0.0,0.0,0.0,-2.0,0.0,2.0
NVIDIA Corp.,E09E2B,2021-04-02,0.0,0.0,0.0,0.0,0.0,0.0,0.0,-2.0,0.0,2.0
NVIDIA Corp.,E09E2B,2021-04-03,0.0,0.0,0.0,0.0,0.0,0.0,0.0,-2.0,0.0,2.0
NVIDIA Corp.,E09E2B,2021-04-04,0.0,0.0,0.0,0.0,0.0,0.0,0.0,-2.0,0.0,2.0
NVIDIA Corp.,E09E2B,2021-04-05,0.0,0.0,0.0,0.0,0.0,0.0,0.0,-2.0,0.0,2.0
NVIDIA Corp.,E09E2B,2021-04-06,0.0,0.0,0.0,0.0,0.0,0.0,0.0,-2.0,0.0,2.0
NVIDIA Corp.,E09E2B,2021-04-07,0.0,0.0,0.0,0.0,0.0,0.0,0.0,-2.0,0.0,2.0
NVIDIA Corp.,E09E2B,2021-04-08,0.0,0.0,0.0,0.0,0.0,0.0,0.0,-2.0,0.0,2.0
NVIDIA Corp.,E09E2B,2021-04-09,0.0,0.0,0.0,0.0,0.0,0.0,0.0,-1.0,0.0,1.0
NVIDIA Corp.,E09E2B,2021-04-10,0.0,0.0,0.0,0.0,0.0,0.0,0.0,-1.0,0.0,1.0
NVIDIA Corp.,E09E2B,2021-04-11,0.0,0.0,0.0,0.0,0.0,0.0,0.0,-1.0,0.0,1.0
NVIDIA Corp.,E09E2B,2021-04-12,0.0,0.0,0.0,0.0,0.0,0.0,0.0,-1.0,0.0,1.0
NVIDIA Corp.,E09E2B,2021-04-13,0.0,0.0,0.0,0.0,0.0,0.0,0.0,-1.0,0.0,1.0
NVIDIA Corp.,E09E2B,2021-04-14,0.0,0.0,0.0,0.0,0.0,0.0,0.0,-1.0,0.0,1.0
NVIDIA Corp.,E09E2B,2021-04-15,0.0,0.0,0.0,0.0,0.0,0.0,0.0,-1.0,0.0,1.0
NVIDIA Corp.,E09E2B,2021-05-13,-1.0,0.0,1.0,0.0,0.0,1.0,-1.0,-1.0,1.0,1.0
NVIDIA Corp.,E09E2B,2021-05-14,0.0,0.0,0.0,0.0,0.0,0.0,-1.0,-1.0,1.0,1.0
NVIDIA Corp.,E09E2B,2021-05-15,0.0,0.0,0.0,0.0,0.0,0.0,-1.0,-1.0,1.0,1.0
NVIDIA Corp.,E09E2B,2021-05-16,0.0,0.0,0.0,0.0,0.0,0.0,-1.0,-1.0,1.0,1.0
NVIDIA Corp.,E09E2B,2021-05-17,0.0,0.0,0.0,0.0,0.0,0.0,-1.0,-1.0,1.0,1.0
NVIDIA Corp.,E09E2B,2021-05-18,0.0,0.0,0.0,0.0,0.0,0.0,-1.0,-1.0,1.0,1.0
NVIDIA Corp.,E09E2B,2021-05-19,0.0,0.0,0.0,0.0,0.0,0.0,-1.0,-1.0,1.0,1.0
NVIDIA Corp.,E09E2B,2021-05-20,0.0,0.0,0.0,0.0,0.0,0.0,0.0,-1.0,0.0,1.0
NVIDIA Corp.,E09E2B,2021-05-21,0.0,0.0,0.0,0.0,0.0,0.0,0.0,-1.0,0.0,1.0
NVIDIA Corp.,E09E2B,2021-05-22,0.0,0.0,0.0,0.0,0.0,0.0,0.0,-1.0,0.0,1.0
NVIDIA Corp.,E09E2B,2021-05-23,0.0,0.0,0.0,0.0,0.0,0.0,0.0,-1.0,0.0,1.0
NVIDIA Corp.,E09E2B,2021-05-24,0.0,0.0,0.0,0.0,0.0,0.0,0.0,-1.0,0.0,1.0
NVIDIA Corp.,E09E2B,2021-05-25,-1.0,0.0,2.0,0.0,0.0,2.0,-1.0,-2.0,2.0,3.0
NXP Semiconductors N.V.,351EC3,2021-01-08,-1.0,0.0,1.0,0.0,0.0,1.0,-1.0,-1.0,1.0,1.0
NXP Semiconductors N.V.,351EC3,2021-01-09,0.0,0.0,0.0,0.0,0.0,0.0,-1.0,-1.0,1.0,1.0
NXP Semiconductors N.V.,351EC3,2021-01-10,0.0,0.0,0.0,0.0,0.0,0.0,-1.0,-1.0,1.0,1.0
NXP Semiconductors N.V.,351EC3,2021-01-11,0.0,0.0,0.0,0.0,0.0,0.0,-1.0,-1.0,1.0,1.0
NXP Semiconductors N.V.,351EC3,2021-01-12,0.0,0.0,0.0,0.0,0.0,0.0,-1.0,-1.0,1.0,1.0
NXP Semiconductors N.V.,351EC3,2021-01-13,0.0,0.0,0.0,0.0,0.0,0.0,-1.0,-1.0,1.0,1.0
NXP Semiconductors N.V.,351EC3,2021-01-14,0.0,0.0,0.0,0.0,0.0,0.0,-1.0,-1.0,1.0,1.0
NXP Semiconductors N.V.,351EC3,2021-01-15,0.0,0.0,0.0,0.0,0.0,0.0,0.0,-1.0,0.0,1.0
NXP Semiconductors N.V.,351EC3,2021-01-16,0.0,0.0,0.0,0.0,0.0,0.0,0.0,-1.0,0.0,1.0
NXP Semiconductors N.V.,351EC3,2021-01-17,0.0,0.0,0.0,0.0,0.0,0.0,0.0,-1.0,0.0,1.0
NXP Semiconductors N.V.,351EC3,2021-01-18,0.0,0.0,0.0,0.0,0.0,0.0,0.0,-1.0,0.0,1.0
NXP Semiconductors N.V.,351EC3,2021-01-19,0.0,0.0,0.0,0.0,0.0,0.0,0.0,-1.0,0.0,1.0
NXP Semiconductors N.V.,351EC3,2021-01-20,0.0,0.0,0.0,0.0,0.0,0.0,0.0,-1.0,0.0,1.0
NXP Semiconductors N.V.,351EC3,2021-01-21,0.0,0.0,0.0,0.0,0.0,0.0,0.0,-1.0,0.0,1.0
NXP Semiconductors N.V.,351EC3,2021-01-22,0.0,0.0,0.0,0.0,0.0,0.0,0.0,-1.0,0.0,1.0
NXP Semiconductors N.V.,351EC3,2021-01-23,0.0,0.0,0.0,0.0,0.0,0.0,0.0,-1.0,0.0,1.0
NXP Semiconductors N.V.,351EC3,2021-01-24,0.0,0.0,0.0,0.0,0.0,0.0,0.0,-1.0,0.0,1.0
NXP Semiconductors N.V.,351EC3,2021-01-25,0.0,0.0,0.0,0.0,0.0,0.0,0.0,-1.0,0.0,1.0
NXP Semiconductors N.V.,351EC3,2021-01-26,0.0,0.0,0.0,0.0,0.0,0.0,0.0,-1.0,0.0,1.0
NXP Semiconductors N.V.,351EC3,2021-01-27,0.0,0.0,0.0,0.0,0.0,0.0,0.0,-1.0,0.0,1.0
NXP Semiconductors N.V.,351EC3,2021-01-28,0.0,0.0,0.0,0.0,0.0,0.0,0.0,-1.0,0.0,1.0
NXP Semiconductors N.V.,351EC3,2021-01-29,0.0,0.0,0.0,0.0,0.0,0.0,0.0,-1.0,0.0,1.0
NXP Semiconductors N.V.,351EC3,2021-01-30,0.0,0.0,0.0,0.0,0.0,0.0,0.0,-1.0,0.0,1.0
NXP Semiconductors N.V.,351EC3,2021-01-31,0.0,0.0,0.0,0.0,0.0,0.0,0.0,-1.0,0.0,1.0
NXP Semiconductors N.V.,351EC3,2021-02-01,0.0,0.0,0.0,0.0,0.0,0.0,0.0,-1.0,0.0,1.0
NXP Semiconductors N.V.,351EC3,2021-02-02,0.0,0.0,0.0,0.0,0.0,0.0,0.0,-1.0,0.0,1.0
NXP Semiconductors N.V.,351EC3,2021-02-03,0.0,0.0,0.0,0.0,0.0,0.0,0.0,-1.0,0.0,1.0
NXP Semiconductors N.V.,351EC3,2021-02-04,0.0,0.0,0.0,0.0,0.0,0.0,0.0,-1.0,0.0,1.0
NXP Semiconductors N.V.,351EC3,2021-02-05,0.0,0.0,0.0,0.0,0.0,0.0,0.0,-1.0,0.0,1.0
NXP Semiconductors N.V.,351EC3,2021-02-06,0.0,0.0,0.0,0.0,0.0,0.0,0.0,-1.0,0.0,1.0
NXP Semiconductors N.V.,351EC3,2021-03-31,-1.0,0.0,1.0,0.0,0.0,1.0,-1.0,-1.0,1.0,1.0
NXP Semiconductors N.V.,351EC3,2021-04-01,0.0,0.0,0.0,0.0,0.0,0.0,-1.0,-1.0,1.0,1.0
NXP Semiconductors N.V.,351EC3,2021-04-02,0.0,0.0,0.0,0.0,0.0,0.0,-1.0,-1.0,1.0,1.0
NXP Semiconductors N.V.,351EC3,2021-04-03,0.0,0.0,0.0,0.0,0.0,0.0,-1.0,-1.0,1.0,1.0
NXP Semiconductors N.V.,351EC3,2021-04-04,0.0,0.0,0.0,0.0,0.0,0.0,-1.0,-1.0,1.0,1.0
NXP Semiconductors N.V.,351EC3,2021-04-05,0.0,0.0,0.0,0.0,0.0,0.0,-1.0,-1.0,1.0,1.0
NXP Semiconductors N.V.,351EC3,2021-04-06,0.0,0.0,0.0,0.0,0.0,0.0,-1.0,-1.0,1.0,1.0
NXP Semiconductors N.V.,351EC3,2021-04-07,0.0,0.0,0.0,0.0,0.0,0.0,0.0,-1.0,0.0,1.0
NXP Semiconductors N.V.,351EC3,2021-04-08,0.0,0.0,0.0,0.0,0.0,0.0,0.0,-1.0,0.0,1.0
NXP Semiconductors N.V.,351EC3,2021-04-09,0.0,0.0,0.0,0.0,0.0,0.0,0.0,-1.0,0.0,1.0
NXP Semiconductors N.V.,351EC3,2021-04-10,0.0,0.0,0.0,0.0,0.0,0.0,0.0,-1.0,0.0,1.0
NXP Semiconductors N.V.,351EC3,2021-04-11,0.0,0.0,0.0,0.0,0.0,0.0,0.0,-1.0,0.0,1.0
NXP Semiconductors N.V.,351EC3,2021-04-12,0.0,0.0,0.0,0.0,0.0,0.0,0.0,-1.0,0.0,1.0
NXP Semiconductors N.V.,351EC3,2021-04-13,0.0,0.0,0.0,0.0,0.0,0.0,0.0,-1.0,0.0,1.0
NXP Semiconductors N.V.,351EC3,2021-04-14,0.0,0.0,0.0,0.0,0.0,0.0,0.0,-1.0,0.0,1.0
NXP Semiconductors N.V.,351EC3,2021-04-15,0.0,0.0,0.0,0.0,0.0,0.0,0.0,-1.0,0.0,1.0
NXP Semiconductors N.V.,351EC3,2021-04-16,0.0,0.0,0.0,0.0,0.0,0.0,0.0,-1.0,0.0,1.0
NXP Semiconductors N.V.,351EC3,2021-04-17,0.0,0.0,0.0,0.0,0.0,0.0,0.0,-1.0,0.0,1.0
NXP Semiconductors N.V.,351EC3,2021-04-18,0.0,0.0,0.0,0.0,0.0,0.0,0.0,-1.0,0.0,1.0
NXP Semiconductors N.V.,351EC3,2021-04-19,0.0,0.0,0.0,0.0,0.0,0.0,0.0,-1.0,0.0,1.0
NXP Semiconductors N.V.,351EC3,2021-04-20,0.0,0.0,0.0,0.0,0.0,0.0,0.0,-1.0,0.0,1.0
NXP Semiconductors N.V.,351EC3,2021-04-21,0.0,0.0,0.0,0.0,0.0,0.0,0.0,-1.0,0.0,1.0
NXP Semiconductors N.V.,351EC3,2021-04-22,0.0,0.0,0.0,0.0,0.0,0.0,0.0,-1.0,0.0,1.0
NXP Semiconductors N.V.,351EC3,2021-04-23,0.0,0.0,0.0,0.0,0.0,0.0,0.0,-1.0,0.0,1.0
NXP Semiconductors N.V.,351EC3,2021-04-24,0.0,0.0,0.0,0.0,0.0,0.0,0.0,-1.0,0.0,1.0
NXP Semiconductors N.V.,351EC3,2021-04-25,0.0,0.0,0.0,0.0,0.0,0.0,0.0,-1.0,0.0,1.0
NXP Semiconductors N.V.,351EC3,2021-04-26,0.0,0.0,0.0,0.0,0.0,0.0,0.0,-1.0,0.0,1.0
NXP Semiconductors N.V.,351EC3,2021-04-27,0.0,0.0,0.0,0.0,0.0,0.0,0.0,-1.0,0.0,1.0
NXP Semiconductors N.V.,351EC3,2021-04-28,0.0,0.0,0.0,0.0,0.0,0.0,0.0,-1.0,0.0,1.0
NXP Semiconductors N.V.,351EC3,2021-04-29,0.0,0.0,0.0,0.0,0.0,0.0,0.0,-1.0,0.0,1.0
NXP Semiconductors N.V.,351EC3,2021-06-28,-1.0,0.0,3.0,0.0,0.0,3.0,-1.0,-1.0,3.0,3.0
Nano Dimension Ltd.,0741E3,2021-04-20,-1.0,0.0,1.0,0.0,0.0,1.0,-1.0,-1.0,1.0,1.0
Nano-X Imaging Ltd.,D8A458,2021-05-11,-1.0,0.0,1.0,0.0,0.0,1.0,-1.0,-1.0,1.0,1.0
NetApp Inc.,934CC3,2021-05-21,-1.0,0.0,1.0,0.0,0.0,1.0,-1.0,-1.0,1.0,1.0
Netgear Inc.,DC0998,2021-02-03,-1.0,0.0,1.0,0.0,0.0,1.0,-1.0,-1.0,1.0,1.0
Netlist Inc.,E28EB6,2021-05-11,1.0,1.0,0.0,0.0,0.0,1.0,1.0,1.0,1.0,1.0
NiSource Inc.,6ED519,2021-06-30,-1.0,0.0,1.0,0.0,0.0,1.0,-1.0,-1.0,1.0,1.0
Niagen Bioscience Inc.,F6E1B5,2021-05-06,-1.0,0.0,1.0,0.0,0.0,1.0,-1.0,-1.0,1.0,1.0
Nikola Corp.,39086F,2021-02-03,-1.0,0.0,1.0,0.0,0.0,1.0,-1.0,-1.0,1.0,1.0
Nikola Corp.,39086F,2021-02-04,0.0,0.0,0.0,0.0,0.0,0.0,-1.0,-1.0,1.0,1.0
Nikola Corp.,39086F,2021-02-05,0.0,0.0,0.0,0.0,0.0,0.0,-1.0,-1.0,1.0,1.0
Nikola Corp.,39086F,2021-02-06,0.0,0.0,0.0,0.0,0.0,0.0,-1.0,-1.0,1.0,1.0
Nikola Corp.,39086F,2021-02-07,0.0,0.0,0.0,0.0,0.0,0.0,-1.0,-1.0,1.0,1.0
Nikola Corp.,39086F,2021-02-08,0.0,0.0,0.0,0.0,0.0,0.0,-1.0,-1.0,1.0,1.0
Nikola Corp.,39086F,2021-02-09,0.0,0.0,0.0,0.0,0.0,0.0,-1.0,-1.0,1.0,1.0
Nikola Corp.,39086F,2021-02-10,0.0,0.0,0.0,0.0,0.0,0.0,0.0,-1.0,0.0,1.0
Nikola Corp.,39086F,2021-02-11,0.0,0.0,0.0,0.0,0.0,0.0,0.0,-1.0,0.0,1.0
Nikola Corp.,39086F,2021-02-12,0.0,0.0,0.0,0.0,0.0,0.0,0.0,-1.0,0.0,1.0
Nikola Corp.,39086F,2021-02-13,0.0,0.0,0.0,0.0,0.0,0.0,0.0,-1.0,0.0,1.0
Nikola Corp.,39086F,2021-02-14,0.0,0.0,0.0,0.0,0.0,0.0,0.0,-1.0,0.0,1.0
Nikola Corp.,39086F,2021-02-15,0.0,0.0,0.0,0.0,0.0,0.0,0.0,-1.0,0.0,1.0
Nikola Corp.,39086F,2021-02-16,0.0,0.0,0.0,0.0,0.0,0.0,0.0,-1.0,0.0,1.0
Nikola Corp.,39086F,2021-02-17,0.0,0.0,0.0,0.0,0.0,0.0,0.0,-1.0,0.0,1.0
Nikola Corp.,39086F,2021-02-18,0.0,0.0,0.0,0.0,0.0,0.0,0.0,-1.0,0.0,1.0
Nikola Corp.,39086F,2021-02-19,0.0,0.0,0.0,0.0,0.0,0.0,0.0,-1.0,0.0,1.0
Nikola Corp.,39086F,2021-02-20,0.0,0.0,0.0,0.0,0.0,0.0,0.0,-1.0,0.0,1.0
Nikola Corp.,39086F,2021-02-21,0.0,0.0,0.0,0.0,0.0,0.0,0.0,-1.0,0.0,1.0
Nikola Corp.,39086F,2021-02-22,0.0,0.0,0.0,0.0,0.0,0.0,0.0,-1.0,0.0,1.0
Nikola Corp.,39086F,2021-02-23,0.0,0.0,0.0,0.0,0.0,0.0,0.0,-1.0,0.0,1.0
Nikola Corp.,39086F,2021-02-24,0.0,0.0,0.0,0.0,0.0,0.0,0.0,-1.0,0.0,1.0
Nikola Corp.,39086F,2021-02-25,0.0,0.0,0.0,0.0,0.0,0.0,0.0,-1.0,0.0,1.0
Nikola Corp.,39086F,2021-02-26,-1.0,0.0,1.0,0.0,0.0,1.0,-1.0,-2.0,1.0,2.0
Nikola Corp.,39086F,2021-02-27,0.0,0.0,0.0,0.0,0.0,0.0,-1.0,-2.0,1.0,2.0
Nikola Corp.,39086F,2021-02-28,0.0,0.0,0.0,0.0,0.0,0.0,-1.0,-2.0,1.0,2.0
Nikola Corp.,39086F,2021-03-01,0.0,0.0,0.0,0.0,0.0,0.0,-1.0,-2.0,1.0,2.0
Nikola Corp.,39086F,2021-03-02,0.0,0.0,0.0,0.0,0.0,0.0,-1.0,-2.0,1.0,2.0
Nikola Corp.,39086F,2021-03-03,0.0,0.0,0.0,0.0,0.0,0.0,-1.0,-2.0,1.0,2.0
Nikola Corp.,39086F,2021-03-04,0.0,0.0,0.0,0.0,0.0,0.0,-1.0,-2.0,1.0,2.0
Nikola Corp.,39086F,2021-03-05,0.0,0.0,0.0,0.0,0.0,0.0,0.0,-1.0,0.0,1.0
Nikola Corp.,39086F,2021-03-06,0.0,0.0,0.0,0.0,0.0,0.0,0.0,-1.0,0.0,1.0
Nikola Corp.,39086F,2021-03-07,0.0,0.0,0.0,0.0,0.0,0.0,0.0,-1.0,0.0,1.0
Nikola Corp.,39086F,2021-03-08,0.0,0.0,0.0,0.0,0.0,0.0,0.0,-1.0,0.0,1.0
Nikola Corp.,39086F,2021-03-09,0.0,0.0,0.0,0.0,0.0,0.0,0.0,-1.0,0.0,1.0
Nikola Corp.,39086F,2021-03-10,0.0,0.0,0.0,0.0,0.0,0.0,0.0,-1.0,0.0,1.0
Nikola Corp.,39086F,2021-03-11,0.0,0.0,0.0,0.0,0.0,0.0,0.0,-1.0,0.0,1.0
Nikola Corp.,39086F,2021-03-12,0.0,0.0,0.0,0.0,0.0,0.0,0.0,-1.0,0.0,1.0
Nikola Corp.,39086F,2021-03-13,0.0,0.0,0.0,0.0,0.0,0.0,0.0,-1.0,0.0,1.0
Nikola Corp.,39086F,2021-03-14,0.0,0.0,0.0,0.0,0.0,0.0,0.0,-1.0,0.0,1.0
Nikola Corp.,39086F,2021-03-15,0.0,0.0,0.0,0.0,0.0,0.0,0.0,-1.0,0.0,1.0
Nikola Corp.,39086F,2021-03-16,0.0,0.0,0.0,0.0,0.0,0.0,0.0,-1.0,0.0,1.0
Nikola Corp.,39086F,2021-03-17,0.0,0.0,0.0,0.0,0.0,0.0,0.0,-1.0,0.0,1.0
Nikola Corp.,39086F,2021-03-18,0.0,0.0,0.0,0.0,0.0,0.0,0.0,-1.0,0.0,1.0
Nikola Corp.,39086F,2021-03-19,0.0,0.0,0.0,0.0,0.0,0.0,0.0,-1.0,0.0,1.0
Nikola Corp.,39086F,2021-03-20,0.0,0.0,0.0,0.0,0.0,0.0,0.0,-1.0,0.0,1.0
Nikola Corp.,39086F,2021-03-21,0.0,0.0,0.0,0.0,0.0,0.0,0.0,-1.0,0.0,1.0
Nikola Corp.,39086F,2021-03-22,0.0,0.0,0.0,0.0,0.0,0.0,0.0,-1.0,0.0,1.0
Nikola Corp.,39086F,2021-03-23,0.0,0.0,0.0,0.0,0.0,0.0,0.0,-1.0,0.0,1.0
Nikola Corp.,39086F,2021-03-24,0.0,0.0,0.0,0.0,0.0,0.0,0.0,-1.0,0.0,1.0
Nikola Corp.,39086F,2021-03-25,0.0,0.0,0.0,0.0,0.0,0.0,0.0,-1.0,0.0,1.0
Nikola Corp.,39086F,2021-03-26,0.0,0.0,0.0,0.0,0.0,0.0,0.0,-1.0,0.0,1.0
Nikola Corp.,39086F,2021-03-27,0.0,0.0,0.0,0.0,0.0,0.0,0.0,-1.0,0.0,1.0
Nikola Corp.,39086F,2021-05-07,-1.0,0.0,1.0,0.0,0.0,1.0,-1.0,-1.0,1.0,1.0
Nikola Corp.,39086F,2021-05-08,0.0,0.0,0.0,0.0,0.0,0.0,-1.0,-1.0,1.0,1.0
Nikola Corp.,39086F,2021-05-09,0.0,0.0,0.0,0.0,0.0,0.0,-1.0,-1.0,1.0,1.0
Nikola Corp.,39086F,2021-05-10,0.0,0.0,0.0,0.0,0.0,0.0,-1.0,-1.0,1.0,1.0
Nikola Corp.,39086F,2021-05-11,0.0,0.0,0.0,0.0,0.0,0.0,-1.0,-1.0,1.0,1.0
Nikola Corp.,39086F,2021-05-12,0.0,0.0,0.0,0.0,0.0,0.0,-1.0,-1.0,1.0,1.0
Nikola Corp.,39086F,2021-05-13,0.0,0.0,0.0,0.0,0.0,0.0,-1.0,-1.0,1.0,1.0
Nikola Corp.,39086F,2021-05-14,0.0,0.0,0.0,0.0,0.0,0.0,0.0,-1.0,0.0,1.0
Nikola Corp.,39086F,2021-05-15,0.0,0.0,0.0,0.0,0.0,0.0,0.0,-1.0,0.0,1.0
Nikola Corp.,39086F,2021-05-16,0.0,0.0,0.0,0.0,0.0,0.0,0.0,-1.0,0.0,1.0
Nikola Corp.,39086F,2021-05-17,0.0,0.0,0.0,0.0,0.0,0.0,0.0,-1.0,0.0,1.0
Nikola Corp.,39086F,2021-05-18,0.0,0.0,0.0,0.0,0.0,0.0,0.0,-1.0,0.0,1.0
Nikola Corp.,39086F,2021-05-19,0.0,0.0,0.0,0.0,0.0,0.0,0.0,-1.0,0.0,1.0
Nikola Corp.,39086F,2021-05-20,0.0,0.0,0.0,0.0,0.0,0.0,0.0,-1.0,0.0,1.0
Nikola Corp.,39086F,2021-05-21,0.0,0.0,0.0,0.0,0.0,0.0,0.0,-1.0,0.0,1.0
Nikola Corp.,39086F,2021-05-22,0.0,0.0,0.0,0.0,0.0,0.0,0.0,-1.0,0.0,1.0
Nikola Corp.,39086F,2021-05-23,0.0,0.0,0.0,0.0,0.0,0.0,0.0,-1.0,0.0,1.0
Nikola Corp.,39086F,2021-05-24,0.0,0.0,0.0,0.0,0.0,0.0,0.0,-1.0,0.0,1.0
Nikola Corp.,39086F,2021-05-25,0.0,0.0,0.0,0.0,0.0,0.0,0.0,-1.0,0.0,1.0
Nikola Corp.,39086F,2021-05-26,0.0,0.0,0.0,0.0,0.0,0.0,0.0,-1.0,0.0,1.0
Nikola Corp.,39086F,2021-05-27,0.0,0.0,0.0,0.0,0.0,0.0,0.0,-1.0,0.0,1.0
Nikola Corp.,39086F,2021-05-28,0.0,0.0,0.0,0.0,0.0,0.0,0.0,-1.0,0.0,1.0
Nikola Corp.,39086F,2021-05-29,0.0,0.0,0.0,0.0,0.0,0.0,0.0,-1.0,0.0,1.0
Nikola Corp.,39086F,2021-05-30,0.0,0.0,0.0,0.0,0.0,0.0,0.0,-1.0,0.0,1.0
Nikola Corp.,39086F,2021-05-31,0.0,0.0,0.0,0.0,0.0,0.0,0.0,-1.0,0.0,1.0
Nikola Corp.,39086F,2021-06-01,0.0,0.0,0.0,0.0,0.0,0.0,0.0,-1.0,0.0,1.0
Nikola Corp.,39086F,2021-06-02,0.0,0.0,0.0,0.0,0.0,0.0,0.0,-1.0,0.0,1.0
Nikola Corp.,39086F,2021-06-03,0.0,0.0,0.0,0.0,0.0,0.0,0.0,-1.0,0.0,1.0
Nikola Corp.,39086F,2021-06-04,0.0,0.0,0.0,0.0,0.0,0.0,0.0,-1.0,0.0,1.0
Nikola Corp.,39086F,2021-06-05,0.0,0.0,0.0,0.0,0.0,0.0,0.0,-1.0,0.0,1.0
Nikola Corp.,39086F,2021-06-17,-1.0,0.0,1.0,0.0,0.0,1.0,-1.0,-1.0,1.0,1.0
Nissan Motor Co. Ltd.,DDDBDC,2021-01-08,-1.0,0.0,1.0,0.0,0.0,1.0,-1.0,-1.0,1.0,1.0
Nissan Motor Co. Ltd.,DDDBDC,2021-01-09,0.0,0.0,0.0,0.0,0.0,0.0,-1.0,-1.0,1.0,1.0
Nissan Motor Co. Ltd.,DDDBDC,2021-01-10,0.0,0.0,0.0,0.0,0.0,0.0,-1.0,-1.0,1.0,1.0
Nissan Motor Co. Ltd.,DDDBDC,2021-01-11,0.0,0.0,0.0,0.0,0.0,0.0,-1.0,-1.0,1.0,1.0
Nissan Motor Co. Ltd.,DDDBDC,2021-01-12,-1.0,0.0,1.0,0.0,0.0,1.0,-2.0,-2.0,2.0,2.0
Nissan Motor Co. Ltd.,DDDBDC,2021-01-13,0.0,0.0,0.0,0.0,0.0,0.0,-2.0,-2.0,2.0,2.0
Nissan Motor Co. Ltd.,DDDBDC,2021-01-14,0.0,0.0,0.0,0.0,0.0,0.0,-2.0,-2.0,2.0,2.0
Nissan Motor Co. Ltd.,DDDBDC,2021-01-15,0.0,0.0,0.0,0.0,0.0,0.0,-1.0,-2.0,1.0,2.0
Nissan Motor Co. Ltd.,DDDBDC,2021-01-16,0.0,0.0,0.0,0.0,0.0,0.0,-1.0,-2.0,1.0,2.0
Nissan Motor Co. Ltd.,DDDBDC,2021-01-17,0.0,0.0,0.0,0.0,0.0,0.0,-1.0,-2.0,1.0,2.0
Nissan Motor Co. Ltd.,DDDBDC,2021-01-18,0.0,0.0,0.0,0.0,0.0,0.0,-1.0,-2.0,1.0,2.0
Nissan Motor Co. Ltd.,DDDBDC,2021-01-19,0.0,0.0,0.0,0.0,0.0,0.0,0.0,-2.0,0.0,2.0
Nissan Motor Co. Ltd.,DDDBDC,2021-01-20,0.0,0.0,0.0,0.0,0.0,0.0,0.0,-2.0,0.0,2.0
Nissan Motor Co. Ltd.,DDDBDC,2021-01-21,0.0,0.0,0.0,0.0,0.0,0.0,0.0,-2.0,0.0,2.0
Nissan Motor Co. Ltd.,DDDBDC,2021-01-22,0.0,0.0,0.0,0.0,0.0,0.0,0.0,-2.0,0.0,2.0
Nissan Motor Co. Ltd.,DDDBDC,2021-01-23,0.0,0.0,0.0,0.0,0.0,0.0,0.0,-2.0,0.0,2.0
Nissan Motor Co. Ltd.,DDDBDC,2021-01-24,0.0,0.0,0.0,0.0,0.0,0.0,0.0,-2.0,0.0,2.0
Nissan Motor Co. Ltd.,DDDBDC,2021-01-25,0.0,0.0,0.0,0.0,0.0,0.0,0.0,-2.0,0.0,2.0
Nissan Motor Co. Ltd.,DDDBDC,2021-01-26,0.0,0.0,0.0,0.0,0.0,0.0,0.0,-2.0,0.0,2.0
Nissan Motor Co. Ltd.,DDDBDC,2021-01-27,0.0,0.0,0.0,0.0,0.0,0.0,0.0,-2.0,0.0,2.0
Nissan Motor Co. Ltd.,DDDBDC,2021-01-28,0.0,0.0,0.0,0.0,0.0,0.0,0.0,-2.0,0.0,2.0
Nissan Motor Co. Ltd.,DDDBDC,2021-01-29,0.0,0.0,0.0,0.0,0.0,0.0,0.0,-2.0,0.0,2.0
Nissan Motor Co. Ltd.,DDDBDC,2021-01-30,0.0,0.0,0.0,0.0,0.0,0.0,0.0,-2.0,0.0,2.0
Nissan Motor Co. Ltd.,DDDBDC,2021-01-31,0.0,0.0,0.0,0.0,0.0,0.0,0.0,-2.0,0.0,2.0
Nissan Motor Co. Ltd.,DDDBDC,2021-02-01,0.0,0.0,0.0,0.0,0.0,0.0,0.0,-2.0,0.0,2.0
Nissan Motor Co. Ltd.,DDDBDC,2021-02-02,0.0,0.0,0.0,0.0,0.0,0.0,0.0,-2.0,0.0,2.0
Nissan Motor Co. Ltd.,DDDBDC,2021-02-03,-1.0,0.0,2.0,0.0,0.0,2.0,-1.0,-3.0,2.0,4.0
Nissan Motor Co. Ltd.,DDDBDC,2021-02-04,-1.0,0.0,2.0,0.0,0.0,2.0,-2.0,-4.0,4.0,6.0
Nissan Motor Co. Ltd.,DDDBDC,2021-02-05,0.0,0.0,0.0,0.0,0.0,0.0,-2.0,-4.0,4.0,6.0
Nissan Motor Co. Ltd.,DDDBDC,2021-02-06,0.0,0.0,0.0,0.0,0.0,0.0,-2.0,-4.0,4.0,6.0
Nissan Motor Co. Ltd.,DDDBDC,2021-02-07,0.0,0.0,0.0,0.0,0.0,0.0,-2.0,-3.0,4.0,5.0
Nissan Motor Co. Ltd.,DDDBDC,2021-02-08,0.0,0.0,0.0,0.0,0.0,0.0,-2.0,-3.0,4.0,5.0
Nissan Motor Co. Ltd.,DDDBDC,2021-02-09,0.0,0.0,0.0,0.0,0.0,0.0,-2.0,-3.0,4.0,5.0
Nissan Motor Co. Ltd.,DDDBDC,2021-02-10,-1.0,0.0,1.0,0.0,0.0,1.0,-2.0,-4.0,3.0,6.0
Nissan Motor Co. Ltd.,DDDBDC,2021-02-11,0.0,0.0,0.0,0.0,0.0,0.0,-1.0,-3.0,1.0,5.0
Nissan Motor Co. Ltd.,DDDBDC,2021-02-12,0.0,0.0,0.0,0.0,0.0,0.0,-1.0,-3.0,1.0,5.0
Nissan Motor Co. Ltd.,DDDBDC,2021-02-13,0.0,0.0,0.0,0.0,0.0,0.0,-1.0,-3.0,1.0,5.0
Nissan Motor Co. Ltd.,DDDBDC,2021-02-14,0.0,0.0,0.0,0.0,0.0,0.0,-1.0,-3.0,1.0,5.0
Nissan Motor Co. Ltd.,DDDBDC,2021-02-15,0.0,0.0,0.0,0.0,0.0,0.0,-1.0,-3.0,1.0,5.0
Nissan Motor Co. Ltd.,DDDBDC,2021-02-16,0.0,0.0,0.0,0.0,0.0,0.0,-1.0,-3.0,1.0,5.0
Nissan Motor Co. Ltd.,DDDBDC,2021-02-17,0.0,0.0,0.0,0.0,0.0,0.0,0.0,-3.0,0.0,5.0
Nissan Motor Co. Ltd.,DDDBDC,2021-02-18,0.0,0.0,0.0,0.0,0.0,0.0,0.0,-3.0,0.0,5.0
Nissan Motor Co. Ltd.,DDDBDC,2021-02-19,0.0,0.0,0.0,0.0,0.0,0.0,0.0,-3.0,0.0,5.0
Nissan Motor Co. Ltd.,DDDBDC,2021-02-20,0.0,0.0,0.0,0.0,0.0,0.0,0.0,-3.0,0.0,5.0
Nissan Motor Co. Ltd.,DDDBDC,2021-02-21,0.0,0.0,0.0,0.0,0.0,0.0,0.0,-3.0,0.0,5.0
Nissan Motor Co. Ltd.,DDDBDC,2021-02-22,0.0,0.0,0.0,0.0,0.0,0.0,0.0,-3.0,0.0,5.0
Nissan Motor Co. Ltd.,DDDBDC,2021-02-23,0.0,0.0,0.0,0.0,0.0,0.0,0.0,-3.0,0.0,5.0
Nissan Motor Co. Ltd.,DDDBDC,2021-02-24,0.0,0.0,0.0,0.0,0.0,0.0,0.0,-3.0,0.0,5.0
Nissan Motor Co. Ltd.,DDDBDC,2021-02-25,0.0,0.0,0.0,0.0,0.0,0.0,0.0,-3.0,0.0,5.0
Nissan Motor Co. Ltd.,DDDBDC,2021-02-26,0.0,0.0,0.0,0.0,0.0,0.0,0.0,-3.0,0.0,5.0
Nissan Motor Co. Ltd.,DDDBDC,2021-02-27,0.0,0.0,0.0,0.0,0.0,0.0,0.0,-3.0,0.0,5.0
Nissan Motor Co. Ltd.,DDDBDC,2021-02-28,0.0,0.0,0.0,0.0,0.0,0.0,0.0,-3.0,0.0,5.0
Nissan Motor Co. Ltd.,DDDBDC,2021-03-01,0.0,0.0,0.0,0.0,0.0,0.0,0.0,-3.0,0.0,5.0
Nissan Motor Co. Ltd.,DDDBDC,2021-03-02,0.0,0.0,0.0,0.0,0.0,0.0,0.0,-3.0,0.0,5.0
Nissan Motor Co. Ltd.,DDDBDC,2021-03-03,0.0,0.0,0.0,0.0,0.0,0.0,0.0,-3.0,0.0,5.0
Nissan Motor Co. Ltd.,DDDBDC,2021-03-04,0.0,0.0,0.0,0.0,0.0,0.0,0.0,-3.0,0.0,5.0
Nissan Motor Co. Ltd.,DDDBDC,2021-03-05,0.0,0.0,0.0,0.0,0.0,0.0,0.0,-2.0,0.0,3.0
Nissan Motor Co. Ltd.,DDDBDC,2021-03-06,0.0,0.0,0.0,0.0,0.0,0.0,0.0,-1.0,0.0,1.0
Nissan Motor Co. Ltd.,DDDBDC,2021-03-07,0.0,0.0,0.0,0.0,0.0,0.0,0.0,-1.0,0.0,1.0
Nissan Motor Co. Ltd.,DDDBDC,2021-03-08,0.0,0.0,0.0,0.0,0.0,0.0,0.0,-1.0,0.0,1.0
Nissan Motor Co. Ltd.,DDDBDC,2021-03-09,0.0,0.0,0.0,0.0,0.0,0.0,0.0,-1.0,0.0,1.0
Nissan Motor Co. Ltd.,DDDBDC,2021-03-10,0.0,0.0,0.0,0.0,0.0,0.0,0.0,-1.0,0.0,1.0
Nissan Motor Co. Ltd.,DDDBDC,2021-03-11,0.0,0.0,0.0,0.0,0.0,0.0,0.0,-1.0,0.0,1.0
Nissan Motor Co. Ltd.,DDDBDC,2021-03-19,-1.0,0.0,1.0,0.0,0.0,1.0,-1.0,-1.0,1.0,1.0
Nissan Motor Co. Ltd.,DDDBDC,2021-03-20,0.0,0.0,0.0,0.0,0.0,0.0,-1.0,-1.0,1.0,1.0
Nissan Motor Co. Ltd.,DDDBDC,2021-03-21,0.0,0.0,0.0,0.0,0.0,0.0,-1.0,-1.0,1.0,1.0
Nissan Motor Co. Ltd.,DDDBDC,2021-03-22,0.0,0.0,0.0,0.0,0.0,0.0,-1.0,-1.0,1.0,1.0
Nissan Motor Co. Ltd.,DDDBDC,2021-03-23,0.0,0.0,0.0,0.0,0.0,0.0,-1.0,-1.0,1.0,1.0
Nissan Motor Co. Ltd.,DDDBDC,2021-03-24,0.0,0.0,0.0,0.0,0.0,0.0,-1.0,-1.0,1.0,1.0
Nissan Motor Co. Ltd.,DDDBDC,2021-03-25,0.0,0.0,0.0,0.0,0.0,0.0,-1.0,-1.0,1.0,1.0
Nissan Motor Co. Ltd.,DDDBDC,2021-03-26,0.0,0.0,0.0,0.0,0.0,0.0,0.0,-1.0,0.0,1.0
Nissan Motor Co. Ltd.,DDDBDC,2021-03-27,-1.0,0.0,2.0,0.0,0.0,2.0,-1.0,-2.0,2.0,3.0
Nissan Motor Co. Ltd.,DDDBDC,2021-03-28,0.0,0.0,0.0,0.0,0.0,0.0,-1.0,-2.0,2.0,3.0
Nissan Motor Co. Ltd.,DDDBDC,2021-03-29,0.0,0.0,0.0,0.0,0.0,0.0,-1.0,-2.0,2.0,3.0
Nissan Motor Co. Ltd.,DDDBDC,2021-03-30,-1.0,0.0,2.0,0.0,0.0,2.0,-2.0,-3.0,4.0,5.0
Nissan Motor Co. Ltd.,DDDBDC,2021-03-31,0.0,0.0,0.0,0.0,0.0,0.0,-2.0,-3.0,4.0,5.0
Nissan Motor Co. Ltd.,DDDBDC,2021-04-01,0.0,0.0,0.0,0.0,0.0,0.0,-2.0,-3.0,4.0,5.0
Nissan Motor Co. Ltd.,DDDBDC,2021-04-02,0.0,0.0,0.0,0.0,0.0,0.0,-2.0,-3.0,4.0,5.0
Nissan Motor Co. Ltd.,DDDBDC,2021-04-03,0.0,0.0,0.0,0.0,0.0,0.0,-1.0,-3.0,2.0,5.0
Nissan Motor Co. Ltd.,DDDBDC,2021-04-04,0.0,0.0,0.0,0.0,0.0,0.0,-1.0,-3.0,2.0,5.0
Nissan Motor Co. Ltd.,DDDBDC,2021-04-05,0.0,0.0,0.0,0.0,0.0,0.0,-1.0,-3.0,2.0,5.0
Nissan Motor Co. Ltd.,DDDBDC,2021-04-06,0.0,0.0,0.0,0.0,0.0,0.0,0.0,-3.0,0.0,5.0
Nissan Motor Co. Ltd.,DDDBDC,2021-04-07,0.0,0.0,0.0,0.0,0.0,0.0,0.0,-3.0,0.0,5.0
Nissan Motor Co. Ltd.,DDDBDC,2021-04-08,0.0,0.0,0.0,0.0,0.0,0.0,0.0,-3.0,0.0,5.0
Nissan Motor Co. Ltd.,DDDBDC,2021-04-09,0.0,0.0,0.0,0.0,0.0,0.0,0.0,-3.0,0.0,5.0
Nissan Motor Co. Ltd.,DDDBDC,2021-04-10,0.0,0.0,0.0,0.0,0.0,0.0,0.0,-3.0,0.0,5.0
Nissan Motor Co. Ltd.,DDDBDC,2021-04-11,0.0,0.0,0.0,0.0,0.0,0.0,0.0,-3.0,0.0,5.0
Nissan Motor Co. Ltd.,DDDBDC,2021-04-12,0.0,0.0,0.0,0.0,0.0,0.0,0.0,-3.0,0.0,5.0
Nissan Motor Co. Ltd.,DDDBDC,2021-04-13,0.0,0.0,0.0,0.0,0.0,0.0,0.0,-3.0,0.0,5.0
Nissan Motor Co. Ltd.,DDDBDC,2021-04-14,-1.0,0.0,1.0,0.0,0.0,1.0,-1.0,-4.0,1.0,6.0
Nissan Motor Co. Ltd.,DDDBDC,2021-04-15,0.0,0.0,0.0,0.0,0.0,0.0,-1.0,-4.0,1.0,6.0
Nissan Motor Co. Ltd.,DDDBDC,2021-04-16,0.0,0.0,0.0,0.0,0.0,0.0,-1.0,-4.0,1.0,6.0
Nissan Motor Co. Ltd.,DDDBDC,2021-04-17,0.0,0.0,0.0,0.0,0.0,0.0,-1.0,-4.0,1.0,6.0
Nissan Motor Co. Ltd.,DDDBDC,2021-04-18,0.0,0.0,0.0,0.0,0.0,0.0,-1.0,-3.0,1.0,5.0
Nissan Motor Co. Ltd.,DDDBDC,2021-04-19,0.0,0.0,0.0,0.0,0.0,0.0,-1.0,-3.0,1.0,5.0
Nissan Motor Co. Ltd.,DDDBDC,2021-04-20,0.0,0.0,0.0,0.0,0.0,0.0,-1.0,-3.0,1.0,5.0
Nissan Motor Co. Ltd.,DDDBDC,2021-04-21,0.0,0.0,0.0,0.0,0.0,0.0,0.0,-3.0,0.0,5.0
Nissan Motor Co. Ltd.,DDDBDC,2021-04-22,0.0,0.0,0.0,0.0,0.0,0.0,0.0,-3.0,0.0,5.0
Nissan Motor Co. Ltd.,DDDBDC,2021-04-23,0.0,0.0,0.0,0.0,0.0,0.0,0.0,-3.0,0.0,5.0
Nissan Motor Co. Ltd.,DDDBDC,2021-04-24,0.0,0.0,0.0,0.0,0.0,0.0,0.0,-3.0,0.0,5.0
Nissan Motor Co. Ltd.,DDDBDC,2021-04-25,0.0,0.0,0.0,0.0,0.0,0.0,0.0,-3.0,0.0,5.0
Nissan Motor Co. Ltd.,DDDBDC,2021-04-26,0.0,0.0,0.0,0.0,0.0,0.0,0.0,-2.0,0.0,3.0
Nissan Motor Co. Ltd.,DDDBDC,2021-04-27,0.0,0.0,0.0,0.0,0.0,0.0,0.0,-2.0,0.0,3.0
Nissan Motor Co. Ltd.,DDDBDC,2021-04-28,0.0,0.0,0.0,0.0,0.0,0.0,0.0,-2.0,0.0,3.0
Nissan Motor Co. Ltd.,DDDBDC,2021-04-29,0.0,0.0,0.0,0.0,0.0,0.0,0.0,-1.0,0.0,1.0
Nissan Motor Co. Ltd.,DDDBDC,2021-04-30,0.0,0.0,0.0,0.0,0.0,0.0,0.0,-1.0,0.0,1.0
Nissan Motor Co. Ltd.,DDDBDC,2021-05-01,0.0,0.0,0.0,0.0,0.0,0.0,0.0,-1.0,0.0,1.0
Nissan Motor Co. Ltd.,DDDBDC,2021-05-02,0.0,0.0,0.0,0.0,0.0,0.0,0.0,-1.0,0.0,1.0
Nissan Motor Co. Ltd.,DDDBDC,2021-05-03,0.0,0.0,0.0,0.0,0.0,0.0,0.0,-1.0,0.0,1.0
Nissan Motor Co. Ltd.,DDDBDC,2021-05-04,0.0,0.0,0.0,0.0,0.0,0.0,0.0,-1.0,0.0,1.0
Nissan Motor Co. Ltd.,DDDBDC,2021-05-05,0.0,0.0,0.0,0.0,0.0,0.0,0.0,-1.0,0.0,1.0
Nissan Motor Co. Ltd.,DDDBDC,2021-05-06,0.0,0.0,0.0,0.0,0.0,0.0,0.0,-1.0,0.0,1.0
Nissan Motor Co. Ltd.,DDDBDC,2021-05-07,0.0,0.0,0.0,0.0,0.0,0.0,0.0,-1.0,0.0,1.0
Nissan Motor Co. Ltd.,DDDBDC,2021-05-08,0.0,0.0,0.0,0.0,0.0,0.0,0.0,-1.0,0.0,1.0
Nissan Motor Co. Ltd.,DDDBDC,2021-05-09,0.0,0.0,0.0,0.0,0.0,0.0,0.0,-1.0,0.0,1.0
Nissan Motor Co. Ltd.,DDDBDC,2021-05-10,0.0,0.0,0.0,0.0,0.0,0.0,0.0,-1.0,0.0,1.0
Nissan Motor Co. Ltd.,DDDBDC,2021-05-11,-1.0,0.0,3.0,0.0,0.0,3.0,-1.0,-2.0,3.0,4.0
Nissan Motor Co. Ltd.,DDDBDC,2021-05-12,0.0,0.0,0.0,0.0,0.0,0.0,-1.0,-2.0,3.0,4.0
Nissan Motor Co. Ltd.,DDDBDC,2021-05-13,0.0,0.0,0.0,0.0,0.0,0.0,-1.0,-2.0,3.0,4.0
Nissan Motor Co. Ltd.,DDDBDC,2021-05-14,0.0,0.0,0.0,0.0,0.0,0.0,-1.0,-1.0,3.0,3.0
Nissan Motor Co. Ltd.,DDDBDC,2021-05-15,0.0,0.0,0.0,0.0,0.0,0.0,-1.0,-1.0,3.0,3.0
Nissan Motor Co. Ltd.,DDDBDC,2021-05-16,0.0,0.0,0.0,0.0,0.0,0.0,-1.0,-1.0,3.0,3.0
Nissan Motor Co. Ltd.,DDDBDC,2021-05-17,0.0,0.0,0.0,0.0,0.0,0.0,-1.0,-1.0,3.0,3.0
Nissan Motor Co. Ltd.,DDDBDC,2021-05-18,0.0,0.0,0.0,0.0,0.0,0.0,0.0,-1.0,0.0,3.0
Nissan Motor Co. Ltd.,DDDBDC,2021-05-19,0.0,0.0,0.0,0.0,0.0,0.0,0.0,-1.0,0.0,3.0
Nissan Motor Co. Ltd.,DDDBDC,2021-05-20,0.0,0.0,0.0,0.0,0.0,0.0,0.0,-1.0,0.0,3.0
Nissan Motor Co. Ltd.,DDDBDC,2021-05-21,0.0,0.0,0.0,0.0,0.0,0.0,0.0,-1.0,0.0,3.0
Nissan Motor Co. Ltd.,DDDBDC,2021-05-22,0.0,0.0,0.0,0.0,0.0,0.0,0.0,-1.0,0.0,3.0
Nissan Motor Co. Ltd.,DDDBDC,2021-05-23,0.0,0.0,0.0,0.0,0.0,0.0,0.0,-1.0,0.0,3.0
Nissan Motor Co. Ltd.,DDDBDC,2021-05-24,0.0,0.0,0.0,0.0,0.0,0.0,0.0,-1.0,0.0,3.0
Nissan Motor Co. Ltd.,DDDBDC,2021-05-25,0.0,0.0,0.0,0.0,0.0,0.0,0.0,-1.0,0.0,3.0
Nissan Motor Co. Ltd.,DDDBDC,2021-05-26,0.0,0.0,0.0,0.0,0.0,0.0,0.0,-1.0,0.0,3.0
Nissan Motor Co. Ltd.,DDDBDC,2021-05-27,0.0,0.0,0.0,0.0,0.0,0.0,0.0,-1.0,0.0,3.0
Nissan Motor Co. Ltd.,DDDBDC,2021-05-28,0.0,0.0,0.0,0.0,0.0,0.0,0.0,-1.0,0.0,3.0
Nissan Motor Co. Ltd.,DDDBDC,2021-05-29,0.0,0.0,0.0,0.0,0.0,0.0,0.0,-1.0,0.0,3.0
Nissan Motor Co. Ltd.,DDDBDC,2021-05-30,0.0,0.0,0.0,0.0,0.0,0.0,0.0,-1.0,0.0,3.0
Nissan Motor Co. Ltd.,DDDBDC,2021-05-31,0.0,0.0,0.0,0.0,0.0,0.0,0.0,-1.0,0.0,3.0
Nissan Motor Co. Ltd.,DDDBDC,2021-06-01,-1.0,0.0,1.0,0.0,0.0,1.0,-1.0,-2.0,1.0,4.0
Niu Technologies Co.,C10D5F,2021-03-08,-1.0,0.0,1.0,0.0,0.0,1.0,-1.0,-1.0,1.0,1.0
Nomura Holdings Inc.,016DFB,2021-02-03,-1.0,0.0,1.0,0.0,0.0,1.0,-1.0,-1.0,1.0,1.0
Nomura Holdings Inc.,016DFB,2021-02-04,0.0,0.0,0.0,0.0,0.0,0.0,-1.0,-1.0,1.0,1.0
Nomura Holdings Inc.,016DFB,2021-02-05,0.0,0.0,0.0,0.0,0.0,0.0,-1.0,-1.0,1.0,1.0
Nomura Holdings Inc.,016DFB,2021-02-06,0.0,0.0,0.0,0.0,0.0,0.0,-1.0,-1.0,1.0,1.0
Nomura Holdings Inc.,016DFB,2021-02-07,0.0,0.0,0.0,0.0,0.0,0.0,-1.0,-1.0,1.0,1.0
Nomura Holdings Inc.,016DFB,2021-02-08,0.0,0.0,0.0,0.0,0.0,0.0,-1.0,-1.0,1.0,1.0
Nomura Holdings Inc.,016DFB,2021-02-09,0.0,0.0,0.0,0.0,0.0,0.0,-1.0,-1.0,1.0,1.0
Nomura Holdings Inc.,016DFB,2021-02-10,0.0,0.0,0.0,0.0,0.0,0.0,0.0,-1.0,0.0,1.0
Nomura Holdings Inc.,016DFB,2021-02-11,0.0,0.0,0.0,0.0,0.0,0.0,0.0,-1.0,0.0,1.0
Nomura Holdings Inc.,016DFB,2021-02-12,0.0,0.0,0.0,0.0,0.0,0.0,0.0,-1.0,0.0,1.0
Nomura Holdings Inc.,016DFB,2021-02-13,0.0,0.0,0.0,0.0,0.0,0.0,0.0,-1.0,0.0,1.0
Nomura Holdings Inc.,016DFB,2021-02-14,0.0,0.0,0.0,0.0,0.0,0.0,0.0,-1.0,0.0,1.0
Nomura Holdings Inc.,016DFB,2021-02-15,0.0,0.0,0.0,0.0,0.0,0.0,0.0,-1.0,0.0,1.0
Nomura Holdings Inc.,016DFB,2021-02-16,0.0,0.0,0.0,0.0,0.0,0.0,0.0,-1.0,0.0,1.0
Nomura Holdings Inc.,016DFB,2021-02-17,0.0,0.0,0.0,0.0,0.0,0.0,0.0,-1.0,0.0,1.0
Nomura Holdings Inc.,016DFB,2021-02-18,0.0,0.0,0.0,0.0,0.0,0.0,0.0,-1.0,0.0,1.0
Nomura Holdings Inc.,016DFB,2021-02-19,0.0,0.0,0.0,0.0,0.0,0.0,0.0,-1.0,0.0,1.0
Nomura Holdings Inc.,016DFB,2021-02-20,0.0,0.0,0.0,0.0,0.0,0.0,0.0,-1.0,0.0,1.0
Nomura Holdings Inc.,016DFB,2021-02-21,0.0,0.0,0.0,0.0,0.0,0.0,0.0,-1.0,0.0,1.0
Nomura Holdings Inc.,016DFB,2021-02-22,0.0,0.0,0.0,0.0,0.0,0.0,0.0,-1.0,0.0,1.0
Nomura Holdings Inc.,016DFB,2021-02-23,0.0,0.0,0.0,0.0,0.0,0.0,0.0,-1.0,0.0,1.0
Nomura Holdings Inc.,016DFB,2021-02-24,0.0,0.0,0.0,0.0,0.0,0.0,0.0,-1.0,0.0,1.0
Nomura Holdings Inc.,016DFB,2021-02-25,0.0,0.0,0.0,0.0,0.0,0.0,0.0,-1.0,0.0,1.0
Nomura Holdings Inc.,016DFB,2021-02-26,0.0,0.0,0.0,0.0,0.0,0.0,0.0,-1.0,0.0,1.0
Nomura Holdings Inc.,016DFB,2021-02-27,0.0,0.0,0.0,0.0,0.0,0.0,0.0,-1.0,0.0,1.0
Nomura Holdings Inc.,016DFB,2021-02-28,0.0,0.0,0.0,0.0,0.0,0.0,0.0,-1.0,0.0,1.0
Nomura Holdings Inc.,016DFB,2021-03-01,0.0,0.0,0.0,0.0,0.0,0.0,0.0,-1.0,0.0,1.0
Nomura Holdings Inc.,016DFB,2021-03-02,0.0,0.0,0.0,0.0,0.0,0.0,0.0,-1.0,0.0,1.0
Nomura Holdings Inc.,016DFB,2021-03-03,0.0,0.0,0.0,0.0,0.0,0.0,0.0,-1.0,0.0,1.0
Nomura Holdings Inc.,016DFB,2021-03-04,0.0,0.0,0.0,0.0,0.0,0.0,0.0,-1.0,0.0,1.0
Nomura Holdings Inc.,016DFB,2021-04-26,-1.0,0.0,1.0,0.0,0.0,1.0,-1.0,-1.0,1.0,1.0
Nomura Holdings Inc.,016DFB,2021-04-27,0.0,0.0,0.0,0.0,0.0,0.0,-1.0,-1.0,1.0,1.0
Nomura Holdings Inc.,016DFB,2021-04-28,0.0,0.0,0.0,0.0,0.0,0.0,-1.0,-1.0,1.0,1.0
Nomura Holdings Inc.,016DFB,2021-04-29,-1.0,0.0,1.0,0.0,0.0,1.0,-2.0,-2.0,2.0,2.0
Nomura Holdings Inc.,016DFB,2021-04-30,0.0,0.0,0.0,0.0,0.0,0.0,-2.0,-2.0,2.0,2.0
Nomura Holdings Inc.,016DFB,2021-05-01,0.0,0.0,0.0,0.0,0.0,0.0,-2.0,-2.0,2.0,2.0
Nomura Holdings Inc.,016DFB,2021-05-02,0.0,0.0,0.0,0.0,0.0,0.0,-2.0,-2.0,2.0,2.0
Nomura Holdings Inc.,016DFB,2021-05-03,0.0,0.0,0.0,0.0,0.0,0.0,-1.0,-2.0,1.0,2.0
Nomura Holdings Inc.,016DFB,2021-05-04,0.0,0.0,0.0,0.0,0.0,0.0,-1.0,-2.0,1.0,2.0
Nomura Holdings Inc.,016DFB,2021-05-05,0.0,0.0,0.0,0.0,0.0,0.0,-1.0,-2.0,1.0,2.0
Nomura Holdings Inc.,016DFB,2021-05-06,0.0,0.0,0.0,0.0,0.0,0.0,0.0,-2.0,0.0,2.0
Nomura Holdings Inc.,016DFB,2021-05-07,0.0,0.0,0.0,0.0,0.0,0.0,0.0,-2.0,0.0,2.0
Nomura Holdings Inc.,016DFB,2021-05-08,0.0,0.0,0.0,0.0,0.0,0.0,0.0,-2.0,0.0,2.0
Nomura Holdings Inc.,016DFB,2021-05-09,0.0,0.0,0.0,0.0,0.0,0.0,0.0,-2.0,0.0,2.0
Nomura Holdings Inc.,016DFB,2021-05-10,0.0,0.0,0.0,0.0,0.0,0.0,0.0,-2.0,0.0,2.0
Nomura Holdings Inc.,016DFB,2021-05-11,0.0,0.0,0.0,0.0,0.0,0.0,0.0,-2.0,0.0,2.0
Nomura Holdings Inc.,016DFB,2021-05-12,0.0,0.0,0.0,0.0,0.0,0.0,0.0,-2.0,0.0,2.0
Nomura Holdings Inc.,016DFB,2021-05-13,0.0,0.0,0.0,0.0,0.0,0.0,0.0,-2.0,0.0,2.0
Nomura Holdings Inc.,016DFB,2021-05-14,0.0,0.0,0.0,0.0,0.0,0.0,0.0,-2.0,0.0,2.0
Nomura Holdings Inc.,016DFB,2021-05-15,0.0,0.0,0.0,0.0,0.0,0.0,0.0,-2.0,0.0,2.0
Nomura Holdings Inc.,016DFB,2021-05-16,0.0,0.0,0.0,0.0,0.0,0.0,0.0,-2.0,0.0,2.0
Nomura Holdings Inc.,016DFB,2021-05-17,0.0,0.0,0.0,0.0,0.0,0.0,0.0,-2.0,0.0,2.0
Nomura Holdings Inc.,016DFB,2021-05-18,0.0,0.0,0.0,0.0,0.0,0.0,0.0,-2.0,0.0,2.0
Nomura Holdings Inc.,016DFB,2021-05-19,0.0,0.0,0.0,0.0,0.0,0.0,0.0,-2.0,0.0,2.0
Nomura Holdings Inc.,016DFB,2021-05-20,0.0,0.0,0.0,0.0,0.0,0.0,0.0,-2.0,0.0,2.0
Nomura Holdings Inc.,016DFB,2021-05-21,0.0,0.0,0.0,0.0,0.0,0.0,0.0,-2.0,0.0,2.0
Nomura Holdings Inc.,016DFB,2021-05-22,0.0,0.0,0.0,0.0,0.0,0.0,0.0,-2.0,0.0,2.0
Nomura Holdings Inc.,016DFB,2021-05-23,0.0,0.0,0.0,0.0,0.0,0.0,0.0,-2.0,0.0,2.0
Nomura Holdings Inc.,016DFB,2021-05-24,0.0,0.0,0.0,0.0,0.0,0.0,0.0,-2.0,0.0,2.0
Nomura Holdings Inc.,016DFB,2021-05-25,0.0,0.0,0.0,0.0,0.0,0.0,0.0,-2.0,0.0,2.0
Nomura Holdings Inc.,016DFB,2021-05-26,-1.0,0.0,1.0,0.0,0.0,1.0,-1.0,-2.0,1.0,2.0
Nomura Holdings Inc.,016DFB,2021-05-27,0.0,0.0,0.0,0.0,0.0,0.0,-1.0,-2.0,1.0,2.0
Nomura Holdings Inc.,016DFB,2021-05-28,0.0,0.0,0.0,0.0,0.0,0.0,-1.0,-2.0,1.0,2.0
Nomura Holdings Inc.,016DFB,2021-05-29,0.0,0.0,0.0,0.0,0.0,0.0,-1.0,-1.0,1.0,1.0
Nomura Holdings Inc.,016DFB,2021-05-30,0.0,0.0,0.0,0.0,0.0,0.0,-1.0,-1.0,1.0,1.0
Nomura Holdings Inc.,016DFB,2021-05-31,0.0,0.0,0.0,0.0,0.0,0.0,-1.0,-1.0,1.0,1.0
Nomura Holdings Inc.,016DFB,2021-06-01,0.0,0.0,0.0,0.0,0.0,0.0,-1.0,-1.0,1.0,1.0
Nomura Holdings Inc.,016DFB,2021-06-02,0.0,0.0,0.0,0.0,0.0,0.0,0.0,-1.0,0.0,1.0
Nomura Holdings Inc.,016DFB,2021-06-03,0.0,0.0,0.0,0.0,0.0,0.0,0.0,-1.0,0.0,1.0
Nomura Holdings Inc.,016DFB,2021-06-04,0.0,0.0,0.0,0.0,0.0,0.0,0.0,-1.0,0.0,1.0
Nomura Holdings Inc.,016DFB,2021-06-05,0.0,0.0,0.0,0.0,0.0,0.0,0.0,-1.0,0.0,1.0
Nomura Holdings Inc.,016DFB,2021-06-06,0.0,0.0,0.0,0.0,0.0,0.0,0.0,-1.0,0.0,1.0
Nomura Holdings Inc.,016DFB,2021-06-07,-1.0,0.0,1.0,0.0,0.0,1.0,-1.0,-2.0,1.0,2.0
Northrop Grumman Corp.,FC1B7B,2021-04-12,-1.0,0.0,1.0,0.0,0.0,1.0,-1.0,-1.0,1.0,1.0
Nova Ltd.,2E4F55,2021-02-24,1.0,1.0,0.0,0.0,0.0,1.0,1.0,1.0,1.0,1.0
Novavax Inc.,2C681C,2021-04-13,-1.0,0.0,1.0,0.0,0.0,1.0,-1.0,-1.0,1.0,1.0
ON Semiconductor Corp.,790C34,2021-05-02,-1.0,0.0,1.0,0.0,0.0,1.0,-1.0,-1.0,1.0,1.0
ON Semiconductor Corp.,790C34,2021-05-03,1.0,1.0,0.0,0.0,0.0,1.0,0.0,0.0,2.0,2.0
ON Semiconductor Corp.,790C34,2021-05-04,-1.0,0.0,1.0,0.0,0.0,1.0,-1.0,-1.0,3.0,3.0
ON Semiconductor Corp.,790C34,2021-05-05,0.0,0.0,0.0,0.0,0.0,0.0,-1.0,-1.0,3.0,3.0
ON Semiconductor Corp.,790C34,2021-05-06,0.0,0.0,0.0,0.0,0.0,0.0,-1.0,-1.0,3.0,3.0
ON Semiconductor Corp.,790C34,2021-05-07,0.0,0.0,0.0,0.0,0.0,0.0,-1.0,-1.0,3.0,3.0
ON Semiconductor Corp.,790C34,2021-05-08,0.0,0.0,0.0,0.0,0.0,0.0,-1.0,-1.0,3.0,3.0
ON Semiconductor Corp.,790C34,2021-05-09,0.0,0.0,0.0,0.0,0.0,0.0,0.0,-1.0,2.0,3.0
ON Semiconductor Corp.,790C34,2021-05-10,0.0,0.0,0.0,0.0,0.0,0.0,-1.0,-1.0,1.0,3.0
ON Semiconductor Corp.,790C34,2021-05-11,0.0,0.0,0.0,0.0,0.0,0.0,0.0,-1.0,0.0,3.0
ON Semiconductor Corp.,790C34,2021-05-12,0.0,0.0,0.0,0.0,0.0,0.0,0.0,-1.0,0.0,3.0
ON Semiconductor Corp.,790C34,2021-05-13,0.0,0.0,0.0,0.0,0.0,0.0,0.0,-1.0,0.0,3.0
ON Semiconductor Corp.,790C34,2021-05-14,0.0,0.0,0.0,0.0,0.0,0.0,0.0,-1.0,0.0,3.0
ON Semiconductor Corp.,790C34,2021-05-15,0.0,0.0,0.0,0.0,0.0,0.0,0.0,-1.0,0.0,3.0
ON Semiconductor Corp.,790C34,2021-05-16,0.0,0.0,0.0,0.0,0.0,0.0,0.0,-1.0,0.0,3.0
ON Semiconductor Corp.,790C34,2021-05-17,0.0,0.0,0.0,0.0,0.0,0.0,0.0,-1.0,0.0,3.0
ON Semiconductor Corp.,790C34,2021-05-18,0.0,0.0,0.0,0.0,0.0,0.0,0.0,-1.0,0.0,3.0
ON Semiconductor Corp.,790C34,2021-05-19,0.0,0.0,0.0,0.0,0.0,0.0,0.0,-1.0,0.0,3.0
ON Semiconductor Corp.,790C34,2021-05-20,0.0,0.0,0.0,0.0,0.0,0.0,0.0,-1.0,0.0,3.0
ON Semiconductor Corp.,790C34,2021-05-21,0.0,0.0,0.0,0.0,0.0,0.0,0.0,-1.0,0.0,3.0
ON Semiconductor Corp.,790C34,2021-05-22,0.0,0.0,0.0,0.0,0.0,0.0,0.0,-1.0,0.0,3.0
ON Semiconductor Corp.,790C34,2021-05-23,0.0,0.0,0.0,0.0,0.0,0.0,0.0,-1.0,0.0,3.0
ON Semiconductor Corp.,790C34,2021-05-24,-1.0,0.0,2.0,0.0,0.0,2.0,-1.0,-2.0,2.0,5.0
ON Semiconductor Corp.,790C34,2021-05-25,0.0,0.0,0.0,0.0,0.0,0.0,-1.0,-2.0,2.0,5.0
ON Semiconductor Corp.,790C34,2021-05-26,0.0,0.0,0.0,0.0,0.0,0.0,-1.0,-2.0,2.0,5.0
ON Semiconductor Corp.,790C34,2021-05-27,0.0,0.0,0.0,0.0,0.0,0.0,-1.0,-2.0,2.0,5.0
ON Semiconductor Corp.,790C34,2021-05-28,0.0,0.0,0.0,0.0,0.0,0.0,-1.0,-2.0,2.0,5.0
ON Semiconductor Corp.,790C34,2021-05-29,0.0,0.0,0.0,0.0,0.0,0.0,-1.0,-2.0,2.0,5.0
ON Semiconductor Corp.,790C34,2021-05-30,0.0,0.0,0.0,0.0,0.0,0.0,-1.0,-2.0,2.0,5.0
ON Semiconductor Corp.,790C34,2021-05-31,0.0,0.0,0.0,0.0,0.0,0.0,0.0,-2.0,0.0,5.0
ON Semiconductor Corp.,790C34,2021-06-01,0.0,0.0,0.0,0.0,0.0,0.0,0.0,-1.0,0.0,4.0
ON Semiconductor Corp.,790C34,2021-06-02,0.0,0.0,0.0,0.0,0.0,0.0,0.0,-2.0,0.0,3.0
ON Semiconductor Corp.,790C34,2021-06-03,0.0,0.0,0.0,0.0,0.0,0.0,0.0,-1.0,0.0,2.0
ON Semiconductor Corp.,790C34,2021-06-04,0.0,0.0,0.0,0.0,0.0,0.0,0.0,-1.0,0.0,2.0
ON Semiconductor Corp.,790C34,2021-06-05,0.0,0.0,0.0,0.0,0.0,0.0,0.0,-1.0,0.0,2.0
ON Semiconductor Corp.,790C34,2021-06-06,0.0,0.0,0.0,0.0,0.0,0.0,0.0,-1.0,0.0,2.0
ON Semiconductor Corp.,790C34,2021-06-07,0.0,0.0,0.0,0.0,0.0,0.0,0.0,-1.0,0.0,2.0
ON Semiconductor Corp.,790C34,2021-06-08,0.0,0.0,0.0,0.0,0.0,0.0,0.0,-1.0,0.0,2.0
ON Semiconductor Corp.,790C34,2021-06-09,-1.0,0.0,2.0,0.0,0.0,2.0,-1.0,-2.0,2.0,4.0
Old Dominion Freight Line Inc.,119CB6,2021-04-23,-1.0,0.0,1.0,0.0,0.0,1.0,-1.0,-1.0,1.0,1.0
Onto Innovation Inc.,C5C0E9,2021-02-24,1.0,1.0,0.0,0.0,0.0,1.0,1.0,1.0,1.0,1.0
Oracle Corp.,D6489C,2021-03-24,1.0,1.0,0.0,0.0,0.0,1.0,1.0,1.0,1.0,1.0
Paccar Inc.,ACF77B,2021-03-31,-1.0,0.0,1.0,0.0,0.0,1.0,-1.0,-1.0,1.0,1.0
Paccar Inc.,ACF77B,2021-04-01,0.0,0.0,0.0,0.0,0.0,0.0,-1.0,-1.0,1.0,1.0
Paccar Inc.,ACF77B,2021-04-02,0.0,0.0,0.0,0.0,0.0,0.0,-1.0,-1.0,1.0,1.0
Paccar Inc.,ACF77B,2021-04-03,0.0,0.0,0.0,0.0,0.0,0.0,-1.0,-1.0,1.0,1.0
Paccar Inc.,ACF77B,2021-04-04,0.0,0.0,0.0,0.0,0.0,0.0,-1.0,-1.0,1.0,1.0
Paccar Inc.,ACF77B,2021-04-05,0.0,0.0,0.0,0.0,0.0,0.0,-1.0,-1.0,1.0,1.0
Paccar Inc.,ACF77B,2021-04-06,0.0,0.0,0.0,0.0,0.0,0.0,-1.0,-1.0,1.0,1.0
Paccar Inc.,ACF77B,2021-04-07,0.0,0.0,0.0,0.0,0.0,0.0,0.0,-1.0,0.0,1.0
Paccar Inc.,ACF77B,2021-04-08,0.0,0.0,0.0,0.0,0.0,0.0,0.0,-1.0,0.0,1.0
Paccar Inc.,ACF77B,2021-04-09,0.0,0.0,0.0,0.0,0.0,0.0,0.0,-1.0,0.0,1.0
Paccar Inc.,ACF77B,2021-04-10,0.0,0.0,0.0,0.0,0.0,0.0,0.0,-1.0,0.0,1.0
Paccar Inc.,ACF77B,2021-04-11,0.0,0.0,0.0,0.0,0.0,0.0,0.0,-1.0,0.0,1.0
Paccar Inc.,ACF77B,2021-04-12,0.0,0.0,0.0,0.0,0.0,0.0,0.0,-1.0,0.0,1.0
Paccar Inc.,ACF77B,2021-04-13,0.0,0.0,0.0,0.0,0.0,0.0,0.0,-1.0,0.0,1.0
Paccar Inc.,ACF77B,2021-04-14,0.0,0.0,0.0,0.0,0.0,0.0,0.0,-1.0,0.0,1.0
Paccar Inc.,ACF77B,2021-04-15,0.0,0.0,0.0,0.0,0.0,0.0,0.0,-1.0,0.0,1.0
Paccar Inc.,ACF77B,2021-04-16,0.0,0.0,0.0,0.0,0.0,0.0,0.0,-1.0,0.0,1.0
Paccar Inc.,ACF77B,2021-04-17,-1.0,0.0,1.0,0.0,0.0,1.0,-1.0,-2.0,1.0,2.0
Penguin Solutions Inc.,722756,2021-04-06,-1.0,0.0,1.0,0.0,0.0,1.0,-1.0,-1.0,1.0,1.0
Peraso Inc.,9284E0,2021-05-06,-1.0,0.0,1.0,0.0,0.0,1.0,-1.0,-1.0,1.0,1.0
Photronics Inc.,D2C0B6,2021-02-24,-0.3333333333333333,1.0,2.0,0.0,0.0,3.0,-0.3333333333333333,-0.3333333333333333,3.0,3.0
Piper Sandler Cos.,139303,2021-05-06,1.0,1.0,0.0,0.0,0.0,1.0,1.0,1.0,1.0,1.0
Plexus Corp.,A2CAF7,2021-04-22,-1.0,0.0,1.0,0.0,0.0,1.0,-1.0,-1.0,1.0,1.0
Plexus Corp.,A2CAF7,2021-04-23,0.0,0.0,0.0,0.0,0.0,0.0,-1.0,-1.0,1.0,1.0
Plexus Corp.,A2CAF7,2021-04-24,0.0,0.0,0.0,0.0,0.0,0.0,-1.0,-1.0,1.0,1.0
Plexus Corp.,A2CAF7,2021-04-25,0.0,0.0,0.0,0.0,0.0,0.0,-1.0,-1.0,1.0,1.0
Plexus Corp.,A2CAF7,2021-04-26,0.0,0.0,0.0,0.0,0.0,0.0,-1.0,-1.0,1.0,1.0
Plexus Corp.,A2CAF7,2021-04-27,0.0,0.0,0.0,0.0,0.0,0.0,-1.0,-1.0,1.0,1.0
Plexus Corp.,A2CAF7,2021-04-28,0.0,0.0,0.0,0.0,0.0,0.0,-1.0,-1.0,1.0,1.0
Plexus Corp.,A2CAF7,2021-04-29,0.0,0.0,0.0,0.0,0.0,0.0,0.0,-1.0,0.0,1.0
Plexus Corp.,A2CAF7,2021-04-30,0.0,0.0,0.0,0.0,0.0,0.0,0.0,-1.0,0.0,1.0
Plexus Corp.,A2CAF7,2021-05-01,0.0,0.0,0.0,0.0,0.0,0.0,0.0,-1.0,0.0,1.0
Plexus Corp.,A2CAF7,2021-05-02,0.0,0.0,0.0,0.0,0.0,0.0,0.0,-1.0,0.0,1.0
Plexus Corp.,A2CAF7,2021-05-03,0.0,0.0,0.0,0.0,0.0,0.0,0.0,-1.0,0.0,1.0
Plexus Corp.,A2CAF7,2021-05-04,0.0,0.0,0.0,0.0,0.0,0.0,0.0,-1.0,0.0,1.0
Plexus Corp.,A2CAF7,2021-05-05,0.0,0.0,0.0,0.0,0.0,0.0,0.0,-1.0,0.0,1.0
Plexus Corp.,A2CAF7,2021-05-06,0.0,0.0,0.0,0.0,0.0,0.0,0.0,-1.0,0.0,1.0
Plexus Corp.,A2CAF7,2021-05-07,0.0,0.0,0.0,0.0,0.0,0.0,0.0,-1.0,0.0,1.0
Plexus Corp.,A2CAF7,2021-05-08,0.0,0.0,0.0,0.0,0.0,0.0,0.0,-1.0,0.0,1.0
Plexus Corp.,A2CAF7,2021-05-09,0.0,0.0,0.0,0.0,0.0,0.0,0.0,-1.0,0.0,1.0
Plexus Corp.,A2CAF7,2021-05-10,0.0,0.0,0.0,0.0,0.0,0.0,0.0,-1.0,0.0,1.0
Plexus Corp.,A2CAF7,2021-05-11,0.0,0.0,0.0,0.0,0.0,0.0,0.0,-1.0,0.0,1.0
Plexus Corp.,A2CAF7,2021-05-12,0.0,0.0,0.0,0.0,0.0,0.0,0.0,-1.0,0.0,1.0
Plexus Corp.,A2CAF7,2021-05-13,0.0,0.0,0.0,0.0,0.0,0.0,0.0,-1.0,0.0,1.0
Plexus Corp.,A2CAF7,2021-05-14,0.0,0.0,0.0,0.0,0.0,0.0,0.0,-1.0,0.0,1.0
Plexus Corp.,A2CAF7,2021-05-15,0.0,0.0,0.0,0.0,0.0,0.0,0.0,-1.0,0.0,1.0
Plexus Corp.,A2CAF7,2021-05-16,0.0,0.0,0.0,0.0,0.0,0.0,0.0,-1.0,0.0,1.0
Plexus Corp.,A2CAF7,2021-05-17,0.0,0.0,0.0,0.0,0.0,0.0,0.0,-1.0,0.0,1.0
Plexus Corp.,A2CAF7,2021-05-18,0.0,0.0,0.0,0.0,0.0,0.0,0.0,-1.0,0.0,1.0
Plexus Corp.,A2CAF7,2021-05-19,0.0,0.0,0.0,0.0,0.0,0.0,0.0,-1.0,0.0,1.0
Plexus Corp.,A2CAF7,2021-05-20,0.0,0.0,0.0,0.0,0.0,0.0,0.0,-1.0,0.0,1.0
Plexus Corp.,A2CAF7,2021-05-21,0.0,0.0,0.0,0.0,0.0,0.0,0.0,-1.0,0.0,1.0
Plexus Corp.,A2CAF7,2021-05-25,-1.0,0.0,1.0,0.0,0.0,1.0,-1.0,-1.0,1.0,1.0
Plug Power Inc.,7255D2,2021-03-26,-1.0,0.0,1.0,0.0,0.0,1.0,-1.0,-1.0,1.0,1.0
Power Integrations Inc.,9CF9B1,2021-05-04,-1.0,0.0,1.0,0.0,0.0,1.0,-1.0,-1.0,1.0,1.0
Pure Storage Inc.,C3DE7D,2021-02-24,-1.0,0.0,1.0,0.0,0.0,1.0,-1.0,-1.0,1.0,1.0
QVC Group Inc.,0C6861,2021-02-26,-1.0,0.0,2.0,0.0,0.0,2.0,-1.0,-1.0,2.0,2.0
Qiagen N.V.,78798F,2021-03-05,-1.0,0.0,1.0,0.0,0.0,1.0,-1.0,-1.0,1.0,1.0
Qorvo Inc.,7C62A3,2021-02-25,-1.0,0.0,1.0,0.0,0.0,1.0,-1.0,-1.0,1.0,1.0
Qualcomm Inc.,CFF15D,2021-01-21,1.0,1.0,0.0,0.0,0.0,1.0,1.0,1.0,1.0,1.0
Qualcomm Inc.,CFF15D,2021-01-22,0.0,0.0,0.0,0.0,0.0,0.0,1.0,1.0,1.0,1.0
Qualcomm Inc.,CFF15D,2021-01-23,0.0,0.0,0.0,0.0,0.0,0.0,1.0,1.0,1.0,1.0
Qualcomm Inc.,CFF15D,2021-01-24,0.0,0.0,0.0,0.0,0.0,0.0,1.0,1.0,1.0,1.0
Qualcomm Inc.,CFF15D,2021-01-25,0.0,0.0,0.0,0.0,0.0,0.0,1.0,1.0,1.0,1.0
Qualcomm Inc.,CFF15D,2021-01-26,0.0,0.0,0.0,0.0,0.0,0.0,1.0,1.0,1.0,1.0
Qualcomm Inc.,CFF15D,2021-01-27,0.0,0.0,0.0,0.0,0.0,0.0,1.0,1.0,1.0,1.0
Qualcomm Inc.,CFF15D,2021-01-28,0.0,0.0,0.0,0.0,0.0,0.0,0.0,1.0,0.0,1.0
Qualcomm Inc.,CFF15D,2021-01-29,0.0,0.0,0.0,0.0,0.0,0.0,0.0,1.0,0.0,1.0
Qualcomm Inc.,CFF15D,2021-01-30,0.0,0.0,0.0,0.0,0.0,0.0,0.0,1.0,0.0,1.0
Qualcomm Inc.,CFF15D,2021-01-31,0.0,0.0,0.0,0.0,0.0,0.0,0.0,1.0,0.0,1.0
Qualcomm Inc.,CFF15D,2021-02-01,0.0,0.0,0.0,0.0,0.0,0.0,0.0,1.0,0.0,1.0
Qualcomm Inc.,CFF15D,2021-02-02,0.0,0.0,0.0,0.0,0.0,0.0,0.0,1.0,0.0,1.0
Qualcomm Inc.,CFF15D,2021-02-03,-1.0,0.0,1.0,0.0,0.0,1.0,-1.0,0.0,1.0,2.0
Qualcomm Inc.,CFF15D,2021-02-04,0.0,0.0,0.0,0.0,0.0,0.0,-1.0,0.0,1.0,2.0
Qualcomm Inc.,CFF15D,2021-02-05,0.0,0.0,0.0,0.0,0.0,0.0,-1.0,0.0,1.0,2.0
Qualcomm Inc.,CFF15D,2021-02-06,0.0,0.0,0.0,0.0,0.0,0.0,-1.0,0.0,1.0,2.0
Qualcomm Inc.,CFF15D,2021-02-07,0.0,0.0,0.0,0.0,0.0,0.0,-1.0,0.0,1.0,2.0
Qualcomm Inc.,CFF15D,2021-02-08,0.0,0.0,0.0,0.0,0.0,0.0,-1.0,0.0,1.0,2.0
Qualcomm Inc.,CFF15D,2021-02-09,0.0,0.0,0.0,0.0,0.0,0.0,-1.0,0.0,1.0,2.0
Qualcomm Inc.,CFF15D,2021-02-10,0.0,0.0,0.0,0.0,0.0,0.0,0.0,0.0,0.0,2.0
Qualcomm Inc.,CFF15D,2021-02-11,0.0,0.0,0.0,0.0,0.0,0.0,0.0,0.0,0.0,2.0
Qualcomm Inc.,CFF15D,2021-02-12,0.0,0.0,0.0,0.0,0.0,0.0,0.0,0.0,0.0,2.0
Qualcomm Inc.,CFF15D,2021-02-13,0.0,0.0,0.0,0.0,0.0,0.0,0.0,0.0,0.0,2.0
Qualcomm Inc.,CFF15D,2021-02-14,0.0,0.0,0.0,0.0,0.0,0.0,0.0,0.0,0.0,2.0
Qualcomm Inc.,CFF15D,2021-02-15,0.0,0.0,0.0,0.0,0.0,0.0,0.0,0.0,0.0,2.0
Qualcomm Inc.,CFF15D,2021-02-16,0.0,0.0,0.0,0.0,0.0,0.0,0.0,0.0,0.0,2.0
Qualcomm Inc.,CFF15D,2021-02-17,0.0,0.0,0.0,0.0,0.0,0.0,0.0,0.0,0.0,2.0
Qualcomm Inc.,CFF15D,2021-02-18,0.0,0.0,0.0,0.0,0.0,0.0,0.0,0.0,0.0,2.0
Qualcomm Inc.,CFF15D,2021-02-19,0.0,0.0,0.0,0.0,0.0,0.0,0.0,0.0,0.0,2.0
Qualcomm Inc.,CFF15D,2021-02-20,0.0,0.0,0.0,0.0,0.0,0.0,0.0,-1.0,0.0,1.0
Qualcomm Inc.,CFF15D,2021-02-21,0.0,0.0,0.0,0.0,0.0,0.0,0.0,-1.0,0.0,1.0
Qualcomm Inc.,CFF15D,2021-02-22,0.0,0.0,0.0,0.0,0.0,0.0,0.0,-1.0,0.0,1.0
Qualcomm Inc.,CFF15D,2021-02-23,0.0,0.0,0.0,0.0,0.0,0.0,0.0,-1.0,0.0,1.0
Qualcomm Inc.,CFF15D,2021-02-24,0.0,0.0,0.0,0.0,0.0,0.0,0.0,-1.0,0.0,1.0
Qualcomm Inc.,CFF15D,2021-02-25,-1.0,0.0,1.0,0.0,0.0,1.0,-1.0,-2.0,1.0,2.0
Qualcomm Inc.,CFF15D,2021-02-26,0.0,0.0,0.0,0.0,0.0,0.0,-1.0,-2.0,1.0,2.0
Qualcomm Inc.,CFF15D,2021-02-27,0.0,0.0,0.0,0.0,0.0,0.0,-1.0,-2.0,1.0,2.0
Qualcomm Inc.,CFF15D,2021-02-28,0.0,0.0,0.0,0.0,0.0,0.0,-1.0,-2.0,1.0,2.0
Qualcomm Inc.,CFF15D,2021-03-01,-1.0,0.0,1.0,0.0,0.0,1.0,-2.0,-3.0,2.0,3.0
Qualcomm Inc.,CFF15D,2021-03-02,0.0,0.0,0.0,0.0,0.0,0.0,-2.0,-3.0,2.0,3.0
Qualcomm Inc.,CFF15D,2021-03-03,0.0,0.0,0.0,0.0,0.0,0.0,-2.0,-3.0,2.0,3.0
Qualcomm Inc.,CFF15D,2021-03-04,0.0,0.0,0.0,0.0,0.0,0.0,-1.0,-3.0,1.0,3.0
Qualcomm Inc.,CFF15D,2021-03-05,0.0,0.0,0.0,0.0,0.0,0.0,-1.0,-2.0,1.0,2.0
Qualcomm Inc.,CFF15D,2021-03-06,0.0,0.0,0.0,0.0,0.0,0.0,-1.0,-2.0,1.0,2.0
Qualcomm Inc.,CFF15D,2021-03-07,0.0,0.0,0.0,0.0,0.0,0.0,-1.0,-2.0,1.0,2.0
Qualcomm Inc.,CFF15D,2021-03-08,0.0,0.0,0.0,0.0,0.0,0.0,0.0,-2.0,0.0,2.0
Qualcomm Inc.,CFF15D,2021-03-09,0.0,0.0,0.0,0.0,0.0,0.0,0.0,-2.0,0.0,2.0
Qualcomm Inc.,CFF15D,2021-03-10,0.0,0.0,0.0,0.0,0.0,0.0,0.0,-2.0,0.0,2.0
Qualcomm Inc.,CFF15D,2021-03-11,0.0,0.0,0.0,0.0,0.0,0.0,0.0,-2.0,0.0,2.0
Qualcomm Inc.,CFF15D,2021-03-12,0.0,0.0,0.0,0.0,0.0,0.0,0.0,-2.0,0.0,2.0
Qualcomm Inc.,CFF15D,2021-03-13,0.0,0.0,0.0,0.0,0.0,0.0,0.0,-2.0,0.0,2.0
Qualcomm Inc.,CFF15D,2021-03-14,0.0,0.0,0.0,0.0,0.0,0.0,0.0,-2.0,0.0,2.0
Qualcomm Inc.,CFF15D,2021-03-15,0.0,0.0,0.0,0.0,0.0,0.0,0.0,-2.0,0.0,2.0
Qualcomm Inc.,CFF15D,2021-03-16,-1.0,0.0,1.0,0.0,0.0,1.0,-1.0,-3.0,1.0,3.0
Qualcomm Inc.,CFF15D,2021-03-17,0.0,0.0,0.0,0.0,0.0,0.0,-1.0,-3.0,1.0,3.0
Qualcomm Inc.,CFF15D,2021-03-18,0.0,0.0,0.0,0.0,0.0,0.0,-1.0,-3.0,1.0,3.0
Qualcomm Inc.,CFF15D,2021-03-19,0.0,0.0,0.0,0.0,0.0,0.0,-1.0,-3.0,1.0,3.0
Qualcomm Inc.,CFF15D,2021-03-20,0.0,0.0,0.0,0.0,0.0,0.0,-1.0,-3.0,1.0,3.0
Qualcomm Inc.,CFF15D,2021-03-21,0.0,0.0,0.0,0.0,0.0,0.0,-1.0,-3.0,1.0,3.0
Qualcomm Inc.,CFF15D,2021-03-22,0.0,0.0,0.0,0.0,0.0,0.0,-1.0,-3.0,1.0,3.0
Qualcomm Inc.,CFF15D,2021-03-23,0.0,0.0,0.0,0.0,0.0,0.0,0.0,-3.0,0.0,3.0
Qualcomm Inc.,CFF15D,2021-03-24,0.0,0.0,0.0,0.0,0.0,0.0,0.0,-3.0,0.0,3.0
Qualcomm Inc.,CFF15D,2021-03-25,0.0,0.0,0.0,0.0,0.0,0.0,0.0,-3.0,0.0,3.0
Qualcomm Inc.,CFF15D,2021-03-26,0.0,0.0,0.0,0.0,0.0,0.0,0.0,-3.0,0.0,3.0
Qualcomm Inc.,CFF15D,2021-03-27,0.0,0.0,0.0,0.0,0.0,0.0,0.0,-2.0,0.0,2.0
Qualcomm Inc.,CFF15D,2021-03-28,0.0,0.0,0.0,0.0,0.0,0.0,0.0,-2.0,0.0,2.0
Qualcomm Inc.,CFF15D,2021-03-29,0.0,0.0,0.0,0.0,0.0,0.0,0.0,-2.0,0.0,2.0
Qualcomm Inc.,CFF15D,2021-03-30,-1.0,0.0,1.0,0.0,0.0,1.0,-1.0,-3.0,1.0,3.0
Qualcomm Inc.,CFF15D,2021-03-31,0.0,0.0,0.0,0.0,0.0,0.0,-1.0,-2.0,1.0,2.0
Qualcomm Inc.,CFF15D,2021-04-01,0.0,0.0,0.0,0.0,0.0,0.0,-1.0,-2.0,1.0,2.0
Qualcomm Inc.,CFF15D,2021-04-02,0.0,0.0,0.0,0.0,0.0,0.0,-1.0,-2.0,1.0,2.0
Qualcomm Inc.,CFF15D,2021-04-03,0.0,0.0,0.0,0.0,0.0,0.0,-1.0,-2.0,1.0,2.0
Qualcomm Inc.,CFF15D,2021-04-04,0.0,0.0,0.0,0.0,0.0,0.0,-1.0,-2.0,1.0,2.0
Qualcomm Inc.,CFF15D,2021-04-05,0.0,0.0,0.0,0.0,0.0,0.0,-1.0,-2.0,1.0,2.0
Qualcomm Inc.,CFF15D,2021-04-06,0.0,0.0,0.0,0.0,0.0,0.0,0.0,-2.0,0.0,2.0
Qualcomm Inc.,CFF15D,2021-04-07,0.0,0.0,0.0,0.0,0.0,0.0,0.0,-2.0,0.0,2.0
Qualcomm Inc.,CFF15D,2021-04-08,0.0,0.0,0.0,0.0,0.0,0.0,0.0,-2.0,0.0,2.0
Qualcomm Inc.,CFF15D,2021-04-09,0.0,0.0,0.0,0.0,0.0,0.0,0.0,-2.0,0.0,2.0
Qualcomm Inc.,CFF15D,2021-04-10,0.0,0.0,0.0,0.0,0.0,0.0,0.0,-2.0,0.0,2.0
Qualcomm Inc.,CFF15D,2021-04-11,0.0,0.0,0.0,0.0,0.0,0.0,0.0,-2.0,0.0,2.0
Qualcomm Inc.,CFF15D,2021-04-12,0.0,0.0,0.0,0.0,0.0,0.0,0.0,-2.0,0.0,2.0
Qualcomm Inc.,CFF15D,2021-04-13,0.0,0.0,0.0,0.0,0.0,0.0,0.0,-2.0,0.0,2.0
Qualcomm Inc.,CFF15D,2021-04-14,0.0,0.0,0.0,0.0,0.0,0.0,0.0,-2.0,0.0,2.0
Qualcomm Inc.,CFF15D,2021-04-15,0.0,0.0,0.0,0.0,0.0,0.0,0.0,-1.0,0.0,1.0
Qualcomm Inc.,CFF15D,2021-04-16,0.0,0.0,0.0,0.0,0.0,0.0,0.0,-1.0,0.0,1.0
Qualcomm Inc.,CFF15D,2021-04-17,0.0,0.0,0.0,0.0,0.0,0.0,0.0,-1.0,0.0,1.0
Qualcomm Inc.,CFF15D,2021-04-18,0.0,0.0,0.0,0.0,0.0,0.0,0.0,-1.0,0.0,1.0
Qualcomm Inc.,CFF15D,2021-04-19,0.0,0.0,0.0,0.0,0.0,0.0,0.0,-1.0,0.0,1.0
Qualcomm Inc.,CFF15D,2021-04-20,0.0,0.0,0.0,0.0,0.0,0.0,0.0,-1.0,0.0,1.0
Qualcomm Inc.,CFF15D,2021-04-21,0.0,0.0,0.0,0.0,0.0,0.0,0.0,-1.0,0.0,1.0
Qualcomm Inc.,CFF15D,2021-04-22,0.0,0.0,0.0,0.0,0.0,0.0,0.0,-1.0,0.0,1.0
Qualcomm Inc.,CFF15D,2021-04-23,0.0,0.0,0.0,0.0,0.0,0.0,0.0,-1.0,0.0,1.0
Qualcomm Inc.,CFF15D,2021-04-24,0.0,0.0,0.0,0.0,0.0,0.0,0.0,-1.0,0.0,1.0
Qualcomm Inc.,CFF15D,2021-04-25,0.0,0.0,0.0,0.0,0.0,0.0,0.0,-1.0,0.0,1.0
Qualcomm Inc.,CFF15D,2021-04-26,0.0,0.0,0.0,0.0,0.0,0.0,0.0,-1.0,0.0,1.0
Qualcomm Inc.,CFF15D,2021-04-27,0.0,0.0,0.0,0.0,0.0,0.0,0.0,-1.0,0.0,1.0
Qualcomm Inc.,CFF15D,2021-04-28,0.0,0.0,0.0,0.0,0.0,0.0,0.0,-1.0,0.0,1.0
Qualcomm Inc.,CFF15D,2021-05-13,-1.0,0.0,1.0,0.0,0.0,1.0,-1.0,-1.0,1.0,1.0
Qualcomm Inc.,CFF15D,2021-05-14,0.0,0.0,0.0,0.0,0.0,0.0,-1.0,-1.0,1.0,1.0
Qualcomm Inc.,CFF15D,2021-05-15,0.0,0.0,0.0,0.0,0.0,0.0,-1.0,-1.0,1.0,1.0
Qualcomm Inc.,CFF15D,2021-05-16,0.0,0.0,0.0,0.0,0.0,0.0,-1.0,-1.0,1.0,1.0
Qualcomm Inc.,CFF15D,2021-05-17,0.0,0.0,0.0,0.0,0.0,0.0,-1.0,-1.0,1.0,1.0
Qualcomm Inc.,CFF15D,2021-05-18,0.0,0.0,0.0,0.0,0.0,0.0,-1.0,-1.0,1.0,1.0
Qualcomm Inc.,CFF15D,2021-05-19,0.0,0.0,0.0,0.0,0.0,0.0,-1.0,-1.0,1.0,1.0
Qualcomm Inc.,CFF15D,2021-05-20,0.0,0.0,0.0,0.0,0.0,0.0,0.0,-1.0,0.0,1.0
Qualcomm Inc.,CFF15D,2021-05-21,0.0,0.0,0.0,0.0,0.0,0.0,0.0,-1.0,0.0,1.0
Qualcomm Inc.,CFF15D,2021-05-22,0.0,0.0,0.0,0.0,0.0,0.0,0.0,-1.0,0.0,1.0
Qualcomm Inc.,CFF15D,2021-05-23,0.0,0.0,0.0,0.0,0.0,0.0,0.0,-1.0,0.0,1.0
Qualcomm Inc.,CFF15D,2021-05-24,0.0,0.0,0.0,0.0,0.0,0.0,0.0,-1.0,0.0,1.0
Qualcomm Inc.,CFF15D,2021-05-25,-1.0,0.0,2.0,0.0,0.0,2.0,-1.0,-2.0,2.0,3.0
Qualcomm Inc.,CFF15D,2021-05-26,0.0,0.0,0.0,0.0,0.0,0.0,-1.0,-2.0,2.0,3.0
Qualcomm Inc.,CFF15D,2021-05-27,0.0,0.0,0.0,0.0,0.0,0.0,-1.0,-2.0,2.0,3.0
Qualcomm Inc.,CFF15D,2021-05-28,0.0,0.0,0.0,0.0,0.0,0.0,-1.0,-2.0,2.0,3.0
Qualcomm Inc.,CFF15D,2021-05-29,0.0,0.0,0.0,0.0,0.0,0.0,-1.0,-2.0,2.0,3.0
Qualcomm Inc.,CFF15D,2021-05-30,0.0,0.0,0.0,0.0,0.0,0.0,-1.0,-2.0,2.0,3.0
Qualcomm Inc.,CFF15D,2021-05-31,0.0,0.0,0.0,0.0,0.0,0.0,-1.0,-2.0,2.0,3.0
Qualcomm Inc.,CFF15D,2021-06-01,0.0,0.0,0.0,1.0,0.0,1.0,0.0,-2.0,1.0,4.0
Qualcomm Inc.,CFF15D,2021-06-02,0.0,0.0,0.0,0.0,0.0,0.0,0.0,-2.0,1.0,4.0
Qualcomm Inc.,CFF15D,2021-06-03,0.0,0.0,0.0,0.0,0.0,0.0,0.0,-2.0,1.0,4.0
Qualcomm Inc.,CFF15D,2021-06-04,0.0,0.0,0.0,0.0,0.0,0.0,0.0,-2.0,1.0,4.0
Qualcomm Inc.,CFF15D,2021-06-05,0.0,0.0,0.0,0.0,0.0,0.0,0.0,-2.0,1.0,4.0
Qualcomm Inc.,CFF15D,2021-06-06,0.0,0.0,0.0,0.0,0.0,0.0,0.0,-2.0,1.0,4.0
Qualcomm Inc.,CFF15D,2021-06-07,0.0,0.0,0.0,0.0,0.0,0.0,0.0,-2.0,1.0,4.0
Qualcomm Inc.,CFF15D,2021-06-08,0.0,0.0,0.0,0.0,0.0,0.0,0.0,-2.0,0.0,4.0
Qualcomm Inc.,CFF15D,2021-06-09,0.0,0.0,0.0,0.0,0.0,0.0,0.0,-2.0,0.0,4.0
Qualcomm Inc.,CFF15D,2021-06-10,0.0,0.0,0.0,0.0,0.0,0.0,0.0,-2.0,0.0,4.0
Qualcomm Inc.,CFF15D,2021-06-11,0.0,0.0,0.0,0.0,0.0,0.0,0.0,-2.0,0.0,4.0
Qualcomm Inc.,CFF15D,2021-06-12,0.0,0.0,0.0,0.0,0.0,0.0,0.0,-1.0,0.0,3.0
Qualcomm Inc.,CFF15D,2021-06-13,0.0,0.0,0.0,0.0,0.0,0.0,0.0,-1.0,0.0,3.0
Qualcomm Inc.,CFF15D,2021-06-14,0.0,0.0,0.0,0.0,0.0,0.0,0.0,-1.0,0.0,3.0
Qualcomm Inc.,CFF15D,2021-06-15,0.0,0.0,0.0,0.0,0.0,0.0,0.0,-1.0,0.0,3.0
Qualcomm Inc.,CFF15D,2021-06-16,0.0,0.0,0.0,0.0,0.0,0.0,0.0,-1.0,0.0,3.0
Qualcomm Inc.,CFF15D,2021-06-17,0.0,0.0,0.0,0.0,0.0,0.0,0.0,-1.0,0.0,3.0
Qualcomm Inc.,CFF15D,2021-06-18,0.0,0.0,0.0,0.0,0.0,0.0,0.0,-1.0,0.0,3.0
Qualcomm Inc.,CFF15D,2021-06-19,0.0,0.0,0.0,0.0,0.0,0.0,0.0,-1.0,0.0,3.0
Qualcomm Inc.,CFF15D,2021-06-20,0.0,0.0,0.0,0.0,0.0,0.0,0.0,-1.0,0.0,3.0
Qualcomm Inc.,CFF15D,2021-06-21,0.0,0.0,0.0,0.0,0.0,0.0,0.0,-1.0,0.0,3.0
Qualcomm Inc.,CFF15D,2021-06-22,0.0,0.0,0.0,0.0,0.0,0.0,0.0,-1.0,0.0,3.0
Qualcomm Inc.,CFF15D,2021-06-23,0.0,0.0,0.0,0.0,0.0,0.0,0.0,-1.0,0.0,3.0
Qualcomm Inc.,CFF15D,2021-06-24,0.0,0.0,0.0,0.0,0.0,0.0,0.0,0.0,0.0,1.0
Qualcomm Inc.,CFF15D,2021-06-25,0.0,0.0,0.0,0.0,0.0,0.0,0.0,0.0,0.0,1.0
Qualcomm Inc.,CFF15D,2021-06-26,0.0,0.0,0.0,0.0,0.0,0.0,0.0,0.0,0.0,1.0
Qualcomm Inc.,CFF15D,2021-06-27,0.0,0.0,0.0,0.0,0.0,0.0,0.0,0.0,0.0,1.0
Qualcomm Inc.,CFF15D,2021-06-28,0.0,0.0,0.0,0.0,1.0,1.0,0.0,0.0,1.0,2.0
Quantum Corp.,21245F,2021-05-26,-1.0,0.0,2.0,0.0,0.0,2.0,-1.0,-1.0,2.0,2.0
Renasant Corp.,6C4D2F,2021-05-11,-1.0,0.0,1.0,0.0,0.0,1.0,-1.0,-1.0,1.0,1.0
Research Frontiers Inc.,B01215,2021-05-06,-1.0,0.0,1.0,0.0,0.0,1.0,-1.0,-1.0,1.0,1.0
Resideo Technologies Inc.,28F905,2021-06-07,-1.0,0.0,1.0,0.0,0.0,1.0,-1.0,-1.0,1.0,1.0
Richardson Electronics Ltd.,365F78,2021-01-07,-1.0,0.0,1.0,0.0,0.0,1.0,-1.0,-1.0,1.0,1.0
Rockwell Automation Inc.,416C55,2021-03-15,-1.0,0.0,1.0,0.0,0.0,1.0,-1.0,-1.0,1.0,1.0
Ryder System Inc.,AD9F1D,2021-04-28,0.0,0.0,0.0,1.0,0.0,1.0,0.0,0.0,1.0,1.0
Sanmina Corp.,6D4636,2021-06-09,-1.0,0.0,1.0,0.0,0.0,1.0,-1.0,-1.0,1.0,1.0
Sanofi S.A.,F4194B,2021-02-05,-1.0,0.0,1.0,0.0,0.0,1.0,-1.0,-1.0,1.0,1.0
Semtech Corp.,589846,2021-06-24,0.0,1.0,1.0,0.0,0.0,2.0,0.0,0.0,2.0,2.0
Sensata Technologies Holding PLC,A9A026,2021-02-11,-1.0,0.0,1.0,0.0,0.0,1.0,-1.0,-1.0,1.0,1.0
SiTime Corp.,96A2D3,2021-02-03,0.0,1.0,1.0,0.0,0.0,2.0,0.0,0.0,2.0,2.0
SiTime Corp.,96A2D3,2021-02-04,0.0,0.0,0.0,0.0,0.0,0.0,0.0,0.0,2.0,2.0
SiTime Corp.,96A2D3,2021-02-05,0.0,0.0,0.0,0.0,0.0,0.0,0.0,0.0,2.0,2.0
SiTime Corp.,96A2D3,2021-02-06,0.0,0.0,0.0,0.0,0.0,0.0,0.0,0.0,2.0,2.0
SiTime Corp.,96A2D3,2021-02-07,0.0,0.0,0.0,0.0,0.0,0.0,0.0,0.0,2.0,2.0
SiTime Corp.,96A2D3,2021-02-08,0.0,0.0,0.0,0.0,0.0,0.0,0.0,0.0,2.0,2.0
SiTime Corp.,96A2D3,2021-02-09,0.0,0.0,0.0,0.0,0.0,0.0,0.0,0.0,2.0,2.0
SiTime Corp.,96A2D3,2021-02-10,0.0,0.0,0.0,0.0,0.0,0.0,0.0,0.0,0.0,2.0
SiTime Corp.,96A2D3,2021-02-11,0.0,0.0,0.0,0.0,0.0,0.0,0.0,0.0,0.0,2.0
SiTime Corp.,96A2D3,2021-02-12,0.0,0.0,0.0,0.0,0.0,0.0,0.0,0.0,0.0,2.0
SiTime Corp.,96A2D3,2021-02-13,0.0,0.0,0.0,0.0,0.0,0.0,0.0,0.0,0.0,2.0
SiTime Corp.,96A2D3,2021-02-14,0.0,0.0,0.0,0.0,0.0,0.0,0.0,0.0,0.0,2.0
SiTime Corp.,96A2D3,2021-02-15,0.0,0.0,0.0,0.0,0.0,0.0,0.0,0.0,0.0,2.0
SiTime Corp.,96A2D3,2021-02-16,0.0,0.0,0.0,0.0,0.0,0.0,0.0,0.0,0.0,2.0
SiTime Corp.,96A2D3,2021-02-17,0.0,0.0,0.0,0.0,0.0,0.0,0.0,0.0,0.0,2.0
SiTime Corp.,96A2D3,2021-02-18,0.0,0.0,0.0,0.0,0.0,0.0,0.0,0.0,0.0,2.0
SiTime Corp.,96A2D3,2021-02-19,0.0,0.0,0.0,0.0,0.0,0.0,0.0,0.0,0.0,2.0
SiTime Corp.,96A2D3,2021-02-20,0.0,0.0,0.0,0.0,0.0,0.0,0.0,0.0,0.0,2.0
SiTime Corp.,96A2D3,2021-02-21,0.0,0.0,0.0,0.0,0.0,0.0,0.0,0.0,0.0,2.0
SiTime Corp.,96A2D3,2021-02-22,0.0,0.0,0.0,0.0,0.0,0.0,0.0,0.0,0.0,2.0
SiTime Corp.,96A2D3,2021-02-23,0.0,0.0,0.0,0.0,0.0,0.0,0.0,0.0,0.0,2.0
SiTime Corp.,96A2D3,2021-02-24,0.0,0.0,0.0,0.0,0.0,0.0,0.0,0.0,0.0,2.0
SiTime Corp.,96A2D3,2021-02-25,0.0,0.0,0.0,0.0,0.0,0.0,0.0,0.0,0.0,2.0
SiTime Corp.,96A2D3,2021-02-26,0.0,0.0,0.0,0.0,0.0,0.0,0.0,0.0,0.0,2.0
SiTime Corp.,96A2D3,2021-02-27,0.0,0.0,0.0,0.0,0.0,0.0,0.0,0.0,0.0,2.0
SiTime Corp.,96A2D3,2021-02-28,0.0,0.0,0.0,0.0,0.0,0.0,0.0,0.0,0.0,2.0
SiTime Corp.,96A2D3,2021-03-01,0.0,0.0,0.0,0.0,0.0,0.0,0.0,0.0,0.0,2.0
SiTime Corp.,96A2D3,2021-03-02,0.0,0.0,0.0,0.0,0.0,0.0,0.0,0.0,0.0,2.0
SiTime Corp.,96A2D3,2021-03-03,0.0,0.0,0.0,0.0,0.0,0.0,0.0,0.0,0.0,2.0
SiTime Corp.,96A2D3,2021-03-04,0.0,0.0,0.0,0.0,0.0,0.0,0.0,0.0,0.0,2.0
SiTime Corp.,96A2D3,2021-05-04,-1.0,0.0,2.0,0.0,0.0,2.0,-1.0,-1.0,2.0,2.0
Siga Technologies Inc.,2E36AD,2021-03-04,-1.0,0.0,1.0,0.0,0.0,1.0,-1.0,-1.0,1.0,1.0
Silicom Ltd.,95E203,2021-04-29,-1.0,0.0,1.0,0.0,0.0,1.0,-1.0,-1.0,1.0,1.0
Silicon Labs,F7902B,2021-04-28,-1.0,0.0,1.0,0.0,0.0,1.0,-1.0,-1.0,1.0,1.0
Skyworks Solutions Inc.,EB5E78,2021-02-11,-1.0,0.0,1.0,0.0,0.0,1.0,-1.0,-1.0,1.0,1.0
Skyworks Solutions Inc.,EB5E78,2021-02-12,0.0,0.0,0.0,0.0,0.0,0.0,-1.0,-1.0,1.0,1.0
Skyworks Solutions Inc.,EB5E78,2021-02-13,0.0,0.0,0.0,0.0,0.0,0.0,-1.0,-1.0,1.0,1.0
Skyworks Solutions Inc.,EB5E78,2021-02-14,0.0,0.0,0.0,0.0,0.0,0.0,-1.0,-1.0,1.0,1.0
Skyworks Solutions Inc.,EB5E78,2021-02-15,0.0,0.0,0.0,0.0,0.0,0.0,-1.0,-1.0,1.0,1.0
Skyworks Solutions Inc.,EB5E78,2021-02-16,0.0,0.0,0.0,0.0,0.0,0.0,-1.0,-1.0,1.0,1.0
Skyworks Solutions Inc.,EB5E78,2021-02-17,0.0,0.0,0.0,0.0,0.0,0.0,-1.0,-1.0,1.0,1.0
Skyworks Solutions Inc.,EB5E78,2021-02-18,0.0,0.0,0.0,0.0,0.0,0.0,0.0,-1.0,0.0,1.0
Skyworks Solutions Inc.,EB5E78,2021-02-19,0.0,0.0,0.0,0.0,0.0,0.0,0.0,-1.0,0.0,1.0
Skyworks Solutions Inc.,EB5E78,2021-02-20,0.0,0.0,0.0,0.0,0.0,0.0,0.0,-1.0,0.0,1.0
Skyworks Solutions Inc.,EB5E78,2021-02-21,0.0,0.0,0.0,0.0,0.0,0.0,0.0,-1.0,0.0,1.0
Skyworks Solutions Inc.,EB5E78,2021-02-22,0.0,0.0,0.0,0.0,0.0,0.0,0.0,-1.0,0.0,1.0
Skyworks Solutions Inc.,EB5E78,2021-02-23,0.0,0.0,0.0,0.0,0.0,0.0,0.0,-1.0,0.0,1.0
Skyworks Solutions Inc.,EB5E78,2021-02-24,0.0,0.0,0.0,0.0,0.0,0.0,0.0,-1.0,0.0,1.0
Skyworks Solutions Inc.,EB5E78,2021-02-25,0.0,0.0,0.0,0.0,0.0,0.0,0.0,-1.0,0.0,1.0
Skyworks Solutions Inc.,EB5E78,2021-02-26,0.0,0.0,0.0,0.0,0.0,0.0,0.0,-1.0,0.0,1.0
Skyworks Solutions Inc.,EB5E78,2021-02-27,0.0,0.0,0.0,0.0,0.0,0.0,0.0,-1.0,0.0,1.0
Skyworks Solutions Inc.,EB5E78,2021-02-28,0.0,0.0,0.0,0.0,0.0,0.0,0.0,-1.0,0.0,1.0
Skyworks Solutions Inc.,EB5E78,2021-03-01,0.0,0.0,0.0,0.0,0.0,0.0,0.0,-1.0,0.0,1.0
Skyworks Solutions Inc.,EB5E78,2021-03-02,0.0,0.0,0.0,0.0,0.0,0.0,0.0,-1.0,0.0,1.0
Skyworks Solutions Inc.,EB5E78,2021-03-03,0.0,0.0,0.0,0.0,0.0,0.0,0.0,-1.0,0.0,1.0
Skyworks Solutions Inc.,EB5E78,2021-03-04,0.0,0.0,0.0,0.0,0.0,0.0,0.0,-1.0,0.0,1.0
Skyworks Solutions Inc.,EB5E78,2021-03-05,0.0,0.0,0.0,0.0,0.0,0.0,0.0,-1.0,0.0,1.0
Skyworks Solutions Inc.,EB5E78,2021-03-06,0.0,0.0,0.0,0.0,0.0,0.0,0.0,-1.0,0.0,1.0
Skyworks Solutions Inc.,EB5E78,2021-03-07,0.0,0.0,0.0,0.0,0.0,0.0,0.0,-1.0,0.0,1.0
Skyworks Solutions Inc.,EB5E78,2021-03-08,0.0,0.0,0.0,0.0,0.0,0.0,0.0,-1.0,0.0,1.0
Skyworks Solutions Inc.,EB5E78,2021-03-09,0.0,0.0,0.0,0.0,0.0,0.0,0.0,-1.0,0.0,1.0
Skyworks Solutions Inc.,EB5E78,2021-03-10,0.0,0.0,0.0,0.0,0.0,0.0,0.0,-1.0,0.0,1.0
Skyworks Solutions Inc.,EB5E78,2021-03-11,0.0,0.0,0.0,0.0,0.0,0.0,0.0,-1.0,0.0,1.0
Skyworks Solutions Inc.,EB5E78,2021-03-12,0.0,0.0,0.0,0.0,0.0,0.0,0.0,-1.0,0.0,1.0
Skyworks Solutions Inc.,EB5E78,2021-06-22,1.0,1.0,0.0,0.0,0.0,1.0,1.0,1.0,1.0,1.0
Solid Biosciences Inc.,341759,2021-03-15,-1.0,0.0,1.0,0.0,0.0,1.0,-1.0,-1.0,1.0,1.0
Solid Biosciences Inc.,341759,2021-03-16,0.0,0.0,0.0,0.0,0.0,0.0,-1.0,-1.0,1.0,1.0
Solid Biosciences Inc.,341759,2021-03-17,0.0,0.0,0.0,0.0,0.0,0.0,-1.0,-1.0,1.0,1.0
Solid Biosciences Inc.,341759,2021-03-18,0.0,0.0,0.0,0.0,0.0,0.0,-1.0,-1.0,1.0,1.0
Solid Biosciences Inc.,341759,2021-03-19,0.0,0.0,0.0,0.0,0.0,0.0,-1.0,-1.0,1.0,1.0
Solid Biosciences Inc.,341759,2021-03-20,0.0,0.0,0.0,0.0,0.0,0.0,-1.0,-1.0,1.0,1.0
Solid Biosciences Inc.,341759,2021-03-21,0.0,0.0,0.0,0.0,0.0,0.0,-1.0,-1.0,1.0,1.0
Solid Biosciences Inc.,341759,2021-03-22,0.0,0.0,0.0,0.0,0.0,0.0,0.0,-1.0,0.0,1.0
Solid Biosciences Inc.,341759,2021-03-23,0.0,0.0,0.0,0.0,0.0,0.0,0.0,-1.0,0.0,1.0
Solid Biosciences Inc.,341759,2021-03-24,0.0,0.0,0.0,0.0,0.0,0.0,0.0,-1.0,0.0,1.0
Solid Biosciences Inc.,341759,2021-03-25,0.0,0.0,0.0,0.0,0.0,0.0,0.0,-1.0,0.0,1.0
Solid Biosciences Inc.,341759,2021-03-26,0.0,0.0,0.0,0.0,0.0,0.0,0.0,-1.0,0.0,1.0
Solid Biosciences Inc.,341759,2021-03-27,0.0,0.0,0.0,0.0,0.0,0.0,0.0,-1.0,0.0,1.0
Solid Biosciences Inc.,341759,2021-03-28,0.0,0.0,0.0,0.0,0.0,0.0,0.0,-1.0,0.0,1.0
Solid Biosciences Inc.,341759,2021-03-29,0.0,0.0,0.0,0.0,0.0,0.0,0.0,-1.0,0.0,1.0
Solid Biosciences Inc.,341759,2021-03-30,0.0,0.0,0.0,0.0,0.0,0.0,0.0,-1.0,0.0,1.0
Solid Biosciences Inc.,341759,2021-03-31,0.0,0.0,0.0,0.0,0.0,0.0,0.0,-1.0,0.0,1.0
Solid Biosciences Inc.,341759,2021-04-01,0.0,0.0,0.0,0.0,0.0,0.0,0.0,-1.0,0.0,1.0
Solid Biosciences Inc.,341759,2021-04-02,0.0,0.0,0.0,0.0,0.0,0.0,0.0,-1.0,0.0,1.0
Solid Biosciences Inc.,341759,2021-04-03,0.0,0.0,0.0,0.0,0.0,0.0,0.0,-1.0,0.0,1.0
Solid Biosciences Inc.,341759,2021-04-04,0.0,0.0,0.0,0.0,0.0,0.0,0.0,-1.0,0.0,1.0
Solid Biosciences Inc.,341759,2021-04-05,0.0,0.0,0.0,0.0,0.0,0.0,0.0,-1.0,0.0,1.0
Solid Biosciences Inc.,341759,2021-04-06,0.0,0.0,0.0,0.0,0.0,0.0,0.0,-1.0,0.0,1.0
Solid Biosciences Inc.,341759,2021-04-07,0.0,0.0,0.0,0.0,0.0,0.0,0.0,-1.0,0.0,1.0
Solid Biosciences Inc.,341759,2021-04-08,0.0,0.0,0.0,0.0,0.0,0.0,0.0,-1.0,0.0,1.0
Solid Biosciences Inc.,341759,2021-04-09,0.0,0.0,0.0,0.0,0.0,0.0,0.0,-1.0,0.0,1.0
Solid Biosciences Inc.,341759,2021-04-10,0.0,0.0,0.0,0.0,0.0,0.0,0.0,-1.0,0.0,1.0
Solid Biosciences Inc.,341759,2021-04-11,0.0,0.0,0.0,0.0,0.0,0.0,0.0,-1.0,0.0,1.0
Solid Biosciences Inc.,341759,2021-04-12,0.0,0.0,0.0,0.0,0.0,0.0,0.0,-1.0,0.0,1.0
Solid Biosciences Inc.,341759,2021-04-13,0.0,0.0,0.0,0.0,0.0,0.0,0.0,-1.0,0.0,1.0
Solid Biosciences Inc.,341759,2021-05-14,-1.0,0.0,1.0,0.0,0.0,1.0,-1.0,-1.0,1.0,1.0
Sony Group Corp.,4F9926,2021-05-06,-1.0,0.0,1.0,0.0,0.0,1.0,-1.0,-1.0,1.0,1.0
Sony Group Corp.,4F9926,2021-05-07,0.0,0.0,0.0,0.0,0.0,0.0,-1.0,-1.0,1.0,1.0
Sony Group Corp.,4F9926,2021-05-08,0.0,0.0,0.0,0.0,0.0,0.0,-1.0,-1.0,1.0,1.0
Sony Group Corp.,4F9926,2021-05-09,0.0,0.0,0.0,0.0,0.0,0.0,-1.0,-1.0,1.0,1.0
Sony Group Corp.,4F9926,2021-05-10,0.0,0.0,0.0,0.0,0.0,0.0,-1.0,-1.0,1.0,1.0
Sony Group Corp.,4F9926,2021-05-11,0.0,0.0,0.0,0.0,0.0,0.0,-1.0,-1.0,1.0,1.0
Sony Group Corp.,4F9926,2021-05-12,0.0,0.0,0.0,0.0,0.0,0.0,-1.0,-1.0,1.0,1.0
Sony Group Corp.,4F9926,2021-05-13,0.0,0.0,0.0,0.0,0.0,0.0,0.0,-1.0,0.0,1.0
Sony Group Corp.,4F9926,2021-05-14,0.0,0.0,0.0,0.0,0.0,0.0,0.0,-1.0,0.0,1.0
Sony Group Corp.,4F9926,2021-05-15,0.0,0.0,0.0,0.0,0.0,0.0,0.0,-1.0,0.0,1.0
Sony Group Corp.,4F9926,2021-05-16,0.0,0.0,0.0,0.0,0.0,0.0,0.0,-1.0,0.0,1.0
Sony Group Corp.,4F9926,2021-05-17,0.0,0.0,0.0,0.0,0.0,0.0,0.0,-1.0,0.0,1.0
Sony Group Corp.,4F9926,2021-05-18,0.0,0.0,0.0,0.0,0.0,0.0,0.0,-1.0,0.0,1.0
Sony Group Corp.,4F9926,2021-05-19,0.0,0.0,0.0,0.0,0.0,0.0,0.0,-1.0,0.0,1.0
Sony Group Corp.,4F9926,2021-05-20,0.0,0.0,0.0,0.0,0.0,0.0,0.0,-1.0,0.0,1.0
Sony Group Corp.,4F9926,2021-05-21,0.0,0.0,0.0,0.0,0.0,0.0,0.0,-1.0,0.0,1.0
Sony Group Corp.,4F9926,2021-05-22,0.0,0.0,0.0,0.0,0.0,0.0,0.0,-1.0,0.0,1.0
Sony Group Corp.,4F9926,2021-05-23,0.0,0.0,0.0,0.0,0.0,0.0,0.0,-1.0,0.0,1.0
Sony Group Corp.,4F9926,2021-05-24,0.0,0.0,0.0,0.0,0.0,0.0,0.0,-1.0,0.0,1.0
Sony Group Corp.,4F9926,2021-05-25,-1.0,0.0,2.0,0.0,0.0,2.0,-1.0,-2.0,2.0,3.0
Sony Group Corp.,4F9926,2021-05-26,0.0,0.0,0.0,0.0,0.0,0.0,-1.0,-2.0,2.0,3.0
Sony Group Corp.,4F9926,2021-05-27,0.0,0.0,0.0,0.0,0.0,0.0,-1.0,-2.0,2.0,3.0
Sony Group Corp.,4F9926,2021-05-28,0.0,0.0,0.0,0.0,0.0,0.0,-1.0,-2.0,2.0,3.0
Sony Group Corp.,4F9926,2021-05-29,0.0,0.0,0.0,0.0,0.0,0.0,-1.0,-2.0,2.0,3.0
Sony Group Corp.,4F9926,2021-05-30,0.0,0.0,0.0,0.0,0.0,0.0,-1.0,-2.0,2.0,3.0
Sony Group Corp.,4F9926,2021-05-31,0.0,0.0,0.0,0.0,0.0,0.0,-1.0,-2.0,2.0,3.0
Sony Group Corp.,4F9926,2021-06-01,0.0,0.0,0.0,1.0,0.0,1.0,0.0,-2.0,1.0,4.0
SoundThinking Inc.,A48593,2021-02-25,-1.0,0.0,1.0,0.0,0.0,1.0,-1.0,-1.0,1.0,1.0
SoundThinking Inc.,A48593,2021-02-26,0.0,0.0,0.0,0.0,0.0,0.0,-1.0,-1.0,1.0,1.0
SoundThinking Inc.,A48593,2021-02-27,0.0,0.0,0.0,0.0,0.0,0.0,-1.0,-1.0,1.0,1.0
SoundThinking Inc.,A48593,2021-02-28,0.0,0.0,0.0,0.0,0.0,0.0,-1.0,-1.0,1.0,1.0
SoundThinking Inc.,A48593,2021-03-01,0.0,0.0,0.0,0.0,0.0,0.0,-1.0,-1.0,1.0,1.0
SoundThinking Inc.,A48593,2021-03-02,0.0,0.0,0.0,0.0,0.0,0.0,-1.0,-1.0,1.0,1.0
SoundThinking Inc.,A48593,2021-03-03,0.0,0.0,0.0,0.0,0.0,0.0,-1.0,-1.0,1.0,1.0
SoundThinking Inc.,A48593,2021-03-04,0.0,0.0,0.0,0.0,0.0,0.0,0.0,-1.0,0.0,1.0
SoundThinking Inc.,A48593,2021-03-05,0.0,0.0,0.0,0.0,0.0,0.0,0.0,-1.0,0.0,1.0
SoundThinking Inc.,A48593,2021-03-06,0.0,0.0,0.0,0.0,0.0,0.0,0.0,-1.0,0.0,1.0
SoundThinking Inc.,A48593,2021-03-07,0.0,0.0,0.0,0.0,0.0,0.0,0.0,-1.0,0.0,1.0
SoundThinking Inc.,A48593,2021-03-08,0.0,0.0,0.0,0.0,0.0,0.0,0.0,-1.0,0.0,1.0
SoundThinking Inc.,A48593,2021-03-09,0.0,0.0,0.0,0.0,0.0,0.0,0.0,-1.0,0.0,1.0
SoundThinking Inc.,A48593,2021-03-10,0.0,0.0,0.0,0.0,0.0,0.0,0.0,-1.0,0.0,1.0
SoundThinking Inc.,A48593,2021-03-11,0.0,0.0,0.0,0.0,0.0,0.0,0.0,-1.0,0.0,1.0
SoundThinking Inc.,A48593,2021-03-12,0.0,0.0,0.0,0.0,0.0,0.0,0.0,-1.0,0.0,1.0
SoundThinking Inc.,A48593,2021-03-13,0.0,0.0,0.0,0.0,0.0,0.0,0.0,-1.0,0.0,1.0
SoundThinking Inc.,A48593,2021-03-14,0.0,0.0,0.0,0.0,0.0,0.0,0.0,-1.0,0.0,1.0
SoundThinking Inc.,A48593,2021-03-15,0.0,0.0,0.0,0.0,0.0,0.0,0.0,-1.0,0.0,1.0
SoundThinking Inc.,A48593,2021-03-16,0.0,0.0,0.0,0.0,0.0,0.0,0.0,-1.0,0.0,1.0
SoundThinking Inc.,A48593,2021-03-17,0.0,0.0,0.0,0.0,0.0,0.0,0.0,-1.0,0.0,1.0
SoundThinking Inc.,A48593,2021-03-18,0.0,0.0,0.0,0.0,0.0,0.0,0.0,-1.0,0.0,1.0
SoundThinking Inc.,A48593,2021-03-19,0.0,0.0,0.0,0.0,0.0,0.0,0.0,-1.0,0.0,1.0
SoundThinking Inc.,A48593,2021-03-20,0.0,0.0,0.0,0.0,0.0,0.0,0.0,-1.0,0.0,1.0
SoundThinking Inc.,A48593,2021-03-21,0.0,0.0,0.0,0.0,0.0,0.0,0.0,-1.0,0.0,1.0
SoundThinking Inc.,A48593,2021-03-22,0.0,0.0,0.0,0.0,0.0,0.0,0.0,-1.0,0.0,1.0
SoundThinking Inc.,A48593,2021-03-23,0.0,0.0,0.0,0.0,0.0,0.0,0.0,-1.0,0.0,1.0
SoundThinking Inc.,A48593,2021-03-24,0.0,0.0,0.0,0.0,0.0,0.0,0.0,-1.0,0.0,1.0
SoundThinking Inc.,A48593,2021-03-25,0.0,0.0,0.0,0.0,0.0,0.0,0.0,-1.0,0.0,1.0
SoundThinking Inc.,A48593,2021-03-26,0.0,0.0,0.0,0.0,0.0,0.0,0.0,-1.0,0.0,1.0
SoundThinking Inc.,A48593,2021-05-11,-1.0,0.0,1.0,0.0,0.0,1.0,-1.0,-1.0,1.0,1.0
Spruce Power Holding Corp.,B33DE1,2021-03-31,-1.0,0.0,1.0,0.0,0.0,1.0,-1.0,-1.0,1.0,1.0
Stanley Black & Decker Inc.,CE1002,2021-02-24,-1.0,0.0,1.0,0.0,0.0,1.0,-1.0,-1.0,1.0,1.0
Starbucks Corp.,3CBA2A,2021-06-14,-1.0,0.0,1.0,0.0,0.0,1.0,-1.0,-1.0,1.0,1.0
Starbucks Corp.,3CBA2A,2021-06-15,0.0,0.0,0.0,0.0,0.0,0.0,-1.0,-1.0,1.0,1.0
Starbucks Corp.,3CBA2A,2021-06-16,0.0,0.0,0.0,0.0,0.0,0.0,-1.0,-1.0,1.0,1.0
Starbucks Corp.,3CBA2A,2021-06-17,-1.0,0.0,1.0,0.0,0.0,1.0,-2.0,-2.0,2.0,2.0
Stellantis N.V.,33057B,2021-01-11,-1.0,0.0,2.0,0.0,0.0,2.0,-1.0,-1.0,2.0,2.0
Stellantis N.V.,33057B,2021-01-12,-1.0,0.0,1.0,0.0,0.0,1.0,-2.0,-2.0,3.0,3.0
Stellantis N.V.,33057B,2021-01-13,0.0,0.0,0.0,0.0,0.0,0.0,-2.0,-2.0,3.0,3.0
Stellantis N.V.,33057B,2021-01-14,0.0,0.0,0.0,0.0,0.0,0.0,-2.0,-2.0,3.0,3.0
Stellantis N.V.,33057B,2021-01-15,0.0,0.0,0.0,0.0,0.0,0.0,-2.0,-2.0,3.0,3.0
Stellantis N.V.,33057B,2021-01-16,0.0,0.0,0.0,0.0,0.0,0.0,-2.0,-2.0,3.0,3.0
Stellantis N.V.,33057B,2021-01-17,0.0,0.0,0.0,0.0,0.0,0.0,-2.0,-2.0,3.0,3.0
Stellantis N.V.,33057B,2021-01-18,0.0,0.0,0.0,0.0,0.0,0.0,-1.0,-2.0,1.0,3.0
Stellantis N.V.,33057B,2021-01-19,0.0,0.0,0.0,0.0,0.0,0.0,0.0,-2.0,0.0,3.0
Stellantis N.V.,33057B,2021-01-20,0.0,0.0,0.0,0.0,0.0,0.0,0.0,-2.0,0.0,3.0
Stellantis N.V.,33057B,2021-01-21,0.0,0.0,0.0,0.0,0.0,0.0,0.0,-2.0,0.0,3.0
Stellantis N.V.,33057B,2021-01-22,0.0,0.0,0.0,0.0,0.0,0.0,0.0,-2.0,0.0,3.0
Stellantis N.V.,33057B,2021-01-23,0.0,0.0,0.0,0.0,0.0,0.0,0.0,-2.0,0.0,3.0
Stellantis N.V.,33057B,2021-01-24,0.0,0.0,0.0,0.0,0.0,0.0,0.0,-2.0,0.0,3.0
Stellantis N.V.,33057B,2021-01-25,-1.0,0.0,2.0,0.0,0.0,2.0,-1.0,-3.0,2.0,5.0
Stellantis N.V.,33057B,2021-01-26,0.0,0.0,0.0,0.0,0.0,0.0,-1.0,-3.0,2.0,5.0
Stellantis N.V.,33057B,2021-01-27,-1.0,0.0,1.0,0.0,0.0,1.0,-2.0,-4.0,3.0,6.0
Stellantis N.V.,33057B,2021-01-28,0.0,0.0,0.0,0.0,0.0,0.0,-2.0,-4.0,3.0,6.0
Stellantis N.V.,33057B,2021-01-29,0.0,0.0,0.0,0.0,0.0,0.0,-2.0,-4.0,3.0,6.0
Stellantis N.V.,33057B,2021-01-30,0.0,0.0,0.0,0.0,0.0,0.0,-2.0,-4.0,3.0,6.0
Stellantis N.V.,33057B,2021-01-31,0.0,0.0,0.0,0.0,0.0,0.0,-2.0,-4.0,3.0,6.0
Stellantis N.V.,33057B,2021-02-01,0.0,0.0,0.0,0.0,0.0,0.0,-1.0,-4.0,1.0,6.0
Stellantis N.V.,33057B,2021-02-02,0.0,0.0,0.0,0.0,0.0,0.0,-1.0,-4.0,1.0,6.0
Stellantis N.V.,33057B,2021-02-03,-1.0,0.0,2.0,0.0,0.0,2.0,-1.0,-5.0,2.0,8.0
Stellantis N.V.,33057B,2021-02-04,-1.0,0.0,2.0,0.0,0.0,2.0,-2.0,-6.0,4.0,10.0
Stellantis N.V.,33057B,2021-02-05,0.0,0.0,0.0,0.0,0.0,0.0,-2.0,-6.0,4.0,10.0
Stellantis N.V.,33057B,2021-02-06,0.0,0.0,0.0,0.0,0.0,0.0,-2.0,-6.0,4.0,10.0
Stellantis N.V.,33057B,2021-02-07,0.0,0.0,0.0,0.0,0.0,0.0,-2.0,-6.0,4.0,10.0
Stellantis N.V.,33057B,2021-02-08,0.0,0.0,0.0,0.0,0.0,0.0,-2.0,-6.0,4.0,10.0
Stellantis N.V.,33057B,2021-02-09,0.0,0.0,0.0,0.0,0.0,0.0,-2.0,-6.0,4.0,10.0
Stellantis N.V.,33057B,2021-02-10,0.0,0.0,0.0,0.0,0.0,0.0,-1.0,-5.0,2.0,8.0
Stellantis N.V.,33057B,2021-02-11,0.0,0.0,0.0,0.0,0.0,0.0,0.0,-4.0,0.0,7.0
Stellantis N.V.,33057B,2021-02-12,0.0,0.0,0.0,0.0,0.0,0.0,0.0,-4.0,0.0,7.0
Stellantis N.V.,33057B,2021-02-13,0.0,0.0,0.0,0.0,0.0,0.0,0.0,-4.0,0.0,7.0
Stellantis N.V.,33057B,2021-02-14,0.0,0.0,0.0,0.0,0.0,0.0,0.0,-4.0,0.0,7.0
Stellantis N.V.,33057B,2021-02-15,0.0,0.0,0.0,0.0,0.0,0.0,0.0,-4.0,0.0,7.0
Stellantis N.V.,33057B,2021-02-16,0.0,0.0,0.0,0.0,0.0,0.0,0.0,-4.0,0.0,7.0
Stellantis N.V.,33057B,2021-02-17,0.0,0.0,0.0,0.0,0.0,0.0,0.0,-4.0,0.0,7.0
Stellantis N.V.,33057B,2021-02-18,0.0,0.0,0.0,0.0,0.0,0.0,0.0,-4.0,0.0,7.0
Stellantis N.V.,33057B,2021-02-19,0.0,0.0,0.0,0.0,0.0,0.0,0.0,-4.0,0.0,7.0
Stellantis N.V.,33057B,2021-02-20,0.0,0.0,0.0,0.0,0.0,0.0,0.0,-4.0,0.0,7.0
Stellantis N.V.,33057B,2021-02-21,0.0,0.0,0.0,0.0,0.0,0.0,0.0,-4.0,0.0,7.0
Stellantis N.V.,33057B,2021-02-22,0.0,0.0,0.0,0.0,0.0,0.0,0.0,-4.0,0.0,7.0
Stellantis N.V.,33057B,2021-02-23,0.0,0.0,0.0,0.0,0.0,0.0,0.0,-4.0,0.0,7.0
Stellantis N.V.,33057B,2021-02-24,0.0,0.0,0.0,0.0,0.0,0.0,0.0,-3.0,0.0,5.0
Stellantis N.V.,33057B,2021-02-25,0.0,0.0,0.0,0.0,0.0,0.0,0.0,-3.0,0.0,5.0
Stellantis N.V.,33057B,2021-02-26,0.0,0.0,0.0,0.0,0.0,0.0,0.0,-2.0,0.0,4.0
Stellantis N.V.,33057B,2021-02-27,0.0,0.0,0.0,0.0,0.0,0.0,0.0,-2.0,0.0,4.0
Stellantis N.V.,33057B,2021-02-28,0.0,0.0,0.0,0.0,0.0,0.0,0.0,-2.0,0.0,4.0
Stellantis N.V.,33057B,2021-03-01,0.0,0.0,0.0,0.0,0.0,0.0,0.0,-2.0,0.0,4.0
Stellantis N.V.,33057B,2021-03-02,0.0,0.0,0.0,0.0,0.0,0.0,0.0,-2.0,0.0,4.0
Stellantis N.V.,33057B,2021-03-03,0.0,0.0,0.0,0.0,0.0,0.0,0.0,-2.0,0.0,4.0
Stellantis N.V.,33057B,2021-03-04,-1.0,0.0,1.0,0.0,0.0,1.0,-1.0,-3.0,1.0,5.0
Stellantis N.V.,33057B,2021-03-05,0.0,0.0,0.0,0.0,0.0,0.0,-1.0,-2.0,1.0,3.0
Stellantis N.V.,33057B,2021-03-06,0.0,0.0,0.0,0.0,0.0,0.0,-1.0,-1.0,1.0,1.0
Stellantis N.V.,33057B,2021-03-07,0.0,0.0,0.0,0.0,0.0,0.0,-1.0,-1.0,1.0,1.0
Stellantis N.V.,33057B,2021-03-08,0.0,0.0,0.0,0.0,0.0,0.0,-1.0,-1.0,1.0,1.0
Stellantis N.V.,33057B,2021-03-09,0.0,0.0,0.0,0.0,0.0,0.0,-1.0,-1.0,1.0,1.0
Stellantis N.V.,33057B,2021-03-10,0.0,0.0,0.0,0.0,0.0,0.0,-1.0,-1.0,1.0,1.0
Stellantis N.V.,33057B,2021-03-11,0.0,0.0,0.0,0.0,0.0,0.0,0.0,-1.0,0.0,1.0
Stellantis N.V.,33057B,2021-03-12,0.0,0.0,0.0,0.0,0.0,0.0,0.0,-1.0,0.0,1.0
Stellantis N.V.,33057B,2021-03-13,0.0,0.0,0.0,0.0,0.0,0.0,0.0,-1.0,0.0,1.0
Stellantis N.V.,33057B,2021-03-14,0.0,0.0,0.0,0.0,0.0,0.0,0.0,-1.0,0.0,1.0
Stellantis N.V.,33057B,2021-03-15,0.0,0.0,0.0,0.0,0.0,0.0,0.0,-1.0,0.0,1.0
Stellantis N.V.,33057B,2021-03-16,0.0,0.0,0.0,0.0,0.0,0.0,0.0,-1.0,0.0,1.0
Stellantis N.V.,33057B,2021-03-17,0.0,0.0,0.0,0.0,0.0,0.0,0.0,-1.0,0.0,1.0
Stellantis N.V.,33057B,2021-03-18,0.0,0.0,0.0,0.0,0.0,0.0,0.0,-1.0,0.0,1.0
Stellantis N.V.,33057B,2021-03-19,0.0,0.0,0.0,0.0,0.0,0.0,0.0,-1.0,0.0,1.0
Stellantis N.V.,33057B,2021-03-20,0.0,0.0,0.0,0.0,0.0,0.0,0.0,-1.0,0.0,1.0
Stellantis N.V.,33057B,2021-03-21,0.0,0.0,0.0,0.0,0.0,0.0,0.0,-1.0,0.0,1.0
Stellantis N.V.,33057B,2021-03-22,-1.0,0.0,1.0,0.0,0.0,1.0,-1.0,-2.0,1.0,2.0
Stellantis N.V.,33057B,2021-03-23,0.0,0.0,0.0,0.0,0.0,0.0,-1.0,-2.0,1.0,2.0
Stellantis N.V.,33057B,2021-03-24,0.0,0.0,0.0,0.0,0.0,0.0,-1.0,-2.0,1.0,2.0
Stellantis N.V.,33057B,2021-03-25,0.0,0.0,0.0,0.0,0.0,0.0,-1.0,-2.0,1.0,2.0
Stellantis N.V.,33057B,2021-03-26,0.0,0.0,0.0,0.0,0.0,0.0,-1.0,-2.0,1.0,2.0
Stellantis N.V.,33057B,2021-03-27,0.0,0.0,0.0,0.0,0.0,0.0,-1.0,-2.0,1.0,2.0
Stellantis N.V.,33057B,2021-03-28,0.0,0.0,0.0,0.0,0.0,0.0,-1.0,-2.0,1.0,2.0
Stellantis N.V.,33057B,2021-03-29,0.0,0.0,0.0,0.0,0.0,0.0,0.0,-2.0,0.0,2.0
Stellantis N.V.,33057B,2021-03-30,0.0,0.0,0.0,0.0,0.0,0.0,0.0,-2.0,0.0,2.0
Stellantis N.V.,33057B,2021-03-31,-1.0,0.0,1.0,0.0,0.0,1.0,-1.0,-3.0,1.0,3.0
Stellantis N.V.,33057B,2021-04-01,0.0,0.0,0.0,0.0,0.0,0.0,-1.0,-3.0,1.0,3.0
Stellantis N.V.,33057B,2021-04-02,0.0,0.0,0.0,0.0,0.0,0.0,-1.0,-3.0,1.0,3.0
Stellantis N.V.,33057B,2021-04-03,0.0,0.0,0.0,0.0,0.0,0.0,-1.0,-2.0,1.0,2.0
Stellantis N.V.,33057B,2021-04-04,0.0,0.0,0.0,0.0,0.0,0.0,-1.0,-2.0,1.0,2.0
Stellantis N.V.,33057B,2021-04-05,0.0,0.0,0.0,0.0,0.0,0.0,-1.0,-2.0,1.0,2.0
Stellantis N.V.,33057B,2021-04-06,0.0,0.0,0.0,0.0,0.0,0.0,-1.0,-2.0,1.0,2.0
Stellantis N.V.,33057B,2021-04-07,0.0,0.0,0.0,0.0,0.0,0.0,0.0,-2.0,0.0,2.0
Stellantis N.V.,33057B,2021-04-08,0.0,0.0,0.0,0.0,0.0,0.0,0.0,-2.0,0.0,2.0
Stellantis N.V.,33057B,2021-04-09,0.0,0.0,0.0,0.0,0.0,0.0,0.0,-2.0,0.0,2.0
Stellantis N.V.,33057B,2021-04-10,0.0,0.0,0.0,0.0,0.0,0.0,0.0,-2.0,0.0,2.0
Stellantis N.V.,33057B,2021-04-11,0.0,0.0,0.0,0.0,0.0,0.0,0.0,-2.0,0.0,2.0
Stellantis N.V.,33057B,2021-04-12,-1.0,0.0,1.0,0.0,0.0,1.0,-1.0,-3.0,1.0,3.0
Stellantis N.V.,33057B,2021-04-13,0.0,0.0,0.0,0.0,0.0,0.0,-1.0,-3.0,1.0,3.0
Stellantis N.V.,33057B,2021-04-14,0.0,0.0,0.0,0.0,0.0,0.0,-1.0,-3.0,1.0,3.0
Stellantis N.V.,33057B,2021-04-15,-1.0,0.0,1.0,0.0,0.0,1.0,-2.0,-4.0,2.0,4.0
Stellantis N.V.,33057B,2021-04-16,0.0,0.0,0.0,0.0,0.0,0.0,-2.0,-4.0,2.0,4.0
Stellantis N.V.,33057B,2021-04-17,-1.0,0.0,1.0,0.0,0.0,1.0,-3.0,-5.0,3.0,5.0
Stellantis N.V.,33057B,2021-04-18,0.0,0.0,0.0,0.0,0.0,0.0,-3.0,-5.0,3.0,5.0
Stellantis N.V.,33057B,2021-04-19,0.0,0.0,0.0,0.0,0.0,0.0,-2.0,-5.0,2.0,5.0
Stellantis N.V.,33057B,2021-04-20,0.0,0.0,0.0,0.0,0.0,0.0,-2.0,-5.0,2.0,5.0
Stellantis N.V.,33057B,2021-04-21,0.0,0.0,0.0,0.0,0.0,0.0,-2.0,-4.0,2.0,4.0
Stellantis N.V.,33057B,2021-04-22,0.0,0.0,0.0,0.0,0.0,0.0,-1.0,-4.0,1.0,4.0
Stellantis N.V.,33057B,2021-04-23,0.0,0.0,0.0,0.0,0.0,0.0,-1.0,-4.0,1.0,4.0
Stellantis N.V.,33057B,2021-04-24,0.0,0.0,0.0,0.0,0.0,0.0,0.0,-4.0,0.0,4.0
Stellantis N.V.,33057B,2021-04-25,0.0,0.0,0.0,0.0,0.0,0.0,0.0,-4.0,0.0,4.0
Stellantis N.V.,33057B,2021-04-26,0.0,0.0,0.0,0.0,0.0,0.0,0.0,-4.0,0.0,4.0
Stellantis N.V.,33057B,2021-04-27,0.0,0.0,0.0,0.0,0.0,0.0,0.0,-4.0,0.0,4.0
Stellantis N.V.,33057B,2021-04-28,-1.0,0.0,1.0,0.0,0.0,1.0,-1.0,-5.0,1.0,5.0
Stellantis N.V.,33057B,2021-04-29,0.0,0.0,0.0,0.0,0.0,0.0,-1.0,-5.0,1.0,5.0
Stellantis N.V.,33057B,2021-04-30,0.0,0.0,0.0,0.0,0.0,0.0,-1.0,-4.0,1.0,4.0
Stellantis N.V.,33057B,2021-05-01,0.0,0.0,0.0,0.0,0.0,0.0,-1.0,-4.0,1.0,4.0
Stellantis N.V.,33057B,2021-05-02,0.0,0.0,0.0,0.0,0.0,0.0,-1.0,-4.0,1.0,4.0
Stellantis N.V.,33057B,2021-05-03,0.0,0.0,0.0,0.0,0.0,0.0,-1.0,-4.0,1.0,4.0
Stellantis N.V.,33057B,2021-05-04,0.0,0.0,0.0,0.0,0.0,0.0,-1.0,-4.0,1.0,4.0
Stellantis N.V.,33057B,2021-05-05,-1.0,0.0,2.0,0.0,0.0,2.0,-1.0,-5.0,2.0,6.0
Stellantis N.V.,33057B,2021-05-06,0.0,0.0,0.0,0.0,0.0,0.0,-1.0,-5.0,2.0,6.0
Stellantis N.V.,33057B,2021-05-07,0.0,0.0,0.0,0.0,0.0,0.0,-1.0,-5.0,2.0,6.0
Stellantis N.V.,33057B,2021-05-08,0.0,0.0,0.0,0.0,0.0,0.0,-1.0,-5.0,2.0,6.0
Stellantis N.V.,33057B,2021-05-09,0.0,0.0,0.0,0.0,0.0,0.0,-1.0,-5.0,2.0,6.0
Stellantis N.V.,33057B,2021-05-10,0.0,0.0,0.0,0.0,0.0,0.0,-1.0,-5.0,2.0,6.0
Stellantis N.V.,33057B,2021-05-11,0.0,0.0,0.0,0.0,0.0,0.0,-1.0,-5.0,2.0,6.0
Stellantis N.V.,33057B,2021-05-12,0.0,0.0,0.0,0.0,0.0,0.0,0.0,-4.0,0.0,5.0
Stellantis N.V.,33057B,2021-05-13,0.0,0.0,0.0,0.0,0.0,0.0,0.0,-4.0,0.0,5.0
Stellantis N.V.,33057B,2021-05-14,0.0,0.0,0.0,0.0,0.0,0.0,0.0,-4.0,0.0,5.0
Stellantis N.V.,33057B,2021-05-15,0.0,0.0,0.0,0.0,0.0,0.0,0.0,-3.0,0.0,4.0
Stellantis N.V.,33057B,2021-05-16,0.0,0.0,0.0,0.0,0.0,0.0,0.0,-3.0,0.0,4.0
Stellantis N.V.,33057B,2021-05-17,0.0,0.0,0.0,0.0,0.0,0.0,0.0,-2.0,0.0,3.0
Stellantis N.V.,33057B,2021-05-18,0.0,0.0,0.0,0.0,0.0,0.0,0.0,-2.0,0.0,3.0
Stellantis N.V.,33057B,2021-05-19,0.0,0.0,0.0,0.0,0.0,0.0,0.0,-2.0,0.0,3.0
Stellantis N.V.,33057B,2021-05-20,0.0,0.0,0.0,0.0,0.0,0.0,0.0,-2.0,0.0,3.0
Stellantis N.V.,33057B,2021-05-21,0.0,0.0,0.0,0.0,0.0,0.0,0.0,-2.0,0.0,3.0
Stellantis N.V.,33057B,2021-05-22,0.0,0.0,0.0,0.0,0.0,0.0,0.0,-2.0,0.0,3.0
Stellantis N.V.,33057B,2021-05-23,0.0,0.0,0.0,0.0,0.0,0.0,0.0,-2.0,0.0,3.0
Stellantis N.V.,33057B,2021-05-24,0.0,0.0,0.0,0.0,0.0,0.0,0.0,-2.0,0.0,3.0
Stellantis N.V.,33057B,2021-05-25,0.0,0.0,0.0,0.0,0.0,0.0,0.0,-2.0,0.0,3.0
Stellantis N.V.,33057B,2021-05-26,0.0,0.0,0.0,0.0,0.0,0.0,0.0,-2.0,0.0,3.0
Stellantis N.V.,33057B,2021-05-27,0.0,0.0,0.0,0.0,0.0,0.0,0.0,-2.0,0.0,3.0
Stellantis N.V.,33057B,2021-05-28,0.0,0.0,0.0,0.0,0.0,0.0,0.0,-1.0,0.0,2.0
Stellantis N.V.,33057B,2021-05-29,0.0,0.0,0.0,0.0,0.0,0.0,0.0,-1.0,0.0,2.0
Stellantis N.V.,33057B,2021-05-30,0.0,0.0,0.0,0.0,0.0,0.0,0.0,-1.0,0.0,2.0
Stellantis N.V.,33057B,2021-05-31,0.0,0.0,0.0,0.0,0.0,0.0,0.0,-1.0,0.0,2.0
Stellantis N.V.,33057B,2021-06-01,0.0,0.0,0.0,0.0,0.0,0.0,0.0,-1.0,0.0,2.0
Stellantis N.V.,33057B,2021-06-02,0.0,0.0,0.0,0.0,0.0,0.0,0.0,-1.0,0.0,2.0
Stellantis N.V.,33057B,2021-06-03,0.0,0.0,0.0,0.0,0.0,0.0,0.0,-1.0,0.0,2.0
Stellantis N.V.,33057B,2021-06-07,-1.0,0.0,1.0,0.0,0.0,1.0,-1.0,-1.0,1.0,1.0
Stellantis N.V.,33057B,2021-06-08,0.0,0.0,0.0,0.0,0.0,0.0,-1.0,-1.0,1.0,1.0
Stellantis N.V.,33057B,2021-06-09,0.0,0.0,0.0,0.0,0.0,0.0,-1.0,-1.0,1.0,1.0
Stellantis N.V.,33057B,2021-06-10,0.0,0.0,0.0,0.0,0.0,0.0,-1.0,-1.0,1.0,1.0
Stellantis N.V.,33057B,2021-06-11,0.0,0.0,0.0,0.0,0.0,0.0,-1.0,-1.0,1.0,1.0
Stellantis N.V.,33057B,2021-06-12,0.0,0.0,0.0,0.0,0.0,0.0,-1.0,-1.0,1.0,1.0
Stellantis N.V.,33057B,2021-06-13,0.0,0.0,0.0,0.0,0.0,0.0,-1.0,-1.0,1.0,1.0
Stellantis N.V.,33057B,2021-06-14,0.0,0.0,0.0,0.0,0.0,0.0,0.0,-1.0,0.0,1.0
Stellantis N.V.,33057B,2021-06-15,0.0,0.0,0.0,0.0,0.0,0.0,0.0,-1.0,0.0,1.0
Stellantis N.V.,33057B,2021-06-16,0.0,0.0,0.0,0.0,0.0,0.0,0.0,-1.0,0.0,1.0
Stellantis N.V.,33057B,2021-06-17,0.0,0.0,0.0,0.0,0.0,0.0,0.0,-1.0,0.0,1.0
Stellantis N.V.,33057B,2021-06-18,0.0,0.0,0.0,0.0,0.0,0.0,0.0,-1.0,0.0,1.0
Stellantis N.V.,33057B,2021-06-19,0.0,0.0,0.0,0.0,0.0,0.0,0.0,-1.0,0.0,1.0
Stellantis N.V.,33057B,2021-06-20,0.0,0.0,0.0,0.0,0.0,0.0,0.0,-1.0,0.0,1.0
Stellantis N.V.,33057B,2021-06-21,0.0,0.0,0.0,0.0,0.0,0.0,0.0,-1.0,0.0,1.0
Stellantis N.V.,33057B,2021-06-22,0.0,0.0,0.0,0.0,0.0,0.0,0.0,-1.0,0.0,1.0
Stellantis N.V.,33057B,2021-06-23,0.0,0.0,0.0,0.0,0.0,0.0,0.0,-1.0,0.0,1.0
Stellantis N.V.,33057B,2021-06-24,0.0,0.0,0.0,0.0,0.0,0.0,0.0,-1.0,0.0,1.0
Stellantis N.V.,33057B,2021-06-25,0.0,0.0,0.0,0.0,0.0,0.0,0.0,-1.0,0.0,1.0
Stellantis N.V.,33057B,2021-06-26,0.0,0.0,0.0,0.0,0.0,0.0,0.0,-1.0,0.0,1.0
Stellantis N.V.,33057B,2021-06-27,0.0,0.0,0.0,0.0,0.0,0.0,0.0,-1.0,0.0,1.0
Stellantis N.V.,33057B,2021-06-28,0.0,0.0,0.0,0.0,0.0,0.0,0.0,-1.0,0.0,1.0
Stellantis N.V.,33057B,2021-06-29,0.0,0.0,0.0,0.0,0.0,0.0,0.0,-1.0,0.0,1.0
Stellantis N.V.,33057B,2021-06-30,-1.0,0.0,1.0,0.0,0.0,1.0,-1.0,-2.0,1.0,2.0
Stoneridge Inc.,B09B1F,2021-02-25,-1.0,0.0,1.0,0.0,0.0,1.0,-1.0,-1.0,1.0,1.0
Super Micro Computer Inc.,30A565,2021-06-09,-1.0,0.0,1.0,0.0,0.0,1.0,-1.0,-1.0,1.0,1.0
Superior Group of Cos. Inc.,F1C04C,2021-03-03,-1.0,0.0,1.0,0.0,0.0,1.0,-1.0,-1.0,1.0,1.0
Superior Industries International Inc.,9C0D3B,2021-03-05,-1.0,0.0,1.0,0.0,0.0,1.0,-1.0,-1.0,1.0,1.0
Superior Industries International Inc.,9C0D3B,2021-03-06,0.0,0.0,0.0,0.0,0.0,0.0,-1.0,-1.0,1.0,1.0
Superior Industries International Inc.,9C0D3B,2021-03-07,0.0,0.0,0.0,0.0,0.0,0.0,-1.0,-1.0,1.0,1.0
Superior Industries International Inc.,9C0D3B,2021-03-08,0.0,0.0,0.0,0.0,0.0,0.0,-1.0,-1.0,1.0,1.0
Superior Industries International Inc.,9C0D3B,2021-03-09,0.0,0.0,0.0,0.0,0.0,0.0,-1.0,-1.0,1.0,1.0
Superior Industries International Inc.,9C0D3B,2021-03-10,0.0,0.0,0.0,0.0,0.0,0.0,-1.0,-1.0,1.0,1.0
Superior Industries International Inc.,9C0D3B,2021-03-11,0.0,0.0,0.0,0.0,0.0,0.0,-1.0,-1.0,1.0,1.0
Superior Industries International Inc.,9C0D3B,2021-03-12,0.0,0.0,0.0,0.0,0.0,0.0,0.0,-1.0,0.0,1.0
Superior Industries International Inc.,9C0D3B,2021-03-13,0.0,0.0,0.0,0.0,0.0,0.0,0.0,-1.0,0.0,1.0
Superior Industries International Inc.,9C0D3B,2021-03-14,0.0,0.0,0.0,0.0,0.0,0.0,0.0,-1.0,0.0,1.0
Superior Industries International Inc.,9C0D3B,2021-03-15,0.0,0.0,0.0,0.0,0.0,0.0,0.0,-1.0,0.0,1.0
Superior Industries International Inc.,9C0D3B,2021-03-16,0.0,0.0,0.0,0.0,0.0,0.0,0.0,-1.0,0.0,1.0
Superior Industries International Inc.,9C0D3B,2021-03-17,0.0,0.0,0.0,0.0,0.0,0.0,0.0,-1.0,0.0,1.0
Superior Industries International Inc.,9C0D3B,2021-03-18,0.0,0.0,0.0,0.0,0.0,0.0,0.0,-1.0,0.0,1.0
Superior Industries International Inc.,9C0D3B,2021-03-19,0.0,0.0,0.0,0.0,0.0,0.0,0.0,-1.0,0.0,1.0
Superior Industries International Inc.,9C0D3B,2021-03-20,0.0,0.0,0.0,0.0,0.0,0.0,0.0,-1.0,0.0,1.0
Superior Industries International Inc.,9C0D3B,2021-03-21,0.0,0.0,0.0,0.0,0.0,0.0,0.0,-1.0,0.0,1.0
Superior Industries International Inc.,9C0D3B,2021-03-22,0.0,0.0,0.0,0.0,0.0,0.0,0.0,-1.0,0.0,1.0
Superior Industries International Inc.,9C0D3B,2021-03-23,0.0,0.0,0.0,0.0,0.0,0.0,0.0,-1.0,0.0,1.0
Superior Industries International Inc.,9C0D3B,2021-03-24,0.0,0.0,0.0,0.0,0.0,0.0,0.0,-1.0,0.0,1.0
Superior Industries International Inc.,9C0D3B,2021-03-25,0.0,0.0,0.0,0.0,0.0,0.0,0.0,-1.0,0.0,1.0
Superior Industries International Inc.,9C0D3B,2021-03-26,0.0,0.0,0.0,0.0,0.0,0.0,0.0,-1.0,0.0,1.0
Superior Industries International Inc.,9C0D3B,2021-03-27,0.0,0.0,0.0,0.0,0.0,0.0,0.0,-1.0,0.0,1.0
Superior Industries International Inc.,9C0D3B,2021-03-28,0.0,0.0,0.0,0.0,0.0,0.0,0.0,-1.0,0.0,1.0
Superior Industries International Inc.,9C0D3B,2021-03-29,0.0,0.0,0.0,0.0,0.0,0.0,0.0,-1.0,0.0,1.0
Superior Industries International Inc.,9C0D3B,2021-03-30,0.0,0.0,0.0,0.0,0.0,0.0,0.0,-1.0,0.0,1.0
Superior Industries International Inc.,9C0D3B,2021-03-31,0.0,0.0,0.0,0.0,0.0,0.0,0.0,-1.0,0.0,1.0
Superior Industries International Inc.,9C0D3B,2021-04-01,0.0,0.0,0.0,0.0,0.0,0.0,0.0,-1.0,0.0,1.0
Superior Industries International Inc.,9C0D3B,2021-04-02,0.0,0.0,0.0,0.0,0.0,0.0,0.0,-1.0,0.0,1.0
Superior Industries International Inc.,9C0D3B,2021-04-03,0.0,0.0,0.0,0.0,0.0,0.0,0.0,-1.0,0.0,1.0
Superior Industries International Inc.,9C0D3B,2021-05-05,-1.0,0.0,1.0,0.0,0.0,1.0,-1.0,-1.0,1.0,1.0
Synaptics Inc.,BBF349,2021-02-04,-1.0,0.0,1.0,0.0,0.0,1.0,-1.0,-1.0,1.0,1.0
Synopsys Inc.,7E1D5D,2021-05-19,0.0,0.0,0.0,1.0,0.0,1.0,0.0,0.0,1.0,1.0
T-Mobile US Inc.,57DDB9,2021-01-21,1.0,1.0,0.0,0.0,0.0,1.0,1.0,1.0,1.0,1.0
TE Connectivity PLC,60F8A4,2021-04-21,-1.0,0.0,1.0,0.0,0.0,1.0,-1.0,-1.0,1.0,1.0
TELUS Corp.,6CB9D8,2021-02-11,-1.0,0.0,1.0,0.0,0.0,1.0,-1.0,-1.0,1.0,1.0
TSMC Ltd. (Taiwan),9417FE,2021-01-14,1.0,1.0,0.0,0.0,0.0,1.0,1.0,1.0,1.0,1.0
TSMC Ltd. (Taiwan),9417FE,2021-01-15,0.0,0.0,0.0,0.0,0.0,0.0,1.0,1.0,1.0,1.0
TSMC Ltd. (Taiwan),9417FE,2021-01-16,0.0,0.0,0.0,0.0,0.0,0.0,1.0,1.0,1.0,1.0
TSMC Ltd. (Taiwan),9417FE,2021-01-17,0.0,0.0,0.0,0.0,0.0,0.0,1.0,1.0,1.0,1.0
TSMC Ltd. (Taiwan),9417FE,2021-01-18,0.0,0.0,0.0,0.0,0.0,0.0,1.0,1.0,1.0,1.0
TSMC Ltd. (Taiwan),9417FE,2021-01-19,0.0,0.0,0.0,1.0,0.0,1.0,1.0,1.0,2.0,2.0
TSMC Ltd. (Taiwan),9417FE,2021-01-20,0.0,0.0,0.0,0.0,0.0,0.0,1.0,1.0,2.0,2.0
TSMC Ltd. (Taiwan),9417FE,2021-01-21,0.0,0.0,0.0,0.0,0.0,0.0,0.0,1.0,1.0,2.0
TSMC Ltd. (Taiwan),9417FE,2021-01-22,0.0,0.0,0.0,0.0,0.0,0.0,0.0,1.0,1.0,2.0
TSMC Ltd. (Taiwan),9417FE,2021-01-23,0.0,0.0,0.0,0.0,0.0,0.0,0.0,1.0,1.0,2.0
TSMC Ltd. (Taiwan),9417FE,2021-01-24,0.0,0.0,0.0,0.0,0.0,0.0,0.0,1.0,1.0,2.0
TSMC Ltd. (Taiwan),9417FE,2021-01-25,-1.0,0.0,1.0,0.0,0.0,1.0,-1.0,0.0,2.0,3.0
TSMC Ltd. (Taiwan),9417FE,2021-01-26,0.0,0.0,0.0,0.0,0.0,0.0,-1.0,0.0,1.0,3.0
TSMC Ltd. (Taiwan),9417FE,2021-01-27,-1.0,0.0,1.0,0.0,0.0,1.0,-2.0,-1.0,2.0,4.0
TSMC Ltd. (Taiwan),9417FE,2021-01-28,1.0,1.0,0.0,0.0,0.0,1.0,-1.0,0.0,3.0,5.0
TSMC Ltd. (Taiwan),9417FE,2021-01-29,0.0,0.0,0.0,0.0,0.0,0.0,-1.0,0.0,3.0,5.0
TSMC Ltd. (Taiwan),9417FE,2021-01-30,0.0,0.0,0.0,0.0,0.0,0.0,-1.0,0.0,3.0,5.0
TSMC Ltd. (Taiwan),9417FE,2021-01-31,0.0,0.0,0.0,0.0,0.0,0.0,-1.0,0.0,3.0,5.0
TSMC Ltd. (Taiwan),9417FE,2021-02-01,0.0,0.0,0.0,0.0,0.0,0.0,0.0,0.0,2.0,5.0
TSMC Ltd. (Taiwan),9417FE,2021-02-02,0.0,0.0,0.0,0.0,0.0,0.0,0.0,0.0,2.0,5.0
TSMC Ltd. (Taiwan),9417FE,2021-02-03,-1.0,0.0,1.0,0.0,0.0,1.0,0.0,-1.0,2.0,6.0
TSMC Ltd. (Taiwan),9417FE,2021-02-04,0.0,0.0,0.0,0.0,0.0,0.0,-1.0,-1.0,1.0,6.0
TSMC Ltd. (Taiwan),9417FE,2021-02-05,0.0,0.0,0.0,0.0,0.0,0.0,-1.0,-1.0,1.0,6.0
TSMC Ltd. (Taiwan),9417FE,2021-02-06,0.0,0.0,0.0,0.0,0.0,0.0,-1.0,-1.0,1.0,6.0
TSMC Ltd. (Taiwan),9417FE,2021-02-07,0.0,0.0,0.0,0.0,0.0,0.0,-1.0,-1.0,1.0,6.0
TSMC Ltd. (Taiwan),9417FE,2021-02-08,0.0,0.0,0.0,0.0,0.0,0.0,-1.0,-1.0,1.0,6.0
TSMC Ltd. (Taiwan),9417FE,2021-02-09,0.0,0.0,0.0,0.0,0.0,0.0,-1.0,-1.0,1.0,6.0
TSMC Ltd. (Taiwan),9417FE,2021-02-10,-1.0,0.0,1.0,0.0,0.0,1.0,-1.0,-2.0,1.0,7.0
TSMC Ltd. (Taiwan),9417FE,2021-02-11,-1.0,0.0,2.0,0.0,0.0,2.0,-2.0,-3.0,3.0,9.0
TSMC Ltd. (Taiwan),9417FE,2021-02-12,0.0,0.0,0.0,0.0,0.0,0.0,-2.0,-3.0,3.0,9.0
TSMC Ltd. (Taiwan),9417FE,2021-02-13,0.0,0.0,0.0,0.0,0.0,0.0,-2.0,-4.0,3.0,8.0
TSMC Ltd. (Taiwan),9417FE,2021-02-14,0.0,0.0,0.0,0.0,0.0,0.0,-2.0,-4.0,3.0,8.0
TSMC Ltd. (Taiwan),9417FE,2021-02-15,0.0,0.0,0.0,0.0,0.0,0.0,-2.0,-4.0,3.0,8.0
TSMC Ltd. (Taiwan),9417FE,2021-02-16,0.0,0.0,0.0,0.0,0.0,0.0,-2.0,-4.0,3.0,8.0
TSMC Ltd. (Taiwan),9417FE,2021-02-17,-1.0,0.0,1.0,0.0,0.0,1.0,-2.0,-5.0,3.0,9.0
TSMC Ltd. (Taiwan),9417FE,2021-02-18,0.0,0.0,0.0,0.0,0.0,0.0,-1.0,-5.0,1.0,8.0
TSMC Ltd. (Taiwan),9417FE,2021-02-19,-1.0,0.0,1.0,0.0,0.0,1.0,-2.0,-6.0,2.0,9.0
TSMC Ltd. (Taiwan),9417FE,2021-02-20,0.0,0.0,0.0,0.0,0.0,0.0,-2.0,-6.0,2.0,9.0
TSMC Ltd. (Taiwan),9417FE,2021-02-21,0.0,0.0,0.0,0.0,0.0,0.0,-2.0,-6.0,2.0,9.0
TSMC Ltd. (Taiwan),9417FE,2021-02-22,0.0,0.0,0.0,0.0,0.0,0.0,-2.0,-6.0,2.0,9.0
TSMC Ltd. (Taiwan),9417FE,2021-02-23,0.0,0.0,0.0,0.0,0.0,0.0,-2.0,-6.0,2.0,9.0
TSMC Ltd. (Taiwan),9417FE,2021-02-24,0.0,0.0,0.0,0.0,0.0,0.0,-1.0,-5.0,1.0,8.0
TSMC Ltd. (Taiwan),9417FE,2021-02-25,0.0,0.0,0.0,0.0,0.0,0.0,-1.0,-5.0,1.0,8.0
TSMC Ltd. (Taiwan),9417FE,2021-02-26,0.0,0.0,0.0,0.0,0.0,0.0,0.0,-4.0,0.0,7.0
TSMC Ltd. (Taiwan),9417FE,2021-02-27,0.0,0.0,0.0,0.0,0.0,0.0,0.0,-5.0,0.0,6.0
TSMC Ltd. (Taiwan),9417FE,2021-02-28,0.0,0.0,0.0,0.0,0.0,0.0,0.0,-5.0,0.0,6.0
TSMC Ltd. (Taiwan),9417FE,2021-03-01,0.0,0.0,0.0,0.0,0.0,0.0,0.0,-5.0,0.0,6.0
TSMC Ltd. (Taiwan),9417FE,2021-03-02,0.0,0.0,0.0,0.0,0.0,0.0,0.0,-5.0,0.0,6.0
TSMC Ltd. (Taiwan),9417FE,2021-03-03,0.0,0.0,0.0,0.0,0.0,0.0,0.0,-5.0,0.0,6.0
TSMC Ltd. (Taiwan),9417FE,2021-03-04,0.0,0.0,0.0,0.0,0.0,0.0,0.0,-5.0,0.0,6.0
TSMC Ltd. (Taiwan),9417FE,2021-03-05,0.0,0.0,0.0,0.0,0.0,0.0,0.0,-4.0,0.0,5.0
TSMC Ltd. (Taiwan),9417FE,2021-03-06,0.0,0.0,0.0,0.0,0.0,0.0,0.0,-4.0,0.0,5.0
TSMC Ltd. (Taiwan),9417FE,2021-03-07,0.0,0.0,0.0,0.0,0.0,0.0,0.0,-4.0,0.0,5.0
TSMC Ltd. (Taiwan),9417FE,2021-03-08,0.0,0.0,0.0,0.0,0.0,0.0,0.0,-4.0,0.0,5.0
TSMC Ltd. (Taiwan),9417FE,2021-03-09,0.0,0.0,0.0,0.0,0.0,0.0,0.0,-4.0,0.0,5.0
TSMC Ltd. (Taiwan),9417FE,2021-03-10,0.0,0.0,0.0,0.0,0.0,0.0,0.0,-4.0,0.0,5.0
TSMC Ltd. (Taiwan),9417FE,2021-03-11,-1.0,0.0,1.0,0.0,0.0,1.0,-1.0,-5.0,1.0,6.0
TSMC Ltd. (Taiwan),9417FE,2021-03-12,0.0,0.0,0.0,0.0,0.0,0.0,-1.0,-4.0,1.0,5.0
TSMC Ltd. (Taiwan),9417FE,2021-03-13,0.0,0.0,0.0,0.0,0.0,0.0,-1.0,-3.0,1.0,3.0
TSMC Ltd. (Taiwan),9417FE,2021-03-14,0.0,0.0,0.0,0.0,0.0,0.0,-1.0,-3.0,1.0,3.0
TSMC Ltd. (Taiwan),9417FE,2021-03-15,0.0,0.0,0.0,0.0,0.0,0.0,-1.0,-3.0,1.0,3.0
TSMC Ltd. (Taiwan),9417FE,2021-03-16,0.0,0.0,0.0,0.0,0.0,0.0,-1.0,-3.0,1.0,3.0
TSMC Ltd. (Taiwan),9417FE,2021-03-17,0.0,0.0,0.0,0.0,0.0,0.0,-1.0,-3.0,1.0,3.0
TSMC Ltd. (Taiwan),9417FE,2021-03-18,0.0,0.0,0.0,0.0,0.0,0.0,0.0,-3.0,0.0,3.0
TSMC Ltd. (Taiwan),9417FE,2021-03-19,0.0,0.0,0.0,0.0,0.0,0.0,0.0,-2.0,0.0,2.0
TSMC Ltd. (Taiwan),9417FE,2021-03-20,0.0,0.0,0.0,0.0,0.0,0.0,0.0,-2.0,0.0,2.0
TSMC Ltd. (Taiwan),9417FE,2021-03-21,0.0,0.0,0.0,0.0,0.0,0.0,0.0,-1.0,0.0,1.0
TSMC Ltd. (Taiwan),9417FE,2021-03-22,0.0,0.0,0.0,0.0,0.0,0.0,0.0,-1.0,0.0,1.0
TSMC Ltd. (Taiwan),9417FE,2021-03-23,0.0,0.0,0.0,0.0,0.0,0.0,0.0,-1.0,0.0,1.0
TSMC Ltd. (Taiwan),9417FE,2021-03-24,-1.0,0.0,1.0,0.0,0.0,1.0,-1.0,-2.0,1.0,2.0
TSMC Ltd. (Taiwan),9417FE,2021-03-25,0.0,0.0,0.0,0.0,0.0,0.0,-1.0,-2.0,1.0,2.0
TSMC Ltd. (Taiwan),9417FE,2021-03-26,0.0,0.0,0.0,0.0,0.0,0.0,-1.0,-2.0,1.0,2.0
TSMC Ltd. (Taiwan),9417FE,2021-03-27,0.0,0.0,0.0,0.0,0.0,0.0,-1.0,-2.0,1.0,2.0
TSMC Ltd. (Taiwan),9417FE,2021-03-28,0.0,0.0,0.0,0.0,0.0,0.0,-1.0,-2.0,1.0,2.0
TSMC Ltd. (Taiwan),9417FE,2021-03-29,0.0,0.0,0.0,0.0,0.0,0.0,-1.0,-2.0,1.0,2.0
TSMC Ltd. (Taiwan),9417FE,2021-03-30,0.0,0.0,0.0,0.0,0.0,0.0,-1.0,-2.0,1.0,2.0
TSMC Ltd. (Taiwan),9417FE,2021-03-31,0.0,0.0,0.0,0.0,0.0,0.0,0.0,-2.0,0.0,2.0
TSMC Ltd. (Taiwan),9417FE,2021-04-01,0.0,0.0,0.0,0.0,0.0,0.0,0.0,-2.0,0.0,2.0
TSMC Ltd. (Taiwan),9417FE,2021-04-02,0.0,0.0,0.0,0.0,0.0,0.0,0.0,-2.0,0.0,2.0
TSMC Ltd. (Taiwan),9417FE,2021-04-03,0.0,0.0,0.0,0.0,0.0,0.0,0.0,-2.0,0.0,2.0
TSMC Ltd. (Taiwan),9417FE,2021-04-04,0.0,0.0,0.0,0.0,0.0,0.0,0.0,-2.0,0.0,2.0
TSMC Ltd. (Taiwan),9417FE,2021-04-05,0.0,0.0,0.0,0.0,0.0,0.0,0.0,-2.0,0.0,2.0
TSMC Ltd. (Taiwan),9417FE,2021-04-06,0.0,0.0,0.0,0.0,0.0,0.0,0.0,-2.0,0.0,2.0
TSMC Ltd. (Taiwan),9417FE,2021-04-07,-1.0,0.0,1.0,0.0,0.0,1.0,-1.0,-3.0,1.0,3.0
TSMC Ltd. (Taiwan),9417FE,2021-04-08,0.0,0.0,0.0,0.0,0.0,0.0,-1.0,-3.0,1.0,3.0
TSMC Ltd. (Taiwan),9417FE,2021-04-09,0.0,0.0,0.0,0.0,0.0,0.0,-1.0,-3.0,1.0,3.0
TSMC Ltd. (Taiwan),9417FE,2021-04-10,0.0,0.0,0.0,0.0,0.0,0.0,-1.0,-2.0,1.0,2.0
TSMC Ltd. (Taiwan),9417FE,2021-04-11,0.0,0.0,0.0,0.0,0.0,0.0,-1.0,-2.0,1.0,2.0
TSMC Ltd. (Taiwan),9417FE,2021-04-12,-1.0,0.0,1.0,0.0,0.0,1.0,-2.0,-3.0,2.0,3.0
TSMC Ltd. (Taiwan),9417FE,2021-04-13,0.0,0.0,0.0,0.0,0.0,0.0,-2.0,-3.0,2.0,3.0
TSMC Ltd. (Taiwan),9417FE,2021-04-14,0.0,0.0,0.0,0.0,0.0,0.0,-1.0,-3.0,1.0,3.0
TSMC Ltd. (Taiwan),9417FE,2021-04-15,-1.0,0.0,4.0,0.0,0.0,4.0,-2.0,-4.0,5.0,7.0
TSMC Ltd. (Taiwan),9417FE,2021-04-16,0.0,0.0,0.0,0.0,0.0,0.0,-2.0,-4.0,5.0,7.0
TSMC Ltd. (Taiwan),9417FE,2021-04-17,-1.0,0.0,1.0,0.0,0.0,1.0,-3.0,-5.0,6.0,8.0
TSMC Ltd. (Taiwan),9417FE,2021-04-18,0.0,0.0,0.0,0.0,0.0,0.0,-3.0,-5.0,6.0,8.0
TSMC Ltd. (Taiwan),9417FE,2021-04-19,0.0,0.0,0.0,0.0,0.0,0.0,-2.0,-5.0,5.0,8.0
TSMC Ltd. (Taiwan),9417FE,2021-04-20,0.0,0.0,0.0,0.0,0.0,0.0,-2.0,-5.0,5.0,8.0
TSMC Ltd. (Taiwan),9417FE,2021-04-21,0.0,0.0,0.0,0.0,0.0,0.0,-2.0,-5.0,5.0,8.0
TSMC Ltd. (Taiwan),9417FE,2021-04-22,-1.0,0.0,2.0,0.0,0.0,2.0,-2.0,-6.0,3.0,10.0
TSMC Ltd. (Taiwan),9417FE,2021-04-23,0.0,0.0,0.0,0.0,0.0,0.0,-2.0,-5.0,3.0,9.0
TSMC Ltd. (Taiwan),9417FE,2021-04-24,0.0,0.0,0.0,0.0,0.0,0.0,-1.0,-5.0,2.0,9.0
TSMC Ltd. (Taiwan),9417FE,2021-04-25,-1.0,0.0,1.0,0.0,0.0,1.0,-2.0,-6.0,3.0,10.0
TSMC Ltd. (Taiwan),9417FE,2021-04-26,0.0,0.0,0.0,0.0,0.0,0.0,-2.0,-6.0,3.0,10.0
TSMC Ltd. (Taiwan),9417FE,2021-04-27,0.0,0.0,0.0,0.0,0.0,0.0,-2.0,-6.0,3.0,10.0
TSMC Ltd. (Taiwan),9417FE,2021-04-28,0.0,0.0,0.0,0.0,0.0,0.0,-2.0,-6.0,3.0,10.0
TSMC Ltd. (Taiwan),9417FE,2021-04-29,0.0,0.0,0.0,0.0,0.0,0.0,-1.0,-6.0,1.0,10.0
TSMC Ltd. (Taiwan),9417FE,2021-04-30,0.0,0.0,0.0,0.0,0.0,0.0,-1.0,-6.0,1.0,10.0
TSMC Ltd. (Taiwan),9417FE,2021-05-01,0.0,0.0,0.0,0.0,0.0,0.0,-1.0,-6.0,1.0,10.0
TSMC Ltd. (Taiwan),9417FE,2021-05-02,0.0,0.0,0.0,0.0,0.0,0.0,0.0,-6.0,0.0,10.0
TSMC Ltd. (Taiwan),9417FE,2021-05-03,0.0,0.0,0.0,0.0,0.0,0.0,0.0,-6.0,0.0,10.0
TSMC Ltd. (Taiwan),9417FE,2021-05-04,-1.0,0.0,1.0,0.0,0.0,1.0,-1.0,-7.0,1.0,11.0
TSMC Ltd. (Taiwan),9417FE,2021-05-05,0.0,0.0,0.0,0.0,0.0,0.0,-1.0,-7.0,1.0,11.0
TSMC Ltd. (Taiwan),9417FE,2021-05-06,-1.0,0.0,1.0,0.0,0.0,1.0,-2.0,-8.0,2.0,12.0
TSMC Ltd. (Taiwan),9417FE,2021-05-07,0.0,0.0,0.0,0.0,0.0,0.0,-2.0,-7.0,2.0,11.0
TSMC Ltd. (Taiwan),9417FE,2021-05-08,0.0,0.0,0.0,0.0,0.0,0.0,-2.0,-7.0,2.0,11.0
TSMC Ltd. (Taiwan),9417FE,2021-05-09,0.0,0.0,0.0,0.0,0.0,0.0,-2.0,-7.0,2.0,11.0
TSMC Ltd. (Taiwan),9417FE,2021-05-10,0.0,0.0,0.0,0.0,0.0,0.0,-2.0,-7.0,2.0,11.0
TSMC Ltd. (Taiwan),9417FE,2021-05-11,0.0,0.0,0.0,0.0,0.0,0.0,-1.0,-7.0,1.0,11.0
TSMC Ltd. (Taiwan),9417FE,2021-05-12,-1.0,0.0,1.0,0.0,0.0,1.0,-2.0,-7.0,2.0,11.0
TSMC Ltd. (Taiwan),9417FE,2021-05-13,-1.0,0.0,1.0,0.0,0.0,1.0,-2.0,-8.0,2.0,12.0
TSMC Ltd. (Taiwan),9417FE,2021-05-14,0.0,0.0,0.0,0.0,0.0,0.0,-2.0,-8.0,2.0,12.0
TSMC Ltd. (Taiwan),9417FE,2021-05-15,0.0,0.0,0.0,0.0,0.0,0.0,-2.0,-7.0,2.0,8.0
TSMC Ltd. (Taiwan),9417FE,2021-05-16,0.0,0.0,0.0,0.0,0.0,0.0,-2.0,-7.0,2.0,8.0
TSMC Ltd. (Taiwan),9417FE,2021-05-17,0.0,0.0,0.0,0.0,0.0,0.0,-2.0,-6.0,2.0,7.0
TSMC Ltd. (Taiwan),9417FE,2021-05-18,0.0,0.0,0.0,0.0,0.0,0.0,-2.0,-6.0,2.0,7.0
TSMC Ltd. (Taiwan),9417FE,2021-05-19,0.0,0.0,0.0,0.0,0.0,0.0,-1.0,-6.0,1.0,7.0
TSMC Ltd. (Taiwan),9417FE,2021-05-20,0.0,0.0,0.0,0.0,0.0,0.0,0.0,-6.0,0.0,7.0
TSMC Ltd. (Taiwan),9417FE,2021-05-21,0.0,0.0,0.0,0.0,0.0,0.0,0.0,-6.0,0.0,7.0
TSMC Ltd. (Taiwan),9417FE,2021-05-22,0.0,0.0,0.0,0.0,0.0,0.0,0.0,-5.0,0.0,5.0
TSMC Ltd. (Taiwan),9417FE,2021-05-23,0.0,0.0,0.0,0.0,0.0,0.0,0.0,-5.0,0.0,5.0
TSMC Ltd. (Taiwan),9417FE,2021-05-24,0.0,0.0,0.0,0.0,0.0,0.0,0.0,-5.0,0.0,5.0
TSMC Ltd. (Taiwan),9417FE,2021-05-25,1.0,1.0,0.0,0.0,0.0,1.0,1.0,-3.0,1.0,5.0
TSMC Ltd. (Taiwan),9417FE,2021-05-26,0.0,0.0,0.0,0.0,0.0,0.0,1.0,-3.0,1.0,5.0
TSMC Ltd. (Taiwan),9417FE,2021-05-27,0.0,0.0,0.0,0.0,0.0,0.0,1.0,-3.0,1.0,5.0
TSMC Ltd. (Taiwan),9417FE,2021-05-28,0.0,0.0,0.0,0.0,0.0,0.0,1.0,-3.0,1.0,5.0
TSMC Ltd. (Taiwan),9417FE,2021-05-29,0.0,0.0,0.0,0.0,0.0,0.0,1.0,-3.0,1.0,5.0
TSMC Ltd. (Taiwan),9417FE,2021-05-30,0.0,0.0,0.0,0.0,0.0,0.0,1.0,-3.0,1.0,5.0
TSMC Ltd. (Taiwan),9417FE,2021-05-31,0.0,0.0,0.0,0.0,0.0,0.0,1.0,-3.0,1.0,5.0
TSMC Ltd. (Taiwan),9417FE,2021-06-01,-1.0,0.0,1.0,0.0,0.0,1.0,-1.0,-4.0,1.0,6.0
TSMC Ltd. (Taiwan),9417FE,2021-06-02,0.0,0.0,0.0,0.0,0.0,0.0,-1.0,-4.0,1.0,6.0
TSMC Ltd. (Taiwan),9417FE,2021-06-03,0.0,0.0,0.0,0.0,0.0,0.0,-1.0,-3.0,1.0,5.0
TSMC Ltd. (Taiwan),9417FE,2021-06-04,-1.0,0.0,1.0,0.0,0.0,1.0,-2.0,-4.0,2.0,6.0
TSMC Ltd. (Taiwan),9417FE,2021-06-05,0.0,0.0,0.0,0.0,0.0,0.0,-2.0,-3.0,2.0,5.0
TSMC Ltd. (Taiwan),9417FE,2021-06-06,0.0,0.0,0.0,0.0,0.0,0.0,-2.0,-3.0,2.0,5.0
TSMC Ltd. (Taiwan),9417FE,2021-06-07,0.0,0.0,0.0,0.0,0.0,0.0,-2.0,-3.0,2.0,5.0
TSMC Ltd. (Taiwan),9417FE,2021-06-08,0.0,0.0,0.0,0.0,0.0,0.0,-1.0,-3.0,1.0,5.0
TSMC Ltd. (Taiwan),9417FE,2021-06-09,0.0,0.0,0.0,0.0,0.0,0.0,-1.0,-3.0,1.0,5.0
TSMC Ltd. (Taiwan),9417FE,2021-06-10,0.0,0.0,0.0,0.0,0.0,0.0,-1.0,-3.0,1.0,5.0
TSMC Ltd. (Taiwan),9417FE,2021-06-11,0.0,0.0,0.0,0.0,0.0,0.0,0.0,-2.0,0.0,4.0
TSMC Ltd. (Taiwan),9417FE,2021-06-12,-1.0,0.0,1.0,0.0,0.0,1.0,-1.0,-2.0,1.0,4.0
TSMC Ltd. (Taiwan),9417FE,2021-06-13,0.0,0.0,0.0,0.0,0.0,0.0,-1.0,-2.0,1.0,4.0
TSMC Ltd. (Taiwan),9417FE,2021-06-14,0.0,0.0,0.0,0.0,0.0,0.0,-1.0,-2.0,1.0,4.0
TSMC Ltd. (Taiwan),9417FE,2021-06-15,0.0,0.0,0.0,0.0,0.0,0.0,-1.0,-2.0,1.0,4.0
TSMC Ltd. (Taiwan),9417FE,2021-06-16,0.0,0.0,0.0,0.0,0.0,0.0,-1.0,-2.0,1.0,4.0
TSMC Ltd. (Taiwan),9417FE,2021-06-17,0.0,0.0,0.0,0.0,0.0,0.0,-1.0,-2.0,1.0,4.0
TSMC Ltd. (Taiwan),9417FE,2021-06-18,0.0,0.0,0.0,0.0,0.0,0.0,-1.0,-2.0,1.0,4.0
TSMC Ltd. (Taiwan),9417FE,2021-06-19,0.0,0.0,0.0,0.0,0.0,0.0,0.0,-2.0,0.0,4.0
TSMC Ltd. (Taiwan),9417FE,2021-06-20,0.0,0.0,0.0,0.0,0.0,0.0,0.0,-2.0,0.0,4.0
TSMC Ltd. (Taiwan),9417FE,2021-06-21,0.0,0.0,0.0,0.0,0.0,0.0,0.0,-2.0,0.0,4.0
TSMC Ltd. (Taiwan),9417FE,2021-06-22,0.0,0.0,0.0,0.0,0.0,0.0,0.0,-2.0,0.0,4.0
TSMC Ltd. (Taiwan),9417FE,2021-06-23,1.0,1.0,0.0,0.0,0.0,1.0,1.0,-1.0,1.0,5.0
TSMC Ltd. (Taiwan),9417FE,2021-06-24,1.0,2.0,0.0,0.0,0.0,2.0,2.0,-1.0,3.0,6.0
TSMC Ltd. (Taiwan),9417FE,2021-06-25,0.0,0.0,0.0,1.0,0.0,1.0,2.0,-1.0,4.0,7.0
TSMC Ltd. (Taiwan),9417FE,2021-06-26,0.0,0.0,0.0,0.0,0.0,0.0,2.0,-1.0,4.0,7.0
TSMC Ltd. (Taiwan),9417FE,2021-06-27,0.0,0.0,0.0,0.0,0.0,0.0,2.0,-1.0,4.0,7.0
TSMC Ltd. (Taiwan),9417FE,2021-06-28,-0.8,0.0,4.0,1.0,0.0,5.0,1.2,-1.8,9.0,12.0
TTM Technologies Inc.,605F40,2021-02-25,-1.0,0.0,1.0,0.0,0.0,1.0,-1.0,-1.0,1.0,1.0
Teledyne Technologies Inc.,9D30A8,2021-02-26,-1.0,0.0,1.0,0.0,0.0,1.0,-1.0,-1.0,1.0,1.0
Tennant Co.,76B926,2021-02-25,1.0,1.0,0.0,0.0,0.0,1.0,1.0,1.0,1.0,1.0
Tennant Co.,76B926,2021-02-26,0.0,0.0,0.0,0.0,0.0,0.0,1.0,1.0,1.0,1.0
Tennant Co.,76B926,2021-02-27,0.0,0.0,0.0,0.0,0.0,0.0,1.0,1.0,1.0,1.0
Tennant Co.,76B926,2021-02-28,0.0,0.0,0.0,0.0,0.0,0.0,1.0,1.0,1.0,1.0
Tennant Co.,76B926,2021-03-01,0.0,0.0,0.0,0.0,0.0,0.0,1.0,1.0,1.0,1.0
Tennant Co.,76B926,2021-03-02,0.0,0.0,0.0,0.0,0.0,0.0,1.0,1.0,1.0,1.0
Tennant Co.,76B926,2021-03-03,0.0,0.0,0.0,0.0,0.0,0.0,1.0,1.0,1.0,1.0
Tennant Co.,76B926,2021-03-04,0.0,0.0,0.0,0.0,0.0,0.0,0.0,1.0,0.0,1.0
Tennant Co.,76B926,2021-03-05,0.0,0.0,0.0,0.0,0.0,0.0,0.0,1.0,0.0,1.0
Tennant Co.,76B926,2021-03-06,0.0,0.0,0.0,0.0,0.0,0.0,0.0,1.0,0.0,1.0
Tennant Co.,76B926,2021-03-07,0.0,0.0,0.0,0.0,0.0,0.0,0.0,1.0,0.0,1.0
Tennant Co.,76B926,2021-03-08,0.0,0.0,0.0,0.0,0.0,0.0,0.0,1.0,0.0,1.0
Tennant Co.,76B926,2021-03-09,0.0,0.0,0.0,0.0,0.0,0.0,0.0,1.0,0.0,1.0
Tennant Co.,76B926,2021-03-10,0.0,0.0,0.0,0.0,0.0,0.0,0.0,1.0,0.0,1.0
Tennant Co.,76B926,2021-03-11,0.0,0.0,0.0,0.0,0.0,0.0,0.0,1.0,0.0,1.0
Tennant Co.,76B926,2021-03-12,0.0,0.0,0.0,0.0,0.0,0.0,0.0,1.0,0.0,1.0
Tennant Co.,76B926,2021-03-13,0.0,0.0,0.0,0.0,0.0,0.0,0.0,1.0,0.0,1.0
Tennant Co.,76B926,2021-03-14,0.0,0.0,0.0,0.0,0.0,0.0,0.0,1.0,0.0,1.0
Tennant Co.,76B926,2021-03-15,0.0,0.0,0.0,0.0,0.0,0.0,0.0,1.0,0.0,1.0
Tennant Co.,76B926,2021-03-16,0.0,0.0,0.0,0.0,0.0,0.0,0.0,1.0,0.0,1.0
Tennant Co.,76B926,2021-03-17,0.0,0.0,0.0,0.0,0.0,0.0,0.0,1.0,0.0,1.0
Tennant Co.,76B926,2021-03-18,0.0,0.0,0.0,0.0,0.0,0.0,0.0,1.0,0.0,1.0
Tennant Co.,76B926,2021-03-19,0.0,0.0,0.0,0.0,0.0,0.0,0.0,1.0,0.0,1.0
Tennant Co.,76B926,2021-03-20,0.0,0.0,0.0,0.0,0.0,0.0,0.0,1.0,0.0,1.0
Tennant Co.,76B926,2021-03-21,0.0,0.0,0.0,0.0,0.0,0.0,0.0,1.0,0.0,1.0
Tennant Co.,76B926,2021-03-22,0.0,0.0,0.0,0.0,0.0,0.0,0.0,1.0,0.0,1.0
Tennant Co.,76B926,2021-03-23,0.0,0.0,0.0,0.0,0.0,0.0,0.0,1.0,0.0,1.0
Tennant Co.,76B926,2021-03-24,0.0,0.0,0.0,0.0,0.0,0.0,0.0,1.0,0.0,1.0
Tennant Co.,76B926,2021-03-25,0.0,0.0,0.0,0.0,0.0,0.0,0.0,1.0,0.0,1.0
Tennant Co.,76B926,2021-03-26,0.0,0.0,0.0,0.0,0.0,0.0,0.0,1.0,0.0,1.0
Tennant Co.,76B926,2021-05-04,-1.0,0.0,1.0,0.0,0.0,1.0,-1.0,-1.0,1.0,1.0
Teradyne Inc.,93F143,2021-02-12,1.0,1.0,0.0,0.0,0.0,1.0,1.0,1.0,1.0,1.0
Tesla Inc.,DD3BB1,2021-03-19,-1.0,0.0,1.0,0.0,0.0,1.0,-1.0,-1.0,1.0,1.0
Tesla Inc.,DD3BB1,2021-03-20,0.0,0.0,0.0,0.0,0.0,0.0,-1.0,-1.0,1.0,1.0
Tesla Inc.,DD3BB1,2021-03-21,0.0,0.0,0.0,0.0,0.0,0.0,-1.0,-1.0,1.0,1.0
Tesla Inc.,DD3BB1,2021-03-22,0.0,0.0,0.0,0.0,0.0,0.0,-1.0,-1.0,1.0,1.0
Tesla Inc.,DD3BB1,2021-03-23,0.0,0.0,0.0,0.0,0.0,0.0,-1.0,-1.0,1.0,1.0
Tesla Inc.,DD3BB1,2021-03-24,0.0,0.0,0.0,0.0,0.0,0.0,-1.0,-1.0,1.0,1.0
Tesla Inc.,DD3BB1,2021-03-25,0.0,0.0,0.0,0.0,0.0,0.0,-1.0,-1.0,1.0,1.0
Tesla Inc.,DD3BB1,2021-03-26,-1.0,0.0,1.0,0.0,0.0,1.0,-1.0,-2.0,1.0,2.0
Tesla Inc.,DD3BB1,2021-03-27,0.0,0.0,0.0,0.0,0.0,0.0,-1.0,-2.0,1.0,2.0
Tesla Inc.,DD3BB1,2021-03-28,0.0,0.0,0.0,0.0,0.0,0.0,-1.0,-2.0,1.0,2.0
Tesla Inc.,DD3BB1,2021-03-29,0.0,0.0,0.0,0.0,0.0,0.0,-1.0,-2.0,1.0,2.0
Tesla Inc.,DD3BB1,2021-03-30,0.0,0.0,0.0,0.0,0.0,0.0,-1.0,-2.0,1.0,2.0
Tesla Inc.,DD3BB1,2021-03-31,0.0,0.0,0.0,0.0,0.0,0.0,-1.0,-2.0,1.0,2.0
Tesla Inc.,DD3BB1,2021-04-01,0.0,0.0,0.0,0.0,0.0,0.0,-1.0,-2.0,1.0,2.0
Tesla Inc.,DD3BB1,2021-04-02,0.0,0.0,0.0,0.0,0.0,0.0,0.0,-2.0,0.0,2.0
Tesla Inc.,DD3BB1,2021-04-03,0.0,0.0,0.0,0.0,0.0,0.0,0.0,-2.0,0.0,2.0
Tesla Inc.,DD3BB1,2021-04-04,0.0,0.0,0.0,0.0,0.0,0.0,0.0,-2.0,0.0,2.0
Tesla Inc.,DD3BB1,2021-04-05,0.0,0.0,0.0,0.0,0.0,0.0,0.0,-2.0,0.0,2.0
Tesla Inc.,DD3BB1,2021-04-06,0.0,0.0,0.0,0.0,0.0,0.0,0.0,-2.0,0.0,2.0
Tesla Inc.,DD3BB1,2021-04-07,0.0,0.0,0.0,0.0,0.0,0.0,0.0,-2.0,0.0,2.0
Tesla Inc.,DD3BB1,2021-04-08,0.0,0.0,0.0,0.0,0.0,0.0,0.0,-2.0,0.0,2.0
Tesla Inc.,DD3BB1,2021-04-09,0.0,0.0,0.0,0.0,0.0,0.0,0.0,-2.0,0.0,2.0
Tesla Inc.,DD3BB1,2021-04-10,0.0,0.0,0.0,0.0,0.0,0.0,0.0,-2.0,0.0,2.0
Tesla Inc.,DD3BB1,2021-04-11,0.0,0.0,0.0,0.0,0.0,0.0,0.0,-2.0,0.0,2.0
Tesla Inc.,DD3BB1,2021-04-12,0.0,0.0,0.0,0.0,0.0,0.0,0.0,-2.0,0.0,2.0
Tesla Inc.,DD3BB1,2021-04-13,0.0,0.0,0.0,0.0,0.0,0.0,0.0,-2.0,0.0,2.0
Tesla Inc.,DD3BB1,2021-04-14,0.0,0.0,0.0,0.0,0.0,0.0,0.0,-2.0,0.0,2.0
Tesla Inc.,DD3BB1,2021-04-15,0.0,0.0,0.0,0.0,0.0,0.0,0.0,-2.0,0.0,2.0
Tesla Inc.,DD3BB1,2021-04-16,0.0,0.0,0.0,0.0,0.0,0.0,0.0,-2.0,0.0,2.0
Tesla Inc.,DD3BB1,2021-04-17,0.0,0.0,0.0,0.0,0.0,0.0,0.0,-2.0,0.0,2.0
Tesla Inc.,DD3BB1,2021-04-18,0.0,0.0,0.0,0.0,0.0,0.0,0.0,-1.0,0.0,1.0
Tesla Inc.,DD3BB1,2021-04-19,0.0,0.0,0.0,0.0,0.0,0.0,0.0,-1.0,0.0,1.0
Tesla Inc.,DD3BB1,2021-04-20,0.0,0.0,0.0,0.0,0.0,0.0,0.0,-1.0,0.0,1.0
Tesla Inc.,DD3BB1,2021-04-21,0.0,0.0,0.0,0.0,0.0,0.0,0.0,-1.0,0.0,1.0
Tesla Inc.,DD3BB1,2021-04-22,0.0,0.0,0.0,0.0,0.0,0.0,0.0,-1.0,0.0,1.0
Tesla Inc.,DD3BB1,2021-04-23,0.0,0.0,0.0,0.0,0.0,0.0,0.0,-1.0,0.0,1.0
Tesla Inc.,DD3BB1,2021-04-24,0.0,0.0,0.0,0.0,0.0,0.0,0.0,-1.0,0.0,1.0
Tesla Inc.,DD3BB1,2021-05-11,-1.0,0.0,1.0,0.0,0.0,1.0,-1.0,-1.0,1.0,1.0
Tesla Inc.,DD3BB1,2021-05-12,0.0,0.0,0.0,0.0,0.0,0.0,-1.0,-1.0,1.0,1.0
Tesla Inc.,DD3BB1,2021-05-13,0.0,0.0,0.0,0.0,0.0,0.0,-1.0,-1.0,1.0,1.0
Tesla Inc.,DD3BB1,2021-05-14,0.0,0.0,0.0,0.0,0.0,0.0,-1.0,-1.0,1.0,1.0
Tesla Inc.,DD3BB1,2021-05-15,0.0,0.0,0.0,0.0,0.0,0.0,-1.0,-1.0,1.0,1.0
Tesla Inc.,DD3BB1,2021-05-16,0.0,0.0,0.0,0.0,0.0,0.0,-1.0,-1.0,1.0,1.0
Tesla Inc.,DD3BB1,2021-05-17,0.0,0.0,0.0,0.0,0.0,0.0,-1.0,-1.0,1.0,1.0
Tesla Inc.,DD3BB1,2021-05-18,0.0,0.0,0.0,0.0,0.0,0.0,0.0,-1.0,0.0,1.0
Tesla Inc.,DD3BB1,2021-05-19,0.0,0.0,0.0,0.0,0.0,0.0,0.0,-1.0,0.0,1.0
Tesla Inc.,DD3BB1,2021-05-20,0.0,0.0,0.0,0.0,0.0,0.0,0.0,-1.0,0.0,1.0
Tesla Inc.,DD3BB1,2021-05-21,0.0,0.0,0.0,0.0,0.0,0.0,0.0,-1.0,0.0,1.0
Tesla Inc.,DD3BB1,2021-05-22,0.0,0.0,0.0,0.0,0.0,0.0,0.0,-1.0,0.0,1.0
Tesla Inc.,DD3BB1,2021-05-23,0.0,0.0,0.0,0.0,0.0,0.0,0.0,-1.0,0.0,1.0
Tesla Inc.,DD3BB1,2021-05-24,0.0,0.0,0.0,0.0,0.0,0.0,0.0,-1.0,0.0,1.0
Tesla Inc.,DD3BB1,2021-05-25,0.0,0.0,0.0,0.0,0.0,0.0,0.0,-1.0,0.0,1.0
Tesla Inc.,DD3BB1,2021-05-26,-1.0,0.0,2.0,0.0,0.0,2.0,-1.0,-2.0,2.0,3.0
Tesla Inc.,DD3BB1,2021-05-27,0.0,0.0,0.0,0.0,0.0,0.0,-1.0,-2.0,2.0,3.0
Tesla Inc.,DD3BB1,2021-05-28,0.0,0.0,0.0,0.0,0.0,0.0,-1.0,-2.0,2.0,3.0
Tesla Inc.,DD3BB1,2021-05-29,0.0,0.0,0.0,0.0,0.0,0.0,-1.0,-2.0,2.0,3.0
Tesla Inc.,DD3BB1,2021-05-30,0.0,0.0,0.0,0.0,0.0,0.0,-1.0,-2.0,2.0,3.0
Tesla Inc.,DD3BB1,2021-05-31,0.0,0.0,0.0,0.0,0.0,0.0,-1.0,-2.0,2.0,3.0
Tesla Inc.,DD3BB1,2021-06-01,-1.0,0.0,1.0,0.0,0.0,1.0,-2.0,-3.0,3.0,4.0
Tesla Inc.,DD3BB1,2021-06-02,0.0,0.0,0.0,0.0,0.0,0.0,-1.0,-3.0,1.0,4.0
Tesla Inc.,DD3BB1,2021-06-03,0.0,0.0,0.0,0.0,0.0,0.0,-1.0,-3.0,1.0,4.0
Tesla Inc.,DD3BB1,2021-06-04,0.0,0.0,0.0,0.0,0.0,0.0,-1.0,-3.0,1.0,4.0
Tesla Inc.,DD3BB1,2021-06-05,0.0,0.0,0.0,0.0,0.0,0.0,-1.0,-3.0,1.0,4.0
Tesla Inc.,DD3BB1,2021-06-06,-1.0,0.0,1.0,0.0,0.0,1.0,-2.0,-4.0,2.0,5.0
Texas Instruments Inc.,39BFF6,2021-01-08,-1.0,0.0,1.0,0.0,0.0,1.0,-1.0,-1.0,1.0,1.0
Texas Instruments Inc.,39BFF6,2021-01-09,0.0,0.0,0.0,0.0,0.0,0.0,-1.0,-1.0,1.0,1.0
Texas Instruments Inc.,39BFF6,2021-01-10,0.0,0.0,0.0,0.0,0.0,0.0,-1.0,-1.0,1.0,1.0
Texas Instruments Inc.,39BFF6,2021-01-11,0.0,0.0,0.0,0.0,0.0,0.0,-1.0,-1.0,1.0,1.0
Texas Instruments Inc.,39BFF6,2021-01-12,-1.0,0.0,1.0,0.0,0.0,1.0,-2.0,-2.0,2.0,2.0
Texas Instruments Inc.,39BFF6,2021-01-13,0.0,0.0,0.0,0.0,0.0,0.0,-2.0,-2.0,2.0,2.0
Texas Instruments Inc.,39BFF6,2021-01-14,0.0,0.0,0.0,0.0,0.0,0.0,-2.0,-2.0,2.0,2.0
Texas Instruments Inc.,39BFF6,2021-01-15,0.0,0.0,0.0,0.0,0.0,0.0,-1.0,-2.0,1.0,2.0
Texas Instruments Inc.,39BFF6,2021-01-16,0.0,0.0,0.0,0.0,0.0,0.0,-1.0,-2.0,1.0,2.0
Texas Instruments Inc.,39BFF6,2021-01-17,0.0,0.0,0.0,0.0,0.0,0.0,-1.0,-2.0,1.0,2.0
Texas Instruments Inc.,39BFF6,2021-01-18,0.0,0.0,0.0,0.0,0.0,0.0,-1.0,-2.0,1.0,2.0
Texas Instruments Inc.,39BFF6,2021-01-19,0.0,0.0,0.0,0.0,0.0,0.0,0.0,-2.0,0.0,2.0
Texas Instruments Inc.,39BFF6,2021-01-20,0.0,0.0,0.0,0.0,0.0,0.0,0.0,-2.0,0.0,2.0
Texas Instruments Inc.,39BFF6,2021-01-21,0.0,0.0,0.0,0.0,0.0,0.0,0.0,-2.0,0.0,2.0
Texas Instruments Inc.,39BFF6,2021-01-22,0.0,0.0,0.0,0.0,0.0,0.0,0.0,-2.0,0.0,2.0
Texas Instruments Inc.,39BFF6,2021-01-23,0.0,0.0,0.0,0.0,0.0,0.0,0.0,-2.0,0.0,2.0
Texas Instruments Inc.,39BFF6,2021-01-24,0.0,0.0,0.0,0.0,0.0,0.0,0.0,-2.0,0.0,2.0
Texas Instruments Inc.,39BFF6,2021-01-25,0.0,0.0,0.0,0.0,0.0,0.0,0.0,-2.0,0.0,2.0
Texas Instruments Inc.,39BFF6,2021-01-26,0.0,0.0,0.0,0.0,0.0,0.0,0.0,-2.0,0.0,2.0
Texas Instruments Inc.,39BFF6,2021-01-27,0.0,0.0,0.0,0.0,0.0,0.0,0.0,-2.0,0.0,2.0
Texas Instruments Inc.,39BFF6,2021-01-28,0.0,0.0,0.0,0.0,0.0,0.0,0.0,-2.0,0.0,2.0
Texas Instruments Inc.,39BFF6,2021-01-29,0.0,0.0,0.0,0.0,0.0,0.0,0.0,-2.0,0.0,2.0
Texas Instruments Inc.,39BFF6,2021-01-30,0.0,0.0,0.0,0.0,0.0,0.0,0.0,-2.0,0.0,2.0
Texas Instruments Inc.,39BFF6,2021-01-31,0.0,0.0,0.0,0.0,0.0,0.0,0.0,-2.0,0.0,2.0
Texas Instruments Inc.,39BFF6,2021-02-01,0.0,0.0,0.0,0.0,0.0,0.0,0.0,-2.0,0.0,2.0
Texas Instruments Inc.,39BFF6,2021-02-02,0.0,0.0,0.0,0.0,0.0,0.0,0.0,-2.0,0.0,2.0
Texas Instruments Inc.,39BFF6,2021-02-03,0.0,0.0,0.0,0.0,0.0,0.0,0.0,-2.0,0.0,2.0
Texas Instruments Inc.,39BFF6,2021-02-04,0.0,0.0,0.0,0.0,0.0,0.0,0.0,-2.0,0.0,2.0
Texas Instruments Inc.,39BFF6,2021-02-05,0.0,0.0,0.0,0.0,0.0,0.0,0.0,-2.0,0.0,2.0
Texas Instruments Inc.,39BFF6,2021-02-06,0.0,0.0,0.0,0.0,0.0,0.0,0.0,-2.0,0.0,2.0
Texas Instruments Inc.,39BFF6,2021-02-07,0.0,0.0,0.0,0.0,0.0,0.0,0.0,-1.0,0.0,1.0
Texas Instruments Inc.,39BFF6,2021-02-08,0.0,0.0,0.0,0.0,0.0,0.0,0.0,-1.0,0.0,1.0
Texas Instruments Inc.,39BFF6,2021-02-09,0.0,0.0,0.0,0.0,0.0,0.0,0.0,-1.0,0.0,1.0
Texas Instruments Inc.,39BFF6,2021-02-10,0.0,0.0,0.0,0.0,0.0,0.0,0.0,-1.0,0.0,1.0
Texas Instruments Inc.,39BFF6,2021-05-04,-1.0,0.0,1.0,0.0,0.0,1.0,-1.0,-1.0,1.0,1.0
Texas Instruments Inc.,39BFF6,2021-05-05,0.0,0.0,0.0,0.0,0.0,0.0,-1.0,-1.0,1.0,1.0
Texas Instruments Inc.,39BFF6,2021-05-06,0.0,0.0,0.0,0.0,0.0,0.0,-1.0,-1.0,1.0,1.0
Texas Instruments Inc.,39BFF6,2021-05-07,0.0,0.0,0.0,0.0,0.0,0.0,-1.0,-1.0,1.0,1.0
Texas Instruments Inc.,39BFF6,2021-05-08,0.0,0.0,0.0,0.0,0.0,0.0,-1.0,-1.0,1.0,1.0
Texas Instruments Inc.,39BFF6,2021-05-09,0.0,0.0,0.0,0.0,0.0,0.0,-1.0,-1.0,1.0,1.0
Texas Instruments Inc.,39BFF6,2021-05-10,0.0,0.0,0.0,0.0,0.0,0.0,-1.0,-1.0,1.0,1.0
Texas Instruments Inc.,39BFF6,2021-05-11,0.0,0.0,0.0,0.0,0.0,0.0,0.0,-1.0,0.0,1.0
Texas Instruments Inc.,39BFF6,2021-05-12,0.0,0.0,0.0,0.0,0.0,0.0,0.0,-1.0,0.0,1.0
Texas Instruments Inc.,39BFF6,2021-05-13,0.0,0.0,0.0,0.0,0.0,0.0,0.0,-1.0,0.0,1.0
Texas Instruments Inc.,39BFF6,2021-05-14,0.0,0.0,0.0,0.0,0.0,0.0,0.0,-1.0,0.0,1.0
Texas Instruments Inc.,39BFF6,2021-05-15,0.0,0.0,0.0,0.0,0.0,0.0,0.0,-1.0,0.0,1.0
Texas Instruments Inc.,39BFF6,2021-05-16,0.0,0.0,0.0,0.0,0.0,0.0,0.0,-1.0,0.0,1.0
Texas Instruments Inc.,39BFF6,2021-05-17,0.0,0.0,0.0,0.0,0.0,0.0,0.0,-1.0,0.0,1.0
Texas Instruments Inc.,39BFF6,2021-05-18,0.0,0.0,0.0,0.0,0.0,0.0,0.0,-1.0,0.0,1.0
Texas Instruments Inc.,39BFF6,2021-05-19,0.0,0.0,0.0,0.0,0.0,0.0,0.0,-1.0,0.0,1.0
Texas Instruments Inc.,39BFF6,2021-05-20,0.0,0.0,0.0,0.0,0.0,0.0,0.0,-1.0,0.0,1.0
Texas Instruments Inc.,39BFF6,2021-05-21,0.0,0.0,0.0,0.0,0.0,0.0,0.0,-1.0,0.0,1.0
Texas Instruments Inc.,39BFF6,2021-05-22,0.0,0.0,0.0,0.0,0.0,0.0,0.0,-1.0,0.0,1.0
Texas Instruments Inc.,39BFF6,2021-05-23,0.0,0.0,0.0,0.0,0.0,0.0,0.0,-1.0,0.0,1.0
Texas Instruments Inc.,39BFF6,2021-05-24,0.0,0.0,0.0,0.0,0.0,0.0,0.0,-1.0,0.0,1.0
Texas Instruments Inc.,39BFF6,2021-05-25,0.0,0.0,0.0,0.0,0.0,0.0,0.0,-1.0,0.0,1.0
Texas Instruments Inc.,39BFF6,2021-05-26,0.0,0.0,0.0,0.0,0.0,0.0,0.0,-1.0,0.0,1.0
Texas Instruments Inc.,39BFF6,2021-05-27,0.0,0.0,0.0,0.0,0.0,0.0,0.0,-1.0,0.0,1.0
Texas Instruments Inc.,39BFF6,2021-05-28,0.0,0.0,0.0,0.0,0.0,0.0,0.0,-1.0,0.0,1.0
Texas Instruments Inc.,39BFF6,2021-05-29,0.0,0.0,0.0,0.0,0.0,0.0,0.0,-1.0,0.0,1.0
Texas Instruments Inc.,39BFF6,2021-05-30,0.0,0.0,0.0,0.0,0.0,0.0,0.0,-1.0,0.0,1.0
Texas Instruments Inc.,39BFF6,2021-05-31,0.0,0.0,0.0,0.0,0.0,0.0,0.0,-1.0,0.0,1.0
Texas Instruments Inc.,39BFF6,2021-06-01,0.0,0.0,0.0,0.0,0.0,0.0,0.0,-1.0,0.0,1.0
Texas Instruments Inc.,39BFF6,2021-06-02,0.0,0.0,0.0,0.0,0.0,0.0,0.0,-1.0,0.0,1.0
Texas Instruments Inc.,39BFF6,2021-06-07,-1.0,0.0,1.0,0.0,0.0,1.0,-1.0,-1.0,1.0,1.0
Texas Instruments Inc.,39BFF6,2021-06-08,0.0,0.0,0.0,0.0,0.0,0.0,-1.0,-1.0,1.0,1.0
Texas Instruments Inc.,39BFF6,2021-06-09,0.0,0.0,0.0,0.0,0.0,0.0,-1.0,-1.0,1.0,1.0
Texas Instruments Inc.,39BFF6,2021-06-10,0.0,0.0,0.0,0.0,0.0,0.0,-1.0,-1.0,1.0,1.0
Texas Instruments Inc.,39BFF6,2021-06-11,0.0,0.0,0.0,0.0,0.0,0.0,-1.0,-1.0,1.0,1.0
Texas Instruments Inc.,39BFF6,2021-06-12,0.0,0.0,0.0,0.0,0.0,0.0,-1.0,-1.0,1.0,1.0
Texas Instruments Inc.,39BFF6,2021-06-13,0.0,0.0,0.0,0.0,0.0,0.0,-1.0,-1.0,1.0,1.0
Texas Instruments Inc.,39BFF6,2021-06-14,0.0,0.0,0.0,0.0,0.0,0.0,0.0,-1.0,0.0,1.0
Texas Instruments Inc.,39BFF6,2021-06-15,0.0,0.0,0.0,0.0,0.0,0.0,0.0,-1.0,0.0,1.0
Texas Instruments Inc.,39BFF6,2021-06-16,0.0,0.0,0.0,0.0,0.0,0.0,0.0,-1.0,0.0,1.0
Texas Instruments Inc.,39BFF6,2021-06-17,0.0,0.0,0.0,0.0,0.0,0.0,0.0,-1.0,0.0,1.0
Texas Instruments Inc.,39BFF6,2021-06-18,0.0,0.0,0.0,0.0,0.0,0.0,0.0,-1.0,0.0,1.0
Texas Instruments Inc.,39BFF6,2021-06-19,0.0,0.0,0.0,0.0,0.0,0.0,0.0,-1.0,0.0,1.0
Texas Instruments Inc.,39BFF6,2021-06-20,0.0,0.0,0.0,0.0,0.0,0.0,0.0,-1.0,0.0,1.0
Texas Instruments Inc.,39BFF6,2021-06-21,0.0,0.0,0.0,0.0,0.0,0.0,0.0,-1.0,0.0,1.0
Texas Instruments Inc.,39BFF6,2021-06-22,0.0,0.0,0.0,0.0,0.0,0.0,0.0,-1.0,0.0,1.0
Texas Instruments Inc.,39BFF6,2021-06-23,0.0,0.0,0.0,0.0,0.0,0.0,0.0,-1.0,0.0,1.0
Texas Instruments Inc.,39BFF6,2021-06-24,0.0,0.0,0.0,0.0,0.0,0.0,0.0,-1.0,0.0,1.0
Texas Instruments Inc.,39BFF6,2021-06-25,0.0,0.0,0.0,0.0,0.0,0.0,0.0,-1.0,0.0,1.0
Texas Instruments Inc.,39BFF6,2021-06-26,0.0,0.0,0.0,0.0,0.0,0.0,0.0,-1.0,0.0,1.0
Texas Instruments Inc.,39BFF6,2021-06-27,0.0,0.0,0.0,0.0,0.0,0.0,0.0,-1.0,0.0,1.0
Texas Instruments Inc.,39BFF6,2021-06-28,-1.0,0.0,4.0,0.0,0.0,4.0,-1.0,-2.0,4.0,5.0
The Pittsburgh Paints Co.,39FB23,2021-01-22,-1.0,0.0,1.0,0.0,0.0,1.0,-1.0,-1.0,1.0,1.0
The Walt Disney Co.,6CGTFN,2021-02-12,-1.0,0.0,1.0,0.0,0.0,1.0,-1.0,-1.0,1.0,1.0
Thomson Reuters Corp.,061856,2021-02-03,-1.0,0.0,2.0,0.0,0.0,2.0,-1.0,-1.0,2.0,2.0
Thomson Reuters Corp.,061856,2021-02-04,-1.0,0.0,2.0,0.0,0.0,2.0,-2.0,-2.0,4.0,4.0
Thomson Reuters Corp.,061856,2021-02-05,0.0,0.0,0.0,0.0,0.0,0.0,-2.0,-2.0,4.0,4.0
Thomson Reuters Corp.,061856,2021-02-06,0.0,0.0,0.0,0.0,0.0,0.0,-2.0,-2.0,4.0,4.0
Thomson Reuters Corp.,061856,2021-02-07,0.0,0.0,0.0,0.0,0.0,0.0,-2.0,-2.0,4.0,4.0
Thomson Reuters Corp.,061856,2021-02-08,0.0,0.0,0.0,0.0,0.0,0.0,-2.0,-2.0,4.0,4.0
Thomson Reuters Corp.,061856,2021-02-09,0.0,0.0,0.0,0.0,0.0,0.0,-2.0,-2.0,4.0,4.0
Thomson Reuters Corp.,061856,2021-02-10,0.0,0.0,0.0,0.0,0.0,0.0,-1.0,-2.0,2.0,4.0
Thomson Reuters Corp.,061856,2021-02-11,0.0,0.0,0.0,0.0,0.0,0.0,0.0,-2.0,0.0,4.0
Thomson Reuters Corp.,061856,2021-02-12,0.0,0.0,0.0,0.0,0.0,0.0,0.0,-2.0,0.0,4.0
Thomson Reuters Corp.,061856,2021-02-13,0.0,0.0,0.0,0.0,0.0,0.0,0.0,-2.0,0.0,4.0
Thomson Reuters Corp.,061856,2021-02-14,0.0,0.0,0.0,0.0,0.0,0.0,0.0,-2.0,0.0,4.0
Thomson Reuters Corp.,061856,2021-02-15,0.0,0.0,0.0,0.0,0.0,0.0,0.0,-2.0,0.0,4.0
Thomson Reuters Corp.,061856,2021-02-16,0.0,0.0,0.0,0.0,0.0,0.0,0.0,-2.0,0.0,4.0
Thomson Reuters Corp.,061856,2021-02-17,0.0,0.0,0.0,0.0,0.0,0.0,0.0,-2.0,0.0,4.0
Thomson Reuters Corp.,061856,2021-02-18,0.0,0.0,0.0,0.0,0.0,0.0,0.0,-2.0,0.0,4.0
Thomson Reuters Corp.,061856,2021-02-19,0.0,0.0,0.0,0.0,0.0,0.0,0.0,-2.0,0.0,4.0
Thomson Reuters Corp.,061856,2021-02-20,0.0,0.0,0.0,0.0,0.0,0.0,0.0,-2.0,0.0,4.0
Thomson Reuters Corp.,061856,2021-02-21,0.0,0.0,0.0,0.0,0.0,0.0,0.0,-2.0,0.0,4.0
Thomson Reuters Corp.,061856,2021-02-22,0.0,0.0,0.0,0.0,0.0,0.0,0.0,-2.0,0.0,4.0
Thomson Reuters Corp.,061856,2021-02-23,0.0,0.0,0.0,0.0,0.0,0.0,0.0,-2.0,0.0,4.0
Thomson Reuters Corp.,061856,2021-02-24,0.0,0.0,0.0,0.0,0.0,0.0,0.0,-2.0,0.0,4.0
Thomson Reuters Corp.,061856,2021-02-25,0.0,0.0,0.0,0.0,0.0,0.0,0.0,-2.0,0.0,4.0
Thomson Reuters Corp.,061856,2021-02-26,0.0,0.0,0.0,0.0,0.0,0.0,0.0,-2.0,0.0,4.0
Thomson Reuters Corp.,061856,2021-02-27,0.0,0.0,0.0,0.0,0.0,0.0,0.0,-2.0,0.0,4.0
Thomson Reuters Corp.,061856,2021-02-28,0.0,0.0,0.0,0.0,0.0,0.0,0.0,-2.0,0.0,4.0
Thomson Reuters Corp.,061856,2021-03-01,0.0,0.0,0.0,0.0,0.0,0.0,0.0,-2.0,0.0,4.0
Thomson Reuters Corp.,061856,2021-03-02,0.0,0.0,0.0,0.0,0.0,0.0,0.0,-2.0,0.0,4.0
Thomson Reuters Corp.,061856,2021-03-03,0.0,0.0,0.0,0.0,0.0,0.0,0.0,-2.0,0.0,4.0
Thomson Reuters Corp.,061856,2021-03-04,0.0,0.0,0.0,0.0,0.0,0.0,0.0,-2.0,0.0,4.0
Thomson Reuters Corp.,061856,2021-03-05,0.0,0.0,0.0,0.0,0.0,0.0,0.0,-1.0,0.0,2.0
Thomson Reuters Corp.,061856,2021-03-22,-1.0,0.0,1.0,0.0,0.0,1.0,-1.0,-1.0,1.0,1.0
Thomson Reuters Corp.,061856,2021-03-23,0.0,0.0,0.0,0.0,0.0,0.0,-1.0,-1.0,1.0,1.0
Thomson Reuters Corp.,061856,2021-03-24,0.0,0.0,0.0,0.0,0.0,0.0,-1.0,-1.0,1.0,1.0
Thomson Reuters Corp.,061856,2021-03-25,0.0,0.0,0.0,0.0,0.0,0.0,-1.0,-1.0,1.0,1.0
Thomson Reuters Corp.,061856,2021-03-26,0.0,0.0,0.0,0.0,0.0,0.0,-1.0,-1.0,1.0,1.0
Thomson Reuters Corp.,061856,2021-03-27,0.0,0.0,0.0,0.0,0.0,0.0,-1.0,-1.0,1.0,1.0
Thomson Reuters Corp.,061856,2021-03-28,0.0,0.0,0.0,0.0,0.0,0.0,-1.0,-1.0,1.0,1.0
Thomson Reuters Corp.,061856,2021-03-29,0.0,0.0,0.0,0.0,0.0,0.0,0.0,-1.0,0.0,1.0
Thomson Reuters Corp.,061856,2021-03-30,-1.0,0.0,1.0,0.0,0.0,1.0,-1.0,-2.0,1.0,2.0
Thomson Reuters Corp.,061856,2021-03-31,-1.0,0.0,1.0,0.0,0.0,1.0,-2.0,-3.0,2.0,3.0
Thomson Reuters Corp.,061856,2021-04-01,0.0,0.0,0.0,0.0,0.0,0.0,-2.0,-3.0,2.0,3.0
Thomson Reuters Corp.,061856,2021-04-02,0.0,0.0,0.0,0.0,0.0,0.0,-2.0,-3.0,2.0,3.0
Thomson Reuters Corp.,061856,2021-04-03,0.0,0.0,0.0,0.0,0.0,0.0,-2.0,-3.0,2.0,3.0
Thomson Reuters Corp.,061856,2021-04-04,0.0,0.0,0.0,0.0,0.0,0.0,-2.0,-3.0,2.0,3.0
Thomson Reuters Corp.,061856,2021-04-05,0.0,0.0,0.0,0.0,0.0,0.0,-2.0,-3.0,2.0,3.0
Thomson Reuters Corp.,061856,2021-04-06,0.0,0.0,0.0,0.0,0.0,0.0,-1.0,-3.0,1.0,3.0
Thomson Reuters Corp.,061856,2021-04-07,0.0,0.0,0.0,0.0,0.0,0.0,0.0,-3.0,0.0,3.0
Thomson Reuters Corp.,061856,2021-04-08,0.0,0.0,0.0,0.0,0.0,0.0,0.0,-3.0,0.0,3.0
Thomson Reuters Corp.,061856,2021-04-09,0.0,0.0,0.0,0.0,0.0,0.0,0.0,-3.0,0.0,3.0
Thomson Reuters Corp.,061856,2021-04-10,0.0,0.0,0.0,0.0,0.0,0.0,0.0,-3.0,0.0,3.0
Thomson Reuters Corp.,061856,2021-04-11,0.0,0.0,0.0,0.0,0.0,0.0,0.0,-3.0,0.0,3.0
Thomson Reuters Corp.,061856,2021-04-12,0.0,0.0,0.0,0.0,0.0,0.0,0.0,-3.0,0.0,3.0
Thomson Reuters Corp.,061856,2021-04-13,-1.0,0.0,1.0,0.0,0.0,1.0,-1.0,-4.0,1.0,4.0
Thomson Reuters Corp.,061856,2021-04-14,0.0,0.0,0.0,0.0,0.0,0.0,-1.0,-4.0,1.0,4.0
Thomson Reuters Corp.,061856,2021-04-15,0.0,0.0,0.0,0.0,0.0,0.0,-1.0,-4.0,1.0,4.0
Thomson Reuters Corp.,061856,2021-04-16,0.0,0.0,0.0,0.0,0.0,0.0,-1.0,-4.0,1.0,4.0
Thomson Reuters Corp.,061856,2021-04-17,0.0,0.0,0.0,0.0,0.0,0.0,-1.0,-4.0,1.0,4.0
Thomson Reuters Corp.,061856,2021-04-18,0.0,0.0,0.0,0.0,0.0,0.0,-1.0,-4.0,1.0,4.0
Thomson Reuters Corp.,061856,2021-04-19,0.0,0.0,0.0,0.0,0.0,0.0,-1.0,-4.0,1.0,4.0
Thomson Reuters Corp.,061856,2021-04-20,0.0,0.0,0.0,0.0,0.0,0.0,0.0,-4.0,0.0,4.0
Thomson Reuters Corp.,061856,2021-04-21,-1.0,0.0,1.0,0.0,0.0,1.0,-1.0,-4.0,1.0,4.0
Thomson Reuters Corp.,061856,2021-04-22,0.0,0.0,0.0,0.0,0.0,0.0,-1.0,-4.0,1.0,4.0
Thomson Reuters Corp.,061856,2021-04-23,0.0,0.0,0.0,0.0,0.0,0.0,-1.0,-4.0,1.0,4.0
Thomson Reuters Corp.,061856,2021-04-24,0.0,0.0,0.0,0.0,0.0,0.0,-1.0,-4.0,1.0,4.0
Thomson Reuters Corp.,061856,2021-04-25,0.0,0.0,0.0,0.0,0.0,0.0,-1.0,-4.0,1.0,4.0
Thomson Reuters Corp.,061856,2021-04-26,0.0,0.0,0.0,0.0,0.0,0.0,-1.0,-4.0,1.0,4.0
Thomson Reuters Corp.,061856,2021-04-27,0.0,0.0,0.0,0.0,0.0,0.0,-1.0,-4.0,1.0,4.0
Thomson Reuters Corp.,061856,2021-04-28,0.0,0.0,0.0,0.0,0.0,0.0,0.0,-4.0,0.0,4.0
Thomson Reuters Corp.,061856,2021-04-29,0.0,0.0,0.0,0.0,0.0,0.0,0.0,-3.0,0.0,3.0
Thomson Reuters Corp.,061856,2021-04-30,0.0,0.0,0.0,0.0,0.0,0.0,0.0,-2.0,0.0,2.0
Thomson Reuters Corp.,061856,2021-05-01,0.0,0.0,0.0,0.0,0.0,0.0,0.0,-2.0,0.0,2.0
Thomson Reuters Corp.,061856,2021-05-02,0.0,0.0,0.0,0.0,0.0,0.0,0.0,-2.0,0.0,2.0
Thomson Reuters Corp.,061856,2021-05-03,0.0,0.0,0.0,0.0,0.0,0.0,0.0,-2.0,0.0,2.0
Thomson Reuters Corp.,061856,2021-05-04,0.0,0.0,0.0,0.0,0.0,0.0,0.0,-2.0,0.0,2.0
Thomson Reuters Corp.,061856,2021-05-05,0.0,0.0,0.0,0.0,0.0,0.0,0.0,-2.0,0.0,2.0
Thomson Reuters Corp.,061856,2021-05-06,0.0,0.0,0.0,0.0,0.0,0.0,0.0,-2.0,0.0,2.0
Thomson Reuters Corp.,061856,2021-05-07,0.0,0.0,0.0,0.0,0.0,0.0,0.0,-2.0,0.0,2.0
Thomson Reuters Corp.,061856,2021-05-08,0.0,0.0,0.0,0.0,0.0,0.0,0.0,-2.0,0.0,2.0
Thomson Reuters Corp.,061856,2021-05-09,0.0,0.0,0.0,0.0,0.0,0.0,0.0,-2.0,0.0,2.0
Thomson Reuters Corp.,061856,2021-05-10,0.0,0.0,0.0,0.0,0.0,0.0,0.0,-2.0,0.0,2.0
Thomson Reuters Corp.,061856,2021-05-11,-1.0,0.0,1.0,0.0,0.0,1.0,-1.0,-3.0,1.0,3.0
Thomson Reuters Corp.,061856,2021-05-12,0.0,0.0,0.0,0.0,0.0,0.0,-1.0,-3.0,1.0,3.0
Thomson Reuters Corp.,061856,2021-05-13,0.0,0.0,0.0,0.0,0.0,0.0,-1.0,-2.0,1.0,2.0
Thomson Reuters Corp.,061856,2021-05-14,-1.0,0.0,1.0,0.0,0.0,1.0,-2.0,-3.0,2.0,3.0
Thomson Reuters Corp.,061856,2021-05-15,0.0,0.0,0.0,0.0,0.0,0.0,-2.0,-3.0,2.0,3.0
Thomson Reuters Corp.,061856,2021-05-16,0.0,0.0,0.0,0.0,0.0,0.0,-2.0,-3.0,2.0,3.0
Thomson Reuters Corp.,061856,2021-05-17,0.0,0.0,0.0,0.0,0.0,0.0,-2.0,-3.0,2.0,3.0
Thomson Reuters Corp.,061856,2021-05-18,0.0,0.0,0.0,0.0,0.0,0.0,-1.0,-3.0,1.0,3.0
Thomson Reuters Corp.,061856,2021-05-19,0.0,0.0,0.0,0.0,0.0,0.0,-1.0,-3.0,1.0,3.0
Thomson Reuters Corp.,061856,2021-05-20,0.0,0.0,0.0,0.0,0.0,0.0,-1.0,-3.0,1.0,3.0
Thomson Reuters Corp.,061856,2021-05-21,0.0,0.0,0.0,0.0,0.0,0.0,0.0,-2.0,0.0,2.0
Thomson Reuters Corp.,061856,2021-05-22,0.0,0.0,0.0,0.0,0.0,0.0,0.0,-2.0,0.0,2.0
Thomson Reuters Corp.,061856,2021-05-23,0.0,0.0,0.0,0.0,0.0,0.0,0.0,-2.0,0.0,2.0
Thomson Reuters Corp.,061856,2021-05-24,0.0,0.0,0.0,0.0,0.0,0.0,0.0,-2.0,0.0,2.0
Thomson Reuters Corp.,061856,2021-05-25,0.0,0.0,0.0,0.0,0.0,0.0,0.0,-2.0,0.0,2.0
Thomson Reuters Corp.,061856,2021-05-26,0.0,0.0,0.0,0.0,0.0,0.0,0.0,-2.0,0.0,2.0
Thomson Reuters Corp.,061856,2021-05-27,0.0,0.0,0.0,0.0,0.0,0.0,0.0,-2.0,0.0,2.0
Thomson Reuters Corp.,061856,2021-05-28,0.0,0.0,0.0,0.0,0.0,0.0,0.0,-2.0,0.0,2.0
Thomson Reuters Corp.,061856,2021-05-29,0.0,0.0,0.0,0.0,0.0,0.0,0.0,-2.0,0.0,2.0
Thomson Reuters Corp.,061856,2021-05-30,0.0,0.0,0.0,0.0,0.0,0.0,0.0,-2.0,0.0,2.0
Thomson Reuters Corp.,061856,2021-05-31,-1.0,0.0,1.0,0.0,0.0,1.0,-1.0,-3.0,1.0,3.0
Thomson Reuters Corp.,061856,2021-06-01,0.0,0.0,0.0,0.0,0.0,0.0,-1.0,-3.0,1.0,3.0
Thomson Reuters Corp.,061856,2021-06-02,0.0,0.0,0.0,0.0,0.0,0.0,-1.0,-3.0,1.0,3.0
Thomson Reuters Corp.,061856,2021-06-03,0.0,0.0,0.0,0.0,0.0,0.0,-1.0,-3.0,1.0,3.0
Thomson Reuters Corp.,061856,2021-06-04,0.0,0.0,0.0,0.0,0.0,0.0,-1.0,-3.0,1.0,3.0
Thomson Reuters Corp.,061856,2021-06-05,0.0,0.0,0.0,0.0,0.0,0.0,-1.0,-3.0,1.0,3.0
Thomson Reuters Corp.,061856,2021-06-06,0.0,0.0,0.0,0.0,0.0,0.0,-1.0,-3.0,1.0,3.0
Thomson Reuters Corp.,061856,2021-06-07,0.0,0.0,0.0,0.0,0.0,0.0,0.0,-3.0,0.0,3.0
Thomson Reuters Corp.,061856,2021-06-08,0.0,0.0,0.0,0.0,0.0,0.0,0.0,-3.0,0.0,3.0
Thomson Reuters Corp.,061856,2021-06-09,0.0,0.0,0.0,0.0,0.0,0.0,0.0,-3.0,0.0,3.0
Thomson Reuters Corp.,061856,2021-06-10,0.0,0.0,0.0,0.0,0.0,0.0,0.0,-2.0,0.0,2.0
Thomson Reuters Corp.,061856,2021-06-11,0.0,0.0,0.0,0.0,0.0,0.0,0.0,-2.0,0.0,2.0
Thomson Reuters Corp.,061856,2021-06-12,0.0,0.0,0.0,0.0,0.0,0.0,0.0,-2.0,0.0,2.0
Thomson Reuters Corp.,061856,2021-06-13,0.0,0.0,0.0,0.0,0.0,0.0,0.0,-1.0,0.0,1.0
Thomson Reuters Corp.,061856,2021-06-14,0.0,0.0,0.0,0.0,0.0,0.0,0.0,-1.0,0.0,1.0
Thomson Reuters Corp.,061856,2021-06-15,0.0,0.0,0.0,0.0,0.0,0.0,0.0,-1.0,0.0,1.0
Thomson Reuters Corp.,061856,2021-06-16,-1.0,0.0,1.0,0.0,0.0,1.0,-1.0,-2.0,1.0,2.0
Tile Shop Holdings Inc.,D5941D,2021-03-11,-1.0,0.0,1.0,0.0,0.0,1.0,-1.0,-1.0,1.0,1.0
Tower Semiconductor Ltd.,7A716C,2021-03-03,-1.0,0.0,1.0,0.0,0.0,1.0,-1.0,-1.0,1.0,1.0
Toyota Motor Corp.,CEC128,2021-01-11,-1.0,0.0,3.0,0.0,0.0,3.0,-1.0,-1.0,3.0,3.0
Toyota Motor Corp.,CEC128,2021-01-12,0.0,0.0,0.0,0.0,0.0,0.0,-1.0,-1.0,3.0,3.0
Toyota Motor Corp.,CEC128,2021-01-13,0.0,0.0,0.0,0.0,0.0,0.0,-1.0,-1.0,3.0,3.0
Toyota Motor Corp.,CEC128,2021-01-14,0.0,0.0,0.0,0.0,0.0,0.0,-1.0,-1.0,3.0,3.0
Toyota Motor Corp.,CEC128,2021-01-15,0.0,0.0,0.0,0.0,0.0,0.0,-1.0,-1.0,3.0,3.0
Toyota Motor Corp.,CEC128,2021-01-16,0.0,0.0,0.0,0.0,0.0,0.0,-1.0,-1.0,3.0,3.0
Toyota Motor Corp.,CEC128,2021-01-17,0.0,0.0,0.0,0.0,0.0,0.0,-1.0,-1.0,3.0,3.0
Toyota Motor Corp.,CEC128,2021-01-18,0.0,0.0,0.0,0.0,0.0,0.0,0.0,-1.0,0.0,3.0
Toyota Motor Corp.,CEC128,2021-01-19,0.0,0.0,0.0,0.0,0.0,0.0,0.0,-1.0,0.0,3.0
Toyota Motor Corp.,CEC128,2021-01-20,0.0,0.0,0.0,0.0,0.0,0.0,0.0,-1.0,0.0,3.0
Toyota Motor Corp.,CEC128,2021-01-21,0.0,0.0,0.0,0.0,0.0,0.0,0.0,-1.0,0.0,3.0
Toyota Motor Corp.,CEC128,2021-01-22,0.0,0.0,0.0,0.0,0.0,0.0,0.0,-1.0,0.0,3.0
Toyota Motor Corp.,CEC128,2021-01-23,0.0,0.0,0.0,0.0,0.0,0.0,0.0,-1.0,0.0,3.0
Toyota Motor Corp.,CEC128,2021-01-24,0.0,0.0,0.0,0.0,0.0,0.0,0.0,-1.0,0.0,3.0
Toyota Motor Corp.,CEC128,2021-01-25,0.0,0.0,0.0,0.0,0.0,0.0,0.0,-1.0,0.0,3.0
Toyota Motor Corp.,CEC128,2021-01-26,0.0,0.0,0.0,0.0,0.0,0.0,0.0,-1.0,0.0,3.0
Toyota Motor Corp.,CEC128,2021-01-27,0.0,0.0,0.0,0.0,0.0,0.0,0.0,-1.0,0.0,3.0
Toyota Motor Corp.,CEC128,2021-01-28,0.0,0.0,0.0,0.0,0.0,0.0,0.0,-1.0,0.0,3.0
Toyota Motor Corp.,CEC128,2021-01-29,0.0,0.0,0.0,0.0,0.0,0.0,0.0,-1.0,0.0,3.0
Toyota Motor Corp.,CEC128,2021-01-30,0.0,0.0,0.0,0.0,0.0,0.0,0.0,-1.0,0.0,3.0
Toyota Motor Corp.,CEC128,2021-01-31,0.0,0.0,0.0,0.0,0.0,0.0,0.0,-1.0,0.0,3.0
Toyota Motor Corp.,CEC128,2021-02-01,0.0,0.0,0.0,0.0,0.0,0.0,0.0,-1.0,0.0,3.0
Toyota Motor Corp.,CEC128,2021-02-02,0.0,0.0,0.0,0.0,0.0,0.0,0.0,-1.0,0.0,3.0
Toyota Motor Corp.,CEC128,2021-02-03,-1.0,0.0,2.0,0.0,0.0,2.0,-1.0,-2.0,2.0,5.0
Toyota Motor Corp.,CEC128,2021-02-04,-1.0,0.0,2.0,0.0,0.0,2.0,-2.0,-3.0,4.0,7.0
Toyota Motor Corp.,CEC128,2021-02-05,0.0,0.0,0.0,0.0,0.0,0.0,-2.0,-3.0,4.0,7.0
Toyota Motor Corp.,CEC128,2021-02-06,0.0,0.0,0.0,0.0,0.0,0.0,-2.0,-3.0,4.0,7.0
Toyota Motor Corp.,CEC128,2021-02-07,0.0,0.0,0.0,0.0,0.0,0.0,-2.0,-3.0,4.0,7.0
Toyota Motor Corp.,CEC128,2021-02-08,0.0,0.0,0.0,0.0,0.0,0.0,-2.0,-3.0,4.0,7.0
Toyota Motor Corp.,CEC128,2021-02-09,0.0,0.0,0.0,0.0,0.0,0.0,-2.0,-3.0,4.0,7.0
Toyota Motor Corp.,CEC128,2021-02-10,0.0,1.0,1.0,0.0,0.0,2.0,-1.0,-2.0,4.0,6.0
Toyota Motor Corp.,CEC128,2021-02-11,0.0,0.0,0.0,0.0,0.0,0.0,0.0,-2.0,2.0,6.0
Toyota Motor Corp.,CEC128,2021-02-12,0.0,0.0,0.0,0.0,0.0,0.0,0.0,-2.0,2.0,6.0
Toyota Motor Corp.,CEC128,2021-02-13,0.0,0.0,0.0,0.0,0.0,0.0,0.0,-2.0,2.0,6.0
Toyota Motor Corp.,CEC128,2021-02-14,0.0,0.0,0.0,0.0,0.0,0.0,0.0,-2.0,2.0,6.0
Toyota Motor Corp.,CEC128,2021-02-15,0.0,0.0,0.0,0.0,0.0,0.0,0.0,-2.0,2.0,6.0
Toyota Motor Corp.,CEC128,2021-02-16,0.0,0.0,0.0,0.0,0.0,0.0,0.0,-2.0,2.0,6.0
Toyota Motor Corp.,CEC128,2021-02-17,0.0,0.0,0.0,0.0,0.0,0.0,0.0,-2.0,0.0,6.0
Toyota Motor Corp.,CEC128,2021-02-18,0.0,0.0,0.0,0.0,0.0,0.0,0.0,-2.0,0.0,6.0
Toyota Motor Corp.,CEC128,2021-02-19,0.0,0.0,0.0,0.0,0.0,0.0,0.0,-2.0,0.0,6.0
Toyota Motor Corp.,CEC128,2021-02-20,0.0,0.0,0.0,0.0,0.0,0.0,0.0,-2.0,0.0,6.0
Toyota Motor Corp.,CEC128,2021-02-21,0.0,0.0,0.0,0.0,0.0,0.0,0.0,-2.0,0.0,6.0
Toyota Motor Corp.,CEC128,2021-02-22,0.0,0.0,0.0,0.0,0.0,0.0,0.0,-2.0,0.0,6.0
Toyota Motor Corp.,CEC128,2021-02-23,0.0,0.0,0.0,0.0,0.0,0.0,0.0,-2.0,0.0,6.0
Toyota Motor Corp.,CEC128,2021-02-24,0.0,0.0,0.0,0.0,0.0,0.0,0.0,-2.0,0.0,6.0
Toyota Motor Corp.,CEC128,2021-02-25,0.0,0.0,0.0,0.0,0.0,0.0,0.0,-2.0,0.0,6.0
Toyota Motor Corp.,CEC128,2021-02-26,0.0,0.0,0.0,0.0,0.0,0.0,0.0,-2.0,0.0,6.0
Toyota Motor Corp.,CEC128,2021-02-27,0.0,0.0,0.0,0.0,0.0,0.0,0.0,-2.0,0.0,6.0
Toyota Motor Corp.,CEC128,2021-02-28,0.0,0.0,0.0,0.0,0.0,0.0,0.0,-2.0,0.0,6.0
Toyota Motor Corp.,CEC128,2021-03-01,0.0,0.0,0.0,0.0,0.0,0.0,0.0,-2.0,0.0,6.0
Toyota Motor Corp.,CEC128,2021-03-02,0.0,0.0,0.0,0.0,0.0,0.0,0.0,-2.0,0.0,6.0
Toyota Motor Corp.,CEC128,2021-03-03,0.0,0.0,0.0,0.0,0.0,0.0,0.0,-2.0,0.0,6.0
Toyota Motor Corp.,CEC128,2021-03-04,0.0,0.0,0.0,0.0,0.0,0.0,0.0,-2.0,0.0,6.0
Toyota Motor Corp.,CEC128,2021-03-05,0.0,0.0,0.0,0.0,0.0,0.0,0.0,-1.0,0.0,4.0
Toyota Motor Corp.,CEC128,2021-03-06,0.0,0.0,0.0,0.0,0.0,0.0,0.0,0.0,0.0,2.0
Toyota Motor Corp.,CEC128,2021-03-07,0.0,0.0,0.0,0.0,0.0,0.0,0.0,0.0,0.0,2.0
Toyota Motor Corp.,CEC128,2021-03-08,0.0,0.0,0.0,0.0,0.0,0.0,0.0,0.0,0.0,2.0
Toyota Motor Corp.,CEC128,2021-03-09,0.0,0.0,0.0,0.0,0.0,0.0,0.0,0.0,0.0,2.0
Toyota Motor Corp.,CEC128,2021-03-10,0.0,0.0,0.0,0.0,0.0,0.0,0.0,0.0,0.0,2.0
Toyota Motor Corp.,CEC128,2021-03-11,0.0,0.0,0.0,0.0,0.0,0.0,0.0,0.0,0.0,2.0
Toyota Motor Corp.,CEC128,2021-03-24,-1.0,0.0,1.0,0.0,0.0,1.0,-1.0,-1.0,1.0,1.0
Toyota Motor Corp.,CEC128,2021-03-25,0.0,0.0,0.0,0.0,0.0,0.0,-1.0,-1.0,1.0,1.0
Toyota Motor Corp.,CEC128,2021-03-26,0.0,0.0,0.0,0.0,0.0,0.0,-1.0,-1.0,1.0,1.0
Toyota Motor Corp.,CEC128,2021-03-27,-1.0,0.0,1.0,0.0,0.0,1.0,-2.0,-2.0,2.0,2.0
Toyota Motor Corp.,CEC128,2021-03-28,0.0,0.0,0.0,0.0,0.0,0.0,-2.0,-2.0,2.0,2.0
Toyota Motor Corp.,CEC128,2021-03-29,0.0,0.0,0.0,0.0,0.0,0.0,-2.0,-2.0,2.0,2.0
Toyota Motor Corp.,CEC128,2021-03-30,1.0,1.0,0.0,0.0,0.0,1.0,-1.0,-1.0,3.0,3.0
Toyota Motor Corp.,CEC128,2021-03-31,-1.0,0.0,1.0,0.0,0.0,1.0,-1.0,-2.0,3.0,4.0
Toyota Motor Corp.,CEC128,2021-04-01,0.0,0.0,0.0,0.0,0.0,0.0,-1.0,-2.0,3.0,4.0
Toyota Motor Corp.,CEC128,2021-04-02,0.0,0.0,0.0,0.0,0.0,0.0,-1.0,-2.0,3.0,4.0
Toyota Motor Corp.,CEC128,2021-04-03,0.0,0.0,0.0,0.0,0.0,0.0,0.0,-2.0,2.0,4.0
Toyota Motor Corp.,CEC128,2021-04-04,0.0,0.0,0.0,0.0,0.0,0.0,0.0,-2.0,2.0,4.0
Toyota Motor Corp.,CEC128,2021-04-05,0.0,0.0,0.0,0.0,0.0,0.0,0.0,-2.0,2.0,4.0
Toyota Motor Corp.,CEC128,2021-04-06,0.0,0.0,0.0,0.0,0.0,0.0,-1.0,-2.0,1.0,4.0
Toyota Motor Corp.,CEC128,2021-04-07,0.0,0.0,0.0,0.0,0.0,0.0,0.0,-2.0,0.0,4.0
Toyota Motor Corp.,CEC128,2021-04-08,0.0,0.0,0.0,0.0,0.0,0.0,0.0,-2.0,0.0,4.0
Toyota Motor Corp.,CEC128,2021-04-09,0.0,0.0,0.0,0.0,0.0,0.0,0.0,-2.0,0.0,4.0
Toyota Motor Corp.,CEC128,2021-04-10,0.0,0.0,0.0,0.0,0.0,0.0,0.0,-2.0,0.0,4.0
Toyota Motor Corp.,CEC128,2021-04-11,0.0,0.0,0.0,0.0,0.0,0.0,0.0,-2.0,0.0,4.0
Toyota Motor Corp.,CEC128,2021-04-12,0.0,0.0,0.0,0.0,0.0,0.0,0.0,-2.0,0.0,4.0
Toyota Motor Corp.,CEC128,2021-04-13,0.0,0.0,0.0,0.0,0.0,0.0,0.0,-2.0,0.0,4.0
Toyota Motor Corp.,CEC128,2021-04-14,0.0,0.0,0.0,0.0,0.0,0.0,0.0,-2.0,0.0,4.0
Toyota Motor Corp.,CEC128,2021-04-15,0.0,0.0,0.0,0.0,0.0,0.0,0.0,-2.0,0.0,4.0
Toyota Motor Corp.,CEC128,2021-04-16,0.0,0.0,0.0,0.0,0.0,0.0,0.0,-2.0,0.0,4.0
Toyota Motor Corp.,CEC128,2021-04-17,0.0,0.0,0.0,0.0,0.0,0.0,0.0,-2.0,0.0,4.0
Toyota Motor Corp.,CEC128,2021-04-18,0.0,0.0,0.0,0.0,0.0,0.0,0.0,-2.0,0.0,4.0
Toyota Motor Corp.,CEC128,2021-04-19,0.0,0.0,0.0,0.0,0.0,0.0,0.0,-2.0,0.0,4.0
Toyota Motor Corp.,CEC128,2021-04-20,0.0,0.0,0.0,0.0,0.0,0.0,0.0,-2.0,0.0,4.0
Toyota Motor Corp.,CEC128,2021-04-21,0.0,0.0,0.0,0.0,0.0,0.0,0.0,-2.0,0.0,4.0
Toyota Motor Corp.,CEC128,2021-04-22,-1.0,0.0,1.0,0.0,0.0,1.0,-1.0,-3.0,1.0,5.0
Toyota Motor Corp.,CEC128,2021-04-23,0.0,0.0,0.0,0.0,0.0,0.0,-1.0,-2.0,1.0,4.0
Toyota Motor Corp.,CEC128,2021-04-24,0.0,0.0,0.0,0.0,0.0,0.0,-1.0,-2.0,1.0,4.0
Toyota Motor Corp.,CEC128,2021-04-25,0.0,0.0,0.0,0.0,0.0,0.0,-1.0,-2.0,1.0,4.0
Toyota Motor Corp.,CEC128,2021-04-26,0.0,0.0,0.0,0.0,0.0,0.0,-1.0,-1.0,1.0,3.0
Toyota Motor Corp.,CEC128,2021-04-27,0.0,0.0,0.0,0.0,0.0,0.0,-1.0,-1.0,1.0,3.0
Toyota Motor Corp.,CEC128,2021-04-28,0.0,0.0,0.0,0.0,0.0,0.0,-1.0,-1.0,1.0,3.0
Toyota Motor Corp.,CEC128,2021-04-29,0.0,0.0,0.0,0.0,0.0,0.0,0.0,-2.0,0.0,2.0
Toyota Motor Corp.,CEC128,2021-04-30,0.0,0.0,0.0,0.0,0.0,0.0,0.0,-1.0,0.0,1.0
Toyota Motor Corp.,CEC128,2021-05-01,0.0,0.0,0.0,0.0,0.0,0.0,0.0,-1.0,0.0,1.0
Toyota Motor Corp.,CEC128,2021-05-02,0.0,0.0,0.0,0.0,0.0,0.0,0.0,-1.0,0.0,1.0
Toyota Motor Corp.,CEC128,2021-05-03,0.0,0.0,0.0,0.0,0.0,0.0,0.0,-1.0,0.0,1.0
Toyota Motor Corp.,CEC128,2021-05-04,0.0,0.0,0.0,0.0,0.0,0.0,0.0,-1.0,0.0,1.0
Toyota Motor Corp.,CEC128,2021-05-05,0.0,0.0,0.0,0.0,0.0,0.0,0.0,-1.0,0.0,1.0
Toyota Motor Corp.,CEC128,2021-05-06,0.0,0.0,0.0,0.0,0.0,0.0,0.0,-1.0,0.0,1.0
Toyota Motor Corp.,CEC128,2021-05-07,0.0,0.0,0.0,0.0,0.0,0.0,0.0,-1.0,0.0,1.0
Toyota Motor Corp.,CEC128,2021-05-08,0.0,0.0,0.0,0.0,0.0,0.0,0.0,-1.0,0.0,1.0
Toyota Motor Corp.,CEC128,2021-05-09,0.0,0.0,0.0,0.0,0.0,0.0,0.0,-1.0,0.0,1.0
Toyota Motor Corp.,CEC128,2021-05-10,0.0,0.0,0.0,0.0,0.0,0.0,0.0,-1.0,0.0,1.0
Toyota Motor Corp.,CEC128,2021-05-11,0.0,0.0,0.0,0.0,0.0,0.0,0.0,-1.0,0.0,1.0
Toyota Motor Corp.,CEC128,2021-05-12,0.0,0.0,0.0,0.0,0.0,0.0,0.0,-1.0,0.0,1.0
Toyota Motor Corp.,CEC128,2021-05-13,0.0,0.0,0.0,0.0,0.0,0.0,0.0,-1.0,0.0,1.0
Toyota Motor Corp.,CEC128,2021-05-14,0.0,0.0,0.0,0.0,0.0,0.0,0.0,-1.0,0.0,1.0
Toyota Motor Corp.,CEC128,2021-05-15,0.0,0.0,0.0,0.0,0.0,0.0,0.0,-1.0,0.0,1.0
Toyota Motor Corp.,CEC128,2021-05-16,0.0,0.0,0.0,0.0,0.0,0.0,0.0,-1.0,0.0,1.0
Toyota Motor Corp.,CEC128,2021-05-17,0.0,0.0,0.0,0.0,0.0,0.0,0.0,-1.0,0.0,1.0
Toyota Motor Corp.,CEC128,2021-05-18,0.0,0.0,0.0,0.0,0.0,0.0,0.0,-1.0,0.0,1.0
Toyota Motor Corp.,CEC128,2021-05-19,0.0,0.0,0.0,0.0,0.0,0.0,0.0,-1.0,0.0,1.0
Toyota Motor Corp.,CEC128,2021-05-20,0.0,0.0,0.0,0.0,0.0,0.0,0.0,-1.0,0.0,1.0
Toyota Motor Corp.,CEC128,2021-05-21,0.0,0.0,0.0,0.0,0.0,0.0,0.0,-1.0,0.0,1.0
Toyota Motor Corp.,CEC128,2021-06-01,-1.0,0.0,1.0,0.0,0.0,1.0,-1.0,-1.0,1.0,1.0
Toyota Motor Corp.,CEC128,2021-06-02,0.0,0.0,0.0,0.0,0.0,0.0,-1.0,-1.0,1.0,1.0
Toyota Motor Corp.,CEC128,2021-06-03,0.0,0.0,0.0,0.0,0.0,0.0,-1.0,-1.0,1.0,1.0
Toyota Motor Corp.,CEC128,2021-06-04,0.0,0.0,0.0,0.0,0.0,0.0,-1.0,-1.0,1.0,1.0
Toyota Motor Corp.,CEC128,2021-06-05,0.0,0.0,0.0,0.0,0.0,0.0,-1.0,-1.0,1.0,1.0
Toyota Motor Corp.,CEC128,2021-06-06,0.0,0.0,0.0,0.0,0.0,0.0,-1.0,-1.0,1.0,1.0
Toyota Motor Corp.,CEC128,2021-06-07,0.0,0.0,0.0,0.0,0.0,0.0,-1.0,-1.0,1.0,1.0
Toyota Motor Corp.,CEC128,2021-06-08,0.0,0.0,0.0,0.0,0.0,0.0,0.0,-1.0,0.0,1.0
Toyota Motor Corp.,CEC128,2021-06-09,0.0,0.0,0.0,0.0,0.0,0.0,0.0,-1.0,0.0,1.0
Toyota Motor Corp.,CEC128,2021-06-10,-1.0,0.0,1.0,0.0,0.0,1.0,-1.0,-2.0,1.0,2.0
Toyota Motor Corp.,CEC128,2021-06-11,0.0,0.0,0.0,0.0,0.0,0.0,-1.0,-2.0,1.0,2.0
Toyota Motor Corp.,CEC128,2021-06-12,0.0,0.0,0.0,0.0,0.0,0.0,-1.0,-2.0,1.0,2.0
Toyota Motor Corp.,CEC128,2021-06-13,0.0,0.0,0.0,0.0,0.0,0.0,-1.0,-2.0,1.0,2.0
Toyota Motor Corp.,CEC128,2021-06-14,0.0,0.0,0.0,0.0,0.0,0.0,-1.0,-2.0,1.0,2.0
Toyota Motor Corp.,CEC128,2021-06-15,0.0,0.0,0.0,0.0,0.0,0.0,-1.0,-2.0,1.0,2.0
Toyota Motor Corp.,CEC128,2021-06-16,0.0,0.0,0.0,0.0,0.0,0.0,-1.0,-2.0,1.0,2.0
Toyota Motor Corp.,CEC128,2021-06-17,1.0,1.0,0.0,0.0,0.0,1.0,1.0,-1.0,1.0,3.0
Toyota Motor Corp.,CEC128,2021-06-18,0.0,0.0,0.0,0.0,0.0,0.0,1.0,-1.0,1.0,3.0
Toyota Motor Corp.,CEC128,2021-06-19,0.0,0.0,0.0,0.0,0.0,0.0,1.0,-1.0,1.0,3.0
Toyota Motor Corp.,CEC128,2021-06-20,0.0,0.0,0.0,0.0,0.0,0.0,1.0,-1.0,1.0,3.0
Toyota Motor Corp.,CEC128,2021-06-21,0.0,0.0,0.0,0.0,0.0,0.0,1.0,-1.0,1.0,3.0
Toyota Motor Corp.,CEC128,2021-06-22,-1.0,0.0,1.0,0.0,0.0,1.0,0.0,-2.0,2.0,4.0
Tractor Supply Co.,FC1F9D,2021-06-02,-1.0,0.0,1.0,0.0,0.0,1.0,-1.0,-1.0,1.0,1.0
Ubiquiti Inc.,883D82,2021-05-07,-1.0,0.0,1.0,0.0,0.0,1.0,-1.0,-1.0,1.0,1.0
United Microelectronics Corp.,512F7B,2021-01-14,-1.0,0.0,1.0,0.0,0.0,1.0,-1.0,-1.0,1.0,1.0
United Microelectronics Corp.,512F7B,2021-01-15,0.0,0.0,0.0,0.0,0.0,0.0,-1.0,-1.0,1.0,1.0
United Microelectronics Corp.,512F7B,2021-01-16,0.0,0.0,0.0,0.0,0.0,0.0,-1.0,-1.0,1.0,1.0
United Microelectronics Corp.,512F7B,2021-01-17,0.0,0.0,0.0,0.0,0.0,0.0,-1.0,-1.0,1.0,1.0
United Microelectronics Corp.,512F7B,2021-01-18,0.0,0.0,0.0,0.0,0.0,0.0,-1.0,-1.0,1.0,1.0
United Microelectronics Corp.,512F7B,2021-01-19,0.0,0.0,0.0,0.0,0.0,0.0,-1.0,-1.0,1.0,1.0
United Microelectronics Corp.,512F7B,2021-01-20,0.0,0.0,0.0,0.0,0.0,0.0,-1.0,-1.0,1.0,1.0
United Microelectronics Corp.,512F7B,2021-01-21,0.0,0.0,0.0,0.0,0.0,0.0,0.0,-1.0,0.0,1.0
United Microelectronics Corp.,512F7B,2021-01-22,0.0,0.0,0.0,0.0,0.0,0.0,0.0,-1.0,0.0,1.0
United Microelectronics Corp.,512F7B,2021-01-23,0.0,0.0,0.0,0.0,0.0,0.0,0.0,-1.0,0.0,1.0
United Microelectronics Corp.,512F7B,2021-01-24,0.0,0.0,0.0,0.0,0.0,0.0,0.0,-1.0,0.0,1.0
United Microelectronics Corp.,512F7B,2021-01-25,0.0,0.0,0.0,0.0,0.0,0.0,0.0,-1.0,0.0,1.0
United Microelectronics Corp.,512F7B,2021-01-26,0.0,0.0,0.0,0.0,0.0,0.0,0.0,-1.0,0.0,1.0
United Microelectronics Corp.,512F7B,2021-01-27,0.0,0.0,0.0,0.0,0.0,0.0,0.0,-1.0,0.0,1.0
United Microelectronics Corp.,512F7B,2021-01-28,0.0,0.0,0.0,0.0,0.0,0.0,0.0,-1.0,0.0,1.0
United Microelectronics Corp.,512F7B,2021-01-29,0.0,0.0,0.0,0.0,0.0,0.0,0.0,-1.0,0.0,1.0
United Microelectronics Corp.,512F7B,2021-01-30,0.0,0.0,0.0,0.0,0.0,0.0,0.0,-1.0,0.0,1.0
United Microelectronics Corp.,512F7B,2021-01-31,0.0,0.0,0.0,0.0,0.0,0.0,0.0,-1.0,0.0,1.0
United Microelectronics Corp.,512F7B,2021-02-01,0.0,0.0,0.0,0.0,0.0,0.0,0.0,-1.0,0.0,1.0
United Microelectronics Corp.,512F7B,2021-02-02,0.0,0.0,0.0,0.0,0.0,0.0,0.0,-1.0,0.0,1.0
United Microelectronics Corp.,512F7B,2021-02-03,0.0,0.0,0.0,0.0,0.0,0.0,0.0,-1.0,0.0,1.0
United Microelectronics Corp.,512F7B,2021-02-04,0.0,0.0,0.0,0.0,0.0,0.0,0.0,-1.0,0.0,1.0
United Microelectronics Corp.,512F7B,2021-02-05,0.0,0.0,0.0,0.0,0.0,0.0,0.0,-1.0,0.0,1.0
United Microelectronics Corp.,512F7B,2021-02-06,0.0,0.0,0.0,0.0,0.0,0.0,0.0,-1.0,0.0,1.0
United Microelectronics Corp.,512F7B,2021-02-07,0.0,0.0,0.0,0.0,0.0,0.0,0.0,-1.0,0.0,1.0
United Microelectronics Corp.,512F7B,2021-02-08,0.0,0.0,0.0,0.0,0.0,0.0,0.0,-1.0,0.0,1.0
United Microelectronics Corp.,512F7B,2021-02-09,0.0,0.0,0.0,0.0,0.0,0.0,0.0,-1.0,0.0,1.0
United Microelectronics Corp.,512F7B,2021-02-10,0.0,0.0,0.0,0.0,0.0,0.0,0.0,-1.0,0.0,1.0
United Microelectronics Corp.,512F7B,2021-02-11,-1.0,0.0,1.0,0.0,0.0,1.0,-1.0,-2.0,1.0,2.0
United Microelectronics Corp.,512F7B,2021-02-12,0.0,0.0,0.0,0.0,0.0,0.0,-1.0,-2.0,1.0,2.0
United Microelectronics Corp.,512F7B,2021-02-13,0.0,0.0,0.0,0.0,0.0,0.0,-1.0,-1.0,1.0,1.0
United Microelectronics Corp.,512F7B,2021-02-14,0.0,0.0,0.0,0.0,0.0,0.0,-1.0,-1.0,1.0,1.0
United Microelectronics Corp.,512F7B,2021-02-15,0.0,0.0,0.0,0.0,0.0,0.0,-1.0,-1.0,1.0,1.0
United Microelectronics Corp.,512F7B,2021-02-16,0.0,0.0,0.0,0.0,0.0,0.0,-1.0,-1.0,1.0,1.0
United Microelectronics Corp.,512F7B,2021-02-17,0.0,0.0,0.0,0.0,0.0,0.0,-1.0,-1.0,1.0,1.0
United Microelectronics Corp.,512F7B,2021-02-18,0.0,0.0,0.0,0.0,0.0,0.0,0.0,-1.0,0.0,1.0
United Microelectronics Corp.,512F7B,2021-02-19,0.0,0.0,0.0,0.0,0.0,0.0,0.0,-1.0,0.0,1.0
United Microelectronics Corp.,512F7B,2021-02-20,0.0,0.0,0.0,0.0,0.0,0.0,0.0,-1.0,0.0,1.0
United Microelectronics Corp.,512F7B,2021-02-21,0.0,0.0,0.0,0.0,0.0,0.0,0.0,-1.0,0.0,1.0
United Microelectronics Corp.,512F7B,2021-02-22,0.0,0.0,0.0,0.0,0.0,0.0,0.0,-1.0,0.0,1.0
United Microelectronics Corp.,512F7B,2021-02-23,0.0,0.0,0.0,0.0,0.0,0.0,0.0,-1.0,0.0,1.0
United Microelectronics Corp.,512F7B,2021-02-24,0.0,0.0,0.0,0.0,0.0,0.0,0.0,-1.0,0.0,1.0
United Microelectronics Corp.,512F7B,2021-02-25,0.0,0.0,0.0,0.0,0.0,0.0,0.0,-1.0,0.0,1.0
United Microelectronics Corp.,512F7B,2021-02-26,0.0,0.0,0.0,0.0,0.0,0.0,0.0,-1.0,0.0,1.0
United Microelectronics Corp.,512F7B,2021-02-27,0.0,0.0,0.0,0.0,0.0,0.0,0.0,-1.0,0.0,1.0
United Microelectronics Corp.,512F7B,2021-02-28,0.0,0.0,0.0,0.0,0.0,0.0,0.0,-1.0,0.0,1.0
United Microelectronics Corp.,512F7B,2021-03-01,0.0,0.0,0.0,0.0,0.0,0.0,0.0,-1.0,0.0,1.0
United Microelectronics Corp.,512F7B,2021-03-02,0.0,0.0,0.0,0.0,0.0,0.0,0.0,-1.0,0.0,1.0
United Microelectronics Corp.,512F7B,2021-03-03,0.0,0.0,0.0,0.0,0.0,0.0,0.0,-1.0,0.0,1.0
United Microelectronics Corp.,512F7B,2021-03-04,0.0,0.0,0.0,0.0,0.0,0.0,0.0,-1.0,0.0,1.0
United Microelectronics Corp.,512F7B,2021-03-05,0.0,0.0,0.0,0.0,0.0,0.0,0.0,-1.0,0.0,1.0
United Microelectronics Corp.,512F7B,2021-03-06,0.0,0.0,0.0,0.0,0.0,0.0,0.0,-1.0,0.0,1.0
United Microelectronics Corp.,512F7B,2021-03-07,0.0,0.0,0.0,0.0,0.0,0.0,0.0,-1.0,0.0,1.0
United Microelectronics Corp.,512F7B,2021-03-08,0.0,0.0,0.0,0.0,0.0,0.0,0.0,-1.0,0.0,1.0
United Microelectronics Corp.,512F7B,2021-03-09,0.0,0.0,0.0,0.0,0.0,0.0,0.0,-1.0,0.0,1.0
United Microelectronics Corp.,512F7B,2021-03-10,0.0,0.0,0.0,0.0,0.0,0.0,0.0,-1.0,0.0,1.0
United Microelectronics Corp.,512F7B,2021-03-11,0.0,0.0,0.0,0.0,0.0,0.0,0.0,-1.0,0.0,1.0
United Microelectronics Corp.,512F7B,2021-03-12,0.0,0.0,0.0,0.0,0.0,0.0,0.0,-1.0,0.0,1.0
United Microelectronics Corp.,512F7B,2021-04-28,-1.0,0.0,1.0,0.0,0.0,1.0,-1.0,-1.0,1.0,1.0
United Microelectronics Corp.,512F7B,2021-04-29,0.0,0.0,0.0,0.0,0.0,0.0,-1.0,-1.0,1.0,1.0
United Microelectronics Corp.,512F7B,2021-04-30,0.0,0.0,0.0,0.0,0.0,0.0,-1.0,-1.0,1.0,1.0
United Microelectronics Corp.,512F7B,2021-05-01,0.0,0.0,0.0,0.0,0.0,0.0,-1.0,-1.0,1.0,1.0
United Microelectronics Corp.,512F7B,2021-05-02,0.0,0.0,0.0,0.0,0.0,0.0,-1.0,-1.0,1.0,1.0
United Microelectronics Corp.,512F7B,2021-05-03,0.0,0.0,0.0,0.0,0.0,0.0,-1.0,-1.0,1.0,1.0
United Microelectronics Corp.,512F7B,2021-05-04,0.0,0.0,0.0,0.0,0.0,0.0,-1.0,-1.0,1.0,1.0
United Microelectronics Corp.,512F7B,2021-05-05,0.0,0.0,0.0,0.0,0.0,0.0,0.0,-1.0,0.0,1.0
United Microelectronics Corp.,512F7B,2021-05-06,0.0,0.0,0.0,0.0,0.0,0.0,0.0,-1.0,0.0,1.0
United Microelectronics Corp.,512F7B,2021-05-07,0.0,0.0,0.0,0.0,0.0,0.0,0.0,-1.0,0.0,1.0
United Microelectronics Corp.,512F7B,2021-05-08,0.0,0.0,0.0,0.0,0.0,0.0,0.0,-1.0,0.0,1.0
United Microelectronics Corp.,512F7B,2021-05-09,0.0,0.0,0.0,0.0,0.0,0.0,0.0,-1.0,0.0,1.0
United Microelectronics Corp.,512F7B,2021-05-10,0.0,0.0,0.0,0.0,0.0,0.0,0.0,-1.0,0.0,1.0
United Microelectronics Corp.,512F7B,2021-05-11,0.0,0.0,0.0,0.0,0.0,0.0,0.0,-1.0,0.0,1.0
United Microelectronics Corp.,512F7B,2021-05-12,0.0,0.0,0.0,0.0,0.0,0.0,0.0,-1.0,0.0,1.0
United Microelectronics Corp.,512F7B,2021-05-13,0.0,0.0,0.0,0.0,0.0,0.0,0.0,-1.0,0.0,1.0
United Microelectronics Corp.,512F7B,2021-05-14,0.0,0.0,0.0,0.0,0.0,0.0,0.0,-1.0,0.0,1.0
United Microelectronics Corp.,512F7B,2021-05-15,0.0,0.0,0.0,0.0,0.0,0.0,0.0,-1.0,0.0,1.0
United Microelectronics Corp.,512F7B,2021-05-16,0.0,0.0,0.0,0.0,0.0,0.0,0.0,-1.0,0.0,1.0
United Microelectronics Corp.,512F7B,2021-05-17,0.0,0.0,0.0,0.0,0.0,0.0,0.0,-1.0,0.0,1.0
United Microelectronics Corp.,512F7B,2021-05-18,0.0,0.0,0.0,0.0,0.0,0.0,0.0,-1.0,0.0,1.0
United Microelectronics Corp.,512F7B,2021-05-19,0.0,0.0,0.0,0.0,0.0,0.0,0.0,-1.0,0.0,1.0
United Microelectronics Corp.,512F7B,2021-05-20,0.0,0.0,0.0,0.0,0.0,0.0,0.0,-1.0,0.0,1.0
United Microelectronics Corp.,512F7B,2021-05-21,0.0,0.0,0.0,0.0,0.0,0.0,0.0,-1.0,0.0,1.0
United Microelectronics Corp.,512F7B,2021-05-22,0.0,0.0,0.0,0.0,0.0,0.0,0.0,-1.0,0.0,1.0
United Microelectronics Corp.,512F7B,2021-05-23,0.0,0.0,0.0,0.0,0.0,0.0,0.0,-1.0,0.0,1.0
United Microelectronics Corp.,512F7B,2021-05-24,0.0,0.0,0.0,0.0,0.0,0.0,0.0,-1.0,0.0,1.0
United Microelectronics Corp.,512F7B,2021-05-25,0.0,0.0,0.0,0.0,0.0,0.0,0.0,-1.0,0.0,1.0
United Microelectronics Corp.,512F7B,2021-05-26,0.0,0.0,0.0,0.0,0.0,0.0,0.0,-1.0,0.0,1.0
United Microelectronics Corp.,512F7B,2021-05-27,0.0,0.0,0.0,0.0,0.0,0.0,0.0,-1.0,0.0,1.0
United Microelectronics Corp.,512F7B,2021-06-24,0.0,1.0,1.0,0.0,0.0,2.0,0.0,0.0,2.0,2.0
United Microelectronics Corp.,512F7B,2021-06-25,0.0,0.0,0.0,0.0,0.0,0.0,0.0,0.0,2.0,2.0
United Microelectronics Corp.,512F7B,2021-06-26,0.0,0.0,0.0,0.0,0.0,0.0,0.0,0.0,2.0,2.0
United Microelectronics Corp.,512F7B,2021-06-27,0.0,0.0,0.0,0.0,0.0,0.0,0.0,0.0,2.0,2.0
United Microelectronics Corp.,512F7B,2021-06-28,-1.0,0.0,2.0,0.0,0.0,2.0,-1.0,-1.0,4.0,4.0
Universal Electronics Inc.,AB4A7E,2021-05-06,-1.0,0.0,1.0,0.0,0.0,1.0,-1.0,-1.0,1.0,1.0
Verizon Communications Inc.,8A8E41,2021-05-31,-1.0,0.0,1.0,0.0,0.0,1.0,-1.0,-1.0,1.0,1.0
Viant Technology Inc.,1C3C23,2021-06-09,-1.0,0.0,1.0,0.0,0.0,1.0,-1.0,-1.0,1.0,1.0
Viatris Inc.,508CFD,2021-03-01,-1.0,0.0,1.0,0.0,0.0,1.0,-1.0,-1.0,1.0,1.0
VinFast Auto Ltd.,O2F1YP,2021-05-20,-1.0,0.0,1.0,0.0,0.0,1.0,-1.0,-1.0,1.0,1.0
Vistance Networks Inc.,ED9C04,2021-05-06,-1.0,0.0,1.0,0.0,0.0,1.0,-1.0,-1.0,1.0,1.0
Vistance Networks Inc.,ED9C04,2021-05-07,0.0,0.0,0.0,0.0,0.0,0.0,-1.0,-1.0,1.0,1.0
Vistance Networks Inc.,ED9C04,2021-05-08,0.0,0.0,0.0,0.0,0.0,0.0,-1.0,-1.0,1.0,1.0
Vistance Networks Inc.,ED9C04,2021-05-09,0.0,0.0,0.0,0.0,0.0,0.0,-1.0,-1.0,1.0,1.0
Vistance Networks Inc.,ED9C04,2021-05-10,0.0,0.0,0.0,0.0,0.0,0.0,-1.0,-1.0,1.0,1.0
Vistance Networks Inc.,ED9C04,2021-05-11,0.0,0.0,0.0,0.0,0.0,0.0,-1.0,-1.0,1.0,1.0
Vistance Networks Inc.,ED9C04,2021-05-12,0.0,0.0,0.0,0.0,0.0,0.0,-1.0,-1.0,1.0,1.0
Vistance Networks Inc.,ED9C04,2021-05-13,0.0,0.0,0.0,0.0,0.0,0.0,0.0,-1.0,0.0,1.0
Vistance Networks Inc.,ED9C04,2021-05-14,0.0,0.0,0.0,0.0,0.0,0.0,0.0,-1.0,0.0,1.0
Vistance Networks Inc.,ED9C04,2021-05-15,0.0,0.0,0.0,0.0,0.0,0.0,0.0,-1.0,0.0,1.0
Vistance Networks Inc.,ED9C04,2021-05-16,0.0,0.0,0.0,0.0,0.0,0.0,0.0,-1.0,0.0,1.0
Vistance Networks Inc.,ED9C04,2021-05-17,0.0,0.0,0.0,0.0,0.0,0.0,0.0,-1.0,0.0,1.0
Vistance Networks Inc.,ED9C04,2021-05-18,0.0,0.0,0.0,0.0,0.0,0.0,0.0,-1.0,0.0,1.0
Vistance Networks Inc.,ED9C04,2021-05-19,0.0,0.0,0.0,0.0,0.0,0.0,0.0,-1.0,0.0,1.0
Vistance Networks Inc.,ED9C04,2021-05-20,0.0,0.0,0.0,0.0,0.0,0.0,0.0,-1.0,0.0,1.0
Vistance Networks Inc.,ED9C04,2021-05-21,0.0,0.0,0.0,0.0,0.0,0.0,0.0,-1.0,0.0,1.0
Vistance Networks Inc.,ED9C04,2021-05-22,0.0,0.0,0.0,0.0,0.0,0.0,0.0,-1.0,0.0,1.0
Vistance Networks Inc.,ED9C04,2021-05-23,0.0,0.0,0.0,0.0,0.0,0.0,0.0,-1.0,0.0,1.0
Vistance Networks Inc.,ED9C04,2021-05-24,0.0,0.0,0.0,0.0,0.0,0.0,0.0,-1.0,0.0,1.0
Vistance Networks Inc.,ED9C04,2021-05-25,0.0,0.0,0.0,0.0,0.0,0.0,0.0,-1.0,0.0,1.0
Vistance Networks Inc.,ED9C04,2021-05-26,0.0,0.0,0.0,0.0,0.0,0.0,0.0,-1.0,0.0,1.0
Vistance Networks Inc.,ED9C04,2021-05-27,0.0,0.0,0.0,0.0,0.0,0.0,0.0,-1.0,0.0,1.0
Vistance Networks Inc.,ED9C04,2021-05-28,0.0,0.0,0.0,0.0,0.0,0.0,0.0,-1.0,0.0,1.0
Vistance Networks Inc.,ED9C04,2021-05-29,0.0,0.0,0.0,0.0,0.0,0.0,0.0,-1.0,0.0,1.0
Vistance Networks Inc.,ED9C04,2021-05-30,0.0,0.0,0.0,0.0,0.0,0.0,0.0,-1.0,0.0,1.0
Vistance Networks Inc.,ED9C04,2021-05-31,-1.0,0.0,1.0,0.0,0.0,1.0,-1.0,-2.0,1.0,2.0
Visteon Corp.,0F04E5,2021-02-18,-1.0,0.0,6.0,0.0,0.0,6.0,-1.0,-1.0,6.0,6.0
Visteon Corp.,0F04E5,2021-02-19,0.0,0.0,0.0,0.0,0.0,0.0,-1.0,-1.0,6.0,6.0
Visteon Corp.,0F04E5,2021-02-20,0.0,0.0,0.0,0.0,0.0,0.0,-1.0,-1.0,6.0,6.0
Visteon Corp.,0F04E5,2021-02-21,0.0,0.0,0.0,0.0,0.0,0.0,-1.0,-1.0,6.0,6.0
Visteon Corp.,0F04E5,2021-02-22,0.0,0.0,0.0,0.0,0.0,0.0,-1.0,-1.0,6.0,6.0
Visteon Corp.,0F04E5,2021-02-23,0.0,0.0,0.0,0.0,0.0,0.0,-1.0,-1.0,6.0,6.0
Visteon Corp.,0F04E5,2021-02-24,0.0,0.0,0.0,0.0,0.0,0.0,-1.0,-1.0,6.0,6.0
Visteon Corp.,0F04E5,2021-02-25,0.0,0.0,0.0,0.0,0.0,0.0,0.0,-1.0,0.0,6.0
Visteon Corp.,0F04E5,2021-02-26,0.0,0.0,0.0,0.0,0.0,0.0,0.0,-1.0,0.0,6.0
Visteon Corp.,0F04E5,2021-02-27,0.0,0.0,0.0,0.0,0.0,0.0,0.0,-1.0,0.0,6.0
Visteon Corp.,0F04E5,2021-02-28,0.0,0.0,0.0,0.0,0.0,0.0,0.0,-1.0,0.0,6.0
Visteon Corp.,0F04E5,2021-03-01,0.0,0.0,0.0,0.0,0.0,0.0,0.0,-1.0,0.0,6.0
Visteon Corp.,0F04E5,2021-03-02,0.0,0.0,0.0,0.0,0.0,0.0,0.0,-1.0,0.0,6.0
Visteon Corp.,0F04E5,2021-03-03,0.0,0.0,0.0,0.0,0.0,0.0,0.0,-1.0,0.0,6.0
Visteon Corp.,0F04E5,2021-03-04,0.0,0.0,0.0,0.0,0.0,0.0,0.0,-1.0,0.0,6.0
Visteon Corp.,0F04E5,2021-03-05,0.0,0.0,0.0,0.0,0.0,0.0,0.0,-1.0,0.0,6.0
Visteon Corp.,0F04E5,2021-03-06,0.0,0.0,0.0,0.0,0.0,0.0,0.0,-1.0,0.0,6.0
Visteon Corp.,0F04E5,2021-03-07,0.0,0.0,0.0,0.0,0.0,0.0,0.0,-1.0,0.0,6.0
Visteon Corp.,0F04E5,2021-03-08,0.0,0.0,0.0,0.0,0.0,0.0,0.0,-1.0,0.0,6.0
Visteon Corp.,0F04E5,2021-03-09,0.0,0.0,0.0,0.0,0.0,0.0,0.0,-1.0,0.0,6.0
Visteon Corp.,0F04E5,2021-03-10,0.0,0.0,0.0,0.0,0.0,0.0,0.0,-1.0,0.0,6.0
Visteon Corp.,0F04E5,2021-03-11,0.0,0.0,0.0,0.0,0.0,0.0,0.0,-1.0,0.0,6.0
Visteon Corp.,0F04E5,2021-03-12,0.0,0.0,0.0,0.0,0.0,0.0,0.0,-1.0,0.0,6.0
Visteon Corp.,0F04E5,2021-03-13,0.0,0.0,0.0,0.0,0.0,0.0,0.0,-1.0,0.0,6.0
Visteon Corp.,0F04E5,2021-03-14,0.0,0.0,0.0,0.0,0.0,0.0,0.0,-1.0,0.0,6.0
Visteon Corp.,0F04E5,2021-03-15,0.0,0.0,0.0,0.0,0.0,0.0,0.0,-1.0,0.0,6.0
Visteon Corp.,0F04E5,2021-03-16,0.0,0.0,0.0,0.0,0.0,0.0,0.0,-1.0,0.0,6.0
Visteon Corp.,0F04E5,2021-03-17,0.0,0.0,0.0,0.0,0.0,0.0,0.0,-1.0,0.0,6.0
Visteon Corp.,0F04E5,2021-03-18,0.0,0.0,0.0,0.0,0.0,0.0,0.0,-1.0,0.0,6.0
Visteon Corp.,0F04E5,2021-03-19,0.0,0.0,0.0,0.0,0.0,0.0,0.0,-1.0,0.0,6.0
Visteon Corp.,0F04E5,2021-04-29,-1.0,0.0,1.0,0.0,0.0,1.0,-1.0,-1.0,1.0,1.0
Wells Fargo & Co.,E8846E,2021-02-01,-1.0,0.0,1.0,0.0,0.0,1.0,-1.0,-1.0,1.0,1.0
Wells Fargo & Co.,E8846E,2021-02-02,0.0,0.0,0.0,0.0,0.0,0.0,-1.0,-1.0,1.0,1.0
Wells Fargo & Co.,E8846E,2021-02-03,0.0,0.0,0.0,0.0,0.0,0.0,-1.0,-1.0,1.0,1.0
Wells Fargo & Co.,E8846E,2021-02-04,0.0,0.0,0.0,0.0,0.0,0.0,-1.0,-1.0,1.0,1.0
Wells Fargo & Co.,E8846E,2021-02-05,0.0,0.0,0.0,0.0,0.0,0.0,-1.0,-1.0,1.0,1.0
Wells Fargo & Co.,E8846E,2021-02-06,0.0,0.0,0.0,0.0,0.0,0.0,-1.0,-1.0,1.0,1.0
Wells Fargo & Co.,E8846E,2021-02-07,0.0,0.0,0.0,0.0,0.0,0.0,-1.0,-1.0,1.0,1.0
Wells Fargo & Co.,E8846E,2021-02-08,0.0,0.0,0.0,0.0,0.0,0.0,0.0,-1.0,0.0,1.0
Wells Fargo & Co.,E8846E,2021-02-09,0.0,0.0,0.0,0.0,0.0,0.0,0.0,-1.0,0.0,1.0
Wells Fargo & Co.,E8846E,2021-02-10,0.0,0.0,0.0,0.0,0.0,0.0,0.0,-1.0,0.0,1.0
Wells Fargo & Co.,E8846E,2021-02-11,0.0,0.0,0.0,0.0,0.0,0.0,0.0,-1.0,0.0,1.0
Wells Fargo & Co.,E8846E,2021-02-12,0.0,0.0,0.0,0.0,0.0,0.0,0.0,-1.0,0.0,1.0
Wells Fargo & Co.,E8846E,2021-02-13,0.0,0.0,0.0,0.0,0.0,0.0,0.0,-1.0,0.0,1.0
Wells Fargo & Co.,E8846E,2021-02-14,0.0,0.0,0.0,0.0,0.0,0.0,0.0,-1.0,0.0,1.0
Wells Fargo & Co.,E8846E,2021-02-15,0.0,0.0,0.0,0.0,0.0,0.0,0.0,-1.0,0.0,1.0
Wells Fargo & Co.,E8846E,2021-02-16,0.0,0.0,0.0,0.0,0.0,0.0,0.0,-1.0,0.0,1.0
Wells Fargo & Co.,E8846E,2021-02-17,0.0,0.0,0.0,0.0,0.0,0.0,0.0,-1.0,0.0,1.0
Wells Fargo & Co.,E8846E,2021-02-18,0.0,0.0,0.0,0.0,0.0,0.0,0.0,-1.0,0.0,1.0
Wells Fargo & Co.,E8846E,2021-02-19,0.0,0.0,0.0,0.0,0.0,0.0,0.0,-1.0,0.0,1.0
Wells Fargo & Co.,E8846E,2021-02-20,0.0,0.0,0.0,0.0,0.0,0.0,0.0,-1.0,0.0,1.0
Wells Fargo & Co.,E8846E,2021-02-21,0.0,0.0,0.0,0.0,0.0,0.0,0.0,-1.0,0.0,1.0
Wells Fargo & Co.,E8846E,2021-02-22,0.0,0.0,0.0,0.0,0.0,0.0,0.0,-1.0,0.0,1.0
Wells Fargo & Co.,E8846E,2021-02-23,0.0,0.0,0.0,0.0,0.0,0.0,0.0,-1.0,0.0,1.0
Wells Fargo & Co.,E8846E,2021-02-24,0.0,0.0,0.0,0.0,0.0,0.0,0.0,-1.0,0.0,1.0
Wells Fargo & Co.,E8846E,2021-02-25,0.0,0.0,0.0,0.0,0.0,0.0,0.0,-1.0,0.0,1.0
Wells Fargo & Co.,E8846E,2021-02-26,0.0,0.0,0.0,0.0,0.0,0.0,0.0,-1.0,0.0,1.0
Wells Fargo & Co.,E8846E,2021-02-27,0.0,0.0,0.0,0.0,0.0,0.0,0.0,-1.0,0.0,1.0
Wells Fargo & Co.,E8846E,2021-02-28,0.0,0.0,0.0,0.0,0.0,0.0,0.0,-1.0,0.0,1.0
Wells Fargo & Co.,E8846E,2021-03-01,0.0,0.0,0.0,0.0,0.0,0.0,0.0,-1.0,0.0,1.0
Wells Fargo & Co.,E8846E,2021-03-02,0.0,0.0,0.0,0.0,0.0,0.0,0.0,-1.0,0.0,1.0
Wells Fargo & Co.,E8846E,2021-06-15,-1.0,0.0,1.0,0.0,0.0,1.0,-1.0,-1.0,1.0,1.0
Western Digital Corp.,CE96E7,2021-02-04,-1.0,0.0,1.0,0.0,0.0,1.0,-1.0,-1.0,1.0,1.0
Western Digital Corp.,CE96E7,2021-02-05,0.0,0.0,0.0,0.0,0.0,0.0,-1.0,-1.0,1.0,1.0
Western Digital Corp.,CE96E7,2021-02-06,0.0,0.0,0.0,0.0,0.0,0.0,-1.0,-1.0,1.0,1.0
Western Digital Corp.,CE96E7,2021-02-07,0.0,0.0,0.0,0.0,0.0,0.0,-1.0,-1.0,1.0,1.0
Western Digital Corp.,CE96E7,2021-02-08,0.0,0.0,0.0,0.0,0.0,0.0,-1.0,-1.0,1.0,1.0
Western Digital Corp.,CE96E7,2021-02-09,0.0,0.0,0.0,0.0,0.0,0.0,-1.0,-1.0,1.0,1.0
Western Digital Corp.,CE96E7,2021-02-10,0.0,0.0,0.0,0.0,0.0,0.0,-1.0,-1.0,1.0,1.0
Western Digital Corp.,CE96E7,2021-02-11,0.0,0.0,0.0,0.0,0.0,0.0,0.0,-1.0,0.0,1.0
Western Digital Corp.,CE96E7,2021-02-12,0.0,0.0,0.0,0.0,0.0,0.0,0.0,-1.0,0.0,1.0
Western Digital Corp.,CE96E7,2021-02-13,0.0,0.0,0.0,0.0,0.0,0.0,0.0,-1.0,0.0,1.0
Western Digital Corp.,CE96E7,2021-02-14,0.0,0.0,0.0,0.0,0.0,0.0,0.0,-1.0,0.0,1.0
Western Digital Corp.,CE96E7,2021-02-15,0.0,0.0,0.0,0.0,0.0,0.0,0.0,-1.0,0.0,1.0
Western Digital Corp.,CE96E7,2021-02-16,0.0,0.0,0.0,0.0,0.0,0.0,0.0,-1.0,0.0,1.0
Western Digital Corp.,CE96E7,2021-02-17,0.0,0.0,0.0,0.0,0.0,0.0,0.0,-1.0,0.0,1.0
Western Digital Corp.,CE96E7,2021-02-18,0.0,0.0,0.0,0.0,0.0,0.0,0.0,-1.0,0.0,1.0
Western Digital Corp.,CE96E7,2021-02-19,0.0,0.0,0.0,0.0,0.0,0.0,0.0,-1.0,0.0,1.0
Western Digital Corp.,CE96E7,2021-02-20,0.0,0.0,0.0,0.0,0.0,0.0,0.0,-1.0,0.0,1.0
Western Digital Corp.,CE96E7,2021-02-21,0.0,0.0,0.0,0.0,0.0,0.0,0.0,-1.0,0.0,1.0
Western Digital Corp.,CE96E7,2021-02-22,0.0,0.0,0.0,0.0,0.0,0.0,0.0,-1.0,0.0,1.0
Western Digital Corp.,CE96E7,2021-02-23,0.0,0.0,0.0,0.0,0.0,0.0,0.0,-1.0,0.0,1.0
Western Digital Corp.,CE96E7,2021-02-24,1.0,1.0,0.0,0.0,0.0,1.0,1.0,0.0,1.0,2.0
Western Digital Corp.,CE96E7,2021-02-25,0.0,0.0,0.0,0.0,0.0,0.0,1.0,0.0,1.0,2.0
Western Digital Corp.,CE96E7,2021-02-26,0.0,0.0,0.0,0.0,0.0,0.0,1.0,0.0,1.0,2.0
Western Digital Corp.,CE96E7,2021-02-27,0.0,0.0,0.0,0.0,0.0,0.0,1.0,0.0,1.0,2.0
Western Digital Corp.,CE96E7,2021-02-28,0.0,0.0,0.0,0.0,0.0,0.0,1.0,0.0,1.0,2.0
Western Digital Corp.,CE96E7,2021-03-01,0.0,0.0,0.0,0.0,0.0,0.0,1.0,0.0,1.0,2.0
Western Digital Corp.,CE96E7,2021-03-02,0.0,0.0,0.0,0.0,0.0,0.0,1.0,0.0,1.0,2.0
Western Digital Corp.,CE96E7,2021-03-03,0.0,0.0,0.0,0.0,0.0,0.0,0.0,0.0,0.0,2.0
Western Digital Corp.,CE96E7,2021-03-04,0.0,0.0,0.0,0.0,0.0,0.0,0.0,0.0,0.0,2.0
Western Digital Corp.,CE96E7,2021-03-05,0.0,0.0,0.0,0.0,0.0,0.0,0.0,0.0,0.0,2.0
Western Digital Corp.,CE96E7,2021-03-06,0.0,0.0,0.0,0.0,0.0,0.0,0.0,1.0,0.0,1.0
Western Digital Corp.,CE96E7,2021-03-07,0.0,0.0,0.0,0.0,0.0,0.0,0.0,1.0,0.0,1.0
Western Digital Corp.,CE96E7,2021-03-08,0.0,0.0,0.0,0.0,0.0,0.0,0.0,1.0,0.0,1.0
Western Digital Corp.,CE96E7,2021-03-09,0.0,0.0,0.0,0.0,0.0,0.0,0.0,1.0,0.0,1.0
Western Digital Corp.,CE96E7,2021-03-10,0.0,0.0,0.0,0.0,0.0,0.0,0.0,1.0,0.0,1.0
Western Digital Corp.,CE96E7,2021-03-11,0.0,0.0,0.0,0.0,0.0,0.0,0.0,1.0,0.0,1.0
Western Digital Corp.,CE96E7,2021-03-12,0.0,0.0,0.0,0.0,0.0,0.0,0.0,1.0,0.0,1.0
Western Digital Corp.,CE96E7,2021-03-13,0.0,0.0,0.0,0.0,0.0,0.0,0.0,1.0,0.0,1.0
Western Digital Corp.,CE96E7,2021-03-14,0.0,0.0,0.0,0.0,0.0,0.0,0.0,1.0,0.0,1.0
Western Digital Corp.,CE96E7,2021-03-15,0.0,0.0,0.0,0.0,0.0,0.0,0.0,1.0,0.0,1.0
Western Digital Corp.,CE96E7,2021-03-16,0.0,0.0,0.0,0.0,0.0,0.0,0.0,1.0,0.0,1.0
Western Digital Corp.,CE96E7,2021-03-17,0.0,0.0,0.0,0.0,0.0,0.0,0.0,1.0,0.0,1.0
Western Digital Corp.,CE96E7,2021-03-18,0.0,0.0,0.0,0.0,0.0,0.0,0.0,1.0,0.0,1.0
Western Digital Corp.,CE96E7,2021-03-19,0.0,0.0,0.0,0.0,0.0,0.0,0.0,1.0,0.0,1.0
Western Digital Corp.,CE96E7,2021-03-20,0.0,0.0,0.0,0.0,0.0,0.0,0.0,1.0,0.0,1.0
Western Digital Corp.,CE96E7,2021-03-21,0.0,0.0,0.0,0.0,0.0,0.0,0.0,1.0,0.0,1.0
Western Digital Corp.,CE96E7,2021-03-22,0.0,0.0,0.0,0.0,0.0,0.0,0.0,1.0,0.0,1.0
Western Digital Corp.,CE96E7,2021-03-23,0.0,0.0,0.0,0.0,0.0,0.0,0.0,1.0,0.0,1.0
Western Digital Corp.,CE96E7,2021-03-24,0.0,0.0,0.0,0.0,0.0,0.0,0.0,1.0,0.0,1.0
Western Digital Corp.,CE96E7,2021-03-25,0.0,0.0,0.0,0.0,0.0,0.0,0.0,1.0,0.0,1.0
Western Digital Corp.,CE96E7,2021-04-29,-1.0,0.0,1.0,0.0,0.0,1.0,-1.0,-1.0,1.0,1.0
Whirlpool Corp.,BDD12C,2021-03-30,-1.0,0.0,2.0,0.0,0.0,2.0,-1.0,-1.0,2.0,2.0
Wolfspeed Inc.,0555FF,2021-04-28,-1.0,0.0,1.0,0.0,0.0,1.0,-1.0,-1.0,1.0,1.0
Wolfspeed Inc.,0555FF,2021-04-29,0.0,0.0,0.0,0.0,0.0,0.0,-1.0,-1.0,1.0,1.0
Wolfspeed Inc.,0555FF,2021-04-30,0.0,0.0,0.0,0.0,0.0,0.0,-1.0,-1.0,1.0,1.0
Wolfspeed Inc.,0555FF,2021-05-01,0.0,0.0,0.0,0.0,0.0,0.0,-1.0,-1.0,1.0,1.0
Wolfspeed Inc.,0555FF,2021-05-02,0.0,0.0,0.0,0.0,0.0,0.0,-1.0,-1.0,1.0,1.0
Wolfspeed Inc.,0555FF,2021-05-03,0.0,0.0,0.0,0.0,0.0,0.0,-1.0,-1.0,1.0,1.0
Wolfspeed Inc.,0555FF,2021-05-04,0.0,0.0,0.0,0.0,0.0,0.0,-1.0,-1.0,1.0,1.0
Wolfspeed Inc.,0555FF,2021-05-05,0.0,0.0,0.0,0.0,0.0,0.0,0.0,-1.0,0.0,1.0
Wolfspeed Inc.,0555FF,2021-05-06,0.0,0.0,0.0,0.0,0.0,0.0,0.0,-1.0,0.0,1.0
Wolfspeed Inc.,0555FF,2021-05-07,0.0,0.0,0.0,0.0,0.0,0.0,0.0,-1.0,0.0,1.0
Wolfspeed Inc.,0555FF,2021-05-08,0.0,0.0,0.0,0.0,0.0,0.0,0.0,-1.0,0.0,1.0
Wolfspeed Inc.,0555FF,2021-05-09,0.0,0.0,0.0,0.0,0.0,0.0,0.0,-1.0,0.0,1.0
Wolfspeed Inc.,0555FF,2021-05-10,0.0,0.0,0.0,0.0,0.0,0.0,0.0,-1.0,0.0,1.0
Wolfspeed Inc.,0555FF,2021-05-11,0.0,0.0,0.0,0.0,0.0,0.0,0.0,-1.0,0.0,1.0
Wolfspeed Inc.,0555FF,2021-05-12,0.0,0.0,0.0,0.0,0.0,0.0,0.0,-1.0,0.0,1.0
Wolfspeed Inc.,0555FF,2021-05-13,0.0,0.0,0.0,0.0,0.0,0.0,0.0,-1.0,0.0,1.0
Wolfspeed Inc.,0555FF,2021-05-14,0.0,0.0,0.0,0.0,0.0,0.0,0.0,-1.0,0.0,1.0
Wolfspeed Inc.,0555FF,2021-05-15,0.0,0.0,0.0,0.0,0.0,0.0,0.0,-1.0,0.0,1.0
Wolfspeed Inc.,0555FF,2021-05-16,0.0,0.0,0.0,0.0,0.0,0.0,0.0,-1.0,0.0,1.0
Wolfspeed Inc.,0555FF,2021-05-17,0.0,0.0,0.0,0.0,0.0,0.0,0.0,-1.0,0.0,1.0
Wolfspeed Inc.,0555FF,2021-05-18,0.0,0.0,0.0,0.0,0.0,0.0,0.0,-1.0,0.0,1.0
Wolfspeed Inc.,0555FF,2021-05-19,0.0,0.0,0.0,0.0,0.0,0.0,0.0,-1.0,0.0,1.0
Wolfspeed Inc.,0555FF,2021-05-20,0.0,0.0,0.0,0.0,0.0,0.0,0.0,-1.0,0.0,1.0
Wolfspeed Inc.,0555FF,2021-05-21,0.0,0.0,0.0,0.0,0.0,0.0,0.0,-1.0,0.0,1.0
Wolfspeed Inc.,0555FF,2021-05-22,0.0,0.0,0.0,0.0,0.0,0.0,0.0,-1.0,0.0,1.0
Wolfspeed Inc.,0555FF,2021-05-23,0.0,0.0,0.0,0.0,0.0,0.0,0.0,-1.0,0.0,1.0
Wolfspeed Inc.,0555FF,2021-05-24,0.0,0.0,0.0,0.0,0.0,0.0,0.0,-1.0,0.0,1.0
Wolfspeed Inc.,0555FF,2021-05-25,0.0,0.0,0.0,0.0,0.0,0.0,0.0,-1.0,0.0,1.0
Wolfspeed Inc.,0555FF,2021-05-26,0.0,0.0,0.0,0.0,0.0,0.0,0.0,-1.0,0.0,1.0
Wolfspeed Inc.,0555FF,2021-05-27,0.0,0.0,0.0,0.0,0.0,0.0,0.0,-1.0,0.0,1.0
Wolfspeed Inc.,0555FF,2021-06-11,-1.0,0.0,1.0,0.0,0.0,1.0,-1.0,-1.0,1.0,1.0
Workhorse Group Inc.,18D9FA,2021-06-15,-1.0,0.0,1.0,0.0,0.0,1.0,-1.0,-1.0,1.0,1.0
XPeng Inc.,7CA5BD,2021-03-26,-1.0,0.0,1.0,0.0,0.0,1.0,-1.0,-1.0,1.0,1.0
XPeng Inc.,7CA5BD,2021-03-27,0.0,0.0,0.0,0.0,0.0,0.0,-1.0,-1.0,1.0,1.0
XPeng Inc.,7CA5BD,2021-03-28,0.0,0.0,0.0,0.0,0.0,0.0,-1.0,-1.0,1.0,1.0
XPeng Inc.,7CA5BD,2021-03-29,0.0,0.0,0.0,0.0,0.0,0.0,-1.0,-1.0,1.0,1.0
XPeng Inc.,7CA5BD,2021-03-30,0.0,0.0,0.0,0.0,0.0,0.0,-1.0,-1.0,1.0,1.0
XPeng Inc.,7CA5BD,2021-03-31,0.0,0.0,0.0,0.0,0.0,0.0,-1.0,-1.0,1.0,1.0
XPeng Inc.,7CA5BD,2021-04-01,0.0,0.0,0.0,0.0,0.0,0.0,-1.0,-1.0,1.0,1.0
XPeng Inc.,7CA5BD,2021-04-02,0.0,0.0,0.0,0.0,0.0,0.0,0.0,-1.0,0.0,1.0
XPeng Inc.,7CA5BD,2021-04-03,0.0,0.0,0.0,0.0,0.0,0.0,0.0,-1.0,0.0,1.0
XPeng Inc.,7CA5BD,2021-04-04,0.0,0.0,0.0,0.0,0.0,0.0,0.0,-1.0,0.0,1.0
XPeng Inc.,7CA5BD,2021-04-05,0.0,0.0,0.0,0.0,0.0,0.0,0.0,-1.0,0.0,1.0
XPeng Inc.,7CA5BD,2021-04-06,0.0,0.0,0.0,0.0,0.0,0.0,0.0,-1.0,0.0,1.0
XPeng Inc.,7CA5BD,2021-04-07,0.0,0.0,0.0,0.0,0.0,0.0,0.0,-1.0,0.0,1.0
XPeng Inc.,7CA5BD,2021-04-08,0.0,0.0,0.0,0.0,0.0,0.0,0.0,-1.0,0.0,1.0
XPeng Inc.,7CA5BD,2021-04-09,0.0,0.0,0.0,0.0,0.0,0.0,0.0,-1.0,0.0,1.0
XPeng Inc.,7CA5BD,2021-04-10,0.0,0.0,0.0,0.0,0.0,0.0,0.0,-1.0,0.0,1.0
XPeng Inc.,7CA5BD,2021-04-11,0.0,0.0,0.0,0.0,0.0,0.0,0.0,-1.0,0.0,1.0
XPeng Inc.,7CA5BD,2021-04-12,0.0,0.0,0.0,0.0,0.0,0.0,0.0,-1.0,0.0,1.0
XPeng Inc.,7CA5BD,2021-04-13,0.0,0.0,0.0,0.0,0.0,0.0,0.0,-1.0,0.0,1.0
XPeng Inc.,7CA5BD,2021-04-14,0.0,0.0,0.0,0.0,0.0,0.0,0.0,-1.0,0.0,1.0
XPeng Inc.,7CA5BD,2021-04-15,0.0,0.0,0.0,0.0,0.0,0.0,0.0,-1.0,0.0,1.0
XPeng Inc.,7CA5BD,2021-04-16,0.0,0.0,0.0,0.0,0.0,0.0,0.0,-1.0,0.0,1.0
XPeng Inc.,7CA5BD,2021-04-17,0.0,0.0,0.0,0.0,0.0,0.0,0.0,-1.0,0.0,1.0
XPeng Inc.,7CA5BD,2021-04-18,0.0,0.0,0.0,0.0,0.0,0.0,0.0,-1.0,0.0,1.0
XPeng Inc.,7CA5BD,2021-04-19,0.0,0.0,0.0,0.0,0.0,0.0,0.0,-1.0,0.0,1.0
XPeng Inc.,7CA5BD,2021-04-20,0.0,0.0,0.0,0.0,0.0,0.0,0.0,-1.0,0.0,1.0
XPeng Inc.,7CA5BD,2021-04-21,0.0,0.0,0.0,0.0,0.0,0.0,0.0,-1.0,0.0,1.0
XPeng Inc.,7CA5BD,2021-04-22,0.0,0.0,0.0,0.0,0.0,0.0,0.0,-1.0,0.0,1.0
XPeng Inc.,7CA5BD,2021-04-23,0.0,0.0,0.0,0.0,0.0,0.0,0.0,-1.0,0.0,1.0
XPeng Inc.,7CA5BD,2021-04-24,0.0,0.0,0.0,0.0,0.0,0.0,0.0,-1.0,0.0,1.0
XPeng Inc.,7CA5BD,2021-05-11,-1.0,0.0,1.0,0.0,0.0,1.0,-1.0,-1.0,1.0,1.0
Zebra Technologies Corp.,070B45,2021-05-04,-1.0,0.0,1.0,0.0,0.0,1.0,-1.0,-1.0,1.0,1.0
Zebra Technologies Corp.,070B45,2021-05-05,0.0,0.0,0.0,0.0,0.0,0.0,-1.0,-1.0,1.0,1.0
Zebra Technologies Corp.,070B45,2021-05-06,0.0,0.0,0.0,0.0,0.0,0.0,-1.0,-1.0,1.0,1.0
Zebra Technologies Corp.,070B45,2021-05-07,0.0,0.0,0.0,0.0,0.0,0.0,-1.0,-1.0,1.0,1.0
Zebra Technologies Corp.,070B45,2021-05-08,0.0,0.0,0.0,0.0,0.0,0.0,-1.0,-1.0,1.0,1.0
Zebra Technologies Corp.,070B45,2021-05-09,0.0,0.0,0.0,0.0,0.0,0.0,-1.0,-1.0,1.0,1.0
Zebra Technologies Corp.,070B45,2021-05-10,0.0,0.0,0.0,0.0,0.0,0.0,-1.0,-1.0,1.0,1.0
Zebra Technologies Corp.,070B45,2021-05-11,0.0,0.0,0.0,0.0,0.0,0.0,0.0,-1.0,0.0,1.0
Zebra Technologies Corp.,070B45,2021-05-12,0.0,0.0,0.0,0.0,0.0,0.0,0.0,-1.0,0.0,1.0
Zebra Technologies Corp.,070B45,2021-05-13,0.0,0.0,0.0,0.0,0.0,0.0,0.0,-1.0,0.0,1.0
Zebra Technologies Corp.,070B45,2021-05-14,-1.0,0.0,1.0,0.0,0.0,1.0,-1.0,-2.0,1.0,2.0
iRhythm Holdings Inc.,6D156D,2021-02-25,-1.0,0.0,1.0,0.0,0.0,1.0,-1.0,-1.0,1.0,1.0
iRhythm Holdings Inc.,6D156D,2021-02-26,-1.0,0.0,1.0,0.0,0.0,1.0,-2.0,-2.0,2.0,2.0
iRobot Corp.,7D35D8,2021-05-04,-1.0,0.0,1.0,0.0,0.0,1.0,-1.0,-1.0,1.0,1.0
iRobot Corp.,7D35D8,2021-05-05,0.0,0.0,0.0,0.0,0.0,0.0,-1.0,-1.0,1.0,1.0
iRobot Corp.,7D35D8,2021-05-06,0.0,0.0,0.0,0.0,0.0,0.0,-1.0,-1.0,1.0,1.0
iRobot Corp.,7D35D8,2021-05-07,0.0,0.0,0.0,0.0,0.0,0.0,-1.0,-1.0,1.0,1.0
iRobot Corp.,7D35D8,2021-05-08,0.0,0.0,0.0,0.0,0.0,0.0,-1.0,-1.0,1.0,1.0
iRobot Corp.,7D35D8,2021-05-09,0.0,0.0,0.0,0.0,0.0,0.0,-1.0,-1.0,1.0,1.0
iRobot Corp.,7D35D8,2021-05-10,0.0,0.0,0.0,0.0,0.0,0.0,-1.0,-1.0,1.0,1.0
iRobot Corp.,7D35D8,2021-05-11,0.0,0.0,0.0,0.0,0.0,0.0,0.0,-1.0,0.0,1.0
iRobot Corp.,7D35D8,2021-05-12,0.0,0.0,0.0,0.0,0.0,0.0,0.0,-1.0,0.0,1.0
iRobot Corp.,7D35D8,2021-05-13,0.0,0.0,0.0,0.0,0.0,0.0,0.0,-1.0,0.0,1.0
iRobot Corp.,7D35D8,2021-05-14,0.0,0.0,0.0,0.0,0.0,0.0,0.0,-1.0,0.0,1.0
iRobot Corp.,7D35D8,2021-05-15,0.0,0.0,0.0,0.0,0.0,0.0,0.0,-1.0,0.0,1.0
iRobot Corp.,7D35D8,2021-05-16,0.0,0.0,0.0,0.0,0.0,0.0,0.0,-1.0,0.0,1.0
iRobot Corp.,7D35D8,2021-05-17,0.0,0.0,0.0,0.0,0.0,0.0,0.0,-1.0,0.0,1.0
iRobot Corp.,7D35D8,2021-05-18,0.0,0.0,0.0,0.0,0.0,0.0,0.0,-1.0,0.0,1.0
iRobot Corp.,7D35D8,2021-05-19,0.0,0.0,0.0,0.0,0.0,0.0,0.0,-1.0,0.0,1.0
iRobot Corp.,7D35D8,2021-05-20,0.0,0.0,0.0,0.0,0.0,0.0,0.0,-1.0,0.0,1.0
iRobot Corp.,7D35D8,2021-05-21,0.0,0.0,0.0,0.0,0.0,0.0,0.0,-1.0,0.0,1.0
iRobot Corp.,7D35D8,2021-05-22,0.0,0.0,0.0,0.0,0.0,0.0,0.0,-1.0,0.0,1.0
iRobot Corp.,7D35D8,2021-05-23,0.0,0.0,0.0,0.0,0.0,0.0,0.0,-1.0,0.0,1.0
iRobot Corp.,7D35D8,2021-05-24,0.0,0.0,0.0,0.0,0.0,0.0,0.0,-1.0,0.0,1.0
iRobot Corp.,7D35D8,2021-05-25,0.0,0.0,0.0,0.0,0.0,0.0,0.0,-1.0,0.0,1.0
iRobot Corp.,7D35D8,2021-05-26,0.0,0.0,0.0,0.0,0.0,0.0,0.0,-1.0,0.0,1.0
iRobot Corp.,7D35D8,2021-05-27,0.0,0.0,0.0,0.0,0.0,0.0,0.0,-1.0,0.0,1.0
iRobot Corp.,7D35D8,2021-05-28,0.0,0.0,0.0,0.0,0.0,0.0,0.0,-1.0,0.0,1.0
iRobot Corp.,7D35D8,2021-05-29,0.0,0.0,0.0,0.0,0.0,0.0,0.0,-1.0,0.0,1.0
iRobot Corp.,7D35D8,2021-05-30,0.0,0.0,0.0,0.0,0.0,0.0,0.0,-1.0,0.0,1.0
iRobot Corp.,7D35D8,2021-05-31,0.0,0.0,0.0,0.0,0.0,0.0,0.0,-1.0,0.0,1.0
iRobot Corp.,7D35D8,2021-06-01,0.0,0.0,0.0,0.0,0.0,0.0,0.0,-1.0,0.0,1.0
iRobot Corp.,7D35D8,2021-06-02,0.0,0.0,0.0,0.0,0.0,0.0,0.0,-1.0,0.0,1.0
iRobot Corp.,7D35D8,2021-06-08,-1.0,0.0,1.0,0.0,0.0,1.0,-1.0,-1.0,1.0,1.0
inTest Corp.,F2AAB6,2021-05-07,-1.0,0.0,1.0,0.0,0.0,1.0,-1.0,-1.0,1.0,1.0
