Date,Day_in_Review,Topic,Summary,Source,Headline,Text,Volume_Score,Text_Summary,Volume_Score,Novelty_Score,Impact_Score,Magnitude_Score
2025-11-11,"- **Gas Supply Cut in Ukraine**: Complete cut-off of gas supply in Lyman highlights vulnerabilities in Ukraine's energy infrastructure amid ongoing conflict, stressing the need for resilient energy systems.

- **Natural Gas Demand Surge in North America**: Increased demand and storage constraints emphasize the critical role of natural gas storage for energy security and price stability.

- **Geopolitical Tensions Affecting LNG Supply**: Legal disputes involving Venture Global and major energy companies over LNG delivery failures amid rising prices reflect the complexities of securing reliable energy supplies.

- **Egypt's LNG Exports**: Egypt boosts LNG exports to address Europe's energy crisis exacerbated by reduced Russian supplies, enhancing regional energy security.

- **India's Renewable Energy Initiatives**: The Adani Group's 1,126 MW Battery Energy Storage System project aims to tackle natural gas demand issues and improve grid reliability in India.

- **Global Renewable Energy Investments**: Significant investments in renewable energy projects worldwide, including partnerships for battery storage and carbon capture, reflect a commitment to sustainability.

- **Saudi Arabia's Natural Gas Production**: Increased focus on natural gas production to diversify energy portfolio and reduce oil dependence, addressing rising electricity demand.

- **China's Renewable Energy Growth**: Solar generation up 46% and wind by 11%, despite pricing challenges, indicating a strong push towards cleaner energy sources.

- **Carbon Capture and Storage (CCS) Initiatives**: Growing momentum in CCS projects globally, with strategic partnerships aimed at enhancing energy infrastructure and reducing emissions.

- **Regional Energy Cooperation in GCC**: Investments in renewable energy and interconnected grids among GCC countries to enhance energy security and promote sustainable practices.",Gas Supply Cut in Lyman Exposes Ukraine's Energy Vulnerabilities Amid Conflict,"The recent complete cut-off of gas supply in Lyman, Donetsk region, due to damage to the gas distribution system, underscores the vulnerabilities in Ukraine's energy infrastructure amid ongoing geopolitical tensions. This incident highlights the urgent need for resilient energy systems in Ukraine, as the country faces significant challenges to its energy security due to conflict. Additionally, the broader trend towards integrating energy storage solutions, as exemplified by Adani Group's plans to expand its energy storage capacity, reflects a shift in the energy sector towards enhancing grid reliability and supporting renewable energy integration. This move is crucial for addressing the challenges posed by intermittent energy sources and ensuring a stable energy supply in regions affected by conflict.",Censor.Net,Entire city of Lyman was left without gas due to Russian shelling,"Gas supply has been completely cut off in Lyman, Donetsk region, due to damage to the gas distribution system.",1,The complete gas supply cut in Lyman highlights critical vulnerabilities in Ukraine's energy infrastructure amid ongoing conflict.,1,New,Negative,High
2025-11-11,"- **Gas Supply Cut in Ukraine**: Complete cut-off of gas supply in Lyman highlights vulnerabilities in Ukraine's energy infrastructure amid ongoing conflict, stressing the need for resilient energy systems.

- **Natural Gas Demand Surge in North America**: Increased demand and storage constraints emphasize the critical role of natural gas storage for energy security and price stability.

- **Geopolitical Tensions Affecting LNG Supply**: Legal disputes involving Venture Global and major energy companies over LNG delivery failures amid rising prices reflect the complexities of securing reliable energy supplies.

- **Egypt's LNG Exports**: Egypt boosts LNG exports to address Europe's energy crisis exacerbated by reduced Russian supplies, enhancing regional energy security.

- **India's Renewable Energy Initiatives**: The Adani Group's 1,126 MW Battery Energy Storage System project aims to tackle natural gas demand issues and improve grid reliability in India.

- **Global Renewable Energy Investments**: Significant investments in renewable energy projects worldwide, including partnerships for battery storage and carbon capture, reflect a commitment to sustainability.

- **Saudi Arabia's Natural Gas Production**: Increased focus on natural gas production to diversify energy portfolio and reduce oil dependence, addressing rising electricity demand.

- **China's Renewable Energy Growth**: Solar generation up 46% and wind by 11%, despite pricing challenges, indicating a strong push towards cleaner energy sources.

- **Carbon Capture and Storage (CCS) Initiatives**: Growing momentum in CCS projects globally, with strategic partnerships aimed at enhancing energy infrastructure and reducing emissions.

- **Regional Energy Cooperation in GCC**: Investments in renewable energy and interconnected grids among GCC countries to enhance energy security and promote sustainable practices.",Global Energy Transition Accelerates with Major Storage Projects Amid Investment Concerns,"Recent developments in energy storage and related initiatives highlight a global shift towards sustainable energy solutions. Masdar's partnership with JSC Uzenergosotish to create Uzbekistan's largest battery energy storage project aims to bolster grid resilience and facilitate the integration of renewable energy sources, reflecting a broader trend in Central Asia. Meanwhile, Shell's withdrawal from major offshore wind projects raises concerns about the future of renewable investments amid economic challenges, potentially impacting the UK's renewable energy targets. In Germany, Calisen Group's launch of smart metering systems through a partnership with Energy Metering Germany represents a significant investment in energy transition, enhancing grid flexibility and consumer access to low-carbon technologies. Additionally, Nigeria's efforts to reduce crude oil theft and implement the Gas Flare Commercialization Programme are pivotal for transforming its energy landscape, promoting energy security, and supporting environmental sustainability. These initiatives collectively underscore the importance of energy storage and smart technologies in advancing global energy transitions.",The Gulf Today,Masdar signs deal for Uzbekistan's largest battery storage project,"""Thanks to this fruitful cooperation, the next major project, an energy storage system with a capacity of 300MW/600MWh, will also be implemented at an accelerated pace and will make a significant contribution to the integration of large-scale renewable energy sources into the grid and to the further development of Uzbekistan's energy sector,"" he added. Al Ramahi stated that the Zarafshan Battery Energy Storage System is a significant milestone for Uzbekistan's energy transformation, and another demonstration of Masdar's leadership in global battery storage projects. This project builds on more than two decades of experience developing and operating large-scale renewable and storage assets.""",2,"Uzbekistan's 300MW/600MWh Zarafshan Battery Energy Storage System exemplifies accelerated energy transition efforts, enhancing renewable integration and showcasing Masdar's leadership in global storage initiatives.",2,New,Positive,High
2025-11-11,"- **Gas Supply Cut in Ukraine**: Complete cut-off of gas supply in Lyman highlights vulnerabilities in Ukraine's energy infrastructure amid ongoing conflict, stressing the need for resilient energy systems.

- **Natural Gas Demand Surge in North America**: Increased demand and storage constraints emphasize the critical role of natural gas storage for energy security and price stability.

- **Geopolitical Tensions Affecting LNG Supply**: Legal disputes involving Venture Global and major energy companies over LNG delivery failures amid rising prices reflect the complexities of securing reliable energy supplies.

- **Egypt's LNG Exports**: Egypt boosts LNG exports to address Europe's energy crisis exacerbated by reduced Russian supplies, enhancing regional energy security.

- **India's Renewable Energy Initiatives**: The Adani Group's 1,126 MW Battery Energy Storage System project aims to tackle natural gas demand issues and improve grid reliability in India.

- **Global Renewable Energy Investments**: Significant investments in renewable energy projects worldwide, including partnerships for battery storage and carbon capture, reflect a commitment to sustainability.

- **Saudi Arabia's Natural Gas Production**: Increased focus on natural gas production to diversify energy portfolio and reduce oil dependence, addressing rising electricity demand.

- **China's Renewable Energy Growth**: Solar generation up 46% and wind by 11%, despite pricing challenges, indicating a strong push towards cleaner energy sources.

- **Carbon Capture and Storage (CCS) Initiatives**: Growing momentum in CCS projects globally, with strategic partnerships aimed at enhancing energy infrastructure and reducing emissions.

- **Regional Energy Cooperation in GCC**: Investments in renewable energy and interconnected grids among GCC countries to enhance energy security and promote sustainable practices.",Natural Gas Demand Surge and Storage Constraints Drive Energy Security in North America,"The natural gas market is experiencing significant dynamics influenced by increasing demand and structural capacity constraints, particularly in North America. Analysts emphasize the critical role of natural gas storage in energy infrastructure, especially in regions like California and Alberta, where favorable market fundamentals are evident. This trend highlights the strategic importance of gas storage for energy security and price stability. In contrast, Kenya faces challenges in meeting its energy demands, leading to load shedding due to insufficient electricity generation, which underscores the need for investment in renewable energy sources. Meanwhile, Statkraft's initiatives in Brazil, including new solar farms and battery projects, reflect a broader shift towards renewable energy to reduce carbon emissions. Additionally, the US Department of Energy's investment in a coal-fed ammonia plant with integrated carbon capture and storage (CCS) illustrates efforts to mitigate emissions while maintaining industrial outputs. Together, these developments indicate a complex interplay of natural gas dynamics, renewable energy advancements, and the urgent need for sustainable energy solutions.",Stockwatch,"Globe says new coverage rates Rockpoint Gas ""buy""","The Globe and Mail reports in its Tuesday, Nov. 11, edition that Desjardins analyst Chris MacCulloch commenced coverage of Calgary-based Rockpoint Gas Storage with a ""buy"" recommendation. The Globe's David Leeder writes that Mr. MacCulloch set a share target of $34. Analysts on average target the shares at $31.50. Mr. MacCulloch says in a note: ""We view natural gas storage as a critical component of North American energy infrastructure that has been overlooked. The business fundamentals are bullish given buoyant natural gas demand and structural capacity constraints, particularly in Rockpoint's two core operating areas of California and Alberta, which should provide continued tailwinds to storage contract rate.""",2,"Desjardins analyst Chris MacCulloch highlights the critical role of natural gas storage in North America's energy security, recommending Rockpoint Gas Storage due to strong demand and capacity constraints in key regions.",2,New,Positive,High
2025-11-11,"- **Gas Supply Cut in Ukraine**: Complete cut-off of gas supply in Lyman highlights vulnerabilities in Ukraine's energy infrastructure amid ongoing conflict, stressing the need for resilient energy systems.

- **Natural Gas Demand Surge in North America**: Increased demand and storage constraints emphasize the critical role of natural gas storage for energy security and price stability.

- **Geopolitical Tensions Affecting LNG Supply**: Legal disputes involving Venture Global and major energy companies over LNG delivery failures amid rising prices reflect the complexities of securing reliable energy supplies.

- **Egypt's LNG Exports**: Egypt boosts LNG exports to address Europe's energy crisis exacerbated by reduced Russian supplies, enhancing regional energy security.

- **India's Renewable Energy Initiatives**: The Adani Group's 1,126 MW Battery Energy Storage System project aims to tackle natural gas demand issues and improve grid reliability in India.

- **Global Renewable Energy Investments**: Significant investments in renewable energy projects worldwide, including partnerships for battery storage and carbon capture, reflect a commitment to sustainability.

- **Saudi Arabia's Natural Gas Production**: Increased focus on natural gas production to diversify energy portfolio and reduce oil dependence, addressing rising electricity demand.

- **China's Renewable Energy Growth**: Solar generation up 46% and wind by 11%, despite pricing challenges, indicating a strong push towards cleaner energy sources.

- **Carbon Capture and Storage (CCS) Initiatives**: Growing momentum in CCS projects globally, with strategic partnerships aimed at enhancing energy infrastructure and reducing emissions.

- **Regional Energy Cooperation in GCC**: Investments in renewable energy and interconnected grids among GCC countries to enhance energy security and promote sustainable practices.",Natural Gas Demand Surge and Storage Constraints Drive Energy Security in North America,"The natural gas market is experiencing significant dynamics influenced by increasing demand and structural capacity constraints, particularly in North America. Analysts emphasize the critical role of natural gas storage in energy infrastructure, especially in regions like California and Alberta, where favorable market fundamentals are evident. This trend highlights the strategic importance of gas storage for energy security and price stability. In contrast, Kenya faces challenges in meeting its energy demands, leading to load shedding due to insufficient electricity generation, which underscores the need for investment in renewable energy sources. Meanwhile, Statkraft's initiatives in Brazil, including new solar farms and battery projects, reflect a broader shift towards renewable energy to reduce carbon emissions. Additionally, the US Department of Energy's investment in a coal-fed ammonia plant with integrated carbon capture and storage (CCS) illustrates efforts to mitigate emissions while maintaining industrial outputs. Together, these developments indicate a complex interplay of natural gas dynamics, renewable energy advancements, and the urgent need for sustainable energy solutions.",Investing.com,RBC Capital initiates Rockpoint Gas Storage stock with Outperform rating,RBC Capital initiates Rockpoint Gas Storage stock with Outperform rating,2,RBC Capital's Outperform rating for Rockpoint Gas Storage highlights the growing importance of gas storage solutions amid surging natural gas demand and storage constraints in North America.,2,New,Positive,High
2025-11-11,"- **Gas Supply Cut in Ukraine**: Complete cut-off of gas supply in Lyman highlights vulnerabilities in Ukraine's energy infrastructure amid ongoing conflict, stressing the need for resilient energy systems.

- **Natural Gas Demand Surge in North America**: Increased demand and storage constraints emphasize the critical role of natural gas storage for energy security and price stability.

- **Geopolitical Tensions Affecting LNG Supply**: Legal disputes involving Venture Global and major energy companies over LNG delivery failures amid rising prices reflect the complexities of securing reliable energy supplies.

- **Egypt's LNG Exports**: Egypt boosts LNG exports to address Europe's energy crisis exacerbated by reduced Russian supplies, enhancing regional energy security.

- **India's Renewable Energy Initiatives**: The Adani Group's 1,126 MW Battery Energy Storage System project aims to tackle natural gas demand issues and improve grid reliability in India.

- **Global Renewable Energy Investments**: Significant investments in renewable energy projects worldwide, including partnerships for battery storage and carbon capture, reflect a commitment to sustainability.

- **Saudi Arabia's Natural Gas Production**: Increased focus on natural gas production to diversify energy portfolio and reduce oil dependence, addressing rising electricity demand.

- **China's Renewable Energy Growth**: Solar generation up 46% and wind by 11%, despite pricing challenges, indicating a strong push towards cleaner energy sources.

- **Carbon Capture and Storage (CCS) Initiatives**: Growing momentum in CCS projects globally, with strategic partnerships aimed at enhancing energy infrastructure and reducing emissions.

- **Regional Energy Cooperation in GCC**: Investments in renewable energy and interconnected grids among GCC countries to enhance energy security and promote sustainable practices.",Turbo Energy and Partners Leverage Blockchain to Revolutionize Renewable Energy Financing in India,"In India, corporate renewable procurement is witnessing innovative trends, exemplified by the collaboration between Turbo Energy, Taurus, and the Stellar Development Foundation. This partnership aims to tokenize financing for renewable energy projects, utilizing blockchain technology to improve transparency and accessibility in funding. Such initiatives reflect a growing movement towards creative financing solutions in the renewable energy sector, highlighting the increasing commitment of corporations to sustainable energy practices.",Benzinga,"Turbo Energy, Taurus and Stellar Join Forces to Tap Into US$74.43 Billion EaaS Market Through Tokenization of Hybrid Renewable Energy Projects","Turbo Energy, Taurus and the Stellar Development Foundation Launch Groundbreaking Renewable Energy Tokenization Project
The project comes as the global Energy-as-a-Service (EaaS) market was valued at US$74.43 billion in 2024 and is projected to reach US$145.18 billion by 2030, representing a 12.3% CAGR, according to Grand View Research. By integrating tokenization into clean energy financing, Turbo Energy and its partners are positioning themselves to unlock significant opportunities in this rapidly expanding market.",3,"Turbo Energy and partners are pioneering a renewable energy tokenization project, aiming to capitalize on the growing Energy-as-a-Service market, projected to nearly double by 2030.",3,New,Positive,High
2025-11-11,"- **Gas Supply Cut in Ukraine**: Complete cut-off of gas supply in Lyman highlights vulnerabilities in Ukraine's energy infrastructure amid ongoing conflict, stressing the need for resilient energy systems.

- **Natural Gas Demand Surge in North America**: Increased demand and storage constraints emphasize the critical role of natural gas storage for energy security and price stability.

- **Geopolitical Tensions Affecting LNG Supply**: Legal disputes involving Venture Global and major energy companies over LNG delivery failures amid rising prices reflect the complexities of securing reliable energy supplies.

- **Egypt's LNG Exports**: Egypt boosts LNG exports to address Europe's energy crisis exacerbated by reduced Russian supplies, enhancing regional energy security.

- **India's Renewable Energy Initiatives**: The Adani Group's 1,126 MW Battery Energy Storage System project aims to tackle natural gas demand issues and improve grid reliability in India.

- **Global Renewable Energy Investments**: Significant investments in renewable energy projects worldwide, including partnerships for battery storage and carbon capture, reflect a commitment to sustainability.

- **Saudi Arabia's Natural Gas Production**: Increased focus on natural gas production to diversify energy portfolio and reduce oil dependence, addressing rising electricity demand.

- **China's Renewable Energy Growth**: Solar generation up 46% and wind by 11%, despite pricing challenges, indicating a strong push towards cleaner energy sources.

- **Carbon Capture and Storage (CCS) Initiatives**: Growing momentum in CCS projects globally, with strategic partnerships aimed at enhancing energy infrastructure and reducing emissions.

- **Regional Energy Cooperation in GCC**: Investments in renewable energy and interconnected grids among GCC countries to enhance energy security and promote sustainable practices.",Turbo Energy and Partners Leverage Blockchain to Revolutionize Renewable Energy Financing in India,"In India, corporate renewable procurement is witnessing innovative trends, exemplified by the collaboration between Turbo Energy, Taurus, and the Stellar Development Foundation. This partnership aims to tokenize financing for renewable energy projects, utilizing blockchain technology to improve transparency and accessibility in funding. Such initiatives reflect a growing movement towards creative financing solutions in the renewable energy sector, highlighting the increasing commitment of corporations to sustainable energy practices.",Benzinga,Turbo Energy Launches Project To Tokenize Financing For Hybrid Renewable Energy Installations In Partnership With Taurus And Stellar Development Foundation,"The project comes as the global Energy-as-a-Service (EaaS) market was valued at US$74.43 billion in 2024 and is projected to reach US$145.18 billion by 2030, representing a 12.3% CAGR, according to Grand View Research. By integrating tokenization into clean energy financing, Turbo Energy and its partners are positioning themselves to unlock significant opportunities in this rapidly expanding market.",3,"Turbo Energy and partners aim to capitalize on the growing $145.18 billion Energy-as-a-Service market by integrating blockchain tokenization into renewable energy financing, unlocking new opportunities in India.",3,New,Positive,High
2025-11-11,"- **Gas Supply Cut in Ukraine**: Complete cut-off of gas supply in Lyman highlights vulnerabilities in Ukraine's energy infrastructure amid ongoing conflict, stressing the need for resilient energy systems.

- **Natural Gas Demand Surge in North America**: Increased demand and storage constraints emphasize the critical role of natural gas storage for energy security and price stability.

- **Geopolitical Tensions Affecting LNG Supply**: Legal disputes involving Venture Global and major energy companies over LNG delivery failures amid rising prices reflect the complexities of securing reliable energy supplies.

- **Egypt's LNG Exports**: Egypt boosts LNG exports to address Europe's energy crisis exacerbated by reduced Russian supplies, enhancing regional energy security.

- **India's Renewable Energy Initiatives**: The Adani Group's 1,126 MW Battery Energy Storage System project aims to tackle natural gas demand issues and improve grid reliability in India.

- **Global Renewable Energy Investments**: Significant investments in renewable energy projects worldwide, including partnerships for battery storage and carbon capture, reflect a commitment to sustainability.

- **Saudi Arabia's Natural Gas Production**: Increased focus on natural gas production to diversify energy portfolio and reduce oil dependence, addressing rising electricity demand.

- **China's Renewable Energy Growth**: Solar generation up 46% and wind by 11%, despite pricing challenges, indicating a strong push towards cleaner energy sources.

- **Carbon Capture and Storage (CCS) Initiatives**: Growing momentum in CCS projects globally, with strategic partnerships aimed at enhancing energy infrastructure and reducing emissions.

- **Regional Energy Cooperation in GCC**: Investments in renewable energy and interconnected grids among GCC countries to enhance energy security and promote sustainable practices.",Turbo Energy and Partners Leverage Blockchain to Revolutionize Renewable Energy Financing in India,"In India, corporate renewable procurement is witnessing innovative trends, exemplified by the collaboration between Turbo Energy, Taurus, and the Stellar Development Foundation. This partnership aims to tokenize financing for renewable energy projects, utilizing blockchain technology to improve transparency and accessibility in funding. Such initiatives reflect a growing movement towards creative financing solutions in the renewable energy sector, highlighting the increasing commitment of corporations to sustainable energy practices.",The Fly,"Turbo, Taurus, Stellar partner to tokenize financing for energy installations","Turbo Energy announced the launch of a project to tokenize financing for hybrid renewable energy installations in partnership with blockchain technology leaders Taurus S.A. and the Stellar Development Foundation. This initiative represents a first step in exploring new, transparent ways to finance on-site clean energy deployments, beginning with a proof of concept at a supermarket in Spain. By integrating tokenization into clean energy financing, Turbo Energy and its partners are positioning themselves to unlock significant opportunities in this rapidly expanding market. The project will tokenize debt financing for on-site battery-integrated Power Purchase Agreements.",3,"Turbo Energy, in collaboration with Taurus S.A. and the Stellar Development Foundation, is pioneering a project to tokenize financing for hybrid renewable energy installations, starting with a proof of concept in Spain, aiming to enhance transparency and unlock new opportunities in renewable energy financing.",3,New,Positive,High
2025-11-11,"- **Gas Supply Cut in Ukraine**: Complete cut-off of gas supply in Lyman highlights vulnerabilities in Ukraine's energy infrastructure amid ongoing conflict, stressing the need for resilient energy systems.

- **Natural Gas Demand Surge in North America**: Increased demand and storage constraints emphasize the critical role of natural gas storage for energy security and price stability.

- **Geopolitical Tensions Affecting LNG Supply**: Legal disputes involving Venture Global and major energy companies over LNG delivery failures amid rising prices reflect the complexities of securing reliable energy supplies.

- **Egypt's LNG Exports**: Egypt boosts LNG exports to address Europe's energy crisis exacerbated by reduced Russian supplies, enhancing regional energy security.

- **India's Renewable Energy Initiatives**: The Adani Group's 1,126 MW Battery Energy Storage System project aims to tackle natural gas demand issues and improve grid reliability in India.

- **Global Renewable Energy Investments**: Significant investments in renewable energy projects worldwide, including partnerships for battery storage and carbon capture, reflect a commitment to sustainability.

- **Saudi Arabia's Natural Gas Production**: Increased focus on natural gas production to diversify energy portfolio and reduce oil dependence, addressing rising electricity demand.

- **China's Renewable Energy Growth**: Solar generation up 46% and wind by 11%, despite pricing challenges, indicating a strong push towards cleaner energy sources.

- **Carbon Capture and Storage (CCS) Initiatives**: Growing momentum in CCS projects globally, with strategic partnerships aimed at enhancing energy infrastructure and reducing emissions.

- **Regional Energy Cooperation in GCC**: Investments in renewable energy and interconnected grids among GCC countries to enhance energy security and promote sustainable practices.",Legal Disputes Over LNG Deliveries Drive Energy Supply Challenges Amid Rising Prices,"Geopolitical developments in energy supply are significantly influenced by the ongoing legal disputes involving Venture Global and major energy companies like Shell and BP over liquefied natural gas (LNG) delivery failures. These disputes arise amidst rising global energy prices and supply chain challenges, particularly exacerbated by geopolitical tensions such as the war in Ukraine. The outcomes of these arbitration cases could reshape future LNG pricing and contractual agreements, highlighting the complexities of securing reliable energy supplies. Concurrently, in India, a surge in corporate renewable procurement is transforming the solar rooftop market, driven by net metering policies and decentralized energy generation. Companies are increasingly entering power purchase agreements (PPAs) to enhance sustainability and energy independence, supported by technological advancements and regulatory changes that encourage participation in renewable energy markets.",Yahoo! Finance,"India Solar Rooftop Market Outlook Report 2025-2034: Expansion Fueled by Avaada, Waaree Energies, Tata Power Renewable Energy, and Adani through Digitalization and Integrated Energy Solutions","Discom-Led Virtual Net Metering and Peer-to-Peer Models
Virtual net metering (VNM) has also picked up momentum. Platforms like Power Ledger and SunExchange are also entering India's peer-to-peer rooftop energy trading space, with trials initiated in Uttar Pradesh and Karnataka. These new business models, supported by blockchain technology are enabling tenants, SMEs and rental spaces to indirectly participate in solar ownership, which was earlier a major India solar rooftop market hurdle.",2,"Emerging virtual net metering and peer-to-peer energy trading models in India, facilitated by blockchain technology, are addressing previous barriers to solar energy participation, potentially impacting energy supply dynamics amid rising prices and legal disputes over LNG deliveries.",2,New,Negative,High
2025-11-11,"- **Gas Supply Cut in Ukraine**: Complete cut-off of gas supply in Lyman highlights vulnerabilities in Ukraine's energy infrastructure amid ongoing conflict, stressing the need for resilient energy systems.

- **Natural Gas Demand Surge in North America**: Increased demand and storage constraints emphasize the critical role of natural gas storage for energy security and price stability.

- **Geopolitical Tensions Affecting LNG Supply**: Legal disputes involving Venture Global and major energy companies over LNG delivery failures amid rising prices reflect the complexities of securing reliable energy supplies.

- **Egypt's LNG Exports**: Egypt boosts LNG exports to address Europe's energy crisis exacerbated by reduced Russian supplies, enhancing regional energy security.

- **India's Renewable Energy Initiatives**: The Adani Group's 1,126 MW Battery Energy Storage System project aims to tackle natural gas demand issues and improve grid reliability in India.

- **Global Renewable Energy Investments**: Significant investments in renewable energy projects worldwide, including partnerships for battery storage and carbon capture, reflect a commitment to sustainability.

- **Saudi Arabia's Natural Gas Production**: Increased focus on natural gas production to diversify energy portfolio and reduce oil dependence, addressing rising electricity demand.

- **China's Renewable Energy Growth**: Solar generation up 46% and wind by 11%, despite pricing challenges, indicating a strong push towards cleaner energy sources.

- **Carbon Capture and Storage (CCS) Initiatives**: Growing momentum in CCS projects globally, with strategic partnerships aimed at enhancing energy infrastructure and reducing emissions.

- **Regional Energy Cooperation in GCC**: Investments in renewable energy and interconnected grids among GCC countries to enhance energy security and promote sustainable practices.",Legal Disputes Over LNG Deliveries Drive Energy Supply Challenges Amid Rising Prices,"Geopolitical developments in energy supply are significantly influenced by the ongoing legal disputes involving Venture Global and major energy companies like Shell and BP over liquefied natural gas (LNG) delivery failures. These disputes arise amidst rising global energy prices and supply chain challenges, particularly exacerbated by geopolitical tensions such as the war in Ukraine. The outcomes of these arbitration cases could reshape future LNG pricing and contractual agreements, highlighting the complexities of securing reliable energy supplies. Concurrently, in India, a surge in corporate renewable procurement is transforming the solar rooftop market, driven by net metering policies and decentralized energy generation. Companies are increasingly entering power purchase agreements (PPAs) to enhance sustainability and energy independence, supported by technological advancements and regulatory changes that encourage participation in renewable energy markets.",Yahoo! Finance,"India Solar Rooftop Market Outlook Report 2025-2034: Expansion Fueled by Avaada, Waaree Energies, Tata Power Renewable Energy, and Adani through Digitalization and Integrated Energy Solutions","Moreover, India's net metering cap for residential systems is prompting residential users with larger rooftops (especially in tier-1 and tier-2 cities) to participate actively in decentralised generation. Together, policy traction, tariff rationalisation, and private sector PPA models are shaping the India solar rooftop market dynamics that is moving beyond its subsidy-first identity.
Surge in Corporate Renewable Procurement & Green Building Mandates",2,"India's evolving solar rooftop market, driven by policy changes and corporate procurement, highlights the broader energy supply challenges amid rising prices and legal disputes over LNG deliveries.",2,New,Negative,High
2025-11-11,"- **Gas Supply Cut in Ukraine**: Complete cut-off of gas supply in Lyman highlights vulnerabilities in Ukraine's energy infrastructure amid ongoing conflict, stressing the need for resilient energy systems.

- **Natural Gas Demand Surge in North America**: Increased demand and storage constraints emphasize the critical role of natural gas storage for energy security and price stability.

- **Geopolitical Tensions Affecting LNG Supply**: Legal disputes involving Venture Global and major energy companies over LNG delivery failures amid rising prices reflect the complexities of securing reliable energy supplies.

- **Egypt's LNG Exports**: Egypt boosts LNG exports to address Europe's energy crisis exacerbated by reduced Russian supplies, enhancing regional energy security.

- **India's Renewable Energy Initiatives**: The Adani Group's 1,126 MW Battery Energy Storage System project aims to tackle natural gas demand issues and improve grid reliability in India.

- **Global Renewable Energy Investments**: Significant investments in renewable energy projects worldwide, including partnerships for battery storage and carbon capture, reflect a commitment to sustainability.

- **Saudi Arabia's Natural Gas Production**: Increased focus on natural gas production to diversify energy portfolio and reduce oil dependence, addressing rising electricity demand.

- **China's Renewable Energy Growth**: Solar generation up 46% and wind by 11%, despite pricing challenges, indicating a strong push towards cleaner energy sources.

- **Carbon Capture and Storage (CCS) Initiatives**: Growing momentum in CCS projects globally, with strategic partnerships aimed at enhancing energy infrastructure and reducing emissions.

- **Regional Energy Cooperation in GCC**: Investments in renewable energy and interconnected grids among GCC countries to enhance energy security and promote sustainable practices.","India Targets 5 Million Tonnes of Green Hydrogen by 2030, Paving Way for 600,000 Jobs and CO2 Reduction","India is advancing its green hydrogen mission with a target of producing 5 million metric tonnes annually by 2030, supported by significant government investment aimed at creating over 600,000 green jobs and reducing CO2 emissions. This initiative reflects India's commitment to a low-carbon economy and positions it as a potential leader in the green hydrogen sector, contributing to global energy security. Meanwhile, Saudi Aramco's development of natural gas production at the Jafurah field addresses the rising electricity demand from AI data centers and industrial hubs, showcasing the intersection of energy production and technological advancement. This strategic focus on natural gas underscores its role as a bridge fuel in Saudi Arabia's broader energy transition goals, emphasizing the importance of reliable energy sources in the shift towards sustainable energy solutions.",MSN,"On Bhutan visit, PM Modi pitches for improved connectivity, better border infra","NEW DELHI: India and Bhutan are taking several steps to bolster connectivity and border infrastructure, building on the work already done through an energy partnership to ramp up the Himalayan country's hydropower capabilities, Prime Minister Narendra Modi said on Tuesday.",3,"India's collaboration with Bhutan on hydropower infrastructure supports its green hydrogen goals, potentially enhancing energy security and job creation while contributing to CO2 reduction efforts.",3,New,Positive,High
2025-11-11,"- **Gas Supply Cut in Ukraine**: Complete cut-off of gas supply in Lyman highlights vulnerabilities in Ukraine's energy infrastructure amid ongoing conflict, stressing the need for resilient energy systems.

- **Natural Gas Demand Surge in North America**: Increased demand and storage constraints emphasize the critical role of natural gas storage for energy security and price stability.

- **Geopolitical Tensions Affecting LNG Supply**: Legal disputes involving Venture Global and major energy companies over LNG delivery failures amid rising prices reflect the complexities of securing reliable energy supplies.

- **Egypt's LNG Exports**: Egypt boosts LNG exports to address Europe's energy crisis exacerbated by reduced Russian supplies, enhancing regional energy security.

- **India's Renewable Energy Initiatives**: The Adani Group's 1,126 MW Battery Energy Storage System project aims to tackle natural gas demand issues and improve grid reliability in India.

- **Global Renewable Energy Investments**: Significant investments in renewable energy projects worldwide, including partnerships for battery storage and carbon capture, reflect a commitment to sustainability.

- **Saudi Arabia's Natural Gas Production**: Increased focus on natural gas production to diversify energy portfolio and reduce oil dependence, addressing rising electricity demand.

- **China's Renewable Energy Growth**: Solar generation up 46% and wind by 11%, despite pricing challenges, indicating a strong push towards cleaner energy sources.

- **Carbon Capture and Storage (CCS) Initiatives**: Growing momentum in CCS projects globally, with strategic partnerships aimed at enhancing energy infrastructure and reducing emissions.

- **Regional Energy Cooperation in GCC**: Investments in renewable energy and interconnected grids among GCC countries to enhance energy security and promote sustainable practices.",Calisen and Octopus Group Forge €100 Million Partnership to Boost Carbon Capture and Energy Efficiency,"The recent initiatives in carbon capture and storage (CCS) are gaining momentum, particularly with strategic partnerships aimed at enhancing energy infrastructure. Notably, Calisen Group's EUR100 million collaboration with Octopus Group's Energy Metering Germany marks a significant step towards modernizing energy management systems. Led by Claus Fest, the initiative focuses on deploying intelligent metering systems that are essential for improving energy efficiency and supporting the transition to sustainable energy sources. This aligns with broader European objectives to accelerate the energy transition and promote private sector investment in carbon capture technologies, highlighting the critical role of CCS in achieving climate goals.",EQS News,Calisen launches in Germany with EUR100 million smart metering partnership with Octopus Group's Energy Metering Germany and appointment of first Managing Director - Claus Fest &#59663;,"Calisen Group
Key word(s): Joint Venture/Product Launch
Calisen launches in Germany with EUR100 million smart metering partnership with Octopus Group's Energy Metering Germany and appointment of first Managing Director - Claus Fest
11.11.2025 / 08:05 CET/CEST
The issuer is solely responsible for the content of this announcement.
Calisen establishes new business in Germany to accelerate roll out of critical smart meter infrastructure",5,"Calisen and Octopus Group initiate a €100 million partnership to enhance smart metering infrastructure in Germany, aiming to improve carbon capture and energy efficiency.",5,Moderate,Positive,Medium
2025-11-11,"- **Gas Supply Cut in Ukraine**: Complete cut-off of gas supply in Lyman highlights vulnerabilities in Ukraine's energy infrastructure amid ongoing conflict, stressing the need for resilient energy systems.

- **Natural Gas Demand Surge in North America**: Increased demand and storage constraints emphasize the critical role of natural gas storage for energy security and price stability.

- **Geopolitical Tensions Affecting LNG Supply**: Legal disputes involving Venture Global and major energy companies over LNG delivery failures amid rising prices reflect the complexities of securing reliable energy supplies.

- **Egypt's LNG Exports**: Egypt boosts LNG exports to address Europe's energy crisis exacerbated by reduced Russian supplies, enhancing regional energy security.

- **India's Renewable Energy Initiatives**: The Adani Group's 1,126 MW Battery Energy Storage System project aims to tackle natural gas demand issues and improve grid reliability in India.

- **Global Renewable Energy Investments**: Significant investments in renewable energy projects worldwide, including partnerships for battery storage and carbon capture, reflect a commitment to sustainability.

- **Saudi Arabia's Natural Gas Production**: Increased focus on natural gas production to diversify energy portfolio and reduce oil dependence, addressing rising electricity demand.

- **China's Renewable Energy Growth**: Solar generation up 46% and wind by 11%, despite pricing challenges, indicating a strong push towards cleaner energy sources.

- **Carbon Capture and Storage (CCS) Initiatives**: Growing momentum in CCS projects globally, with strategic partnerships aimed at enhancing energy infrastructure and reducing emissions.

- **Regional Energy Cooperation in GCC**: Investments in renewable energy and interconnected grids among GCC countries to enhance energy security and promote sustainable practices.",Calisen and Octopus Group Forge €100 Million Partnership to Boost Carbon Capture and Energy Efficiency,"The recent initiatives in carbon capture and storage (CCS) are gaining momentum, particularly with strategic partnerships aimed at enhancing energy infrastructure. Notably, Calisen Group's EUR100 million collaboration with Octopus Group's Energy Metering Germany marks a significant step towards modernizing energy management systems. Led by Claus Fest, the initiative focuses on deploying intelligent metering systems that are essential for improving energy efficiency and supporting the transition to sustainable energy sources. This aligns with broader European objectives to accelerate the energy transition and promote private sector investment in carbon capture technologies, highlighting the critical role of CCS in achieving climate goals.",Leader Publications,Calisen launches in Germany with EUR100 million smart metering partnership with Octopus Group's Energy Metering Germany and appointment of first Managing Director - Claus Fest PR Newswire Today at 8:00am GMT+1,"Calisen Group Holdings Limited (""Calisen"") has been operating in the modernisation of the smart metering systems for over 20 years, originating in Manchester and Wigan in the UK. Calisen has grown substantially in this time and is now the leading owner and operator of essential energy infrastructure assets, with over 15m meters in around 40% of UK homes. Calisen's purpose is to contribute to the transition of the country's energy and water systems from analogue to intelligent technology, making them more efficient and less detrimental to the environment.",5,"Calisen, a leader in smart metering systems with over 15 million meters in the UK, aims to enhance energy efficiency and support carbon capture through its €100 million partnership with Octopus Group.",5,Moderate,Positive,Medium
2025-11-11,"- **Gas Supply Cut in Ukraine**: Complete cut-off of gas supply in Lyman highlights vulnerabilities in Ukraine's energy infrastructure amid ongoing conflict, stressing the need for resilient energy systems.

- **Natural Gas Demand Surge in North America**: Increased demand and storage constraints emphasize the critical role of natural gas storage for energy security and price stability.

- **Geopolitical Tensions Affecting LNG Supply**: Legal disputes involving Venture Global and major energy companies over LNG delivery failures amid rising prices reflect the complexities of securing reliable energy supplies.

- **Egypt's LNG Exports**: Egypt boosts LNG exports to address Europe's energy crisis exacerbated by reduced Russian supplies, enhancing regional energy security.

- **India's Renewable Energy Initiatives**: The Adani Group's 1,126 MW Battery Energy Storage System project aims to tackle natural gas demand issues and improve grid reliability in India.

- **Global Renewable Energy Investments**: Significant investments in renewable energy projects worldwide, including partnerships for battery storage and carbon capture, reflect a commitment to sustainability.

- **Saudi Arabia's Natural Gas Production**: Increased focus on natural gas production to diversify energy portfolio and reduce oil dependence, addressing rising electricity demand.

- **China's Renewable Energy Growth**: Solar generation up 46% and wind by 11%, despite pricing challenges, indicating a strong push towards cleaner energy sources.

- **Carbon Capture and Storage (CCS) Initiatives**: Growing momentum in CCS projects globally, with strategic partnerships aimed at enhancing energy infrastructure and reducing emissions.

- **Regional Energy Cooperation in GCC**: Investments in renewable energy and interconnected grids among GCC countries to enhance energy security and promote sustainable practices.",Calisen and Octopus Group Forge €100 Million Partnership to Boost Carbon Capture and Energy Efficiency,"The recent initiatives in carbon capture and storage (CCS) are gaining momentum, particularly with strategic partnerships aimed at enhancing energy infrastructure. Notably, Calisen Group's EUR100 million collaboration with Octopus Group's Energy Metering Germany marks a significant step towards modernizing energy management systems. Led by Claus Fest, the initiative focuses on deploying intelligent metering systems that are essential for improving energy efficiency and supporting the transition to sustainable energy sources. This aligns with broader European objectives to accelerate the energy transition and promote private sector investment in carbon capture technologies, highlighting the critical role of CCS in achieving climate goals.",Exeter Daily,Calisen launches in Germany with EUR100 million smart metering partnership with Octopus Group's Energy Metering Germany and appointment of first Managing Director - Claus Fest,Calisen launches in Germany with EUR100 million smart metering partnership with Octopus Group's Energy Metering Germany and appointment of first Managing Director - Claus Fest,5,"Calisen initiates its entry into the German market through a €100 million smart metering partnership with Octopus Group, aimed at enhancing carbon capture and energy efficiency.",5,Moderate,Positive,Medium
2025-11-11,"- **Gas Supply Cut in Ukraine**: Complete cut-off of gas supply in Lyman highlights vulnerabilities in Ukraine's energy infrastructure amid ongoing conflict, stressing the need for resilient energy systems.

- **Natural Gas Demand Surge in North America**: Increased demand and storage constraints emphasize the critical role of natural gas storage for energy security and price stability.

- **Geopolitical Tensions Affecting LNG Supply**: Legal disputes involving Venture Global and major energy companies over LNG delivery failures amid rising prices reflect the complexities of securing reliable energy supplies.

- **Egypt's LNG Exports**: Egypt boosts LNG exports to address Europe's energy crisis exacerbated by reduced Russian supplies, enhancing regional energy security.

- **India's Renewable Energy Initiatives**: The Adani Group's 1,126 MW Battery Energy Storage System project aims to tackle natural gas demand issues and improve grid reliability in India.

- **Global Renewable Energy Investments**: Significant investments in renewable energy projects worldwide, including partnerships for battery storage and carbon capture, reflect a commitment to sustainability.

- **Saudi Arabia's Natural Gas Production**: Increased focus on natural gas production to diversify energy portfolio and reduce oil dependence, addressing rising electricity demand.

- **China's Renewable Energy Growth**: Solar generation up 46% and wind by 11%, despite pricing challenges, indicating a strong push towards cleaner energy sources.

- **Carbon Capture and Storage (CCS) Initiatives**: Growing momentum in CCS projects globally, with strategic partnerships aimed at enhancing energy infrastructure and reducing emissions.

- **Regional Energy Cooperation in GCC**: Investments in renewable energy and interconnected grids among GCC countries to enhance energy security and promote sustainable practices.",Calisen and Octopus Group Forge €100 Million Partnership to Boost Carbon Capture and Energy Efficiency,"The recent initiatives in carbon capture and storage (CCS) are gaining momentum, particularly with strategic partnerships aimed at enhancing energy infrastructure. Notably, Calisen Group's EUR100 million collaboration with Octopus Group's Energy Metering Germany marks a significant step towards modernizing energy management systems. Led by Claus Fest, the initiative focuses on deploying intelligent metering systems that are essential for improving energy efficiency and supporting the transition to sustainable energy sources. This aligns with broader European objectives to accelerate the energy transition and promote private sector investment in carbon capture technologies, highlighting the critical role of CCS in achieving climate goals.",SolarQuarter,Masdar Signs Landmark Agreement to Develop Uzbekistan's Largest Battery Energy Storage Project,"Global clean energy leader Masdar has signed a Battery Storage Service Agreement with JSC Uzenergosotish, Uzbekistan's state-owned joint-stock company, to develop the country's largest standalone battery energy storage system (BESS) - a major step in advancing grid reliability and renewable integration across the nation.",5,"Masdar's agreement with JSC Uzenergosotish to develop Uzbekistan's largest battery energy storage system highlights a significant advancement in renewable energy integration and grid reliability, reflecting the global trend towards increased investments in sustainable energy solutions.",5,Moderate,Positive,Medium
2025-11-11,"- **Gas Supply Cut in Ukraine**: Complete cut-off of gas supply in Lyman highlights vulnerabilities in Ukraine's energy infrastructure amid ongoing conflict, stressing the need for resilient energy systems.

- **Natural Gas Demand Surge in North America**: Increased demand and storage constraints emphasize the critical role of natural gas storage for energy security and price stability.

- **Geopolitical Tensions Affecting LNG Supply**: Legal disputes involving Venture Global and major energy companies over LNG delivery failures amid rising prices reflect the complexities of securing reliable energy supplies.

- **Egypt's LNG Exports**: Egypt boosts LNG exports to address Europe's energy crisis exacerbated by reduced Russian supplies, enhancing regional energy security.

- **India's Renewable Energy Initiatives**: The Adani Group's 1,126 MW Battery Energy Storage System project aims to tackle natural gas demand issues and improve grid reliability in India.

- **Global Renewable Energy Investments**: Significant investments in renewable energy projects worldwide, including partnerships for battery storage and carbon capture, reflect a commitment to sustainability.

- **Saudi Arabia's Natural Gas Production**: Increased focus on natural gas production to diversify energy portfolio and reduce oil dependence, addressing rising electricity demand.

- **China's Renewable Energy Growth**: Solar generation up 46% and wind by 11%, despite pricing challenges, indicating a strong push towards cleaner energy sources.

- **Carbon Capture and Storage (CCS) Initiatives**: Growing momentum in CCS projects globally, with strategic partnerships aimed at enhancing energy infrastructure and reducing emissions.

- **Regional Energy Cooperation in GCC**: Investments in renewable energy and interconnected grids among GCC countries to enhance energy security and promote sustainable practices.","Adani Group's 1,126 MW Battery Storage Project Aims to Tackle India's Natural Gas Demand Crisis","India is facing significant challenges in meeting its natural gas demand due to inadequate infrastructure and the need for enhanced energy management solutions. The country's transition to a low-carbon economy necessitates the integration of renewable energy sources, which is currently hampered by transmission congestion and peak load pressures. The Adani Group's recent announcement of a 1,126 MW / 3,530 MWh Battery Energy Storage System (BESS) project in Khavda, Gujarat, represents a strategic effort to address these issues. This initiative aims to improve grid reliability and facilitate the integration of renewable energy, thereby supporting India's growing energy needs. As the demand for natural gas continues to rise, investments in energy storage and infrastructure will be crucial for ensuring a sustainable and reliable energy future.",Financial Express,Adani Group enters battery energy storage sector with one of the world's largest projects Ahmedabad,"Once completed, it will enhance energy shifting and peak load management capabilities, playing a vital role in decarbonizing the power sector. Describing the initiative as a ""strategic leap"" in the nation's energy transition, Adani Group Chairman Gautam Adani said, ""Energy storage is the cornerstone of a renewable-powered future. With this historic project, we are not only setting global benchmarks but also reinforcing our commitment to India's energy independence and sustainability. This initiative will enable us to deliver reliable, clean, and affordable energy solutions at scale.""",6,"Adani Group's 1,126 MW Battery Storage Project is a strategic initiative aimed at enhancing energy management and supporting India's transition to renewable energy, thereby addressing the natural gas demand crisis and promoting energy independence.",6,New,Positive,High
2025-11-11,"- **Gas Supply Cut in Ukraine**: Complete cut-off of gas supply in Lyman highlights vulnerabilities in Ukraine's energy infrastructure amid ongoing conflict, stressing the need for resilient energy systems.

- **Natural Gas Demand Surge in North America**: Increased demand and storage constraints emphasize the critical role of natural gas storage for energy security and price stability.

- **Geopolitical Tensions Affecting LNG Supply**: Legal disputes involving Venture Global and major energy companies over LNG delivery failures amid rising prices reflect the complexities of securing reliable energy supplies.

- **Egypt's LNG Exports**: Egypt boosts LNG exports to address Europe's energy crisis exacerbated by reduced Russian supplies, enhancing regional energy security.

- **India's Renewable Energy Initiatives**: The Adani Group's 1,126 MW Battery Energy Storage System project aims to tackle natural gas demand issues and improve grid reliability in India.

- **Global Renewable Energy Investments**: Significant investments in renewable energy projects worldwide, including partnerships for battery storage and carbon capture, reflect a commitment to sustainability.

- **Saudi Arabia's Natural Gas Production**: Increased focus on natural gas production to diversify energy portfolio and reduce oil dependence, addressing rising electricity demand.

- **China's Renewable Energy Growth**: Solar generation up 46% and wind by 11%, despite pricing challenges, indicating a strong push towards cleaner energy sources.

- **Carbon Capture and Storage (CCS) Initiatives**: Growing momentum in CCS projects globally, with strategic partnerships aimed at enhancing energy infrastructure and reducing emissions.

- **Regional Energy Cooperation in GCC**: Investments in renewable energy and interconnected grids among GCC countries to enhance energy security and promote sustainable practices.","Adani Group's 1,126 MW Battery Storage Project Aims to Tackle India's Natural Gas Demand Crisis","India is facing significant challenges in meeting its natural gas demand due to inadequate infrastructure and the need for enhanced energy management solutions. The country's transition to a low-carbon economy necessitates the integration of renewable energy sources, which is currently hampered by transmission congestion and peak load pressures. The Adani Group's recent announcement of a 1,126 MW / 3,530 MWh Battery Energy Storage System (BESS) project in Khavda, Gujarat, represents a strategic effort to address these issues. This initiative aims to improve grid reliability and facilitate the integration of renewable energy, thereby supporting India's growing energy needs. As the demand for natural gas continues to rise, investments in energy storage and infrastructure will be crucial for ensuring a sustainable and reliable energy future.",Financial Express,Adani Group enters battery energy storage sector with one of the world's largest projects Ahmedabad,"The initiative aims to support the country's transition to a low-carbon economy by enhancing grid reliability, easing peak load pressures, reducing transmission congestion, and mitigating solar curtailment. The deployment is in the advanced stages at Khavda, home to the world's largest renewable energy plant. Built on lithium-ion battery technology, the system is being integrated with advanced energy management tools to optimize performance and reliability.",6,"Adani Group's 1,126 MW Battery Storage Project at Khavda aims to enhance grid reliability and support India's low-carbon transition by addressing peak load pressures and solar curtailment.",6,New,Positive,High
2025-11-11,"- **Gas Supply Cut in Ukraine**: Complete cut-off of gas supply in Lyman highlights vulnerabilities in Ukraine's energy infrastructure amid ongoing conflict, stressing the need for resilient energy systems.

- **Natural Gas Demand Surge in North America**: Increased demand and storage constraints emphasize the critical role of natural gas storage for energy security and price stability.

- **Geopolitical Tensions Affecting LNG Supply**: Legal disputes involving Venture Global and major energy companies over LNG delivery failures amid rising prices reflect the complexities of securing reliable energy supplies.

- **Egypt's LNG Exports**: Egypt boosts LNG exports to address Europe's energy crisis exacerbated by reduced Russian supplies, enhancing regional energy security.

- **India's Renewable Energy Initiatives**: The Adani Group's 1,126 MW Battery Energy Storage System project aims to tackle natural gas demand issues and improve grid reliability in India.

- **Global Renewable Energy Investments**: Significant investments in renewable energy projects worldwide, including partnerships for battery storage and carbon capture, reflect a commitment to sustainability.

- **Saudi Arabia's Natural Gas Production**: Increased focus on natural gas production to diversify energy portfolio and reduce oil dependence, addressing rising electricity demand.

- **China's Renewable Energy Growth**: Solar generation up 46% and wind by 11%, despite pricing challenges, indicating a strong push towards cleaner energy sources.

- **Carbon Capture and Storage (CCS) Initiatives**: Growing momentum in CCS projects globally, with strategic partnerships aimed at enhancing energy infrastructure and reducing emissions.

- **Regional Energy Cooperation in GCC**: Investments in renewable energy and interconnected grids among GCC countries to enhance energy security and promote sustainable practices.","Adani Group's 1,126 MW Battery Storage Project Aims to Tackle India's Natural Gas Demand Crisis","India is facing significant challenges in meeting its natural gas demand due to inadequate infrastructure and the need for enhanced energy management solutions. The country's transition to a low-carbon economy necessitates the integration of renewable energy sources, which is currently hampered by transmission congestion and peak load pressures. The Adani Group's recent announcement of a 1,126 MW / 3,530 MWh Battery Energy Storage System (BESS) project in Khavda, Gujarat, represents a strategic effort to address these issues. This initiative aims to improve grid reliability and facilitate the integration of renewable energy, thereby supporting India's growing energy needs. As the demand for natural gas continues to rise, investments in energy storage and infrastructure will be crucial for ensuring a sustainable and reliable energy future.",Financial Express,Adani Group enters battery energy storage sector with one of the world's largest projects Ahmedabad,"The Adani Group on Tuesday announced its strategic entry into the Battery Energy Storage Systems (BESS) sector with a pioneering 1126 MW / 3530 MWh project, marking one of the world's largest single-location BESS deployments and the largest in India.",6,"Adani Group's launch of a 1,126 MW Battery Energy Storage System positions it as a leader in India's energy transition, addressing the country's natural gas demand crisis through innovative storage solutions.",6,New,Positive,High
2025-11-11,"- **Gas Supply Cut in Ukraine**: Complete cut-off of gas supply in Lyman highlights vulnerabilities in Ukraine's energy infrastructure amid ongoing conflict, stressing the need for resilient energy systems.

- **Natural Gas Demand Surge in North America**: Increased demand and storage constraints emphasize the critical role of natural gas storage for energy security and price stability.

- **Geopolitical Tensions Affecting LNG Supply**: Legal disputes involving Venture Global and major energy companies over LNG delivery failures amid rising prices reflect the complexities of securing reliable energy supplies.

- **Egypt's LNG Exports**: Egypt boosts LNG exports to address Europe's energy crisis exacerbated by reduced Russian supplies, enhancing regional energy security.

- **India's Renewable Energy Initiatives**: The Adani Group's 1,126 MW Battery Energy Storage System project aims to tackle natural gas demand issues and improve grid reliability in India.

- **Global Renewable Energy Investments**: Significant investments in renewable energy projects worldwide, including partnerships for battery storage and carbon capture, reflect a commitment to sustainability.

- **Saudi Arabia's Natural Gas Production**: Increased focus on natural gas production to diversify energy portfolio and reduce oil dependence, addressing rising electricity demand.

- **China's Renewable Energy Growth**: Solar generation up 46% and wind by 11%, despite pricing challenges, indicating a strong push towards cleaner energy sources.

- **Carbon Capture and Storage (CCS) Initiatives**: Growing momentum in CCS projects globally, with strategic partnerships aimed at enhancing energy infrastructure and reducing emissions.

- **Regional Energy Cooperation in GCC**: Investments in renewable energy and interconnected grids among GCC countries to enhance energy security and promote sustainable practices.","Adani Group's 1,126 MW Battery Storage Project Aims to Tackle India's Natural Gas Demand Crisis","India is facing significant challenges in meeting its natural gas demand due to inadequate infrastructure and the need for enhanced energy management solutions. The country's transition to a low-carbon economy necessitates the integration of renewable energy sources, which is currently hampered by transmission congestion and peak load pressures. The Adani Group's recent announcement of a 1,126 MW / 3,530 MWh Battery Energy Storage System (BESS) project in Khavda, Gujarat, represents a strategic effort to address these issues. This initiative aims to improve grid reliability and facilitate the integration of renewable energy, thereby supporting India's growing energy needs. As the demand for natural gas continues to rise, investments in energy storage and infrastructure will be crucial for ensuring a sustainable and reliable energy future.",Financial Express,Adani Group enters battery energy storage sector with one of the world's largest projects Ahmedabad,"About the project
The project, comprising over 700 BESS containers, will be commissioned by March 2026. According to the Group's press release, the project is a major milestone in India's renewable energy journey, strengthening energy security and ensuring round-the-clock clean electricity supply.",6,"Adani Group's 1,126 MW Battery Storage Project, set to be operational by March 2026, aims to enhance India's renewable energy capacity and address the natural gas demand crisis by providing reliable, round-the-clock clean electricity.",6,New,Positive,High
2025-11-11,"- **Gas Supply Cut in Ukraine**: Complete cut-off of gas supply in Lyman highlights vulnerabilities in Ukraine's energy infrastructure amid ongoing conflict, stressing the need for resilient energy systems.

- **Natural Gas Demand Surge in North America**: Increased demand and storage constraints emphasize the critical role of natural gas storage for energy security and price stability.

- **Geopolitical Tensions Affecting LNG Supply**: Legal disputes involving Venture Global and major energy companies over LNG delivery failures amid rising prices reflect the complexities of securing reliable energy supplies.

- **Egypt's LNG Exports**: Egypt boosts LNG exports to address Europe's energy crisis exacerbated by reduced Russian supplies, enhancing regional energy security.

- **India's Renewable Energy Initiatives**: The Adani Group's 1,126 MW Battery Energy Storage System project aims to tackle natural gas demand issues and improve grid reliability in India.

- **Global Renewable Energy Investments**: Significant investments in renewable energy projects worldwide, including partnerships for battery storage and carbon capture, reflect a commitment to sustainability.

- **Saudi Arabia's Natural Gas Production**: Increased focus on natural gas production to diversify energy portfolio and reduce oil dependence, addressing rising electricity demand.

- **China's Renewable Energy Growth**: Solar generation up 46% and wind by 11%, despite pricing challenges, indicating a strong push towards cleaner energy sources.

- **Carbon Capture and Storage (CCS) Initiatives**: Growing momentum in CCS projects globally, with strategic partnerships aimed at enhancing energy infrastructure and reducing emissions.

- **Regional Energy Cooperation in GCC**: Investments in renewable energy and interconnected grids among GCC countries to enhance energy security and promote sustainable practices.","Adani Group's 1,126 MW Battery Storage Project Aims to Tackle India's Natural Gas Demand Crisis","India is facing significant challenges in meeting its natural gas demand due to inadequate infrastructure and the need for enhanced energy management solutions. The country's transition to a low-carbon economy necessitates the integration of renewable energy sources, which is currently hampered by transmission congestion and peak load pressures. The Adani Group's recent announcement of a 1,126 MW / 3,530 MWh Battery Energy Storage System (BESS) project in Khavda, Gujarat, represents a strategic effort to address these issues. This initiative aims to improve grid reliability and facilitate the integration of renewable energy, thereby supporting India's growing energy needs. As the demand for natural gas continues to rise, investments in energy storage and infrastructure will be crucial for ensuring a sustainable and reliable energy future.",The Economic Times,"Adani Group enters battery storage sector with 3,530 MWh project","It added that the facility will enhance grid stability, enable round-the-clock clean electricity, and support India's transition toward a low-carbon economy. The large-scale system aims to ease peak load pressures, reduce transmission congestion, and mitigate solar curtailment while improving power reliability.",6,"Adani Group's 1,126 MW Battery Storage Project will enhance grid stability and reliability, support clean electricity availability, and aid India's transition to a low-carbon economy by addressing peak load pressures and reducing transmission congestion.",6,New,Positive,High
2025-11-11,"- **Gas Supply Cut in Ukraine**: Complete cut-off of gas supply in Lyman highlights vulnerabilities in Ukraine's energy infrastructure amid ongoing conflict, stressing the need for resilient energy systems.

- **Natural Gas Demand Surge in North America**: Increased demand and storage constraints emphasize the critical role of natural gas storage for energy security and price stability.

- **Geopolitical Tensions Affecting LNG Supply**: Legal disputes involving Venture Global and major energy companies over LNG delivery failures amid rising prices reflect the complexities of securing reliable energy supplies.

- **Egypt's LNG Exports**: Egypt boosts LNG exports to address Europe's energy crisis exacerbated by reduced Russian supplies, enhancing regional energy security.

- **India's Renewable Energy Initiatives**: The Adani Group's 1,126 MW Battery Energy Storage System project aims to tackle natural gas demand issues and improve grid reliability in India.

- **Global Renewable Energy Investments**: Significant investments in renewable energy projects worldwide, including partnerships for battery storage and carbon capture, reflect a commitment to sustainability.

- **Saudi Arabia's Natural Gas Production**: Increased focus on natural gas production to diversify energy portfolio and reduce oil dependence, addressing rising electricity demand.

- **China's Renewable Energy Growth**: Solar generation up 46% and wind by 11%, despite pricing challenges, indicating a strong push towards cleaner energy sources.

- **Carbon Capture and Storage (CCS) Initiatives**: Growing momentum in CCS projects globally, with strategic partnerships aimed at enhancing energy infrastructure and reducing emissions.

- **Regional Energy Cooperation in GCC**: Investments in renewable energy and interconnected grids among GCC countries to enhance energy security and promote sustainable practices.","Adani Group's 1,126 MW Battery Storage Project Aims to Tackle India's Natural Gas Demand Crisis","India is facing significant challenges in meeting its natural gas demand due to inadequate infrastructure and the need for enhanced energy management solutions. The country's transition to a low-carbon economy necessitates the integration of renewable energy sources, which is currently hampered by transmission congestion and peak load pressures. The Adani Group's recent announcement of a 1,126 MW / 3,530 MWh Battery Energy Storage System (BESS) project in Khavda, Gujarat, represents a strategic effort to address these issues. This initiative aims to improve grid reliability and facilitate the integration of renewable energy, thereby supporting India's growing energy needs. As the demand for natural gas continues to rise, investments in energy storage and infrastructure will be crucial for ensuring a sustainable and reliable energy future.",The Economic Times,"Adani Group enters battery storage sector with 3,530 MWh project","Adani Group on Tuesday announced its strategic entry into the battery energy storage sector with a 1,126 MW/3,530 MWh Battery Energy Storage System (BESS) project - one of the world's largest single-location installations.",6,"Adani Group's launch of a 1,126 MW Battery Energy Storage System positions it as a key player in addressing India's natural gas demand crisis through renewable energy solutions.",6,New,Positive,High
2025-11-11,"- **Gas Supply Cut in Ukraine**: Complete cut-off of gas supply in Lyman highlights vulnerabilities in Ukraine's energy infrastructure amid ongoing conflict, stressing the need for resilient energy systems.

- **Natural Gas Demand Surge in North America**: Increased demand and storage constraints emphasize the critical role of natural gas storage for energy security and price stability.

- **Geopolitical Tensions Affecting LNG Supply**: Legal disputes involving Venture Global and major energy companies over LNG delivery failures amid rising prices reflect the complexities of securing reliable energy supplies.

- **Egypt's LNG Exports**: Egypt boosts LNG exports to address Europe's energy crisis exacerbated by reduced Russian supplies, enhancing regional energy security.

- **India's Renewable Energy Initiatives**: The Adani Group's 1,126 MW Battery Energy Storage System project aims to tackle natural gas demand issues and improve grid reliability in India.

- **Global Renewable Energy Investments**: Significant investments in renewable energy projects worldwide, including partnerships for battery storage and carbon capture, reflect a commitment to sustainability.

- **Saudi Arabia's Natural Gas Production**: Increased focus on natural gas production to diversify energy portfolio and reduce oil dependence, addressing rising electricity demand.

- **China's Renewable Energy Growth**: Solar generation up 46% and wind by 11%, despite pricing challenges, indicating a strong push towards cleaner energy sources.

- **Carbon Capture and Storage (CCS) Initiatives**: Growing momentum in CCS projects globally, with strategic partnerships aimed at enhancing energy infrastructure and reducing emissions.

- **Regional Energy Cooperation in GCC**: Investments in renewable energy and interconnected grids among GCC countries to enhance energy security and promote sustainable practices.",Global Surge in Renewable Energy Investments Driven by Sustainability and Reliability Initiatives,"Renewable energy investments are gaining momentum globally, driven by both private sector initiatives and international collaborations. In South Africa, mining companies and retailers are investing in solar and wind resources to combat load-shedding and rising electricity costs, aligning with sustainability goals while ensuring reliable power. Meanwhile, Masdar's partnership with Uzbekistan's JSC Uzenergosotish to develop a 300 MW / 600 MWh battery energy storage system marks a significant step towards enhancing grid reliability and supporting Uzbekistan's target of generating 54% of its electricity from renewables by 2030. In Canada, the government is pursuing partnerships with Indonesia to advance carbon capture and storage (CCS) technologies, recognizing their importance in reducing emissions while maintaining a robust oil and gas sector. The U.S. is also making strides in CCS implementation, crucial for decarbonizing hard-to-abate industries like cement and steel. However, Europe faces challenges in establishing effective regulatory frameworks for CCS. Overall, these developments reflect a broader commitment to sustainable energy solutions and the transition towards a net-zero future.",SolarQuarter,Masdar Signs Landmark Agreement to Develop Uzbekistan's Largest Battery Energy Storage Project,"Global clean energy leader Masdar has signed a Battery Storage Service Agreement with JSC Uzenergosotish, Uzbekistan's state-owned joint-stock company, to develop the country's largest standalone battery energy storage system (BESS) - a major step in advancing grid reliability and renewable integration across the nation.",6,"Masdar's agreement with JSC Uzenergosotish to develop Uzbekistan's largest battery energy storage system highlights a significant advancement in renewable energy integration and grid reliability, reflecting the global trend towards increased investments in sustainable energy solutions.",6,New,Negative,High
2025-11-11,"- **Gas Supply Cut in Ukraine**: Complete cut-off of gas supply in Lyman highlights vulnerabilities in Ukraine's energy infrastructure amid ongoing conflict, stressing the need for resilient energy systems.

- **Natural Gas Demand Surge in North America**: Increased demand and storage constraints emphasize the critical role of natural gas storage for energy security and price stability.

- **Geopolitical Tensions Affecting LNG Supply**: Legal disputes involving Venture Global and major energy companies over LNG delivery failures amid rising prices reflect the complexities of securing reliable energy supplies.

- **Egypt's LNG Exports**: Egypt boosts LNG exports to address Europe's energy crisis exacerbated by reduced Russian supplies, enhancing regional energy security.

- **India's Renewable Energy Initiatives**: The Adani Group's 1,126 MW Battery Energy Storage System project aims to tackle natural gas demand issues and improve grid reliability in India.

- **Global Renewable Energy Investments**: Significant investments in renewable energy projects worldwide, including partnerships for battery storage and carbon capture, reflect a commitment to sustainability.

- **Saudi Arabia's Natural Gas Production**: Increased focus on natural gas production to diversify energy portfolio and reduce oil dependence, addressing rising electricity demand.

- **China's Renewable Energy Growth**: Solar generation up 46% and wind by 11%, despite pricing challenges, indicating a strong push towards cleaner energy sources.

- **Carbon Capture and Storage (CCS) Initiatives**: Growing momentum in CCS projects globally, with strategic partnerships aimed at enhancing energy infrastructure and reducing emissions.

- **Regional Energy Cooperation in GCC**: Investments in renewable energy and interconnected grids among GCC countries to enhance energy security and promote sustainable practices.",Calisen and Octopus Group Forge €100 Million Partnership to Boost Carbon Capture and Energy Efficiency,"The recent initiatives in carbon capture and storage (CCS) are gaining momentum, particularly with strategic partnerships aimed at enhancing energy infrastructure. Notably, Calisen Group's EUR100 million collaboration with Octopus Group's Energy Metering Germany marks a significant step towards modernizing energy management systems. Led by Claus Fest, the initiative focuses on deploying intelligent metering systems that are essential for improving energy efficiency and supporting the transition to sustainable energy sources. This aligns with broader European objectives to accelerate the energy transition and promote private sector investment in carbon capture technologies, highlighting the critical role of CCS in achieving climate goals.",LaGrange Daily News,Calisen launches in Germany with EUR100 million smart metering partnership with Octopus Group's Energy Metering Germany and appointment of,"Claus Fest, Managing Director at Calisen, based in Germany, added:
""We believe the German market has huge potential to accelerate its energy transition and we are establishing a team on the ground to support this transformation. I am looking forward to working with Energy Metering and proud to support the nationwide roll out of IMSys. With EMG we've positioned smart metering as an investable asset - unlocking private sector capital that will be essential to delivering the scale and pace required.""",5,"Calisen's commitment to establishing a team in Germany highlights the country's potential for accelerating its energy transition, emphasizing the role of smart metering as a key investment to attract private sector capital.",5,Moderate,Positive,Medium
2025-11-11,"- **Gas Supply Cut in Ukraine**: Complete cut-off of gas supply in Lyman highlights vulnerabilities in Ukraine's energy infrastructure amid ongoing conflict, stressing the need for resilient energy systems.

- **Natural Gas Demand Surge in North America**: Increased demand and storage constraints emphasize the critical role of natural gas storage for energy security and price stability.

- **Geopolitical Tensions Affecting LNG Supply**: Legal disputes involving Venture Global and major energy companies over LNG delivery failures amid rising prices reflect the complexities of securing reliable energy supplies.

- **Egypt's LNG Exports**: Egypt boosts LNG exports to address Europe's energy crisis exacerbated by reduced Russian supplies, enhancing regional energy security.

- **India's Renewable Energy Initiatives**: The Adani Group's 1,126 MW Battery Energy Storage System project aims to tackle natural gas demand issues and improve grid reliability in India.

- **Global Renewable Energy Investments**: Significant investments in renewable energy projects worldwide, including partnerships for battery storage and carbon capture, reflect a commitment to sustainability.

- **Saudi Arabia's Natural Gas Production**: Increased focus on natural gas production to diversify energy portfolio and reduce oil dependence, addressing rising electricity demand.

- **China's Renewable Energy Growth**: Solar generation up 46% and wind by 11%, despite pricing challenges, indicating a strong push towards cleaner energy sources.

- **Carbon Capture and Storage (CCS) Initiatives**: Growing momentum in CCS projects globally, with strategic partnerships aimed at enhancing energy infrastructure and reducing emissions.

- **Regional Energy Cooperation in GCC**: Investments in renewable energy and interconnected grids among GCC countries to enhance energy security and promote sustainable practices.",Global Energy Transition Accelerates with Major Storage Projects Amid Investment Concerns,"Recent developments in energy storage and related initiatives highlight a global shift towards sustainable energy solutions. Masdar's partnership with JSC Uzenergosotish to create Uzbekistan's largest battery energy storage project aims to bolster grid resilience and facilitate the integration of renewable energy sources, reflecting a broader trend in Central Asia. Meanwhile, Shell's withdrawal from major offshore wind projects raises concerns about the future of renewable investments amid economic challenges, potentially impacting the UK's renewable energy targets. In Germany, Calisen Group's launch of smart metering systems through a partnership with Energy Metering Germany represents a significant investment in energy transition, enhancing grid flexibility and consumer access to low-carbon technologies. Additionally, Nigeria's efforts to reduce crude oil theft and implement the Gas Flare Commercialization Programme are pivotal for transforming its energy landscape, promoting energy security, and supporting environmental sustainability. These initiatives collectively underscore the importance of energy storage and smart technologies in advancing global energy transitions.",Forbes.com,Masdar Signs Agreement To Develop Standalone Battery Energy Storage Project In Uzbekistan,"Masdar has signed an agreement with JSC Uzenergosotish to develop Uzbekistan's largest standalone battery energy storage (BESS) project.""",2,"Masdar partners with JSC Uzenergosotish to develop Uzbekistan's largest battery energy storage project, highlighting the acceleration of global energy transition amid investment challenges.",2,New,Positive,High
2025-11-11,"- **Gas Supply Cut in Ukraine**: Complete cut-off of gas supply in Lyman highlights vulnerabilities in Ukraine's energy infrastructure amid ongoing conflict, stressing the need for resilient energy systems.

- **Natural Gas Demand Surge in North America**: Increased demand and storage constraints emphasize the critical role of natural gas storage for energy security and price stability.

- **Geopolitical Tensions Affecting LNG Supply**: Legal disputes involving Venture Global and major energy companies over LNG delivery failures amid rising prices reflect the complexities of securing reliable energy supplies.

- **Egypt's LNG Exports**: Egypt boosts LNG exports to address Europe's energy crisis exacerbated by reduced Russian supplies, enhancing regional energy security.

- **India's Renewable Energy Initiatives**: The Adani Group's 1,126 MW Battery Energy Storage System project aims to tackle natural gas demand issues and improve grid reliability in India.

- **Global Renewable Energy Investments**: Significant investments in renewable energy projects worldwide, including partnerships for battery storage and carbon capture, reflect a commitment to sustainability.

- **Saudi Arabia's Natural Gas Production**: Increased focus on natural gas production to diversify energy portfolio and reduce oil dependence, addressing rising electricity demand.

- **China's Renewable Energy Growth**: Solar generation up 46% and wind by 11%, despite pricing challenges, indicating a strong push towards cleaner energy sources.

- **Carbon Capture and Storage (CCS) Initiatives**: Growing momentum in CCS projects globally, with strategic partnerships aimed at enhancing energy infrastructure and reducing emissions.

- **Regional Energy Cooperation in GCC**: Investments in renewable energy and interconnected grids among GCC countries to enhance energy security and promote sustainable practices.","India Targets 5 Million Tonnes of Green Hydrogen by 2030, Paving Way for 600,000 Jobs and CO2 Reduction","India is advancing its green hydrogen mission with a target of producing 5 million metric tonnes annually by 2030, supported by significant government investment aimed at creating over 600,000 green jobs and reducing CO2 emissions. This initiative reflects India's commitment to a low-carbon economy and positions it as a potential leader in the green hydrogen sector, contributing to global energy security. Meanwhile, Saudi Aramco's development of natural gas production at the Jafurah field addresses the rising electricity demand from AI data centers and industrial hubs, showcasing the intersection of energy production and technological advancement. This strategic focus on natural gas underscores its role as a bridge fuel in Saudi Arabia's broader energy transition goals, emphasizing the importance of reliable energy sources in the shift towards sustainable energy solutions.",The Punch,JUST IN: Protest rocks N'Assembly over delayed NERC chair confirmation,"Ramat's nomination remains suspended pending further legislative and public review, amid heightened national frustration over electricity tariffs and poor power supply across the country.",3,"Ramat's suspended nomination highlights ongoing national concerns about electricity tariffs and power supply, which may impact India's green hydrogen goals and job creation efforts.",3,New,Positive,High
2025-11-11,"- **Gas Supply Cut in Ukraine**: Complete cut-off of gas supply in Lyman highlights vulnerabilities in Ukraine's energy infrastructure amid ongoing conflict, stressing the need for resilient energy systems.

- **Natural Gas Demand Surge in North America**: Increased demand and storage constraints emphasize the critical role of natural gas storage for energy security and price stability.

- **Geopolitical Tensions Affecting LNG Supply**: Legal disputes involving Venture Global and major energy companies over LNG delivery failures amid rising prices reflect the complexities of securing reliable energy supplies.

- **Egypt's LNG Exports**: Egypt boosts LNG exports to address Europe's energy crisis exacerbated by reduced Russian supplies, enhancing regional energy security.

- **India's Renewable Energy Initiatives**: The Adani Group's 1,126 MW Battery Energy Storage System project aims to tackle natural gas demand issues and improve grid reliability in India.

- **Global Renewable Energy Investments**: Significant investments in renewable energy projects worldwide, including partnerships for battery storage and carbon capture, reflect a commitment to sustainability.

- **Saudi Arabia's Natural Gas Production**: Increased focus on natural gas production to diversify energy portfolio and reduce oil dependence, addressing rising electricity demand.

- **China's Renewable Energy Growth**: Solar generation up 46% and wind by 11%, despite pricing challenges, indicating a strong push towards cleaner energy sources.

- **Carbon Capture and Storage (CCS) Initiatives**: Growing momentum in CCS projects globally, with strategic partnerships aimed at enhancing energy infrastructure and reducing emissions.

- **Regional Energy Cooperation in GCC**: Investments in renewable energy and interconnected grids among GCC countries to enhance energy security and promote sustainable practices.",Global Surge in Renewable Energy Investments Driven by Sustainability and Reliability Initiatives,"Renewable energy investments are gaining momentum globally, driven by both private sector initiatives and international collaborations. In South Africa, mining companies and retailers are investing in solar and wind resources to combat load-shedding and rising electricity costs, aligning with sustainability goals while ensuring reliable power. Meanwhile, Masdar's partnership with Uzbekistan's JSC Uzenergosotish to develop a 300 MW / 600 MWh battery energy storage system marks a significant step towards enhancing grid reliability and supporting Uzbekistan's target of generating 54% of its electricity from renewables by 2030. In Canada, the government is pursuing partnerships with Indonesia to advance carbon capture and storage (CCS) technologies, recognizing their importance in reducing emissions while maintaining a robust oil and gas sector. The U.S. is also making strides in CCS implementation, crucial for decarbonizing hard-to-abate industries like cement and steel. However, Europe faces challenges in establishing effective regulatory frameworks for CCS. Overall, these developments reflect a broader commitment to sustainable energy solutions and the transition towards a net-zero future.",Tech Smart,The role of South African businesses in accelerating the Net Zero journey,"Renewable energy lies at the heart of South Africa's path to net zero. The country has some of the world's best solar and wind resources, and the private sector is already stepping in to supplement the state-owned power utility's constrained grid. Mining companies have begun investing heavily in their own renewable plants to ensure reliable power, reduce emissions and reinvent their business model for future relevance. Similarly, retailers and property developers are increasingly turning to rooftop solar and energy efficiency measures to both cut costs and align with sustainability targets. These moves are not only environmentally sound but also make strong business sense in a context of frequent load-shedding and rising electricity tariffs.",1,"South Africa's transition to net zero is fueled by private sector investments in renewable energy, driven by the need for reliable power and sustainability, as companies adopt solar and energy efficiency measures amidst rising electricity costs.",1,New,Negative,High
2025-11-11,"- **Gas Supply Cut in Ukraine**: Complete cut-off of gas supply in Lyman highlights vulnerabilities in Ukraine's energy infrastructure amid ongoing conflict, stressing the need for resilient energy systems.

- **Natural Gas Demand Surge in North America**: Increased demand and storage constraints emphasize the critical role of natural gas storage for energy security and price stability.

- **Geopolitical Tensions Affecting LNG Supply**: Legal disputes involving Venture Global and major energy companies over LNG delivery failures amid rising prices reflect the complexities of securing reliable energy supplies.

- **Egypt's LNG Exports**: Egypt boosts LNG exports to address Europe's energy crisis exacerbated by reduced Russian supplies, enhancing regional energy security.

- **India's Renewable Energy Initiatives**: The Adani Group's 1,126 MW Battery Energy Storage System project aims to tackle natural gas demand issues and improve grid reliability in India.

- **Global Renewable Energy Investments**: Significant investments in renewable energy projects worldwide, including partnerships for battery storage and carbon capture, reflect a commitment to sustainability.

- **Saudi Arabia's Natural Gas Production**: Increased focus on natural gas production to diversify energy portfolio and reduce oil dependence, addressing rising electricity demand.

- **China's Renewable Energy Growth**: Solar generation up 46% and wind by 11%, despite pricing challenges, indicating a strong push towards cleaner energy sources.

- **Carbon Capture and Storage (CCS) Initiatives**: Growing momentum in CCS projects globally, with strategic partnerships aimed at enhancing energy infrastructure and reducing emissions.

- **Regional Energy Cooperation in GCC**: Investments in renewable energy and interconnected grids among GCC countries to enhance energy security and promote sustainable practices.",Global Surge in Renewable Energy Investments Driven by Sustainability and Reliability Initiatives,"Renewable energy investments are gaining momentum globally, driven by both private sector initiatives and international collaborations. In South Africa, mining companies and retailers are investing in solar and wind resources to combat load-shedding and rising electricity costs, aligning with sustainability goals while ensuring reliable power. Meanwhile, Masdar's partnership with Uzbekistan's JSC Uzenergosotish to develop a 300 MW / 600 MWh battery energy storage system marks a significant step towards enhancing grid reliability and supporting Uzbekistan's target of generating 54% of its electricity from renewables by 2030. In Canada, the government is pursuing partnerships with Indonesia to advance carbon capture and storage (CCS) technologies, recognizing their importance in reducing emissions while maintaining a robust oil and gas sector. The U.S. is also making strides in CCS implementation, crucial for decarbonizing hard-to-abate industries like cement and steel. However, Europe faces challenges in establishing effective regulatory frameworks for CCS. Overall, these developments reflect a broader commitment to sustainable energy solutions and the transition towards a net-zero future.",SolarQuarter,Masdar Signs Landmark Agreement to Develop Uzbekistan's Largest Battery Energy Storage Project,"Strengthening Grid Stability and Renewable Integration
Phase 1 of the Zarafshan project will feature a 300MW / 600MWh storage facility connected to the Murunau Substation, capable of powering approximately 1.3 million households for two hours. A second phase will extend capacity by an additional 300MW / 600MWh, further bolstering Uzbekistan's grid flexibility.",6,"The Zarafshan project's phased development of a 600MW / 1,200MWh storage facility enhances Uzbekistan's grid stability and renewable energy integration, reflecting a broader trend in global investments aimed at sustainability and reliability.",6,New,Negative,High
2025-11-11,"- **Gas Supply Cut in Ukraine**: Complete cut-off of gas supply in Lyman highlights vulnerabilities in Ukraine's energy infrastructure amid ongoing conflict, stressing the need for resilient energy systems.

- **Natural Gas Demand Surge in North America**: Increased demand and storage constraints emphasize the critical role of natural gas storage for energy security and price stability.

- **Geopolitical Tensions Affecting LNG Supply**: Legal disputes involving Venture Global and major energy companies over LNG delivery failures amid rising prices reflect the complexities of securing reliable energy supplies.

- **Egypt's LNG Exports**: Egypt boosts LNG exports to address Europe's energy crisis exacerbated by reduced Russian supplies, enhancing regional energy security.

- **India's Renewable Energy Initiatives**: The Adani Group's 1,126 MW Battery Energy Storage System project aims to tackle natural gas demand issues and improve grid reliability in India.

- **Global Renewable Energy Investments**: Significant investments in renewable energy projects worldwide, including partnerships for battery storage and carbon capture, reflect a commitment to sustainability.

- **Saudi Arabia's Natural Gas Production**: Increased focus on natural gas production to diversify energy portfolio and reduce oil dependence, addressing rising electricity demand.

- **China's Renewable Energy Growth**: Solar generation up 46% and wind by 11%, despite pricing challenges, indicating a strong push towards cleaner energy sources.

- **Carbon Capture and Storage (CCS) Initiatives**: Growing momentum in CCS projects globally, with strategic partnerships aimed at enhancing energy infrastructure and reducing emissions.

- **Regional Energy Cooperation in GCC**: Investments in renewable energy and interconnected grids among GCC countries to enhance energy security and promote sustainable practices.",Natural Gas Demand Surge and Storage Constraints Drive Energy Security in North America,"The natural gas market is experiencing significant dynamics influenced by increasing demand and structural capacity constraints, particularly in North America. Analysts emphasize the critical role of natural gas storage in energy infrastructure, especially in regions like California and Alberta, where favorable market fundamentals are evident. This trend highlights the strategic importance of gas storage for energy security and price stability. In contrast, Kenya faces challenges in meeting its energy demands, leading to load shedding due to insufficient electricity generation, which underscores the need for investment in renewable energy sources. Meanwhile, Statkraft's initiatives in Brazil, including new solar farms and battery projects, reflect a broader shift towards renewable energy to reduce carbon emissions. Additionally, the US Department of Energy's investment in a coal-fed ammonia plant with integrated carbon capture and storage (CCS) illustrates efforts to mitigate emissions while maintaining industrial outputs. Together, these developments indicate a complex interplay of natural gas dynamics, renewable energy advancements, and the urgent need for sustainable energy solutions.",The Standard (Kenya),"While state agencies slept on the job, Kenya dipped into energy crisis","President William Ruto sparked a new debate after confirming that Kenya has been implementing load shedding due to insufficient electricity generation.
The President evoked memories of the late 1990s and 2000s, when industries and households had to grapple with power rationing, a crisis that gave rise to the privately operated, costly thermal power plants.",1,"Kenya's current load shedding due to inadequate electricity generation highlights the broader implications of energy security challenges, reminiscent of past crises that led to reliance on expensive thermal power solutions.",1,New,Positive,High
2025-11-11,"- **Gas Supply Cut in Ukraine**: Complete cut-off of gas supply in Lyman highlights vulnerabilities in Ukraine's energy infrastructure amid ongoing conflict, stressing the need for resilient energy systems.

- **Natural Gas Demand Surge in North America**: Increased demand and storage constraints emphasize the critical role of natural gas storage for energy security and price stability.

- **Geopolitical Tensions Affecting LNG Supply**: Legal disputes involving Venture Global and major energy companies over LNG delivery failures amid rising prices reflect the complexities of securing reliable energy supplies.

- **Egypt's LNG Exports**: Egypt boosts LNG exports to address Europe's energy crisis exacerbated by reduced Russian supplies, enhancing regional energy security.

- **India's Renewable Energy Initiatives**: The Adani Group's 1,126 MW Battery Energy Storage System project aims to tackle natural gas demand issues and improve grid reliability in India.

- **Global Renewable Energy Investments**: Significant investments in renewable energy projects worldwide, including partnerships for battery storage and carbon capture, reflect a commitment to sustainability.

- **Saudi Arabia's Natural Gas Production**: Increased focus on natural gas production to diversify energy portfolio and reduce oil dependence, addressing rising electricity demand.

- **China's Renewable Energy Growth**: Solar generation up 46% and wind by 11%, despite pricing challenges, indicating a strong push towards cleaner energy sources.

- **Carbon Capture and Storage (CCS) Initiatives**: Growing momentum in CCS projects globally, with strategic partnerships aimed at enhancing energy infrastructure and reducing emissions.

- **Regional Energy Cooperation in GCC**: Investments in renewable energy and interconnected grids among GCC countries to enhance energy security and promote sustainable practices.",Nuclear Energy's Role in the Global Shift Towards Sustainable Electrification,"Recent developments in nuclear energy are being influenced by broader trends in energy transition and decarbonization. Schneider Electric is engaging in global discussions, such as COP30 in Brazil, to promote electrification and digitalization as essential components for achieving sustainability. Their initiatives aim to mobilize various stakeholders towards transforming energy systems, which includes the potential for nuclear energy as a clean resource. In the U.S., states like Michigan are updating energy laws to increase renewable energy sources, reflecting a growing public interest in sustainable solutions. While the focus is on renewables, the integration of nuclear energy remains a critical aspect of the overall strategy to reduce reliance on fossil fuels and enhance energy efficiency. These trends indicate a collective movement towards a more sustainable energy future, where nuclear energy could play a significant role alongside renewables.",Benzinga,Schneider Electric Accelerates Industrial Decarbonization at COP30,"Schneider Electric will also take part in the Pavilion France at COP30, contributing to discussions on cross-border cooperation and inclusive energy transition.
Panel | Optimising demand, decarbonising supply: driving the energy transition forward.
Panel | Energy access and electrification in the Amazon and in French Guiana: a just transition for underserved communities.
Schneider Electric is consistently recognized as the world's most sustainable corporation, including by Corporate Knights (2021 and 2025), TIME magazine and Statista (2024 and 2025), and Sustainability Magazine (2025).",12,"Schneider Electric's participation in COP30 highlights its commitment to sustainable energy transition and cross-border cooperation, emphasizing the importance of inclusive electrification in the context of nuclear energy's role in achieving global sustainability goals.",12,New,Negative,High
2025-11-11,"- **Gas Supply Cut in Ukraine**: Complete cut-off of gas supply in Lyman highlights vulnerabilities in Ukraine's energy infrastructure amid ongoing conflict, stressing the need for resilient energy systems.

- **Natural Gas Demand Surge in North America**: Increased demand and storage constraints emphasize the critical role of natural gas storage for energy security and price stability.

- **Geopolitical Tensions Affecting LNG Supply**: Legal disputes involving Venture Global and major energy companies over LNG delivery failures amid rising prices reflect the complexities of securing reliable energy supplies.

- **Egypt's LNG Exports**: Egypt boosts LNG exports to address Europe's energy crisis exacerbated by reduced Russian supplies, enhancing regional energy security.

- **India's Renewable Energy Initiatives**: The Adani Group's 1,126 MW Battery Energy Storage System project aims to tackle natural gas demand issues and improve grid reliability in India.

- **Global Renewable Energy Investments**: Significant investments in renewable energy projects worldwide, including partnerships for battery storage and carbon capture, reflect a commitment to sustainability.

- **Saudi Arabia's Natural Gas Production**: Increased focus on natural gas production to diversify energy portfolio and reduce oil dependence, addressing rising electricity demand.

- **China's Renewable Energy Growth**: Solar generation up 46% and wind by 11%, despite pricing challenges, indicating a strong push towards cleaner energy sources.

- **Carbon Capture and Storage (CCS) Initiatives**: Growing momentum in CCS projects globally, with strategic partnerships aimed at enhancing energy infrastructure and reducing emissions.

- **Regional Energy Cooperation in GCC**: Investments in renewable energy and interconnected grids among GCC countries to enhance energy security and promote sustainable practices.",Nuclear Energy's Role in the Global Shift Towards Sustainable Electrification,"Recent developments in nuclear energy are being influenced by broader trends in energy transition and decarbonization. Schneider Electric is engaging in global discussions, such as COP30 in Brazil, to promote electrification and digitalization as essential components for achieving sustainability. Their initiatives aim to mobilize various stakeholders towards transforming energy systems, which includes the potential for nuclear energy as a clean resource. In the U.S., states like Michigan are updating energy laws to increase renewable energy sources, reflecting a growing public interest in sustainable solutions. While the focus is on renewables, the integration of nuclear energy remains a critical aspect of the overall strategy to reduce reliance on fossil fuels and enhance energy efficiency. These trends indicate a collective movement towards a more sustainable energy future, where nuclear energy could play a significant role alongside renewables.",Benzinga,Schneider Electric Accelerates Industrial Decarbonization at COP30,"The study is structured in three phases. The first phase presents prospective scenarios through 2050 for demand-driven decarbonization based on international experiences and impact analyses on energy, emissions, and technologies. Subsequent phases will be released throughout COP30. These will provide recommendations on industrial policies, electrification and efficiency strategies as well as detailed scenarios for achieving carbon neutrality in Brazilian industry. The initiative reinforces the importance of combining innovation, competitiveness, and environmental responsibility, positioning Brazil as a model for low-carbon development.",12,"The study outlines a phased approach to achieving carbon neutrality in Brazilian industry by 2050, emphasizing the integration of innovation and environmental responsibility, which highlights the potential role of nuclear energy in supporting sustainable electrification efforts.",12,New,Negative,High
2025-11-11,"- **Gas Supply Cut in Ukraine**: Complete cut-off of gas supply in Lyman highlights vulnerabilities in Ukraine's energy infrastructure amid ongoing conflict, stressing the need for resilient energy systems.

- **Natural Gas Demand Surge in North America**: Increased demand and storage constraints emphasize the critical role of natural gas storage for energy security and price stability.

- **Geopolitical Tensions Affecting LNG Supply**: Legal disputes involving Venture Global and major energy companies over LNG delivery failures amid rising prices reflect the complexities of securing reliable energy supplies.

- **Egypt's LNG Exports**: Egypt boosts LNG exports to address Europe's energy crisis exacerbated by reduced Russian supplies, enhancing regional energy security.

- **India's Renewable Energy Initiatives**: The Adani Group's 1,126 MW Battery Energy Storage System project aims to tackle natural gas demand issues and improve grid reliability in India.

- **Global Renewable Energy Investments**: Significant investments in renewable energy projects worldwide, including partnerships for battery storage and carbon capture, reflect a commitment to sustainability.

- **Saudi Arabia's Natural Gas Production**: Increased focus on natural gas production to diversify energy portfolio and reduce oil dependence, addressing rising electricity demand.

- **China's Renewable Energy Growth**: Solar generation up 46% and wind by 11%, despite pricing challenges, indicating a strong push towards cleaner energy sources.

- **Carbon Capture and Storage (CCS) Initiatives**: Growing momentum in CCS projects globally, with strategic partnerships aimed at enhancing energy infrastructure and reducing emissions.

- **Regional Energy Cooperation in GCC**: Investments in renewable energy and interconnected grids among GCC countries to enhance energy security and promote sustainable practices.",Nuclear Energy's Role in the Global Shift Towards Sustainable Electrification,"Recent developments in nuclear energy are being influenced by broader trends in energy transition and decarbonization. Schneider Electric is engaging in global discussions, such as COP30 in Brazil, to promote electrification and digitalization as essential components for achieving sustainability. Their initiatives aim to mobilize various stakeholders towards transforming energy systems, which includes the potential for nuclear energy as a clean resource. In the U.S., states like Michigan are updating energy laws to increase renewable energy sources, reflecting a growing public interest in sustainable solutions. While the focus is on renewables, the integration of nuclear energy remains a critical aspect of the overall strategy to reduce reliance on fossil fuels and enhance energy efficiency. These trends indicate a collective movement towards a more sustainable energy future, where nuclear energy could play a significant role alongside renewables.",Benzinga,Schneider Electric Accelerates Industrial Decarbonization at COP30,"""Ten years after the Paris Agreement, COP30 presents a turning point for the global climate action agenda,"" said Esther Finidori, Chief Sustainability Officer of Schneider Electric. ""We now have the tools, the ambition, and the global imperative to move from pledges to progress. When electrification meets digital intelligence, and when innovation meets inclusion, we unlock a transition that is faster, fairer, and more resilient. Brazil's leadership in this moment creates a unique opportunity for business, government, and communities to join forces. The climate challenge is global, and the pathway must be collective.""",12,"COP30 marks a pivotal moment for advancing global climate action, emphasizing the need for collective efforts in electrification and innovation, where nuclear energy can play a crucial role in achieving sustainable electrification goals.",12,New,Negative,High
2025-11-11,"- **Gas Supply Cut in Ukraine**: Complete cut-off of gas supply in Lyman highlights vulnerabilities in Ukraine's energy infrastructure amid ongoing conflict, stressing the need for resilient energy systems.

- **Natural Gas Demand Surge in North America**: Increased demand and storage constraints emphasize the critical role of natural gas storage for energy security and price stability.

- **Geopolitical Tensions Affecting LNG Supply**: Legal disputes involving Venture Global and major energy companies over LNG delivery failures amid rising prices reflect the complexities of securing reliable energy supplies.

- **Egypt's LNG Exports**: Egypt boosts LNG exports to address Europe's energy crisis exacerbated by reduced Russian supplies, enhancing regional energy security.

- **India's Renewable Energy Initiatives**: The Adani Group's 1,126 MW Battery Energy Storage System project aims to tackle natural gas demand issues and improve grid reliability in India.

- **Global Renewable Energy Investments**: Significant investments in renewable energy projects worldwide, including partnerships for battery storage and carbon capture, reflect a commitment to sustainability.

- **Saudi Arabia's Natural Gas Production**: Increased focus on natural gas production to diversify energy portfolio and reduce oil dependence, addressing rising electricity demand.

- **China's Renewable Energy Growth**: Solar generation up 46% and wind by 11%, despite pricing challenges, indicating a strong push towards cleaner energy sources.

- **Carbon Capture and Storage (CCS) Initiatives**: Growing momentum in CCS projects globally, with strategic partnerships aimed at enhancing energy infrastructure and reducing emissions.

- **Regional Energy Cooperation in GCC**: Investments in renewable energy and interconnected grids among GCC countries to enhance energy security and promote sustainable practices.",Nuclear Energy's Role in the Global Shift Towards Sustainable Electrification,"Recent developments in nuclear energy are being influenced by broader trends in energy transition and decarbonization. Schneider Electric is engaging in global discussions, such as COP30 in Brazil, to promote electrification and digitalization as essential components for achieving sustainability. Their initiatives aim to mobilize various stakeholders towards transforming energy systems, which includes the potential for nuclear energy as a clean resource. In the U.S., states like Michigan are updating energy laws to increase renewable energy sources, reflecting a growing public interest in sustainable solutions. While the focus is on renewables, the integration of nuclear energy remains a critical aspect of the overall strategy to reduce reliance on fossil fuels and enhance energy efficiency. These trends indicate a collective movement towards a more sustainable energy future, where nuclear energy could play a significant role alongside renewables.",Benzinga,Schneider Electric Accelerates Industrial Decarbonization at COP30,"Decarbonizing Brazilian industry
A new report from Schneider Electric's Sustainability Research Institute and the Brazilian Ministry of Development, Industry, Trade, and Services (MDIC) highlights Brazil's potential to lead global industrial transformation and achieve critical emissions reductions. The research explores the country's strategic advantages, including its clean and diversified energy matrix, green hydrogen potential, abundant natural resources, and central role in ecosystem preservation, providing insights for public policies and institutional decision-making.",12,"Brazil's clean energy resources and green hydrogen potential position it as a leader in industrial decarbonization, highlighting the importance of sustainable electrification in global emissions reduction efforts.",12,New,Negative,High
2025-11-11,"- **Gas Supply Cut in Ukraine**: Complete cut-off of gas supply in Lyman highlights vulnerabilities in Ukraine's energy infrastructure amid ongoing conflict, stressing the need for resilient energy systems.

- **Natural Gas Demand Surge in North America**: Increased demand and storage constraints emphasize the critical role of natural gas storage for energy security and price stability.

- **Geopolitical Tensions Affecting LNG Supply**: Legal disputes involving Venture Global and major energy companies over LNG delivery failures amid rising prices reflect the complexities of securing reliable energy supplies.

- **Egypt's LNG Exports**: Egypt boosts LNG exports to address Europe's energy crisis exacerbated by reduced Russian supplies, enhancing regional energy security.

- **India's Renewable Energy Initiatives**: The Adani Group's 1,126 MW Battery Energy Storage System project aims to tackle natural gas demand issues and improve grid reliability in India.

- **Global Renewable Energy Investments**: Significant investments in renewable energy projects worldwide, including partnerships for battery storage and carbon capture, reflect a commitment to sustainability.

- **Saudi Arabia's Natural Gas Production**: Increased focus on natural gas production to diversify energy portfolio and reduce oil dependence, addressing rising electricity demand.

- **China's Renewable Energy Growth**: Solar generation up 46% and wind by 11%, despite pricing challenges, indicating a strong push towards cleaner energy sources.

- **Carbon Capture and Storage (CCS) Initiatives**: Growing momentum in CCS projects globally, with strategic partnerships aimed at enhancing energy infrastructure and reducing emissions.

- **Regional Energy Cooperation in GCC**: Investments in renewable energy and interconnected grids among GCC countries to enhance energy security and promote sustainable practices.",Nuclear Energy's Role in the Global Shift Towards Sustainable Electrification,"Recent developments in nuclear energy are being influenced by broader trends in energy transition and decarbonization. Schneider Electric is engaging in global discussions, such as COP30 in Brazil, to promote electrification and digitalization as essential components for achieving sustainability. Their initiatives aim to mobilize various stakeholders towards transforming energy systems, which includes the potential for nuclear energy as a clean resource. In the U.S., states like Michigan are updating energy laws to increase renewable energy sources, reflecting a growing public interest in sustainable solutions. While the focus is on renewables, the integration of nuclear energy remains a critical aspect of the overall strategy to reduce reliance on fossil fuels and enhance energy efficiency. These trends indicate a collective movement towards a more sustainable energy future, where nuclear energy could play a significant role alongside renewables.",Benzinga,Schneider Electric Accelerates Industrial Decarbonization at COP30,"Belém, State of Pará, Brazil, Nov. 11, 2025 (GLOBE NEWSWIRE) -- Schneider Electric, a global energy technology leader, announces its participation in the 30th United Nations Climate Change Conference (COP30) in Belém, Brazil. The company arrives at the event mobilizing businesses, governments, and civil society around a practical agenda for energy and industrial transformation, aimed at boosting local economic resilience and promoting a just and inclusive transition.",12,"Schneider Electric's participation in COP30 highlights the collaborative efforts needed to integrate nuclear energy into sustainable electrification strategies, emphasizing economic resilience and inclusive transitions.",12,New,Negative,High
2025-11-11,"- **Gas Supply Cut in Ukraine**: Complete cut-off of gas supply in Lyman highlights vulnerabilities in Ukraine's energy infrastructure amid ongoing conflict, stressing the need for resilient energy systems.

- **Natural Gas Demand Surge in North America**: Increased demand and storage constraints emphasize the critical role of natural gas storage for energy security and price stability.

- **Geopolitical Tensions Affecting LNG Supply**: Legal disputes involving Venture Global and major energy companies over LNG delivery failures amid rising prices reflect the complexities of securing reliable energy supplies.

- **Egypt's LNG Exports**: Egypt boosts LNG exports to address Europe's energy crisis exacerbated by reduced Russian supplies, enhancing regional energy security.

- **India's Renewable Energy Initiatives**: The Adani Group's 1,126 MW Battery Energy Storage System project aims to tackle natural gas demand issues and improve grid reliability in India.

- **Global Renewable Energy Investments**: Significant investments in renewable energy projects worldwide, including partnerships for battery storage and carbon capture, reflect a commitment to sustainability.

- **Saudi Arabia's Natural Gas Production**: Increased focus on natural gas production to diversify energy portfolio and reduce oil dependence, addressing rising electricity demand.

- **China's Renewable Energy Growth**: Solar generation up 46% and wind by 11%, despite pricing challenges, indicating a strong push towards cleaner energy sources.

- **Carbon Capture and Storage (CCS) Initiatives**: Growing momentum in CCS projects globally, with strategic partnerships aimed at enhancing energy infrastructure and reducing emissions.

- **Regional Energy Cooperation in GCC**: Investments in renewable energy and interconnected grids among GCC countries to enhance energy security and promote sustainable practices.",Nuclear Energy's Role in the Global Shift Towards Sustainable Electrification,"Recent developments in nuclear energy are being influenced by broader trends in energy transition and decarbonization. Schneider Electric is engaging in global discussions, such as COP30 in Brazil, to promote electrification and digitalization as essential components for achieving sustainability. Their initiatives aim to mobilize various stakeholders towards transforming energy systems, which includes the potential for nuclear energy as a clean resource. In the U.S., states like Michigan are updating energy laws to increase renewable energy sources, reflecting a growing public interest in sustainable solutions. While the focus is on renewables, the integration of nuclear energy remains a critical aspect of the overall strategy to reduce reliance on fossil fuels and enhance energy efficiency. These trends indicate a collective movement towards a more sustainable energy future, where nuclear energy could play a significant role alongside renewables.",Yahoo! Finance,Schneider Electric Accelerates Industrial Decarbonization at COP30,"Schneider Electric presence on COP30 and SB COP agendas
In the Confederation of National Industry (CNI) space in the Blue Zone, the company will participate in panels and strategic conversations on clean energy, productive decarbonization, and future-ready talent development.
Fireside chat   The Global South as a key player in planetary sustainability. Manish Pant, Vice President of International Operations at Schneider Electric, and Esther Finidori, Chief Sustainability Officer at Schneider Electric, will discuss how emerging countries can lead planetary sustainability with inclusive and innovative solutions.",12,"Schneider Electric's participation in COP30 highlights the importance of clean energy and decarbonization, emphasizing the role of emerging countries in advancing sustainable electrification through innovative solutions.",12,New,Negative,High
2025-11-11,"- **Gas Supply Cut in Ukraine**: Complete cut-off of gas supply in Lyman highlights vulnerabilities in Ukraine's energy infrastructure amid ongoing conflict, stressing the need for resilient energy systems.

- **Natural Gas Demand Surge in North America**: Increased demand and storage constraints emphasize the critical role of natural gas storage for energy security and price stability.

- **Geopolitical Tensions Affecting LNG Supply**: Legal disputes involving Venture Global and major energy companies over LNG delivery failures amid rising prices reflect the complexities of securing reliable energy supplies.

- **Egypt's LNG Exports**: Egypt boosts LNG exports to address Europe's energy crisis exacerbated by reduced Russian supplies, enhancing regional energy security.

- **India's Renewable Energy Initiatives**: The Adani Group's 1,126 MW Battery Energy Storage System project aims to tackle natural gas demand issues and improve grid reliability in India.

- **Global Renewable Energy Investments**: Significant investments in renewable energy projects worldwide, including partnerships for battery storage and carbon capture, reflect a commitment to sustainability.

- **Saudi Arabia's Natural Gas Production**: Increased focus on natural gas production to diversify energy portfolio and reduce oil dependence, addressing rising electricity demand.

- **China's Renewable Energy Growth**: Solar generation up 46% and wind by 11%, despite pricing challenges, indicating a strong push towards cleaner energy sources.

- **Carbon Capture and Storage (CCS) Initiatives**: Growing momentum in CCS projects globally, with strategic partnerships aimed at enhancing energy infrastructure and reducing emissions.

- **Regional Energy Cooperation in GCC**: Investments in renewable energy and interconnected grids among GCC countries to enhance energy security and promote sustainable practices.",Nuclear Energy's Role in the Global Shift Towards Sustainable Electrification,"Recent developments in nuclear energy are being influenced by broader trends in energy transition and decarbonization. Schneider Electric is engaging in global discussions, such as COP30 in Brazil, to promote electrification and digitalization as essential components for achieving sustainability. Their initiatives aim to mobilize various stakeholders towards transforming energy systems, which includes the potential for nuclear energy as a clean resource. In the U.S., states like Michigan are updating energy laws to increase renewable energy sources, reflecting a growing public interest in sustainable solutions. While the focus is on renewables, the integration of nuclear energy remains a critical aspect of the overall strategy to reduce reliance on fossil fuels and enhance energy efficiency. These trends indicate a collective movement towards a more sustainable energy future, where nuclear energy could play a significant role alongside renewables.",The Manila Times,Schneider Electric Accelerates Industrial Decarbonization at COP30,"Image - Schneider Electric Accelerates Industrial Decarbonization at COP30.jpg 
Belém, State of Pará, Brazil, Nov. 11, 2025 (GLOBE NEWSWIRE) -- Schneider Electric, a global energy technology leader, announces its participation in the 30th United Nations Climate Change Conference (COP30) in Belém, Brazil. The company arrives at the event mobilizing businesses, governments, and civil society around a practical agenda for energy and industrial transformation, aimed at boosting local economic resilience and promoting a just and inclusive transition. ""Ten years after the Paris Agreement, COP30 presents a turning point for the global climate action agenda,"" said Esther Finidori, Chief Sustainability Officer of Schneider Electric. ""We now have the tools, the ambition, and the global imperative to move from pledges to progress. When electrification meets digital intelligence, and when innovation meets inclusion, we unlock a transition that is faster, fairer, and more resilient. Brazil's leadership in this moment creates a unique opportunity for business, government, and communities to join forces. The climate challenge is global, and the pathway must be collective.""",12,"Schneider Electric emphasizes the need for collaborative efforts in energy transformation at COP30, highlighting nuclear energy's potential role in achieving sustainable electrification and addressing global climate challenges.",12,New,Negative,High
2025-11-11,"- **Gas Supply Cut in Ukraine**: Complete cut-off of gas supply in Lyman highlights vulnerabilities in Ukraine's energy infrastructure amid ongoing conflict, stressing the need for resilient energy systems.

- **Natural Gas Demand Surge in North America**: Increased demand and storage constraints emphasize the critical role of natural gas storage for energy security and price stability.

- **Geopolitical Tensions Affecting LNG Supply**: Legal disputes involving Venture Global and major energy companies over LNG delivery failures amid rising prices reflect the complexities of securing reliable energy supplies.

- **Egypt's LNG Exports**: Egypt boosts LNG exports to address Europe's energy crisis exacerbated by reduced Russian supplies, enhancing regional energy security.

- **India's Renewable Energy Initiatives**: The Adani Group's 1,126 MW Battery Energy Storage System project aims to tackle natural gas demand issues and improve grid reliability in India.

- **Global Renewable Energy Investments**: Significant investments in renewable energy projects worldwide, including partnerships for battery storage and carbon capture, reflect a commitment to sustainability.

- **Saudi Arabia's Natural Gas Production**: Increased focus on natural gas production to diversify energy portfolio and reduce oil dependence, addressing rising electricity demand.

- **China's Renewable Energy Growth**: Solar generation up 46% and wind by 11%, despite pricing challenges, indicating a strong push towards cleaner energy sources.

- **Carbon Capture and Storage (CCS) Initiatives**: Growing momentum in CCS projects globally, with strategic partnerships aimed at enhancing energy infrastructure and reducing emissions.

- **Regional Energy Cooperation in GCC**: Investments in renewable energy and interconnected grids among GCC countries to enhance energy security and promote sustainable practices.",Nuclear Energy's Role in the Global Shift Towards Sustainable Electrification,"Recent developments in nuclear energy are being influenced by broader trends in energy transition and decarbonization. Schneider Electric is engaging in global discussions, such as COP30 in Brazil, to promote electrification and digitalization as essential components for achieving sustainability. Their initiatives aim to mobilize various stakeholders towards transforming energy systems, which includes the potential for nuclear energy as a clean resource. In the U.S., states like Michigan are updating energy laws to increase renewable energy sources, reflecting a growing public interest in sustainable solutions. While the focus is on renewables, the integration of nuclear energy remains a critical aspect of the overall strategy to reduce reliance on fossil fuels and enhance energy efficiency. These trends indicate a collective movement towards a more sustainable energy future, where nuclear energy could play a significant role alongside renewables.",The Manila Times,Schneider Electric Accelerates Industrial Decarbonization at COP30,"Schneider Electric presence on COP30 and SB COP agendas 
In the Confederation of National Industry (CNI) space in the Blue Zone, the company will participate in panels and strategic conversations on clean energy, productive decarbonization, and future-ready talent development.
Fireside chat | The Global South as a key player in planetary sustainability. Manish Pant, Vice President of International Operations at Schneider Electric, and Esther Finidori, Chief Sustainability Officer at Schneider Electric, will discuss how emerging countries can lead planetary sustainability with inclusive and innovative solutions. Panel | Climate governance in action: how boards, investors, and financial institutions are driving the climate transition. Discussion on climate leadership in the Brazilian financial market, featuring executives and representatives from banks and investment funds. Panel | Green skills for the new economy: developing talent to lead the energy transition.",12,"Schneider Electric's participation in COP30 highlights the importance of clean energy and decarbonization, emphasizing the role of emerging economies and talent development in advancing nuclear energy as a key component of sustainable electrification.",12,New,Negative,High
2025-11-11,"- **Gas Supply Cut in Ukraine**: Complete cut-off of gas supply in Lyman highlights vulnerabilities in Ukraine's energy infrastructure amid ongoing conflict, stressing the need for resilient energy systems.

- **Natural Gas Demand Surge in North America**: Increased demand and storage constraints emphasize the critical role of natural gas storage for energy security and price stability.

- **Geopolitical Tensions Affecting LNG Supply**: Legal disputes involving Venture Global and major energy companies over LNG delivery failures amid rising prices reflect the complexities of securing reliable energy supplies.

- **Egypt's LNG Exports**: Egypt boosts LNG exports to address Europe's energy crisis exacerbated by reduced Russian supplies, enhancing regional energy security.

- **India's Renewable Energy Initiatives**: The Adani Group's 1,126 MW Battery Energy Storage System project aims to tackle natural gas demand issues and improve grid reliability in India.

- **Global Renewable Energy Investments**: Significant investments in renewable energy projects worldwide, including partnerships for battery storage and carbon capture, reflect a commitment to sustainability.

- **Saudi Arabia's Natural Gas Production**: Increased focus on natural gas production to diversify energy portfolio and reduce oil dependence, addressing rising electricity demand.

- **China's Renewable Energy Growth**: Solar generation up 46% and wind by 11%, despite pricing challenges, indicating a strong push towards cleaner energy sources.

- **Carbon Capture and Storage (CCS) Initiatives**: Growing momentum in CCS projects globally, with strategic partnerships aimed at enhancing energy infrastructure and reducing emissions.

- **Regional Energy Cooperation in GCC**: Investments in renewable energy and interconnected grids among GCC countries to enhance energy security and promote sustainable practices.",Nuclear Energy's Role in the Global Shift Towards Sustainable Electrification,"Recent developments in nuclear energy are being influenced by broader trends in energy transition and decarbonization. Schneider Electric is engaging in global discussions, such as COP30 in Brazil, to promote electrification and digitalization as essential components for achieving sustainability. Their initiatives aim to mobilize various stakeholders towards transforming energy systems, which includes the potential for nuclear energy as a clean resource. In the U.S., states like Michigan are updating energy laws to increase renewable energy sources, reflecting a growing public interest in sustainable solutions. While the focus is on renewables, the integration of nuclear energy remains a critical aspect of the overall strategy to reduce reliance on fossil fuels and enhance energy efficiency. These trends indicate a collective movement towards a more sustainable energy future, where nuclear energy could play a significant role alongside renewables.",Benzinga,Schneider Electric Accelerates Industrial Decarbonization at COP30,"Developing a future-ready workforce
A new analysis from Schneider Electric and consultancy Systemiq projects the creation of up to 760,000 new bioenergy jobs by 2030, positioning Brazil as a global leader in renewable fuels.
The report, ""Shaping Brazil's Workforce for a De-fossilized Economy,"" emphasizes the need to train and reskill 450,000 new professionals in automation, electrification, and carbon traceability, proposing a three-phase action plan that combines technical training, data integration between corporations and government, and structural educational reforms.",12,"The report highlights the necessity of workforce development in automation and electrification, crucial for Brazil's leadership in renewable energy and its alignment with nuclear energy's role in sustainable electrification.",12,New,Negative,High
2025-11-11,"- **Gas Supply Cut in Ukraine**: Complete cut-off of gas supply in Lyman highlights vulnerabilities in Ukraine's energy infrastructure amid ongoing conflict, stressing the need for resilient energy systems.

- **Natural Gas Demand Surge in North America**: Increased demand and storage constraints emphasize the critical role of natural gas storage for energy security and price stability.

- **Geopolitical Tensions Affecting LNG Supply**: Legal disputes involving Venture Global and major energy companies over LNG delivery failures amid rising prices reflect the complexities of securing reliable energy supplies.

- **Egypt's LNG Exports**: Egypt boosts LNG exports to address Europe's energy crisis exacerbated by reduced Russian supplies, enhancing regional energy security.

- **India's Renewable Energy Initiatives**: The Adani Group's 1,126 MW Battery Energy Storage System project aims to tackle natural gas demand issues and improve grid reliability in India.

- **Global Renewable Energy Investments**: Significant investments in renewable energy projects worldwide, including partnerships for battery storage and carbon capture, reflect a commitment to sustainability.

- **Saudi Arabia's Natural Gas Production**: Increased focus on natural gas production to diversify energy portfolio and reduce oil dependence, addressing rising electricity demand.

- **China's Renewable Energy Growth**: Solar generation up 46% and wind by 11%, despite pricing challenges, indicating a strong push towards cleaner energy sources.

- **Carbon Capture and Storage (CCS) Initiatives**: Growing momentum in CCS projects globally, with strategic partnerships aimed at enhancing energy infrastructure and reducing emissions.

- **Regional Energy Cooperation in GCC**: Investments in renewable energy and interconnected grids among GCC countries to enhance energy security and promote sustainable practices.",Nuclear Energy's Role in the Global Shift Towards Sustainable Electrification,"Recent developments in nuclear energy are being influenced by broader trends in energy transition and decarbonization. Schneider Electric is engaging in global discussions, such as COP30 in Brazil, to promote electrification and digitalization as essential components for achieving sustainability. Their initiatives aim to mobilize various stakeholders towards transforming energy systems, which includes the potential for nuclear energy as a clean resource. In the U.S., states like Michigan are updating energy laws to increase renewable energy sources, reflecting a growing public interest in sustainable solutions. While the focus is on renewables, the integration of nuclear energy remains a critical aspect of the overall strategy to reduce reliance on fossil fuels and enhance energy efficiency. These trends indicate a collective movement towards a more sustainable energy future, where nuclear energy could play a significant role alongside renewables.",Benzinga,Schneider Electric Accelerates Industrial Decarbonization at COP30,"Schneider Electric Accelerates Industrial Decarbonization at COP30.pdf
* Image - Schneider Electric Accelerates Industrial Decarbonization at COP30.jpg
Schneider Electric Global Media Relations",12,Schneider Electric emphasizes the critical role of nuclear energy in achieving industrial decarbonization and sustainable electrification during COP30 discussions.,12,New,Negative,High
2025-11-11,"- **Gas Supply Cut in Ukraine**: Complete cut-off of gas supply in Lyman highlights vulnerabilities in Ukraine's energy infrastructure amid ongoing conflict, stressing the need for resilient energy systems.

- **Natural Gas Demand Surge in North America**: Increased demand and storage constraints emphasize the critical role of natural gas storage for energy security and price stability.

- **Geopolitical Tensions Affecting LNG Supply**: Legal disputes involving Venture Global and major energy companies over LNG delivery failures amid rising prices reflect the complexities of securing reliable energy supplies.

- **Egypt's LNG Exports**: Egypt boosts LNG exports to address Europe's energy crisis exacerbated by reduced Russian supplies, enhancing regional energy security.

- **India's Renewable Energy Initiatives**: The Adani Group's 1,126 MW Battery Energy Storage System project aims to tackle natural gas demand issues and improve grid reliability in India.

- **Global Renewable Energy Investments**: Significant investments in renewable energy projects worldwide, including partnerships for battery storage and carbon capture, reflect a commitment to sustainability.

- **Saudi Arabia's Natural Gas Production**: Increased focus on natural gas production to diversify energy portfolio and reduce oil dependence, addressing rising electricity demand.

- **China's Renewable Energy Growth**: Solar generation up 46% and wind by 11%, despite pricing challenges, indicating a strong push towards cleaner energy sources.

- **Carbon Capture and Storage (CCS) Initiatives**: Growing momentum in CCS projects globally, with strategic partnerships aimed at enhancing energy infrastructure and reducing emissions.

- **Regional Energy Cooperation in GCC**: Investments in renewable energy and interconnected grids among GCC countries to enhance energy security and promote sustainable practices.",Nuclear Energy's Role in the Global Shift Towards Sustainable Electrification,"Recent developments in nuclear energy are being influenced by broader trends in energy transition and decarbonization. Schneider Electric is engaging in global discussions, such as COP30 in Brazil, to promote electrification and digitalization as essential components for achieving sustainability. Their initiatives aim to mobilize various stakeholders towards transforming energy systems, which includes the potential for nuclear energy as a clean resource. In the U.S., states like Michigan are updating energy laws to increase renewable energy sources, reflecting a growing public interest in sustainable solutions. While the focus is on renewables, the integration of nuclear energy remains a critical aspect of the overall strategy to reduce reliance on fossil fuels and enhance energy efficiency. These trends indicate a collective movement towards a more sustainable energy future, where nuclear energy could play a significant role alongside renewables.",Irish Central,"Honours must be for the honorable - Apply ""The Andrew standard"" to Bloody Sunday and Ballymurphy","Wilford was appointed an OBE within months of Bloody Sunday; contemporaries widely linked it to his Northern Ireland service during that period. Jackson-the officer whose accounts at Ballymurphy and Bloody Sunday were later repudiated by two judicial proceedings, which found the victims innocent and recorded that false accounts were advanced-made out the best of the bunch and was ultimately awarded a knighthood, the GCB, CBE, DSO, and became Chief of the General Staff (the head of the British Army) and Aide-de-Camp General (ADC) to Queen Elizabeth II, in addition to being appointed Deputy Lieutenant of Wiltshire.",12,"The text discusses the recognition and awards given to military figures involved in controversial events in Northern Ireland, highlighting the complexities of accountability and honor in military service, which indirectly reflects on the broader themes of governance and public perception that can influence the acceptance and integration of nuclear energy in sustainable electrification efforts.",12,New,Negative,High
2025-11-11,"- **Gas Supply Cut in Ukraine**: Complete cut-off of gas supply in Lyman highlights vulnerabilities in Ukraine's energy infrastructure amid ongoing conflict, stressing the need for resilient energy systems.

- **Natural Gas Demand Surge in North America**: Increased demand and storage constraints emphasize the critical role of natural gas storage for energy security and price stability.

- **Geopolitical Tensions Affecting LNG Supply**: Legal disputes involving Venture Global and major energy companies over LNG delivery failures amid rising prices reflect the complexities of securing reliable energy supplies.

- **Egypt's LNG Exports**: Egypt boosts LNG exports to address Europe's energy crisis exacerbated by reduced Russian supplies, enhancing regional energy security.

- **India's Renewable Energy Initiatives**: The Adani Group's 1,126 MW Battery Energy Storage System project aims to tackle natural gas demand issues and improve grid reliability in India.

- **Global Renewable Energy Investments**: Significant investments in renewable energy projects worldwide, including partnerships for battery storage and carbon capture, reflect a commitment to sustainability.

- **Saudi Arabia's Natural Gas Production**: Increased focus on natural gas production to diversify energy portfolio and reduce oil dependence, addressing rising electricity demand.

- **China's Renewable Energy Growth**: Solar generation up 46% and wind by 11%, despite pricing challenges, indicating a strong push towards cleaner energy sources.

- **Carbon Capture and Storage (CCS) Initiatives**: Growing momentum in CCS projects globally, with strategic partnerships aimed at enhancing energy infrastructure and reducing emissions.

- **Regional Energy Cooperation in GCC**: Investments in renewable energy and interconnected grids among GCC countries to enhance energy security and promote sustainable practices.",Legal Disputes Over LNG Deliveries Drive Energy Supply Challenges Amid Rising Prices,"Geopolitical developments in energy supply are significantly influenced by the ongoing legal disputes involving Venture Global and major energy companies like Shell and BP over liquefied natural gas (LNG) delivery failures. These disputes arise amidst rising global energy prices and supply chain challenges, particularly exacerbated by geopolitical tensions such as the war in Ukraine. The outcomes of these arbitration cases could reshape future LNG pricing and contractual agreements, highlighting the complexities of securing reliable energy supplies. Concurrently, in India, a surge in corporate renewable procurement is transforming the solar rooftop market, driven by net metering policies and decentralized energy generation. Companies are increasingly entering power purchase agreements (PPAs) to enhance sustainability and energy independence, supported by technological advancements and regulatory changes that encourage participation in renewable energy markets.",The Fly,"Shell challenging Venture Global arbitration decision, Reuters reports","Shell (SHEL) is challenging its defeat in an arbitration case against Venture Global (VG) in the New York Supreme Court, weeks after rival BP (BP) won a similar $1B-plus arbitration, according to a legal filing seen by Reuters, Francesca Landini and Stephanie Kelly report. The arbitration cases were over Venture Global's failure to deliver liquefied natural gas under long-term contracts while selling on the spot market as prices soared after the outbreak of the war in Ukraine.",6,"Shell contests an arbitration loss against Venture Global over LNG delivery failures amid rising prices, highlighting ongoing legal disputes that exacerbate energy supply challenges.",6,New,Negative,High
2025-11-11,"- **Gas Supply Cut in Ukraine**: Complete cut-off of gas supply in Lyman highlights vulnerabilities in Ukraine's energy infrastructure amid ongoing conflict, stressing the need for resilient energy systems.

- **Natural Gas Demand Surge in North America**: Increased demand and storage constraints emphasize the critical role of natural gas storage for energy security and price stability.

- **Geopolitical Tensions Affecting LNG Supply**: Legal disputes involving Venture Global and major energy companies over LNG delivery failures amid rising prices reflect the complexities of securing reliable energy supplies.

- **Egypt's LNG Exports**: Egypt boosts LNG exports to address Europe's energy crisis exacerbated by reduced Russian supplies, enhancing regional energy security.

- **India's Renewable Energy Initiatives**: The Adani Group's 1,126 MW Battery Energy Storage System project aims to tackle natural gas demand issues and improve grid reliability in India.

- **Global Renewable Energy Investments**: Significant investments in renewable energy projects worldwide, including partnerships for battery storage and carbon capture, reflect a commitment to sustainability.

- **Saudi Arabia's Natural Gas Production**: Increased focus on natural gas production to diversify energy portfolio and reduce oil dependence, addressing rising electricity demand.

- **China's Renewable Energy Growth**: Solar generation up 46% and wind by 11%, despite pricing challenges, indicating a strong push towards cleaner energy sources.

- **Carbon Capture and Storage (CCS) Initiatives**: Growing momentum in CCS projects globally, with strategic partnerships aimed at enhancing energy infrastructure and reducing emissions.

- **Regional Energy Cooperation in GCC**: Investments in renewable energy and interconnected grids among GCC countries to enhance energy security and promote sustainable practices.",Legal Disputes Over LNG Deliveries Drive Energy Supply Challenges Amid Rising Prices,"Geopolitical developments in energy supply are significantly influenced by the ongoing legal disputes involving Venture Global and major energy companies like Shell and BP over liquefied natural gas (LNG) delivery failures. These disputes arise amidst rising global energy prices and supply chain challenges, particularly exacerbated by geopolitical tensions such as the war in Ukraine. The outcomes of these arbitration cases could reshape future LNG pricing and contractual agreements, highlighting the complexities of securing reliable energy supplies. Concurrently, in India, a surge in corporate renewable procurement is transforming the solar rooftop market, driven by net metering policies and decentralized energy generation. Companies are increasingly entering power purchase agreements (PPAs) to enhance sustainability and energy independence, supported by technological advancements and regulatory changes that encourage participation in renewable energy markets.",Bloomberg Law,Shell Appeals Venture Global Arbitration Loss in New York Court,"Shell Plc is challenging its defeat in an arbitration case against US liquefied natural gas exporter Venture Global Inc., after BP Plc won a similar case.
A tribunal in August ruled in favor of Venture Global in a case that centered on the firm's failure to deliver LNG cargoes to Shell under long-term contracts from its first export plant in Louisiana. Weeks later, Venture Global lost a similar dispute with BP.",6,"Shell Plc is appealing an arbitration ruling favoring Venture Global over LNG delivery failures, highlighting ongoing legal disputes that exacerbate energy supply challenges amid rising prices.",6,New,Negative,High
2025-11-11,"- **Gas Supply Cut in Ukraine**: Complete cut-off of gas supply in Lyman highlights vulnerabilities in Ukraine's energy infrastructure amid ongoing conflict, stressing the need for resilient energy systems.

- **Natural Gas Demand Surge in North America**: Increased demand and storage constraints emphasize the critical role of natural gas storage for energy security and price stability.

- **Geopolitical Tensions Affecting LNG Supply**: Legal disputes involving Venture Global and major energy companies over LNG delivery failures amid rising prices reflect the complexities of securing reliable energy supplies.

- **Egypt's LNG Exports**: Egypt boosts LNG exports to address Europe's energy crisis exacerbated by reduced Russian supplies, enhancing regional energy security.

- **India's Renewable Energy Initiatives**: The Adani Group's 1,126 MW Battery Energy Storage System project aims to tackle natural gas demand issues and improve grid reliability in India.

- **Global Renewable Energy Investments**: Significant investments in renewable energy projects worldwide, including partnerships for battery storage and carbon capture, reflect a commitment to sustainability.

- **Saudi Arabia's Natural Gas Production**: Increased focus on natural gas production to diversify energy portfolio and reduce oil dependence, addressing rising electricity demand.

- **China's Renewable Energy Growth**: Solar generation up 46% and wind by 11%, despite pricing challenges, indicating a strong push towards cleaner energy sources.

- **Carbon Capture and Storage (CCS) Initiatives**: Growing momentum in CCS projects globally, with strategic partnerships aimed at enhancing energy infrastructure and reducing emissions.

- **Regional Energy Cooperation in GCC**: Investments in renewable energy and interconnected grids among GCC countries to enhance energy security and promote sustainable practices.",Legal Disputes Over LNG Deliveries Drive Energy Supply Challenges Amid Rising Prices,"Geopolitical developments in energy supply are significantly influenced by the ongoing legal disputes involving Venture Global and major energy companies like Shell and BP over liquefied natural gas (LNG) delivery failures. These disputes arise amidst rising global energy prices and supply chain challenges, particularly exacerbated by geopolitical tensions such as the war in Ukraine. The outcomes of these arbitration cases could reshape future LNG pricing and contractual agreements, highlighting the complexities of securing reliable energy supplies. Concurrently, in India, a surge in corporate renewable procurement is transforming the solar rooftop market, driven by net metering policies and decentralized energy generation. Companies are increasingly entering power purchase agreements (PPAs) to enhance sustainability and energy independence, supported by technological advancements and regulatory changes that encourage participation in renewable energy markets.",Benzinga,Shell Drags Venture Global To New York Supreme Court Over Disputed LNG Contracts,"In November 2023, Shell, along with BP and Edison International (NYSE:EIX), reportedly asked a U.S.-EU energy group to intervene in their ongoing dispute with LNG exporter Venture Global over its failure to supply contracted cargoes.",6,"Shell, BP, and Edison International seek U.S.-EU intervention in their legal dispute with Venture Global over unmet LNG supply contracts, highlighting the impact of such disputes on energy supply amid rising prices.",6,New,Negative,High
2025-11-11,"- **Gas Supply Cut in Ukraine**: Complete cut-off of gas supply in Lyman highlights vulnerabilities in Ukraine's energy infrastructure amid ongoing conflict, stressing the need for resilient energy systems.

- **Natural Gas Demand Surge in North America**: Increased demand and storage constraints emphasize the critical role of natural gas storage for energy security and price stability.

- **Geopolitical Tensions Affecting LNG Supply**: Legal disputes involving Venture Global and major energy companies over LNG delivery failures amid rising prices reflect the complexities of securing reliable energy supplies.

- **Egypt's LNG Exports**: Egypt boosts LNG exports to address Europe's energy crisis exacerbated by reduced Russian supplies, enhancing regional energy security.

- **India's Renewable Energy Initiatives**: The Adani Group's 1,126 MW Battery Energy Storage System project aims to tackle natural gas demand issues and improve grid reliability in India.

- **Global Renewable Energy Investments**: Significant investments in renewable energy projects worldwide, including partnerships for battery storage and carbon capture, reflect a commitment to sustainability.

- **Saudi Arabia's Natural Gas Production**: Increased focus on natural gas production to diversify energy portfolio and reduce oil dependence, addressing rising electricity demand.

- **China's Renewable Energy Growth**: Solar generation up 46% and wind by 11%, despite pricing challenges, indicating a strong push towards cleaner energy sources.

- **Carbon Capture and Storage (CCS) Initiatives**: Growing momentum in CCS projects globally, with strategic partnerships aimed at enhancing energy infrastructure and reducing emissions.

- **Regional Energy Cooperation in GCC**: Investments in renewable energy and interconnected grids among GCC countries to enhance energy security and promote sustainable practices.",Legal Disputes Over LNG Deliveries Drive Energy Supply Challenges Amid Rising Prices,"Geopolitical developments in energy supply are significantly influenced by the ongoing legal disputes involving Venture Global and major energy companies like Shell and BP over liquefied natural gas (LNG) delivery failures. These disputes arise amidst rising global energy prices and supply chain challenges, particularly exacerbated by geopolitical tensions such as the war in Ukraine. The outcomes of these arbitration cases could reshape future LNG pricing and contractual agreements, highlighting the complexities of securing reliable energy supplies. Concurrently, in India, a surge in corporate renewable procurement is transforming the solar rooftop market, driven by net metering policies and decentralized energy generation. Companies are increasingly entering power purchase agreements (PPAs) to enhance sustainability and energy independence, supported by technological advancements and regulatory changes that encourage participation in renewable energy markets.",Benzinga,Shell Drags Venture Global To New York Supreme Court Over Disputed LNG Contracts,"Shell PLC (NYSE:SHEL) on Tuesday reportedly filed an appeal in the New York Supreme Court challenging its loss in an arbitration dispute with Venture Global, Inc. (NYSE:VG).
Reuters says that in its filing, Shell claims Venture Global concealed key information from both the company and the arbitration panel.",6,"Shell's appeal against an arbitration loss to Venture Global highlights ongoing legal disputes over LNG deliveries, exacerbating energy supply challenges amid rising prices.",6,New,Negative,High
2025-11-11,"- **Gas Supply Cut in Ukraine**: Complete cut-off of gas supply in Lyman highlights vulnerabilities in Ukraine's energy infrastructure amid ongoing conflict, stressing the need for resilient energy systems.

- **Natural Gas Demand Surge in North America**: Increased demand and storage constraints emphasize the critical role of natural gas storage for energy security and price stability.

- **Geopolitical Tensions Affecting LNG Supply**: Legal disputes involving Venture Global and major energy companies over LNG delivery failures amid rising prices reflect the complexities of securing reliable energy supplies.

- **Egypt's LNG Exports**: Egypt boosts LNG exports to address Europe's energy crisis exacerbated by reduced Russian supplies, enhancing regional energy security.

- **India's Renewable Energy Initiatives**: The Adani Group's 1,126 MW Battery Energy Storage System project aims to tackle natural gas demand issues and improve grid reliability in India.

- **Global Renewable Energy Investments**: Significant investments in renewable energy projects worldwide, including partnerships for battery storage and carbon capture, reflect a commitment to sustainability.

- **Saudi Arabia's Natural Gas Production**: Increased focus on natural gas production to diversify energy portfolio and reduce oil dependence, addressing rising electricity demand.

- **China's Renewable Energy Growth**: Solar generation up 46% and wind by 11%, despite pricing challenges, indicating a strong push towards cleaner energy sources.

- **Carbon Capture and Storage (CCS) Initiatives**: Growing momentum in CCS projects globally, with strategic partnerships aimed at enhancing energy infrastructure and reducing emissions.

- **Regional Energy Cooperation in GCC**: Investments in renewable energy and interconnected grids among GCC countries to enhance energy security and promote sustainable practices.",Legal Disputes Over LNG Deliveries Drive Energy Supply Challenges Amid Rising Prices,"Geopolitical developments in energy supply are significantly influenced by the ongoing legal disputes involving Venture Global and major energy companies like Shell and BP over liquefied natural gas (LNG) delivery failures. These disputes arise amidst rising global energy prices and supply chain challenges, particularly exacerbated by geopolitical tensions such as the war in Ukraine. The outcomes of these arbitration cases could reshape future LNG pricing and contractual agreements, highlighting the complexities of securing reliable energy supplies. Concurrently, in India, a surge in corporate renewable procurement is transforming the solar rooftop market, driven by net metering policies and decentralized energy generation. Companies are increasingly entering power purchase agreements (PPAs) to enhance sustainability and energy independence, supported by technological advancements and regulatory changes that encourage participation in renewable energy markets.",Benzinga,Shell Drags Venture Global To New York Supreme Court Over Disputed LNG Contracts,"Also Read: Shell Secures 15-Year LNG Deal With UAE's ADNOC
Dispute Centers on LNG Supply
The case centers on Venture Global's alleged failure to supply liquefied natural gas (LNG) under long-term contracts that began in 2023.",6,"Venture Global faces legal disputes over its failure to fulfill long-term LNG supply contracts, exacerbating energy supply challenges amid rising prices.",6,New,Negative,High
2025-11-11,"- **Gas Supply Cut in Ukraine**: Complete cut-off of gas supply in Lyman highlights vulnerabilities in Ukraine's energy infrastructure amid ongoing conflict, stressing the need for resilient energy systems.

- **Natural Gas Demand Surge in North America**: Increased demand and storage constraints emphasize the critical role of natural gas storage for energy security and price stability.

- **Geopolitical Tensions Affecting LNG Supply**: Legal disputes involving Venture Global and major energy companies over LNG delivery failures amid rising prices reflect the complexities of securing reliable energy supplies.

- **Egypt's LNG Exports**: Egypt boosts LNG exports to address Europe's energy crisis exacerbated by reduced Russian supplies, enhancing regional energy security.

- **India's Renewable Energy Initiatives**: The Adani Group's 1,126 MW Battery Energy Storage System project aims to tackle natural gas demand issues and improve grid reliability in India.

- **Global Renewable Energy Investments**: Significant investments in renewable energy projects worldwide, including partnerships for battery storage and carbon capture, reflect a commitment to sustainability.

- **Saudi Arabia's Natural Gas Production**: Increased focus on natural gas production to diversify energy portfolio and reduce oil dependence, addressing rising electricity demand.

- **China's Renewable Energy Growth**: Solar generation up 46% and wind by 11%, despite pricing challenges, indicating a strong push towards cleaner energy sources.

- **Carbon Capture and Storage (CCS) Initiatives**: Growing momentum in CCS projects globally, with strategic partnerships aimed at enhancing energy infrastructure and reducing emissions.

- **Regional Energy Cooperation in GCC**: Investments in renewable energy and interconnected grids among GCC countries to enhance energy security and promote sustainable practices.",Adani Group's 1126 MW Investment in Battery Storage Boosts India's Lithium Battery Manufacturing,"The Adani Group's recent investment in Battery Energy Storage Systems (BESS) with a substantial 1126 MW / 3530 MWh project signifies a pivotal advancement in India's lithium battery manufacturing sector. This initiative aims to enhance energy resilience by stabilizing the grid and managing peak loads, thereby facilitating the transition to renewable energy sources. The integration of advanced lithium-ion technology is crucial for ensuring a reliable energy supply, reflecting a growing trend in the energy industry towards adopting storage solutions that complement renewable generation. As demand for clean energy solutions escalates, such investments underscore the importance of lithium battery manufacturing in supporting sustainable energy infrastructure.",The Grundy County Herald,Adani Group Announces Strategic Entry into Battery Energy Storage Sector with one of the World's Largest Single-location BESS Projects,"AHMEDABAD, India, Nov. 10, 2025 /PRNewswire/ -- Adani Group announces its foray into the Battery Energy Storage Systems (BESS) sector with a pioneering 1126 MW / 3530 MWh project (The BESS project would have a power capacity of 1126 MW...",3,Adani Group's launch of a 1126 MW Battery Energy Storage Systems project marks a significant step in enhancing India's lithium battery manufacturing capabilities.,3,New,Positive,Medium
2025-11-11,"- **Gas Supply Cut in Ukraine**: Complete cut-off of gas supply in Lyman highlights vulnerabilities in Ukraine's energy infrastructure amid ongoing conflict, stressing the need for resilient energy systems.

- **Natural Gas Demand Surge in North America**: Increased demand and storage constraints emphasize the critical role of natural gas storage for energy security and price stability.

- **Geopolitical Tensions Affecting LNG Supply**: Legal disputes involving Venture Global and major energy companies over LNG delivery failures amid rising prices reflect the complexities of securing reliable energy supplies.

- **Egypt's LNG Exports**: Egypt boosts LNG exports to address Europe's energy crisis exacerbated by reduced Russian supplies, enhancing regional energy security.

- **India's Renewable Energy Initiatives**: The Adani Group's 1,126 MW Battery Energy Storage System project aims to tackle natural gas demand issues and improve grid reliability in India.

- **Global Renewable Energy Investments**: Significant investments in renewable energy projects worldwide, including partnerships for battery storage and carbon capture, reflect a commitment to sustainability.

- **Saudi Arabia's Natural Gas Production**: Increased focus on natural gas production to diversify energy portfolio and reduce oil dependence, addressing rising electricity demand.

- **China's Renewable Energy Growth**: Solar generation up 46% and wind by 11%, despite pricing challenges, indicating a strong push towards cleaner energy sources.

- **Carbon Capture and Storage (CCS) Initiatives**: Growing momentum in CCS projects globally, with strategic partnerships aimed at enhancing energy infrastructure and reducing emissions.

- **Regional Energy Cooperation in GCC**: Investments in renewable energy and interconnected grids among GCC countries to enhance energy security and promote sustainable practices.","India Targets 5 Million Tonnes of Green Hydrogen by 2030, Paving Way for 600,000 Jobs and CO2 Reduction","India is advancing its green hydrogen mission with a target of producing 5 million metric tonnes annually by 2030, supported by significant government investment aimed at creating over 600,000 green jobs and reducing CO2 emissions. This initiative reflects India's commitment to a low-carbon economy and positions it as a potential leader in the green hydrogen sector, contributing to global energy security. Meanwhile, Saudi Aramco's development of natural gas production at the Jafurah field addresses the rising electricity demand from AI data centers and industrial hubs, showcasing the intersection of energy production and technological advancement. This strategic focus on natural gas underscores its role as a bridge fuel in Saudi Arabia's broader energy transition goals, emphasizing the importance of reliable energy sources in the shift towards sustainable energy solutions.",The Economic Times,Centre earmarks INR100 crore for biomass-to-hydrogen pilots to cut fossil fuel imports,"""A total allocation of INR100 crore has been earmarked for these pilots, supplementing the INR100 crore previously allocated for start-up projects under NGHM,"" Joshi said.
The minister said India aims to produce 5 million metric tonnes (MMT) of green hydrogen annually by 2030, supported by an overall outlay of INR19,744 crore and an investment of INR8 lakh crore-plus. The mission aims to create over 6 lakh green jobs and reduce annual CO2 emissions by 50 million tonnes.",3,"India plans to produce 5 million tonnes of green hydrogen by 2030, backed by INR19,744 crore and over INR8 lakh crore in investments, aiming to create 600,000 jobs and cut CO2 emissions by 50 million tonnes.",3,New,Positive,High
2025-11-11,"- **Gas Supply Cut in Ukraine**: Complete cut-off of gas supply in Lyman highlights vulnerabilities in Ukraine's energy infrastructure amid ongoing conflict, stressing the need for resilient energy systems.

- **Natural Gas Demand Surge in North America**: Increased demand and storage constraints emphasize the critical role of natural gas storage for energy security and price stability.

- **Geopolitical Tensions Affecting LNG Supply**: Legal disputes involving Venture Global and major energy companies over LNG delivery failures amid rising prices reflect the complexities of securing reliable energy supplies.

- **Egypt's LNG Exports**: Egypt boosts LNG exports to address Europe's energy crisis exacerbated by reduced Russian supplies, enhancing regional energy security.

- **India's Renewable Energy Initiatives**: The Adani Group's 1,126 MW Battery Energy Storage System project aims to tackle natural gas demand issues and improve grid reliability in India.

- **Global Renewable Energy Investments**: Significant investments in renewable energy projects worldwide, including partnerships for battery storage and carbon capture, reflect a commitment to sustainability.

- **Saudi Arabia's Natural Gas Production**: Increased focus on natural gas production to diversify energy portfolio and reduce oil dependence, addressing rising electricity demand.

- **China's Renewable Energy Growth**: Solar generation up 46% and wind by 11%, despite pricing challenges, indicating a strong push towards cleaner energy sources.

- **Carbon Capture and Storage (CCS) Initiatives**: Growing momentum in CCS projects globally, with strategic partnerships aimed at enhancing energy infrastructure and reducing emissions.

- **Regional Energy Cooperation in GCC**: Investments in renewable energy and interconnected grids among GCC countries to enhance energy security and promote sustainable practices.",Global Surge in Renewable Energy Investments Driven by Sustainability and Reliability Initiatives,"Renewable energy investments are gaining momentum globally, driven by both private sector initiatives and international collaborations. In South Africa, mining companies and retailers are investing in solar and wind resources to combat load-shedding and rising electricity costs, aligning with sustainability goals while ensuring reliable power. Meanwhile, Masdar's partnership with Uzbekistan's JSC Uzenergosotish to develop a 300 MW / 600 MWh battery energy storage system marks a significant step towards enhancing grid reliability and supporting Uzbekistan's target of generating 54% of its electricity from renewables by 2030. In Canada, the government is pursuing partnerships with Indonesia to advance carbon capture and storage (CCS) technologies, recognizing their importance in reducing emissions while maintaining a robust oil and gas sector. The U.S. is also making strides in CCS implementation, crucial for decarbonizing hard-to-abate industries like cement and steel. However, Europe faces challenges in establishing effective regulatory frameworks for CCS. Overall, these developments reflect a broader commitment to sustainable energy solutions and the transition towards a net-zero future.",ZAWYA by Refinitiv (Press Releases),Masdar signs landmark agreement for Uzbekistan's largest standalone battery energy storage project,"His Excellency Jurabek Mirzamahmudov, Minister of Energy, Republic of Uzbekistan, said: ""In recent years, the friendly relations between the heads of state of Uzbekistan and the United Arab Emirates have reached a new level. During President Shavkat Mirziyoyev's visit in January, Uzbek-Emirati relations were elevated to the level of a strategic partnership. Within this framework, large-scale projects aimed at the widespread development of ""green"" energy are being implemented in Uzbekistan in cooperation with UAE companies. In particular, in partnership with Masdar, five solar power plants with a total capacity of 1,247MW, one wind power plant with a capacity of 500MW, and a 63MW energy storage system have been commissioned in recent years. In addition, a 300MW solar photovoltaic power plant is currently under construction. Thanks to this fruitful cooperation, the next major project, an energy storage system with a capacity of 300MW/600MWh, will also be implemented at an accelerated pace and will make a significant contribution to the integration of large-scale renewable energy sources into the grid and to the further development of Uzbekistan's energy sector.""",6,"Uzbekistan is advancing its renewable energy sector through strategic partnerships with the UAE, exemplified by the commissioning of multiple solar and wind power projects, highlighting a global trend towards sustainable energy investments.",6,New,Negative,High
2025-11-11,"- **Gas Supply Cut in Ukraine**: Complete cut-off of gas supply in Lyman highlights vulnerabilities in Ukraine's energy infrastructure amid ongoing conflict, stressing the need for resilient energy systems.

- **Natural Gas Demand Surge in North America**: Increased demand and storage constraints emphasize the critical role of natural gas storage for energy security and price stability.

- **Geopolitical Tensions Affecting LNG Supply**: Legal disputes involving Venture Global and major energy companies over LNG delivery failures amid rising prices reflect the complexities of securing reliable energy supplies.

- **Egypt's LNG Exports**: Egypt boosts LNG exports to address Europe's energy crisis exacerbated by reduced Russian supplies, enhancing regional energy security.

- **India's Renewable Energy Initiatives**: The Adani Group's 1,126 MW Battery Energy Storage System project aims to tackle natural gas demand issues and improve grid reliability in India.

- **Global Renewable Energy Investments**: Significant investments in renewable energy projects worldwide, including partnerships for battery storage and carbon capture, reflect a commitment to sustainability.

- **Saudi Arabia's Natural Gas Production**: Increased focus on natural gas production to diversify energy portfolio and reduce oil dependence, addressing rising electricity demand.

- **China's Renewable Energy Growth**: Solar generation up 46% and wind by 11%, despite pricing challenges, indicating a strong push towards cleaner energy sources.

- **Carbon Capture and Storage (CCS) Initiatives**: Growing momentum in CCS projects globally, with strategic partnerships aimed at enhancing energy infrastructure and reducing emissions.

- **Regional Energy Cooperation in GCC**: Investments in renewable energy and interconnected grids among GCC countries to enhance energy security and promote sustainable practices.",Global Surge in Renewable Energy Investments Driven by Sustainability and Reliability Initiatives,"Renewable energy investments are gaining momentum globally, driven by both private sector initiatives and international collaborations. In South Africa, mining companies and retailers are investing in solar and wind resources to combat load-shedding and rising electricity costs, aligning with sustainability goals while ensuring reliable power. Meanwhile, Masdar's partnership with Uzbekistan's JSC Uzenergosotish to develop a 300 MW / 600 MWh battery energy storage system marks a significant step towards enhancing grid reliability and supporting Uzbekistan's target of generating 54% of its electricity from renewables by 2030. In Canada, the government is pursuing partnerships with Indonesia to advance carbon capture and storage (CCS) technologies, recognizing their importance in reducing emissions while maintaining a robust oil and gas sector. The U.S. is also making strides in CCS implementation, crucial for decarbonizing hard-to-abate industries like cement and steel. However, Europe faces challenges in establishing effective regulatory frameworks for CCS. Overall, these developments reflect a broader commitment to sustainable energy solutions and the transition towards a net-zero future.",ZAWYA by Refinitiv (Press Releases),Masdar signs landmark agreement for Uzbekistan's largest standalone battery energy storage project,"His Excellency Suhail Al Mazrouei, UAE Minister of Energy, said: ""The UAE is proud to see its global clean energy leader, Masdar, supporting our partners around the world in accelerating their energy transformations. The Zarafshan Battery Energy Storage System will play a vital role in strengthening Uzbekistan's grid resilience and expanding renewable energy integration, an ambition that aligns with the UAE's own vision for a sustainable and diversified energy future. This collaboration is a testament to the strong ties between our nations and our shared commitment to advancing practical, scalable solutions for global energy security and decarbonization.""",6,"The UAE's collaboration with Uzbekistan on the Zarafshan Battery Energy Storage System exemplifies a global commitment to enhancing renewable energy integration and grid resilience, reflecting a shared vision for sustainable energy transformation.",6,New,Negative,High
2025-11-11,"- **Gas Supply Cut in Ukraine**: Complete cut-off of gas supply in Lyman highlights vulnerabilities in Ukraine's energy infrastructure amid ongoing conflict, stressing the need for resilient energy systems.

- **Natural Gas Demand Surge in North America**: Increased demand and storage constraints emphasize the critical role of natural gas storage for energy security and price stability.

- **Geopolitical Tensions Affecting LNG Supply**: Legal disputes involving Venture Global and major energy companies over LNG delivery failures amid rising prices reflect the complexities of securing reliable energy supplies.

- **Egypt's LNG Exports**: Egypt boosts LNG exports to address Europe's energy crisis exacerbated by reduced Russian supplies, enhancing regional energy security.

- **India's Renewable Energy Initiatives**: The Adani Group's 1,126 MW Battery Energy Storage System project aims to tackle natural gas demand issues and improve grid reliability in India.

- **Global Renewable Energy Investments**: Significant investments in renewable energy projects worldwide, including partnerships for battery storage and carbon capture, reflect a commitment to sustainability.

- **Saudi Arabia's Natural Gas Production**: Increased focus on natural gas production to diversify energy portfolio and reduce oil dependence, addressing rising electricity demand.

- **China's Renewable Energy Growth**: Solar generation up 46% and wind by 11%, despite pricing challenges, indicating a strong push towards cleaner energy sources.

- **Carbon Capture and Storage (CCS) Initiatives**: Growing momentum in CCS projects globally, with strategic partnerships aimed at enhancing energy infrastructure and reducing emissions.

- **Regional Energy Cooperation in GCC**: Investments in renewable energy and interconnected grids among GCC countries to enhance energy security and promote sustainable practices.",Global Surge in Renewable Energy Investments Driven by Sustainability and Reliability Initiatives,"Renewable energy investments are gaining momentum globally, driven by both private sector initiatives and international collaborations. In South Africa, mining companies and retailers are investing in solar and wind resources to combat load-shedding and rising electricity costs, aligning with sustainability goals while ensuring reliable power. Meanwhile, Masdar's partnership with Uzbekistan's JSC Uzenergosotish to develop a 300 MW / 600 MWh battery energy storage system marks a significant step towards enhancing grid reliability and supporting Uzbekistan's target of generating 54% of its electricity from renewables by 2030. In Canada, the government is pursuing partnerships with Indonesia to advance carbon capture and storage (CCS) technologies, recognizing their importance in reducing emissions while maintaining a robust oil and gas sector. The U.S. is also making strides in CCS implementation, crucial for decarbonizing hard-to-abate industries like cement and steel. However, Europe faces challenges in establishing effective regulatory frameworks for CCS. Overall, these developments reflect a broader commitment to sustainable energy solutions and the transition towards a net-zero future.",SolarQuarter,Masdar Signs Landmark Agreement to Develop Uzbekistan's Largest Battery Energy Storage Project,"Leaders Commend Bilateral Cooperation
H.E. Suhail Al Mazrouei highlighted the UAE's pride in supporting global partners in their clean energy transitions:
""The Zarafshan Battery Energy Storage System will play a vital role in strengthening Uzbekistan's grid resilience and expanding renewable energy integration. This collaboration reflects the UAE's vision for a sustainable, diversified energy future.""",6,"The UAE's collaboration on the Zarafshan Battery Energy Storage System exemplifies global efforts to enhance grid resilience and renewable energy integration, underscoring the rising investments in sustainable energy initiatives.",6,New,Negative,High
2025-11-11,"- **Gas Supply Cut in Ukraine**: Complete cut-off of gas supply in Lyman highlights vulnerabilities in Ukraine's energy infrastructure amid ongoing conflict, stressing the need for resilient energy systems.

- **Natural Gas Demand Surge in North America**: Increased demand and storage constraints emphasize the critical role of natural gas storage for energy security and price stability.

- **Geopolitical Tensions Affecting LNG Supply**: Legal disputes involving Venture Global and major energy companies over LNG delivery failures amid rising prices reflect the complexities of securing reliable energy supplies.

- **Egypt's LNG Exports**: Egypt boosts LNG exports to address Europe's energy crisis exacerbated by reduced Russian supplies, enhancing regional energy security.

- **India's Renewable Energy Initiatives**: The Adani Group's 1,126 MW Battery Energy Storage System project aims to tackle natural gas demand issues and improve grid reliability in India.

- **Global Renewable Energy Investments**: Significant investments in renewable energy projects worldwide, including partnerships for battery storage and carbon capture, reflect a commitment to sustainability.

- **Saudi Arabia's Natural Gas Production**: Increased focus on natural gas production to diversify energy portfolio and reduce oil dependence, addressing rising electricity demand.

- **China's Renewable Energy Growth**: Solar generation up 46% and wind by 11%, despite pricing challenges, indicating a strong push towards cleaner energy sources.

- **Carbon Capture and Storage (CCS) Initiatives**: Growing momentum in CCS projects globally, with strategic partnerships aimed at enhancing energy infrastructure and reducing emissions.

- **Regional Energy Cooperation in GCC**: Investments in renewable energy and interconnected grids among GCC countries to enhance energy security and promote sustainable practices.",Global Surge in Renewable Energy Investments Driven by Sustainability and Reliability Initiatives,"Renewable energy investments are gaining momentum globally, driven by both private sector initiatives and international collaborations. In South Africa, mining companies and retailers are investing in solar and wind resources to combat load-shedding and rising electricity costs, aligning with sustainability goals while ensuring reliable power. Meanwhile, Masdar's partnership with Uzbekistan's JSC Uzenergosotish to develop a 300 MW / 600 MWh battery energy storage system marks a significant step towards enhancing grid reliability and supporting Uzbekistan's target of generating 54% of its electricity from renewables by 2030. In Canada, the government is pursuing partnerships with Indonesia to advance carbon capture and storage (CCS) technologies, recognizing their importance in reducing emissions while maintaining a robust oil and gas sector. The U.S. is also making strides in CCS implementation, crucial for decarbonizing hard-to-abate industries like cement and steel. However, Europe faces challenges in establishing effective regulatory frameworks for CCS. Overall, these developments reflect a broader commitment to sustainable energy solutions and the transition towards a net-zero future.",ZAWYA by Refinitiv (Press Releases),Masdar signs landmark agreement for Uzbekistan's largest standalone battery energy storage project,"Once operational in Q3 2028, the Zarafshan BESS will strengthen Uzbekistan's grid reliability and flexibility, supporting its target of generating 54 percent of power from renewables by 2030 and advancing long-term net-zero goals.
The agreement was signed at the Abu Dhabi International Petroleum Exhibition and Conference (ADIPEC) by Mohamed Jameel Al Ramahi, Chief Executive Officer of Masdar, and Jahongir Obidjonov, Chairman of the Board, JSC Uzenergosotish, and witnessed by His Excellency Suhail Al Mazrouei, UAE Minister of Energy, and His Excellency Jurabek Mirzamahmudov, Minister of Energy, Republic of Uzbekistan.",6,"The Zarafshan BESS project in Uzbekistan, set to enhance grid reliability and support a 54% renewable energy target by 2030, exemplifies the global trend of increasing investments in renewable energy driven by sustainability and reliability initiatives.",6,New,Negative,High
2025-11-11,"- **Gas Supply Cut in Ukraine**: Complete cut-off of gas supply in Lyman highlights vulnerabilities in Ukraine's energy infrastructure amid ongoing conflict, stressing the need for resilient energy systems.

- **Natural Gas Demand Surge in North America**: Increased demand and storage constraints emphasize the critical role of natural gas storage for energy security and price stability.

- **Geopolitical Tensions Affecting LNG Supply**: Legal disputes involving Venture Global and major energy companies over LNG delivery failures amid rising prices reflect the complexities of securing reliable energy supplies.

- **Egypt's LNG Exports**: Egypt boosts LNG exports to address Europe's energy crisis exacerbated by reduced Russian supplies, enhancing regional energy security.

- **India's Renewable Energy Initiatives**: The Adani Group's 1,126 MW Battery Energy Storage System project aims to tackle natural gas demand issues and improve grid reliability in India.

- **Global Renewable Energy Investments**: Significant investments in renewable energy projects worldwide, including partnerships for battery storage and carbon capture, reflect a commitment to sustainability.

- **Saudi Arabia's Natural Gas Production**: Increased focus on natural gas production to diversify energy portfolio and reduce oil dependence, addressing rising electricity demand.

- **China's Renewable Energy Growth**: Solar generation up 46% and wind by 11%, despite pricing challenges, indicating a strong push towards cleaner energy sources.

- **Carbon Capture and Storage (CCS) Initiatives**: Growing momentum in CCS projects globally, with strategic partnerships aimed at enhancing energy infrastructure and reducing emissions.

- **Regional Energy Cooperation in GCC**: Investments in renewable energy and interconnected grids among GCC countries to enhance energy security and promote sustainable practices.",Legal Disputes Over LNG Deliveries Drive Energy Supply Challenges Amid Rising Prices,"Geopolitical developments in energy supply are significantly influenced by the ongoing legal disputes involving Venture Global and major energy companies like Shell and BP over liquefied natural gas (LNG) delivery failures. These disputes arise amidst rising global energy prices and supply chain challenges, particularly exacerbated by geopolitical tensions such as the war in Ukraine. The outcomes of these arbitration cases could reshape future LNG pricing and contractual agreements, highlighting the complexities of securing reliable energy supplies. Concurrently, in India, a surge in corporate renewable procurement is transforming the solar rooftop market, driven by net metering policies and decentralized energy generation. Companies are increasingly entering power purchase agreements (PPAs) to enhance sustainability and energy independence, supported by technological advancements and regulatory changes that encourage participation in renewable energy markets.",Benzinga,Shell Drags Venture Global To New York Supreme Court Over Disputed LNG Contracts,"Last month, the International Chamber of Commerce (ICC) issued a partial final award in the arbitration with BP Gas Marketing Limited related LNG sales under the long-term sales and purchase agreement (SPA) from the Calcasieu Project.",6,The ICC's recent arbitration ruling on BP Gas Marketing's LNG sales highlights ongoing legal disputes that exacerbate energy supply challenges amid rising prices.,6,New,Negative,High
2025-11-11,"- **Gas Supply Cut in Ukraine**: Complete cut-off of gas supply in Lyman highlights vulnerabilities in Ukraine's energy infrastructure amid ongoing conflict, stressing the need for resilient energy systems.

- **Natural Gas Demand Surge in North America**: Increased demand and storage constraints emphasize the critical role of natural gas storage for energy security and price stability.

- **Geopolitical Tensions Affecting LNG Supply**: Legal disputes involving Venture Global and major energy companies over LNG delivery failures amid rising prices reflect the complexities of securing reliable energy supplies.

- **Egypt's LNG Exports**: Egypt boosts LNG exports to address Europe's energy crisis exacerbated by reduced Russian supplies, enhancing regional energy security.

- **India's Renewable Energy Initiatives**: The Adani Group's 1,126 MW Battery Energy Storage System project aims to tackle natural gas demand issues and improve grid reliability in India.

- **Global Renewable Energy Investments**: Significant investments in renewable energy projects worldwide, including partnerships for battery storage and carbon capture, reflect a commitment to sustainability.

- **Saudi Arabia's Natural Gas Production**: Increased focus on natural gas production to diversify energy portfolio and reduce oil dependence, addressing rising electricity demand.

- **China's Renewable Energy Growth**: Solar generation up 46% and wind by 11%, despite pricing challenges, indicating a strong push towards cleaner energy sources.

- **Carbon Capture and Storage (CCS) Initiatives**: Growing momentum in CCS projects globally, with strategic partnerships aimed at enhancing energy infrastructure and reducing emissions.

- **Regional Energy Cooperation in GCC**: Investments in renewable energy and interconnected grids among GCC countries to enhance energy security and promote sustainable practices.",Global Energy Transition Accelerates with Major Storage Projects Amid Investment Concerns,"Recent developments in energy storage and related initiatives highlight a global shift towards sustainable energy solutions. Masdar's partnership with JSC Uzenergosotish to create Uzbekistan's largest battery energy storage project aims to bolster grid resilience and facilitate the integration of renewable energy sources, reflecting a broader trend in Central Asia. Meanwhile, Shell's withdrawal from major offshore wind projects raises concerns about the future of renewable investments amid economic challenges, potentially impacting the UK's renewable energy targets. In Germany, Calisen Group's launch of smart metering systems through a partnership with Energy Metering Germany represents a significant investment in energy transition, enhancing grid flexibility and consumer access to low-carbon technologies. Additionally, Nigeria's efforts to reduce crude oil theft and implement the Gas Flare Commercialization Programme are pivotal for transforming its energy landscape, promoting energy security, and supporting environmental sustainability. These initiatives collectively underscore the importance of energy storage and smart technologies in advancing global energy transitions.",Yahoo! Finance,Shell announces cancellation of two Scottish offshore wind projects,"Previously, Shell had partnered with Iberdrola's ScottishPower Renewables to develop the CampionWind and MarramWind offshore wind farms.
The MarramWind project was a 50/50 joint venture while Shell was the sole owner of CampionWind.",3,Shell's collaboration with Iberdrola on offshore wind projects highlights the growing emphasis on renewable energy storage solutions amid investment challenges in the global energy transition.,3,New,Positive,High
2025-11-11,"- **Gas Supply Cut in Ukraine**: Complete cut-off of gas supply in Lyman highlights vulnerabilities in Ukraine's energy infrastructure amid ongoing conflict, stressing the need for resilient energy systems.

- **Natural Gas Demand Surge in North America**: Increased demand and storage constraints emphasize the critical role of natural gas storage for energy security and price stability.

- **Geopolitical Tensions Affecting LNG Supply**: Legal disputes involving Venture Global and major energy companies over LNG delivery failures amid rising prices reflect the complexities of securing reliable energy supplies.

- **Egypt's LNG Exports**: Egypt boosts LNG exports to address Europe's energy crisis exacerbated by reduced Russian supplies, enhancing regional energy security.

- **India's Renewable Energy Initiatives**: The Adani Group's 1,126 MW Battery Energy Storage System project aims to tackle natural gas demand issues and improve grid reliability in India.

- **Global Renewable Energy Investments**: Significant investments in renewable energy projects worldwide, including partnerships for battery storage and carbon capture, reflect a commitment to sustainability.

- **Saudi Arabia's Natural Gas Production**: Increased focus on natural gas production to diversify energy portfolio and reduce oil dependence, addressing rising electricity demand.

- **China's Renewable Energy Growth**: Solar generation up 46% and wind by 11%, despite pricing challenges, indicating a strong push towards cleaner energy sources.

- **Carbon Capture and Storage (CCS) Initiatives**: Growing momentum in CCS projects globally, with strategic partnerships aimed at enhancing energy infrastructure and reducing emissions.

- **Regional Energy Cooperation in GCC**: Investments in renewable energy and interconnected grids among GCC countries to enhance energy security and promote sustainable practices.","Adani Group's 1,126 MW Battery Storage Project Leads India's Push for Renewable Energy Stability","Electricity supply challenges are being addressed through significant initiatives in various regions, notably by the Adani Group in India and Ghana's Energy Transition Framework. The Adani Group's ambitious Battery Energy Storage Systems (BESS) project in Khavda, Gujarat, set for completion by March 2026, will be the largest of its kind in India, with a capacity of 1,126 MW and 3,530 MWh of energy storage. This project aims to enhance grid stability, manage peak load demands, and support the integration of renewable energy, aligning with India's net-zero goals. Meanwhile, Ghana's framework targets net-zero emissions by 2070, emphasizing cleaner energy generation and the expansion of renewable sources, particularly solar, while also leveraging natural gas for baseload power. This strategic approach aims to improve energy access and sustainability, positioning Ghana as a regional energy hub. Additionally, the recent energy collaboration between India and Bhutan, highlighted by the inauguration of the 1,020-megawatt Punatsangchhu-II hydroelectric project, reflects a broader trend of regional cooperation in addressing electricity supply challenges and meeting growing energy demands sustainably.",Business Standard,Adani Group plans to build India's largest battery storage system,"Commenting on the move, Chairman Gautam Adani said, ""Energy storage is the cornerstone of a renewable-powered future. With this historic project, we are not only setting global benchmarks but also reinforcing our commitment to India's energy independence and sustainability. This initiative will enable us to deliver reliable, clean, and affordable energy solutions at scale.""",12,"Gautam Adani emphasizes that the 1,126 MW Battery Storage Project is pivotal for renewable energy stability in India, showcasing a commitment to energy independence and sustainable solutions.",12,New,Positive,High
2025-11-11,"- **Gas Supply Cut in Ukraine**: Complete cut-off of gas supply in Lyman highlights vulnerabilities in Ukraine's energy infrastructure amid ongoing conflict, stressing the need for resilient energy systems.

- **Natural Gas Demand Surge in North America**: Increased demand and storage constraints emphasize the critical role of natural gas storage for energy security and price stability.

- **Geopolitical Tensions Affecting LNG Supply**: Legal disputes involving Venture Global and major energy companies over LNG delivery failures amid rising prices reflect the complexities of securing reliable energy supplies.

- **Egypt's LNG Exports**: Egypt boosts LNG exports to address Europe's energy crisis exacerbated by reduced Russian supplies, enhancing regional energy security.

- **India's Renewable Energy Initiatives**: The Adani Group's 1,126 MW Battery Energy Storage System project aims to tackle natural gas demand issues and improve grid reliability in India.

- **Global Renewable Energy Investments**: Significant investments in renewable energy projects worldwide, including partnerships for battery storage and carbon capture, reflect a commitment to sustainability.

- **Saudi Arabia's Natural Gas Production**: Increased focus on natural gas production to diversify energy portfolio and reduce oil dependence, addressing rising electricity demand.

- **China's Renewable Energy Growth**: Solar generation up 46% and wind by 11%, despite pricing challenges, indicating a strong push towards cleaner energy sources.

- **Carbon Capture and Storage (CCS) Initiatives**: Growing momentum in CCS projects globally, with strategic partnerships aimed at enhancing energy infrastructure and reducing emissions.

- **Regional Energy Cooperation in GCC**: Investments in renewable energy and interconnected grids among GCC countries to enhance energy security and promote sustainable practices.","Adani Group's 1,126 MW Battery Storage Project Leads India's Push for Renewable Energy Stability","Electricity supply challenges are being addressed through significant initiatives in various regions, notably by the Adani Group in India and Ghana's Energy Transition Framework. The Adani Group's ambitious Battery Energy Storage Systems (BESS) project in Khavda, Gujarat, set for completion by March 2026, will be the largest of its kind in India, with a capacity of 1,126 MW and 3,530 MWh of energy storage. This project aims to enhance grid stability, manage peak load demands, and support the integration of renewable energy, aligning with India's net-zero goals. Meanwhile, Ghana's framework targets net-zero emissions by 2070, emphasizing cleaner energy generation and the expansion of renewable sources, particularly solar, while also leveraging natural gas for baseload power. This strategic approach aims to improve energy access and sustainability, positioning Ghana as a regional energy hub. Additionally, the recent energy collaboration between India and Bhutan, highlighted by the inauguration of the 1,020-megawatt Punatsangchhu-II hydroelectric project, reflects a broader trend of regional cooperation in addressing electricity supply challenges and meeting growing energy demands sustainably.",Business Standard,Adani Group plans to build India's largest battery storage system,"The project will use advanced lithium-ion battery technology and smart energy management systems for top performance. It will help manage electricity demand during peak hours, shift energy use to different times, and cut carbon emissions. Once complete, it will support grid stability and 24/7 renewable power, making Khavda the largest combined renewable and storage park in the world.",12,"Adani Group's 1,126 MW Battery Storage Project will utilize advanced lithium-ion technology to enhance grid stability, manage peak electricity demand, and support continuous renewable energy supply, positioning Khavda as the world's largest renewable and storage park.",12,New,Positive,High
2025-11-11,"- **Gas Supply Cut in Ukraine**: Complete cut-off of gas supply in Lyman highlights vulnerabilities in Ukraine's energy infrastructure amid ongoing conflict, stressing the need for resilient energy systems.

- **Natural Gas Demand Surge in North America**: Increased demand and storage constraints emphasize the critical role of natural gas storage for energy security and price stability.

- **Geopolitical Tensions Affecting LNG Supply**: Legal disputes involving Venture Global and major energy companies over LNG delivery failures amid rising prices reflect the complexities of securing reliable energy supplies.

- **Egypt's LNG Exports**: Egypt boosts LNG exports to address Europe's energy crisis exacerbated by reduced Russian supplies, enhancing regional energy security.

- **India's Renewable Energy Initiatives**: The Adani Group's 1,126 MW Battery Energy Storage System project aims to tackle natural gas demand issues and improve grid reliability in India.

- **Global Renewable Energy Investments**: Significant investments in renewable energy projects worldwide, including partnerships for battery storage and carbon capture, reflect a commitment to sustainability.

- **Saudi Arabia's Natural Gas Production**: Increased focus on natural gas production to diversify energy portfolio and reduce oil dependence, addressing rising electricity demand.

- **China's Renewable Energy Growth**: Solar generation up 46% and wind by 11%, despite pricing challenges, indicating a strong push towards cleaner energy sources.

- **Carbon Capture and Storage (CCS) Initiatives**: Growing momentum in CCS projects globally, with strategic partnerships aimed at enhancing energy infrastructure and reducing emissions.

- **Regional Energy Cooperation in GCC**: Investments in renewable energy and interconnected grids among GCC countries to enhance energy security and promote sustainable practices.","Adani Group's 1,126 MW Battery Storage Project Leads India's Push for Renewable Energy Stability","Electricity supply challenges are being addressed through significant initiatives in various regions, notably by the Adani Group in India and Ghana's Energy Transition Framework. The Adani Group's ambitious Battery Energy Storage Systems (BESS) project in Khavda, Gujarat, set for completion by March 2026, will be the largest of its kind in India, with a capacity of 1,126 MW and 3,530 MWh of energy storage. This project aims to enhance grid stability, manage peak load demands, and support the integration of renewable energy, aligning with India's net-zero goals. Meanwhile, Ghana's framework targets net-zero emissions by 2070, emphasizing cleaner energy generation and the expansion of renewable sources, particularly solar, while also leveraging natural gas for baseload power. This strategic approach aims to improve energy access and sustainability, positioning Ghana as a regional energy hub. Additionally, the recent energy collaboration between India and Bhutan, highlighted by the inauguration of the 1,020-megawatt Punatsangchhu-II hydroelectric project, reflects a broader trend of regional cooperation in addressing electricity supply challenges and meeting growing energy demands sustainably.",India Today,"Adani enters battery storage with massive 1126 MW project, India's largest to date","Speaking on the announcement, Gautam Adani, Chairman of the Adani Group, said, ""Energy storage is the cornerstone of a renewable-powered future. With this historic project, we are not only setting global benchmarks but also reinforcing our commitment to India's energy independence and sustainability.""",12,"Gautam Adani emphasizes the critical role of energy storage in achieving a renewable-powered future, highlighting the project's significance for India's energy independence and sustainability.",12,New,Positive,High
2025-11-11,"- **Gas Supply Cut in Ukraine**: Complete cut-off of gas supply in Lyman highlights vulnerabilities in Ukraine's energy infrastructure amid ongoing conflict, stressing the need for resilient energy systems.

- **Natural Gas Demand Surge in North America**: Increased demand and storage constraints emphasize the critical role of natural gas storage for energy security and price stability.

- **Geopolitical Tensions Affecting LNG Supply**: Legal disputes involving Venture Global and major energy companies over LNG delivery failures amid rising prices reflect the complexities of securing reliable energy supplies.

- **Egypt's LNG Exports**: Egypt boosts LNG exports to address Europe's energy crisis exacerbated by reduced Russian supplies, enhancing regional energy security.

- **India's Renewable Energy Initiatives**: The Adani Group's 1,126 MW Battery Energy Storage System project aims to tackle natural gas demand issues and improve grid reliability in India.

- **Global Renewable Energy Investments**: Significant investments in renewable energy projects worldwide, including partnerships for battery storage and carbon capture, reflect a commitment to sustainability.

- **Saudi Arabia's Natural Gas Production**: Increased focus on natural gas production to diversify energy portfolio and reduce oil dependence, addressing rising electricity demand.

- **China's Renewable Energy Growth**: Solar generation up 46% and wind by 11%, despite pricing challenges, indicating a strong push towards cleaner energy sources.

- **Carbon Capture and Storage (CCS) Initiatives**: Growing momentum in CCS projects globally, with strategic partnerships aimed at enhancing energy infrastructure and reducing emissions.

- **Regional Energy Cooperation in GCC**: Investments in renewable energy and interconnected grids among GCC countries to enhance energy security and promote sustainable practices.","Adani Group's 1,126 MW Battery Storage Project Leads India's Push for Renewable Energy Stability","Electricity supply challenges are being addressed through significant initiatives in various regions, notably by the Adani Group in India and Ghana's Energy Transition Framework. The Adani Group's ambitious Battery Energy Storage Systems (BESS) project in Khavda, Gujarat, set for completion by March 2026, will be the largest of its kind in India, with a capacity of 1,126 MW and 3,530 MWh of energy storage. This project aims to enhance grid stability, manage peak load demands, and support the integration of renewable energy, aligning with India's net-zero goals. Meanwhile, Ghana's framework targets net-zero emissions by 2070, emphasizing cleaner energy generation and the expansion of renewable sources, particularly solar, while also leveraging natural gas for baseload power. This strategic approach aims to improve energy access and sustainability, positioning Ghana as a regional energy hub. Additionally, the recent energy collaboration between India and Bhutan, highlighted by the inauguration of the 1,020-megawatt Punatsangchhu-II hydroelectric project, reflects a broader trend of regional cooperation in addressing electricity supply challenges and meeting growing energy demands sustainably.",NDTV,Adani Group Enters Battery Energy Storage With Indias Largest BESS Project,"""Energy storage is the cornerstone of a renewable-powered future. With this historic project, we are not only setting global benchmarks but also reinforcing our commitment to India's energy independence and sustainability. This initiative will enable us to deliver reliable, clean, and affordable energy solutions at scale,"" said Gautam Adani, Chairman of Adani Group.",12,"Gautam Adani emphasizes that the 1,126 MW Battery Storage Project is pivotal for establishing energy independence and sustainability in India, marking a significant step towards reliable renewable energy solutions.",12,New,Positive,High
2025-11-11,"- **Gas Supply Cut in Ukraine**: Complete cut-off of gas supply in Lyman highlights vulnerabilities in Ukraine's energy infrastructure amid ongoing conflict, stressing the need for resilient energy systems.

- **Natural Gas Demand Surge in North America**: Increased demand and storage constraints emphasize the critical role of natural gas storage for energy security and price stability.

- **Geopolitical Tensions Affecting LNG Supply**: Legal disputes involving Venture Global and major energy companies over LNG delivery failures amid rising prices reflect the complexities of securing reliable energy supplies.

- **Egypt's LNG Exports**: Egypt boosts LNG exports to address Europe's energy crisis exacerbated by reduced Russian supplies, enhancing regional energy security.

- **India's Renewable Energy Initiatives**: The Adani Group's 1,126 MW Battery Energy Storage System project aims to tackle natural gas demand issues and improve grid reliability in India.

- **Global Renewable Energy Investments**: Significant investments in renewable energy projects worldwide, including partnerships for battery storage and carbon capture, reflect a commitment to sustainability.

- **Saudi Arabia's Natural Gas Production**: Increased focus on natural gas production to diversify energy portfolio and reduce oil dependence, addressing rising electricity demand.

- **China's Renewable Energy Growth**: Solar generation up 46% and wind by 11%, despite pricing challenges, indicating a strong push towards cleaner energy sources.

- **Carbon Capture and Storage (CCS) Initiatives**: Growing momentum in CCS projects globally, with strategic partnerships aimed at enhancing energy infrastructure and reducing emissions.

- **Regional Energy Cooperation in GCC**: Investments in renewable energy and interconnected grids among GCC countries to enhance energy security and promote sustainable practices.","Adani Group's 1,126 MW Battery Storage Project Leads India's Push for Renewable Energy Stability","Electricity supply challenges are being addressed through significant initiatives in various regions, notably by the Adani Group in India and Ghana's Energy Transition Framework. The Adani Group's ambitious Battery Energy Storage Systems (BESS) project in Khavda, Gujarat, set for completion by March 2026, will be the largest of its kind in India, with a capacity of 1,126 MW and 3,530 MWh of energy storage. This project aims to enhance grid stability, manage peak load demands, and support the integration of renewable energy, aligning with India's net-zero goals. Meanwhile, Ghana's framework targets net-zero emissions by 2070, emphasizing cleaner energy generation and the expansion of renewable sources, particularly solar, while also leveraging natural gas for baseload power. This strategic approach aims to improve energy access and sustainability, positioning Ghana as a regional energy hub. Additionally, the recent energy collaboration between India and Bhutan, highlighted by the inauguration of the 1,020-megawatt Punatsangchhu-II hydroelectric project, reflects a broader trend of regional cooperation in addressing electricity supply challenges and meeting growing energy demands sustainably.",NDTV,Adani Group Enters Battery Energy Storage With Indias Largest BESS Project,"The project, entailing deployment of more than 700 BESS containers, will be the largest BESS installation in India and one of the world's largest single-location BESS deployments.
This BESS project would have a power capacity of 1,126 MW and energy storage capacity of 3,530 MWh - thus extending power capacity of 1,126 MW by 3 hours.",12,"Adani Group's 1,126 MW Battery Storage Project, featuring over 700 BESS containers, will be India's largest and one of the world's most significant single-location energy storage installations, enhancing renewable energy stability.",12,New,Positive,High
2025-11-11,"- **Gas Supply Cut in Ukraine**: Complete cut-off of gas supply in Lyman highlights vulnerabilities in Ukraine's energy infrastructure amid ongoing conflict, stressing the need for resilient energy systems.

- **Natural Gas Demand Surge in North America**: Increased demand and storage constraints emphasize the critical role of natural gas storage for energy security and price stability.

- **Geopolitical Tensions Affecting LNG Supply**: Legal disputes involving Venture Global and major energy companies over LNG delivery failures amid rising prices reflect the complexities of securing reliable energy supplies.

- **Egypt's LNG Exports**: Egypt boosts LNG exports to address Europe's energy crisis exacerbated by reduced Russian supplies, enhancing regional energy security.

- **India's Renewable Energy Initiatives**: The Adani Group's 1,126 MW Battery Energy Storage System project aims to tackle natural gas demand issues and improve grid reliability in India.

- **Global Renewable Energy Investments**: Significant investments in renewable energy projects worldwide, including partnerships for battery storage and carbon capture, reflect a commitment to sustainability.

- **Saudi Arabia's Natural Gas Production**: Increased focus on natural gas production to diversify energy portfolio and reduce oil dependence, addressing rising electricity demand.

- **China's Renewable Energy Growth**: Solar generation up 46% and wind by 11%, despite pricing challenges, indicating a strong push towards cleaner energy sources.

- **Carbon Capture and Storage (CCS) Initiatives**: Growing momentum in CCS projects globally, with strategic partnerships aimed at enhancing energy infrastructure and reducing emissions.

- **Regional Energy Cooperation in GCC**: Investments in renewable energy and interconnected grids among GCC countries to enhance energy security and promote sustainable practices.",Egypt Boosts LNG Exports to Address Europe's Energy Crisis Amid Russian Supply Cuts,"Energy cooperation is being strengthened through Egypt's enhancement of its liquefied natural gas (LNG) export capabilities, which are vital for addressing Europe's energy needs amid a crisis exacerbated by reduced Russian gas supplies. The collaboration between Egypt and Greece focuses on integrating their energy systems, utilizing Egypt's liquefaction capacity and Greece's strategic location. This partnership not only supports the EU's clean energy goals and carbon-reduction technologies but also aims to stabilize energy supplies in Europe during ongoing geopolitical tensions.",Amwal Al Ghad,"Egypt, Greece weigh joint gas infrastructure projects to bolster energy links with Europe","The discussions focused on connecting Egypt's LNG liquefaction and export terminals with Greece's floating storage and regasification units (FSRUs) and integrating both systems into the Vertical Gas Corridor (VGC) - a key route linking southeastern Europe's energy networks. Badawy said closer coordination could ""play a pivotal role"" in securing Europe's energy needs, leveraging Egypt's liquefaction capacity and Greece's strategic location. He added that both nations aim to expand cooperation in carbon-reduction technologies and the use of artificial intelligence in energy operations, in line with UN and EU clean-energy goals.",1,"Egypt and Greece are enhancing LNG export connections to support Europe's energy security amid Russian supply disruptions, focusing on integrating their gas systems and advancing clean energy technologies.",1,New,Positive,High
2025-11-11,"- **Gas Supply Cut in Ukraine**: Complete cut-off of gas supply in Lyman highlights vulnerabilities in Ukraine's energy infrastructure amid ongoing conflict, stressing the need for resilient energy systems.

- **Natural Gas Demand Surge in North America**: Increased demand and storage constraints emphasize the critical role of natural gas storage for energy security and price stability.

- **Geopolitical Tensions Affecting LNG Supply**: Legal disputes involving Venture Global and major energy companies over LNG delivery failures amid rising prices reflect the complexities of securing reliable energy supplies.

- **Egypt's LNG Exports**: Egypt boosts LNG exports to address Europe's energy crisis exacerbated by reduced Russian supplies, enhancing regional energy security.

- **India's Renewable Energy Initiatives**: The Adani Group's 1,126 MW Battery Energy Storage System project aims to tackle natural gas demand issues and improve grid reliability in India.

- **Global Renewable Energy Investments**: Significant investments in renewable energy projects worldwide, including partnerships for battery storage and carbon capture, reflect a commitment to sustainability.

- **Saudi Arabia's Natural Gas Production**: Increased focus on natural gas production to diversify energy portfolio and reduce oil dependence, addressing rising electricity demand.

- **China's Renewable Energy Growth**: Solar generation up 46% and wind by 11%, despite pricing challenges, indicating a strong push towards cleaner energy sources.

- **Carbon Capture and Storage (CCS) Initiatives**: Growing momentum in CCS projects globally, with strategic partnerships aimed at enhancing energy infrastructure and reducing emissions.

- **Regional Energy Cooperation in GCC**: Investments in renewable energy and interconnected grids among GCC countries to enhance energy security and promote sustainable practices.","Adani Group's 1,126 MW Battery Storage Project Leads India's Push for Renewable Energy Stability","Electricity supply challenges are being addressed through significant initiatives in various regions, notably by the Adani Group in India and Ghana's Energy Transition Framework. The Adani Group's ambitious Battery Energy Storage Systems (BESS) project in Khavda, Gujarat, set for completion by March 2026, will be the largest of its kind in India, with a capacity of 1,126 MW and 3,530 MWh of energy storage. This project aims to enhance grid stability, manage peak load demands, and support the integration of renewable energy, aligning with India's net-zero goals. Meanwhile, Ghana's framework targets net-zero emissions by 2070, emphasizing cleaner energy generation and the expansion of renewable sources, particularly solar, while also leveraging natural gas for baseload power. This strategic approach aims to improve energy access and sustainability, positioning Ghana as a regional energy hub. Additionally, the recent energy collaboration between India and Bhutan, highlighted by the inauguration of the 1,020-megawatt Punatsangchhu-II hydroelectric project, reflects a broader trend of regional cooperation in addressing electricity supply challenges and meeting growing energy demands sustainably.",Business Standard,"Adani announces entry into Battery Energy Storage with 1,126 MW project","""This ambition reflects the Group's commitment to building a future-ready energy ecosystem that aligns with India's net-zero goals and global climate commitments,"" the company said.
The BESS project will support peak load management and energy shifting, playing a vital role in decarbonising India's power sector by improving grid stability and renewable integration.",12,"Adani Group's 1,126 MW Battery Storage Project aims to enhance grid stability and renewable energy integration, supporting India's net-zero goals and climate commitments.",12,New,Positive,High
2025-11-11,"- **Gas Supply Cut in Ukraine**: Complete cut-off of gas supply in Lyman highlights vulnerabilities in Ukraine's energy infrastructure amid ongoing conflict, stressing the need for resilient energy systems.

- **Natural Gas Demand Surge in North America**: Increased demand and storage constraints emphasize the critical role of natural gas storage for energy security and price stability.

- **Geopolitical Tensions Affecting LNG Supply**: Legal disputes involving Venture Global and major energy companies over LNG delivery failures amid rising prices reflect the complexities of securing reliable energy supplies.

- **Egypt's LNG Exports**: Egypt boosts LNG exports to address Europe's energy crisis exacerbated by reduced Russian supplies, enhancing regional energy security.

- **India's Renewable Energy Initiatives**: The Adani Group's 1,126 MW Battery Energy Storage System project aims to tackle natural gas demand issues and improve grid reliability in India.

- **Global Renewable Energy Investments**: Significant investments in renewable energy projects worldwide, including partnerships for battery storage and carbon capture, reflect a commitment to sustainability.

- **Saudi Arabia's Natural Gas Production**: Increased focus on natural gas production to diversify energy portfolio and reduce oil dependence, addressing rising electricity demand.

- **China's Renewable Energy Growth**: Solar generation up 46% and wind by 11%, despite pricing challenges, indicating a strong push towards cleaner energy sources.

- **Carbon Capture and Storage (CCS) Initiatives**: Growing momentum in CCS projects globally, with strategic partnerships aimed at enhancing energy infrastructure and reducing emissions.

- **Regional Energy Cooperation in GCC**: Investments in renewable energy and interconnected grids among GCC countries to enhance energy security and promote sustainable practices.","Adani Group's 1,126 MW Battery Storage Project Leads India's Push for Renewable Energy Stability","Electricity supply challenges are being addressed through significant initiatives in various regions, notably by the Adani Group in India and Ghana's Energy Transition Framework. The Adani Group's ambitious Battery Energy Storage Systems (BESS) project in Khavda, Gujarat, set for completion by March 2026, will be the largest of its kind in India, with a capacity of 1,126 MW and 3,530 MWh of energy storage. This project aims to enhance grid stability, manage peak load demands, and support the integration of renewable energy, aligning with India's net-zero goals. Meanwhile, Ghana's framework targets net-zero emissions by 2070, emphasizing cleaner energy generation and the expansion of renewable sources, particularly solar, while also leveraging natural gas for baseload power. This strategic approach aims to improve energy access and sustainability, positioning Ghana as a regional energy hub. Additionally, the recent energy collaboration between India and Bhutan, highlighted by the inauguration of the 1,020-megawatt Punatsangchhu-II hydroelectric project, reflects a broader trend of regional cooperation in addressing electricity supply challenges and meeting growing energy demands sustainably.",Business Standard,"Adani announces entry into Battery Energy Storage with 1,126 MW project","15 GWh by 2027, 50 GWh in five years
Building on this deployment, the Group has outlined an ambitious roadmap to expand its energy storage footprint. Adani plans to deploy an additional 15 gigawatt-hour (GWh) of BESS capacity by March 2027, with a long-term target of 50 GWh over the next five years.",12,"Adani Group aims to enhance its energy storage capacity with a target of 15 GWh by 2027 and 50 GWh over the next five years, reinforcing India's renewable energy stability efforts.",12,New,Positive,High
2025-11-11,"- **Gas Supply Cut in Ukraine**: Complete cut-off of gas supply in Lyman highlights vulnerabilities in Ukraine's energy infrastructure amid ongoing conflict, stressing the need for resilient energy systems.

- **Natural Gas Demand Surge in North America**: Increased demand and storage constraints emphasize the critical role of natural gas storage for energy security and price stability.

- **Geopolitical Tensions Affecting LNG Supply**: Legal disputes involving Venture Global and major energy companies over LNG delivery failures amid rising prices reflect the complexities of securing reliable energy supplies.

- **Egypt's LNG Exports**: Egypt boosts LNG exports to address Europe's energy crisis exacerbated by reduced Russian supplies, enhancing regional energy security.

- **India's Renewable Energy Initiatives**: The Adani Group's 1,126 MW Battery Energy Storage System project aims to tackle natural gas demand issues and improve grid reliability in India.

- **Global Renewable Energy Investments**: Significant investments in renewable energy projects worldwide, including partnerships for battery storage and carbon capture, reflect a commitment to sustainability.

- **Saudi Arabia's Natural Gas Production**: Increased focus on natural gas production to diversify energy portfolio and reduce oil dependence, addressing rising electricity demand.

- **China's Renewable Energy Growth**: Solar generation up 46% and wind by 11%, despite pricing challenges, indicating a strong push towards cleaner energy sources.

- **Carbon Capture and Storage (CCS) Initiatives**: Growing momentum in CCS projects globally, with strategic partnerships aimed at enhancing energy infrastructure and reducing emissions.

- **Regional Energy Cooperation in GCC**: Investments in renewable energy and interconnected grids among GCC countries to enhance energy security and promote sustainable practices.","Adani Group's 1,126 MW Battery Storage Project Leads India's Push for Renewable Energy Stability","Electricity supply challenges are being addressed through significant initiatives in various regions, notably by the Adani Group in India and Ghana's Energy Transition Framework. The Adani Group's ambitious Battery Energy Storage Systems (BESS) project in Khavda, Gujarat, set for completion by March 2026, will be the largest of its kind in India, with a capacity of 1,126 MW and 3,530 MWh of energy storage. This project aims to enhance grid stability, manage peak load demands, and support the integration of renewable energy, aligning with India's net-zero goals. Meanwhile, Ghana's framework targets net-zero emissions by 2070, emphasizing cleaner energy generation and the expansion of renewable sources, particularly solar, while also leveraging natural gas for baseload power. This strategic approach aims to improve energy access and sustainability, positioning Ghana as a regional energy hub. Additionally, the recent energy collaboration between India and Bhutan, highlighted by the inauguration of the 1,020-megawatt Punatsangchhu-II hydroelectric project, reflects a broader trend of regional cooperation in addressing electricity supply challenges and meeting growing energy demands sustainably.",Saur Energy International,Adani Group Enters BESS Sector With a 3530 MWh Project at Khavda,"Adani Group has announced its entry into the Battery Energy Storage Systems (BESS) sector with a 1126 MW / 3530 MWh project, which is to be commissioned by March 2026. On completion, it is claimed to be India's largest and one of the world's biggest single-location BESS installations. Adani Group has a presence across the renewable value chain, from IPPs through Adani Green Energy, to manufacturing of both solar and wind equipment under Adani Solar and Adani New Energy within Adani Enterprises. Adani Green Energy is the largest green energy developer in India currently.",12,"Adani Group's 1,126 MW Battery Storage Project, set for completion by March 2026, positions it as a leader in India's renewable energy sector, enhancing stability and supporting its extensive green energy initiatives.",12,New,Positive,High
2025-11-11,"- **Gas Supply Cut in Ukraine**: Complete cut-off of gas supply in Lyman highlights vulnerabilities in Ukraine's energy infrastructure amid ongoing conflict, stressing the need for resilient energy systems.

- **Natural Gas Demand Surge in North America**: Increased demand and storage constraints emphasize the critical role of natural gas storage for energy security and price stability.

- **Geopolitical Tensions Affecting LNG Supply**: Legal disputes involving Venture Global and major energy companies over LNG delivery failures amid rising prices reflect the complexities of securing reliable energy supplies.

- **Egypt's LNG Exports**: Egypt boosts LNG exports to address Europe's energy crisis exacerbated by reduced Russian supplies, enhancing regional energy security.

- **India's Renewable Energy Initiatives**: The Adani Group's 1,126 MW Battery Energy Storage System project aims to tackle natural gas demand issues and improve grid reliability in India.

- **Global Renewable Energy Investments**: Significant investments in renewable energy projects worldwide, including partnerships for battery storage and carbon capture, reflect a commitment to sustainability.

- **Saudi Arabia's Natural Gas Production**: Increased focus on natural gas production to diversify energy portfolio and reduce oil dependence, addressing rising electricity demand.

- **China's Renewable Energy Growth**: Solar generation up 46% and wind by 11%, despite pricing challenges, indicating a strong push towards cleaner energy sources.

- **Carbon Capture and Storage (CCS) Initiatives**: Growing momentum in CCS projects globally, with strategic partnerships aimed at enhancing energy infrastructure and reducing emissions.

- **Regional Energy Cooperation in GCC**: Investments in renewable energy and interconnected grids among GCC countries to enhance energy security and promote sustainable practices.","Adani Group's 1,126 MW Battery Storage Project Leads India's Push for Renewable Energy Stability","Electricity supply challenges are being addressed through significant initiatives in various regions, notably by the Adani Group in India and Ghana's Energy Transition Framework. The Adani Group's ambitious Battery Energy Storage Systems (BESS) project in Khavda, Gujarat, set for completion by March 2026, will be the largest of its kind in India, with a capacity of 1,126 MW and 3,530 MWh of energy storage. This project aims to enhance grid stability, manage peak load demands, and support the integration of renewable energy, aligning with India's net-zero goals. Meanwhile, Ghana's framework targets net-zero emissions by 2070, emphasizing cleaner energy generation and the expansion of renewable sources, particularly solar, while also leveraging natural gas for baseload power. This strategic approach aims to improve energy access and sustainability, positioning Ghana as a regional energy hub. Additionally, the recent energy collaboration between India and Bhutan, highlighted by the inauguration of the 1,020-megawatt Punatsangchhu-II hydroelectric project, reflects a broader trend of regional cooperation in addressing electricity supply challenges and meeting growing energy demands sustainably.",Business Standard,"Adani announces entry into Battery Energy Storage with 1,126 MW project","The project, being developed with lithium-ion battery technology, is in the advanced stages of deployment at Khavda in Gujarat
Adani Group on Tuesday announced its foray into the Battery Energy Storage Systems (BESS) segment with a 1,126-megawatt project capable of storing 3,530 megawatt-hour (MWh) of energy. Once commissioned in March 2026, the project will be the largest BESS installation in India and among the world's largest single-location battery storage deployments.",12,"Adani Group's 1,126 MW Battery Storage Project in Gujarat, utilizing advanced lithium-ion technology, aims to enhance India's renewable energy stability by becoming the largest BESS installation in the country upon its expected completion in March 2026.",12,New,Positive,High
2025-11-11,"- **Gas Supply Cut in Ukraine**: Complete cut-off of gas supply in Lyman highlights vulnerabilities in Ukraine's energy infrastructure amid ongoing conflict, stressing the need for resilient energy systems.

- **Natural Gas Demand Surge in North America**: Increased demand and storage constraints emphasize the critical role of natural gas storage for energy security and price stability.

- **Geopolitical Tensions Affecting LNG Supply**: Legal disputes involving Venture Global and major energy companies over LNG delivery failures amid rising prices reflect the complexities of securing reliable energy supplies.

- **Egypt's LNG Exports**: Egypt boosts LNG exports to address Europe's energy crisis exacerbated by reduced Russian supplies, enhancing regional energy security.

- **India's Renewable Energy Initiatives**: The Adani Group's 1,126 MW Battery Energy Storage System project aims to tackle natural gas demand issues and improve grid reliability in India.

- **Global Renewable Energy Investments**: Significant investments in renewable energy projects worldwide, including partnerships for battery storage and carbon capture, reflect a commitment to sustainability.

- **Saudi Arabia's Natural Gas Production**: Increased focus on natural gas production to diversify energy portfolio and reduce oil dependence, addressing rising electricity demand.

- **China's Renewable Energy Growth**: Solar generation up 46% and wind by 11%, despite pricing challenges, indicating a strong push towards cleaner energy sources.

- **Carbon Capture and Storage (CCS) Initiatives**: Growing momentum in CCS projects globally, with strategic partnerships aimed at enhancing energy infrastructure and reducing emissions.

- **Regional Energy Cooperation in GCC**: Investments in renewable energy and interconnected grids among GCC countries to enhance energy security and promote sustainable practices.",Western Australia Microgrid Project Highlights Hydropower's Role in Sustainable Energy Transition,"Hydropower projects are increasingly recognized for their potential to provide sustainable energy solutions, particularly in remote areas. While the provided summary focuses on a microgrid project utilizing solar, lithium, and diesel technologies in Western Australia, it highlights the broader trend of integrating renewable energy sources to reduce reliance on fossil fuels. Such initiatives not only advance technological innovation but also promote local community engagement, job creation, and training, demonstrating how indigenous organizations can spearhead sustainable energy efforts. The emphasis on reducing diesel consumption aligns with global efforts to transition towards cleaner energy alternatives, underscoring the importance of hydropower and similar projects in achieving energy sustainability.",PV Magazine Australia,"GenOffGrid builds solar, lithium, diesel microgrid for Top End roadhouse","AAC Chief Executive Officer Steven Sonneman-Smith said the partnership with GenOffGrid is a strong example of how Aboriginal organisations can lead and deliver tangible sustainability outcomes.
""Beyond the technology, this project is about people, local training, local jobs and empowering communities to be part of Australia's clean energy future,"" Sonneman said.",3,"The partnership between AAC and GenOffGrid exemplifies how Aboriginal organizations can drive sustainable energy initiatives, focusing on community empowerment and local job creation in the context of the Western Australia Microgrid Project.",3,New,Positive,Medium
2025-11-11,"- **Gas Supply Cut in Ukraine**: Complete cut-off of gas supply in Lyman highlights vulnerabilities in Ukraine's energy infrastructure amid ongoing conflict, stressing the need for resilient energy systems.

- **Natural Gas Demand Surge in North America**: Increased demand and storage constraints emphasize the critical role of natural gas storage for energy security and price stability.

- **Geopolitical Tensions Affecting LNG Supply**: Legal disputes involving Venture Global and major energy companies over LNG delivery failures amid rising prices reflect the complexities of securing reliable energy supplies.

- **Egypt's LNG Exports**: Egypt boosts LNG exports to address Europe's energy crisis exacerbated by reduced Russian supplies, enhancing regional energy security.

- **India's Renewable Energy Initiatives**: The Adani Group's 1,126 MW Battery Energy Storage System project aims to tackle natural gas demand issues and improve grid reliability in India.

- **Global Renewable Energy Investments**: Significant investments in renewable energy projects worldwide, including partnerships for battery storage and carbon capture, reflect a commitment to sustainability.

- **Saudi Arabia's Natural Gas Production**: Increased focus on natural gas production to diversify energy portfolio and reduce oil dependence, addressing rising electricity demand.

- **China's Renewable Energy Growth**: Solar generation up 46% and wind by 11%, despite pricing challenges, indicating a strong push towards cleaner energy sources.

- **Carbon Capture and Storage (CCS) Initiatives**: Growing momentum in CCS projects globally, with strategic partnerships aimed at enhancing energy infrastructure and reducing emissions.

- **Regional Energy Cooperation in GCC**: Investments in renewable energy and interconnected grids among GCC countries to enhance energy security and promote sustainable practices.",Natural Gas Demand Surge and Storage Constraints Drive Energy Security in North America,"The natural gas market is experiencing significant dynamics influenced by increasing demand and structural capacity constraints, particularly in North America. Analysts emphasize the critical role of natural gas storage in energy infrastructure, especially in regions like California and Alberta, where favorable market fundamentals are evident. This trend highlights the strategic importance of gas storage for energy security and price stability. In contrast, Kenya faces challenges in meeting its energy demands, leading to load shedding due to insufficient electricity generation, which underscores the need for investment in renewable energy sources. Meanwhile, Statkraft's initiatives in Brazil, including new solar farms and battery projects, reflect a broader shift towards renewable energy to reduce carbon emissions. Additionally, the US Department of Energy's investment in a coal-fed ammonia plant with integrated carbon capture and storage (CCS) illustrates efforts to mitigate emissions while maintaining industrial outputs. Together, these developments indicate a complex interplay of natural gas dynamics, renewable energy advancements, and the urgent need for sustainable energy solutions.",Yahoo! Finance,Statkraft delivers on climate ambitions: Opens new solar and hybrid plants in Brazil,"The three solar farms will produce 789 GWh annually, more than the annual solar power production in the country of Norway. Including the wind farm, total production is 3400 GWh annually. These projects are estimated to save 111 000 tons of CO2 annually.
""These projects directly support the global goals to triple renewable energy capacity, ensure a just transition from fossil fuels, and foster local development in a sustainable way. This is green transition in practice, and a clear signal that Statkraft is delivering results that matter for Brazil and the global climate effort. We are proud of the deliveries we present here at COP,"" says Birgitte Ringstad Vartdal, President and CEO of Statkraft.",3,"The development of solar and wind farms in Brazil highlights the global shift towards renewable energy, which is crucial for addressing natural gas demand surges and storage constraints in North America, emphasizing the need for energy security and sustainable practices.",3,New,Positive,High
2025-11-11,"- **Gas Supply Cut in Ukraine**: Complete cut-off of gas supply in Lyman highlights vulnerabilities in Ukraine's energy infrastructure amid ongoing conflict, stressing the need for resilient energy systems.

- **Natural Gas Demand Surge in North America**: Increased demand and storage constraints emphasize the critical role of natural gas storage for energy security and price stability.

- **Geopolitical Tensions Affecting LNG Supply**: Legal disputes involving Venture Global and major energy companies over LNG delivery failures amid rising prices reflect the complexities of securing reliable energy supplies.

- **Egypt's LNG Exports**: Egypt boosts LNG exports to address Europe's energy crisis exacerbated by reduced Russian supplies, enhancing regional energy security.

- **India's Renewable Energy Initiatives**: The Adani Group's 1,126 MW Battery Energy Storage System project aims to tackle natural gas demand issues and improve grid reliability in India.

- **Global Renewable Energy Investments**: Significant investments in renewable energy projects worldwide, including partnerships for battery storage and carbon capture, reflect a commitment to sustainability.

- **Saudi Arabia's Natural Gas Production**: Increased focus on natural gas production to diversify energy portfolio and reduce oil dependence, addressing rising electricity demand.

- **China's Renewable Energy Growth**: Solar generation up 46% and wind by 11%, despite pricing challenges, indicating a strong push towards cleaner energy sources.

- **Carbon Capture and Storage (CCS) Initiatives**: Growing momentum in CCS projects globally, with strategic partnerships aimed at enhancing energy infrastructure and reducing emissions.

- **Regional Energy Cooperation in GCC**: Investments in renewable energy and interconnected grids among GCC countries to enhance energy security and promote sustainable practices.","Adani Group's 1,126 MW Battery Storage Project Leads India's Push for Renewable Energy Stability","Electricity supply challenges are being addressed through significant initiatives in various regions, notably by the Adani Group in India and Ghana's Energy Transition Framework. The Adani Group's ambitious Battery Energy Storage Systems (BESS) project in Khavda, Gujarat, set for completion by March 2026, will be the largest of its kind in India, with a capacity of 1,126 MW and 3,530 MWh of energy storage. This project aims to enhance grid stability, manage peak load demands, and support the integration of renewable energy, aligning with India's net-zero goals. Meanwhile, Ghana's framework targets net-zero emissions by 2070, emphasizing cleaner energy generation and the expansion of renewable sources, particularly solar, while also leveraging natural gas for baseload power. This strategic approach aims to improve energy access and sustainability, positioning Ghana as a regional energy hub. Additionally, the recent energy collaboration between India and Bhutan, highlighted by the inauguration of the 1,020-megawatt Punatsangchhu-II hydroelectric project, reflects a broader trend of regional cooperation in addressing electricity supply challenges and meeting growing energy demands sustainably.",RepublicWorld.com,India's Largest Battery Storage System? Adani's Big 2026 Plan Explained,"The proposed facility, targeted for completion by March 2026, will become India's largest battery storage installation and rank among the biggest single-location systems globally, according to the people, who requested anonymity while discussing business plans.",12,"Adani Group's upcoming 1,126 MW battery storage facility, set to be India's largest by March 2026, is pivotal for enhancing renewable energy stability in the country.",12,New,Positive,High
2025-11-11,"- **Gas Supply Cut in Ukraine**: Complete cut-off of gas supply in Lyman highlights vulnerabilities in Ukraine's energy infrastructure amid ongoing conflict, stressing the need for resilient energy systems.

- **Natural Gas Demand Surge in North America**: Increased demand and storage constraints emphasize the critical role of natural gas storage for energy security and price stability.

- **Geopolitical Tensions Affecting LNG Supply**: Legal disputes involving Venture Global and major energy companies over LNG delivery failures amid rising prices reflect the complexities of securing reliable energy supplies.

- **Egypt's LNG Exports**: Egypt boosts LNG exports to address Europe's energy crisis exacerbated by reduced Russian supplies, enhancing regional energy security.

- **India's Renewable Energy Initiatives**: The Adani Group's 1,126 MW Battery Energy Storage System project aims to tackle natural gas demand issues and improve grid reliability in India.

- **Global Renewable Energy Investments**: Significant investments in renewable energy projects worldwide, including partnerships for battery storage and carbon capture, reflect a commitment to sustainability.

- **Saudi Arabia's Natural Gas Production**: Increased focus on natural gas production to diversify energy portfolio and reduce oil dependence, addressing rising electricity demand.

- **China's Renewable Energy Growth**: Solar generation up 46% and wind by 11%, despite pricing challenges, indicating a strong push towards cleaner energy sources.

- **Carbon Capture and Storage (CCS) Initiatives**: Growing momentum in CCS projects globally, with strategic partnerships aimed at enhancing energy infrastructure and reducing emissions.

- **Regional Energy Cooperation in GCC**: Investments in renewable energy and interconnected grids among GCC countries to enhance energy security and promote sustainable practices.",Global Surge in Renewable Energy Investments Driven by Sustainability and Reliability Initiatives,"Renewable energy investments are gaining momentum globally, driven by both private sector initiatives and international collaborations. In South Africa, mining companies and retailers are investing in solar and wind resources to combat load-shedding and rising electricity costs, aligning with sustainability goals while ensuring reliable power. Meanwhile, Masdar's partnership with Uzbekistan's JSC Uzenergosotish to develop a 300 MW / 600 MWh battery energy storage system marks a significant step towards enhancing grid reliability and supporting Uzbekistan's target of generating 54% of its electricity from renewables by 2030. In Canada, the government is pursuing partnerships with Indonesia to advance carbon capture and storage (CCS) technologies, recognizing their importance in reducing emissions while maintaining a robust oil and gas sector. The U.S. is also making strides in CCS implementation, crucial for decarbonizing hard-to-abate industries like cement and steel. However, Europe faces challenges in establishing effective regulatory frameworks for CCS. Overall, these developments reflect a broader commitment to sustainable energy solutions and the transition towards a net-zero future.",Tempo.co,Canada Open to Indonesia Partnership on Carbon Capture and Storage,"Dutton noted that while Canada has a robust oil and gas industry, it faces the challenge of reducing carbon emissions without undermining an energy sector vital to its economy.
""One of our key solutions has been investing in environmentally friendly technologies such as CCS, supported by favorable geological conditions,"" he explained.",5,Canada's oil and gas sector is investing in carbon capture and storage technologies to balance economic vitality with sustainability goals.,5,New,Negative,High
2025-11-11,"- **Gas Supply Cut in Ukraine**: Complete cut-off of gas supply in Lyman highlights vulnerabilities in Ukraine's energy infrastructure amid ongoing conflict, stressing the need for resilient energy systems.

- **Natural Gas Demand Surge in North America**: Increased demand and storage constraints emphasize the critical role of natural gas storage for energy security and price stability.

- **Geopolitical Tensions Affecting LNG Supply**: Legal disputes involving Venture Global and major energy companies over LNG delivery failures amid rising prices reflect the complexities of securing reliable energy supplies.

- **Egypt's LNG Exports**: Egypt boosts LNG exports to address Europe's energy crisis exacerbated by reduced Russian supplies, enhancing regional energy security.

- **India's Renewable Energy Initiatives**: The Adani Group's 1,126 MW Battery Energy Storage System project aims to tackle natural gas demand issues and improve grid reliability in India.

- **Global Renewable Energy Investments**: Significant investments in renewable energy projects worldwide, including partnerships for battery storage and carbon capture, reflect a commitment to sustainability.

- **Saudi Arabia's Natural Gas Production**: Increased focus on natural gas production to diversify energy portfolio and reduce oil dependence, addressing rising electricity demand.

- **China's Renewable Energy Growth**: Solar generation up 46% and wind by 11%, despite pricing challenges, indicating a strong push towards cleaner energy sources.

- **Carbon Capture and Storage (CCS) Initiatives**: Growing momentum in CCS projects globally, with strategic partnerships aimed at enhancing energy infrastructure and reducing emissions.

- **Regional Energy Cooperation in GCC**: Investments in renewable energy and interconnected grids among GCC countries to enhance energy security and promote sustainable practices.",Global Surge in Renewable Energy Investments Driven by Sustainability and Reliability Initiatives,"Renewable energy investments are gaining momentum globally, driven by both private sector initiatives and international collaborations. In South Africa, mining companies and retailers are investing in solar and wind resources to combat load-shedding and rising electricity costs, aligning with sustainability goals while ensuring reliable power. Meanwhile, Masdar's partnership with Uzbekistan's JSC Uzenergosotish to develop a 300 MW / 600 MWh battery energy storage system marks a significant step towards enhancing grid reliability and supporting Uzbekistan's target of generating 54% of its electricity from renewables by 2030. In Canada, the government is pursuing partnerships with Indonesia to advance carbon capture and storage (CCS) technologies, recognizing their importance in reducing emissions while maintaining a robust oil and gas sector. The U.S. is also making strides in CCS implementation, crucial for decarbonizing hard-to-abate industries like cement and steel. However, Europe faces challenges in establishing effective regulatory frameworks for CCS. Overall, these developments reflect a broader commitment to sustainable energy solutions and the transition towards a net-zero future.",MSN,"US 'pretty close' to trade deal with India, will bring tariffs down 'at some point': Trump","""At some point, no, at some point, we're going to be bringing them down. Without tariffs, this country would be in such trouble as they were for many years."" Relations between New Delhi and Washington have been reeling under severe stress after Trump imposed 50 per cent tariffs on India, including 25 per cent for New Delhi's procurement of Russian oil. India had described the US action as ""unfair, unjustified and unreasonable"" while maintaining that its energy policy is guided by its own national interest.",5,Tensions between India and the US over tariffs on oil imports highlight the complexities of global energy policies amidst a rising focus on sustainability and reliability in renewable energy investments.,5,New,Negative,High
2025-11-11,"- **Gas Supply Cut in Ukraine**: Complete cut-off of gas supply in Lyman highlights vulnerabilities in Ukraine's energy infrastructure amid ongoing conflict, stressing the need for resilient energy systems.

- **Natural Gas Demand Surge in North America**: Increased demand and storage constraints emphasize the critical role of natural gas storage for energy security and price stability.

- **Geopolitical Tensions Affecting LNG Supply**: Legal disputes involving Venture Global and major energy companies over LNG delivery failures amid rising prices reflect the complexities of securing reliable energy supplies.

- **Egypt's LNG Exports**: Egypt boosts LNG exports to address Europe's energy crisis exacerbated by reduced Russian supplies, enhancing regional energy security.

- **India's Renewable Energy Initiatives**: The Adani Group's 1,126 MW Battery Energy Storage System project aims to tackle natural gas demand issues and improve grid reliability in India.

- **Global Renewable Energy Investments**: Significant investments in renewable energy projects worldwide, including partnerships for battery storage and carbon capture, reflect a commitment to sustainability.

- **Saudi Arabia's Natural Gas Production**: Increased focus on natural gas production to diversify energy portfolio and reduce oil dependence, addressing rising electricity demand.

- **China's Renewable Energy Growth**: Solar generation up 46% and wind by 11%, despite pricing challenges, indicating a strong push towards cleaner energy sources.

- **Carbon Capture and Storage (CCS) Initiatives**: Growing momentum in CCS projects globally, with strategic partnerships aimed at enhancing energy infrastructure and reducing emissions.

- **Regional Energy Cooperation in GCC**: Investments in renewable energy and interconnected grids among GCC countries to enhance energy security and promote sustainable practices.",Natural Gas Demand Surge and Storage Constraints Drive Energy Security in North America,"The natural gas market is experiencing significant dynamics influenced by increasing demand and structural capacity constraints, particularly in North America. Analysts emphasize the critical role of natural gas storage in energy infrastructure, especially in regions like California and Alberta, where favorable market fundamentals are evident. This trend highlights the strategic importance of gas storage for energy security and price stability. In contrast, Kenya faces challenges in meeting its energy demands, leading to load shedding due to insufficient electricity generation, which underscores the need for investment in renewable energy sources. Meanwhile, Statkraft's initiatives in Brazil, including new solar farms and battery projects, reflect a broader shift towards renewable energy to reduce carbon emissions. Additionally, the US Department of Energy's investment in a coal-fed ammonia plant with integrated carbon capture and storage (CCS) illustrates efforts to mitigate emissions while maintaining industrial outputs. Together, these developments indicate a complex interplay of natural gas dynamics, renewable energy advancements, and the urgent need for sustainable energy solutions.",Benzinga,Statkraft delivers on climate ambitions: Opens new solar and hybrid plants in Brazil,"(Belém, Brazil / Oslo, Norway - 11 November, 2025) - Statkraft, Europe's largest producer of renewable energy, inaugurates new solar farms and batteries at the climate summit COP30 in Belém. The hybrid projects are utilising some of the world's best solar and wind resources in Brazil to cut emissions and deliver on the Summit's call for more climate action.
At the climate summit COP30 in Belém, Norway's Minister of Climate and Environment Andreas Bjelland Eriksen, Governor Jerônimo Rodrigues of the State of Bahia and Statkraft's CEO Birgitte Ringstad Vartdal inaugurated the solar and hybrid plants Morro do Cruzeiro Solar (76 MWp) and Santa Eugênia Solar (198 MWp) located in the state of Bahia.",3,"The inauguration of new solar farms by Statkraft at COP30 highlights the growing emphasis on renewable energy solutions in response to surging natural gas demand and storage constraints, underscoring the need for energy security in North America.",3,New,Positive,High
2025-11-11,"- **Gas Supply Cut in Ukraine**: Complete cut-off of gas supply in Lyman highlights vulnerabilities in Ukraine's energy infrastructure amid ongoing conflict, stressing the need for resilient energy systems.

- **Natural Gas Demand Surge in North America**: Increased demand and storage constraints emphasize the critical role of natural gas storage for energy security and price stability.

- **Geopolitical Tensions Affecting LNG Supply**: Legal disputes involving Venture Global and major energy companies over LNG delivery failures amid rising prices reflect the complexities of securing reliable energy supplies.

- **Egypt's LNG Exports**: Egypt boosts LNG exports to address Europe's energy crisis exacerbated by reduced Russian supplies, enhancing regional energy security.

- **India's Renewable Energy Initiatives**: The Adani Group's 1,126 MW Battery Energy Storage System project aims to tackle natural gas demand issues and improve grid reliability in India.

- **Global Renewable Energy Investments**: Significant investments in renewable energy projects worldwide, including partnerships for battery storage and carbon capture, reflect a commitment to sustainability.

- **Saudi Arabia's Natural Gas Production**: Increased focus on natural gas production to diversify energy portfolio and reduce oil dependence, addressing rising electricity demand.

- **China's Renewable Energy Growth**: Solar generation up 46% and wind by 11%, despite pricing challenges, indicating a strong push towards cleaner energy sources.

- **Carbon Capture and Storage (CCS) Initiatives**: Growing momentum in CCS projects globally, with strategic partnerships aimed at enhancing energy infrastructure and reducing emissions.

- **Regional Energy Cooperation in GCC**: Investments in renewable energy and interconnected grids among GCC countries to enhance energy security and promote sustainable practices.",Global Surge in Renewable Energy Investments Driven by Sustainability and Reliability Initiatives,"Renewable energy investments are gaining momentum globally, driven by both private sector initiatives and international collaborations. In South Africa, mining companies and retailers are investing in solar and wind resources to combat load-shedding and rising electricity costs, aligning with sustainability goals while ensuring reliable power. Meanwhile, Masdar's partnership with Uzbekistan's JSC Uzenergosotish to develop a 300 MW / 600 MWh battery energy storage system marks a significant step towards enhancing grid reliability and supporting Uzbekistan's target of generating 54% of its electricity from renewables by 2030. In Canada, the government is pursuing partnerships with Indonesia to advance carbon capture and storage (CCS) technologies, recognizing their importance in reducing emissions while maintaining a robust oil and gas sector. The U.S. is also making strides in CCS implementation, crucial for decarbonizing hard-to-abate industries like cement and steel. However, Europe faces challenges in establishing effective regulatory frameworks for CCS. Overall, these developments reflect a broader commitment to sustainable energy solutions and the transition towards a net-zero future.",Tempo.co,Canada Open to Indonesia Partnership on Carbon Capture and Storage,"Dutton noted that while Canada has a robust oil and gas industry, it faces the challenge of reducing carbon emissions without undermining an energy sector vital to its economy.
""One of our key solutions has been investing in environmentally friendly technologies such as CCS, supported by favorable geological conditions,"" he explained.",5,Canada's oil and gas sector is investing in carbon capture and storage technologies to balance economic vitality with sustainability goals.,5,New,Negative,High
2025-11-11,"- **Gas Supply Cut in Ukraine**: Complete cut-off of gas supply in Lyman highlights vulnerabilities in Ukraine's energy infrastructure amid ongoing conflict, stressing the need for resilient energy systems.

- **Natural Gas Demand Surge in North America**: Increased demand and storage constraints emphasize the critical role of natural gas storage for energy security and price stability.

- **Geopolitical Tensions Affecting LNG Supply**: Legal disputes involving Venture Global and major energy companies over LNG delivery failures amid rising prices reflect the complexities of securing reliable energy supplies.

- **Egypt's LNG Exports**: Egypt boosts LNG exports to address Europe's energy crisis exacerbated by reduced Russian supplies, enhancing regional energy security.

- **India's Renewable Energy Initiatives**: The Adani Group's 1,126 MW Battery Energy Storage System project aims to tackle natural gas demand issues and improve grid reliability in India.

- **Global Renewable Energy Investments**: Significant investments in renewable energy projects worldwide, including partnerships for battery storage and carbon capture, reflect a commitment to sustainability.

- **Saudi Arabia's Natural Gas Production**: Increased focus on natural gas production to diversify energy portfolio and reduce oil dependence, addressing rising electricity demand.

- **China's Renewable Energy Growth**: Solar generation up 46% and wind by 11%, despite pricing challenges, indicating a strong push towards cleaner energy sources.

- **Carbon Capture and Storage (CCS) Initiatives**: Growing momentum in CCS projects globally, with strategic partnerships aimed at enhancing energy infrastructure and reducing emissions.

- **Regional Energy Cooperation in GCC**: Investments in renewable energy and interconnected grids among GCC countries to enhance energy security and promote sustainable practices.",Global Surge in Renewable Energy Investments Driven by Sustainability and Reliability Initiatives,"Renewable energy investments are gaining momentum globally, driven by both private sector initiatives and international collaborations. In South Africa, mining companies and retailers are investing in solar and wind resources to combat load-shedding and rising electricity costs, aligning with sustainability goals while ensuring reliable power. Meanwhile, Masdar's partnership with Uzbekistan's JSC Uzenergosotish to develop a 300 MW / 600 MWh battery energy storage system marks a significant step towards enhancing grid reliability and supporting Uzbekistan's target of generating 54% of its electricity from renewables by 2030. In Canada, the government is pursuing partnerships with Indonesia to advance carbon capture and storage (CCS) technologies, recognizing their importance in reducing emissions while maintaining a robust oil and gas sector. The U.S. is also making strides in CCS implementation, crucial for decarbonizing hard-to-abate industries like cement and steel. However, Europe faces challenges in establishing effective regulatory frameworks for CCS. Overall, these developments reflect a broader commitment to sustainable energy solutions and the transition towards a net-zero future.",Tempo.co,Canada Open to Indonesia Partnership on Carbon Capture and Storage,"TEMPO.CO, Jakarta - Canada's Ambassador to Indonesia, Jess Dutton, said Ottawa is open to partnering with Jakarta in developing carbon capture and storage (CCS) technology to support the global transition toward clean energy.",5,"Canada expresses willingness to collaborate with Indonesia on carbon capture and storage technology, highlighting international efforts to enhance renewable energy investments and sustainability initiatives.",5,New,Negative,High
2025-11-11,"- **Gas Supply Cut in Ukraine**: Complete cut-off of gas supply in Lyman highlights vulnerabilities in Ukraine's energy infrastructure amid ongoing conflict, stressing the need for resilient energy systems.

- **Natural Gas Demand Surge in North America**: Increased demand and storage constraints emphasize the critical role of natural gas storage for energy security and price stability.

- **Geopolitical Tensions Affecting LNG Supply**: Legal disputes involving Venture Global and major energy companies over LNG delivery failures amid rising prices reflect the complexities of securing reliable energy supplies.

- **Egypt's LNG Exports**: Egypt boosts LNG exports to address Europe's energy crisis exacerbated by reduced Russian supplies, enhancing regional energy security.

- **India's Renewable Energy Initiatives**: The Adani Group's 1,126 MW Battery Energy Storage System project aims to tackle natural gas demand issues and improve grid reliability in India.

- **Global Renewable Energy Investments**: Significant investments in renewable energy projects worldwide, including partnerships for battery storage and carbon capture, reflect a commitment to sustainability.

- **Saudi Arabia's Natural Gas Production**: Increased focus on natural gas production to diversify energy portfolio and reduce oil dependence, addressing rising electricity demand.

- **China's Renewable Energy Growth**: Solar generation up 46% and wind by 11%, despite pricing challenges, indicating a strong push towards cleaner energy sources.

- **Carbon Capture and Storage (CCS) Initiatives**: Growing momentum in CCS projects globally, with strategic partnerships aimed at enhancing energy infrastructure and reducing emissions.

- **Regional Energy Cooperation in GCC**: Investments in renewable energy and interconnected grids among GCC countries to enhance energy security and promote sustainable practices.",Western Australia Microgrid Project Highlights Hydropower's Role in Sustainable Energy Transition,"Hydropower projects are increasingly recognized for their potential to provide sustainable energy solutions, particularly in remote areas. While the provided summary focuses on a microgrid project utilizing solar, lithium, and diesel technologies in Western Australia, it highlights the broader trend of integrating renewable energy sources to reduce reliance on fossil fuels. Such initiatives not only advance technological innovation but also promote local community engagement, job creation, and training, demonstrating how indigenous organizations can spearhead sustainable energy efforts. The emphasis on reducing diesel consumption aligns with global efforts to transition towards cleaner energy alternatives, underscoring the importance of hydropower and similar projects in achieving energy sustainability.",PV Magazine Australia,"GenOffGrid builds solar, lithium, diesel microgrid for Top End roadhouse","Microgrid developer GenOffGrid has launched a solar, lithium and diesel microgrid to power the Auski Munjina Village roadhouse in the Pilbara, Western Australia, over 1,300 kilometres northeast of Perth.",3,"GenOffGrid's new microgrid at Auski Munjina Village integrates solar, lithium, and diesel technologies, showcasing hydropower's potential role in enhancing sustainable energy solutions in Western Australia.",3,New,Positive,Medium
2025-11-11,"- **Gas Supply Cut in Ukraine**: Complete cut-off of gas supply in Lyman highlights vulnerabilities in Ukraine's energy infrastructure amid ongoing conflict, stressing the need for resilient energy systems.

- **Natural Gas Demand Surge in North America**: Increased demand and storage constraints emphasize the critical role of natural gas storage for energy security and price stability.

- **Geopolitical Tensions Affecting LNG Supply**: Legal disputes involving Venture Global and major energy companies over LNG delivery failures amid rising prices reflect the complexities of securing reliable energy supplies.

- **Egypt's LNG Exports**: Egypt boosts LNG exports to address Europe's energy crisis exacerbated by reduced Russian supplies, enhancing regional energy security.

- **India's Renewable Energy Initiatives**: The Adani Group's 1,126 MW Battery Energy Storage System project aims to tackle natural gas demand issues and improve grid reliability in India.

- **Global Renewable Energy Investments**: Significant investments in renewable energy projects worldwide, including partnerships for battery storage and carbon capture, reflect a commitment to sustainability.

- **Saudi Arabia's Natural Gas Production**: Increased focus on natural gas production to diversify energy portfolio and reduce oil dependence, addressing rising electricity demand.

- **China's Renewable Energy Growth**: Solar generation up 46% and wind by 11%, despite pricing challenges, indicating a strong push towards cleaner energy sources.

- **Carbon Capture and Storage (CCS) Initiatives**: Growing momentum in CCS projects globally, with strategic partnerships aimed at enhancing energy infrastructure and reducing emissions.

- **Regional Energy Cooperation in GCC**: Investments in renewable energy and interconnected grids among GCC countries to enhance energy security and promote sustainable practices.",Western Australia Microgrid Project Highlights Hydropower's Role in Sustainable Energy Transition,"Hydropower projects are increasingly recognized for their potential to provide sustainable energy solutions, particularly in remote areas. While the provided summary focuses on a microgrid project utilizing solar, lithium, and diesel technologies in Western Australia, it highlights the broader trend of integrating renewable energy sources to reduce reliance on fossil fuels. Such initiatives not only advance technological innovation but also promote local community engagement, job creation, and training, demonstrating how indigenous organizations can spearhead sustainable energy efforts. The emphasis on reducing diesel consumption aligns with global efforts to transition towards cleaner energy alternatives, underscoring the importance of hydropower and similar projects in achieving energy sustainability.",PV Magazine Australia,"GenOffGrid builds solar, lithium, diesel microgrid for Top End roadhouse","Early operation shows the system can cut diesel consumption by up to 90%, while maintaining redundancy and power quality for the remote hub.
This content is protected by copyright and may not be reused.",3,"The Western Australia Microgrid Project demonstrates that integrating hydropower can significantly reduce diesel reliance by up to 90%, ensuring reliable energy supply for remote areas.",3,New,Positive,Medium
2025-11-11,"- **Gas Supply Cut in Ukraine**: Complete cut-off of gas supply in Lyman highlights vulnerabilities in Ukraine's energy infrastructure amid ongoing conflict, stressing the need for resilient energy systems.

- **Natural Gas Demand Surge in North America**: Increased demand and storage constraints emphasize the critical role of natural gas storage for energy security and price stability.

- **Geopolitical Tensions Affecting LNG Supply**: Legal disputes involving Venture Global and major energy companies over LNG delivery failures amid rising prices reflect the complexities of securing reliable energy supplies.

- **Egypt's LNG Exports**: Egypt boosts LNG exports to address Europe's energy crisis exacerbated by reduced Russian supplies, enhancing regional energy security.

- **India's Renewable Energy Initiatives**: The Adani Group's 1,126 MW Battery Energy Storage System project aims to tackle natural gas demand issues and improve grid reliability in India.

- **Global Renewable Energy Investments**: Significant investments in renewable energy projects worldwide, including partnerships for battery storage and carbon capture, reflect a commitment to sustainability.

- **Saudi Arabia's Natural Gas Production**: Increased focus on natural gas production to diversify energy portfolio and reduce oil dependence, addressing rising electricity demand.

- **China's Renewable Energy Growth**: Solar generation up 46% and wind by 11%, despite pricing challenges, indicating a strong push towards cleaner energy sources.

- **Carbon Capture and Storage (CCS) Initiatives**: Growing momentum in CCS projects globally, with strategic partnerships aimed at enhancing energy infrastructure and reducing emissions.

- **Regional Energy Cooperation in GCC**: Investments in renewable energy and interconnected grids among GCC countries to enhance energy security and promote sustainable practices.",Global Surge in Renewable Energy Investments Driven by Sustainability and Reliability Initiatives,"Renewable energy investments are gaining momentum globally, driven by both private sector initiatives and international collaborations. In South Africa, mining companies and retailers are investing in solar and wind resources to combat load-shedding and rising electricity costs, aligning with sustainability goals while ensuring reliable power. Meanwhile, Masdar's partnership with Uzbekistan's JSC Uzenergosotish to develop a 300 MW / 600 MWh battery energy storage system marks a significant step towards enhancing grid reliability and supporting Uzbekistan's target of generating 54% of its electricity from renewables by 2030. In Canada, the government is pursuing partnerships with Indonesia to advance carbon capture and storage (CCS) technologies, recognizing their importance in reducing emissions while maintaining a robust oil and gas sector. The U.S. is also making strides in CCS implementation, crucial for decarbonizing hard-to-abate industries like cement and steel. However, Europe faces challenges in establishing effective regulatory frameworks for CCS. Overall, these developments reflect a broader commitment to sustainable energy solutions and the transition towards a net-zero future.",Tempo.co,Canada Open to Indonesia Partnership on Carbon Capture and Storage,"Although Indonesia's geological profile differs from Canada's, Dutton believes both countries have significant potential to expand cooperation in CCS and clean energy.
""Through partnerships and investment, including via multilateral institutions, there are many opportunities for us to jointly advance this technology and make the world greener,"" he said.",5,"Indonesia and Canada can enhance collaboration in carbon capture and clean energy through partnerships and investments, contributing to global renewable energy initiatives.",5,New,Negative,High
2025-11-11,"- **Gas Supply Cut in Ukraine**: Complete cut-off of gas supply in Lyman highlights vulnerabilities in Ukraine's energy infrastructure amid ongoing conflict, stressing the need for resilient energy systems.

- **Natural Gas Demand Surge in North America**: Increased demand and storage constraints emphasize the critical role of natural gas storage for energy security and price stability.

- **Geopolitical Tensions Affecting LNG Supply**: Legal disputes involving Venture Global and major energy companies over LNG delivery failures amid rising prices reflect the complexities of securing reliable energy supplies.

- **Egypt's LNG Exports**: Egypt boosts LNG exports to address Europe's energy crisis exacerbated by reduced Russian supplies, enhancing regional energy security.

- **India's Renewable Energy Initiatives**: The Adani Group's 1,126 MW Battery Energy Storage System project aims to tackle natural gas demand issues and improve grid reliability in India.

- **Global Renewable Energy Investments**: Significant investments in renewable energy projects worldwide, including partnerships for battery storage and carbon capture, reflect a commitment to sustainability.

- **Saudi Arabia's Natural Gas Production**: Increased focus on natural gas production to diversify energy portfolio and reduce oil dependence, addressing rising electricity demand.

- **China's Renewable Energy Growth**: Solar generation up 46% and wind by 11%, despite pricing challenges, indicating a strong push towards cleaner energy sources.

- **Carbon Capture and Storage (CCS) Initiatives**: Growing momentum in CCS projects globally, with strategic partnerships aimed at enhancing energy infrastructure and reducing emissions.

- **Regional Energy Cooperation in GCC**: Investments in renewable energy and interconnected grids among GCC countries to enhance energy security and promote sustainable practices.","Adani Group's 1,126 MW Battery Storage Project Leads India's Push for Renewable Energy Stability","Electricity supply challenges are being addressed through significant initiatives in various regions, notably by the Adani Group in India and Ghana's Energy Transition Framework. The Adani Group's ambitious Battery Energy Storage Systems (BESS) project in Khavda, Gujarat, set for completion by March 2026, will be the largest of its kind in India, with a capacity of 1,126 MW and 3,530 MWh of energy storage. This project aims to enhance grid stability, manage peak load demands, and support the integration of renewable energy, aligning with India's net-zero goals. Meanwhile, Ghana's framework targets net-zero emissions by 2070, emphasizing cleaner energy generation and the expansion of renewable sources, particularly solar, while also leveraging natural gas for baseload power. This strategic approach aims to improve energy access and sustainability, positioning Ghana as a regional energy hub. Additionally, the recent energy collaboration between India and Bhutan, highlighted by the inauguration of the 1,020-megawatt Punatsangchhu-II hydroelectric project, reflects a broader trend of regional cooperation in addressing electricity supply challenges and meeting growing energy demands sustainably.",BusinessLine,Adani Group enters battery energy storage with India's largest BESS project at Khavda,"The project is being developed with cutting-edge lithium-ion battery technology and is being integrated with advanced energy management systems to ensure optimal performance and reliability. This pioneering project will serve as a cornerstone in the world's clean energy evolution, enabling grid stability, renewable integration, and round-the-clock power availability, while positioning the Khavda renewable energy plant as the world's largest RE and storage park, the company added.",12,"Adani Group's 1,126 MW Battery Storage Project utilizes advanced lithium-ion technology to enhance grid stability and renewable energy integration, marking a significant step in India's clean energy transition.",12,New,Positive,High
2025-11-11,"- **Gas Supply Cut in Ukraine**: Complete cut-off of gas supply in Lyman highlights vulnerabilities in Ukraine's energy infrastructure amid ongoing conflict, stressing the need for resilient energy systems.

- **Natural Gas Demand Surge in North America**: Increased demand and storage constraints emphasize the critical role of natural gas storage for energy security and price stability.

- **Geopolitical Tensions Affecting LNG Supply**: Legal disputes involving Venture Global and major energy companies over LNG delivery failures amid rising prices reflect the complexities of securing reliable energy supplies.

- **Egypt's LNG Exports**: Egypt boosts LNG exports to address Europe's energy crisis exacerbated by reduced Russian supplies, enhancing regional energy security.

- **India's Renewable Energy Initiatives**: The Adani Group's 1,126 MW Battery Energy Storage System project aims to tackle natural gas demand issues and improve grid reliability in India.

- **Global Renewable Energy Investments**: Significant investments in renewable energy projects worldwide, including partnerships for battery storage and carbon capture, reflect a commitment to sustainability.

- **Saudi Arabia's Natural Gas Production**: Increased focus on natural gas production to diversify energy portfolio and reduce oil dependence, addressing rising electricity demand.

- **China's Renewable Energy Growth**: Solar generation up 46% and wind by 11%, despite pricing challenges, indicating a strong push towards cleaner energy sources.

- **Carbon Capture and Storage (CCS) Initiatives**: Growing momentum in CCS projects globally, with strategic partnerships aimed at enhancing energy infrastructure and reducing emissions.

- **Regional Energy Cooperation in GCC**: Investments in renewable energy and interconnected grids among GCC countries to enhance energy security and promote sustainable practices.","Adani Group's 1,126 MW Battery Storage Project Leads India's Push for Renewable Energy Stability","Electricity supply challenges are being addressed through significant initiatives in various regions, notably by the Adani Group in India and Ghana's Energy Transition Framework. The Adani Group's ambitious Battery Energy Storage Systems (BESS) project in Khavda, Gujarat, set for completion by March 2026, will be the largest of its kind in India, with a capacity of 1,126 MW and 3,530 MWh of energy storage. This project aims to enhance grid stability, manage peak load demands, and support the integration of renewable energy, aligning with India's net-zero goals. Meanwhile, Ghana's framework targets net-zero emissions by 2070, emphasizing cleaner energy generation and the expansion of renewable sources, particularly solar, while also leveraging natural gas for baseload power. This strategic approach aims to improve energy access and sustainability, positioning Ghana as a regional energy hub. Additionally, the recent energy collaboration between India and Bhutan, highlighted by the inauguration of the 1,020-megawatt Punatsangchhu-II hydroelectric project, reflects a broader trend of regional cooperation in addressing electricity supply challenges and meeting growing energy demands sustainably.",BusinessLine,Adani Group enters battery energy storage with India's largest BESS project at Khavda,"Scheduled for commissioning by March 2026, the project will use advanced lithium-ion battery technology and energy management systems to enhance grid reliability and renewable integration.
Adani Group on Tuesday announced its foray into the Battery Energy Storage Systems (BESS) sector through a 1126MW/3530 MWh project at Khavda in Gujarat, which, according to the company, is the largest BESS installation in India and one of the world's largest single-location BESS deployments.",12,"Adani Group's 1,126 MW Battery Storage Project in Gujarat, set for completion by March 2026, aims to enhance grid reliability and renewable energy integration, marking a significant step in India's renewable energy stability efforts.",12,New,Positive,High
2025-11-11,"- **Gas Supply Cut in Ukraine**: Complete cut-off of gas supply in Lyman highlights vulnerabilities in Ukraine's energy infrastructure amid ongoing conflict, stressing the need for resilient energy systems.

- **Natural Gas Demand Surge in North America**: Increased demand and storage constraints emphasize the critical role of natural gas storage for energy security and price stability.

- **Geopolitical Tensions Affecting LNG Supply**: Legal disputes involving Venture Global and major energy companies over LNG delivery failures amid rising prices reflect the complexities of securing reliable energy supplies.

- **Egypt's LNG Exports**: Egypt boosts LNG exports to address Europe's energy crisis exacerbated by reduced Russian supplies, enhancing regional energy security.

- **India's Renewable Energy Initiatives**: The Adani Group's 1,126 MW Battery Energy Storage System project aims to tackle natural gas demand issues and improve grid reliability in India.

- **Global Renewable Energy Investments**: Significant investments in renewable energy projects worldwide, including partnerships for battery storage and carbon capture, reflect a commitment to sustainability.

- **Saudi Arabia's Natural Gas Production**: Increased focus on natural gas production to diversify energy portfolio and reduce oil dependence, addressing rising electricity demand.

- **China's Renewable Energy Growth**: Solar generation up 46% and wind by 11%, despite pricing challenges, indicating a strong push towards cleaner energy sources.

- **Carbon Capture and Storage (CCS) Initiatives**: Growing momentum in CCS projects globally, with strategic partnerships aimed at enhancing energy infrastructure and reducing emissions.

- **Regional Energy Cooperation in GCC**: Investments in renewable energy and interconnected grids among GCC countries to enhance energy security and promote sustainable practices.",Natural Gas Demand Surge and Storage Constraints Drive Energy Security in North America,"The natural gas market is experiencing significant dynamics influenced by increasing demand and structural capacity constraints, particularly in North America. Analysts emphasize the critical role of natural gas storage in energy infrastructure, especially in regions like California and Alberta, where favorable market fundamentals are evident. This trend highlights the strategic importance of gas storage for energy security and price stability. In contrast, Kenya faces challenges in meeting its energy demands, leading to load shedding due to insufficient electricity generation, which underscores the need for investment in renewable energy sources. Meanwhile, Statkraft's initiatives in Brazil, including new solar farms and battery projects, reflect a broader shift towards renewable energy to reduce carbon emissions. Additionally, the US Department of Energy's investment in a coal-fed ammonia plant with integrated carbon capture and storage (CCS) illustrates efforts to mitigate emissions while maintaining industrial outputs. Together, these developments indicate a complex interplay of natural gas dynamics, renewable energy advancements, and the urgent need for sustainable energy solutions.",ZAWYA by Refinitiv (Press Releases),EBRD invests US $40 mil in Infinity to accelerate renewable energy growth across Africa,"Mohamed Ismail Mansour, Chairman of Infinity, said: ""This continued support from the EBRD underlines our shared vision of a sustainable, fast-growth future for Egypt and Africa. Together, we are helping to unlock immense renewable energy potential - delivering projects that create jobs, strengthen energy security and enable long-term economic growth.""",3,"Mansour highlights the EBRD's role in fostering renewable energy projects in Egypt and Africa, emphasizing their impact on job creation, energy security, and economic growth amid rising natural gas demand and storage challenges in North America.",3,New,Positive,High
2025-11-11,"- **Gas Supply Cut in Ukraine**: Complete cut-off of gas supply in Lyman highlights vulnerabilities in Ukraine's energy infrastructure amid ongoing conflict, stressing the need for resilient energy systems.

- **Natural Gas Demand Surge in North America**: Increased demand and storage constraints emphasize the critical role of natural gas storage for energy security and price stability.

- **Geopolitical Tensions Affecting LNG Supply**: Legal disputes involving Venture Global and major energy companies over LNG delivery failures amid rising prices reflect the complexities of securing reliable energy supplies.

- **Egypt's LNG Exports**: Egypt boosts LNG exports to address Europe's energy crisis exacerbated by reduced Russian supplies, enhancing regional energy security.

- **India's Renewable Energy Initiatives**: The Adani Group's 1,126 MW Battery Energy Storage System project aims to tackle natural gas demand issues and improve grid reliability in India.

- **Global Renewable Energy Investments**: Significant investments in renewable energy projects worldwide, including partnerships for battery storage and carbon capture, reflect a commitment to sustainability.

- **Saudi Arabia's Natural Gas Production**: Increased focus on natural gas production to diversify energy portfolio and reduce oil dependence, addressing rising electricity demand.

- **China's Renewable Energy Growth**: Solar generation up 46% and wind by 11%, despite pricing challenges, indicating a strong push towards cleaner energy sources.

- **Carbon Capture and Storage (CCS) Initiatives**: Growing momentum in CCS projects globally, with strategic partnerships aimed at enhancing energy infrastructure and reducing emissions.

- **Regional Energy Cooperation in GCC**: Investments in renewable energy and interconnected grids among GCC countries to enhance energy security and promote sustainable practices.",Global Energy Transition Accelerates with Major Storage Projects Amid Investment Concerns,"Recent developments in energy storage and related initiatives highlight a global shift towards sustainable energy solutions. Masdar's partnership with JSC Uzenergosotish to create Uzbekistan's largest battery energy storage project aims to bolster grid resilience and facilitate the integration of renewable energy sources, reflecting a broader trend in Central Asia. Meanwhile, Shell's withdrawal from major offshore wind projects raises concerns about the future of renewable investments amid economic challenges, potentially impacting the UK's renewable energy targets. In Germany, Calisen Group's launch of smart metering systems through a partnership with Energy Metering Germany represents a significant investment in energy transition, enhancing grid flexibility and consumer access to low-carbon technologies. Additionally, Nigeria's efforts to reduce crude oil theft and implement the Gas Flare Commercialization Programme are pivotal for transforming its energy landscape, promoting energy security, and supporting environmental sustainability. These initiatives collectively underscore the importance of energy storage and smart technologies in advancing global energy transitions.",Yahoo! Finance,Shell announces cancellation of two Scottish offshore wind projects,"Shell has announced the cancellation of Scottish offshore wind projects, withdrawing from two major developments off the country's coast, as reported by .
The move comes days after the company announced its exit from the Atlantic Shores offshore wind project in the US.",3,"Shell's cancellation of key offshore wind projects in Scotland and the US highlights the challenges and investment concerns facing the global energy transition, despite ongoing efforts to accelerate major storage initiatives.",3,New,Positive,High
2025-11-11,"- **Gas Supply Cut in Ukraine**: Complete cut-off of gas supply in Lyman highlights vulnerabilities in Ukraine's energy infrastructure amid ongoing conflict, stressing the need for resilient energy systems.

- **Natural Gas Demand Surge in North America**: Increased demand and storage constraints emphasize the critical role of natural gas storage for energy security and price stability.

- **Geopolitical Tensions Affecting LNG Supply**: Legal disputes involving Venture Global and major energy companies over LNG delivery failures amid rising prices reflect the complexities of securing reliable energy supplies.

- **Egypt's LNG Exports**: Egypt boosts LNG exports to address Europe's energy crisis exacerbated by reduced Russian supplies, enhancing regional energy security.

- **India's Renewable Energy Initiatives**: The Adani Group's 1,126 MW Battery Energy Storage System project aims to tackle natural gas demand issues and improve grid reliability in India.

- **Global Renewable Energy Investments**: Significant investments in renewable energy projects worldwide, including partnerships for battery storage and carbon capture, reflect a commitment to sustainability.

- **Saudi Arabia's Natural Gas Production**: Increased focus on natural gas production to diversify energy portfolio and reduce oil dependence, addressing rising electricity demand.

- **China's Renewable Energy Growth**: Solar generation up 46% and wind by 11%, despite pricing challenges, indicating a strong push towards cleaner energy sources.

- **Carbon Capture and Storage (CCS) Initiatives**: Growing momentum in CCS projects globally, with strategic partnerships aimed at enhancing energy infrastructure and reducing emissions.

- **Regional Energy Cooperation in GCC**: Investments in renewable energy and interconnected grids among GCC countries to enhance energy security and promote sustainable practices.",Natural Gas Demand Surge and Storage Constraints Drive Energy Security in North America,"The natural gas market is experiencing significant dynamics influenced by increasing demand and structural capacity constraints, particularly in North America. Analysts emphasize the critical role of natural gas storage in energy infrastructure, especially in regions like California and Alberta, where favorable market fundamentals are evident. This trend highlights the strategic importance of gas storage for energy security and price stability. In contrast, Kenya faces challenges in meeting its energy demands, leading to load shedding due to insufficient electricity generation, which underscores the need for investment in renewable energy sources. Meanwhile, Statkraft's initiatives in Brazil, including new solar farms and battery projects, reflect a broader shift towards renewable energy to reduce carbon emissions. Additionally, the US Department of Energy's investment in a coal-fed ammonia plant with integrated carbon capture and storage (CCS) illustrates efforts to mitigate emissions while maintaining industrial outputs. Together, these developments indicate a complex interplay of natural gas dynamics, renewable energy advancements, and the urgent need for sustainable energy solutions.",The Chemical Engineer,US government closes on US$1.5bn loan for Indiana coal-fed ammonia plant with carbon capture,"THE US Department of Energy (DOE) has finalised a US$1.5bn loan to support construction of a coal-fed ammonia plant with integrated carbon capture and storage (CCS).
Wabash Valley Resources (WVR) plans to bring the facility online in 2028, producing around 500,000 t/y of anhydrous ammonia at its West Terre Haute, Indiana site - a former coal gasification power plant that has been idle since 2016.",3,The US DOE's $1.5bn loan for a coal-fed ammonia plant with CCS highlights the intersection of energy security and the need for innovative solutions amid rising natural gas demand and storage challenges in North America.,3,New,Positive,High
2025-11-11,"- **Gas Supply Cut in Ukraine**: Complete cut-off of gas supply in Lyman highlights vulnerabilities in Ukraine's energy infrastructure amid ongoing conflict, stressing the need for resilient energy systems.

- **Natural Gas Demand Surge in North America**: Increased demand and storage constraints emphasize the critical role of natural gas storage for energy security and price stability.

- **Geopolitical Tensions Affecting LNG Supply**: Legal disputes involving Venture Global and major energy companies over LNG delivery failures amid rising prices reflect the complexities of securing reliable energy supplies.

- **Egypt's LNG Exports**: Egypt boosts LNG exports to address Europe's energy crisis exacerbated by reduced Russian supplies, enhancing regional energy security.

- **India's Renewable Energy Initiatives**: The Adani Group's 1,126 MW Battery Energy Storage System project aims to tackle natural gas demand issues and improve grid reliability in India.

- **Global Renewable Energy Investments**: Significant investments in renewable energy projects worldwide, including partnerships for battery storage and carbon capture, reflect a commitment to sustainability.

- **Saudi Arabia's Natural Gas Production**: Increased focus on natural gas production to diversify energy portfolio and reduce oil dependence, addressing rising electricity demand.

- **China's Renewable Energy Growth**: Solar generation up 46% and wind by 11%, despite pricing challenges, indicating a strong push towards cleaner energy sources.

- **Carbon Capture and Storage (CCS) Initiatives**: Growing momentum in CCS projects globally, with strategic partnerships aimed at enhancing energy infrastructure and reducing emissions.

- **Regional Energy Cooperation in GCC**: Investments in renewable energy and interconnected grids among GCC countries to enhance energy security and promote sustainable practices.",EIB Unveils EUR1 Billion Initiative to Boost Clean Energy and Power Grid in Central America,"The European Investment Bank (EIB) has launched a EUR1 billion financing initiative aimed at enhancing power grid integration and supporting clean energy development in Central America. This initiative is part of the EU's broader strategy to promote sustainable energy projects in the region, addressing energy deficits and fostering renewable energy adoption. While the focus is on clean energy, the initiative indirectly supports gas exploration initiatives by facilitating infrastructure improvements necessary for a transition to cleaner energy sources, which is essential for achieving climate goals and enhancing energy security.",European Business Magazine,EIB to mobilise EUR1 billion to improve electricity system and promote clean energy in Central America,"EIB Global, the international partnerships and development arm of the European Investment Bank (EIB), announced a new EUR1 billion financing initiative to strengthen power grid integration and clean energy across Central America at the CELAC-EU (Community of Latin American and Caribbean States) summit in Colombia today. This financing is in line with the EU Global Gateway Investment Agenda (GGIA).",1,"EIB Global launched a EUR1 billion initiative to enhance clean energy and power grid integration in Central America, aligning with the EU's Global Gateway Investment Agenda.",1,Moderate,Positive,Medium
2025-11-11,"- **Gas Supply Cut in Ukraine**: Complete cut-off of gas supply in Lyman highlights vulnerabilities in Ukraine's energy infrastructure amid ongoing conflict, stressing the need for resilient energy systems.

- **Natural Gas Demand Surge in North America**: Increased demand and storage constraints emphasize the critical role of natural gas storage for energy security and price stability.

- **Geopolitical Tensions Affecting LNG Supply**: Legal disputes involving Venture Global and major energy companies over LNG delivery failures amid rising prices reflect the complexities of securing reliable energy supplies.

- **Egypt's LNG Exports**: Egypt boosts LNG exports to address Europe's energy crisis exacerbated by reduced Russian supplies, enhancing regional energy security.

- **India's Renewable Energy Initiatives**: The Adani Group's 1,126 MW Battery Energy Storage System project aims to tackle natural gas demand issues and improve grid reliability in India.

- **Global Renewable Energy Investments**: Significant investments in renewable energy projects worldwide, including partnerships for battery storage and carbon capture, reflect a commitment to sustainability.

- **Saudi Arabia's Natural Gas Production**: Increased focus on natural gas production to diversify energy portfolio and reduce oil dependence, addressing rising electricity demand.

- **China's Renewable Energy Growth**: Solar generation up 46% and wind by 11%, despite pricing challenges, indicating a strong push towards cleaner energy sources.

- **Carbon Capture and Storage (CCS) Initiatives**: Growing momentum in CCS projects globally, with strategic partnerships aimed at enhancing energy infrastructure and reducing emissions.

- **Regional Energy Cooperation in GCC**: Investments in renewable energy and interconnected grids among GCC countries to enhance energy security and promote sustainable practices.",Natural Gas Demand Surge and Storage Constraints Drive Energy Security in North America,"The natural gas market is experiencing significant dynamics influenced by increasing demand and structural capacity constraints, particularly in North America. Analysts emphasize the critical role of natural gas storage in energy infrastructure, especially in regions like California and Alberta, where favorable market fundamentals are evident. This trend highlights the strategic importance of gas storage for energy security and price stability. In contrast, Kenya faces challenges in meeting its energy demands, leading to load shedding due to insufficient electricity generation, which underscores the need for investment in renewable energy sources. Meanwhile, Statkraft's initiatives in Brazil, including new solar farms and battery projects, reflect a broader shift towards renewable energy to reduce carbon emissions. Additionally, the US Department of Energy's investment in a coal-fed ammonia plant with integrated carbon capture and storage (CCS) illustrates efforts to mitigate emissions while maintaining industrial outputs. Together, these developments indicate a complex interplay of natural gas dynamics, renewable energy advancements, and the urgent need for sustainable energy solutions.",The Chemical Engineer,US government closes on US$1.5bn loan for Indiana coal-fed ammonia plant with carbon capture,"WVR says the project will provide over 100 permanent jobs at the site - double the number lost when the power station closed in 2016, but fewer than the 250 when the plant was at its peak.
Ammonia production is one of the world's most energy intensive processes, accounting for around 2% of energy consumption globally. WVR's process will use coal gasification to produce hydrogen before reacting it with air to form ammonia. The plant will use technology provided by Honeywell to capture and permanently store 1.65m t/y of CO2 emissions around 1.6 km underground. The project will serve as Indiana's official pilot for commercial demonstration of CCS technology. WVR confirmed that ammonia production and carbon capture will be started simultaneously.",3,"WVR's ammonia production project in Indiana aims to create over 100 jobs while utilizing coal gasification and carbon capture technology, highlighting the intersection of energy-intensive processes and the need for sustainable practices amid rising natural gas demand and storage challenges in North America.",3,New,Positive,High
2025-11-11,"- **Gas Supply Cut in Ukraine**: Complete cut-off of gas supply in Lyman highlights vulnerabilities in Ukraine's energy infrastructure amid ongoing conflict, stressing the need for resilient energy systems.

- **Natural Gas Demand Surge in North America**: Increased demand and storage constraints emphasize the critical role of natural gas storage for energy security and price stability.

- **Geopolitical Tensions Affecting LNG Supply**: Legal disputes involving Venture Global and major energy companies over LNG delivery failures amid rising prices reflect the complexities of securing reliable energy supplies.

- **Egypt's LNG Exports**: Egypt boosts LNG exports to address Europe's energy crisis exacerbated by reduced Russian supplies, enhancing regional energy security.

- **India's Renewable Energy Initiatives**: The Adani Group's 1,126 MW Battery Energy Storage System project aims to tackle natural gas demand issues and improve grid reliability in India.

- **Global Renewable Energy Investments**: Significant investments in renewable energy projects worldwide, including partnerships for battery storage and carbon capture, reflect a commitment to sustainability.

- **Saudi Arabia's Natural Gas Production**: Increased focus on natural gas production to diversify energy portfolio and reduce oil dependence, addressing rising electricity demand.

- **China's Renewable Energy Growth**: Solar generation up 46% and wind by 11%, despite pricing challenges, indicating a strong push towards cleaner energy sources.

- **Carbon Capture and Storage (CCS) Initiatives**: Growing momentum in CCS projects globally, with strategic partnerships aimed at enhancing energy infrastructure and reducing emissions.

- **Regional Energy Cooperation in GCC**: Investments in renewable energy and interconnected grids among GCC countries to enhance energy security and promote sustainable practices.",India's Russian Oil Purchases Highlight Geopolitical Tensions Amidst Global Price Fluctuations,"The impact of global oil prices on energy markets is significantly influenced by geopolitical dynamics, as evidenced by India's controversial purchases of Russian oil amidst the ongoing conflict in Ukraine. The United States has criticized India for these trade practices, suggesting they indirectly support Russia's military actions. This situation underscores the intricate balance countries must maintain between economic interests and international relations, as decisions regarding energy trade can have far-reaching implications for diplomatic ties and energy security strategies. As global oil prices fluctuate, nations like India must navigate these complexities to safeguard their energy needs while managing geopolitical repercussions.",Business Standard,India cuts Russian crude oil buys for December amid Trump tariffs,"These actions have increased scrutiny of India's energy trade, with Washington accusing New Delhi of indirectly financing Russia's war in Ukraine through its purchases of Russian oil.
Major refiners hold back",1,"India's continued purchases of Russian oil amid global price fluctuations have drawn criticism from the U.S., raising concerns about the geopolitical implications of its energy trade and potential support for Russia's actions in Ukraine.",1,New,Negative,High
2025-11-11,"- **Gas Supply Cut in Ukraine**: Complete cut-off of gas supply in Lyman highlights vulnerabilities in Ukraine's energy infrastructure amid ongoing conflict, stressing the need for resilient energy systems.

- **Natural Gas Demand Surge in North America**: Increased demand and storage constraints emphasize the critical role of natural gas storage for energy security and price stability.

- **Geopolitical Tensions Affecting LNG Supply**: Legal disputes involving Venture Global and major energy companies over LNG delivery failures amid rising prices reflect the complexities of securing reliable energy supplies.

- **Egypt's LNG Exports**: Egypt boosts LNG exports to address Europe's energy crisis exacerbated by reduced Russian supplies, enhancing regional energy security.

- **India's Renewable Energy Initiatives**: The Adani Group's 1,126 MW Battery Energy Storage System project aims to tackle natural gas demand issues and improve grid reliability in India.

- **Global Renewable Energy Investments**: Significant investments in renewable energy projects worldwide, including partnerships for battery storage and carbon capture, reflect a commitment to sustainability.

- **Saudi Arabia's Natural Gas Production**: Increased focus on natural gas production to diversify energy portfolio and reduce oil dependence, addressing rising electricity demand.

- **China's Renewable Energy Growth**: Solar generation up 46% and wind by 11%, despite pricing challenges, indicating a strong push towards cleaner energy sources.

- **Carbon Capture and Storage (CCS) Initiatives**: Growing momentum in CCS projects globally, with strategic partnerships aimed at enhancing energy infrastructure and reducing emissions.

- **Regional Energy Cooperation in GCC**: Investments in renewable energy and interconnected grids among GCC countries to enhance energy security and promote sustainable practices.",Greece Leads Shift to Cleaner Energy with New Gas Turbine Investments,"Regional gas pipeline initiatives are gaining momentum as countries like Greece invest in modernizing their energy infrastructure through the commissioning of new gas turbine units. These initiatives aim to enhance energy sufficiency, reduce environmental impact, and transition from heavy fuel oil to cleaner energy sources. By focusing on gas turbines, these efforts reflect a significant shift in energy production methods, addressing both environmental concerns and the need for energy security in the region.",Proto Thema,"PPC Group: 6 new gas turbine units to modernize the stations in Rhodes, Crete and Chios","At the same time, the total capacity of the wind farm will be 220 million cubic metres, comprising 220 million cubic metres of wind turbines, equivalent to 220MWh.
At the same time, the installation of two new gas turbine units in Lesvos, with a total capacity of 29MW, is in full swing. These units are expected to start their trial operation in early 2026. Additionally, two new gas turbine units were commissioned in Santorini in December 2024.",3,"Greece is advancing its cleaner energy transition with the installation of new gas turbine units in Lesvos and Santorini, enhancing its energy capacity and supporting renewable initiatives.",3,New,Positive,Medium
2025-11-11,"- **Gas Supply Cut in Ukraine**: Complete cut-off of gas supply in Lyman highlights vulnerabilities in Ukraine's energy infrastructure amid ongoing conflict, stressing the need for resilient energy systems.

- **Natural Gas Demand Surge in North America**: Increased demand and storage constraints emphasize the critical role of natural gas storage for energy security and price stability.

- **Geopolitical Tensions Affecting LNG Supply**: Legal disputes involving Venture Global and major energy companies over LNG delivery failures amid rising prices reflect the complexities of securing reliable energy supplies.

- **Egypt's LNG Exports**: Egypt boosts LNG exports to address Europe's energy crisis exacerbated by reduced Russian supplies, enhancing regional energy security.

- **India's Renewable Energy Initiatives**: The Adani Group's 1,126 MW Battery Energy Storage System project aims to tackle natural gas demand issues and improve grid reliability in India.

- **Global Renewable Energy Investments**: Significant investments in renewable energy projects worldwide, including partnerships for battery storage and carbon capture, reflect a commitment to sustainability.

- **Saudi Arabia's Natural Gas Production**: Increased focus on natural gas production to diversify energy portfolio and reduce oil dependence, addressing rising electricity demand.

- **China's Renewable Energy Growth**: Solar generation up 46% and wind by 11%, despite pricing challenges, indicating a strong push towards cleaner energy sources.

- **Carbon Capture and Storage (CCS) Initiatives**: Growing momentum in CCS projects globally, with strategic partnerships aimed at enhancing energy infrastructure and reducing emissions.

- **Regional Energy Cooperation in GCC**: Investments in renewable energy and interconnected grids among GCC countries to enhance energy security and promote sustainable practices.",Greece Leads Shift to Cleaner Energy with New Gas Turbine Investments,"Regional gas pipeline initiatives are gaining momentum as countries like Greece invest in modernizing their energy infrastructure through the commissioning of new gas turbine units. These initiatives aim to enhance energy sufficiency, reduce environmental impact, and transition from heavy fuel oil to cleaner energy sources. By focusing on gas turbines, these efforts reflect a significant shift in energy production methods, addressing both environmental concerns and the need for energy security in the region.",Proto Thema,"PPC Group: 6 new gas turbine units to modernize the stations in Rhodes, Crete and Chios","The commercial operation of five additional, flexible gas turbine units at the PEC Group power plants in Rhodes and Crete has begun, having already helped to ensure the islands' energy sufficiency during this year's summer season. The next station is Chios, where another new gas turbine plant is expected to enter commercial operation later this year, with the total capacity of these plants exceeding 220MW.",3,"Greece enhances energy sufficiency and transitions to cleaner energy with the launch of five new gas turbine units in Rhodes and Crete, and plans for additional capacity in Chios, totaling over 220MW.",3,New,Positive,Medium
2025-11-11,"- **Gas Supply Cut in Ukraine**: Complete cut-off of gas supply in Lyman highlights vulnerabilities in Ukraine's energy infrastructure amid ongoing conflict, stressing the need for resilient energy systems.

- **Natural Gas Demand Surge in North America**: Increased demand and storage constraints emphasize the critical role of natural gas storage for energy security and price stability.

- **Geopolitical Tensions Affecting LNG Supply**: Legal disputes involving Venture Global and major energy companies over LNG delivery failures amid rising prices reflect the complexities of securing reliable energy supplies.

- **Egypt's LNG Exports**: Egypt boosts LNG exports to address Europe's energy crisis exacerbated by reduced Russian supplies, enhancing regional energy security.

- **India's Renewable Energy Initiatives**: The Adani Group's 1,126 MW Battery Energy Storage System project aims to tackle natural gas demand issues and improve grid reliability in India.

- **Global Renewable Energy Investments**: Significant investments in renewable energy projects worldwide, including partnerships for battery storage and carbon capture, reflect a commitment to sustainability.

- **Saudi Arabia's Natural Gas Production**: Increased focus on natural gas production to diversify energy portfolio and reduce oil dependence, addressing rising electricity demand.

- **China's Renewable Energy Growth**: Solar generation up 46% and wind by 11%, despite pricing challenges, indicating a strong push towards cleaner energy sources.

- **Carbon Capture and Storage (CCS) Initiatives**: Growing momentum in CCS projects globally, with strategic partnerships aimed at enhancing energy infrastructure and reducing emissions.

- **Regional Energy Cooperation in GCC**: Investments in renewable energy and interconnected grids among GCC countries to enhance energy security and promote sustainable practices.",Greece Leads Shift to Cleaner Energy with New Gas Turbine Investments,"Regional gas pipeline initiatives are gaining momentum as countries like Greece invest in modernizing their energy infrastructure through the commissioning of new gas turbine units. These initiatives aim to enhance energy sufficiency, reduce environmental impact, and transition from heavy fuel oil to cleaner energy sources. By focusing on gas turbines, these efforts reflect a significant shift in energy production methods, addressing both environmental concerns and the need for energy security in the region.",Proto Thema,"PPC Group: 6 new gas turbine units to modernize the stations in Rhodes, Crete and Chios","The new, state-of-the-art, are designed to increase the production capacity of the plants on the islands, thus ensuring their energy sufficiency, while their use also contributes to the reduction of final HSE costs. The replacement of heavy fuel oil (HFO) by diesel (LFO), together with the modern air and particulate emission reduction systems of the new gas turbine plants, contributes to reducing the environmental footprint. Finally, the noise level of the new gas turbine units, which does not exceed 65db at the plant boundaries, is lower than that of the existing units, further enhancing the environmental benefits.",3,"Greece's investment in new gas turbine plants enhances energy capacity on islands, reduces environmental impact by replacing heavy fuel oil with diesel, and lowers noise levels, marking a significant step towards cleaner energy.",3,New,Positive,Medium
2025-11-11,"- **Gas Supply Cut in Ukraine**: Complete cut-off of gas supply in Lyman highlights vulnerabilities in Ukraine's energy infrastructure amid ongoing conflict, stressing the need for resilient energy systems.

- **Natural Gas Demand Surge in North America**: Increased demand and storage constraints emphasize the critical role of natural gas storage for energy security and price stability.

- **Geopolitical Tensions Affecting LNG Supply**: Legal disputes involving Venture Global and major energy companies over LNG delivery failures amid rising prices reflect the complexities of securing reliable energy supplies.

- **Egypt's LNG Exports**: Egypt boosts LNG exports to address Europe's energy crisis exacerbated by reduced Russian supplies, enhancing regional energy security.

- **India's Renewable Energy Initiatives**: The Adani Group's 1,126 MW Battery Energy Storage System project aims to tackle natural gas demand issues and improve grid reliability in India.

- **Global Renewable Energy Investments**: Significant investments in renewable energy projects worldwide, including partnerships for battery storage and carbon capture, reflect a commitment to sustainability.

- **Saudi Arabia's Natural Gas Production**: Increased focus on natural gas production to diversify energy portfolio and reduce oil dependence, addressing rising electricity demand.

- **China's Renewable Energy Growth**: Solar generation up 46% and wind by 11%, despite pricing challenges, indicating a strong push towards cleaner energy sources.

- **Carbon Capture and Storage (CCS) Initiatives**: Growing momentum in CCS projects globally, with strategic partnerships aimed at enhancing energy infrastructure and reducing emissions.

- **Regional Energy Cooperation in GCC**: Investments in renewable energy and interconnected grids among GCC countries to enhance energy security and promote sustainable practices.",China's Renewable Energy Surge: Solar Up 46% and Wind 11% Amid Pricing Challenges,"Innovative clean fuel technologies are gaining momentum, particularly in China, where the rapid deployment of solar and wind power generation is significantly reducing energy sector emissions. The country has experienced remarkable growth in renewable energy capacity, with solar generation increasing by 46% and wind generation by 11%. This expansion is essential for meeting rising electricity demand through non-fossil power sources, which helps stabilize emissions despite increased consumption. However, the introduction of a new pricing system presents challenges for future renewable installations, highlighting the complexities involved in China's energy transition towards cleaner fuel technologies.",Carbon Brief,Analysis: China's CO2 emissions have now been flat or falling for 18 months,"China's power-sector emissions have been falling slowly since early 2024, due to the rapid growth of solar and wind power generation. The unprecedentedly large capacity additions have enabled non-fossil power generation to cover electricity demand growth, but only barely.",8,"China's rapid expansion of solar (46%) and wind (11%) energy has led to a gradual decline in power-sector emissions, highlighting the critical role of renewable sources in meeting electricity demand amidst pricing challenges.",8,New,Negative,High
2025-11-11,"- **Gas Supply Cut in Ukraine**: Complete cut-off of gas supply in Lyman highlights vulnerabilities in Ukraine's energy infrastructure amid ongoing conflict, stressing the need for resilient energy systems.

- **Natural Gas Demand Surge in North America**: Increased demand and storage constraints emphasize the critical role of natural gas storage for energy security and price stability.

- **Geopolitical Tensions Affecting LNG Supply**: Legal disputes involving Venture Global and major energy companies over LNG delivery failures amid rising prices reflect the complexities of securing reliable energy supplies.

- **Egypt's LNG Exports**: Egypt boosts LNG exports to address Europe's energy crisis exacerbated by reduced Russian supplies, enhancing regional energy security.

- **India's Renewable Energy Initiatives**: The Adani Group's 1,126 MW Battery Energy Storage System project aims to tackle natural gas demand issues and improve grid reliability in India.

- **Global Renewable Energy Investments**: Significant investments in renewable energy projects worldwide, including partnerships for battery storage and carbon capture, reflect a commitment to sustainability.

- **Saudi Arabia's Natural Gas Production**: Increased focus on natural gas production to diversify energy portfolio and reduce oil dependence, addressing rising electricity demand.

- **China's Renewable Energy Growth**: Solar generation up 46% and wind by 11%, despite pricing challenges, indicating a strong push towards cleaner energy sources.

- **Carbon Capture and Storage (CCS) Initiatives**: Growing momentum in CCS projects globally, with strategic partnerships aimed at enhancing energy infrastructure and reducing emissions.

- **Regional Energy Cooperation in GCC**: Investments in renewable energy and interconnected grids among GCC countries to enhance energy security and promote sustainable practices.",China's Renewable Energy Surge: Solar Up 46% and Wind 11% Amid Pricing Challenges,"Innovative clean fuel technologies are gaining momentum, particularly in China, where the rapid deployment of solar and wind power generation is significantly reducing energy sector emissions. The country has experienced remarkable growth in renewable energy capacity, with solar generation increasing by 46% and wind generation by 11%. This expansion is essential for meeting rising electricity demand through non-fossil power sources, which helps stabilize emissions despite increased consumption. However, the introduction of a new pricing system presents challenges for future renewable installations, highlighting the complexities involved in China's energy transition towards cleaner fuel technologies.",Carbon Brief,Analysis: China's CO2 emissions have now been flat or falling for 18 months,"In the power sector, China's dominant source of CO2, emissions remained flat in the third quarter even as electricity demand grew strongly.
Electricity generation from solar and wind grew by 30%, with solar up 46% and wind power generation increasing 11%. With small increases from nuclear and hydropower, non-fossil power sources covered almost 90% of the increase in demand, even as demand growth accelerated to 6.1% in the third quarter, up from 3.7% in the first half of the year.",8,"China's renewable energy generation surged in Q3, with solar up 46% and wind up 11%, meeting nearly 90% of rising electricity demand despite flat CO2 emissions.",8,New,Negative,High
2025-11-11,"- **Gas Supply Cut in Ukraine**: Complete cut-off of gas supply in Lyman highlights vulnerabilities in Ukraine's energy infrastructure amid ongoing conflict, stressing the need for resilient energy systems.

- **Natural Gas Demand Surge in North America**: Increased demand and storage constraints emphasize the critical role of natural gas storage for energy security and price stability.

- **Geopolitical Tensions Affecting LNG Supply**: Legal disputes involving Venture Global and major energy companies over LNG delivery failures amid rising prices reflect the complexities of securing reliable energy supplies.

- **Egypt's LNG Exports**: Egypt boosts LNG exports to address Europe's energy crisis exacerbated by reduced Russian supplies, enhancing regional energy security.

- **India's Renewable Energy Initiatives**: The Adani Group's 1,126 MW Battery Energy Storage System project aims to tackle natural gas demand issues and improve grid reliability in India.

- **Global Renewable Energy Investments**: Significant investments in renewable energy projects worldwide, including partnerships for battery storage and carbon capture, reflect a commitment to sustainability.

- **Saudi Arabia's Natural Gas Production**: Increased focus on natural gas production to diversify energy portfolio and reduce oil dependence, addressing rising electricity demand.

- **China's Renewable Energy Growth**: Solar generation up 46% and wind by 11%, despite pricing challenges, indicating a strong push towards cleaner energy sources.

- **Carbon Capture and Storage (CCS) Initiatives**: Growing momentum in CCS projects globally, with strategic partnerships aimed at enhancing energy infrastructure and reducing emissions.

- **Regional Energy Cooperation in GCC**: Investments in renewable energy and interconnected grids among GCC countries to enhance energy security and promote sustainable practices.",China's Renewable Energy Surge: Solar Up 46% and Wind 11% Amid Pricing Challenges,"Innovative clean fuel technologies are gaining momentum, particularly in China, where the rapid deployment of solar and wind power generation is significantly reducing energy sector emissions. The country has experienced remarkable growth in renewable energy capacity, with solar generation increasing by 46% and wind generation by 11%. This expansion is essential for meeting rising electricity demand through non-fossil power sources, which helps stabilize emissions despite increased consumption. However, the introduction of a new pricing system presents challenges for future renewable installations, highlighting the complexities involved in China's energy transition towards cleaner fuel technologies.",AOL.com,"China's CO2 emissions have been flat or falling for past 18 months, analysis finds","Rapid increases in the deployment of solar and wind power generation - which grew by 46% and 11% respectively in the third quarter of this year - meant the country's energy sector emissions remained flat, even as the demand for electricity increased.",8,"China's solar and wind power generation surged by 46% and 11% in Q3, contributing to stable energy sector emissions despite rising electricity demand.",8,New,Negative,High
2025-11-11,"- **Gas Supply Cut in Ukraine**: Complete cut-off of gas supply in Lyman highlights vulnerabilities in Ukraine's energy infrastructure amid ongoing conflict, stressing the need for resilient energy systems.

- **Natural Gas Demand Surge in North America**: Increased demand and storage constraints emphasize the critical role of natural gas storage for energy security and price stability.

- **Geopolitical Tensions Affecting LNG Supply**: Legal disputes involving Venture Global and major energy companies over LNG delivery failures amid rising prices reflect the complexities of securing reliable energy supplies.

- **Egypt's LNG Exports**: Egypt boosts LNG exports to address Europe's energy crisis exacerbated by reduced Russian supplies, enhancing regional energy security.

- **India's Renewable Energy Initiatives**: The Adani Group's 1,126 MW Battery Energy Storage System project aims to tackle natural gas demand issues and improve grid reliability in India.

- **Global Renewable Energy Investments**: Significant investments in renewable energy projects worldwide, including partnerships for battery storage and carbon capture, reflect a commitment to sustainability.

- **Saudi Arabia's Natural Gas Production**: Increased focus on natural gas production to diversify energy portfolio and reduce oil dependence, addressing rising electricity demand.

- **China's Renewable Energy Growth**: Solar generation up 46% and wind by 11%, despite pricing challenges, indicating a strong push towards cleaner energy sources.

- **Carbon Capture and Storage (CCS) Initiatives**: Growing momentum in CCS projects globally, with strategic partnerships aimed at enhancing energy infrastructure and reducing emissions.

- **Regional Energy Cooperation in GCC**: Investments in renewable energy and interconnected grids among GCC countries to enhance energy security and promote sustainable practices.",China's Renewable Energy Surge: Solar Up 46% and Wind 11% Amid Pricing Challenges,"Innovative clean fuel technologies are gaining momentum, particularly in China, where the rapid deployment of solar and wind power generation is significantly reducing energy sector emissions. The country has experienced remarkable growth in renewable energy capacity, with solar generation increasing by 46% and wind generation by 11%. This expansion is essential for meeting rising electricity demand through non-fossil power sources, which helps stabilize emissions despite increased consumption. However, the introduction of a new pricing system presents challenges for future renewable installations, highlighting the complexities involved in China's energy transition towards cleaner fuel technologies.",Carbon Brief,Analysis: China's CO2 emissions have now been flat or falling for 18 months,"The slowdown in installations in recent months is due to a new pricing system that requires developers of new solar and wind-power plants to secure contracts directly with buyers, instead of being guaranteed the benchmark price for coal power, which was the case until May.",8,"Recent pricing system changes in China have led to a slowdown in solar and wind installations, as developers must now negotiate contracts directly with buyers instead of relying on guaranteed coal power prices.",8,New,Negative,High
2025-11-11,"- **Gas Supply Cut in Ukraine**: Complete cut-off of gas supply in Lyman highlights vulnerabilities in Ukraine's energy infrastructure amid ongoing conflict, stressing the need for resilient energy systems.

- **Natural Gas Demand Surge in North America**: Increased demand and storage constraints emphasize the critical role of natural gas storage for energy security and price stability.

- **Geopolitical Tensions Affecting LNG Supply**: Legal disputes involving Venture Global and major energy companies over LNG delivery failures amid rising prices reflect the complexities of securing reliable energy supplies.

- **Egypt's LNG Exports**: Egypt boosts LNG exports to address Europe's energy crisis exacerbated by reduced Russian supplies, enhancing regional energy security.

- **India's Renewable Energy Initiatives**: The Adani Group's 1,126 MW Battery Energy Storage System project aims to tackle natural gas demand issues and improve grid reliability in India.

- **Global Renewable Energy Investments**: Significant investments in renewable energy projects worldwide, including partnerships for battery storage and carbon capture, reflect a commitment to sustainability.

- **Saudi Arabia's Natural Gas Production**: Increased focus on natural gas production to diversify energy portfolio and reduce oil dependence, addressing rising electricity demand.

- **China's Renewable Energy Growth**: Solar generation up 46% and wind by 11%, despite pricing challenges, indicating a strong push towards cleaner energy sources.

- **Carbon Capture and Storage (CCS) Initiatives**: Growing momentum in CCS projects globally, with strategic partnerships aimed at enhancing energy infrastructure and reducing emissions.

- **Regional Energy Cooperation in GCC**: Investments in renewable energy and interconnected grids among GCC countries to enhance energy security and promote sustainable practices.",China's Renewable Energy Surge: Solar Up 46% and Wind 11% Amid Pricing Challenges,"Innovative clean fuel technologies are gaining momentum, particularly in China, where the rapid deployment of solar and wind power generation is significantly reducing energy sector emissions. The country has experienced remarkable growth in renewable energy capacity, with solar generation increasing by 46% and wind generation by 11%. This expansion is essential for meeting rising electricity demand through non-fossil power sources, which helps stabilize emissions despite increased consumption. However, the introduction of a new pricing system presents challenges for future renewable installations, highlighting the complexities involved in China's energy transition towards cleaner fuel technologies.",Carbon Brief,Analysis: China's CO2 emissions have now been flat or falling for 18 months,"On the generation side, the first nine months of 2025 has seen China adding 240GW of solar and 61GW of wind power capacity. While the rate of new installations has slowed down sharply since May, China is still on track for a new record for the whole year as developers rush to complete projects included in the 14th five-year plan, which finishes at the end of 2025.",8,"In the first nine months of 2025, China added 240GW of solar and 61GW of wind power capacity, maintaining a trajectory for record installations despite a slowdown since May, driven by the urgency to complete projects under the 14th five-year plan.",8,New,Negative,High
2025-11-11,"- **Gas Supply Cut in Ukraine**: Complete cut-off of gas supply in Lyman highlights vulnerabilities in Ukraine's energy infrastructure amid ongoing conflict, stressing the need for resilient energy systems.

- **Natural Gas Demand Surge in North America**: Increased demand and storage constraints emphasize the critical role of natural gas storage for energy security and price stability.

- **Geopolitical Tensions Affecting LNG Supply**: Legal disputes involving Venture Global and major energy companies over LNG delivery failures amid rising prices reflect the complexities of securing reliable energy supplies.

- **Egypt's LNG Exports**: Egypt boosts LNG exports to address Europe's energy crisis exacerbated by reduced Russian supplies, enhancing regional energy security.

- **India's Renewable Energy Initiatives**: The Adani Group's 1,126 MW Battery Energy Storage System project aims to tackle natural gas demand issues and improve grid reliability in India.

- **Global Renewable Energy Investments**: Significant investments in renewable energy projects worldwide, including partnerships for battery storage and carbon capture, reflect a commitment to sustainability.

- **Saudi Arabia's Natural Gas Production**: Increased focus on natural gas production to diversify energy portfolio and reduce oil dependence, addressing rising electricity demand.

- **China's Renewable Energy Growth**: Solar generation up 46% and wind by 11%, despite pricing challenges, indicating a strong push towards cleaner energy sources.

- **Carbon Capture and Storage (CCS) Initiatives**: Growing momentum in CCS projects globally, with strategic partnerships aimed at enhancing energy infrastructure and reducing emissions.

- **Regional Energy Cooperation in GCC**: Investments in renewable energy and interconnected grids among GCC countries to enhance energy security and promote sustainable practices.",China's Renewable Energy Surge: Solar Up 46% and Wind 11% Amid Pricing Challenges,"Innovative clean fuel technologies are gaining momentum, particularly in China, where the rapid deployment of solar and wind power generation is significantly reducing energy sector emissions. The country has experienced remarkable growth in renewable energy capacity, with solar generation increasing by 46% and wind generation by 11%. This expansion is essential for meeting rising electricity demand through non-fossil power sources, which helps stabilize emissions despite increased consumption. However, the introduction of a new pricing system presents challenges for future renewable installations, highlighting the complexities involved in China's energy transition towards cleaner fuel technologies.",Yahoo! Finance,Goldman Sachs Says AI Boom Will Supercharge Energy Demand,"America's reliance on gas-fired generation has made it more exposed to rising fuel costs. Natural gas provides about 40% of total U.S. electricity output. Gas prices have been climbing, with Henry Hub futures up nearly 60% over the past year to $4.33 per million British thermal units (MMBtu). The EIA projects that Henry Hub spot prices will average $4.90/MMBtu in 2026, up from $4.00/MMBtu in 2025, as robust LNG export demand combines with modest domestic production growth. U.S. LNG export capacity is expected to grow roughly 75% by 2030, from about 17 billion cubic feet per day (Bcf/d) now to 30 Bcf/d from sanctioned projects alone.",8,Rising natural gas prices and increased LNG export capacity highlight America's vulnerability due to its heavy reliance on gas-fired electricity generation.,8,New,Negative,High
2025-11-11,"- **Gas Supply Cut in Ukraine**: Complete cut-off of gas supply in Lyman highlights vulnerabilities in Ukraine's energy infrastructure amid ongoing conflict, stressing the need for resilient energy systems.

- **Natural Gas Demand Surge in North America**: Increased demand and storage constraints emphasize the critical role of natural gas storage for energy security and price stability.

- **Geopolitical Tensions Affecting LNG Supply**: Legal disputes involving Venture Global and major energy companies over LNG delivery failures amid rising prices reflect the complexities of securing reliable energy supplies.

- **Egypt's LNG Exports**: Egypt boosts LNG exports to address Europe's energy crisis exacerbated by reduced Russian supplies, enhancing regional energy security.

- **India's Renewable Energy Initiatives**: The Adani Group's 1,126 MW Battery Energy Storage System project aims to tackle natural gas demand issues and improve grid reliability in India.

- **Global Renewable Energy Investments**: Significant investments in renewable energy projects worldwide, including partnerships for battery storage and carbon capture, reflect a commitment to sustainability.

- **Saudi Arabia's Natural Gas Production**: Increased focus on natural gas production to diversify energy portfolio and reduce oil dependence, addressing rising electricity demand.

- **China's Renewable Energy Growth**: Solar generation up 46% and wind by 11%, despite pricing challenges, indicating a strong push towards cleaner energy sources.

- **Carbon Capture and Storage (CCS) Initiatives**: Growing momentum in CCS projects globally, with strategic partnerships aimed at enhancing energy infrastructure and reducing emissions.

- **Regional Energy Cooperation in GCC**: Investments in renewable energy and interconnected grids among GCC countries to enhance energy security and promote sustainable practices.",China's Renewable Energy Surge: Solar Up 46% and Wind 11% Amid Pricing Challenges,"Innovative clean fuel technologies are gaining momentum, particularly in China, where the rapid deployment of solar and wind power generation is significantly reducing energy sector emissions. The country has experienced remarkable growth in renewable energy capacity, with solar generation increasing by 46% and wind generation by 11%. This expansion is essential for meeting rising electricity demand through non-fossil power sources, which helps stabilize emissions despite increased consumption. However, the introduction of a new pricing system presents challenges for future renewable installations, highlighting the complexities involved in China's energy transition towards cleaner fuel technologies.",Hellenic Shipping News Worldwide,Oil Market Forecast: Navigating Through a Supply Glut,"First, China's strategic petroleum reserve purchases represent a major wildcard. Early in 2025, Chinese buyers acquired about one million barrels per day more than the prior year, likely preventing further Brent declines. Predicting China's continued buying behavior is challenging, adding significant uncertainty to the outlook.",8,"China's increased strategic petroleum reserve purchases, rising by one million barrels per day, introduce uncertainty in global oil pricing, potentially impacting the renewable energy sector's growth amid solar and wind energy surges.",8,New,Negative,High
2025-11-11,"- **Gas Supply Cut in Ukraine**: Complete cut-off of gas supply in Lyman highlights vulnerabilities in Ukraine's energy infrastructure amid ongoing conflict, stressing the need for resilient energy systems.

- **Natural Gas Demand Surge in North America**: Increased demand and storage constraints emphasize the critical role of natural gas storage for energy security and price stability.

- **Geopolitical Tensions Affecting LNG Supply**: Legal disputes involving Venture Global and major energy companies over LNG delivery failures amid rising prices reflect the complexities of securing reliable energy supplies.

- **Egypt's LNG Exports**: Egypt boosts LNG exports to address Europe's energy crisis exacerbated by reduced Russian supplies, enhancing regional energy security.

- **India's Renewable Energy Initiatives**: The Adani Group's 1,126 MW Battery Energy Storage System project aims to tackle natural gas demand issues and improve grid reliability in India.

- **Global Renewable Energy Investments**: Significant investments in renewable energy projects worldwide, including partnerships for battery storage and carbon capture, reflect a commitment to sustainability.

- **Saudi Arabia's Natural Gas Production**: Increased focus on natural gas production to diversify energy portfolio and reduce oil dependence, addressing rising electricity demand.

- **China's Renewable Energy Growth**: Solar generation up 46% and wind by 11%, despite pricing challenges, indicating a strong push towards cleaner energy sources.

- **Carbon Capture and Storage (CCS) Initiatives**: Growing momentum in CCS projects globally, with strategic partnerships aimed at enhancing energy infrastructure and reducing emissions.

- **Regional Energy Cooperation in GCC**: Investments in renewable energy and interconnected grids among GCC countries to enhance energy security and promote sustainable practices.",China's Renewable Energy Surge: Solar Up 46% and Wind 11% Amid Pricing Challenges,"Innovative clean fuel technologies are gaining momentum, particularly in China, where the rapid deployment of solar and wind power generation is significantly reducing energy sector emissions. The country has experienced remarkable growth in renewable energy capacity, with solar generation increasing by 46% and wind generation by 11%. This expansion is essential for meeting rising electricity demand through non-fossil power sources, which helps stabilize emissions despite increased consumption. However, the introduction of a new pricing system presents challenges for future renewable installations, highlighting the complexities involved in China's energy transition towards cleaner fuel technologies.",Hellenic Shipping News Worldwide,Total production of China's largest shale oil base hits 20 million tons,"In 2024, China's total oil and natural gas output surpassed 400 million tons of oil equivalent for the first time. Crude oil production hit 213 million tons, nearing the historical peak. Shale oil output reached 6 million tons, up more than 30 percent year-on-year. Shale gas production exceeded 25 billion cubic meters, maintaining steady growth, official data showed.",8,"In 2024, China's oil and natural gas output exceeded 400 million tons of oil equivalent, with significant increases in crude oil and shale production, highlighting the country's ongoing energy diversification amid a surge in renewable energy sources.",8,New,Negative,High
2025-11-11,"- **Gas Supply Cut in Ukraine**: Complete cut-off of gas supply in Lyman highlights vulnerabilities in Ukraine's energy infrastructure amid ongoing conflict, stressing the need for resilient energy systems.

- **Natural Gas Demand Surge in North America**: Increased demand and storage constraints emphasize the critical role of natural gas storage for energy security and price stability.

- **Geopolitical Tensions Affecting LNG Supply**: Legal disputes involving Venture Global and major energy companies over LNG delivery failures amid rising prices reflect the complexities of securing reliable energy supplies.

- **Egypt's LNG Exports**: Egypt boosts LNG exports to address Europe's energy crisis exacerbated by reduced Russian supplies, enhancing regional energy security.

- **India's Renewable Energy Initiatives**: The Adani Group's 1,126 MW Battery Energy Storage System project aims to tackle natural gas demand issues and improve grid reliability in India.

- **Global Renewable Energy Investments**: Significant investments in renewable energy projects worldwide, including partnerships for battery storage and carbon capture, reflect a commitment to sustainability.

- **Saudi Arabia's Natural Gas Production**: Increased focus on natural gas production to diversify energy portfolio and reduce oil dependence, addressing rising electricity demand.

- **China's Renewable Energy Growth**: Solar generation up 46% and wind by 11%, despite pricing challenges, indicating a strong push towards cleaner energy sources.

- **Carbon Capture and Storage (CCS) Initiatives**: Growing momentum in CCS projects globally, with strategic partnerships aimed at enhancing energy infrastructure and reducing emissions.

- **Regional Energy Cooperation in GCC**: Investments in renewable energy and interconnected grids among GCC countries to enhance energy security and promote sustainable practices.",Petronas Leads CCS Initiative in Malaysia as Offshore Wind Gains Traction for Net-Zero Goals,"Offshore wind development is gaining momentum as countries seek to achieve net-zero emissions and enhance energy security. Petronas' initiative in Malaysia to advance carbon capture and storage (CCS) exemplifies this trend, as it collaborates with TotalEnergies and Mitsui to explore carbon storage potential in the Duyong area. This project positions Malaysia as a leader in CCS technology, crucial for decarbonizing the energy sector. Concurrently, the Netherlands is experiencing a rise in micro-combined heat and power (micro-CHP) technology adoption, driven by high energy costs and strict emission policies. Government incentives are promoting decentralized energy generation, which aligns with national climate goals and addresses energy supply volatility. Together, these developments underscore the importance of innovative technologies in the transition to cleaner energy sources, including offshore wind.",S&P Global Commodity Insights,"Petronas gets Malaysia's first offshore CCS permit, pursues Suriname growth","Petronas' subsidiary, Petronas CCS Ventures Sdn Bhd (PCCSV), has been granted Malaysia's first Offshore Assessment Permit for Carbon Capture and Storage for the Duyong area, Petronas said in a statement on Nov. 7.",4,"Petronas CCS Ventures Sdn Bhd has received Malaysia's inaugural Offshore Assessment Permit for Carbon Capture and Storage in the Duyong area, marking a significant step in the country's efforts towards net-zero emissions.",4,New,Positive,Medium
2025-11-11,"- **Gas Supply Cut in Ukraine**: Complete cut-off of gas supply in Lyman highlights vulnerabilities in Ukraine's energy infrastructure amid ongoing conflict, stressing the need for resilient energy systems.

- **Natural Gas Demand Surge in North America**: Increased demand and storage constraints emphasize the critical role of natural gas storage for energy security and price stability.

- **Geopolitical Tensions Affecting LNG Supply**: Legal disputes involving Venture Global and major energy companies over LNG delivery failures amid rising prices reflect the complexities of securing reliable energy supplies.

- **Egypt's LNG Exports**: Egypt boosts LNG exports to address Europe's energy crisis exacerbated by reduced Russian supplies, enhancing regional energy security.

- **India's Renewable Energy Initiatives**: The Adani Group's 1,126 MW Battery Energy Storage System project aims to tackle natural gas demand issues and improve grid reliability in India.

- **Global Renewable Energy Investments**: Significant investments in renewable energy projects worldwide, including partnerships for battery storage and carbon capture, reflect a commitment to sustainability.

- **Saudi Arabia's Natural Gas Production**: Increased focus on natural gas production to diversify energy portfolio and reduce oil dependence, addressing rising electricity demand.

- **China's Renewable Energy Growth**: Solar generation up 46% and wind by 11%, despite pricing challenges, indicating a strong push towards cleaner energy sources.

- **Carbon Capture and Storage (CCS) Initiatives**: Growing momentum in CCS projects globally, with strategic partnerships aimed at enhancing energy infrastructure and reducing emissions.

- **Regional Energy Cooperation in GCC**: Investments in renewable energy and interconnected grids among GCC countries to enhance energy security and promote sustainable practices.",Petronas Leads CCS Initiative in Malaysia as Offshore Wind Gains Traction for Net-Zero Goals,"Offshore wind development is gaining momentum as countries seek to achieve net-zero emissions and enhance energy security. Petronas' initiative in Malaysia to advance carbon capture and storage (CCS) exemplifies this trend, as it collaborates with TotalEnergies and Mitsui to explore carbon storage potential in the Duyong area. This project positions Malaysia as a leader in CCS technology, crucial for decarbonizing the energy sector. Concurrently, the Netherlands is experiencing a rise in micro-combined heat and power (micro-CHP) technology adoption, driven by high energy costs and strict emission policies. Government incentives are promoting decentralized energy generation, which aligns with national climate goals and addresses energy supply volatility. Together, these developments underscore the importance of innovative technologies in the transition to cleaner energy sources, including offshore wind.",S&P Global Commodity Insights,"Petronas gets Malaysia's first offshore CCS permit, pursues Suriname growth","This permit enables the ongoing collaboration between PCCSV, TotalEnergies, and Mitsui & Co., Ltd. (MITSUI) under the Key Principles Agreement to continue advancing studies and evaluation of the Duyong area's potential as a carbon storage site, which is part of the Southern CCS offshore hub development.",4,"The permit facilitates collaboration among PCCSV, TotalEnergies, and Mitsui & Co. to advance carbon storage studies in the Duyong area, supporting Malaysia's CCS initiative and offshore wind development for net-zero objectives.",4,New,Positive,Medium
2025-11-11,"- **Gas Supply Cut in Ukraine**: Complete cut-off of gas supply in Lyman highlights vulnerabilities in Ukraine's energy infrastructure amid ongoing conflict, stressing the need for resilient energy systems.

- **Natural Gas Demand Surge in North America**: Increased demand and storage constraints emphasize the critical role of natural gas storage for energy security and price stability.

- **Geopolitical Tensions Affecting LNG Supply**: Legal disputes involving Venture Global and major energy companies over LNG delivery failures amid rising prices reflect the complexities of securing reliable energy supplies.

- **Egypt's LNG Exports**: Egypt boosts LNG exports to address Europe's energy crisis exacerbated by reduced Russian supplies, enhancing regional energy security.

- **India's Renewable Energy Initiatives**: The Adani Group's 1,126 MW Battery Energy Storage System project aims to tackle natural gas demand issues and improve grid reliability in India.

- **Global Renewable Energy Investments**: Significant investments in renewable energy projects worldwide, including partnerships for battery storage and carbon capture, reflect a commitment to sustainability.

- **Saudi Arabia's Natural Gas Production**: Increased focus on natural gas production to diversify energy portfolio and reduce oil dependence, addressing rising electricity demand.

- **China's Renewable Energy Growth**: Solar generation up 46% and wind by 11%, despite pricing challenges, indicating a strong push towards cleaner energy sources.

- **Carbon Capture and Storage (CCS) Initiatives**: Growing momentum in CCS projects globally, with strategic partnerships aimed at enhancing energy infrastructure and reducing emissions.

- **Regional Energy Cooperation in GCC**: Investments in renewable energy and interconnected grids among GCC countries to enhance energy security and promote sustainable practices.",Petronas Leads CCS Initiative in Malaysia as Offshore Wind Gains Traction for Net-Zero Goals,"Offshore wind development is gaining momentum as countries seek to achieve net-zero emissions and enhance energy security. Petronas' initiative in Malaysia to advance carbon capture and storage (CCS) exemplifies this trend, as it collaborates with TotalEnergies and Mitsui to explore carbon storage potential in the Duyong area. This project positions Malaysia as a leader in CCS technology, crucial for decarbonizing the energy sector. Concurrently, the Netherlands is experiencing a rise in micro-combined heat and power (micro-CHP) technology adoption, driven by high energy costs and strict emission policies. Government incentives are promoting decentralized energy generation, which aligns with national climate goals and addresses energy supply volatility. Together, these developments underscore the importance of innovative technologies in the transition to cleaner energy sources, including offshore wind.",S&P Global Commodity Insights,"Petronas gets Malaysia's first offshore CCS permit, pursues Suriname growth","""This permit allows our collaboration with TotalEnergies and MITSUI to advance to the next phase of technical studies and evaluations, bringing us closer to realising Duyong's potential as a safe and commercially viable carbon dioxide (CO2) storage site,"" Emry Hisham Yusoff, chief executive officer of PCCSV, said.",4,"Petronas, in collaboration with TotalEnergies and MITSUI, progresses towards establishing Duyong as a viable CO2 storage site, enhancing Malaysia's CCS efforts amid growing offshore wind initiatives for net-zero objectives.",4,New,Positive,Medium
2025-11-11,"- **Gas Supply Cut in Ukraine**: Complete cut-off of gas supply in Lyman highlights vulnerabilities in Ukraine's energy infrastructure amid ongoing conflict, stressing the need for resilient energy systems.

- **Natural Gas Demand Surge in North America**: Increased demand and storage constraints emphasize the critical role of natural gas storage for energy security and price stability.

- **Geopolitical Tensions Affecting LNG Supply**: Legal disputes involving Venture Global and major energy companies over LNG delivery failures amid rising prices reflect the complexities of securing reliable energy supplies.

- **Egypt's LNG Exports**: Egypt boosts LNG exports to address Europe's energy crisis exacerbated by reduced Russian supplies, enhancing regional energy security.

- **India's Renewable Energy Initiatives**: The Adani Group's 1,126 MW Battery Energy Storage System project aims to tackle natural gas demand issues and improve grid reliability in India.

- **Global Renewable Energy Investments**: Significant investments in renewable energy projects worldwide, including partnerships for battery storage and carbon capture, reflect a commitment to sustainability.

- **Saudi Arabia's Natural Gas Production**: Increased focus on natural gas production to diversify energy portfolio and reduce oil dependence, addressing rising electricity demand.

- **China's Renewable Energy Growth**: Solar generation up 46% and wind by 11%, despite pricing challenges, indicating a strong push towards cleaner energy sources.

- **Carbon Capture and Storage (CCS) Initiatives**: Growing momentum in CCS projects globally, with strategic partnerships aimed at enhancing energy infrastructure and reducing emissions.

- **Regional Energy Cooperation in GCC**: Investments in renewable energy and interconnected grids among GCC countries to enhance energy security and promote sustainable practices.",Petronas Leads CCS Initiative in Malaysia as Offshore Wind Gains Traction for Net-Zero Goals,"Offshore wind development is gaining momentum as countries seek to achieve net-zero emissions and enhance energy security. Petronas' initiative in Malaysia to advance carbon capture and storage (CCS) exemplifies this trend, as it collaborates with TotalEnergies and Mitsui to explore carbon storage potential in the Duyong area. This project positions Malaysia as a leader in CCS technology, crucial for decarbonizing the energy sector. Concurrently, the Netherlands is experiencing a rise in micro-combined heat and power (micro-CHP) technology adoption, driven by high energy costs and strict emission policies. Government incentives are promoting decentralized energy generation, which aligns with national climate goals and addresses energy supply volatility. Together, these developments underscore the importance of innovative technologies in the transition to cleaner energy sources, including offshore wind.",S&P Global Commodity Insights,"Petronas gets Malaysia's first offshore CCS permit, pursues Suriname growth","The move reinforces Petronas' commitment via PCCSV to advance CCS as a key pathway toward net zero by 2050, it said.
The Offshore Assessment Permit grants the exclusive rights to conduct comprehensive offshore geological assessments over the Duyong field, located offshore Peninsular Malaysia, Petronas noted.",4,"Petronas strengthens its commitment to carbon capture and storage (CCS) as a vital strategy for achieving net-zero emissions by 2050, with exclusive rights to assess the Duyong field offshore Malaysia.",4,New,Positive,Medium
2025-11-11,"- **Gas Supply Cut in Ukraine**: Complete cut-off of gas supply in Lyman highlights vulnerabilities in Ukraine's energy infrastructure amid ongoing conflict, stressing the need for resilient energy systems.

- **Natural Gas Demand Surge in North America**: Increased demand and storage constraints emphasize the critical role of natural gas storage for energy security and price stability.

- **Geopolitical Tensions Affecting LNG Supply**: Legal disputes involving Venture Global and major energy companies over LNG delivery failures amid rising prices reflect the complexities of securing reliable energy supplies.

- **Egypt's LNG Exports**: Egypt boosts LNG exports to address Europe's energy crisis exacerbated by reduced Russian supplies, enhancing regional energy security.

- **India's Renewable Energy Initiatives**: The Adani Group's 1,126 MW Battery Energy Storage System project aims to tackle natural gas demand issues and improve grid reliability in India.

- **Global Renewable Energy Investments**: Significant investments in renewable energy projects worldwide, including partnerships for battery storage and carbon capture, reflect a commitment to sustainability.

- **Saudi Arabia's Natural Gas Production**: Increased focus on natural gas production to diversify energy portfolio and reduce oil dependence, addressing rising electricity demand.

- **China's Renewable Energy Growth**: Solar generation up 46% and wind by 11%, despite pricing challenges, indicating a strong push towards cleaner energy sources.

- **Carbon Capture and Storage (CCS) Initiatives**: Growing momentum in CCS projects globally, with strategic partnerships aimed at enhancing energy infrastructure and reducing emissions.

- **Regional Energy Cooperation in GCC**: Investments in renewable energy and interconnected grids among GCC countries to enhance energy security and promote sustainable practices.","Adani Group's 1,126 MW Battery Storage Project Leads India's Push for Renewable Energy Stability","Electricity supply challenges are being addressed through significant initiatives in various regions, notably by the Adani Group in India and Ghana's Energy Transition Framework. The Adani Group's ambitious Battery Energy Storage Systems (BESS) project in Khavda, Gujarat, set for completion by March 2026, will be the largest of its kind in India, with a capacity of 1,126 MW and 3,530 MWh of energy storage. This project aims to enhance grid stability, manage peak load demands, and support the integration of renewable energy, aligning with India's net-zero goals. Meanwhile, Ghana's framework targets net-zero emissions by 2070, emphasizing cleaner energy generation and the expansion of renewable sources, particularly solar, while also leveraging natural gas for baseload power. This strategic approach aims to improve energy access and sustainability, positioning Ghana as a regional energy hub. Additionally, the recent energy collaboration between India and Bhutan, highlighted by the inauguration of the 1,020-megawatt Punatsangchhu-II hydroelectric project, reflects a broader trend of regional cooperation in addressing electricity supply challenges and meeting growing energy demands sustainably.",Business & Financial Times,West Africa's major energy stakeholders to lead on clean energy conversation,"The Summit will mobilise finance and support deeper collaboration across the ECOWAS regional integration agenda and Ghana's ambition to be a regional energy distribution hub. It will provide a platform for stakeholders to explore opportunities in renewables, gas-to-power, regional interconnectivity, and digitalisation of energy systems.",2,"The Summit aims to enhance regional energy collaboration and financing, aligning with Ghana's goal to become a key energy distribution hub, which complements India's renewable energy stability efforts through projects like Adani Group's 1,126 MW Battery Storage Project.",2,New,Positive,High
2025-11-11,"- **Gas Supply Cut in Ukraine**: Complete cut-off of gas supply in Lyman highlights vulnerabilities in Ukraine's energy infrastructure amid ongoing conflict, stressing the need for resilient energy systems.

- **Natural Gas Demand Surge in North America**: Increased demand and storage constraints emphasize the critical role of natural gas storage for energy security and price stability.

- **Geopolitical Tensions Affecting LNG Supply**: Legal disputes involving Venture Global and major energy companies over LNG delivery failures amid rising prices reflect the complexities of securing reliable energy supplies.

- **Egypt's LNG Exports**: Egypt boosts LNG exports to address Europe's energy crisis exacerbated by reduced Russian supplies, enhancing regional energy security.

- **India's Renewable Energy Initiatives**: The Adani Group's 1,126 MW Battery Energy Storage System project aims to tackle natural gas demand issues and improve grid reliability in India.

- **Global Renewable Energy Investments**: Significant investments in renewable energy projects worldwide, including partnerships for battery storage and carbon capture, reflect a commitment to sustainability.

- **Saudi Arabia's Natural Gas Production**: Increased focus on natural gas production to diversify energy portfolio and reduce oil dependence, addressing rising electricity demand.

- **China's Renewable Energy Growth**: Solar generation up 46% and wind by 11%, despite pricing challenges, indicating a strong push towards cleaner energy sources.

- **Carbon Capture and Storage (CCS) Initiatives**: Growing momentum in CCS projects globally, with strategic partnerships aimed at enhancing energy infrastructure and reducing emissions.

- **Regional Energy Cooperation in GCC**: Investments in renewable energy and interconnected grids among GCC countries to enhance energy security and promote sustainable practices.",Global Energy Transition Accelerates with Major Storage Projects Amid Investment Concerns,"Recent developments in energy storage and related initiatives highlight a global shift towards sustainable energy solutions. Masdar's partnership with JSC Uzenergosotish to create Uzbekistan's largest battery energy storage project aims to bolster grid resilience and facilitate the integration of renewable energy sources, reflecting a broader trend in Central Asia. Meanwhile, Shell's withdrawal from major offshore wind projects raises concerns about the future of renewable investments amid economic challenges, potentially impacting the UK's renewable energy targets. In Germany, Calisen Group's launch of smart metering systems through a partnership with Energy Metering Germany represents a significant investment in energy transition, enhancing grid flexibility and consumer access to low-carbon technologies. Additionally, Nigeria's efforts to reduce crude oil theft and implement the Gas Flare Commercialization Programme are pivotal for transforming its energy landscape, promoting energy security, and supporting environmental sustainability. These initiatives collectively underscore the importance of energy storage and smart technologies in advancing global energy transitions.",Yahoo! Finance,Shell announces cancellation of two Scottish offshore wind projects,"However, Shell sold its 50% stake in MarramWind to ScottishPower Renewables, which will now independently advance the proposed floating offshore wind farm.
The MarramWind project is expected to deliver up to 3GW of renewable energy, powering more than 3.5 million homes.",3,Shell's divestment of its stake in the 3GW MarramWind project to ScottishPower Renewables highlights the ongoing shift in energy investments towards independent renewable initiatives amid broader concerns over financing in the global energy transition.,3,New,Positive,High
2025-11-11,"- **Gas Supply Cut in Ukraine**: Complete cut-off of gas supply in Lyman highlights vulnerabilities in Ukraine's energy infrastructure amid ongoing conflict, stressing the need for resilient energy systems.

- **Natural Gas Demand Surge in North America**: Increased demand and storage constraints emphasize the critical role of natural gas storage for energy security and price stability.

- **Geopolitical Tensions Affecting LNG Supply**: Legal disputes involving Venture Global and major energy companies over LNG delivery failures amid rising prices reflect the complexities of securing reliable energy supplies.

- **Egypt's LNG Exports**: Egypt boosts LNG exports to address Europe's energy crisis exacerbated by reduced Russian supplies, enhancing regional energy security.

- **India's Renewable Energy Initiatives**: The Adani Group's 1,126 MW Battery Energy Storage System project aims to tackle natural gas demand issues and improve grid reliability in India.

- **Global Renewable Energy Investments**: Significant investments in renewable energy projects worldwide, including partnerships for battery storage and carbon capture, reflect a commitment to sustainability.

- **Saudi Arabia's Natural Gas Production**: Increased focus on natural gas production to diversify energy portfolio and reduce oil dependence, addressing rising electricity demand.

- **China's Renewable Energy Growth**: Solar generation up 46% and wind by 11%, despite pricing challenges, indicating a strong push towards cleaner energy sources.

- **Carbon Capture and Storage (CCS) Initiatives**: Growing momentum in CCS projects globally, with strategic partnerships aimed at enhancing energy infrastructure and reducing emissions.

- **Regional Energy Cooperation in GCC**: Investments in renewable energy and interconnected grids among GCC countries to enhance energy security and promote sustainable practices.",Natural Gas Demand Surge and Storage Constraints Drive Energy Security in North America,"The natural gas market is experiencing significant dynamics influenced by increasing demand and structural capacity constraints, particularly in North America. Analysts emphasize the critical role of natural gas storage in energy infrastructure, especially in regions like California and Alberta, where favorable market fundamentals are evident. This trend highlights the strategic importance of gas storage for energy security and price stability. In contrast, Kenya faces challenges in meeting its energy demands, leading to load shedding due to insufficient electricity generation, which underscores the need for investment in renewable energy sources. Meanwhile, Statkraft's initiatives in Brazil, including new solar farms and battery projects, reflect a broader shift towards renewable energy to reduce carbon emissions. Additionally, the US Department of Energy's investment in a coal-fed ammonia plant with integrated carbon capture and storage (CCS) illustrates efforts to mitigate emissions while maintaining industrial outputs. Together, these developments indicate a complex interplay of natural gas dynamics, renewable energy advancements, and the urgent need for sustainable energy solutions.",The Chemical Engineer,US government closes on US$1.5bn loan for Indiana coal-fed ammonia plant with carbon capture,"Ammonia production is also very resource intensive. Around 70% is produced through steam methane reforming using natural gas as feedstock, while the remainder is largely produced from coal gasification. The latter requires 75m t of coal annually, accounting for 5% of industrial coal demand worldwide.",3,"The resource-intensive nature of ammonia production, primarily reliant on natural gas, highlights the increasing demand for natural gas and the associated energy security challenges in North America.",3,New,Positive,High
2025-11-11,"- **Gas Supply Cut in Ukraine**: Complete cut-off of gas supply in Lyman highlights vulnerabilities in Ukraine's energy infrastructure amid ongoing conflict, stressing the need for resilient energy systems.

- **Natural Gas Demand Surge in North America**: Increased demand and storage constraints emphasize the critical role of natural gas storage for energy security and price stability.

- **Geopolitical Tensions Affecting LNG Supply**: Legal disputes involving Venture Global and major energy companies over LNG delivery failures amid rising prices reflect the complexities of securing reliable energy supplies.

- **Egypt's LNG Exports**: Egypt boosts LNG exports to address Europe's energy crisis exacerbated by reduced Russian supplies, enhancing regional energy security.

- **India's Renewable Energy Initiatives**: The Adani Group's 1,126 MW Battery Energy Storage System project aims to tackle natural gas demand issues and improve grid reliability in India.

- **Global Renewable Energy Investments**: Significant investments in renewable energy projects worldwide, including partnerships for battery storage and carbon capture, reflect a commitment to sustainability.

- **Saudi Arabia's Natural Gas Production**: Increased focus on natural gas production to diversify energy portfolio and reduce oil dependence, addressing rising electricity demand.

- **China's Renewable Energy Growth**: Solar generation up 46% and wind by 11%, despite pricing challenges, indicating a strong push towards cleaner energy sources.

- **Carbon Capture and Storage (CCS) Initiatives**: Growing momentum in CCS projects globally, with strategic partnerships aimed at enhancing energy infrastructure and reducing emissions.

- **Regional Energy Cooperation in GCC**: Investments in renewable energy and interconnected grids among GCC countries to enhance energy security and promote sustainable practices.","Adani Group's 1,126 MW Battery Storage Project Leads India's Push for Renewable Energy Stability","Electricity supply challenges are being addressed through significant initiatives in various regions, notably by the Adani Group in India and Ghana's Energy Transition Framework. The Adani Group's ambitious Battery Energy Storage Systems (BESS) project in Khavda, Gujarat, set for completion by March 2026, will be the largest of its kind in India, with a capacity of 1,126 MW and 3,530 MWh of energy storage. This project aims to enhance grid stability, manage peak load demands, and support the integration of renewable energy, aligning with India's net-zero goals. Meanwhile, Ghana's framework targets net-zero emissions by 2070, emphasizing cleaner energy generation and the expansion of renewable sources, particularly solar, while also leveraging natural gas for baseload power. This strategic approach aims to improve energy access and sustainability, positioning Ghana as a regional energy hub. Additionally, the recent energy collaboration between India and Bhutan, highlighted by the inauguration of the 1,020-megawatt Punatsangchhu-II hydroelectric project, reflects a broader trend of regional cooperation in addressing electricity supply challenges and meeting growing energy demands sustainably.",Business & Financial Times,West Africa's major energy stakeholders to lead on clean energy conversation,"Ghana's Energy Transition Framework charts a path to net-zero emissions by 2070, focusing on cleaner generation, efficiency, and expanding renewables, especially solar. Incentives for private investment and off-grid projects aim to boost access and sustainability. Natural gas remains pivotal for regional baseload power, and as Ghana strengthens cross-border power trade, attracts climate finance, and modernises its grid, officials say the goal is to build a resilient, competitive energy sector that drives inclusive growth and industrialisation, similar to what is seen in Southern Africa.",2,"Ghana's Energy Transition Framework aims for net-zero emissions by 2070 through renewable energy expansion and private investment, paralleling India's efforts with Adani Group's battery storage project to enhance energy stability.",2,New,Positive,High
2025-11-11,"- **Gas Supply Cut in Ukraine**: Complete cut-off of gas supply in Lyman highlights vulnerabilities in Ukraine's energy infrastructure amid ongoing conflict, stressing the need for resilient energy systems.

- **Natural Gas Demand Surge in North America**: Increased demand and storage constraints emphasize the critical role of natural gas storage for energy security and price stability.

- **Geopolitical Tensions Affecting LNG Supply**: Legal disputes involving Venture Global and major energy companies over LNG delivery failures amid rising prices reflect the complexities of securing reliable energy supplies.

- **Egypt's LNG Exports**: Egypt boosts LNG exports to address Europe's energy crisis exacerbated by reduced Russian supplies, enhancing regional energy security.

- **India's Renewable Energy Initiatives**: The Adani Group's 1,126 MW Battery Energy Storage System project aims to tackle natural gas demand issues and improve grid reliability in India.

- **Global Renewable Energy Investments**: Significant investments in renewable energy projects worldwide, including partnerships for battery storage and carbon capture, reflect a commitment to sustainability.

- **Saudi Arabia's Natural Gas Production**: Increased focus on natural gas production to diversify energy portfolio and reduce oil dependence, addressing rising electricity demand.

- **China's Renewable Energy Growth**: Solar generation up 46% and wind by 11%, despite pricing challenges, indicating a strong push towards cleaner energy sources.

- **Carbon Capture and Storage (CCS) Initiatives**: Growing momentum in CCS projects globally, with strategic partnerships aimed at enhancing energy infrastructure and reducing emissions.

- **Regional Energy Cooperation in GCC**: Investments in renewable energy and interconnected grids among GCC countries to enhance energy security and promote sustainable practices.",Nuclear Energy's Role in the Global Shift Towards Sustainable Electrification,"Recent developments in nuclear energy are being influenced by broader trends in energy transition and decarbonization. Schneider Electric is engaging in global discussions, such as COP30 in Brazil, to promote electrification and digitalization as essential components for achieving sustainability. Their initiatives aim to mobilize various stakeholders towards transforming energy systems, which includes the potential for nuclear energy as a clean resource. In the U.S., states like Michigan are updating energy laws to increase renewable energy sources, reflecting a growing public interest in sustainable solutions. While the focus is on renewables, the integration of nuclear energy remains a critical aspect of the overall strategy to reduce reliance on fossil fuels and enhance energy efficiency. These trends indicate a collective movement towards a more sustainable energy future, where nuclear energy could play a significant role alongside renewables.",Benzinga,Schneider Electric Accelerates Industrial Decarbonization at COP30,"""Progress and sustainability are not opposing paths. They are forces that must advance side by side,"" said Rafael Segrera, President of Schneider Electric for South America and Chair of the Green Jobs and Skills working group of the Sustainable Business COP30 (SB COP) initiative. ""At Schneider Electric, we believe the combination of electrification and digitalization is what enables ambition to be transformed into real impact, accelerating decarbonization and development. We hope COP30 goes beyond negotiations to establish itself as a strategic platform, demonstrating how the private sector can turn commitments into tangible progress.""",12,"Rafael Segrera emphasizes the synergy between electrification and digitalization in driving sustainable progress, highlighting the potential of nuclear energy to support decarbonization efforts at COP30.",12,New,Negative,High
2025-11-11,"- **Gas Supply Cut in Ukraine**: Complete cut-off of gas supply in Lyman highlights vulnerabilities in Ukraine's energy infrastructure amid ongoing conflict, stressing the need for resilient energy systems.

- **Natural Gas Demand Surge in North America**: Increased demand and storage constraints emphasize the critical role of natural gas storage for energy security and price stability.

- **Geopolitical Tensions Affecting LNG Supply**: Legal disputes involving Venture Global and major energy companies over LNG delivery failures amid rising prices reflect the complexities of securing reliable energy supplies.

- **Egypt's LNG Exports**: Egypt boosts LNG exports to address Europe's energy crisis exacerbated by reduced Russian supplies, enhancing regional energy security.

- **India's Renewable Energy Initiatives**: The Adani Group's 1,126 MW Battery Energy Storage System project aims to tackle natural gas demand issues and improve grid reliability in India.

- **Global Renewable Energy Investments**: Significant investments in renewable energy projects worldwide, including partnerships for battery storage and carbon capture, reflect a commitment to sustainability.

- **Saudi Arabia's Natural Gas Production**: Increased focus on natural gas production to diversify energy portfolio and reduce oil dependence, addressing rising electricity demand.

- **China's Renewable Energy Growth**: Solar generation up 46% and wind by 11%, despite pricing challenges, indicating a strong push towards cleaner energy sources.

- **Carbon Capture and Storage (CCS) Initiatives**: Growing momentum in CCS projects globally, with strategic partnerships aimed at enhancing energy infrastructure and reducing emissions.

- **Regional Energy Cooperation in GCC**: Investments in renewable energy and interconnected grids among GCC countries to enhance energy security and promote sustainable practices.",Adani Group's 1126 MW Investment in Battery Storage Boosts India's Lithium Battery Manufacturing,"The Adani Group's recent investment in Battery Energy Storage Systems (BESS) with a substantial 1126 MW / 3530 MWh project signifies a pivotal advancement in India's lithium battery manufacturing sector. This initiative aims to enhance energy resilience by stabilizing the grid and managing peak loads, thereby facilitating the transition to renewable energy sources. The integration of advanced lithium-ion technology is crucial for ensuring a reliable energy supply, reflecting a growing trend in the energy industry towards adopting storage solutions that complement renewable generation. As demand for clean energy solutions escalates, such investments underscore the importance of lithium battery manufacturing in supporting sustainable energy infrastructure.",The Economic Times,Adani plans India's biggest battery storage in Gujarat,"Adani Group did not disclose the investments it will be making in the project. Industry officials said per megawatt hour of setting up BESS could range between INR2.20 crore and INR2.40 crore for a specific 2023-2026 period. However, project-specific costs can be lower than this estimate due to tenders, subsidies, and the kind of technology used. So, Adani Group could be spending up to INR10,000 crore in setting up the 3530 MWh capacity of BESS.",3,"Adani Group's investment in a 3530 MWh Battery Energy Storage System (BESS) could reach up to INR10,000 crore, significantly enhancing India's lithium battery manufacturing capabilities.",3,New,Positive,Medium
2025-11-11,"- **Gas Supply Cut in Ukraine**: Complete cut-off of gas supply in Lyman highlights vulnerabilities in Ukraine's energy infrastructure amid ongoing conflict, stressing the need for resilient energy systems.

- **Natural Gas Demand Surge in North America**: Increased demand and storage constraints emphasize the critical role of natural gas storage for energy security and price stability.

- **Geopolitical Tensions Affecting LNG Supply**: Legal disputes involving Venture Global and major energy companies over LNG delivery failures amid rising prices reflect the complexities of securing reliable energy supplies.

- **Egypt's LNG Exports**: Egypt boosts LNG exports to address Europe's energy crisis exacerbated by reduced Russian supplies, enhancing regional energy security.

- **India's Renewable Energy Initiatives**: The Adani Group's 1,126 MW Battery Energy Storage System project aims to tackle natural gas demand issues and improve grid reliability in India.

- **Global Renewable Energy Investments**: Significant investments in renewable energy projects worldwide, including partnerships for battery storage and carbon capture, reflect a commitment to sustainability.

- **Saudi Arabia's Natural Gas Production**: Increased focus on natural gas production to diversify energy portfolio and reduce oil dependence, addressing rising electricity demand.

- **China's Renewable Energy Growth**: Solar generation up 46% and wind by 11%, despite pricing challenges, indicating a strong push towards cleaner energy sources.

- **Carbon Capture and Storage (CCS) Initiatives**: Growing momentum in CCS projects globally, with strategic partnerships aimed at enhancing energy infrastructure and reducing emissions.

- **Regional Energy Cooperation in GCC**: Investments in renewable energy and interconnected grids among GCC countries to enhance energy security and promote sustainable practices.",Energy Sector Shifts Towards Sustainability: Schneider Electric and Egypt Lead the Charge,"Recent corporate actions in the energy sector reflect a strong focus on sustainability and infrastructure development. Schneider Electric's expansion in Tennessee aims to enhance energy resilience by manufacturing medium voltage products, supporting the demand for energy management solutions amid the rise of renewable energy. This initiative aligns with broader industry trends towards energy efficiency and job growth in the U.S. Meanwhile, Egypt's green ammonia project at El Nasr Fertilizers marks a significant step in sustainable industrial development, producing 420,000 tonnes of green ammonia annually using renewable energy, thereby reducing carbon emissions and enhancing Egypt's position in the global green energy market. Collaborations with companies like Envision Energy and Benchmark Power emphasize the importance of partnerships in advancing clean technologies. In India, the projected growth in natural gas demand necessitates robust infrastructure and secure long-term contracts to meet rising consumption, highlighting the need for strategic planning in energy supply and distribution to ensure energy security in a rapidly growing economy.",Gettysburg Times,Adani Group Announces Strategic Entry into Battery Energy Storage Sector with one of the World's Largest Single-location BESS Projects,"This strategic initiative is a major step toward enhancing India's energy security, enabling round-the-clock clean electricity and supporting the country's transition to a low-carbon future. The BESS will play a critical role in easing peak load pressures, reducing transmission congestion, and mitigating solar curtailment, thereby improving grid reliability and efficiency.",3,"India's strategic initiative to implement Battery Energy Storage Systems (BESS) enhances energy security and supports the transition to a low-carbon future, reflecting a broader shift towards sustainable energy solutions.",3,New,Positive,High
2025-11-11,"- **Gas Supply Cut in Ukraine**: Complete cut-off of gas supply in Lyman highlights vulnerabilities in Ukraine's energy infrastructure amid ongoing conflict, stressing the need for resilient energy systems.

- **Natural Gas Demand Surge in North America**: Increased demand and storage constraints emphasize the critical role of natural gas storage for energy security and price stability.

- **Geopolitical Tensions Affecting LNG Supply**: Legal disputes involving Venture Global and major energy companies over LNG delivery failures amid rising prices reflect the complexities of securing reliable energy supplies.

- **Egypt's LNG Exports**: Egypt boosts LNG exports to address Europe's energy crisis exacerbated by reduced Russian supplies, enhancing regional energy security.

- **India's Renewable Energy Initiatives**: The Adani Group's 1,126 MW Battery Energy Storage System project aims to tackle natural gas demand issues and improve grid reliability in India.

- **Global Renewable Energy Investments**: Significant investments in renewable energy projects worldwide, including partnerships for battery storage and carbon capture, reflect a commitment to sustainability.

- **Saudi Arabia's Natural Gas Production**: Increased focus on natural gas production to diversify energy portfolio and reduce oil dependence, addressing rising electricity demand.

- **China's Renewable Energy Growth**: Solar generation up 46% and wind by 11%, despite pricing challenges, indicating a strong push towards cleaner energy sources.

- **Carbon Capture and Storage (CCS) Initiatives**: Growing momentum in CCS projects globally, with strategic partnerships aimed at enhancing energy infrastructure and reducing emissions.

- **Regional Energy Cooperation in GCC**: Investments in renewable energy and interconnected grids among GCC countries to enhance energy security and promote sustainable practices.",Energy Sector Shifts Towards Sustainability: Schneider Electric and Egypt Lead the Charge,"Recent corporate actions in the energy sector reflect a strong focus on sustainability and infrastructure development. Schneider Electric's expansion in Tennessee aims to enhance energy resilience by manufacturing medium voltage products, supporting the demand for energy management solutions amid the rise of renewable energy. This initiative aligns with broader industry trends towards energy efficiency and job growth in the U.S. Meanwhile, Egypt's green ammonia project at El Nasr Fertilizers marks a significant step in sustainable industrial development, producing 420,000 tonnes of green ammonia annually using renewable energy, thereby reducing carbon emissions and enhancing Egypt's position in the global green energy market. Collaborations with companies like Envision Energy and Benchmark Power emphasize the importance of partnerships in advancing clean technologies. In India, the projected growth in natural gas demand necessitates robust infrastructure and secure long-term contracts to meet rising consumption, highlighting the need for strategic planning in energy supply and distribution to ensure energy security in a rapidly growing economy.",Daily News Egypt - Business,"Egypt hosts Envision Energy, Benchmark Power leaders to advance green ammonia project at El Nasr Fertilizers","The meeting was attended by Saad Helal, CEO of the Chemical Industries Holding Company (CIHC), and Diaa Taher, Managing Director of El Nasr Fertilizers, to discuss progress on the green ammonia plant project at El Nasr Fertilizers in Ataqa, Suez governorate.",3,"Key stakeholders, including CIHC's CEO and El Nasr Fertilizers' Managing Director, convened to advance the green ammonia plant project in Suez, highlighting Egypt's commitment to sustainable energy initiatives.",3,New,Positive,High
2025-11-11,"- **Gas Supply Cut in Ukraine**: Complete cut-off of gas supply in Lyman highlights vulnerabilities in Ukraine's energy infrastructure amid ongoing conflict, stressing the need for resilient energy systems.

- **Natural Gas Demand Surge in North America**: Increased demand and storage constraints emphasize the critical role of natural gas storage for energy security and price stability.

- **Geopolitical Tensions Affecting LNG Supply**: Legal disputes involving Venture Global and major energy companies over LNG delivery failures amid rising prices reflect the complexities of securing reliable energy supplies.

- **Egypt's LNG Exports**: Egypt boosts LNG exports to address Europe's energy crisis exacerbated by reduced Russian supplies, enhancing regional energy security.

- **India's Renewable Energy Initiatives**: The Adani Group's 1,126 MW Battery Energy Storage System project aims to tackle natural gas demand issues and improve grid reliability in India.

- **Global Renewable Energy Investments**: Significant investments in renewable energy projects worldwide, including partnerships for battery storage and carbon capture, reflect a commitment to sustainability.

- **Saudi Arabia's Natural Gas Production**: Increased focus on natural gas production to diversify energy portfolio and reduce oil dependence, addressing rising electricity demand.

- **China's Renewable Energy Growth**: Solar generation up 46% and wind by 11%, despite pricing challenges, indicating a strong push towards cleaner energy sources.

- **Carbon Capture and Storage (CCS) Initiatives**: Growing momentum in CCS projects globally, with strategic partnerships aimed at enhancing energy infrastructure and reducing emissions.

- **Regional Energy Cooperation in GCC**: Investments in renewable energy and interconnected grids among GCC countries to enhance energy security and promote sustainable practices.",Energy Sector Shifts Towards Sustainability: Schneider Electric and Egypt Lead the Charge,"Recent corporate actions in the energy sector reflect a strong focus on sustainability and infrastructure development. Schneider Electric's expansion in Tennessee aims to enhance energy resilience by manufacturing medium voltage products, supporting the demand for energy management solutions amid the rise of renewable energy. This initiative aligns with broader industry trends towards energy efficiency and job growth in the U.S. Meanwhile, Egypt's green ammonia project at El Nasr Fertilizers marks a significant step in sustainable industrial development, producing 420,000 tonnes of green ammonia annually using renewable energy, thereby reducing carbon emissions and enhancing Egypt's position in the global green energy market. Collaborations with companies like Envision Energy and Benchmark Power emphasize the importance of partnerships in advancing clean technologies. In India, the projected growth in natural gas demand necessitates robust infrastructure and secure long-term contracts to meet rising consumption, highlighting the need for strategic planning in energy supply and distribution to ensure energy security in a rapidly growing economy.",Daily News Egypt - Business,"Egypt hosts Envision Energy, Benchmark Power leaders to advance green ammonia project at El Nasr Fertilizers","The project marks a major milestone in Egypt's transition toward sustainable industrial development and green energy exports. Approved to operate as a free zone, the plant will run entirely on renewable energy. Its first phase aims for an annual production capacity of 420,000 tonnes of green ammonia, with most output intended for export.",3,"Egypt's new renewable energy plant, approved as a free zone, aims to produce 420,000 tonnes of green ammonia annually, marking a significant step in sustainable industrial development and green energy exports.",3,New,Positive,High
2025-11-11,"- **Gas Supply Cut in Ukraine**: Complete cut-off of gas supply in Lyman highlights vulnerabilities in Ukraine's energy infrastructure amid ongoing conflict, stressing the need for resilient energy systems.

- **Natural Gas Demand Surge in North America**: Increased demand and storage constraints emphasize the critical role of natural gas storage for energy security and price stability.

- **Geopolitical Tensions Affecting LNG Supply**: Legal disputes involving Venture Global and major energy companies over LNG delivery failures amid rising prices reflect the complexities of securing reliable energy supplies.

- **Egypt's LNG Exports**: Egypt boosts LNG exports to address Europe's energy crisis exacerbated by reduced Russian supplies, enhancing regional energy security.

- **India's Renewable Energy Initiatives**: The Adani Group's 1,126 MW Battery Energy Storage System project aims to tackle natural gas demand issues and improve grid reliability in India.

- **Global Renewable Energy Investments**: Significant investments in renewable energy projects worldwide, including partnerships for battery storage and carbon capture, reflect a commitment to sustainability.

- **Saudi Arabia's Natural Gas Production**: Increased focus on natural gas production to diversify energy portfolio and reduce oil dependence, addressing rising electricity demand.

- **China's Renewable Energy Growth**: Solar generation up 46% and wind by 11%, despite pricing challenges, indicating a strong push towards cleaner energy sources.

- **Carbon Capture and Storage (CCS) Initiatives**: Growing momentum in CCS projects globally, with strategic partnerships aimed at enhancing energy infrastructure and reducing emissions.

- **Regional Energy Cooperation in GCC**: Investments in renewable energy and interconnected grids among GCC countries to enhance energy security and promote sustainable practices.",Energy Sector Shifts Towards Sustainability: Schneider Electric and Egypt Lead the Charge,"Recent corporate actions in the energy sector reflect a strong focus on sustainability and infrastructure development. Schneider Electric's expansion in Tennessee aims to enhance energy resilience by manufacturing medium voltage products, supporting the demand for energy management solutions amid the rise of renewable energy. This initiative aligns with broader industry trends towards energy efficiency and job growth in the U.S. Meanwhile, Egypt's green ammonia project at El Nasr Fertilizers marks a significant step in sustainable industrial development, producing 420,000 tonnes of green ammonia annually using renewable energy, thereby reducing carbon emissions and enhancing Egypt's position in the global green energy market. Collaborations with companies like Envision Energy and Benchmark Power emphasize the importance of partnerships in advancing clean technologies. In India, the projected growth in natural gas demand necessitates robust infrastructure and secure long-term contracts to meet rising consumption, highlighting the need for strategic planning in energy supply and distribution to ensure energy security in a rapidly growing economy.",Canadian Mining Journal,Emerson partners with Lithium Americas for Thacker Pass automation,"With increasing consumer adoption of electric vehicles and renewable energy, lithium demand, often termed ""white gold,"" is projected to surge fivefold by 2040. The United States ranks third globally in known lithium resources, making projects like Thacker Pass important in terms of energy security and job creation.
Emerson contributes decades of mining experience and innovation to Lithium Americas, providing its comprehensive automation portfolio, an efficient approach to project execution, and local technology support. This collaboration aims to ensure Thacker Pass operates safely, efficiently, and reliably.",3,"The surge in lithium demand, driven by electric vehicles and renewable energy, highlights the importance of projects like Thacker Pass for energy security and job creation, with Emerson's collaboration enhancing operational efficiency and safety.",3,New,Positive,High
2025-11-11,"- **Gas Supply Cut in Ukraine**: Complete cut-off of gas supply in Lyman highlights vulnerabilities in Ukraine's energy infrastructure amid ongoing conflict, stressing the need for resilient energy systems.

- **Natural Gas Demand Surge in North America**: Increased demand and storage constraints emphasize the critical role of natural gas storage for energy security and price stability.

- **Geopolitical Tensions Affecting LNG Supply**: Legal disputes involving Venture Global and major energy companies over LNG delivery failures amid rising prices reflect the complexities of securing reliable energy supplies.

- **Egypt's LNG Exports**: Egypt boosts LNG exports to address Europe's energy crisis exacerbated by reduced Russian supplies, enhancing regional energy security.

- **India's Renewable Energy Initiatives**: The Adani Group's 1,126 MW Battery Energy Storage System project aims to tackle natural gas demand issues and improve grid reliability in India.

- **Global Renewable Energy Investments**: Significant investments in renewable energy projects worldwide, including partnerships for battery storage and carbon capture, reflect a commitment to sustainability.

- **Saudi Arabia's Natural Gas Production**: Increased focus on natural gas production to diversify energy portfolio and reduce oil dependence, addressing rising electricity demand.

- **China's Renewable Energy Growth**: Solar generation up 46% and wind by 11%, despite pricing challenges, indicating a strong push towards cleaner energy sources.

- **Carbon Capture and Storage (CCS) Initiatives**: Growing momentum in CCS projects globally, with strategic partnerships aimed at enhancing energy infrastructure and reducing emissions.

- **Regional Energy Cooperation in GCC**: Investments in renewable energy and interconnected grids among GCC countries to enhance energy security and promote sustainable practices.","Adani Group's 1,126 MW Battery Storage Project Leads India's Push for Renewable Energy Stability","Electricity supply challenges are being addressed through significant initiatives in various regions, notably by the Adani Group in India and Ghana's Energy Transition Framework. The Adani Group's ambitious Battery Energy Storage Systems (BESS) project in Khavda, Gujarat, set for completion by March 2026, will be the largest of its kind in India, with a capacity of 1,126 MW and 3,530 MWh of energy storage. This project aims to enhance grid stability, manage peak load demands, and support the integration of renewable energy, aligning with India's net-zero goals. Meanwhile, Ghana's framework targets net-zero emissions by 2070, emphasizing cleaner energy generation and the expansion of renewable sources, particularly solar, while also leveraging natural gas for baseload power. This strategic approach aims to improve energy access and sustainability, positioning Ghana as a regional energy hub. Additionally, the recent energy collaboration between India and Bhutan, highlighted by the inauguration of the 1,020-megawatt Punatsangchhu-II hydroelectric project, reflects a broader trend of regional cooperation in addressing electricity supply challenges and meeting growing energy demands sustainably.",Times Now,Adani Group Enters Battery Storage With India's Largest Single-Site Project,"This ambitious project places Adani Group among the world's top energy players investing in large-scale storage solutions. The Adani Group on Tuesday announced its entry into the Battery Energy Storage Systems (BESS) market with a landmark 1,126 MW/3,530 MWh project slated for completion by March 2026. Spanning over 700 BESS containers, this venture is set to become the largest single-site energy storage facility in India and one of the largest globally. With a storage capacity of 3,530 MWh, the project can extend the 1,126 MW power output for three hours. ""Energy storage is the cornerstone of a renewable-powered future. With this historic project, we are not only setting global benchmarks but also reinforcing our commitment to India's energy independence and sustainability.",8,"Adani Group's 1,126 MW Battery Storage Project, the largest in India, positions the company as a leader in renewable energy stability and storage solutions, enhancing India's energy independence and sustainability efforts.",8,New,Positive,High
2025-11-11,"- **Gas Supply Cut in Ukraine**: Complete cut-off of gas supply in Lyman highlights vulnerabilities in Ukraine's energy infrastructure amid ongoing conflict, stressing the need for resilient energy systems.

- **Natural Gas Demand Surge in North America**: Increased demand and storage constraints emphasize the critical role of natural gas storage for energy security and price stability.

- **Geopolitical Tensions Affecting LNG Supply**: Legal disputes involving Venture Global and major energy companies over LNG delivery failures amid rising prices reflect the complexities of securing reliable energy supplies.

- **Egypt's LNG Exports**: Egypt boosts LNG exports to address Europe's energy crisis exacerbated by reduced Russian supplies, enhancing regional energy security.

- **India's Renewable Energy Initiatives**: The Adani Group's 1,126 MW Battery Energy Storage System project aims to tackle natural gas demand issues and improve grid reliability in India.

- **Global Renewable Energy Investments**: Significant investments in renewable energy projects worldwide, including partnerships for battery storage and carbon capture, reflect a commitment to sustainability.

- **Saudi Arabia's Natural Gas Production**: Increased focus on natural gas production to diversify energy portfolio and reduce oil dependence, addressing rising electricity demand.

- **China's Renewable Energy Growth**: Solar generation up 46% and wind by 11%, despite pricing challenges, indicating a strong push towards cleaner energy sources.

- **Carbon Capture and Storage (CCS) Initiatives**: Growing momentum in CCS projects globally, with strategic partnerships aimed at enhancing energy infrastructure and reducing emissions.

- **Regional Energy Cooperation in GCC**: Investments in renewable energy and interconnected grids among GCC countries to enhance energy security and promote sustainable practices.","Adani Group's 1,126 MW Battery Storage Project Leads India's Push for Renewable Energy Stability","Electricity supply challenges are being addressed through significant initiatives in various regions, notably by the Adani Group in India and Ghana's Energy Transition Framework. The Adani Group's ambitious Battery Energy Storage Systems (BESS) project in Khavda, Gujarat, set for completion by March 2026, will be the largest of its kind in India, with a capacity of 1,126 MW and 3,530 MWh of energy storage. This project aims to enhance grid stability, manage peak load demands, and support the integration of renewable energy, aligning with India's net-zero goals. Meanwhile, Ghana's framework targets net-zero emissions by 2070, emphasizing cleaner energy generation and the expansion of renewable sources, particularly solar, while also leveraging natural gas for baseload power. This strategic approach aims to improve energy access and sustainability, positioning Ghana as a regional energy hub. Additionally, the recent energy collaboration between India and Bhutan, highlighted by the inauguration of the 1,020-megawatt Punatsangchhu-II hydroelectric project, reflects a broader trend of regional cooperation in addressing electricity supply challenges and meeting growing energy demands sustainably.",Times Now,Adani Group Enters Battery Storage With India's Largest Single-Site Project,"This initiative will enable us to deliver reliable, clean, and affordable energy solutions at scale,"" said Gautam Adani, Chairman of Adani Group. This ambitious project places Adani Group among the world's top energy players investing in large-scale storage solutions. It marks a significant step forward in India's clean energy transition journey, enhancing energy security and enabling the delivery of round-the-clock renewable electricity. Cutting-Edge Technology For Maximum ImpactThe BESS installation at Khavda, part of the world's largest renewable energy complex, will leverage advanced lithium-ion battery systems coupled with sophisticated energy management technology.",8,"Adani Group's 1,126 MW Battery Storage Project enhances India's renewable energy stability by providing reliable, clean energy solutions and leveraging advanced technology for efficient energy management.",8,New,Positive,High
2025-11-11,"- **Gas Supply Cut in Ukraine**: Complete cut-off of gas supply in Lyman highlights vulnerabilities in Ukraine's energy infrastructure amid ongoing conflict, stressing the need for resilient energy systems.

- **Natural Gas Demand Surge in North America**: Increased demand and storage constraints emphasize the critical role of natural gas storage for energy security and price stability.

- **Geopolitical Tensions Affecting LNG Supply**: Legal disputes involving Venture Global and major energy companies over LNG delivery failures amid rising prices reflect the complexities of securing reliable energy supplies.

- **Egypt's LNG Exports**: Egypt boosts LNG exports to address Europe's energy crisis exacerbated by reduced Russian supplies, enhancing regional energy security.

- **India's Renewable Energy Initiatives**: The Adani Group's 1,126 MW Battery Energy Storage System project aims to tackle natural gas demand issues and improve grid reliability in India.

- **Global Renewable Energy Investments**: Significant investments in renewable energy projects worldwide, including partnerships for battery storage and carbon capture, reflect a commitment to sustainability.

- **Saudi Arabia's Natural Gas Production**: Increased focus on natural gas production to diversify energy portfolio and reduce oil dependence, addressing rising electricity demand.

- **China's Renewable Energy Growth**: Solar generation up 46% and wind by 11%, despite pricing challenges, indicating a strong push towards cleaner energy sources.

- **Carbon Capture and Storage (CCS) Initiatives**: Growing momentum in CCS projects globally, with strategic partnerships aimed at enhancing energy infrastructure and reducing emissions.

- **Regional Energy Cooperation in GCC**: Investments in renewable energy and interconnected grids among GCC countries to enhance energy security and promote sustainable practices.","Adani Group's 1,126 MW Battery Storage Project Leads India's Push for Renewable Energy Stability","Electricity supply challenges are being addressed through significant initiatives in various regions, notably by the Adani Group in India and Ghana's Energy Transition Framework. The Adani Group's ambitious Battery Energy Storage Systems (BESS) project in Khavda, Gujarat, set for completion by March 2026, will be the largest of its kind in India, with a capacity of 1,126 MW and 3,530 MWh of energy storage. This project aims to enhance grid stability, manage peak load demands, and support the integration of renewable energy, aligning with India's net-zero goals. Meanwhile, Ghana's framework targets net-zero emissions by 2070, emphasizing cleaner energy generation and the expansion of renewable sources, particularly solar, while also leveraging natural gas for baseload power. This strategic approach aims to improve energy access and sustainability, positioning Ghana as a regional energy hub. Additionally, the recent energy collaboration between India and Bhutan, highlighted by the inauguration of the 1,020-megawatt Punatsangchhu-II hydroelectric project, reflects a broader trend of regional cooperation in addressing electricity supply challenges and meeting growing energy demands sustainably.",The New Indian Express,Adani Group announces foray into Battery Energy Storage with India's largest BESS project,"The Adani Group on Tuesday announced its entry into the Battery Energy Storage Systems (BESS) sector with a pioneering 1,126 MW / 3,530 MWh project. The BESS installation, which will have a power capacity of 1,126 MW and an energy capacity of 3,530 MWh, will be capable of storing 3,530 MWh of energy - extending power delivery at full capacity for about three hours.",8,"Adani Group's launch of a 1,126 MW Battery Energy Storage System marks a significant advancement in India's renewable energy infrastructure, enhancing energy stability and storage capacity.",8,New,Positive,High
2025-11-11,"- **Gas Supply Cut in Ukraine**: Complete cut-off of gas supply in Lyman highlights vulnerabilities in Ukraine's energy infrastructure amid ongoing conflict, stressing the need for resilient energy systems.

- **Natural Gas Demand Surge in North America**: Increased demand and storage constraints emphasize the critical role of natural gas storage for energy security and price stability.

- **Geopolitical Tensions Affecting LNG Supply**: Legal disputes involving Venture Global and major energy companies over LNG delivery failures amid rising prices reflect the complexities of securing reliable energy supplies.

- **Egypt's LNG Exports**: Egypt boosts LNG exports to address Europe's energy crisis exacerbated by reduced Russian supplies, enhancing regional energy security.

- **India's Renewable Energy Initiatives**: The Adani Group's 1,126 MW Battery Energy Storage System project aims to tackle natural gas demand issues and improve grid reliability in India.

- **Global Renewable Energy Investments**: Significant investments in renewable energy projects worldwide, including partnerships for battery storage and carbon capture, reflect a commitment to sustainability.

- **Saudi Arabia's Natural Gas Production**: Increased focus on natural gas production to diversify energy portfolio and reduce oil dependence, addressing rising electricity demand.

- **China's Renewable Energy Growth**: Solar generation up 46% and wind by 11%, despite pricing challenges, indicating a strong push towards cleaner energy sources.

- **Carbon Capture and Storage (CCS) Initiatives**: Growing momentum in CCS projects globally, with strategic partnerships aimed at enhancing energy infrastructure and reducing emissions.

- **Regional Energy Cooperation in GCC**: Investments in renewable energy and interconnected grids among GCC countries to enhance energy security and promote sustainable practices.","Adani Group's 1,126 MW Battery Storage Project Leads India's Push for Renewable Energy Stability","Electricity supply challenges are being addressed through significant initiatives in various regions, notably by the Adani Group in India and Ghana's Energy Transition Framework. The Adani Group's ambitious Battery Energy Storage Systems (BESS) project in Khavda, Gujarat, set for completion by March 2026, will be the largest of its kind in India, with a capacity of 1,126 MW and 3,530 MWh of energy storage. This project aims to enhance grid stability, manage peak load demands, and support the integration of renewable energy, aligning with India's net-zero goals. Meanwhile, Ghana's framework targets net-zero emissions by 2070, emphasizing cleaner energy generation and the expansion of renewable sources, particularly solar, while also leveraging natural gas for baseload power. This strategic approach aims to improve energy access and sustainability, positioning Ghana as a regional energy hub. Additionally, the recent energy collaboration between India and Bhutan, highlighted by the inauguration of the 1,020-megawatt Punatsangchhu-II hydroelectric project, reflects a broader trend of regional cooperation in addressing electricity supply challenges and meeting growing energy demands sustainably.",The New Indian Express,Adani Group announces foray into Battery Energy Storage with India's largest BESS project,"The deployment will support peak load management and energy shifting, playing a critical role in decarbonizing the power sector and enhancing grid stability.",8,"Adani Group's 1,126 MW Battery Storage Project is pivotal for managing peak loads and energy shifting, crucial for decarbonizing the power sector and improving grid stability in India's renewable energy landscape.",8,New,Positive,High
2025-11-11,"- **Gas Supply Cut in Ukraine**: Complete cut-off of gas supply in Lyman highlights vulnerabilities in Ukraine's energy infrastructure amid ongoing conflict, stressing the need for resilient energy systems.

- **Natural Gas Demand Surge in North America**: Increased demand and storage constraints emphasize the critical role of natural gas storage for energy security and price stability.

- **Geopolitical Tensions Affecting LNG Supply**: Legal disputes involving Venture Global and major energy companies over LNG delivery failures amid rising prices reflect the complexities of securing reliable energy supplies.

- **Egypt's LNG Exports**: Egypt boosts LNG exports to address Europe's energy crisis exacerbated by reduced Russian supplies, enhancing regional energy security.

- **India's Renewable Energy Initiatives**: The Adani Group's 1,126 MW Battery Energy Storage System project aims to tackle natural gas demand issues and improve grid reliability in India.

- **Global Renewable Energy Investments**: Significant investments in renewable energy projects worldwide, including partnerships for battery storage and carbon capture, reflect a commitment to sustainability.

- **Saudi Arabia's Natural Gas Production**: Increased focus on natural gas production to diversify energy portfolio and reduce oil dependence, addressing rising electricity demand.

- **China's Renewable Energy Growth**: Solar generation up 46% and wind by 11%, despite pricing challenges, indicating a strong push towards cleaner energy sources.

- **Carbon Capture and Storage (CCS) Initiatives**: Growing momentum in CCS projects globally, with strategic partnerships aimed at enhancing energy infrastructure and reducing emissions.

- **Regional Energy Cooperation in GCC**: Investments in renewable energy and interconnected grids among GCC countries to enhance energy security and promote sustainable practices.","Adani Group's 1,126 MW Battery Storage Project Leads India's Push for Renewable Energy Stability","Electricity supply challenges are being addressed through significant initiatives in various regions, notably by the Adani Group in India and Ghana's Energy Transition Framework. The Adani Group's ambitious Battery Energy Storage Systems (BESS) project in Khavda, Gujarat, set for completion by March 2026, will be the largest of its kind in India, with a capacity of 1,126 MW and 3,530 MWh of energy storage. This project aims to enhance grid stability, manage peak load demands, and support the integration of renewable energy, aligning with India's net-zero goals. Meanwhile, Ghana's framework targets net-zero emissions by 2070, emphasizing cleaner energy generation and the expansion of renewable sources, particularly solar, while also leveraging natural gas for baseload power. This strategic approach aims to improve energy access and sustainability, positioning Ghana as a regional energy hub. Additionally, the recent energy collaboration between India and Bhutan, highlighted by the inauguration of the 1,020-megawatt Punatsangchhu-II hydroelectric project, reflects a broader trend of regional cooperation in addressing electricity supply challenges and meeting growing energy demands sustainably.",Devdiscourse,Adani Group Ventures into Massive Battery Storage: A Transformative Leap in India's Clean Energy Landscape,"Gautam Adani, Chairman of Adani Group, emphasized the project's significance in setting global benchmarks and promoting India's energy independence. Adani Group aims to scale its energy storage to 15 GWh by 2027, reflecting a strong commitment to sustainable infrastructure.",8,"Gautam Adani highlights the 1,126 MW Battery Storage Project as a pivotal step towards global energy benchmarks and India's energy independence, with plans to expand energy storage to 15 GWh by 2027.",8,New,Positive,High
2025-11-11,"- **Gas Supply Cut in Ukraine**: Complete cut-off of gas supply in Lyman highlights vulnerabilities in Ukraine's energy infrastructure amid ongoing conflict, stressing the need for resilient energy systems.

- **Natural Gas Demand Surge in North America**: Increased demand and storage constraints emphasize the critical role of natural gas storage for energy security and price stability.

- **Geopolitical Tensions Affecting LNG Supply**: Legal disputes involving Venture Global and major energy companies over LNG delivery failures amid rising prices reflect the complexities of securing reliable energy supplies.

- **Egypt's LNG Exports**: Egypt boosts LNG exports to address Europe's energy crisis exacerbated by reduced Russian supplies, enhancing regional energy security.

- **India's Renewable Energy Initiatives**: The Adani Group's 1,126 MW Battery Energy Storage System project aims to tackle natural gas demand issues and improve grid reliability in India.

- **Global Renewable Energy Investments**: Significant investments in renewable energy projects worldwide, including partnerships for battery storage and carbon capture, reflect a commitment to sustainability.

- **Saudi Arabia's Natural Gas Production**: Increased focus on natural gas production to diversify energy portfolio and reduce oil dependence, addressing rising electricity demand.

- **China's Renewable Energy Growth**: Solar generation up 46% and wind by 11%, despite pricing challenges, indicating a strong push towards cleaner energy sources.

- **Carbon Capture and Storage (CCS) Initiatives**: Growing momentum in CCS projects globally, with strategic partnerships aimed at enhancing energy infrastructure and reducing emissions.

- **Regional Energy Cooperation in GCC**: Investments in renewable energy and interconnected grids among GCC countries to enhance energy security and promote sustainable practices.","Adani Group's 1,126 MW Battery Storage Project Leads India's Push for Renewable Energy Stability","Electricity supply challenges are being addressed through significant initiatives in various regions, notably by the Adani Group in India and Ghana's Energy Transition Framework. The Adani Group's ambitious Battery Energy Storage Systems (BESS) project in Khavda, Gujarat, set for completion by March 2026, will be the largest of its kind in India, with a capacity of 1,126 MW and 3,530 MWh of energy storage. This project aims to enhance grid stability, manage peak load demands, and support the integration of renewable energy, aligning with India's net-zero goals. Meanwhile, Ghana's framework targets net-zero emissions by 2070, emphasizing cleaner energy generation and the expansion of renewable sources, particularly solar, while also leveraging natural gas for baseload power. This strategic approach aims to improve energy access and sustainability, positioning Ghana as a regional energy hub. Additionally, the recent energy collaboration between India and Bhutan, highlighted by the inauguration of the 1,020-megawatt Punatsangchhu-II hydroelectric project, reflects a broader trend of regional cooperation in addressing electricity supply challenges and meeting growing energy demands sustainably.",MSN,Adani Group Enters Battery Energy Storage With India's Largest Single-Site Project,"With a storage capacity of 3,530 MWh, the project can extend the 1,126 MW power output for three hours. ""Energy storage is the cornerstone of a renewable-powered future. With this historic project, we are not only setting global benchmarks but also reinforcing our commitment to India's energy independence and sustainability. This initiative will enable us to deliver reliable, clean, and affordable energy solutions at scale,"" said Gautam Adani, Chairman of Adani Group.",8,"Adani Group's 1,126 MW Battery Storage Project, with a capacity of 3,530 MWh, aims to enhance renewable energy stability in India by providing reliable energy solutions and supporting the country's energy independence.",8,New,Positive,High
2025-11-11,"- **Gas Supply Cut in Ukraine**: Complete cut-off of gas supply in Lyman highlights vulnerabilities in Ukraine's energy infrastructure amid ongoing conflict, stressing the need for resilient energy systems.

- **Natural Gas Demand Surge in North America**: Increased demand and storage constraints emphasize the critical role of natural gas storage for energy security and price stability.

- **Geopolitical Tensions Affecting LNG Supply**: Legal disputes involving Venture Global and major energy companies over LNG delivery failures amid rising prices reflect the complexities of securing reliable energy supplies.

- **Egypt's LNG Exports**: Egypt boosts LNG exports to address Europe's energy crisis exacerbated by reduced Russian supplies, enhancing regional energy security.

- **India's Renewable Energy Initiatives**: The Adani Group's 1,126 MW Battery Energy Storage System project aims to tackle natural gas demand issues and improve grid reliability in India.

- **Global Renewable Energy Investments**: Significant investments in renewable energy projects worldwide, including partnerships for battery storage and carbon capture, reflect a commitment to sustainability.

- **Saudi Arabia's Natural Gas Production**: Increased focus on natural gas production to diversify energy portfolio and reduce oil dependence, addressing rising electricity demand.

- **China's Renewable Energy Growth**: Solar generation up 46% and wind by 11%, despite pricing challenges, indicating a strong push towards cleaner energy sources.

- **Carbon Capture and Storage (CCS) Initiatives**: Growing momentum in CCS projects globally, with strategic partnerships aimed at enhancing energy infrastructure and reducing emissions.

- **Regional Energy Cooperation in GCC**: Investments in renewable energy and interconnected grids among GCC countries to enhance energy security and promote sustainable practices.","Adani Group's 1,126 MW Battery Storage Project Leads India's Push for Renewable Energy Stability","Electricity supply challenges are being addressed through significant initiatives in various regions, notably by the Adani Group in India and Ghana's Energy Transition Framework. The Adani Group's ambitious Battery Energy Storage Systems (BESS) project in Khavda, Gujarat, set for completion by March 2026, will be the largest of its kind in India, with a capacity of 1,126 MW and 3,530 MWh of energy storage. This project aims to enhance grid stability, manage peak load demands, and support the integration of renewable energy, aligning with India's net-zero goals. Meanwhile, Ghana's framework targets net-zero emissions by 2070, emphasizing cleaner energy generation and the expansion of renewable sources, particularly solar, while also leveraging natural gas for baseload power. This strategic approach aims to improve energy access and sustainability, positioning Ghana as a regional energy hub. Additionally, the recent energy collaboration between India and Bhutan, highlighted by the inauguration of the 1,020-megawatt Punatsangchhu-II hydroelectric project, reflects a broader trend of regional cooperation in addressing electricity supply challenges and meeting growing energy demands sustainably.",News24online,Adani Group enters battery energy storage sector with one of the World's Largest Single-location BESS Projects,"The Adani Group on Tuesday announced its strategic entry into the Battery Energy Storage Systems (BESS) sector with a pioneering 1126 MW / 3530 MWh project, marking one of the world's largest single-location BESS deployments and the largest in India. The project, comprising over 700 BESS containers, will be commissioned by March 2026.
According to the Group's press release, the project is a major milestone in India's renewable energy journey, strengthening energy security and ensuring a round-the-clock clean electricity supply. The initiative aims to support the country's transition to a low-carbon economy by enhancing grid reliability, easing peak load pressures, reducing transmission congestion, and mitigating solar curtailment.",8,"Adani Group's 1,126 MW Battery Storage Project, set to be commissioned by March 2026, represents a significant advancement in India's renewable energy landscape, enhancing energy security and supporting the transition to a low-carbon economy.",8,New,Positive,High
2025-11-11,"- **Gas Supply Cut in Ukraine**: Complete cut-off of gas supply in Lyman highlights vulnerabilities in Ukraine's energy infrastructure amid ongoing conflict, stressing the need for resilient energy systems.

- **Natural Gas Demand Surge in North America**: Increased demand and storage constraints emphasize the critical role of natural gas storage for energy security and price stability.

- **Geopolitical Tensions Affecting LNG Supply**: Legal disputes involving Venture Global and major energy companies over LNG delivery failures amid rising prices reflect the complexities of securing reliable energy supplies.

- **Egypt's LNG Exports**: Egypt boosts LNG exports to address Europe's energy crisis exacerbated by reduced Russian supplies, enhancing regional energy security.

- **India's Renewable Energy Initiatives**: The Adani Group's 1,126 MW Battery Energy Storage System project aims to tackle natural gas demand issues and improve grid reliability in India.

- **Global Renewable Energy Investments**: Significant investments in renewable energy projects worldwide, including partnerships for battery storage and carbon capture, reflect a commitment to sustainability.

- **Saudi Arabia's Natural Gas Production**: Increased focus on natural gas production to diversify energy portfolio and reduce oil dependence, addressing rising electricity demand.

- **China's Renewable Energy Growth**: Solar generation up 46% and wind by 11%, despite pricing challenges, indicating a strong push towards cleaner energy sources.

- **Carbon Capture and Storage (CCS) Initiatives**: Growing momentum in CCS projects globally, with strategic partnerships aimed at enhancing energy infrastructure and reducing emissions.

- **Regional Energy Cooperation in GCC**: Investments in renewable energy and interconnected grids among GCC countries to enhance energy security and promote sustainable practices.","Adani Group's 1,126 MW Battery Storage Project Leads India's Push for Renewable Energy Stability","Electricity supply challenges are being addressed through significant initiatives in various regions, notably by the Adani Group in India and Ghana's Energy Transition Framework. The Adani Group's ambitious Battery Energy Storage Systems (BESS) project in Khavda, Gujarat, set for completion by March 2026, will be the largest of its kind in India, with a capacity of 1,126 MW and 3,530 MWh of energy storage. This project aims to enhance grid stability, manage peak load demands, and support the integration of renewable energy, aligning with India's net-zero goals. Meanwhile, Ghana's framework targets net-zero emissions by 2070, emphasizing cleaner energy generation and the expansion of renewable sources, particularly solar, while also leveraging natural gas for baseload power. This strategic approach aims to improve energy access and sustainability, positioning Ghana as a regional energy hub. Additionally, the recent energy collaboration between India and Bhutan, highlighted by the inauguration of the 1,020-megawatt Punatsangchhu-II hydroelectric project, reflects a broader trend of regional cooperation in addressing electricity supply challenges and meeting growing energy demands sustainably.",News24online,Adani Group enters battery energy storage sector with one of the World's Largest Single-location BESS Projects,"With the entry into large-scale storage infrastructure, the Adani Group joins global energy leaders investing in advanced energy storage systems. The company said this marks a transformative moment in India's clean energy evolution and reinforces its position as a leader in renewable and sustainable energy development. Building on this flagship project, the Group has also unveiled an ambitious plan to expand its BESS capacity. It aims to deploy an additional 15 GWh of storage by March 2027, with a long-term target of 50 GWh within the next five years.",8,"Adani Group's 1,126 MW Battery Storage Project signifies a pivotal advancement in India's renewable energy landscape, positioning the company as a leader in energy storage with plans to expand capacity to 50 GWh by 2027.",8,New,Positive,High
2025-11-11,"- **Gas Supply Cut in Ukraine**: Complete cut-off of gas supply in Lyman highlights vulnerabilities in Ukraine's energy infrastructure amid ongoing conflict, stressing the need for resilient energy systems.

- **Natural Gas Demand Surge in North America**: Increased demand and storage constraints emphasize the critical role of natural gas storage for energy security and price stability.

- **Geopolitical Tensions Affecting LNG Supply**: Legal disputes involving Venture Global and major energy companies over LNG delivery failures amid rising prices reflect the complexities of securing reliable energy supplies.

- **Egypt's LNG Exports**: Egypt boosts LNG exports to address Europe's energy crisis exacerbated by reduced Russian supplies, enhancing regional energy security.

- **India's Renewable Energy Initiatives**: The Adani Group's 1,126 MW Battery Energy Storage System project aims to tackle natural gas demand issues and improve grid reliability in India.

- **Global Renewable Energy Investments**: Significant investments in renewable energy projects worldwide, including partnerships for battery storage and carbon capture, reflect a commitment to sustainability.

- **Saudi Arabia's Natural Gas Production**: Increased focus on natural gas production to diversify energy portfolio and reduce oil dependence, addressing rising electricity demand.

- **China's Renewable Energy Growth**: Solar generation up 46% and wind by 11%, despite pricing challenges, indicating a strong push towards cleaner energy sources.

- **Carbon Capture and Storage (CCS) Initiatives**: Growing momentum in CCS projects globally, with strategic partnerships aimed at enhancing energy infrastructure and reducing emissions.

- **Regional Energy Cooperation in GCC**: Investments in renewable energy and interconnected grids among GCC countries to enhance energy security and promote sustainable practices.",GCC Boosts Energy Security with Major Investments in Renewable Power and Interconnected Grids,"GCC Power Grid Investments are increasingly focused on enhancing regional energy security and fostering collaboration among member states. Recent initiatives include significant investments in renewable energy projects and the development of interconnected power grids to facilitate energy trade. These investments aim to diversify energy sources, reduce reliance on fossil fuels, and promote sustainable energy practices across the Gulf Cooperation Council countries. The emphasis on regional cooperation is evident in joint projects and strategic partnerships that enhance energy infrastructure, ultimately supporting economic growth and energy resilience in the region.",Hindustan Times,"PM Modi in Bhutan for 2-day visit, to inaugurate Punatsangchhu-II hydropower project","The visit will also mark another major milestone in our successful energy partnership with the inauguration of the Punatsangchhu-II hydropower project
The inauguration of the Punatsangchhu-II hydropower project will mark another ""major milestone"" in the energy partnership between India and Bhutan, Prime Minister Narendra Modi said on Tuesday as he embarked on a two-day visit to the Himalayan country.",6,"The inauguration of the Punatsangchhu-II hydropower project highlights significant advancements in energy partnerships, reflecting the GCC's commitment to enhancing energy security through renewable investments and interconnected infrastructure.",6,New,Positive,High
2025-11-11,"- **Gas Supply Cut in Ukraine**: Complete cut-off of gas supply in Lyman highlights vulnerabilities in Ukraine's energy infrastructure amid ongoing conflict, stressing the need for resilient energy systems.

- **Natural Gas Demand Surge in North America**: Increased demand and storage constraints emphasize the critical role of natural gas storage for energy security and price stability.

- **Geopolitical Tensions Affecting LNG Supply**: Legal disputes involving Venture Global and major energy companies over LNG delivery failures amid rising prices reflect the complexities of securing reliable energy supplies.

- **Egypt's LNG Exports**: Egypt boosts LNG exports to address Europe's energy crisis exacerbated by reduced Russian supplies, enhancing regional energy security.

- **India's Renewable Energy Initiatives**: The Adani Group's 1,126 MW Battery Energy Storage System project aims to tackle natural gas demand issues and improve grid reliability in India.

- **Global Renewable Energy Investments**: Significant investments in renewable energy projects worldwide, including partnerships for battery storage and carbon capture, reflect a commitment to sustainability.

- **Saudi Arabia's Natural Gas Production**: Increased focus on natural gas production to diversify energy portfolio and reduce oil dependence, addressing rising electricity demand.

- **China's Renewable Energy Growth**: Solar generation up 46% and wind by 11%, despite pricing challenges, indicating a strong push towards cleaner energy sources.

- **Carbon Capture and Storage (CCS) Initiatives**: Growing momentum in CCS projects globally, with strategic partnerships aimed at enhancing energy infrastructure and reducing emissions.

- **Regional Energy Cooperation in GCC**: Investments in renewable energy and interconnected grids among GCC countries to enhance energy security and promote sustainable practices.",GCC Boosts Energy Security with Major Investments in Renewable Power and Interconnected Grids,"GCC Power Grid Investments are increasingly focused on enhancing regional energy security and fostering collaboration among member states. Recent initiatives include significant investments in renewable energy projects and the development of interconnected power grids to facilitate energy trade. These investments aim to diversify energy sources, reduce reliance on fossil fuels, and promote sustainable energy practices across the Gulf Cooperation Council countries. The emphasis on regional cooperation is evident in joint projects and strategic partnerships that enhance energy infrastructure, ultimately supporting economic growth and energy resilience in the region.",Hindustan Times,"PM Modi in Bhutan for 2-day visit, to inaugurate Punatsangchhu-II hydropower project","""The visit will also mark another major milestone in our successful energy partnership with the inauguration of the Punatsangchhu-II hydropower project,"" Modi said in a statement, referring to the 1,020-MW power project jointly developed by the two countries.",6,The inauguration of the Punatsangchhu-II hydropower project highlights the GCC's commitment to enhancing energy security through international partnerships and renewable energy investments.,6,New,Positive,High
2025-11-11,"- **Gas Supply Cut in Ukraine**: Complete cut-off of gas supply in Lyman highlights vulnerabilities in Ukraine's energy infrastructure amid ongoing conflict, stressing the need for resilient energy systems.

- **Natural Gas Demand Surge in North America**: Increased demand and storage constraints emphasize the critical role of natural gas storage for energy security and price stability.

- **Geopolitical Tensions Affecting LNG Supply**: Legal disputes involving Venture Global and major energy companies over LNG delivery failures amid rising prices reflect the complexities of securing reliable energy supplies.

- **Egypt's LNG Exports**: Egypt boosts LNG exports to address Europe's energy crisis exacerbated by reduced Russian supplies, enhancing regional energy security.

- **India's Renewable Energy Initiatives**: The Adani Group's 1,126 MW Battery Energy Storage System project aims to tackle natural gas demand issues and improve grid reliability in India.

- **Global Renewable Energy Investments**: Significant investments in renewable energy projects worldwide, including partnerships for battery storage and carbon capture, reflect a commitment to sustainability.

- **Saudi Arabia's Natural Gas Production**: Increased focus on natural gas production to diversify energy portfolio and reduce oil dependence, addressing rising electricity demand.

- **China's Renewable Energy Growth**: Solar generation up 46% and wind by 11%, despite pricing challenges, indicating a strong push towards cleaner energy sources.

- **Carbon Capture and Storage (CCS) Initiatives**: Growing momentum in CCS projects globally, with strategic partnerships aimed at enhancing energy infrastructure and reducing emissions.

- **Regional Energy Cooperation in GCC**: Investments in renewable energy and interconnected grids among GCC countries to enhance energy security and promote sustainable practices.",GCC Boosts Energy Security with Major Investments in Renewable Power and Interconnected Grids,"GCC Power Grid Investments are increasingly focused on enhancing regional energy security and fostering collaboration among member states. Recent initiatives include significant investments in renewable energy projects and the development of interconnected power grids to facilitate energy trade. These investments aim to diversify energy sources, reduce reliance on fossil fuels, and promote sustainable energy practices across the Gulf Cooperation Council countries. The emphasis on regional cooperation is evident in joint projects and strategic partnerships that enhance energy infrastructure, ultimately supporting economic growth and energy resilience in the region.",Hindustan Times,"PM Modi in Bhutan for 2-day visit, to inaugurate Punatsangchhu-II hydropower project","India and Bhutan enjoy ""exemplary ties of friendship and cooperation"" that are rooted in deep mutual trust, understanding and goodwill, Modi said. ""Our partnership is a key pillar of our Neighbourhood First policy and a model for exemplary friendly relations between neighbouring countries,"" he said.",6,"India and Bhutan's strong partnership exemplifies regional cooperation, highlighting the importance of mutual trust in enhancing energy security and collaboration in renewable initiatives within the GCC context.",6,New,Positive,High
2025-11-11,"- **Gas Supply Cut in Ukraine**: Complete cut-off of gas supply in Lyman highlights vulnerabilities in Ukraine's energy infrastructure amid ongoing conflict, stressing the need for resilient energy systems.

- **Natural Gas Demand Surge in North America**: Increased demand and storage constraints emphasize the critical role of natural gas storage for energy security and price stability.

- **Geopolitical Tensions Affecting LNG Supply**: Legal disputes involving Venture Global and major energy companies over LNG delivery failures amid rising prices reflect the complexities of securing reliable energy supplies.

- **Egypt's LNG Exports**: Egypt boosts LNG exports to address Europe's energy crisis exacerbated by reduced Russian supplies, enhancing regional energy security.

- **India's Renewable Energy Initiatives**: The Adani Group's 1,126 MW Battery Energy Storage System project aims to tackle natural gas demand issues and improve grid reliability in India.

- **Global Renewable Energy Investments**: Significant investments in renewable energy projects worldwide, including partnerships for battery storage and carbon capture, reflect a commitment to sustainability.

- **Saudi Arabia's Natural Gas Production**: Increased focus on natural gas production to diversify energy portfolio and reduce oil dependence, addressing rising electricity demand.

- **China's Renewable Energy Growth**: Solar generation up 46% and wind by 11%, despite pricing challenges, indicating a strong push towards cleaner energy sources.

- **Carbon Capture and Storage (CCS) Initiatives**: Growing momentum in CCS projects globally, with strategic partnerships aimed at enhancing energy infrastructure and reducing emissions.

- **Regional Energy Cooperation in GCC**: Investments in renewable energy and interconnected grids among GCC countries to enhance energy security and promote sustainable practices.",GCC Boosts Energy Security with Major Investments in Renewable Power and Interconnected Grids,"GCC Power Grid Investments are increasingly focused on enhancing regional energy security and fostering collaboration among member states. Recent initiatives include significant investments in renewable energy projects and the development of interconnected power grids to facilitate energy trade. These investments aim to diversify energy sources, reduce reliance on fossil fuels, and promote sustainable energy practices across the Gulf Cooperation Council countries. The emphasis on regional cooperation is evident in joint projects and strategic partnerships that enhance energy infrastructure, ultimately supporting economic growth and energy resilience in the region.",Hindustan Times,"PM Modi in Bhutan for 2-day visit, to inaugurate Punatsangchhu-II hydropower project",The Indian government has also provided INR750 crore for Bhutan's Economic Stimulus Programme and INR100 crore as a programme grant.,6,"The Indian government's financial support for Bhutan's Economic Stimulus Programme highlights regional cooperation, which may influence GCC's energy security strategies through interconnected initiatives.",6,New,Positive,High
2025-11-11,"- **Gas Supply Cut in Ukraine**: Complete cut-off of gas supply in Lyman highlights vulnerabilities in Ukraine's energy infrastructure amid ongoing conflict, stressing the need for resilient energy systems.

- **Natural Gas Demand Surge in North America**: Increased demand and storage constraints emphasize the critical role of natural gas storage for energy security and price stability.

- **Geopolitical Tensions Affecting LNG Supply**: Legal disputes involving Venture Global and major energy companies over LNG delivery failures amid rising prices reflect the complexities of securing reliable energy supplies.

- **Egypt's LNG Exports**: Egypt boosts LNG exports to address Europe's energy crisis exacerbated by reduced Russian supplies, enhancing regional energy security.

- **India's Renewable Energy Initiatives**: The Adani Group's 1,126 MW Battery Energy Storage System project aims to tackle natural gas demand issues and improve grid reliability in India.

- **Global Renewable Energy Investments**: Significant investments in renewable energy projects worldwide, including partnerships for battery storage and carbon capture, reflect a commitment to sustainability.

- **Saudi Arabia's Natural Gas Production**: Increased focus on natural gas production to diversify energy portfolio and reduce oil dependence, addressing rising electricity demand.

- **China's Renewable Energy Growth**: Solar generation up 46% and wind by 11%, despite pricing challenges, indicating a strong push towards cleaner energy sources.

- **Carbon Capture and Storage (CCS) Initiatives**: Growing momentum in CCS projects globally, with strategic partnerships aimed at enhancing energy infrastructure and reducing emissions.

- **Regional Energy Cooperation in GCC**: Investments in renewable energy and interconnected grids among GCC countries to enhance energy security and promote sustainable practices.",GCC Boosts Energy Security with Major Investments in Renewable Power and Interconnected Grids,"GCC Power Grid Investments are increasingly focused on enhancing regional energy security and fostering collaboration among member states. Recent initiatives include significant investments in renewable energy projects and the development of interconnected power grids to facilitate energy trade. These investments aim to diversify energy sources, reduce reliance on fossil fuels, and promote sustainable energy practices across the Gulf Cooperation Council countries. The emphasis on regional cooperation is evident in joint projects and strategic partnerships that enhance energy infrastructure, ultimately supporting economic growth and energy resilience in the region.",The Times Of India,"PM Modi Leaves For Bhutan To Attend Fourth King's 70th Birthday, Says Ties Will Grow Stronger","In a landmark diplomatic visit, Prime Minister Narendra Modi arrived in Bhutan to attend the 70th birthday celebrations of the Fourth King Jigme Singye Wangchuck. During his two-day trip, Modi will meet Bhutanese leaders including King Jigme Khesar Namgyal Wangchuck and Prime Minister Tshering Tobgay. His itinerary includes attending the Global Peace Prayer Festival and inaugurating the Punatsangchhu-II hydropower project, a symbol of Indo-Bhutan energy cooperation. Before his departure, PM Modi said, ""This visit will deepen our bonds of friendship and strengthen our shared progress."" The trip underscores India's ""Neighbourhood First"" policy and highlights the spiritual and strategic dimensions of Indo-Bhutan relations.",6,"Prime Minister Modi's visit to Bhutan emphasizes regional energy cooperation and strategic partnerships, reflecting broader trends in energy security and collaboration in the GCC context.",6,New,Positive,High
2025-11-11,"- **Gas Supply Cut in Ukraine**: Complete cut-off of gas supply in Lyman highlights vulnerabilities in Ukraine's energy infrastructure amid ongoing conflict, stressing the need for resilient energy systems.

- **Natural Gas Demand Surge in North America**: Increased demand and storage constraints emphasize the critical role of natural gas storage for energy security and price stability.

- **Geopolitical Tensions Affecting LNG Supply**: Legal disputes involving Venture Global and major energy companies over LNG delivery failures amid rising prices reflect the complexities of securing reliable energy supplies.

- **Egypt's LNG Exports**: Egypt boosts LNG exports to address Europe's energy crisis exacerbated by reduced Russian supplies, enhancing regional energy security.

- **India's Renewable Energy Initiatives**: The Adani Group's 1,126 MW Battery Energy Storage System project aims to tackle natural gas demand issues and improve grid reliability in India.

- **Global Renewable Energy Investments**: Significant investments in renewable energy projects worldwide, including partnerships for battery storage and carbon capture, reflect a commitment to sustainability.

- **Saudi Arabia's Natural Gas Production**: Increased focus on natural gas production to diversify energy portfolio and reduce oil dependence, addressing rising electricity demand.

- **China's Renewable Energy Growth**: Solar generation up 46% and wind by 11%, despite pricing challenges, indicating a strong push towards cleaner energy sources.

- **Carbon Capture and Storage (CCS) Initiatives**: Growing momentum in CCS projects globally, with strategic partnerships aimed at enhancing energy infrastructure and reducing emissions.

- **Regional Energy Cooperation in GCC**: Investments in renewable energy and interconnected grids among GCC countries to enhance energy security and promote sustainable practices.",GCC Boosts Energy Security with Major Investments in Renewable Power and Interconnected Grids,"GCC Power Grid Investments are increasingly focused on enhancing regional energy security and fostering collaboration among member states. Recent initiatives include significant investments in renewable energy projects and the development of interconnected power grids to facilitate energy trade. These investments aim to diversify energy sources, reduce reliance on fossil fuels, and promote sustainable energy practices across the Gulf Cooperation Council countries. The emphasis on regional cooperation is evident in joint projects and strategic partnerships that enhance energy infrastructure, ultimately supporting economic growth and energy resilience in the region.",First India,"PM Modi arrives in Bhutan for two-day visit to attend Fourth King's 70th birthday, Global Peace Prayer Festival","India and Bhutan enjoy a time-tested partnership anchored in trust, goodwill and mutual respect. I look forward to further strengthening our close ties during this visit,"" PM Modi said in a post on X.
Prior to his departure from the national capital, PM Modi described it as an honour to join the people of Bhutan in celebrating the birthday anniversary of the Fourth King.
He also mentioned that the visit would mark a major milestone in the India-Bhutan energy partnership with the inauguration of the Punatsangchhu-II hydropower project.
""It would be my honour to join the people of Bhutan as they mark the 70th birth anniversary of His Majesty the Fourth King.",6,"PM Modi's visit to Bhutan highlights the strengthening of India-Bhutan energy ties, particularly through the inauguration of the Punatsangchhu-II hydropower project, reflecting broader regional energy security initiatives.",6,New,Positive,High
2025-11-11,"- **Gas Supply Cut in Ukraine**: Complete cut-off of gas supply in Lyman highlights vulnerabilities in Ukraine's energy infrastructure amid ongoing conflict, stressing the need for resilient energy systems.

- **Natural Gas Demand Surge in North America**: Increased demand and storage constraints emphasize the critical role of natural gas storage for energy security and price stability.

- **Geopolitical Tensions Affecting LNG Supply**: Legal disputes involving Venture Global and major energy companies over LNG delivery failures amid rising prices reflect the complexities of securing reliable energy supplies.

- **Egypt's LNG Exports**: Egypt boosts LNG exports to address Europe's energy crisis exacerbated by reduced Russian supplies, enhancing regional energy security.

- **India's Renewable Energy Initiatives**: The Adani Group's 1,126 MW Battery Energy Storage System project aims to tackle natural gas demand issues and improve grid reliability in India.

- **Global Renewable Energy Investments**: Significant investments in renewable energy projects worldwide, including partnerships for battery storage and carbon capture, reflect a commitment to sustainability.

- **Saudi Arabia's Natural Gas Production**: Increased focus on natural gas production to diversify energy portfolio and reduce oil dependence, addressing rising electricity demand.

- **China's Renewable Energy Growth**: Solar generation up 46% and wind by 11%, despite pricing challenges, indicating a strong push towards cleaner energy sources.

- **Carbon Capture and Storage (CCS) Initiatives**: Growing momentum in CCS projects globally, with strategic partnerships aimed at enhancing energy infrastructure and reducing emissions.

- **Regional Energy Cooperation in GCC**: Investments in renewable energy and interconnected grids among GCC countries to enhance energy security and promote sustainable practices.",Global Energy Transition Accelerates with Major Storage Projects Amid Investment Concerns,"Recent developments in energy storage and related initiatives highlight a global shift towards sustainable energy solutions. Masdar's partnership with JSC Uzenergosotish to create Uzbekistan's largest battery energy storage project aims to bolster grid resilience and facilitate the integration of renewable energy sources, reflecting a broader trend in Central Asia. Meanwhile, Shell's withdrawal from major offshore wind projects raises concerns about the future of renewable investments amid economic challenges, potentially impacting the UK's renewable energy targets. In Germany, Calisen Group's launch of smart metering systems through a partnership with Energy Metering Germany represents a significant investment in energy transition, enhancing grid flexibility and consumer access to low-carbon technologies. Additionally, Nigeria's efforts to reduce crude oil theft and implement the Gas Flare Commercialization Programme are pivotal for transforming its energy landscape, promoting energy security, and supporting environmental sustainability. These initiatives collectively underscore the importance of energy storage and smart technologies in advancing global energy transitions.",Benzinga,Calisen launches in Germany with EUR100 million smart metering partnership with Octopus Group's Energy Metering Germany and appointment of first Managing Director - Claus Fest,"""The deal with Energy Metering Germany represents innovation and acceleration in evolving the demand side of Germany's energy system. We are seeing suppliers across the UK innovate, tailoring energy to customers' budgets and needs - all made possible via a smart meter. This has seen huge leaps forward in the democratisation of power. UK customers can now plug in their own solar generation and even turn their electric vehicle into a supply and storage mechanism for the grid. They can also reduce their bills by accessing varying wholesale energy prices through flexible 'time of use' tariffs.",8,"Germany's partnership with Energy Metering highlights innovative advancements in energy demand management, enabling UK consumers to leverage smart technology for personalized energy solutions and cost savings, crucial for the global energy transition.",8,New,Positive,High
2025-11-11,"- **Gas Supply Cut in Ukraine**: Complete cut-off of gas supply in Lyman highlights vulnerabilities in Ukraine's energy infrastructure amid ongoing conflict, stressing the need for resilient energy systems.

- **Natural Gas Demand Surge in North America**: Increased demand and storage constraints emphasize the critical role of natural gas storage for energy security and price stability.

- **Geopolitical Tensions Affecting LNG Supply**: Legal disputes involving Venture Global and major energy companies over LNG delivery failures amid rising prices reflect the complexities of securing reliable energy supplies.

- **Egypt's LNG Exports**: Egypt boosts LNG exports to address Europe's energy crisis exacerbated by reduced Russian supplies, enhancing regional energy security.

- **India's Renewable Energy Initiatives**: The Adani Group's 1,126 MW Battery Energy Storage System project aims to tackle natural gas demand issues and improve grid reliability in India.

- **Global Renewable Energy Investments**: Significant investments in renewable energy projects worldwide, including partnerships for battery storage and carbon capture, reflect a commitment to sustainability.

- **Saudi Arabia's Natural Gas Production**: Increased focus on natural gas production to diversify energy portfolio and reduce oil dependence, addressing rising electricity demand.

- **China's Renewable Energy Growth**: Solar generation up 46% and wind by 11%, despite pricing challenges, indicating a strong push towards cleaner energy sources.

- **Carbon Capture and Storage (CCS) Initiatives**: Growing momentum in CCS projects globally, with strategic partnerships aimed at enhancing energy infrastructure and reducing emissions.

- **Regional Energy Cooperation in GCC**: Investments in renewable energy and interconnected grids among GCC countries to enhance energy security and promote sustainable practices.",Energy Sector Shifts Towards Sustainability: Schneider Electric and Egypt Lead the Charge,"Recent corporate actions in the energy sector reflect a strong focus on sustainability and infrastructure development. Schneider Electric's expansion in Tennessee aims to enhance energy resilience by manufacturing medium voltage products, supporting the demand for energy management solutions amid the rise of renewable energy. This initiative aligns with broader industry trends towards energy efficiency and job growth in the U.S. Meanwhile, Egypt's green ammonia project at El Nasr Fertilizers marks a significant step in sustainable industrial development, producing 420,000 tonnes of green ammonia annually using renewable energy, thereby reducing carbon emissions and enhancing Egypt's position in the global green energy market. Collaborations with companies like Envision Energy and Benchmark Power emphasize the importance of partnerships in advancing clean technologies. In India, the projected growth in natural gas demand necessitates robust infrastructure and secure long-term contracts to meet rising consumption, highlighting the need for strategic planning in energy supply and distribution to ensure energy security in a rapidly growing economy.",LaGrange Daily News,Schneider Electric Opens New Energy Manufacturing Facility in Middle Tennessee,"This expansion will further support Schneider Electric customers - including the nearby new Nissan Stadium - in boosting their energy resilience efforts. It will do so via this new facility by ramping up manufacturing of medium voltage products critical to enhancing energy reliability, including air-insulated switchgear, gas-insulated switchgear, and shielded solid insulation systems.
Expanding in Mt. Juliet, alongside one of the company's major R&D centers in Tennessee and facilities in Franklin and Smyrna, collectively helps to bolster Schneider Electric's ability to deliver advanced energy management technologies nationwide while strengthening U.S. job growth and supply chains. The company's Tennessee expansion also comes on the heels of Schneider Electric recently being named as the Official Energy Management Partner of the New Nissan Stadium, future home of the Tennessee Titans, and being recognized today as a Gold Military Friendly employer for 2026. This designation is awarded to organizations demonstrating strong support for Veterans through hiring, retention, advancement, and culture.",3,"Schneider Electric's expansion in Tennessee enhances energy resilience and manufacturing of critical medium voltage products, supporting sustainability efforts and job growth while partnering with the new Nissan Stadium.",3,New,Positive,High
2025-11-11,"- **Gas Supply Cut in Ukraine**: Complete cut-off of gas supply in Lyman highlights vulnerabilities in Ukraine's energy infrastructure amid ongoing conflict, stressing the need for resilient energy systems.

- **Natural Gas Demand Surge in North America**: Increased demand and storage constraints emphasize the critical role of natural gas storage for energy security and price stability.

- **Geopolitical Tensions Affecting LNG Supply**: Legal disputes involving Venture Global and major energy companies over LNG delivery failures amid rising prices reflect the complexities of securing reliable energy supplies.

- **Egypt's LNG Exports**: Egypt boosts LNG exports to address Europe's energy crisis exacerbated by reduced Russian supplies, enhancing regional energy security.

- **India's Renewable Energy Initiatives**: The Adani Group's 1,126 MW Battery Energy Storage System project aims to tackle natural gas demand issues and improve grid reliability in India.

- **Global Renewable Energy Investments**: Significant investments in renewable energy projects worldwide, including partnerships for battery storage and carbon capture, reflect a commitment to sustainability.

- **Saudi Arabia's Natural Gas Production**: Increased focus on natural gas production to diversify energy portfolio and reduce oil dependence, addressing rising electricity demand.

- **China's Renewable Energy Growth**: Solar generation up 46% and wind by 11%, despite pricing challenges, indicating a strong push towards cleaner energy sources.

- **Carbon Capture and Storage (CCS) Initiatives**: Growing momentum in CCS projects globally, with strategic partnerships aimed at enhancing energy infrastructure and reducing emissions.

- **Regional Energy Cooperation in GCC**: Investments in renewable energy and interconnected grids among GCC countries to enhance energy security and promote sustainable practices.",Global Energy Transition Accelerates with Major Storage Projects Amid Investment Concerns,"Recent developments in energy storage and related initiatives highlight a global shift towards sustainable energy solutions. Masdar's partnership with JSC Uzenergosotish to create Uzbekistan's largest battery energy storage project aims to bolster grid resilience and facilitate the integration of renewable energy sources, reflecting a broader trend in Central Asia. Meanwhile, Shell's withdrawal from major offshore wind projects raises concerns about the future of renewable investments amid economic challenges, potentially impacting the UK's renewable energy targets. In Germany, Calisen Group's launch of smart metering systems through a partnership with Energy Metering Germany represents a significant investment in energy transition, enhancing grid flexibility and consumer access to low-carbon technologies. Additionally, Nigeria's efforts to reduce crude oil theft and implement the Gas Flare Commercialization Programme are pivotal for transforming its energy landscape, promoting energy security, and supporting environmental sustainability. These initiatives collectively underscore the importance of energy storage and smart technologies in advancing global energy transitions.",Cision PR Newswire,Calisen launches in Germany with EUR100 million smart metering partnership with Octopus Group's Energy Metering Germany and appointment of first Managing Director - Claus Fest,"Under the new and pioneering Meter Services Agreement (MSA) with Energy Metering, Calisen is positioned to deploy up to EUR100 million in smart metering assets nationwide. This agreement lays the foundation for large-scale investment in intelligent metering systems (IMSys), a vital enabler of Germany's renewable integration, grid flexibility, and digital energy transformation.",8,"Calisen's EUR100 million investment in smart metering assets through a new Meter Services Agreement with Energy Metering supports Germany's renewable energy integration and digital transformation, highlighting the critical role of advanced metering in the global energy transition.",8,New,Positive,High
2025-11-11,"- **Gas Supply Cut in Ukraine**: Complete cut-off of gas supply in Lyman highlights vulnerabilities in Ukraine's energy infrastructure amid ongoing conflict, stressing the need for resilient energy systems.

- **Natural Gas Demand Surge in North America**: Increased demand and storage constraints emphasize the critical role of natural gas storage for energy security and price stability.

- **Geopolitical Tensions Affecting LNG Supply**: Legal disputes involving Venture Global and major energy companies over LNG delivery failures amid rising prices reflect the complexities of securing reliable energy supplies.

- **Egypt's LNG Exports**: Egypt boosts LNG exports to address Europe's energy crisis exacerbated by reduced Russian supplies, enhancing regional energy security.

- **India's Renewable Energy Initiatives**: The Adani Group's 1,126 MW Battery Energy Storage System project aims to tackle natural gas demand issues and improve grid reliability in India.

- **Global Renewable Energy Investments**: Significant investments in renewable energy projects worldwide, including partnerships for battery storage and carbon capture, reflect a commitment to sustainability.

- **Saudi Arabia's Natural Gas Production**: Increased focus on natural gas production to diversify energy portfolio and reduce oil dependence, addressing rising electricity demand.

- **China's Renewable Energy Growth**: Solar generation up 46% and wind by 11%, despite pricing challenges, indicating a strong push towards cleaner energy sources.

- **Carbon Capture and Storage (CCS) Initiatives**: Growing momentum in CCS projects globally, with strategic partnerships aimed at enhancing energy infrastructure and reducing emissions.

- **Regional Energy Cooperation in GCC**: Investments in renewable energy and interconnected grids among GCC countries to enhance energy security and promote sustainable practices.",Energy Sector Shifts Towards Sustainability: Schneider Electric and Egypt Lead the Charge,"Recent corporate actions in the energy sector reflect a strong focus on sustainability and infrastructure development. Schneider Electric's expansion in Tennessee aims to enhance energy resilience by manufacturing medium voltage products, supporting the demand for energy management solutions amid the rise of renewable energy. This initiative aligns with broader industry trends towards energy efficiency and job growth in the U.S. Meanwhile, Egypt's green ammonia project at El Nasr Fertilizers marks a significant step in sustainable industrial development, producing 420,000 tonnes of green ammonia annually using renewable energy, thereby reducing carbon emissions and enhancing Egypt's position in the global green energy market. Collaborations with companies like Envision Energy and Benchmark Power emphasize the importance of partnerships in advancing clean technologies. In India, the projected growth in natural gas demand necessitates robust infrastructure and secure long-term contracts to meet rising consumption, highlighting the need for strategic planning in energy supply and distribution to ensure energy security in a rapidly growing economy.",Benzinga,Schneider Electric Opens New Energy Manufacturing Facility in Middle Tennessee,"This expansion will further support Schneider Electric customers - including the nearby new Nissan Stadium - in boosting their energy resilience efforts. It will do so via this new facility by ramping up manufacturing of medium voltage products critical to enhancing energy reliability, including air-insulated switchgear, gas-insulated switchgear, and shielded solid insulation systems.
As part of the announcement, Schneider Electric showcased the milestone alongside customers, Tennessee Department of Veterans Services Commissioner Major General Tommy H. Baker, local government officials, and business leaders from the greater Nashville area. The event also honored its more than 100 U.S. veteran employees in Tennessee as part of the company's longstanding commitment to supporting new employment opportunities for U.S. veterans and former service members. It also follows Schneider Electric's launch of a new veteran hiring initiative yesterday to build a mission-ready workforce for critical facilities.",3,"Schneider Electric's new facility in Tennessee enhances energy resilience through increased manufacturing of critical medium voltage products, while also supporting veteran employment initiatives.",3,New,Positive,High
2025-11-11,"- **Gas Supply Cut in Ukraine**: Complete cut-off of gas supply in Lyman highlights vulnerabilities in Ukraine's energy infrastructure amid ongoing conflict, stressing the need for resilient energy systems.

- **Natural Gas Demand Surge in North America**: Increased demand and storage constraints emphasize the critical role of natural gas storage for energy security and price stability.

- **Geopolitical Tensions Affecting LNG Supply**: Legal disputes involving Venture Global and major energy companies over LNG delivery failures amid rising prices reflect the complexities of securing reliable energy supplies.

- **Egypt's LNG Exports**: Egypt boosts LNG exports to address Europe's energy crisis exacerbated by reduced Russian supplies, enhancing regional energy security.

- **India's Renewable Energy Initiatives**: The Adani Group's 1,126 MW Battery Energy Storage System project aims to tackle natural gas demand issues and improve grid reliability in India.

- **Global Renewable Energy Investments**: Significant investments in renewable energy projects worldwide, including partnerships for battery storage and carbon capture, reflect a commitment to sustainability.

- **Saudi Arabia's Natural Gas Production**: Increased focus on natural gas production to diversify energy portfolio and reduce oil dependence, addressing rising electricity demand.

- **China's Renewable Energy Growth**: Solar generation up 46% and wind by 11%, despite pricing challenges, indicating a strong push towards cleaner energy sources.

- **Carbon Capture and Storage (CCS) Initiatives**: Growing momentum in CCS projects globally, with strategic partnerships aimed at enhancing energy infrastructure and reducing emissions.

- **Regional Energy Cooperation in GCC**: Investments in renewable energy and interconnected grids among GCC countries to enhance energy security and promote sustainable practices.",Global Energy Transition Accelerates with Major Storage Projects Amid Investment Concerns,"Recent developments in energy storage and related initiatives highlight a global shift towards sustainable energy solutions. Masdar's partnership with JSC Uzenergosotish to create Uzbekistan's largest battery energy storage project aims to bolster grid resilience and facilitate the integration of renewable energy sources, reflecting a broader trend in Central Asia. Meanwhile, Shell's withdrawal from major offshore wind projects raises concerns about the future of renewable investments amid economic challenges, potentially impacting the UK's renewable energy targets. In Germany, Calisen Group's launch of smart metering systems through a partnership with Energy Metering Germany represents a significant investment in energy transition, enhancing grid flexibility and consumer access to low-carbon technologies. Additionally, Nigeria's efforts to reduce crude oil theft and implement the Gas Flare Commercialization Programme are pivotal for transforming its energy landscape, promoting energy security, and supporting environmental sustainability. These initiatives collectively underscore the importance of energy storage and smart technologies in advancing global energy transitions.",Benzinga,Calisen launches in Germany with EUR100 million smart metering partnership with Octopus Group's Energy Metering Germany and appointment of first Managing Director - Claus Fest,"The announcement follows the successful conclusion of a pilot scheme launched by Calisen and EMG in February 2025 under which it has installed around 10,000 smart meters to date. Today's investment sets a new standard for cooperation between Meter Point Operators (""MPOs"") and Meter Asset Providers (""MAPs""). The MSA framework is expected to serve as a blueprint for future agreements as the German market continues to evolve.",8,"Calisen and EMG's successful pilot scheme with 10,000 smart meters sets a new cooperation standard for Meter Point Operators and Meter Asset Providers, highlighting advancements in energy storage amid investment concerns.",8,New,Positive,High
2025-11-11,"- **Gas Supply Cut in Ukraine**: Complete cut-off of gas supply in Lyman highlights vulnerabilities in Ukraine's energy infrastructure amid ongoing conflict, stressing the need for resilient energy systems.

- **Natural Gas Demand Surge in North America**: Increased demand and storage constraints emphasize the critical role of natural gas storage for energy security and price stability.

- **Geopolitical Tensions Affecting LNG Supply**: Legal disputes involving Venture Global and major energy companies over LNG delivery failures amid rising prices reflect the complexities of securing reliable energy supplies.

- **Egypt's LNG Exports**: Egypt boosts LNG exports to address Europe's energy crisis exacerbated by reduced Russian supplies, enhancing regional energy security.

- **India's Renewable Energy Initiatives**: The Adani Group's 1,126 MW Battery Energy Storage System project aims to tackle natural gas demand issues and improve grid reliability in India.

- **Global Renewable Energy Investments**: Significant investments in renewable energy projects worldwide, including partnerships for battery storage and carbon capture, reflect a commitment to sustainability.

- **Saudi Arabia's Natural Gas Production**: Increased focus on natural gas production to diversify energy portfolio and reduce oil dependence, addressing rising electricity demand.

- **China's Renewable Energy Growth**: Solar generation up 46% and wind by 11%, despite pricing challenges, indicating a strong push towards cleaner energy sources.

- **Carbon Capture and Storage (CCS) Initiatives**: Growing momentum in CCS projects globally, with strategic partnerships aimed at enhancing energy infrastructure and reducing emissions.

- **Regional Energy Cooperation in GCC**: Investments in renewable energy and interconnected grids among GCC countries to enhance energy security and promote sustainable practices.",Global Energy Transition Accelerates with Major Storage Projects Amid Investment Concerns,"Recent developments in energy storage and related initiatives highlight a global shift towards sustainable energy solutions. Masdar's partnership with JSC Uzenergosotish to create Uzbekistan's largest battery energy storage project aims to bolster grid resilience and facilitate the integration of renewable energy sources, reflecting a broader trend in Central Asia. Meanwhile, Shell's withdrawal from major offshore wind projects raises concerns about the future of renewable investments amid economic challenges, potentially impacting the UK's renewable energy targets. In Germany, Calisen Group's launch of smart metering systems through a partnership with Energy Metering Germany represents a significant investment in energy transition, enhancing grid flexibility and consumer access to low-carbon technologies. Additionally, Nigeria's efforts to reduce crude oil theft and implement the Gas Flare Commercialization Programme are pivotal for transforming its energy landscape, promoting energy security, and supporting environmental sustainability. These initiatives collectively underscore the importance of energy storage and smart technologies in advancing global energy transitions.",Cision PR Newswire,Calisen launches in Germany with EUR100 million smart metering partnership with Octopus Group's Energy Metering Germany and appointment of first Managing Director - Claus Fest,"Calisen is the UK's largest meter asset provider and a full-spectrum metering services company, supporting a range of energy retailers, including Octopus Energy UK. The company pioneered the development of MAP service provision in the UK and brings deep operational and investment expertise to the German market.",8,"Calisen, a leading UK meter asset provider, enhances energy transition efforts by leveraging its expertise in metering services and expanding into the German market, amidst ongoing investment concerns.",8,New,Positive,High
2025-11-11,"- **Gas Supply Cut in Ukraine**: Complete cut-off of gas supply in Lyman highlights vulnerabilities in Ukraine's energy infrastructure amid ongoing conflict, stressing the need for resilient energy systems.

- **Natural Gas Demand Surge in North America**: Increased demand and storage constraints emphasize the critical role of natural gas storage for energy security and price stability.

- **Geopolitical Tensions Affecting LNG Supply**: Legal disputes involving Venture Global and major energy companies over LNG delivery failures amid rising prices reflect the complexities of securing reliable energy supplies.

- **Egypt's LNG Exports**: Egypt boosts LNG exports to address Europe's energy crisis exacerbated by reduced Russian supplies, enhancing regional energy security.

- **India's Renewable Energy Initiatives**: The Adani Group's 1,126 MW Battery Energy Storage System project aims to tackle natural gas demand issues and improve grid reliability in India.

- **Global Renewable Energy Investments**: Significant investments in renewable energy projects worldwide, including partnerships for battery storage and carbon capture, reflect a commitment to sustainability.

- **Saudi Arabia's Natural Gas Production**: Increased focus on natural gas production to diversify energy portfolio and reduce oil dependence, addressing rising electricity demand.

- **China's Renewable Energy Growth**: Solar generation up 46% and wind by 11%, despite pricing challenges, indicating a strong push towards cleaner energy sources.

- **Carbon Capture and Storage (CCS) Initiatives**: Growing momentum in CCS projects globally, with strategic partnerships aimed at enhancing energy infrastructure and reducing emissions.

- **Regional Energy Cooperation in GCC**: Investments in renewable energy and interconnected grids among GCC countries to enhance energy security and promote sustainable practices.",Denmark's Shift to 100% Renewable Energy Drives Natural Gas Infrastructure Expansion,"Natural Gas Infrastructure Expansion is increasingly relevant as countries transition to greener energy systems. In Denmark, the focus is shifting towards integrating Battery Energy Storage Systems (BESS) to support the electricity market's move towards 100% renewable energy by 2030. This transition necessitates the expansion of natural gas infrastructure to ensure reliable energy supply during the phase-out of conventional generation. The deployment of BESS projects, such as those planned by Nuvve, is essential for enhancing grid stability and managing the volatility associated with renewable energy sources, highlighting the interconnectedness of natural gas and renewable energy infrastructure development.",Business Wire (BW),Nuvve to Bolster Danish Grid Stability with Three New 2MW Battery Energy Storage Projects,"Capacity: Three 2MW BESS, each with a 2-hours duration. Grid Services: The BESS projects will primarily focus on providing ancillary services and energy arbitrage to the grid. Revenue Optimization: Nuvve's proprietary software platform will optimize the BESS operations by stacking and switching in real time intervals between the best grid services while managing battery degradation. Timeline: The projects are currently slated to be Ready-to-Build (RtB) in the first half of 2026 and are expected to be operational in late 2026. The combined three projects represent a $10M capital deployment which can potentially yield an internal rate of return of 25%. The Danish electricity market presents a significant opportunity for Battery Energy Storage Systems due to the push for a 100% green electricity system by 2030, the retirement of conventional generation, and increasing market volatility from expanding renewable energy sources. Nuvve has a proven history in the Danish market, including over 9 years of continuous Vehicle-to-Grid (V2G) operations with its Virtual Power Plant (VPP) that is qualified with Energinet, the Danish power system operator, for frequency regulation.",5,"Denmark's transition to 100% renewable energy by 2030 is driving the expansion of natural gas infrastructure, as evidenced by Nuvve's upcoming Battery Energy Storage Systems projects aimed at optimizing grid services and enhancing market stability amidst increasing renewable energy volatility.",5,New,Negative,High
2025-11-11,"- **Gas Supply Cut in Ukraine**: Complete cut-off of gas supply in Lyman highlights vulnerabilities in Ukraine's energy infrastructure amid ongoing conflict, stressing the need for resilient energy systems.

- **Natural Gas Demand Surge in North America**: Increased demand and storage constraints emphasize the critical role of natural gas storage for energy security and price stability.

- **Geopolitical Tensions Affecting LNG Supply**: Legal disputes involving Venture Global and major energy companies over LNG delivery failures amid rising prices reflect the complexities of securing reliable energy supplies.

- **Egypt's LNG Exports**: Egypt boosts LNG exports to address Europe's energy crisis exacerbated by reduced Russian supplies, enhancing regional energy security.

- **India's Renewable Energy Initiatives**: The Adani Group's 1,126 MW Battery Energy Storage System project aims to tackle natural gas demand issues and improve grid reliability in India.

- **Global Renewable Energy Investments**: Significant investments in renewable energy projects worldwide, including partnerships for battery storage and carbon capture, reflect a commitment to sustainability.

- **Saudi Arabia's Natural Gas Production**: Increased focus on natural gas production to diversify energy portfolio and reduce oil dependence, addressing rising electricity demand.

- **China's Renewable Energy Growth**: Solar generation up 46% and wind by 11%, despite pricing challenges, indicating a strong push towards cleaner energy sources.

- **Carbon Capture and Storage (CCS) Initiatives**: Growing momentum in CCS projects globally, with strategic partnerships aimed at enhancing energy infrastructure and reducing emissions.

- **Regional Energy Cooperation in GCC**: Investments in renewable energy and interconnected grids among GCC countries to enhance energy security and promote sustainable practices.",Global Energy Transition Accelerates with Major Storage Projects Amid Investment Concerns,"Recent developments in energy storage and related initiatives highlight a global shift towards sustainable energy solutions. Masdar's partnership with JSC Uzenergosotish to create Uzbekistan's largest battery energy storage project aims to bolster grid resilience and facilitate the integration of renewable energy sources, reflecting a broader trend in Central Asia. Meanwhile, Shell's withdrawal from major offshore wind projects raises concerns about the future of renewable investments amid economic challenges, potentially impacting the UK's renewable energy targets. In Germany, Calisen Group's launch of smart metering systems through a partnership with Energy Metering Germany represents a significant investment in energy transition, enhancing grid flexibility and consumer access to low-carbon technologies. Additionally, Nigeria's efforts to reduce crude oil theft and implement the Gas Flare Commercialization Programme are pivotal for transforming its energy landscape, promoting energy security, and supporting environmental sustainability. These initiatives collectively underscore the importance of energy storage and smart technologies in advancing global energy transitions.",Cision PR Newswire,Calisen launches in Germany with EUR100 million smart metering partnership with Octopus Group's Energy Metering Germany and appointment of first Managing Director - Claus Fest,"""Smart meters supplied in our partnership model - where we finance and install - offers consumers speedy access to this critical tool. This deal opens up a whole new energy world for German consumers.""",8,"The partnership model for smart meter installation enhances consumer access to energy management tools, supporting the acceleration of the global energy transition in Germany.",8,New,Positive,High
2025-11-11,"- **Gas Supply Cut in Ukraine**: Complete cut-off of gas supply in Lyman highlights vulnerabilities in Ukraine's energy infrastructure amid ongoing conflict, stressing the need for resilient energy systems.

- **Natural Gas Demand Surge in North America**: Increased demand and storage constraints emphasize the critical role of natural gas storage for energy security and price stability.

- **Geopolitical Tensions Affecting LNG Supply**: Legal disputes involving Venture Global and major energy companies over LNG delivery failures amid rising prices reflect the complexities of securing reliable energy supplies.

- **Egypt's LNG Exports**: Egypt boosts LNG exports to address Europe's energy crisis exacerbated by reduced Russian supplies, enhancing regional energy security.

- **India's Renewable Energy Initiatives**: The Adani Group's 1,126 MW Battery Energy Storage System project aims to tackle natural gas demand issues and improve grid reliability in India.

- **Global Renewable Energy Investments**: Significant investments in renewable energy projects worldwide, including partnerships for battery storage and carbon capture, reflect a commitment to sustainability.

- **Saudi Arabia's Natural Gas Production**: Increased focus on natural gas production to diversify energy portfolio and reduce oil dependence, addressing rising electricity demand.

- **China's Renewable Energy Growth**: Solar generation up 46% and wind by 11%, despite pricing challenges, indicating a strong push towards cleaner energy sources.

- **Carbon Capture and Storage (CCS) Initiatives**: Growing momentum in CCS projects globally, with strategic partnerships aimed at enhancing energy infrastructure and reducing emissions.

- **Regional Energy Cooperation in GCC**: Investments in renewable energy and interconnected grids among GCC countries to enhance energy security and promote sustainable practices.",Global Energy Transition Accelerates with Major Storage Projects Amid Investment Concerns,"Recent developments in energy storage and related initiatives highlight a global shift towards sustainable energy solutions. Masdar's partnership with JSC Uzenergosotish to create Uzbekistan's largest battery energy storage project aims to bolster grid resilience and facilitate the integration of renewable energy sources, reflecting a broader trend in Central Asia. Meanwhile, Shell's withdrawal from major offshore wind projects raises concerns about the future of renewable investments amid economic challenges, potentially impacting the UK's renewable energy targets. In Germany, Calisen Group's launch of smart metering systems through a partnership with Energy Metering Germany represents a significant investment in energy transition, enhancing grid flexibility and consumer access to low-carbon technologies. Additionally, Nigeria's efforts to reduce crude oil theft and implement the Gas Flare Commercialization Programme are pivotal for transforming its energy landscape, promoting energy security, and supporting environmental sustainability. These initiatives collectively underscore the importance of energy storage and smart technologies in advancing global energy transitions.",Cision PR Newswire,CWP Energy and KfW IPEX-Bank Close £400m Financing for One of UK's Largest Onshore Wind Farms,"""We are very pleased to once again accompany our valued long-standing client CWP Energy, and proudly contribute our financing to this landmark project,' said Dr Velibor Marjanovic, Member of the Management Board of KfW IPEX-Bank. ""Once again, we are emphasising our commitment to driving forward the energy transition in Europe.""
CWP Energy is committed to delivering significant community benefits, including funding for local services and environmental projects. Sanquhar II offers long-term economic and social investment , supporting jobs, local businesses, contributing over £200 million to local councils and communities over its 40-year lifespan.",8,"CWP Energy's Sanquhar II project, supported by KfW IPEX-Bank, exemplifies the accelerating global energy transition through major storage initiatives, while also addressing local economic and environmental needs amid investment challenges.",8,New,Positive,High
2025-11-11,"- **Gas Supply Cut in Ukraine**: Complete cut-off of gas supply in Lyman highlights vulnerabilities in Ukraine's energy infrastructure amid ongoing conflict, stressing the need for resilient energy systems.

- **Natural Gas Demand Surge in North America**: Increased demand and storage constraints emphasize the critical role of natural gas storage for energy security and price stability.

- **Geopolitical Tensions Affecting LNG Supply**: Legal disputes involving Venture Global and major energy companies over LNG delivery failures amid rising prices reflect the complexities of securing reliable energy supplies.

- **Egypt's LNG Exports**: Egypt boosts LNG exports to address Europe's energy crisis exacerbated by reduced Russian supplies, enhancing regional energy security.

- **India's Renewable Energy Initiatives**: The Adani Group's 1,126 MW Battery Energy Storage System project aims to tackle natural gas demand issues and improve grid reliability in India.

- **Global Renewable Energy Investments**: Significant investments in renewable energy projects worldwide, including partnerships for battery storage and carbon capture, reflect a commitment to sustainability.

- **Saudi Arabia's Natural Gas Production**: Increased focus on natural gas production to diversify energy portfolio and reduce oil dependence, addressing rising electricity demand.

- **China's Renewable Energy Growth**: Solar generation up 46% and wind by 11%, despite pricing challenges, indicating a strong push towards cleaner energy sources.

- **Carbon Capture and Storage (CCS) Initiatives**: Growing momentum in CCS projects globally, with strategic partnerships aimed at enhancing energy infrastructure and reducing emissions.

- **Regional Energy Cooperation in GCC**: Investments in renewable energy and interconnected grids among GCC countries to enhance energy security and promote sustainable practices.",AI-Driven Innovations in Energy Management: £400 Million Boost for Sanquhar II Wind Farm,"The integration of AI in energy management is poised to significantly influence energy demand patterns. By optimizing energy consumption and enhancing the efficiency of renewable energy projects, AI technologies can lead to reduced energy costs and improved energy security. For instance, the recent financing of the Sanquhar II Wind Farm in the UK, which utilizes advanced turbine technology, exemplifies how AI can facilitate the development of sustainable energy infrastructure. This project, backed by a £400 million investment from KfW IPEX-Bank, underscores the role of international partnerships in advancing renewable energy initiatives, ultimately contributing to a shift towards greener energy solutions and a more sustainable energy future.",Cision PR Newswire,CWP Energy and KfW IPEX-Bank Close £400m Financing for One of UK's Largest Onshore Wind Farms,"LONDON, Nov. 11, 2025 /PRNewswire/ -- CWP Energy is proud to announce it has reached financial close on the Sanquhar II Wind Farm, with German development finance provider KfW IPEX-Bank, marking a major international investment milestone for the UK's largest onshore renewable energy project this year.
With financing now secured for the £400 million development located in Southern Scotland, Sanquhar II will feature 44 state-of-the-art Vestas V162 EnVentus turbines. This makes it the fourth-largest onshore wind farm in the UK and the first in Scotland to deploy this next-generation turbine technology.",4,"CWP Energy secures £400 million financing for the Sanquhar II Wind Farm, featuring advanced Vestas V162 turbines, marking a significant step in AI-driven innovations in energy management and the UK's renewable energy landscape.",4,New,Positive,Medium
2025-11-11,"- **Gas Supply Cut in Ukraine**: Complete cut-off of gas supply in Lyman highlights vulnerabilities in Ukraine's energy infrastructure amid ongoing conflict, stressing the need for resilient energy systems.

- **Natural Gas Demand Surge in North America**: Increased demand and storage constraints emphasize the critical role of natural gas storage for energy security and price stability.

- **Geopolitical Tensions Affecting LNG Supply**: Legal disputes involving Venture Global and major energy companies over LNG delivery failures amid rising prices reflect the complexities of securing reliable energy supplies.

- **Egypt's LNG Exports**: Egypt boosts LNG exports to address Europe's energy crisis exacerbated by reduced Russian supplies, enhancing regional energy security.

- **India's Renewable Energy Initiatives**: The Adani Group's 1,126 MW Battery Energy Storage System project aims to tackle natural gas demand issues and improve grid reliability in India.

- **Global Renewable Energy Investments**: Significant investments in renewable energy projects worldwide, including partnerships for battery storage and carbon capture, reflect a commitment to sustainability.

- **Saudi Arabia's Natural Gas Production**: Increased focus on natural gas production to diversify energy portfolio and reduce oil dependence, addressing rising electricity demand.

- **China's Renewable Energy Growth**: Solar generation up 46% and wind by 11%, despite pricing challenges, indicating a strong push towards cleaner energy sources.

- **Carbon Capture and Storage (CCS) Initiatives**: Growing momentum in CCS projects globally, with strategic partnerships aimed at enhancing energy infrastructure and reducing emissions.

- **Regional Energy Cooperation in GCC**: Investments in renewable energy and interconnected grids among GCC countries to enhance energy security and promote sustainable practices.",AI-Driven Innovations in Energy Management: £400 Million Boost for Sanquhar II Wind Farm,"The integration of AI in energy management is poised to significantly influence energy demand patterns. By optimizing energy consumption and enhancing the efficiency of renewable energy projects, AI technologies can lead to reduced energy costs and improved energy security. For instance, the recent financing of the Sanquhar II Wind Farm in the UK, which utilizes advanced turbine technology, exemplifies how AI can facilitate the development of sustainable energy infrastructure. This project, backed by a £400 million investment from KfW IPEX-Bank, underscores the role of international partnerships in advancing renewable energy initiatives, ultimately contributing to a shift towards greener energy solutions and a more sustainable energy future.",Cision PR Newswire,CWP Energy and KfW IPEX-Bank Close £400m Financing for One of UK's Largest Onshore Wind Farms,"Rod Wood MBE, Managing Director of CWP Energy, commented: 
""We're delighted to strengthen our long-standing partnership with KfW IPEX-Bank to deliver one of the UK's most significant renewable energy projects. This £400 million Sanquhar II development offers both low-cost green energy to consumers and plays a vital role in significantly contributing to energy security.""
KfW IPEX-Bank acted as the sole debt provider for the project, continuing its longstanding partnership with CWP Energy. This marks the eighth successful collaboration between the two organisations. KfW IPEX-Bank has previously financed seven operational wind farms developed by CWP Energy, representing a combined capacity exceeding 305 MW and utilising both Vestas and Siemens turbines.",4,"CWP Energy and KfW IPEX-Bank's £400 million Sanquhar II Wind Farm project exemplifies AI-driven innovations in energy management, enhancing renewable energy supply and bolstering energy security in the UK.",4,New,Positive,Medium
2025-11-11,"- **Gas Supply Cut in Ukraine**: Complete cut-off of gas supply in Lyman highlights vulnerabilities in Ukraine's energy infrastructure amid ongoing conflict, stressing the need for resilient energy systems.

- **Natural Gas Demand Surge in North America**: Increased demand and storage constraints emphasize the critical role of natural gas storage for energy security and price stability.

- **Geopolitical Tensions Affecting LNG Supply**: Legal disputes involving Venture Global and major energy companies over LNG delivery failures amid rising prices reflect the complexities of securing reliable energy supplies.

- **Egypt's LNG Exports**: Egypt boosts LNG exports to address Europe's energy crisis exacerbated by reduced Russian supplies, enhancing regional energy security.

- **India's Renewable Energy Initiatives**: The Adani Group's 1,126 MW Battery Energy Storage System project aims to tackle natural gas demand issues and improve grid reliability in India.

- **Global Renewable Energy Investments**: Significant investments in renewable energy projects worldwide, including partnerships for battery storage and carbon capture, reflect a commitment to sustainability.

- **Saudi Arabia's Natural Gas Production**: Increased focus on natural gas production to diversify energy portfolio and reduce oil dependence, addressing rising electricity demand.

- **China's Renewable Energy Growth**: Solar generation up 46% and wind by 11%, despite pricing challenges, indicating a strong push towards cleaner energy sources.

- **Carbon Capture and Storage (CCS) Initiatives**: Growing momentum in CCS projects globally, with strategic partnerships aimed at enhancing energy infrastructure and reducing emissions.

- **Regional Energy Cooperation in GCC**: Investments in renewable energy and interconnected grids among GCC countries to enhance energy security and promote sustainable practices.",AI-Driven Innovations in Energy Management: £400 Million Boost for Sanquhar II Wind Farm,"The integration of AI in energy management is poised to significantly influence energy demand patterns. By optimizing energy consumption and enhancing the efficiency of renewable energy projects, AI technologies can lead to reduced energy costs and improved energy security. For instance, the recent financing of the Sanquhar II Wind Farm in the UK, which utilizes advanced turbine technology, exemplifies how AI can facilitate the development of sustainable energy infrastructure. This project, backed by a £400 million investment from KfW IPEX-Bank, underscores the role of international partnerships in advancing renewable energy initiatives, ultimately contributing to a shift towards greener energy solutions and a more sustainable energy future.",Cision PR Newswire,CWP Energy and KfW IPEX-Bank Close £400m Financing for One of UK's Largest Onshore Wind Farms,"About CWP Energy 
CWP Energy is a leading UK-based renewable energy company specialising in the development, construction, and operation of onshore wind farms. With a proven track record in clean energy delivery and a strong focus on sustainability and community benefit, CWP Energy is at the forefront of the UK's transition to a low-carbon future.",4,"CWP Energy, a prominent UK renewable energy firm, is pivotal in advancing the UK's low-carbon transition through its expertise in developing and operating onshore wind farms, aligning with the £400 million investment in the Sanquhar II Wind Farm.",4,New,Positive,Medium
2025-11-11,"- **Gas Supply Cut in Ukraine**: Complete cut-off of gas supply in Lyman highlights vulnerabilities in Ukraine's energy infrastructure amid ongoing conflict, stressing the need for resilient energy systems.

- **Natural Gas Demand Surge in North America**: Increased demand and storage constraints emphasize the critical role of natural gas storage for energy security and price stability.

- **Geopolitical Tensions Affecting LNG Supply**: Legal disputes involving Venture Global and major energy companies over LNG delivery failures amid rising prices reflect the complexities of securing reliable energy supplies.

- **Egypt's LNG Exports**: Egypt boosts LNG exports to address Europe's energy crisis exacerbated by reduced Russian supplies, enhancing regional energy security.

- **India's Renewable Energy Initiatives**: The Adani Group's 1,126 MW Battery Energy Storage System project aims to tackle natural gas demand issues and improve grid reliability in India.

- **Global Renewable Energy Investments**: Significant investments in renewable energy projects worldwide, including partnerships for battery storage and carbon capture, reflect a commitment to sustainability.

- **Saudi Arabia's Natural Gas Production**: Increased focus on natural gas production to diversify energy portfolio and reduce oil dependence, addressing rising electricity demand.

- **China's Renewable Energy Growth**: Solar generation up 46% and wind by 11%, despite pricing challenges, indicating a strong push towards cleaner energy sources.

- **Carbon Capture and Storage (CCS) Initiatives**: Growing momentum in CCS projects globally, with strategic partnerships aimed at enhancing energy infrastructure and reducing emissions.

- **Regional Energy Cooperation in GCC**: Investments in renewable energy and interconnected grids among GCC countries to enhance energy security and promote sustainable practices.",AI-Driven Innovations in Energy Management: £400 Million Boost for Sanquhar II Wind Farm,"The integration of AI in energy management is poised to significantly influence energy demand patterns. By optimizing energy consumption and enhancing the efficiency of renewable energy projects, AI technologies can lead to reduced energy costs and improved energy security. For instance, the recent financing of the Sanquhar II Wind Farm in the UK, which utilizes advanced turbine technology, exemplifies how AI can facilitate the development of sustainable energy infrastructure. This project, backed by a £400 million investment from KfW IPEX-Bank, underscores the role of international partnerships in advancing renewable energy initiatives, ultimately contributing to a shift towards greener energy solutions and a more sustainable energy future.",Cision PR Newswire,CWP Energy and KfW IPEX-Bank Close £400m Financing for One of UK's Largest Onshore Wind Farms,"About KfW IPEX-Bank 
KfW IPEX-Bank is a leading international project and export finance bank headquartered in Germany. The bank supports global infrastructure, energy, and environmental initiatives by providing innovative and sustainable financing solutions aligned with the goals of the German and European economies.",4,"KfW IPEX-Bank plays a crucial role in financing sustainable energy projects like the Sanquhar II Wind Farm, contributing to AI-driven innovations in energy management with a £400 million investment.",4,New,Positive,Medium
2025-11-11,"- **Gas Supply Cut in Ukraine**: Complete cut-off of gas supply in Lyman highlights vulnerabilities in Ukraine's energy infrastructure amid ongoing conflict, stressing the need for resilient energy systems.

- **Natural Gas Demand Surge in North America**: Increased demand and storage constraints emphasize the critical role of natural gas storage for energy security and price stability.

- **Geopolitical Tensions Affecting LNG Supply**: Legal disputes involving Venture Global and major energy companies over LNG delivery failures amid rising prices reflect the complexities of securing reliable energy supplies.

- **Egypt's LNG Exports**: Egypt boosts LNG exports to address Europe's energy crisis exacerbated by reduced Russian supplies, enhancing regional energy security.

- **India's Renewable Energy Initiatives**: The Adani Group's 1,126 MW Battery Energy Storage System project aims to tackle natural gas demand issues and improve grid reliability in India.

- **Global Renewable Energy Investments**: Significant investments in renewable energy projects worldwide, including partnerships for battery storage and carbon capture, reflect a commitment to sustainability.

- **Saudi Arabia's Natural Gas Production**: Increased focus on natural gas production to diversify energy portfolio and reduce oil dependence, addressing rising electricity demand.

- **China's Renewable Energy Growth**: Solar generation up 46% and wind by 11%, despite pricing challenges, indicating a strong push towards cleaner energy sources.

- **Carbon Capture and Storage (CCS) Initiatives**: Growing momentum in CCS projects globally, with strategic partnerships aimed at enhancing energy infrastructure and reducing emissions.

- **Regional Energy Cooperation in GCC**: Investments in renewable energy and interconnected grids among GCC countries to enhance energy security and promote sustainable practices.",Venture Global's LNG Delivery Failures Spark Legal Battles Amid Rising Energy Market Volatility,"The recent legal challenges faced by Venture Global highlight the complexities within the energy sector, particularly in the context of Distributed Energy Resources (DER). As companies like Shell and BP engage in arbitration against Venture Global for failing to deliver liquefied natural gas (LNG) under long-term contracts, the situation underscores the volatility of energy markets influenced by geopolitical events, such as the Ukraine conflict. The high demand for LNG has led to significant price increases, prompting Venture Global to prioritize spot market sales over contractual obligations, raising concerns about market practices and the integrity of long-term agreements. This scenario reflects broader trends in the energy landscape, where the balance between traditional energy contracts and the emerging dynamics of distributed energy resources is increasingly critical.",BNN Bloomberg,Shell challenges Venture Global arbitration decision in New York Supreme Court,Both arbitration cases were over Venture Global's failure to deliver liquefied natural gas under long-term contracts while selling on the spot market as prices soared after the outbreak of the war in Ukraine.,6,Venture Global faces arbitration due to its failure to fulfill long-term LNG contracts while capitalizing on high spot market prices amid the Ukraine conflict.,6,New,Negative,High
2025-11-11,"- **Gas Supply Cut in Ukraine**: Complete cut-off of gas supply in Lyman highlights vulnerabilities in Ukraine's energy infrastructure amid ongoing conflict, stressing the need for resilient energy systems.

- **Natural Gas Demand Surge in North America**: Increased demand and storage constraints emphasize the critical role of natural gas storage for energy security and price stability.

- **Geopolitical Tensions Affecting LNG Supply**: Legal disputes involving Venture Global and major energy companies over LNG delivery failures amid rising prices reflect the complexities of securing reliable energy supplies.

- **Egypt's LNG Exports**: Egypt boosts LNG exports to address Europe's energy crisis exacerbated by reduced Russian supplies, enhancing regional energy security.

- **India's Renewable Energy Initiatives**: The Adani Group's 1,126 MW Battery Energy Storage System project aims to tackle natural gas demand issues and improve grid reliability in India.

- **Global Renewable Energy Investments**: Significant investments in renewable energy projects worldwide, including partnerships for battery storage and carbon capture, reflect a commitment to sustainability.

- **Saudi Arabia's Natural Gas Production**: Increased focus on natural gas production to diversify energy portfolio and reduce oil dependence, addressing rising electricity demand.

- **China's Renewable Energy Growth**: Solar generation up 46% and wind by 11%, despite pricing challenges, indicating a strong push towards cleaner energy sources.

- **Carbon Capture and Storage (CCS) Initiatives**: Growing momentum in CCS projects globally, with strategic partnerships aimed at enhancing energy infrastructure and reducing emissions.

- **Regional Energy Cooperation in GCC**: Investments in renewable energy and interconnected grids among GCC countries to enhance energy security and promote sustainable practices.",Venture Global's LNG Delivery Failures Spark Legal Battles Amid Rising Energy Market Volatility,"The recent legal challenges faced by Venture Global highlight the complexities within the energy sector, particularly in the context of Distributed Energy Resources (DER). As companies like Shell and BP engage in arbitration against Venture Global for failing to deliver liquefied natural gas (LNG) under long-term contracts, the situation underscores the volatility of energy markets influenced by geopolitical events, such as the Ukraine conflict. The high demand for LNG has led to significant price increases, prompting Venture Global to prioritize spot market sales over contractual obligations, raising concerns about market practices and the integrity of long-term agreements. This scenario reflects broader trends in the energy landscape, where the balance between traditional energy contracts and the emerging dynamics of distributed energy resources is increasingly critical.",BNN Bloomberg,Shell challenges Venture Global arbitration decision in New York Supreme Court,"Crucial documents not disclosed
Shell and other firms including BP, Edison and Galp filed arbitration claims starting in 2023.
They accused Venture Global of profiting from the sale of LNG on the spot market while not providing the firms with their cargoes agreed under long-term contracts from the Calcasieu Pass export facility in Louisiana.",6,"Shell, BP, Edison, and Galp have initiated arbitration against Venture Global for failing to deliver LNG cargoes as per long-term contracts, while the company allegedly profited from spot market sales amid rising energy market volatility.",6,New,Negative,High
2025-11-11,"- **Gas Supply Cut in Ukraine**: Complete cut-off of gas supply in Lyman highlights vulnerabilities in Ukraine's energy infrastructure amid ongoing conflict, stressing the need for resilient energy systems.

- **Natural Gas Demand Surge in North America**: Increased demand and storage constraints emphasize the critical role of natural gas storage for energy security and price stability.

- **Geopolitical Tensions Affecting LNG Supply**: Legal disputes involving Venture Global and major energy companies over LNG delivery failures amid rising prices reflect the complexities of securing reliable energy supplies.

- **Egypt's LNG Exports**: Egypt boosts LNG exports to address Europe's energy crisis exacerbated by reduced Russian supplies, enhancing regional energy security.

- **India's Renewable Energy Initiatives**: The Adani Group's 1,126 MW Battery Energy Storage System project aims to tackle natural gas demand issues and improve grid reliability in India.

- **Global Renewable Energy Investments**: Significant investments in renewable energy projects worldwide, including partnerships for battery storage and carbon capture, reflect a commitment to sustainability.

- **Saudi Arabia's Natural Gas Production**: Increased focus on natural gas production to diversify energy portfolio and reduce oil dependence, addressing rising electricity demand.

- **China's Renewable Energy Growth**: Solar generation up 46% and wind by 11%, despite pricing challenges, indicating a strong push towards cleaner energy sources.

- **Carbon Capture and Storage (CCS) Initiatives**: Growing momentum in CCS projects globally, with strategic partnerships aimed at enhancing energy infrastructure and reducing emissions.

- **Regional Energy Cooperation in GCC**: Investments in renewable energy and interconnected grids among GCC countries to enhance energy security and promote sustainable practices.",Venture Global's LNG Delivery Failures Spark Legal Battles Amid Rising Energy Market Volatility,"The recent legal challenges faced by Venture Global highlight the complexities within the energy sector, particularly in the context of Distributed Energy Resources (DER). As companies like Shell and BP engage in arbitration against Venture Global for failing to deliver liquefied natural gas (LNG) under long-term contracts, the situation underscores the volatility of energy markets influenced by geopolitical events, such as the Ukraine conflict. The high demand for LNG has led to significant price increases, prompting Venture Global to prioritize spot market sales over contractual obligations, raising concerns about market practices and the integrity of long-term agreements. This scenario reflects broader trends in the energy landscape, where the balance between traditional energy contracts and the emerging dynamics of distributed energy resources is increasingly critical.",BNN Bloomberg,Shell challenges Venture Global arbitration decision in New York Supreme Court,"LONDON - Shell has challenged its defeat in an arbitration case against U.S. liquefied natural gas producer Venture Global in the New York Supreme Court, a legal filing seen by Reuters shows, weeks after rival BP won a similar US$1 billion-plus arbitration.",6,"Shell contests an arbitration loss to Venture Global in New York, highlighting escalating legal disputes amid volatile LNG market conditions.",6,New,Negative,High
2025-11-11,"- **Gas Supply Cut in Ukraine**: Complete cut-off of gas supply in Lyman highlights vulnerabilities in Ukraine's energy infrastructure amid ongoing conflict, stressing the need for resilient energy systems.

- **Natural Gas Demand Surge in North America**: Increased demand and storage constraints emphasize the critical role of natural gas storage for energy security and price stability.

- **Geopolitical Tensions Affecting LNG Supply**: Legal disputes involving Venture Global and major energy companies over LNG delivery failures amid rising prices reflect the complexities of securing reliable energy supplies.

- **Egypt's LNG Exports**: Egypt boosts LNG exports to address Europe's energy crisis exacerbated by reduced Russian supplies, enhancing regional energy security.

- **India's Renewable Energy Initiatives**: The Adani Group's 1,126 MW Battery Energy Storage System project aims to tackle natural gas demand issues and improve grid reliability in India.

- **Global Renewable Energy Investments**: Significant investments in renewable energy projects worldwide, including partnerships for battery storage and carbon capture, reflect a commitment to sustainability.

- **Saudi Arabia's Natural Gas Production**: Increased focus on natural gas production to diversify energy portfolio and reduce oil dependence, addressing rising electricity demand.

- **China's Renewable Energy Growth**: Solar generation up 46% and wind by 11%, despite pricing challenges, indicating a strong push towards cleaner energy sources.

- **Carbon Capture and Storage (CCS) Initiatives**: Growing momentum in CCS projects globally, with strategic partnerships aimed at enhancing energy infrastructure and reducing emissions.

- **Regional Energy Cooperation in GCC**: Investments in renewable energy and interconnected grids among GCC countries to enhance energy security and promote sustainable practices.",Venture Global's LNG Delivery Failures Spark Legal Battles Amid Rising Energy Market Volatility,"The recent legal challenges faced by Venture Global highlight the complexities within the energy sector, particularly in the context of Distributed Energy Resources (DER). As companies like Shell and BP engage in arbitration against Venture Global for failing to deliver liquefied natural gas (LNG) under long-term contracts, the situation underscores the volatility of energy markets influenced by geopolitical events, such as the Ukraine conflict. The high demand for LNG has led to significant price increases, prompting Venture Global to prioritize spot market sales over contractual obligations, raising concerns about market practices and the integrity of long-term agreements. This scenario reflects broader trends in the energy landscape, where the balance between traditional energy contracts and the emerging dynamics of distributed energy resources is increasingly critical.",ShareCast,Shell challenges Venture Global arbitration ruling in NY Supreme Court - report,"Shell and other firms including BP, Edison, and Galp filed claims starting in 2023. They accused Venture Global of profiting from the sale of LNG on the spot market while not providing the firms with their cargoes agreed under long-term contracts from the Calcasieu Pass export facility in Louisiana.",6,"Shell, BP, Edison, and Galp have initiated legal claims against Venture Global for failing to deliver LNG cargoes as per long-term contracts, while the company capitalizes on higher spot market prices amid increasing energy market volatility.",6,New,Negative,High
2025-11-11,"- **Gas Supply Cut in Ukraine**: Complete cut-off of gas supply in Lyman highlights vulnerabilities in Ukraine's energy infrastructure amid ongoing conflict, stressing the need for resilient energy systems.

- **Natural Gas Demand Surge in North America**: Increased demand and storage constraints emphasize the critical role of natural gas storage for energy security and price stability.

- **Geopolitical Tensions Affecting LNG Supply**: Legal disputes involving Venture Global and major energy companies over LNG delivery failures amid rising prices reflect the complexities of securing reliable energy supplies.

- **Egypt's LNG Exports**: Egypt boosts LNG exports to address Europe's energy crisis exacerbated by reduced Russian supplies, enhancing regional energy security.

- **India's Renewable Energy Initiatives**: The Adani Group's 1,126 MW Battery Energy Storage System project aims to tackle natural gas demand issues and improve grid reliability in India.

- **Global Renewable Energy Investments**: Significant investments in renewable energy projects worldwide, including partnerships for battery storage and carbon capture, reflect a commitment to sustainability.

- **Saudi Arabia's Natural Gas Production**: Increased focus on natural gas production to diversify energy portfolio and reduce oil dependence, addressing rising electricity demand.

- **China's Renewable Energy Growth**: Solar generation up 46% and wind by 11%, despite pricing challenges, indicating a strong push towards cleaner energy sources.

- **Carbon Capture and Storage (CCS) Initiatives**: Growing momentum in CCS projects globally, with strategic partnerships aimed at enhancing energy infrastructure and reducing emissions.

- **Regional Energy Cooperation in GCC**: Investments in renewable energy and interconnected grids among GCC countries to enhance energy security and promote sustainable practices.",Adani Group's 1126 MW Investment in Battery Storage Boosts India's Lithium Battery Manufacturing,"The Adani Group's recent investment in Battery Energy Storage Systems (BESS) with a substantial 1126 MW / 3530 MWh project signifies a pivotal advancement in India's lithium battery manufacturing sector. This initiative aims to enhance energy resilience by stabilizing the grid and managing peak loads, thereby facilitating the transition to renewable energy sources. The integration of advanced lithium-ion technology is crucial for ensuring a reliable energy supply, reflecting a growing trend in the energy industry towards adopting storage solutions that complement renewable generation. As demand for clean energy solutions escalates, such investments underscore the importance of lithium battery manufacturing in supporting sustainable energy infrastructure.",The Economic Times,Adani plans India's biggest battery storage in Gujarat,"The storage system, based on advanced lithium-ion battery technology, will be capable of delivering 1126 MW for about three hours, helping stabilise the grid, manage peak loads, and support round-the-clock renewable energy supply.",3,Adani Group's 1126 MW investment in advanced lithium-ion battery storage enhances grid stability and supports continuous renewable energy supply in India.,3,New,Positive,Medium
2025-11-11,"- **Gas Supply Cut in Ukraine**: Complete cut-off of gas supply in Lyman highlights vulnerabilities in Ukraine's energy infrastructure amid ongoing conflict, stressing the need for resilient energy systems.

- **Natural Gas Demand Surge in North America**: Increased demand and storage constraints emphasize the critical role of natural gas storage for energy security and price stability.

- **Geopolitical Tensions Affecting LNG Supply**: Legal disputes involving Venture Global and major energy companies over LNG delivery failures amid rising prices reflect the complexities of securing reliable energy supplies.

- **Egypt's LNG Exports**: Egypt boosts LNG exports to address Europe's energy crisis exacerbated by reduced Russian supplies, enhancing regional energy security.

- **India's Renewable Energy Initiatives**: The Adani Group's 1,126 MW Battery Energy Storage System project aims to tackle natural gas demand issues and improve grid reliability in India.

- **Global Renewable Energy Investments**: Significant investments in renewable energy projects worldwide, including partnerships for battery storage and carbon capture, reflect a commitment to sustainability.

- **Saudi Arabia's Natural Gas Production**: Increased focus on natural gas production to diversify energy portfolio and reduce oil dependence, addressing rising electricity demand.

- **China's Renewable Energy Growth**: Solar generation up 46% and wind by 11%, despite pricing challenges, indicating a strong push towards cleaner energy sources.

- **Carbon Capture and Storage (CCS) Initiatives**: Growing momentum in CCS projects globally, with strategic partnerships aimed at enhancing energy infrastructure and reducing emissions.

- **Regional Energy Cooperation in GCC**: Investments in renewable energy and interconnected grids among GCC countries to enhance energy security and promote sustainable practices.",Venture Global's LNG Delivery Failures Spark Legal Battles Amid Rising Energy Market Volatility,"The recent legal challenges faced by Venture Global highlight the complexities within the energy sector, particularly in the context of Distributed Energy Resources (DER). As companies like Shell and BP engage in arbitration against Venture Global for failing to deliver liquefied natural gas (LNG) under long-term contracts, the situation underscores the volatility of energy markets influenced by geopolitical events, such as the Ukraine conflict. The high demand for LNG has led to significant price increases, prompting Venture Global to prioritize spot market sales over contractual obligations, raising concerns about market practices and the integrity of long-term agreements. This scenario reflects broader trends in the energy landscape, where the balance between traditional energy contracts and the emerging dynamics of distributed energy resources is increasingly critical.",ShareCast,Shell challenges Venture Global arbitration ruling in NY Supreme Court - report,"Shell has challenged its defeat in an arbitration case against US liquefied natural gas producer Venture Global in the New York Supreme Court weeks after rival BP won a similar $1bn-plus arbitration, the Reuters news agency reported on Tuesday.",6,"Shell contests an arbitration loss to Venture Global in New York, highlighting ongoing legal disputes amid rising energy market volatility following BP's recent arbitration success.",6,New,Negative,High
2025-11-11,"- **Gas Supply Cut in Ukraine**: Complete cut-off of gas supply in Lyman highlights vulnerabilities in Ukraine's energy infrastructure amid ongoing conflict, stressing the need for resilient energy systems.

- **Natural Gas Demand Surge in North America**: Increased demand and storage constraints emphasize the critical role of natural gas storage for energy security and price stability.

- **Geopolitical Tensions Affecting LNG Supply**: Legal disputes involving Venture Global and major energy companies over LNG delivery failures amid rising prices reflect the complexities of securing reliable energy supplies.

- **Egypt's LNG Exports**: Egypt boosts LNG exports to address Europe's energy crisis exacerbated by reduced Russian supplies, enhancing regional energy security.

- **India's Renewable Energy Initiatives**: The Adani Group's 1,126 MW Battery Energy Storage System project aims to tackle natural gas demand issues and improve grid reliability in India.

- **Global Renewable Energy Investments**: Significant investments in renewable energy projects worldwide, including partnerships for battery storage and carbon capture, reflect a commitment to sustainability.

- **Saudi Arabia's Natural Gas Production**: Increased focus on natural gas production to diversify energy portfolio and reduce oil dependence, addressing rising electricity demand.

- **China's Renewable Energy Growth**: Solar generation up 46% and wind by 11%, despite pricing challenges, indicating a strong push towards cleaner energy sources.

- **Carbon Capture and Storage (CCS) Initiatives**: Growing momentum in CCS projects globally, with strategic partnerships aimed at enhancing energy infrastructure and reducing emissions.

- **Regional Energy Cooperation in GCC**: Investments in renewable energy and interconnected grids among GCC countries to enhance energy security and promote sustainable practices.",Energy Sector Shifts Towards Sustainability: Schneider Electric and Egypt Lead the Charge,"Recent corporate actions in the energy sector reflect a strong focus on sustainability and infrastructure development. Schneider Electric's expansion in Tennessee aims to enhance energy resilience by manufacturing medium voltage products, supporting the demand for energy management solutions amid the rise of renewable energy. This initiative aligns with broader industry trends towards energy efficiency and job growth in the U.S. Meanwhile, Egypt's green ammonia project at El Nasr Fertilizers marks a significant step in sustainable industrial development, producing 420,000 tonnes of green ammonia annually using renewable energy, thereby reducing carbon emissions and enhancing Egypt's position in the global green energy market. Collaborations with companies like Envision Energy and Benchmark Power emphasize the importance of partnerships in advancing clean technologies. In India, the projected growth in natural gas demand necessitates robust infrastructure and secure long-term contracts to meet rising consumption, highlighting the need for strategic planning in energy supply and distribution to ensure energy security in a rapidly growing economy.",Business Standard,"Restore APM allocation for CNG sector, include gas under GST regime: Panel","The panel added that India's rising dependence on imported regasified liquefied natural gas (RLNG) calls for secure long-term contracts, diversified supply sources, and an efficient import and distribution infrastructure.",5,"India's reliance on imported RLNG highlights the need for secure contracts and improved infrastructure, reflecting broader trends in the energy sector's shift towards sustainability.",5,New,Positive,High
2025-11-11,"- **Gas Supply Cut in Ukraine**: Complete cut-off of gas supply in Lyman highlights vulnerabilities in Ukraine's energy infrastructure amid ongoing conflict, stressing the need for resilient energy systems.

- **Natural Gas Demand Surge in North America**: Increased demand and storage constraints emphasize the critical role of natural gas storage for energy security and price stability.

- **Geopolitical Tensions Affecting LNG Supply**: Legal disputes involving Venture Global and major energy companies over LNG delivery failures amid rising prices reflect the complexities of securing reliable energy supplies.

- **Egypt's LNG Exports**: Egypt boosts LNG exports to address Europe's energy crisis exacerbated by reduced Russian supplies, enhancing regional energy security.

- **India's Renewable Energy Initiatives**: The Adani Group's 1,126 MW Battery Energy Storage System project aims to tackle natural gas demand issues and improve grid reliability in India.

- **Global Renewable Energy Investments**: Significant investments in renewable energy projects worldwide, including partnerships for battery storage and carbon capture, reflect a commitment to sustainability.

- **Saudi Arabia's Natural Gas Production**: Increased focus on natural gas production to diversify energy portfolio and reduce oil dependence, addressing rising electricity demand.

- **China's Renewable Energy Growth**: Solar generation up 46% and wind by 11%, despite pricing challenges, indicating a strong push towards cleaner energy sources.

- **Carbon Capture and Storage (CCS) Initiatives**: Growing momentum in CCS projects globally, with strategic partnerships aimed at enhancing energy infrastructure and reducing emissions.

- **Regional Energy Cooperation in GCC**: Investments in renewable energy and interconnected grids among GCC countries to enhance energy security and promote sustainable practices.",Energy Sector Shifts Towards Sustainability: Schneider Electric and Egypt Lead the Charge,"Recent corporate actions in the energy sector reflect a strong focus on sustainability and infrastructure development. Schneider Electric's expansion in Tennessee aims to enhance energy resilience by manufacturing medium voltage products, supporting the demand for energy management solutions amid the rise of renewable energy. This initiative aligns with broader industry trends towards energy efficiency and job growth in the U.S. Meanwhile, Egypt's green ammonia project at El Nasr Fertilizers marks a significant step in sustainable industrial development, producing 420,000 tonnes of green ammonia annually using renewable energy, thereby reducing carbon emissions and enhancing Egypt's position in the global green energy market. Collaborations with companies like Envision Energy and Benchmark Power emphasize the importance of partnerships in advancing clean technologies. In India, the projected growth in natural gas demand necessitates robust infrastructure and secure long-term contracts to meet rising consumption, highlighting the need for strategic planning in energy supply and distribution to ensure energy security in a rapidly growing economy.",Business Standard,"Restore APM allocation for CNG sector, include gas under GST regime: Panel","What challenges does India's gas market face?
The committee pointed out that the share of the CGD sector in India's total gas consumption has plateaued in recent years, signalling the need for sustained infrastructure expansion, demand aggregation, and regulatory alignment to unlock the sector's full potential.",5,"India's gas market faces challenges such as stagnant CGD sector consumption, necessitating infrastructure growth and regulatory improvements to enhance sustainability efforts.",5,New,Positive,High
2025-11-11,"- **Gas Supply Cut in Ukraine**: Complete cut-off of gas supply in Lyman highlights vulnerabilities in Ukraine's energy infrastructure amid ongoing conflict, stressing the need for resilient energy systems.

- **Natural Gas Demand Surge in North America**: Increased demand and storage constraints emphasize the critical role of natural gas storage for energy security and price stability.

- **Geopolitical Tensions Affecting LNG Supply**: Legal disputes involving Venture Global and major energy companies over LNG delivery failures amid rising prices reflect the complexities of securing reliable energy supplies.

- **Egypt's LNG Exports**: Egypt boosts LNG exports to address Europe's energy crisis exacerbated by reduced Russian supplies, enhancing regional energy security.

- **India's Renewable Energy Initiatives**: The Adani Group's 1,126 MW Battery Energy Storage System project aims to tackle natural gas demand issues and improve grid reliability in India.

- **Global Renewable Energy Investments**: Significant investments in renewable energy projects worldwide, including partnerships for battery storage and carbon capture, reflect a commitment to sustainability.

- **Saudi Arabia's Natural Gas Production**: Increased focus on natural gas production to diversify energy portfolio and reduce oil dependence, addressing rising electricity demand.

- **China's Renewable Energy Growth**: Solar generation up 46% and wind by 11%, despite pricing challenges, indicating a strong push towards cleaner energy sources.

- **Carbon Capture and Storage (CCS) Initiatives**: Growing momentum in CCS projects globally, with strategic partnerships aimed at enhancing energy infrastructure and reducing emissions.

- **Regional Energy Cooperation in GCC**: Investments in renewable energy and interconnected grids among GCC countries to enhance energy security and promote sustainable practices.",Energy Sector Shifts Towards Sustainability: Schneider Electric and Egypt Lead the Charge,"Recent corporate actions in the energy sector reflect a strong focus on sustainability and infrastructure development. Schneider Electric's expansion in Tennessee aims to enhance energy resilience by manufacturing medium voltage products, supporting the demand for energy management solutions amid the rise of renewable energy. This initiative aligns with broader industry trends towards energy efficiency and job growth in the U.S. Meanwhile, Egypt's green ammonia project at El Nasr Fertilizers marks a significant step in sustainable industrial development, producing 420,000 tonnes of green ammonia annually using renewable energy, thereby reducing carbon emissions and enhancing Egypt's position in the global green energy market. Collaborations with companies like Envision Energy and Benchmark Power emphasize the importance of partnerships in advancing clean technologies. In India, the projected growth in natural gas demand necessitates robust infrastructure and secure long-term contracts to meet rising consumption, highlighting the need for strategic planning in energy supply and distribution to ensure energy security in a rapidly growing economy.",Business Standard,"Restore APM allocation for CNG sector, include gas under GST regime: Panel","India's natural gas demand is projected to grow from approximately 260-300 million metric standard cubic metres per day (MMSCMD) in 2030 to 365-500 MMSCMD by 2040, while domestic gas production is expected to reach around 120 MMSCMD in the near term, it noted.",5,"India's natural gas demand is set to significantly increase by 2040, highlighting a shift towards sustainable energy sources amid global trends led by companies like Schneider Electric and initiatives in Egypt.",5,New,Positive,High
2025-11-11,"- **Gas Supply Cut in Ukraine**: Complete cut-off of gas supply in Lyman highlights vulnerabilities in Ukraine's energy infrastructure amid ongoing conflict, stressing the need for resilient energy systems.

- **Natural Gas Demand Surge in North America**: Increased demand and storage constraints emphasize the critical role of natural gas storage for energy security and price stability.

- **Geopolitical Tensions Affecting LNG Supply**: Legal disputes involving Venture Global and major energy companies over LNG delivery failures amid rising prices reflect the complexities of securing reliable energy supplies.

- **Egypt's LNG Exports**: Egypt boosts LNG exports to address Europe's energy crisis exacerbated by reduced Russian supplies, enhancing regional energy security.

- **India's Renewable Energy Initiatives**: The Adani Group's 1,126 MW Battery Energy Storage System project aims to tackle natural gas demand issues and improve grid reliability in India.

- **Global Renewable Energy Investments**: Significant investments in renewable energy projects worldwide, including partnerships for battery storage and carbon capture, reflect a commitment to sustainability.

- **Saudi Arabia's Natural Gas Production**: Increased focus on natural gas production to diversify energy portfolio and reduce oil dependence, addressing rising electricity demand.

- **China's Renewable Energy Growth**: Solar generation up 46% and wind by 11%, despite pricing challenges, indicating a strong push towards cleaner energy sources.

- **Carbon Capture and Storage (CCS) Initiatives**: Growing momentum in CCS projects globally, with strategic partnerships aimed at enhancing energy infrastructure and reducing emissions.

- **Regional Energy Cooperation in GCC**: Investments in renewable energy and interconnected grids among GCC countries to enhance energy security and promote sustainable practices.",Energy Sector Shifts Towards Sustainability: Schneider Electric and Egypt Lead the Charge,"Recent corporate actions in the energy sector reflect a strong focus on sustainability and infrastructure development. Schneider Electric's expansion in Tennessee aims to enhance energy resilience by manufacturing medium voltage products, supporting the demand for energy management solutions amid the rise of renewable energy. This initiative aligns with broader industry trends towards energy efficiency and job growth in the U.S. Meanwhile, Egypt's green ammonia project at El Nasr Fertilizers marks a significant step in sustainable industrial development, producing 420,000 tonnes of green ammonia annually using renewable energy, thereby reducing carbon emissions and enhancing Egypt's position in the global green energy market. Collaborations with companies like Envision Energy and Benchmark Power emphasize the importance of partnerships in advancing clean technologies. In India, the projected growth in natural gas demand necessitates robust infrastructure and secure long-term contracts to meet rising consumption, highlighting the need for strategic planning in energy supply and distribution to ensure energy security in a rapidly growing economy.",Business Standard,"Restore APM allocation for CNG sector, include gas under GST regime: Panel","Recommending a slew of measures, the committee said compressed natural gas (CNG) should be recognised as a cleaner fuel under the vehicle scrappage policy, alongside electric vehicles (EVs) and hydrogen, while allocation of cheaper Administered Price Mechanism (APM) gas should be restored for the CNG segment.",5,"The committee advocates for recognizing compressed natural gas (CNG) as a cleaner fuel in vehicle scrappage policies, alongside electric vehicles and hydrogen, highlighting a shift towards sustainable energy solutions in the transportation sector.",5,New,Positive,High
2025-11-11,"- **Gas Supply Cut in Ukraine**: Complete cut-off of gas supply in Lyman highlights vulnerabilities in Ukraine's energy infrastructure amid ongoing conflict, stressing the need for resilient energy systems.

- **Natural Gas Demand Surge in North America**: Increased demand and storage constraints emphasize the critical role of natural gas storage for energy security and price stability.

- **Geopolitical Tensions Affecting LNG Supply**: Legal disputes involving Venture Global and major energy companies over LNG delivery failures amid rising prices reflect the complexities of securing reliable energy supplies.

- **Egypt's LNG Exports**: Egypt boosts LNG exports to address Europe's energy crisis exacerbated by reduced Russian supplies, enhancing regional energy security.

- **India's Renewable Energy Initiatives**: The Adani Group's 1,126 MW Battery Energy Storage System project aims to tackle natural gas demand issues and improve grid reliability in India.

- **Global Renewable Energy Investments**: Significant investments in renewable energy projects worldwide, including partnerships for battery storage and carbon capture, reflect a commitment to sustainability.

- **Saudi Arabia's Natural Gas Production**: Increased focus on natural gas production to diversify energy portfolio and reduce oil dependence, addressing rising electricity demand.

- **China's Renewable Energy Growth**: Solar generation up 46% and wind by 11%, despite pricing challenges, indicating a strong push towards cleaner energy sources.

- **Carbon Capture and Storage (CCS) Initiatives**: Growing momentum in CCS projects globally, with strategic partnerships aimed at enhancing energy infrastructure and reducing emissions.

- **Regional Energy Cooperation in GCC**: Investments in renewable energy and interconnected grids among GCC countries to enhance energy security and promote sustainable practices.",Energy Sector Shifts Towards Sustainability: Schneider Electric and Egypt Lead the Charge,"Recent corporate actions in the energy sector reflect a strong focus on sustainability and infrastructure development. Schneider Electric's expansion in Tennessee aims to enhance energy resilience by manufacturing medium voltage products, supporting the demand for energy management solutions amid the rise of renewable energy. This initiative aligns with broader industry trends towards energy efficiency and job growth in the U.S. Meanwhile, Egypt's green ammonia project at El Nasr Fertilizers marks a significant step in sustainable industrial development, producing 420,000 tonnes of green ammonia annually using renewable energy, thereby reducing carbon emissions and enhancing Egypt's position in the global green energy market. Collaborations with companies like Envision Energy and Benchmark Power emphasize the importance of partnerships in advancing clean technologies. In India, the projected growth in natural gas demand necessitates robust infrastructure and secure long-term contracts to meet rising consumption, highlighting the need for strategic planning in energy supply and distribution to ensure energy security in a rapidly growing economy.",The Maravi Post,"""Malawi to receive 3.2 million litres of fuel this week""-Energy Minister Mathanga tells Parliament",LILONGWE-(MaraviPost)-Malawi is expected to receive 92 fuel trucks carrying over 3.2 million litres of fuel a development which President Peter Mutharika's government says will help ease the country's persistent fuel shortages and stabilise the national energy supply chain.,5,"Malawi's receipt of 92 fuel trucks to alleviate fuel shortages highlights the ongoing challenges in energy supply chains, contrasting with global shifts towards sustainable energy solutions led by companies like Schneider Electric and initiatives in Egypt.",5,New,Positive,High
2025-11-11,"- **Gas Supply Cut in Ukraine**: Complete cut-off of gas supply in Lyman highlights vulnerabilities in Ukraine's energy infrastructure amid ongoing conflict, stressing the need for resilient energy systems.

- **Natural Gas Demand Surge in North America**: Increased demand and storage constraints emphasize the critical role of natural gas storage for energy security and price stability.

- **Geopolitical Tensions Affecting LNG Supply**: Legal disputes involving Venture Global and major energy companies over LNG delivery failures amid rising prices reflect the complexities of securing reliable energy supplies.

- **Egypt's LNG Exports**: Egypt boosts LNG exports to address Europe's energy crisis exacerbated by reduced Russian supplies, enhancing regional energy security.

- **India's Renewable Energy Initiatives**: The Adani Group's 1,126 MW Battery Energy Storage System project aims to tackle natural gas demand issues and improve grid reliability in India.

- **Global Renewable Energy Investments**: Significant investments in renewable energy projects worldwide, including partnerships for battery storage and carbon capture, reflect a commitment to sustainability.

- **Saudi Arabia's Natural Gas Production**: Increased focus on natural gas production to diversify energy portfolio and reduce oil dependence, addressing rising electricity demand.

- **China's Renewable Energy Growth**: Solar generation up 46% and wind by 11%, despite pricing challenges, indicating a strong push towards cleaner energy sources.

- **Carbon Capture and Storage (CCS) Initiatives**: Growing momentum in CCS projects globally, with strategic partnerships aimed at enhancing energy infrastructure and reducing emissions.

- **Regional Energy Cooperation in GCC**: Investments in renewable energy and interconnected grids among GCC countries to enhance energy security and promote sustainable practices.",Denmark's Shift to 100% Renewable Energy Drives Natural Gas Infrastructure Expansion,"Natural Gas Infrastructure Expansion is increasingly relevant as countries transition to greener energy systems. In Denmark, the focus is shifting towards integrating Battery Energy Storage Systems (BESS) to support the electricity market's move towards 100% renewable energy by 2030. This transition necessitates the expansion of natural gas infrastructure to ensure reliable energy supply during the phase-out of conventional generation. The deployment of BESS projects, such as those planned by Nuvve, is essential for enhancing grid stability and managing the volatility associated with renewable energy sources, highlighting the interconnectedness of natural gas and renewable energy infrastructure development.",Benzinga,Nuvve to Bolster Danish Grid Stability with Three New 2MW Battery Energy Storage Projects,"The Danish electricity market presents a significant opportunity for Battery Energy Storage Systems due to the push for a 100% green electricity system by 2030, the retirement of conventional generation, and increasing market volatility from expanding renewable energy sources. Nuvve has a proven history in the Danish market, including over 9 years of continuous Vehicle-to-Grid (V2G) operations with its Virtual Power Plant (VPP) that is qualified with Energinet, the Danish power system operator, for frequency regulation.",5,"Denmark's transition to a 100% renewable energy system by 2030 creates a demand for Battery Energy Storage Systems, highlighting the need for enhanced natural gas infrastructure amid the retirement of conventional generation and increased market volatility.",5,New,Negative,High
2025-11-11,"- **Gas Supply Cut in Ukraine**: Complete cut-off of gas supply in Lyman highlights vulnerabilities in Ukraine's energy infrastructure amid ongoing conflict, stressing the need for resilient energy systems.

- **Natural Gas Demand Surge in North America**: Increased demand and storage constraints emphasize the critical role of natural gas storage for energy security and price stability.

- **Geopolitical Tensions Affecting LNG Supply**: Legal disputes involving Venture Global and major energy companies over LNG delivery failures amid rising prices reflect the complexities of securing reliable energy supplies.

- **Egypt's LNG Exports**: Egypt boosts LNG exports to address Europe's energy crisis exacerbated by reduced Russian supplies, enhancing regional energy security.

- **India's Renewable Energy Initiatives**: The Adani Group's 1,126 MW Battery Energy Storage System project aims to tackle natural gas demand issues and improve grid reliability in India.

- **Global Renewable Energy Investments**: Significant investments in renewable energy projects worldwide, including partnerships for battery storage and carbon capture, reflect a commitment to sustainability.

- **Saudi Arabia's Natural Gas Production**: Increased focus on natural gas production to diversify energy portfolio and reduce oil dependence, addressing rising electricity demand.

- **China's Renewable Energy Growth**: Solar generation up 46% and wind by 11%, despite pricing challenges, indicating a strong push towards cleaner energy sources.

- **Carbon Capture and Storage (CCS) Initiatives**: Growing momentum in CCS projects globally, with strategic partnerships aimed at enhancing energy infrastructure and reducing emissions.

- **Regional Energy Cooperation in GCC**: Investments in renewable energy and interconnected grids among GCC countries to enhance energy security and promote sustainable practices.",Denmark's Shift to 100% Renewable Energy Drives Natural Gas Infrastructure Expansion,"Natural Gas Infrastructure Expansion is increasingly relevant as countries transition to greener energy systems. In Denmark, the focus is shifting towards integrating Battery Energy Storage Systems (BESS) to support the electricity market's move towards 100% renewable energy by 2030. This transition necessitates the expansion of natural gas infrastructure to ensure reliable energy supply during the phase-out of conventional generation. The deployment of BESS projects, such as those planned by Nuvve, is essential for enhancing grid stability and managing the volatility associated with renewable energy sources, highlighting the interconnectedness of natural gas and renewable energy infrastructure development.",Benzinga,Nuvve to Bolster Danish Grid Stability with Three New 2MW Battery Energy Storage Projects,"Nuvve is adding three battery deployments in Denmark with a of 6MW capacity
Nuvve Denmark ApS, a subsidiary of Nuvve Holding Corp. (NASDAQ:NVVE), a global leader in distributed grid assets management and vehicle-to-grid (V2G) technology, announced today its plans to develop three 2MW Battery Energy Storage System (BESS) projects in Eastern Denmark.
The projects, totaling 6MW of power capacity, are strategically located in Helsingør (one site) and Ringsted (two sites) on the island of Zealand.",5,Nuvve's development of 6MW battery energy storage projects in Eastern Denmark supports the country's transition to renewable energy by enhancing grid stability and complementing natural gas infrastructure expansion.,5,New,Negative,High
2025-11-11,"- **Gas Supply Cut in Ukraine**: Complete cut-off of gas supply in Lyman highlights vulnerabilities in Ukraine's energy infrastructure amid ongoing conflict, stressing the need for resilient energy systems.

- **Natural Gas Demand Surge in North America**: Increased demand and storage constraints emphasize the critical role of natural gas storage for energy security and price stability.

- **Geopolitical Tensions Affecting LNG Supply**: Legal disputes involving Venture Global and major energy companies over LNG delivery failures amid rising prices reflect the complexities of securing reliable energy supplies.

- **Egypt's LNG Exports**: Egypt boosts LNG exports to address Europe's energy crisis exacerbated by reduced Russian supplies, enhancing regional energy security.

- **India's Renewable Energy Initiatives**: The Adani Group's 1,126 MW Battery Energy Storage System project aims to tackle natural gas demand issues and improve grid reliability in India.

- **Global Renewable Energy Investments**: Significant investments in renewable energy projects worldwide, including partnerships for battery storage and carbon capture, reflect a commitment to sustainability.

- **Saudi Arabia's Natural Gas Production**: Increased focus on natural gas production to diversify energy portfolio and reduce oil dependence, addressing rising electricity demand.

- **China's Renewable Energy Growth**: Solar generation up 46% and wind by 11%, despite pricing challenges, indicating a strong push towards cleaner energy sources.

- **Carbon Capture and Storage (CCS) Initiatives**: Growing momentum in CCS projects globally, with strategic partnerships aimed at enhancing energy infrastructure and reducing emissions.

- **Regional Energy Cooperation in GCC**: Investments in renewable energy and interconnected grids among GCC countries to enhance energy security and promote sustainable practices.",Denmark's Shift to 100% Renewable Energy Drives Natural Gas Infrastructure Expansion,"Natural Gas Infrastructure Expansion is increasingly relevant as countries transition to greener energy systems. In Denmark, the focus is shifting towards integrating Battery Energy Storage Systems (BESS) to support the electricity market's move towards 100% renewable energy by 2030. This transition necessitates the expansion of natural gas infrastructure to ensure reliable energy supply during the phase-out of conventional generation. The deployment of BESS projects, such as those planned by Nuvve, is essential for enhancing grid stability and managing the volatility associated with renewable energy sources, highlighting the interconnectedness of natural gas and renewable energy infrastructure development.",Benzinga,"Nuvve To Deploy 6MW Of Battery Storage Across Three Sites In Denmark, Supporting Grid Services","The Danish electricity market presents a significant opportunity for Battery Energy Storage Systems due to the push for a 100% green electricity system by 2030, the retirement of conventional generation, and increasing market volatility from expanding renewable energy sources. Nuvve has a proven history in the Danish market, including over 9 years of continuous Vehicle-to-Grid (V2G) operations with its Virtual Power Plant (VPP) that is qualified with Energinet, the Danish power system operator, for frequency regulation.",5,"Denmark's transition to a 100% renewable energy system by 2030 creates a demand for Battery Energy Storage Systems, highlighting the need for enhanced natural gas infrastructure amid the retirement of conventional generation and increased market volatility.",5,New,Negative,High
2025-11-11,"- **Gas Supply Cut in Ukraine**: Complete cut-off of gas supply in Lyman highlights vulnerabilities in Ukraine's energy infrastructure amid ongoing conflict, stressing the need for resilient energy systems.

- **Natural Gas Demand Surge in North America**: Increased demand and storage constraints emphasize the critical role of natural gas storage for energy security and price stability.

- **Geopolitical Tensions Affecting LNG Supply**: Legal disputes involving Venture Global and major energy companies over LNG delivery failures amid rising prices reflect the complexities of securing reliable energy supplies.

- **Egypt's LNG Exports**: Egypt boosts LNG exports to address Europe's energy crisis exacerbated by reduced Russian supplies, enhancing regional energy security.

- **India's Renewable Energy Initiatives**: The Adani Group's 1,126 MW Battery Energy Storage System project aims to tackle natural gas demand issues and improve grid reliability in India.

- **Global Renewable Energy Investments**: Significant investments in renewable energy projects worldwide, including partnerships for battery storage and carbon capture, reflect a commitment to sustainability.

- **Saudi Arabia's Natural Gas Production**: Increased focus on natural gas production to diversify energy portfolio and reduce oil dependence, addressing rising electricity demand.

- **China's Renewable Energy Growth**: Solar generation up 46% and wind by 11%, despite pricing challenges, indicating a strong push towards cleaner energy sources.

- **Carbon Capture and Storage (CCS) Initiatives**: Growing momentum in CCS projects globally, with strategic partnerships aimed at enhancing energy infrastructure and reducing emissions.

- **Regional Energy Cooperation in GCC**: Investments in renewable energy and interconnected grids among GCC countries to enhance energy security and promote sustainable practices.",Denmark's Shift to 100% Renewable Energy Drives Natural Gas Infrastructure Expansion,"Natural Gas Infrastructure Expansion is increasingly relevant as countries transition to greener energy systems. In Denmark, the focus is shifting towards integrating Battery Energy Storage Systems (BESS) to support the electricity market's move towards 100% renewable energy by 2030. This transition necessitates the expansion of natural gas infrastructure to ensure reliable energy supply during the phase-out of conventional generation. The deployment of BESS projects, such as those planned by Nuvve, is essential for enhancing grid stability and managing the volatility associated with renewable energy sources, highlighting the interconnectedness of natural gas and renewable energy infrastructure development.",Benzinga,"Nuvve To Deploy 6MW Of Battery Storage Across Three Sites In Denmark, Supporting Grid Services","Capacity: Three 2MW BESS, each with a 2-hours duration.
Grid Services: The BESS projects will primarily focus on providing ancillary services and energy arbitrage to the grid.
Revenue Optimization: Nuvve's proprietary software platform will optimize the BESS operations by stacking and switching in real time intervals between the best grid services while managing battery degradation.
Timeline: The projects are currently slated to be Ready-to-Build (RtB) in the first half of 2026 and are expected to be operational in late 2026.
The combined three projects represent a $10M capital deployment which can potentially yield an internal rate of return of 25%.",5,"Denmark's investment in three 2MW Battery Energy Storage Systems (BESS) by Nuvve, aimed at enhancing grid services and optimizing revenue, underscores the country's commitment to renewable energy while expanding its natural gas infrastructure.",5,New,Negative,High
2025-11-11,"- **Gas Supply Cut in Ukraine**: Complete cut-off of gas supply in Lyman highlights vulnerabilities in Ukraine's energy infrastructure amid ongoing conflict, stressing the need for resilient energy systems.

- **Natural Gas Demand Surge in North America**: Increased demand and storage constraints emphasize the critical role of natural gas storage for energy security and price stability.

- **Geopolitical Tensions Affecting LNG Supply**: Legal disputes involving Venture Global and major energy companies over LNG delivery failures amid rising prices reflect the complexities of securing reliable energy supplies.

- **Egypt's LNG Exports**: Egypt boosts LNG exports to address Europe's energy crisis exacerbated by reduced Russian supplies, enhancing regional energy security.

- **India's Renewable Energy Initiatives**: The Adani Group's 1,126 MW Battery Energy Storage System project aims to tackle natural gas demand issues and improve grid reliability in India.

- **Global Renewable Energy Investments**: Significant investments in renewable energy projects worldwide, including partnerships for battery storage and carbon capture, reflect a commitment to sustainability.

- **Saudi Arabia's Natural Gas Production**: Increased focus on natural gas production to diversify energy portfolio and reduce oil dependence, addressing rising electricity demand.

- **China's Renewable Energy Growth**: Solar generation up 46% and wind by 11%, despite pricing challenges, indicating a strong push towards cleaner energy sources.

- **Carbon Capture and Storage (CCS) Initiatives**: Growing momentum in CCS projects globally, with strategic partnerships aimed at enhancing energy infrastructure and reducing emissions.

- **Regional Energy Cooperation in GCC**: Investments in renewable energy and interconnected grids among GCC countries to enhance energy security and promote sustainable practices.",Global Energy Transition Accelerates with Major Storage Projects Amid Investment Concerns,"Recent developments in energy storage and related initiatives highlight a global shift towards sustainable energy solutions. Masdar's partnership with JSC Uzenergosotish to create Uzbekistan's largest battery energy storage project aims to bolster grid resilience and facilitate the integration of renewable energy sources, reflecting a broader trend in Central Asia. Meanwhile, Shell's withdrawal from major offshore wind projects raises concerns about the future of renewable investments amid economic challenges, potentially impacting the UK's renewable energy targets. In Germany, Calisen Group's launch of smart metering systems through a partnership with Energy Metering Germany represents a significant investment in energy transition, enhancing grid flexibility and consumer access to low-carbon technologies. Additionally, Nigeria's efforts to reduce crude oil theft and implement the Gas Flare Commercialization Programme are pivotal for transforming its energy landscape, promoting energy security, and supporting environmental sustainability. These initiatives collectively underscore the importance of energy storage and smart technologies in advancing global energy transitions.",Cision PR Newswire,Calisen launches in Germany with EUR100 million smart metering partnership with Octopus Group's Energy Metering Germany and appointment of first Managing Director - Claus Fest,"Claus Fest, Managing Director at Calisen, based in Germany, added:
""We believe the German market has huge potential to accelerate its energy transition and we are establishing a team on the ground to support this transformation. I am looking forward to working with Energy Metering and proud to support the nationwide roll out of IMSys. With EMG we've positioned smart metering as an investable asset - unlocking private sector capital that will be essential to delivering the scale and pace required.""",8,"Calisen's commitment to establishing a team in Germany highlights the country's potential for accelerating its energy transition, emphasizing the role of smart metering as a key investment to attract private sector capital.",8,New,Positive,High
2025-11-11,"- **Gas Supply Cut in Ukraine**: Complete cut-off of gas supply in Lyman highlights vulnerabilities in Ukraine's energy infrastructure amid ongoing conflict, stressing the need for resilient energy systems.

- **Natural Gas Demand Surge in North America**: Increased demand and storage constraints emphasize the critical role of natural gas storage for energy security and price stability.

- **Geopolitical Tensions Affecting LNG Supply**: Legal disputes involving Venture Global and major energy companies over LNG delivery failures amid rising prices reflect the complexities of securing reliable energy supplies.

- **Egypt's LNG Exports**: Egypt boosts LNG exports to address Europe's energy crisis exacerbated by reduced Russian supplies, enhancing regional energy security.

- **India's Renewable Energy Initiatives**: The Adani Group's 1,126 MW Battery Energy Storage System project aims to tackle natural gas demand issues and improve grid reliability in India.

- **Global Renewable Energy Investments**: Significant investments in renewable energy projects worldwide, including partnerships for battery storage and carbon capture, reflect a commitment to sustainability.

- **Saudi Arabia's Natural Gas Production**: Increased focus on natural gas production to diversify energy portfolio and reduce oil dependence, addressing rising electricity demand.

- **China's Renewable Energy Growth**: Solar generation up 46% and wind by 11%, despite pricing challenges, indicating a strong push towards cleaner energy sources.

- **Carbon Capture and Storage (CCS) Initiatives**: Growing momentum in CCS projects globally, with strategic partnerships aimed at enhancing energy infrastructure and reducing emissions.

- **Regional Energy Cooperation in GCC**: Investments in renewable energy and interconnected grids among GCC countries to enhance energy security and promote sustainable practices.",Venture Global's LNG Delivery Failures Spark Legal Battles Amid Rising Energy Market Volatility,"The recent legal challenges faced by Venture Global highlight the complexities within the energy sector, particularly in the context of Distributed Energy Resources (DER). As companies like Shell and BP engage in arbitration against Venture Global for failing to deliver liquefied natural gas (LNG) under long-term contracts, the situation underscores the volatility of energy markets influenced by geopolitical events, such as the Ukraine conflict. The high demand for LNG has led to significant price increases, prompting Venture Global to prioritize spot market sales over contractual obligations, raising concerns about market practices and the integrity of long-term agreements. This scenario reflects broader trends in the energy landscape, where the balance between traditional energy contracts and the emerging dynamics of distributed energy resources is increasingly critical.",Bombay Stock Exchange,Godavari Biorefineries Ltd (544279),"Our 200 KLPD fungible grain/maize distillery is targeted for commissioning in Q4 FY26. This facility will enable us to capitalise 
on diversified feedstock, particularly as grain/maize based ethanol gain traction, thereby enhancing feedstock flexibility and 
margin resilience.
In a major step toward sustainability, Godavari Biorefineries, in collaboration with ICT Mumbai, has launched a pilot 
CO2-to-DME project. This is a revolutionary breakthrough technology in climate action. This revolutionary technology converts 
industrial CO2 emissions directly into Dimethyl Ether (DME) - a low-emission, eco-friendly energy carrier. Dimethyl ether 
(DME) is a clean-burning fuel that can effectively replace conventional energy sources such as liquefied petroleum gas (LPG) 
and diesel, contributing to reduced emissions, improved environmental performance and decarbonisation. The initiative 
reflects our commitment to clean energy and offering sustainable solutions.
We are progressing as planned.",6,"Godavari Biorefineries is advancing its sustainability efforts with a new CO2-to-DME project, enhancing its commitment to clean energy amid rising energy market volatility.",6,New,Negative,High
2025-11-11,"- **Gas Supply Cut in Ukraine**: Complete cut-off of gas supply in Lyman highlights vulnerabilities in Ukraine's energy infrastructure amid ongoing conflict, stressing the need for resilient energy systems.

- **Natural Gas Demand Surge in North America**: Increased demand and storage constraints emphasize the critical role of natural gas storage for energy security and price stability.

- **Geopolitical Tensions Affecting LNG Supply**: Legal disputes involving Venture Global and major energy companies over LNG delivery failures amid rising prices reflect the complexities of securing reliable energy supplies.

- **Egypt's LNG Exports**: Egypt boosts LNG exports to address Europe's energy crisis exacerbated by reduced Russian supplies, enhancing regional energy security.

- **India's Renewable Energy Initiatives**: The Adani Group's 1,126 MW Battery Energy Storage System project aims to tackle natural gas demand issues and improve grid reliability in India.

- **Global Renewable Energy Investments**: Significant investments in renewable energy projects worldwide, including partnerships for battery storage and carbon capture, reflect a commitment to sustainability.

- **Saudi Arabia's Natural Gas Production**: Increased focus on natural gas production to diversify energy portfolio and reduce oil dependence, addressing rising electricity demand.

- **China's Renewable Energy Growth**: Solar generation up 46% and wind by 11%, despite pricing challenges, indicating a strong push towards cleaner energy sources.

- **Carbon Capture and Storage (CCS) Initiatives**: Growing momentum in CCS projects globally, with strategic partnerships aimed at enhancing energy infrastructure and reducing emissions.

- **Regional Energy Cooperation in GCC**: Investments in renewable energy and interconnected grids among GCC countries to enhance energy security and promote sustainable practices.","India Targets 5 Million Tonnes of Green Hydrogen by 2030, Paving Way for 600,000 Jobs and CO2 Reduction","India is advancing its green hydrogen mission with a target of producing 5 million metric tonnes annually by 2030, supported by significant government investment aimed at creating over 600,000 green jobs and reducing CO2 emissions. This initiative reflects India's commitment to a low-carbon economy and positions it as a potential leader in the green hydrogen sector, contributing to global energy security. Meanwhile, Saudi Aramco's development of natural gas production at the Jafurah field addresses the rising electricity demand from AI data centers and industrial hubs, showcasing the intersection of energy production and technological advancement. This strategic focus on natural gas underscores its role as a bridge fuel in Saudi Arabia's broader energy transition goals, emphasizing the importance of reliable energy sources in the shift towards sustainable energy solutions.",MT Newswires - EMEA,"Saudi Aramco to Boost Natural Gas Production to Meet Electricity Demand, CEO Says","08:39 AM EST, 11/11/2025 (MT Newswires) -- Saudi Arabian Oil (SASE:2222), d/b/a Saudi Aramco, will soon start producing natural gas at the Jafurah field in Saudi Arabia to meet electricity demand from artificial intelligence data centers and other industrial hubs.",1,"Saudi Aramco's new natural gas production at the Jafurah field highlights the global energy landscape's shift towards meeting industrial demands, contrasting with India's commitment to green hydrogen for job creation and CO2 reduction.",1,New,Positive,High
2025-11-11,"- **Gas Supply Cut in Ukraine**: Complete cut-off of gas supply in Lyman highlights vulnerabilities in Ukraine's energy infrastructure amid ongoing conflict, stressing the need for resilient energy systems.

- **Natural Gas Demand Surge in North America**: Increased demand and storage constraints emphasize the critical role of natural gas storage for energy security and price stability.

- **Geopolitical Tensions Affecting LNG Supply**: Legal disputes involving Venture Global and major energy companies over LNG delivery failures amid rising prices reflect the complexities of securing reliable energy supplies.

- **Egypt's LNG Exports**: Egypt boosts LNG exports to address Europe's energy crisis exacerbated by reduced Russian supplies, enhancing regional energy security.

- **India's Renewable Energy Initiatives**: The Adani Group's 1,126 MW Battery Energy Storage System project aims to tackle natural gas demand issues and improve grid reliability in India.

- **Global Renewable Energy Investments**: Significant investments in renewable energy projects worldwide, including partnerships for battery storage and carbon capture, reflect a commitment to sustainability.

- **Saudi Arabia's Natural Gas Production**: Increased focus on natural gas production to diversify energy portfolio and reduce oil dependence, addressing rising electricity demand.

- **China's Renewable Energy Growth**: Solar generation up 46% and wind by 11%, despite pricing challenges, indicating a strong push towards cleaner energy sources.

- **Carbon Capture and Storage (CCS) Initiatives**: Growing momentum in CCS projects globally, with strategic partnerships aimed at enhancing energy infrastructure and reducing emissions.

- **Regional Energy Cooperation in GCC**: Investments in renewable energy and interconnected grids among GCC countries to enhance energy security and promote sustainable practices.",Global Energy Transition Accelerates with Major Storage Projects Amid Investment Concerns,"Recent developments in energy storage and related initiatives highlight a global shift towards sustainable energy solutions. Masdar's partnership with JSC Uzenergosotish to create Uzbekistan's largest battery energy storage project aims to bolster grid resilience and facilitate the integration of renewable energy sources, reflecting a broader trend in Central Asia. Meanwhile, Shell's withdrawal from major offshore wind projects raises concerns about the future of renewable investments amid economic challenges, potentially impacting the UK's renewable energy targets. In Germany, Calisen Group's launch of smart metering systems through a partnership with Energy Metering Germany represents a significant investment in energy transition, enhancing grid flexibility and consumer access to low-carbon technologies. Additionally, Nigeria's efforts to reduce crude oil theft and implement the Gas Flare Commercialization Programme are pivotal for transforming its energy landscape, promoting energy security, and supporting environmental sustainability. These initiatives collectively underscore the importance of energy storage and smart technologies in advancing global energy transitions.",Benzinga,Calisen launches in Germany with EUR100 million smart metering partnership with Octopus Group's Energy Metering Germany and appointment of first Managing Director - Claus Fest,"Calisen establishes new business in Germany to accelerate roll out of critical smart meter infrastructure
* Investment backs roll out of 250,000 smart meters - free of charge for consumers
MANCHESTER, England, Nov. 11, 2025 /PRNewswire/ -- Calisen Group, the UK's largest smart meter provider, has today announced the launch of its first international operation in Germany with the appointment of new Managing Director Claus Fest and a first-of-its-kind partnership to accelerate the roll out of intelligent metering systems with Energy Metering Germany (EMG). EMG is a competitive Meter Point Operator (MPO) set up by Octopus Group. The deal represents a major milestone in the roll out of smart meters - critical infrastructure for the energy transition in Germany.",8,"Calisen's launch of smart meter operations in Germany, backed by a significant investment, marks a crucial step in enhancing energy infrastructure essential for the global energy transition.",8,New,Positive,High
2025-11-11,"- **Gas Supply Cut in Ukraine**: Complete cut-off of gas supply in Lyman highlights vulnerabilities in Ukraine's energy infrastructure amid ongoing conflict, stressing the need for resilient energy systems.

- **Natural Gas Demand Surge in North America**: Increased demand and storage constraints emphasize the critical role of natural gas storage for energy security and price stability.

- **Geopolitical Tensions Affecting LNG Supply**: Legal disputes involving Venture Global and major energy companies over LNG delivery failures amid rising prices reflect the complexities of securing reliable energy supplies.

- **Egypt's LNG Exports**: Egypt boosts LNG exports to address Europe's energy crisis exacerbated by reduced Russian supplies, enhancing regional energy security.

- **India's Renewable Energy Initiatives**: The Adani Group's 1,126 MW Battery Energy Storage System project aims to tackle natural gas demand issues and improve grid reliability in India.

- **Global Renewable Energy Investments**: Significant investments in renewable energy projects worldwide, including partnerships for battery storage and carbon capture, reflect a commitment to sustainability.

- **Saudi Arabia's Natural Gas Production**: Increased focus on natural gas production to diversify energy portfolio and reduce oil dependence, addressing rising electricity demand.

- **China's Renewable Energy Growth**: Solar generation up 46% and wind by 11%, despite pricing challenges, indicating a strong push towards cleaner energy sources.

- **Carbon Capture and Storage (CCS) Initiatives**: Growing momentum in CCS projects globally, with strategic partnerships aimed at enhancing energy infrastructure and reducing emissions.

- **Regional Energy Cooperation in GCC**: Investments in renewable energy and interconnected grids among GCC countries to enhance energy security and promote sustainable practices.",Iran's Flare Gas Recovery Surge: A Leap Towards Sustainable Energy and Emission Reduction,"Iran is experiencing a significant surge in flare gas recovery, which is a critical development in its energy sector. This initiative aims to enhance the efficiency of gas utilization and reduce environmental impacts associated with flaring. The Iranian government is implementing advanced technologies and strategies to capture and utilize flare gas, thereby improving energy security and contributing to sustainable energy practices. This surge in recovery efforts is expected to not only optimize resource management but also align with global trends towards reducing greenhouse gas emissions and promoting cleaner energy solutions.",MT Newswires - EMEA,Masdar to Develop Battery Energy Storage Project in Uzbekistan,"04:13 AM EST, 11/11/2025 (MT Newswires) -- Abu Dhabi Future Energy Co, d/b/a Masdar, struck a deal with Uzbekistan's state-owned joint-stock company JSC Uzenergosotish to develop a standalone battery energy storage project in the country.",8,Masdar partners with Uzbekistan's JSC Uzenergosotish to develop a battery energy storage project.,8,New,Positive,Medium
2025-11-11,"- **Gas Supply Cut in Ukraine**: Complete cut-off of gas supply in Lyman highlights vulnerabilities in Ukraine's energy infrastructure amid ongoing conflict, stressing the need for resilient energy systems.

- **Natural Gas Demand Surge in North America**: Increased demand and storage constraints emphasize the critical role of natural gas storage for energy security and price stability.

- **Geopolitical Tensions Affecting LNG Supply**: Legal disputes involving Venture Global and major energy companies over LNG delivery failures amid rising prices reflect the complexities of securing reliable energy supplies.

- **Egypt's LNG Exports**: Egypt boosts LNG exports to address Europe's energy crisis exacerbated by reduced Russian supplies, enhancing regional energy security.

- **India's Renewable Energy Initiatives**: The Adani Group's 1,126 MW Battery Energy Storage System project aims to tackle natural gas demand issues and improve grid reliability in India.

- **Global Renewable Energy Investments**: Significant investments in renewable energy projects worldwide, including partnerships for battery storage and carbon capture, reflect a commitment to sustainability.

- **Saudi Arabia's Natural Gas Production**: Increased focus on natural gas production to diversify energy portfolio and reduce oil dependence, addressing rising electricity demand.

- **China's Renewable Energy Growth**: Solar generation up 46% and wind by 11%, despite pricing challenges, indicating a strong push towards cleaner energy sources.

- **Carbon Capture and Storage (CCS) Initiatives**: Growing momentum in CCS projects globally, with strategic partnerships aimed at enhancing energy infrastructure and reducing emissions.

- **Regional Energy Cooperation in GCC**: Investments in renewable energy and interconnected grids among GCC countries to enhance energy security and promote sustainable practices.",Petronas Leads CCS Initiative in Malaysia as Offshore Wind Gains Traction for Net-Zero Goals,"Offshore wind development is gaining momentum as countries seek to achieve net-zero emissions and enhance energy security. Petronas' initiative in Malaysia to advance carbon capture and storage (CCS) exemplifies this trend, as it collaborates with TotalEnergies and Mitsui to explore carbon storage potential in the Duyong area. This project positions Malaysia as a leader in CCS technology, crucial for decarbonizing the energy sector. Concurrently, the Netherlands is experiencing a rise in micro-combined heat and power (micro-CHP) technology adoption, driven by high energy costs and strict emission policies. Government incentives are promoting decentralized energy generation, which aligns with national climate goals and addresses energy supply volatility. Together, these developments underscore the importance of innovative technologies in the transition to cleaner energy sources, including offshore wind.",EIN Presswire,"Netherlands Micro CHP Market Set to Reach USD 270.6 Million by 2035, Driven by Innovation and Expansion","Meanwhile, new entrants and regional innovators like Microgen Engine Corporation Holding B.V. and Senertec Kraft-Wärme-Energiesysteme GmbH are leveraging research collaborations to introduce highly efficient, modular systems suitable for both urban and rural applications.
Technology Advancements Fuel Market Expansion
The Netherlands is becoming a hub for fuel cell-based micro-CHP innovation. Advancements in solid oxide and proton exchange membrane fuel cells are significantly improving system efficiency and lifespan, while reducing operational costs and emissions. These technologies are particularly appealing to environmentally conscious consumers and businesses seeking greener alternatives to traditional heating solutions.",5,"Innovative fuel cell technologies in the Netherlands are enhancing efficiency and sustainability, aligning with Petronas's CCS initiatives and the growing offshore wind sector in Malaysia's net-zero strategy.",5,New,Positive,Medium
2025-11-11,"- **Gas Supply Cut in Ukraine**: Complete cut-off of gas supply in Lyman highlights vulnerabilities in Ukraine's energy infrastructure amid ongoing conflict, stressing the need for resilient energy systems.

- **Natural Gas Demand Surge in North America**: Increased demand and storage constraints emphasize the critical role of natural gas storage for energy security and price stability.

- **Geopolitical Tensions Affecting LNG Supply**: Legal disputes involving Venture Global and major energy companies over LNG delivery failures amid rising prices reflect the complexities of securing reliable energy supplies.

- **Egypt's LNG Exports**: Egypt boosts LNG exports to address Europe's energy crisis exacerbated by reduced Russian supplies, enhancing regional energy security.

- **India's Renewable Energy Initiatives**: The Adani Group's 1,126 MW Battery Energy Storage System project aims to tackle natural gas demand issues and improve grid reliability in India.

- **Global Renewable Energy Investments**: Significant investments in renewable energy projects worldwide, including partnerships for battery storage and carbon capture, reflect a commitment to sustainability.

- **Saudi Arabia's Natural Gas Production**: Increased focus on natural gas production to diversify energy portfolio and reduce oil dependence, addressing rising electricity demand.

- **China's Renewable Energy Growth**: Solar generation up 46% and wind by 11%, despite pricing challenges, indicating a strong push towards cleaner energy sources.

- **Carbon Capture and Storage (CCS) Initiatives**: Growing momentum in CCS projects globally, with strategic partnerships aimed at enhancing energy infrastructure and reducing emissions.

- **Regional Energy Cooperation in GCC**: Investments in renewable energy and interconnected grids among GCC countries to enhance energy security and promote sustainable practices.",Petronas Leads CCS Initiative in Malaysia as Offshore Wind Gains Traction for Net-Zero Goals,"Offshore wind development is gaining momentum as countries seek to achieve net-zero emissions and enhance energy security. Petronas' initiative in Malaysia to advance carbon capture and storage (CCS) exemplifies this trend, as it collaborates with TotalEnergies and Mitsui to explore carbon storage potential in the Duyong area. This project positions Malaysia as a leader in CCS technology, crucial for decarbonizing the energy sector. Concurrently, the Netherlands is experiencing a rise in micro-combined heat and power (micro-CHP) technology adoption, driven by high energy costs and strict emission policies. Government incentives are promoting decentralized energy generation, which aligns with national climate goals and addresses energy supply volatility. Together, these developments underscore the importance of innovative technologies in the transition to cleaner energy sources, including offshore wind.",The Fly,FTC Solar publishes white paper on automation-ready construction ,"FTC Solar released a new white paper, ""Fast, Easy, Safe, and Robot-Ready: How 1P Pioneer supports customers with simplified engineering, minimal hardware, and seamless robotic optimization."" The paper addresses the central challenge facing utility-scale solar: deployment must accelerate faster than industry capacity can expand. With U.S. decarbonization goals requiring annual build rates to rise sharply - roughly approaching double recent levels - labor shortages, especially in skilled installation roles, are a leading constraint. The paper explains how the bottleneck has shifted from cost to execution and can be solved by simplified tracker design, reduced labor intensity, and greater integration of automation.",5,"FTC Solar's white paper highlights the urgent need for accelerated utility-scale solar deployment to meet U.S. decarbonization goals, emphasizing the role of simplified engineering and automation in overcoming labor shortages and execution challenges.",5,New,Positive,Medium
2025-11-11,"- **Gas Supply Cut in Ukraine**: Complete cut-off of gas supply in Lyman highlights vulnerabilities in Ukraine's energy infrastructure amid ongoing conflict, stressing the need for resilient energy systems.

- **Natural Gas Demand Surge in North America**: Increased demand and storage constraints emphasize the critical role of natural gas storage for energy security and price stability.

- **Geopolitical Tensions Affecting LNG Supply**: Legal disputes involving Venture Global and major energy companies over LNG delivery failures amid rising prices reflect the complexities of securing reliable energy supplies.

- **Egypt's LNG Exports**: Egypt boosts LNG exports to address Europe's energy crisis exacerbated by reduced Russian supplies, enhancing regional energy security.

- **India's Renewable Energy Initiatives**: The Adani Group's 1,126 MW Battery Energy Storage System project aims to tackle natural gas demand issues and improve grid reliability in India.

- **Global Renewable Energy Investments**: Significant investments in renewable energy projects worldwide, including partnerships for battery storage and carbon capture, reflect a commitment to sustainability.

- **Saudi Arabia's Natural Gas Production**: Increased focus on natural gas production to diversify energy portfolio and reduce oil dependence, addressing rising electricity demand.

- **China's Renewable Energy Growth**: Solar generation up 46% and wind by 11%, despite pricing challenges, indicating a strong push towards cleaner energy sources.

- **Carbon Capture and Storage (CCS) Initiatives**: Growing momentum in CCS projects globally, with strategic partnerships aimed at enhancing energy infrastructure and reducing emissions.

- **Regional Energy Cooperation in GCC**: Investments in renewable energy and interconnected grids among GCC countries to enhance energy security and promote sustainable practices.",Petronas Leads CCS Initiative in Malaysia as Offshore Wind Gains Traction for Net-Zero Goals,"Offshore wind development is gaining momentum as countries seek to achieve net-zero emissions and enhance energy security. Petronas' initiative in Malaysia to advance carbon capture and storage (CCS) exemplifies this trend, as it collaborates with TotalEnergies and Mitsui to explore carbon storage potential in the Duyong area. This project positions Malaysia as a leader in CCS technology, crucial for decarbonizing the energy sector. Concurrently, the Netherlands is experiencing a rise in micro-combined heat and power (micro-CHP) technology adoption, driven by high energy costs and strict emission policies. Government incentives are promoting decentralized energy generation, which aligns with national climate goals and addresses energy supply volatility. Together, these developments underscore the importance of innovative technologies in the transition to cleaner energy sources, including offshore wind.",EIN Presswire,"Netherlands Micro CHP Market Set to Reach USD 270.6 Million by 2035, Driven by Innovation and Expansion","Market Momentum and Key Performance Insights
According to recent semi-annual performance data, the Netherlands Micro CHP market exhibited strong resilience in 2024 and early 2025. The market's CAGR stood at 8.7% in the first half of 2024, slightly dipping to 8.4% in the latter half, before rebounding to 9.7% in the second half of 2025. This upward trend reflects renewed confidence in clean technologies and strategic investments from leading energy players.",5,"The Netherlands Micro CHP market's robust growth signals increasing confidence in clean technologies, paralleling Petronas's CCS initiatives and the rising interest in offshore wind for achieving net-zero goals in Malaysia.",5,New,Positive,Medium
2025-11-11,"- **Gas Supply Cut in Ukraine**: Complete cut-off of gas supply in Lyman highlights vulnerabilities in Ukraine's energy infrastructure amid ongoing conflict, stressing the need for resilient energy systems.

- **Natural Gas Demand Surge in North America**: Increased demand and storage constraints emphasize the critical role of natural gas storage for energy security and price stability.

- **Geopolitical Tensions Affecting LNG Supply**: Legal disputes involving Venture Global and major energy companies over LNG delivery failures amid rising prices reflect the complexities of securing reliable energy supplies.

- **Egypt's LNG Exports**: Egypt boosts LNG exports to address Europe's energy crisis exacerbated by reduced Russian supplies, enhancing regional energy security.

- **India's Renewable Energy Initiatives**: The Adani Group's 1,126 MW Battery Energy Storage System project aims to tackle natural gas demand issues and improve grid reliability in India.

- **Global Renewable Energy Investments**: Significant investments in renewable energy projects worldwide, including partnerships for battery storage and carbon capture, reflect a commitment to sustainability.

- **Saudi Arabia's Natural Gas Production**: Increased focus on natural gas production to diversify energy portfolio and reduce oil dependence, addressing rising electricity demand.

- **China's Renewable Energy Growth**: Solar generation up 46% and wind by 11%, despite pricing challenges, indicating a strong push towards cleaner energy sources.

- **Carbon Capture and Storage (CCS) Initiatives**: Growing momentum in CCS projects globally, with strategic partnerships aimed at enhancing energy infrastructure and reducing emissions.

- **Regional Energy Cooperation in GCC**: Investments in renewable energy and interconnected grids among GCC countries to enhance energy security and promote sustainable practices.",TenneT's €65 Billion Investment to Transform Energy Infrastructure and Boost Natural Gas Sector,"Natural Gas Services Group's financial performance is influenced by significant investments in infrastructure and modernization efforts within the energy sector. For instance, TenneT Germany's planned EUR 65 billion investment from 2025 to 2029 aims to expand and modernize its transmission grid, which is crucial for integrating renewable energy sources. As a major player in the energy transition, TenneT's initiatives not only enhance grid flexibility and reliability but also support the decarbonization efforts in Germany and Europe. This trend towards investment in energy infrastructure is likely to impact the financial landscape for companies in the natural gas services sector, as they adapt to the evolving energy market and regulatory environment.",EQS News,TenneT Germany launches inaugural Green Finance Framework and European Green Bond Factsheet in line with the European Green Bond Standards &#59663;,"About TenneT Germany
TenneT Germany is the largest transmission system operator in Germany  
(based on circuit length, installed capacity and size of operating zone as of 31 December 2024). The company operates critical infrastructure that secures access to a reliable, sustainable and affordable electricity supply. TenneT Germany is one of the largest investors in electricity grids on land and at sea in Germany. Located at the Northwest European energy crossroads, TenneT Germany connects: North and South. Offshore and Onshore. Germany and Europe. With its approximately 5,000 employees the company builds, maintains and operates Germany's largest transmission grid with a length over 14,000 km connecting more than a third of the European Union's total offshore wind capacity. Its growth is driven by a rapidly evolving electricity demand that requires a flexible and growing grid architecture. TenneT Germany is part of TenneT Group, the European leader in cross-border grid development and pioneer in linking mainland Europe to one of the world's largest renewable energy sources, the North Sea.",2,"TenneT Germany, the largest transmission system operator in Germany, plays a crucial role in transforming energy infrastructure and enhancing the natural gas sector through significant investments in electricity grids, connecting renewable energy sources across Europe.",2,New,Positive,High
2025-11-11,"- **Gas Supply Cut in Ukraine**: Complete cut-off of gas supply in Lyman highlights vulnerabilities in Ukraine's energy infrastructure amid ongoing conflict, stressing the need for resilient energy systems.

- **Natural Gas Demand Surge in North America**: Increased demand and storage constraints emphasize the critical role of natural gas storage for energy security and price stability.

- **Geopolitical Tensions Affecting LNG Supply**: Legal disputes involving Venture Global and major energy companies over LNG delivery failures amid rising prices reflect the complexities of securing reliable energy supplies.

- **Egypt's LNG Exports**: Egypt boosts LNG exports to address Europe's energy crisis exacerbated by reduced Russian supplies, enhancing regional energy security.

- **India's Renewable Energy Initiatives**: The Adani Group's 1,126 MW Battery Energy Storage System project aims to tackle natural gas demand issues and improve grid reliability in India.

- **Global Renewable Energy Investments**: Significant investments in renewable energy projects worldwide, including partnerships for battery storage and carbon capture, reflect a commitment to sustainability.

- **Saudi Arabia's Natural Gas Production**: Increased focus on natural gas production to diversify energy portfolio and reduce oil dependence, addressing rising electricity demand.

- **China's Renewable Energy Growth**: Solar generation up 46% and wind by 11%, despite pricing challenges, indicating a strong push towards cleaner energy sources.

- **Carbon Capture and Storage (CCS) Initiatives**: Growing momentum in CCS projects globally, with strategic partnerships aimed at enhancing energy infrastructure and reducing emissions.

- **Regional Energy Cooperation in GCC**: Investments in renewable energy and interconnected grids among GCC countries to enhance energy security and promote sustainable practices.",TenneT's €65 Billion Investment to Transform Energy Infrastructure and Boost Natural Gas Sector,"Natural Gas Services Group's financial performance is influenced by significant investments in infrastructure and modernization efforts within the energy sector. For instance, TenneT Germany's planned EUR 65 billion investment from 2025 to 2029 aims to expand and modernize its transmission grid, which is crucial for integrating renewable energy sources. As a major player in the energy transition, TenneT's initiatives not only enhance grid flexibility and reliability but also support the decarbonization efforts in Germany and Europe. This trend towards investment in energy infrastructure is likely to impact the financial landscape for companies in the natural gas services sector, as they adapt to the evolving energy market and regulatory environment.",EQS News,TenneT Germany launches inaugural Green Finance Framework and European Green Bond Factsheet in line with the European Green Bond Standards &#59663;,"TenneT Germany plans to invest around EUR 65 billion in the period 2025 to 2029 in the expansion and modernisation of its transmission grid - a key enabler of decarbonisation within the German and European energy transition. This includes key projects onshore and offshore that enable the efficient integration of renewable energy into the electricity grid.
The Green Finance Framework is aligned with the ICMA Green Bond Principles 2025 and the LMA Green Loan Principles 2025. Sustainable Fitch provided a Second Party Opinion with the best possible overall alignment score of ""Excellent"" and provided Pre-Issuance Review of the European Green Bond Factsheet.",2,"TenneT Germany's €65 billion investment from 2025 to 2029 aims to modernize its transmission grid, facilitating the integration of renewable energy and supporting the decarbonisation efforts in the German and European energy transition.",2,New,Positive,High
2025-11-11,"- **Gas Supply Cut in Ukraine**: Complete cut-off of gas supply in Lyman highlights vulnerabilities in Ukraine's energy infrastructure amid ongoing conflict, stressing the need for resilient energy systems.

- **Natural Gas Demand Surge in North America**: Increased demand and storage constraints emphasize the critical role of natural gas storage for energy security and price stability.

- **Geopolitical Tensions Affecting LNG Supply**: Legal disputes involving Venture Global and major energy companies over LNG delivery failures amid rising prices reflect the complexities of securing reliable energy supplies.

- **Egypt's LNG Exports**: Egypt boosts LNG exports to address Europe's energy crisis exacerbated by reduced Russian supplies, enhancing regional energy security.

- **India's Renewable Energy Initiatives**: The Adani Group's 1,126 MW Battery Energy Storage System project aims to tackle natural gas demand issues and improve grid reliability in India.

- **Global Renewable Energy Investments**: Significant investments in renewable energy projects worldwide, including partnerships for battery storage and carbon capture, reflect a commitment to sustainability.

- **Saudi Arabia's Natural Gas Production**: Increased focus on natural gas production to diversify energy portfolio and reduce oil dependence, addressing rising electricity demand.

- **China's Renewable Energy Growth**: Solar generation up 46% and wind by 11%, despite pricing challenges, indicating a strong push towards cleaner energy sources.

- **Carbon Capture and Storage (CCS) Initiatives**: Growing momentum in CCS projects globally, with strategic partnerships aimed at enhancing energy infrastructure and reducing emissions.

- **Regional Energy Cooperation in GCC**: Investments in renewable energy and interconnected grids among GCC countries to enhance energy security and promote sustainable practices.",Calisen Targets German Market Amid Rising Carbon Prices Driving Clean Energy Shift,"Calisen's expansion into Germany is strategically aligned with the rising significance of carbon pricing in the energy market. As carbon prices increase, the costs associated with electricity generation from fossil fuels are expected to rise, prompting a shift towards cleaner energy alternatives. This transition is crucial for Calisen as it seeks to navigate the evolving energy landscape in Germany, where stakeholders are increasingly focused on balancing economic viability with environmental sustainability. By entering the German market, Calisen aims to leverage these trends to enhance its investment decisions and contribute to the country's energy policy objectives.",ERR.ee,Rising CO2 quota price to bring heftier winter electricity bills,"""The price of CO2 directly affects the production cost of electricity generated from fossil fuels such as oil shale and natural gas. If this type of generation sets the market price for Estonia's price zone at a given time, then the increase in carbon prices will be reflected in the electricity price as well. However, other factors also influence day-ahead market prices - for example, weather conditions, the availability of renewable energy and the situation in neighboring markets,"" said Nõu.",1,"Rising carbon prices are increasing electricity costs from fossil fuels in Estonia, highlighting the urgency for a shift to clean energy solutions, which aligns with Calisen's strategic focus on the German market.",1,New,Positive,Medium
2025-11-11,"- **Gas Supply Cut in Ukraine**: Complete cut-off of gas supply in Lyman highlights vulnerabilities in Ukraine's energy infrastructure amid ongoing conflict, stressing the need for resilient energy systems.

- **Natural Gas Demand Surge in North America**: Increased demand and storage constraints emphasize the critical role of natural gas storage for energy security and price stability.

- **Geopolitical Tensions Affecting LNG Supply**: Legal disputes involving Venture Global and major energy companies over LNG delivery failures amid rising prices reflect the complexities of securing reliable energy supplies.

- **Egypt's LNG Exports**: Egypt boosts LNG exports to address Europe's energy crisis exacerbated by reduced Russian supplies, enhancing regional energy security.

- **India's Renewable Energy Initiatives**: The Adani Group's 1,126 MW Battery Energy Storage System project aims to tackle natural gas demand issues and improve grid reliability in India.

- **Global Renewable Energy Investments**: Significant investments in renewable energy projects worldwide, including partnerships for battery storage and carbon capture, reflect a commitment to sustainability.

- **Saudi Arabia's Natural Gas Production**: Increased focus on natural gas production to diversify energy portfolio and reduce oil dependence, addressing rising electricity demand.

- **China's Renewable Energy Growth**: Solar generation up 46% and wind by 11%, despite pricing challenges, indicating a strong push towards cleaner energy sources.

- **Carbon Capture and Storage (CCS) Initiatives**: Growing momentum in CCS projects globally, with strategic partnerships aimed at enhancing energy infrastructure and reducing emissions.

- **Regional Energy Cooperation in GCC**: Investments in renewable energy and interconnected grids among GCC countries to enhance energy security and promote sustainable practices.",Venture Global's LNG Expansion: A Key Driver for Africa's Energy Transition and Security,"Venture Global's LNG expansion is pivotal in promoting energy security and cleaner energy sources, particularly in Africa. The initiative encourages African states to develop domestic gas markets and infrastructure, which is essential for transitioning from traditional biomass fuels to gas-fired plants. This shift not only enhances public health and reduces environmental degradation but also supports local economies and aligns with global decarbonization efforts. By emphasizing the construction of gas infrastructure, Venture Global positions natural gas as a crucial transitional fuel in the broader movement towards renewable energy, making it a significant focus for energy policy in the region.",The Energy Republic,Broken Promises by Wealthy Nations: Africa Needs to Finance its Energy Addition then Transition (By NJ Ayuk),"Domestic gas and power development: African states that possess natural gas should seek to promote the formation of domestic gas markets and infrastructure, either by reserving a portion of their hydrocarbon revenues for this purpose or by enlisting the help of their foreign partners. They need to build gas-fired plants that can provide cleaner power than existing coal- and petroleum product-burning plants; liquid petroleum gas (LPG) plants that can replace traditional biomass fuels such as wood and charcoal, which contribute to health problems and deforestation; and compressed natural gas (CNG) plants that can produce fuel for vehicles.",1,"African nations should leverage their natural gas resources to develop domestic markets and infrastructure, facilitating cleaner energy solutions and enhancing energy security as part of Venture Global's LNG expansion efforts.",1,New,Positive,High
2025-11-11,"- **Gas Supply Cut in Ukraine**: Complete cut-off of gas supply in Lyman highlights vulnerabilities in Ukraine's energy infrastructure amid ongoing conflict, stressing the need for resilient energy systems.

- **Natural Gas Demand Surge in North America**: Increased demand and storage constraints emphasize the critical role of natural gas storage for energy security and price stability.

- **Geopolitical Tensions Affecting LNG Supply**: Legal disputes involving Venture Global and major energy companies over LNG delivery failures amid rising prices reflect the complexities of securing reliable energy supplies.

- **Egypt's LNG Exports**: Egypt boosts LNG exports to address Europe's energy crisis exacerbated by reduced Russian supplies, enhancing regional energy security.

- **India's Renewable Energy Initiatives**: The Adani Group's 1,126 MW Battery Energy Storage System project aims to tackle natural gas demand issues and improve grid reliability in India.

- **Global Renewable Energy Investments**: Significant investments in renewable energy projects worldwide, including partnerships for battery storage and carbon capture, reflect a commitment to sustainability.

- **Saudi Arabia's Natural Gas Production**: Increased focus on natural gas production to diversify energy portfolio and reduce oil dependence, addressing rising electricity demand.

- **China's Renewable Energy Growth**: Solar generation up 46% and wind by 11%, despite pricing challenges, indicating a strong push towards cleaner energy sources.

- **Carbon Capture and Storage (CCS) Initiatives**: Growing momentum in CCS projects globally, with strategic partnerships aimed at enhancing energy infrastructure and reducing emissions.

- **Regional Energy Cooperation in GCC**: Investments in renewable energy and interconnected grids among GCC countries to enhance energy security and promote sustainable practices.",Saudi Arabia Boosts Natural Gas Production to Diversify Energy Portfolio and Reduce Oil Dependence,"Saudi Arabia is increasingly focusing on enhancing its natural gas production to diversify its energy portfolio and reduce reliance on oil. The country is investing in advanced technologies and methodologies to improve extraction efficiency, particularly in unconventional gas resources. As global energy demands shift, Saudi Arabia aims to leverage its vast natural gas reserves, which are crucial for both domestic energy needs and export potential. The interplay between technological advancements and the geological characteristics of its gas fields will play a significant role in shaping the future of Saudi Arabia's natural gas industry.",Nature,Quantitative characterization and optimization of fracability in continental shale reservoirs,"Similar content being viewed by others
Introduction
In recent years, China has vigorously pursued the development of unconventional oil and gas resources. As a vital component, shale gas holds immense exploration potential. The Sichuan Basin is rich in oil and gas resources; however, current shale gas exploration and research efforts predominantly focus on marine strata, with relatively limited attention to continental strata1,2,3,4,5,6. Nevertheless, Jurassic continental shales are widely distributed across the Sichuan Basin, exhibiting substantial potential for industrial shale gas development. They represent a critical resource replacement domain for marine shale gas7,8,9,10,11,12.",12,"China's focus on unconventional oil and gas, particularly in the Sichuan Basin, highlights the global shift towards diversifying energy sources, paralleling Saudi Arabia's efforts to boost natural gas production and reduce oil dependence.",12,New,Positive,High
2025-11-11,"- **Gas Supply Cut in Ukraine**: Complete cut-off of gas supply in Lyman highlights vulnerabilities in Ukraine's energy infrastructure amid ongoing conflict, stressing the need for resilient energy systems.

- **Natural Gas Demand Surge in North America**: Increased demand and storage constraints emphasize the critical role of natural gas storage for energy security and price stability.

- **Geopolitical Tensions Affecting LNG Supply**: Legal disputes involving Venture Global and major energy companies over LNG delivery failures amid rising prices reflect the complexities of securing reliable energy supplies.

- **Egypt's LNG Exports**: Egypt boosts LNG exports to address Europe's energy crisis exacerbated by reduced Russian supplies, enhancing regional energy security.

- **India's Renewable Energy Initiatives**: The Adani Group's 1,126 MW Battery Energy Storage System project aims to tackle natural gas demand issues and improve grid reliability in India.

- **Global Renewable Energy Investments**: Significant investments in renewable energy projects worldwide, including partnerships for battery storage and carbon capture, reflect a commitment to sustainability.

- **Saudi Arabia's Natural Gas Production**: Increased focus on natural gas production to diversify energy portfolio and reduce oil dependence, addressing rising electricity demand.

- **China's Renewable Energy Growth**: Solar generation up 46% and wind by 11%, despite pricing challenges, indicating a strong push towards cleaner energy sources.

- **Carbon Capture and Storage (CCS) Initiatives**: Growing momentum in CCS projects globally, with strategic partnerships aimed at enhancing energy infrastructure and reducing emissions.

- **Regional Energy Cooperation in GCC**: Investments in renewable energy and interconnected grids among GCC countries to enhance energy security and promote sustainable practices.",Saudi Arabia Boosts Natural Gas Production to Diversify Energy Portfolio and Reduce Oil Dependence,"Saudi Arabia is increasingly focusing on enhancing its natural gas production to diversify its energy portfolio and reduce reliance on oil. The country is investing in advanced technologies and methodologies to improve extraction efficiency, particularly in unconventional gas resources. As global energy demands shift, Saudi Arabia aims to leverage its vast natural gas reserves, which are crucial for both domestic energy needs and export potential. The interplay between technological advancements and the geological characteristics of its gas fields will play a significant role in shaping the future of Saudi Arabia's natural gas industry.",Nature,Quantitative characterization and optimization of fracability in continental shale reservoirs,"Deep shale gas exploration and development in the weirong and Yongchuan areas, South Sichuan basin: Progress, challenges and prospect.
Microscopic occurrence characteristics and genetic mechanism of shale oil in sweet spot reservoir of the Lucaogou formation in Jimsar Sag.",12,"The text discusses advancements in shale gas exploration in South Sichuan, highlighting the importance of such developments in diversifying energy sources, which aligns with Saudi Arabia's strategy to enhance natural gas production and reduce reliance on oil.",12,New,Positive,High
2025-11-11,"- **Gas Supply Cut in Ukraine**: Complete cut-off of gas supply in Lyman highlights vulnerabilities in Ukraine's energy infrastructure amid ongoing conflict, stressing the need for resilient energy systems.

- **Natural Gas Demand Surge in North America**: Increased demand and storage constraints emphasize the critical role of natural gas storage for energy security and price stability.

- **Geopolitical Tensions Affecting LNG Supply**: Legal disputes involving Venture Global and major energy companies over LNG delivery failures amid rising prices reflect the complexities of securing reliable energy supplies.

- **Egypt's LNG Exports**: Egypt boosts LNG exports to address Europe's energy crisis exacerbated by reduced Russian supplies, enhancing regional energy security.

- **India's Renewable Energy Initiatives**: The Adani Group's 1,126 MW Battery Energy Storage System project aims to tackle natural gas demand issues and improve grid reliability in India.

- **Global Renewable Energy Investments**: Significant investments in renewable energy projects worldwide, including partnerships for battery storage and carbon capture, reflect a commitment to sustainability.

- **Saudi Arabia's Natural Gas Production**: Increased focus on natural gas production to diversify energy portfolio and reduce oil dependence, addressing rising electricity demand.

- **China's Renewable Energy Growth**: Solar generation up 46% and wind by 11%, despite pricing challenges, indicating a strong push towards cleaner energy sources.

- **Carbon Capture and Storage (CCS) Initiatives**: Growing momentum in CCS projects globally, with strategic partnerships aimed at enhancing energy infrastructure and reducing emissions.

- **Regional Energy Cooperation in GCC**: Investments in renewable energy and interconnected grids among GCC countries to enhance energy security and promote sustainable practices.",Saudi Arabia Boosts Natural Gas Production to Diversify Energy Portfolio and Reduce Oil Dependence,"Saudi Arabia is increasingly focusing on enhancing its natural gas production to diversify its energy portfolio and reduce reliance on oil. The country is investing in advanced technologies and methodologies to improve extraction efficiency, particularly in unconventional gas resources. As global energy demands shift, Saudi Arabia aims to leverage its vast natural gas reserves, which are crucial for both domestic energy needs and export potential. The interplay between technological advancements and the geological characteristics of its gas fields will play a significant role in shaping the future of Saudi Arabia's natural gas industry.",Nature,Quantitative characterization and optimization of fracability in continental shale reservoirs,"Wang, R. Y., Hu, Z. Q. & Li, D. Advancement and trends of shale gas reservoir characterization and evaluation. Oil Gas Geol.
Enrichment conditions and exploration direction of jurassic continental shale oil and gas in Sichuan basin. Acta Petrolei Sinica.",12,"The text discusses advancements in shale gas reservoir characterization, highlighting exploration trends that could inform Saudi Arabia's strategy to enhance natural gas production and reduce reliance on oil.",12,New,Positive,High
2025-11-11,"- **Gas Supply Cut in Ukraine**: Complete cut-off of gas supply in Lyman highlights vulnerabilities in Ukraine's energy infrastructure amid ongoing conflict, stressing the need for resilient energy systems.

- **Natural Gas Demand Surge in North America**: Increased demand and storage constraints emphasize the critical role of natural gas storage for energy security and price stability.

- **Geopolitical Tensions Affecting LNG Supply**: Legal disputes involving Venture Global and major energy companies over LNG delivery failures amid rising prices reflect the complexities of securing reliable energy supplies.

- **Egypt's LNG Exports**: Egypt boosts LNG exports to address Europe's energy crisis exacerbated by reduced Russian supplies, enhancing regional energy security.

- **India's Renewable Energy Initiatives**: The Adani Group's 1,126 MW Battery Energy Storage System project aims to tackle natural gas demand issues and improve grid reliability in India.

- **Global Renewable Energy Investments**: Significant investments in renewable energy projects worldwide, including partnerships for battery storage and carbon capture, reflect a commitment to sustainability.

- **Saudi Arabia's Natural Gas Production**: Increased focus on natural gas production to diversify energy portfolio and reduce oil dependence, addressing rising electricity demand.

- **China's Renewable Energy Growth**: Solar generation up 46% and wind by 11%, despite pricing challenges, indicating a strong push towards cleaner energy sources.

- **Carbon Capture and Storage (CCS) Initiatives**: Growing momentum in CCS projects globally, with strategic partnerships aimed at enhancing energy infrastructure and reducing emissions.

- **Regional Energy Cooperation in GCC**: Investments in renewable energy and interconnected grids among GCC countries to enhance energy security and promote sustainable practices.",Saudi Arabia Boosts Natural Gas Production to Diversify Energy Portfolio and Reduce Oil Dependence,"Saudi Arabia is increasingly focusing on enhancing its natural gas production to diversify its energy portfolio and reduce reliance on oil. The country is investing in advanced technologies and methodologies to improve extraction efficiency, particularly in unconventional gas resources. As global energy demands shift, Saudi Arabia aims to leverage its vast natural gas reserves, which are crucial for both domestic energy needs and export potential. The interplay between technological advancements and the geological characteristics of its gas fields will play a significant role in shaping the future of Saudi Arabia's natural gas industry.",Nature,Quantitative characterization and optimization of fracability in continental shale reservoirs,"Geological characteristics of jurassic shale
Gas generation characteristics
Geochemical features mainly characterize the gas generation capacity of strata. Through sample analysis, it was found that the Jurassic kerogen in the Yuanba area was mainly of type III, with Ro ranging from 1.23 to 1.42%, averaging 1.32%. The organic carbon content (TOC) in shale determines the amount of hydrocarbon generation. The TOC of the Qianfoya Formation in Yuanba area ranges from 0.33% to 8.87%, with an average of 1.21%. The TOC in the Da 'anzhai Member ranges from 0.30% to 3.64%, with an average of 1.06%. In terms of the ability to generate vitality, the Qianfoya Formation is slightly better than the Da 'anzhai Member.",12,"The Jurassic shale in the Yuanba area exhibits favorable geochemical characteristics for natural gas generation, with type III kerogen and varying organic carbon content, supporting Saudi Arabia's efforts to enhance natural gas production and reduce oil dependence.",12,New,Positive,High
2025-11-11,"- **Gas Supply Cut in Ukraine**: Complete cut-off of gas supply in Lyman highlights vulnerabilities in Ukraine's energy infrastructure amid ongoing conflict, stressing the need for resilient energy systems.

- **Natural Gas Demand Surge in North America**: Increased demand and storage constraints emphasize the critical role of natural gas storage for energy security and price stability.

- **Geopolitical Tensions Affecting LNG Supply**: Legal disputes involving Venture Global and major energy companies over LNG delivery failures amid rising prices reflect the complexities of securing reliable energy supplies.

- **Egypt's LNG Exports**: Egypt boosts LNG exports to address Europe's energy crisis exacerbated by reduced Russian supplies, enhancing regional energy security.

- **India's Renewable Energy Initiatives**: The Adani Group's 1,126 MW Battery Energy Storage System project aims to tackle natural gas demand issues and improve grid reliability in India.

- **Global Renewable Energy Investments**: Significant investments in renewable energy projects worldwide, including partnerships for battery storage and carbon capture, reflect a commitment to sustainability.

- **Saudi Arabia's Natural Gas Production**: Increased focus on natural gas production to diversify energy portfolio and reduce oil dependence, addressing rising electricity demand.

- **China's Renewable Energy Growth**: Solar generation up 46% and wind by 11%, despite pricing challenges, indicating a strong push towards cleaner energy sources.

- **Carbon Capture and Storage (CCS) Initiatives**: Growing momentum in CCS projects globally, with strategic partnerships aimed at enhancing energy infrastructure and reducing emissions.

- **Regional Energy Cooperation in GCC**: Investments in renewable energy and interconnected grids among GCC countries to enhance energy security and promote sustainable practices.",Saudi Arabia Boosts Natural Gas Production to Diversify Energy Portfolio and Reduce Oil Dependence,"Saudi Arabia is increasingly focusing on enhancing its natural gas production to diversify its energy portfolio and reduce reliance on oil. The country is investing in advanced technologies and methodologies to improve extraction efficiency, particularly in unconventional gas resources. As global energy demands shift, Saudi Arabia aims to leverage its vast natural gas reserves, which are crucial for both domestic energy needs and export potential. The interplay between technological advancements and the geological characteristics of its gas fields will play a significant role in shaping the future of Saudi Arabia's natural gas industry.",Nature,Quantitative characterization and optimization of fracability in continental shale reservoirs,"Geological characteristics and controlling factors of deep shale gas enrichment of the Wufeng-Longmaxi formation in the Southern Sichuan Basin, China.
Determination of fracture toughness of modes I and II of shale formation. J. Rock Mechan.",12,The study of shale gas enrichment in the Southern Sichuan Basin highlights geological factors that could inform Saudi Arabia's efforts to enhance its natural gas production and diversify its energy portfolio.,12,New,Positive,High
2025-11-11,"- **Gas Supply Cut in Ukraine**: Complete cut-off of gas supply in Lyman highlights vulnerabilities in Ukraine's energy infrastructure amid ongoing conflict, stressing the need for resilient energy systems.

- **Natural Gas Demand Surge in North America**: Increased demand and storage constraints emphasize the critical role of natural gas storage for energy security and price stability.

- **Geopolitical Tensions Affecting LNG Supply**: Legal disputes involving Venture Global and major energy companies over LNG delivery failures amid rising prices reflect the complexities of securing reliable energy supplies.

- **Egypt's LNG Exports**: Egypt boosts LNG exports to address Europe's energy crisis exacerbated by reduced Russian supplies, enhancing regional energy security.

- **India's Renewable Energy Initiatives**: The Adani Group's 1,126 MW Battery Energy Storage System project aims to tackle natural gas demand issues and improve grid reliability in India.

- **Global Renewable Energy Investments**: Significant investments in renewable energy projects worldwide, including partnerships for battery storage and carbon capture, reflect a commitment to sustainability.

- **Saudi Arabia's Natural Gas Production**: Increased focus on natural gas production to diversify energy portfolio and reduce oil dependence, addressing rising electricity demand.

- **China's Renewable Energy Growth**: Solar generation up 46% and wind by 11%, despite pricing challenges, indicating a strong push towards cleaner energy sources.

- **Carbon Capture and Storage (CCS) Initiatives**: Growing momentum in CCS projects globally, with strategic partnerships aimed at enhancing energy infrastructure and reducing emissions.

- **Regional Energy Cooperation in GCC**: Investments in renewable energy and interconnected grids among GCC countries to enhance energy security and promote sustainable practices.",Saudi Arabia Boosts Natural Gas Production to Diversify Energy Portfolio and Reduce Oil Dependence,"Saudi Arabia is increasingly focusing on enhancing its natural gas production to diversify its energy portfolio and reduce reliance on oil. The country is investing in advanced technologies and methodologies to improve extraction efficiency, particularly in unconventional gas resources. As global energy demands shift, Saudi Arabia aims to leverage its vast natural gas reserves, which are crucial for both domestic energy needs and export potential. The interplay between technological advancements and the geological characteristics of its gas fields will play a significant role in shaping the future of Saudi Arabia's natural gas industry.",Nature,Quantitative characterization and optimization of fracability in continental shale reservoirs,"With the advancement of domestic fracturing technology, breakthroughs have been achieved in horizontal well fracturing techniques, including ""multi-stage and multi-cluster fracturing, high pumping rates, temporary plugging and diverting, and volume fracturing."" These advancements have facilitated the leapfrog development of shale gas in the Sichuan Basin. Large and medium-sized marine shale gas fields such as Fuling, Weiyuan, Changning, Weirong, and Qijiang have been discovered in the Wufeng-Longmaxi formations and achieved commercial development. In contrast to marine shales, continental shales are characterized by rapid facies changes, diverse lithofacies associations (with well-developed interbeds)and low organic matter abundance26,27,28,29,30,31,32.",12,"Advancements in fracturing technology have enabled significant shale gas development in China, highlighting the potential for similar innovations to enhance Saudi Arabia's natural gas production and reduce its reliance on oil.",12,New,Positive,High
2025-11-11,"- **Gas Supply Cut in Ukraine**: Complete cut-off of gas supply in Lyman highlights vulnerabilities in Ukraine's energy infrastructure amid ongoing conflict, stressing the need for resilient energy systems.

- **Natural Gas Demand Surge in North America**: Increased demand and storage constraints emphasize the critical role of natural gas storage for energy security and price stability.

- **Geopolitical Tensions Affecting LNG Supply**: Legal disputes involving Venture Global and major energy companies over LNG delivery failures amid rising prices reflect the complexities of securing reliable energy supplies.

- **Egypt's LNG Exports**: Egypt boosts LNG exports to address Europe's energy crisis exacerbated by reduced Russian supplies, enhancing regional energy security.

- **India's Renewable Energy Initiatives**: The Adani Group's 1,126 MW Battery Energy Storage System project aims to tackle natural gas demand issues and improve grid reliability in India.

- **Global Renewable Energy Investments**: Significant investments in renewable energy projects worldwide, including partnerships for battery storage and carbon capture, reflect a commitment to sustainability.

- **Saudi Arabia's Natural Gas Production**: Increased focus on natural gas production to diversify energy portfolio and reduce oil dependence, addressing rising electricity demand.

- **China's Renewable Energy Growth**: Solar generation up 46% and wind by 11%, despite pricing challenges, indicating a strong push towards cleaner energy sources.

- **Carbon Capture and Storage (CCS) Initiatives**: Growing momentum in CCS projects globally, with strategic partnerships aimed at enhancing energy infrastructure and reducing emissions.

- **Regional Energy Cooperation in GCC**: Investments in renewable energy and interconnected grids among GCC countries to enhance energy security and promote sustainable practices.",Saudi Arabia Boosts Natural Gas Production to Diversify Energy Portfolio and Reduce Oil Dependence,"Saudi Arabia is increasingly focusing on enhancing its natural gas production to diversify its energy portfolio and reduce reliance on oil. The country is investing in advanced technologies and methodologies to improve extraction efficiency, particularly in unconventional gas resources. As global energy demands shift, Saudi Arabia aims to leverage its vast natural gas reserves, which are crucial for both domestic energy needs and export potential. The interplay between technological advancements and the geological characteristics of its gas fields will play a significant role in shaping the future of Saudi Arabia's natural gas industry.",Nature,Quantitative characterization and optimization of fracability in continental shale reservoirs,"Gas-bearing characteristics
Gas content is the most intuitive parameter for characterizing the gas capacity of a formation. Shale gas consists of two parts: adsorbed gas and free gas. The desorption volume of the core samples from the on-site gas content test of the Qianfoya Formation ranged from 0.068 to 0.433 m³ /t, with an average of 0.195 m³ /t. The total gas content ranged from 0.223 to 1.757 m³ /t, with an average of 0.720 m³ /t. The desorption volume in the Da 'anzhai Member ranges from 0.110 to 0.300 m³ /t, with an average of 0.200 m³ /t. The total gas content ranged from 0.230 to 2.030 m³ /t, with an average of 0.910 m³ /t. Judging from the current gas content, the Da 'anzhai Member is higher than the Qianfoya Formation.",12,"The analysis of gas content in the Qianfoya Formation and Da 'anzhai Member indicates significant shale gas potential, supporting Saudi Arabia's strategy to enhance natural gas production and reduce reliance on oil.",12,New,Positive,High
2025-11-11,"- **Gas Supply Cut in Ukraine**: Complete cut-off of gas supply in Lyman highlights vulnerabilities in Ukraine's energy infrastructure amid ongoing conflict, stressing the need for resilient energy systems.

- **Natural Gas Demand Surge in North America**: Increased demand and storage constraints emphasize the critical role of natural gas storage for energy security and price stability.

- **Geopolitical Tensions Affecting LNG Supply**: Legal disputes involving Venture Global and major energy companies over LNG delivery failures amid rising prices reflect the complexities of securing reliable energy supplies.

- **Egypt's LNG Exports**: Egypt boosts LNG exports to address Europe's energy crisis exacerbated by reduced Russian supplies, enhancing regional energy security.

- **India's Renewable Energy Initiatives**: The Adani Group's 1,126 MW Battery Energy Storage System project aims to tackle natural gas demand issues and improve grid reliability in India.

- **Global Renewable Energy Investments**: Significant investments in renewable energy projects worldwide, including partnerships for battery storage and carbon capture, reflect a commitment to sustainability.

- **Saudi Arabia's Natural Gas Production**: Increased focus on natural gas production to diversify energy portfolio and reduce oil dependence, addressing rising electricity demand.

- **China's Renewable Energy Growth**: Solar generation up 46% and wind by 11%, despite pricing challenges, indicating a strong push towards cleaner energy sources.

- **Carbon Capture and Storage (CCS) Initiatives**: Growing momentum in CCS projects globally, with strategic partnerships aimed at enhancing energy infrastructure and reducing emissions.

- **Regional Energy Cooperation in GCC**: Investments in renewable energy and interconnected grids among GCC countries to enhance energy security and promote sustainable practices.",Saudi Arabia Boosts Natural Gas Production to Diversify Energy Portfolio and Reduce Oil Dependence,"Saudi Arabia is increasingly focusing on enhancing its natural gas production to diversify its energy portfolio and reduce reliance on oil. The country is investing in advanced technologies and methodologies to improve extraction efficiency, particularly in unconventional gas resources. As global energy demands shift, Saudi Arabia aims to leverage its vast natural gas reserves, which are crucial for both domestic energy needs and export potential. The interplay between technological advancements and the geological characteristics of its gas fields will play a significant role in shaping the future of Saudi Arabia's natural gas industry.",Madhyamam,Kerala HC stays new KSERC renewable energy regulations,The petition will be considered again on December 1.,12,Saudi Arabia is taking steps to enhance its natural gas production as part of its strategy to diversify its energy portfolio and decrease reliance on oil.,12,New,Positive,High
2025-11-11,"- **Gas Supply Cut in Ukraine**: Complete cut-off of gas supply in Lyman highlights vulnerabilities in Ukraine's energy infrastructure amid ongoing conflict, stressing the need for resilient energy systems.

- **Natural Gas Demand Surge in North America**: Increased demand and storage constraints emphasize the critical role of natural gas storage for energy security and price stability.

- **Geopolitical Tensions Affecting LNG Supply**: Legal disputes involving Venture Global and major energy companies over LNG delivery failures amid rising prices reflect the complexities of securing reliable energy supplies.

- **Egypt's LNG Exports**: Egypt boosts LNG exports to address Europe's energy crisis exacerbated by reduced Russian supplies, enhancing regional energy security.

- **India's Renewable Energy Initiatives**: The Adani Group's 1,126 MW Battery Energy Storage System project aims to tackle natural gas demand issues and improve grid reliability in India.

- **Global Renewable Energy Investments**: Significant investments in renewable energy projects worldwide, including partnerships for battery storage and carbon capture, reflect a commitment to sustainability.

- **Saudi Arabia's Natural Gas Production**: Increased focus on natural gas production to diversify energy portfolio and reduce oil dependence, addressing rising electricity demand.

- **China's Renewable Energy Growth**: Solar generation up 46% and wind by 11%, despite pricing challenges, indicating a strong push towards cleaner energy sources.

- **Carbon Capture and Storage (CCS) Initiatives**: Growing momentum in CCS projects globally, with strategic partnerships aimed at enhancing energy infrastructure and reducing emissions.

- **Regional Energy Cooperation in GCC**: Investments in renewable energy and interconnected grids among GCC countries to enhance energy security and promote sustainable practices.",Saudi Arabia Boosts Natural Gas Production to Diversify Energy Portfolio and Reduce Oil Dependence,"Saudi Arabia is increasingly focusing on enhancing its natural gas production to diversify its energy portfolio and reduce reliance on oil. The country is investing in advanced technologies and methodologies to improve extraction efficiency, particularly in unconventional gas resources. As global energy demands shift, Saudi Arabia aims to leverage its vast natural gas reserves, which are crucial for both domestic energy needs and export potential. The interplay between technological advancements and the geological characteristics of its gas fields will play a significant role in shaping the future of Saudi Arabia's natural gas industry.",Mondaq.Com,TEMPLARS Transcripts: Energy and Natural Resources Digest | November 2025,"A 90% cut in crude oil theft, from 102,900 barrels per day in
2021 to 9,600 in September 2025.
The successful award of gas flare permits under the Nigerian
Gas Flare Commercialization Programme, which is projected to
attract at least $2.5bn in investments.",12,"Nigeria's significant reduction in crude oil theft and successful gas flare permit awards signal progress in energy transition efforts, despite ongoing investment concerns.",12,New,Positive,High
2025-11-11,"- **Gas Supply Cut in Ukraine**: Complete cut-off of gas supply in Lyman highlights vulnerabilities in Ukraine's energy infrastructure amid ongoing conflict, stressing the need for resilient energy systems.

- **Natural Gas Demand Surge in North America**: Increased demand and storage constraints emphasize the critical role of natural gas storage for energy security and price stability.

- **Geopolitical Tensions Affecting LNG Supply**: Legal disputes involving Venture Global and major energy companies over LNG delivery failures amid rising prices reflect the complexities of securing reliable energy supplies.

- **Egypt's LNG Exports**: Egypt boosts LNG exports to address Europe's energy crisis exacerbated by reduced Russian supplies, enhancing regional energy security.

- **India's Renewable Energy Initiatives**: The Adani Group's 1,126 MW Battery Energy Storage System project aims to tackle natural gas demand issues and improve grid reliability in India.

- **Global Renewable Energy Investments**: Significant investments in renewable energy projects worldwide, including partnerships for battery storage and carbon capture, reflect a commitment to sustainability.

- **Saudi Arabia's Natural Gas Production**: Increased focus on natural gas production to diversify energy portfolio and reduce oil dependence, addressing rising electricity demand.

- **China's Renewable Energy Growth**: Solar generation up 46% and wind by 11%, despite pricing challenges, indicating a strong push towards cleaner energy sources.

- **Carbon Capture and Storage (CCS) Initiatives**: Growing momentum in CCS projects globally, with strategic partnerships aimed at enhancing energy infrastructure and reducing emissions.

- **Regional Energy Cooperation in GCC**: Investments in renewable energy and interconnected grids among GCC countries to enhance energy security and promote sustainable practices.",Saudi Arabia Boosts Natural Gas Production to Diversify Energy Portfolio and Reduce Oil Dependence,"Saudi Arabia is increasingly focusing on enhancing its natural gas production to diversify its energy portfolio and reduce reliance on oil. The country is investing in advanced technologies and methodologies to improve extraction efficiency, particularly in unconventional gas resources. As global energy demands shift, Saudi Arabia aims to leverage its vast natural gas reserves, which are crucial for both domestic energy needs and export potential. The interplay between technological advancements and the geological characteristics of its gas fields will play a significant role in shaping the future of Saudi Arabia's natural gas industry.",The Economic Times,"India, China leading global clean energy transition: COP30 President","Addressing a press conference at the opening of COP30 in Belem, Brazil, do Lago said China has ""embraced this agenda in an extraordinary way"" by combining scale, technology and affordability, three crucial ingredients that have accelerated the world's progress towards cleaner energy systems.",12,"China's commitment to cleaner energy through scale, technology, and affordability highlights the global shift towards diversified energy sources, paralleling Saudi Arabia's efforts to boost natural gas production and reduce oil dependence.",12,New,Positive,High
2025-11-11,"- **Gas Supply Cut in Ukraine**: Complete cut-off of gas supply in Lyman highlights vulnerabilities in Ukraine's energy infrastructure amid ongoing conflict, stressing the need for resilient energy systems.

- **Natural Gas Demand Surge in North America**: Increased demand and storage constraints emphasize the critical role of natural gas storage for energy security and price stability.

- **Geopolitical Tensions Affecting LNG Supply**: Legal disputes involving Venture Global and major energy companies over LNG delivery failures amid rising prices reflect the complexities of securing reliable energy supplies.

- **Egypt's LNG Exports**: Egypt boosts LNG exports to address Europe's energy crisis exacerbated by reduced Russian supplies, enhancing regional energy security.

- **India's Renewable Energy Initiatives**: The Adani Group's 1,126 MW Battery Energy Storage System project aims to tackle natural gas demand issues and improve grid reliability in India.

- **Global Renewable Energy Investments**: Significant investments in renewable energy projects worldwide, including partnerships for battery storage and carbon capture, reflect a commitment to sustainability.

- **Saudi Arabia's Natural Gas Production**: Increased focus on natural gas production to diversify energy portfolio and reduce oil dependence, addressing rising electricity demand.

- **China's Renewable Energy Growth**: Solar generation up 46% and wind by 11%, despite pricing challenges, indicating a strong push towards cleaner energy sources.

- **Carbon Capture and Storage (CCS) Initiatives**: Growing momentum in CCS projects globally, with strategic partnerships aimed at enhancing energy infrastructure and reducing emissions.

- **Regional Energy Cooperation in GCC**: Investments in renewable energy and interconnected grids among GCC countries to enhance energy security and promote sustainable practices.",Saudi Arabia Boosts Natural Gas Production to Diversify Energy Portfolio and Reduce Oil Dependence,"Saudi Arabia is increasingly focusing on enhancing its natural gas production to diversify its energy portfolio and reduce reliance on oil. The country is investing in advanced technologies and methodologies to improve extraction efficiency, particularly in unconventional gas resources. As global energy demands shift, Saudi Arabia aims to leverage its vast natural gas reserves, which are crucial for both domestic energy needs and export potential. The interplay between technological advancements and the geological characteristics of its gas fields will play a significant role in shaping the future of Saudi Arabia's natural gas industry.",The Economic Times,"India, China leading global clean energy transition: COP30 President","He said both China and India are shaping the future of the global energy transition.
""China has very advanced technology and has a scale that can only be compared to India. And India is somehow doing the same, because they also have brilliant companies and engineers and incredible people. They are going in the same direction,"" he said in response to a question on China's contribution to the fight against climate change",12,"China and India are pivotal in the global energy transition, showcasing advanced technologies and innovative capabilities that align with Saudi Arabia's efforts to diversify its energy portfolio and reduce oil dependence.",12,New,Positive,High
2025-11-11,"- **Gas Supply Cut in Ukraine**: Complete cut-off of gas supply in Lyman highlights vulnerabilities in Ukraine's energy infrastructure amid ongoing conflict, stressing the need for resilient energy systems.

- **Natural Gas Demand Surge in North America**: Increased demand and storage constraints emphasize the critical role of natural gas storage for energy security and price stability.

- **Geopolitical Tensions Affecting LNG Supply**: Legal disputes involving Venture Global and major energy companies over LNG delivery failures amid rising prices reflect the complexities of securing reliable energy supplies.

- **Egypt's LNG Exports**: Egypt boosts LNG exports to address Europe's energy crisis exacerbated by reduced Russian supplies, enhancing regional energy security.

- **India's Renewable Energy Initiatives**: The Adani Group's 1,126 MW Battery Energy Storage System project aims to tackle natural gas demand issues and improve grid reliability in India.

- **Global Renewable Energy Investments**: Significant investments in renewable energy projects worldwide, including partnerships for battery storage and carbon capture, reflect a commitment to sustainability.

- **Saudi Arabia's Natural Gas Production**: Increased focus on natural gas production to diversify energy portfolio and reduce oil dependence, addressing rising electricity demand.

- **China's Renewable Energy Growth**: Solar generation up 46% and wind by 11%, despite pricing challenges, indicating a strong push towards cleaner energy sources.

- **Carbon Capture and Storage (CCS) Initiatives**: Growing momentum in CCS projects globally, with strategic partnerships aimed at enhancing energy infrastructure and reducing emissions.

- **Regional Energy Cooperation in GCC**: Investments in renewable energy and interconnected grids among GCC countries to enhance energy security and promote sustainable practices.",Saudi Arabia Boosts Natural Gas Production to Diversify Energy Portfolio and Reduce Oil Dependence,"Saudi Arabia is increasingly focusing on enhancing its natural gas production to diversify its energy portfolio and reduce reliance on oil. The country is investing in advanced technologies and methodologies to improve extraction efficiency, particularly in unconventional gas resources. As global energy demands shift, Saudi Arabia aims to leverage its vast natural gas reserves, which are crucial for both domestic energy needs and export potential. The interplay between technological advancements and the geological characteristics of its gas fields will play a significant role in shaping the future of Saudi Arabia's natural gas industry.",SolarQuarter,EBRD Boosts Investment In Egypt's Infinity With Additional $40 Million To Accelerate 3 GW Renewable Energy Projects Across Africa,"The follow-on investment underscores the EBRD's continued commitment to promoting private sector-led renewable energy development across Africa and aligns with its broader strategic objectives of fostering the green transition and supporting sustainable infrastructure growth. Infinity, a trusted EBRD client for several years, plays a central role in driving Egypt's renewable energy ambitions and expanding clean power generation throughout the continent.",12,"The EBRD's investment in renewable energy development in Africa highlights the importance of diversifying energy sources, a strategy that aligns with Saudi Arabia's efforts to boost natural gas production and reduce its reliance on oil.",12,New,Positive,High
2025-11-11,"- **Gas Supply Cut in Ukraine**: Complete cut-off of gas supply in Lyman highlights vulnerabilities in Ukraine's energy infrastructure amid ongoing conflict, stressing the need for resilient energy systems.

- **Natural Gas Demand Surge in North America**: Increased demand and storage constraints emphasize the critical role of natural gas storage for energy security and price stability.

- **Geopolitical Tensions Affecting LNG Supply**: Legal disputes involving Venture Global and major energy companies over LNG delivery failures amid rising prices reflect the complexities of securing reliable energy supplies.

- **Egypt's LNG Exports**: Egypt boosts LNG exports to address Europe's energy crisis exacerbated by reduced Russian supplies, enhancing regional energy security.

- **India's Renewable Energy Initiatives**: The Adani Group's 1,126 MW Battery Energy Storage System project aims to tackle natural gas demand issues and improve grid reliability in India.

- **Global Renewable Energy Investments**: Significant investments in renewable energy projects worldwide, including partnerships for battery storage and carbon capture, reflect a commitment to sustainability.

- **Saudi Arabia's Natural Gas Production**: Increased focus on natural gas production to diversify energy portfolio and reduce oil dependence, addressing rising electricity demand.

- **China's Renewable Energy Growth**: Solar generation up 46% and wind by 11%, despite pricing challenges, indicating a strong push towards cleaner energy sources.

- **Carbon Capture and Storage (CCS) Initiatives**: Growing momentum in CCS projects globally, with strategic partnerships aimed at enhancing energy infrastructure and reducing emissions.

- **Regional Energy Cooperation in GCC**: Investments in renewable energy and interconnected grids among GCC countries to enhance energy security and promote sustainable practices.",Iran's Flare Gas Recovery Surge: A Leap Towards Sustainable Energy and Emission Reduction,"Iran is experiencing a significant surge in flare gas recovery, which is a critical development in its energy sector. This initiative aims to enhance the efficiency of gas utilization and reduce environmental impacts associated with flaring. The Iranian government is implementing advanced technologies and strategies to capture and utilize flare gas, thereby improving energy security and contributing to sustainable energy practices. This surge in recovery efforts is expected to not only optimize resource management but also align with global trends towards reducing greenhouse gas emissions and promoting cleaner energy solutions.",Engineering News,How market liberalisation can unlock SA's renewable energy future,"Liberalisation in the energy market creates space for innovation and competition. Allowing multiple energy generators to sell power into a transparent trading environment will encourage investment in flexible, low-cost renewables such as wind. This means moving beyond the confines of a single-buyer model and adopting a system where efficiency and flexibility drive the market. To accomplish this, the unbundling of Eskom, the establishment of the National Transmission Company South Africa (NTCSA), and the creation of a Market Operator are key. The draft Market Code in particular sets the stage for an electricity market that rewards responsiveness, encourages liquidity, and values transparency.",8,"The liberalization of Iran's energy market, through initiatives like unbundling and establishing a transparent trading environment, is crucial for fostering innovation and investment in sustainable energy solutions, including flare gas recovery.",8,New,Positive,Medium
2025-11-11,"- **Gas Supply Cut in Ukraine**: Complete cut-off of gas supply in Lyman highlights vulnerabilities in Ukraine's energy infrastructure amid ongoing conflict, stressing the need for resilient energy systems.

- **Natural Gas Demand Surge in North America**: Increased demand and storage constraints emphasize the critical role of natural gas storage for energy security and price stability.

- **Geopolitical Tensions Affecting LNG Supply**: Legal disputes involving Venture Global and major energy companies over LNG delivery failures amid rising prices reflect the complexities of securing reliable energy supplies.

- **Egypt's LNG Exports**: Egypt boosts LNG exports to address Europe's energy crisis exacerbated by reduced Russian supplies, enhancing regional energy security.

- **India's Renewable Energy Initiatives**: The Adani Group's 1,126 MW Battery Energy Storage System project aims to tackle natural gas demand issues and improve grid reliability in India.

- **Global Renewable Energy Investments**: Significant investments in renewable energy projects worldwide, including partnerships for battery storage and carbon capture, reflect a commitment to sustainability.

- **Saudi Arabia's Natural Gas Production**: Increased focus on natural gas production to diversify energy portfolio and reduce oil dependence, addressing rising electricity demand.

- **China's Renewable Energy Growth**: Solar generation up 46% and wind by 11%, despite pricing challenges, indicating a strong push towards cleaner energy sources.

- **Carbon Capture and Storage (CCS) Initiatives**: Growing momentum in CCS projects globally, with strategic partnerships aimed at enhancing energy infrastructure and reducing emissions.

- **Regional Energy Cooperation in GCC**: Investments in renewable energy and interconnected grids among GCC countries to enhance energy security and promote sustainable practices.",Iran's Flare Gas Recovery Surge: A Leap Towards Sustainable Energy and Emission Reduction,"Iran is experiencing a significant surge in flare gas recovery, which is a critical development in its energy sector. This initiative aims to enhance the efficiency of gas utilization and reduce environmental impacts associated with flaring. The Iranian government is implementing advanced technologies and strategies to capture and utilize flare gas, thereby improving energy security and contributing to sustainable energy practices. This surge in recovery efforts is expected to not only optimize resource management but also align with global trends towards reducing greenhouse gas emissions and promoting cleaner energy solutions.",Engineering News,How market liberalisation can unlock SA's renewable energy future,"As the industry convener, SAWEA is proud to be hosting several SAWEM capacity-building sessions in the lead-up to market launch. This commitment reflects our role in preparing stakeholders for active participation in South Africa's evolving wholesale electricity market. By facilitating practical engagements on topics such as market governance, dispatch and balancing, settlement systems and interactive simulations, SAWEA ensures that members, partners, and broader stakeholders are not only informed but empowered. Our objective is to build shared literacy, strengthen transparency, and foster readiness across the sector, so that when SAWEM goes live in April 2026, participants are equipped to unlock its full potential for competition, resilience and sustainable growth.",8,"SAWEA's capacity-building sessions aim to prepare stakeholders for South Africa's wholesale electricity market, promoting transparency and readiness for sustainable energy growth.",8,New,Positive,Medium
2025-11-11,"- **Gas Supply Cut in Ukraine**: Complete cut-off of gas supply in Lyman highlights vulnerabilities in Ukraine's energy infrastructure amid ongoing conflict, stressing the need for resilient energy systems.

- **Natural Gas Demand Surge in North America**: Increased demand and storage constraints emphasize the critical role of natural gas storage for energy security and price stability.

- **Geopolitical Tensions Affecting LNG Supply**: Legal disputes involving Venture Global and major energy companies over LNG delivery failures amid rising prices reflect the complexities of securing reliable energy supplies.

- **Egypt's LNG Exports**: Egypt boosts LNG exports to address Europe's energy crisis exacerbated by reduced Russian supplies, enhancing regional energy security.

- **India's Renewable Energy Initiatives**: The Adani Group's 1,126 MW Battery Energy Storage System project aims to tackle natural gas demand issues and improve grid reliability in India.

- **Global Renewable Energy Investments**: Significant investments in renewable energy projects worldwide, including partnerships for battery storage and carbon capture, reflect a commitment to sustainability.

- **Saudi Arabia's Natural Gas Production**: Increased focus on natural gas production to diversify energy portfolio and reduce oil dependence, addressing rising electricity demand.

- **China's Renewable Energy Growth**: Solar generation up 46% and wind by 11%, despite pricing challenges, indicating a strong push towards cleaner energy sources.

- **Carbon Capture and Storage (CCS) Initiatives**: Growing momentum in CCS projects globally, with strategic partnerships aimed at enhancing energy infrastructure and reducing emissions.

- **Regional Energy Cooperation in GCC**: Investments in renewable energy and interconnected grids among GCC countries to enhance energy security and promote sustainable practices.",Petronas Leads CCS Initiative in Malaysia as Offshore Wind Gains Traction for Net-Zero Goals,"Offshore wind development is gaining momentum as countries seek to achieve net-zero emissions and enhance energy security. Petronas' initiative in Malaysia to advance carbon capture and storage (CCS) exemplifies this trend, as it collaborates with TotalEnergies and Mitsui to explore carbon storage potential in the Duyong area. This project positions Malaysia as a leader in CCS technology, crucial for decarbonizing the energy sector. Concurrently, the Netherlands is experiencing a rise in micro-combined heat and power (micro-CHP) technology adoption, driven by high energy costs and strict emission policies. Government incentives are promoting decentralized energy generation, which aligns with national climate goals and addresses energy supply volatility. Together, these developments underscore the importance of innovative technologies in the transition to cleaner energy sources, including offshore wind.",EIN Presswire,"Netherlands Micro CHP Market Set to Reach USD 270.6 Million by 2035, Driven by Innovation and Expansion","Supportive government policies remain a cornerstone of market expansion. The Netherlands Enterprise Agency (RVO) has launched multiple programs offering tax benefits, subsidies, and low-interest financing options to encourage the adoption of micro-CHP systems in homes and businesses. These initiatives align with the nation's Climate Agreement, which aims to cut CO2 emissions by 49% by 2030.
As energy independence becomes a national priority, Dutch households and enterprises are increasingly investing in decentralized systems that reduce grid dependency. Micro-CHP technology, which simultaneously produces electricity and heat, provides an efficient and cost-effective solution for achieving this independence.",5,"Supportive government policies in the Netherlands, including tax benefits and subsidies for micro-CHP systems, are driving market expansion and aligning with climate goals to reduce CO2 emissions, highlighting the importance of such initiatives in achieving energy independence and net-zero targets.",5,New,Positive,Medium
2025-11-11,"- **Gas Supply Cut in Ukraine**: Complete cut-off of gas supply in Lyman highlights vulnerabilities in Ukraine's energy infrastructure amid ongoing conflict, stressing the need for resilient energy systems.

- **Natural Gas Demand Surge in North America**: Increased demand and storage constraints emphasize the critical role of natural gas storage for energy security and price stability.

- **Geopolitical Tensions Affecting LNG Supply**: Legal disputes involving Venture Global and major energy companies over LNG delivery failures amid rising prices reflect the complexities of securing reliable energy supplies.

- **Egypt's LNG Exports**: Egypt boosts LNG exports to address Europe's energy crisis exacerbated by reduced Russian supplies, enhancing regional energy security.

- **India's Renewable Energy Initiatives**: The Adani Group's 1,126 MW Battery Energy Storage System project aims to tackle natural gas demand issues and improve grid reliability in India.

- **Global Renewable Energy Investments**: Significant investments in renewable energy projects worldwide, including partnerships for battery storage and carbon capture, reflect a commitment to sustainability.

- **Saudi Arabia's Natural Gas Production**: Increased focus on natural gas production to diversify energy portfolio and reduce oil dependence, addressing rising electricity demand.

- **China's Renewable Energy Growth**: Solar generation up 46% and wind by 11%, despite pricing challenges, indicating a strong push towards cleaner energy sources.

- **Carbon Capture and Storage (CCS) Initiatives**: Growing momentum in CCS projects globally, with strategic partnerships aimed at enhancing energy infrastructure and reducing emissions.

- **Regional Energy Cooperation in GCC**: Investments in renewable energy and interconnected grids among GCC countries to enhance energy security and promote sustainable practices.",Iran's Flare Gas Recovery Surge: A Leap Towards Sustainable Energy and Emission Reduction,"Iran is experiencing a significant surge in flare gas recovery, which is a critical development in its energy sector. This initiative aims to enhance the efficiency of gas utilization and reduce environmental impacts associated with flaring. The Iranian government is implementing advanced technologies and strategies to capture and utilize flare gas, thereby improving energy security and contributing to sustainable energy practices. This surge in recovery efforts is expected to not only optimize resource management but also align with global trends towards reducing greenhouse gas emissions and promoting cleaner energy solutions.",Engineering News,How market liberalisation can unlock SA's renewable energy future,"With the South African Wholesale Electricity Market (SAWEM) set to launch in April next year, the country's energy sector finds itself on the verge of one of the most transformative shifts ever. The intention to shift toward a liberalised electricity market is the beginning of a new energy era, and one that will determine how renewable energy, particularly that of wind power, can help shape the country's economic and environmental trajectory.",8,"The launch of the South African Wholesale Electricity Market in April marks a pivotal shift towards a liberalized energy sector, emphasizing the role of renewable energy, particularly wind power, in shaping sustainable economic and environmental outcomes.",8,New,Positive,Medium
2025-11-11,"- **Gas Supply Cut in Ukraine**: Complete cut-off of gas supply in Lyman highlights vulnerabilities in Ukraine's energy infrastructure amid ongoing conflict, stressing the need for resilient energy systems.

- **Natural Gas Demand Surge in North America**: Increased demand and storage constraints emphasize the critical role of natural gas storage for energy security and price stability.

- **Geopolitical Tensions Affecting LNG Supply**: Legal disputes involving Venture Global and major energy companies over LNG delivery failures amid rising prices reflect the complexities of securing reliable energy supplies.

- **Egypt's LNG Exports**: Egypt boosts LNG exports to address Europe's energy crisis exacerbated by reduced Russian supplies, enhancing regional energy security.

- **India's Renewable Energy Initiatives**: The Adani Group's 1,126 MW Battery Energy Storage System project aims to tackle natural gas demand issues and improve grid reliability in India.

- **Global Renewable Energy Investments**: Significant investments in renewable energy projects worldwide, including partnerships for battery storage and carbon capture, reflect a commitment to sustainability.

- **Saudi Arabia's Natural Gas Production**: Increased focus on natural gas production to diversify energy portfolio and reduce oil dependence, addressing rising electricity demand.

- **China's Renewable Energy Growth**: Solar generation up 46% and wind by 11%, despite pricing challenges, indicating a strong push towards cleaner energy sources.

- **Carbon Capture and Storage (CCS) Initiatives**: Growing momentum in CCS projects globally, with strategic partnerships aimed at enhancing energy infrastructure and reducing emissions.

- **Regional Energy Cooperation in GCC**: Investments in renewable energy and interconnected grids among GCC countries to enhance energy security and promote sustainable practices.",Gas Supply Cut in Lyman Exposes Ukraine's Energy Vulnerabilities Amid Conflict,"The recent complete cut-off of gas supply in Lyman, Donetsk region, due to damage to the gas distribution system, underscores the vulnerabilities in Ukraine's energy infrastructure amid ongoing geopolitical tensions. This incident highlights the urgent need for resilient energy systems in Ukraine, as the country faces significant challenges to its energy security due to conflict. Additionally, the broader trend towards integrating energy storage solutions, as exemplified by Adani Group's plans to expand its energy storage capacity, reflects a shift in the energy sector towards enhancing grid reliability and supporting renewable energy integration. This move is crucial for addressing the challenges posed by intermittent energy sources and ensuring a stable energy supply in regions affected by conflict.",United News of India,Adani Group to build India's largest battery storage systems in Gujarat by March 2026,"Adani Group plans to expand its energy storage capacity further by adding 15 GWh by March 2027 and reaching 50 GWh within five years.
As Adani Group enters into the BESS sector, it joins global energy leaders investing in large-scale energy storage.
Notably, the battery energy storage is increasingly becoming important to modern energy systems, as grids are handling large influxes of intermittent solar and wind power generation.
UNI VK SAS RKM",1,"Adani Group's expansion into energy storage highlights the growing importance of resilient energy systems, which is crucial for Ukraine as it faces vulnerabilities in gas supply amid ongoing conflict.",1,New,Negative,High
2025-11-11,"- **Gas Supply Cut in Ukraine**: Complete cut-off of gas supply in Lyman highlights vulnerabilities in Ukraine's energy infrastructure amid ongoing conflict, stressing the need for resilient energy systems.

- **Natural Gas Demand Surge in North America**: Increased demand and storage constraints emphasize the critical role of natural gas storage for energy security and price stability.

- **Geopolitical Tensions Affecting LNG Supply**: Legal disputes involving Venture Global and major energy companies over LNG delivery failures amid rising prices reflect the complexities of securing reliable energy supplies.

- **Egypt's LNG Exports**: Egypt boosts LNG exports to address Europe's energy crisis exacerbated by reduced Russian supplies, enhancing regional energy security.

- **India's Renewable Energy Initiatives**: The Adani Group's 1,126 MW Battery Energy Storage System project aims to tackle natural gas demand issues and improve grid reliability in India.

- **Global Renewable Energy Investments**: Significant investments in renewable energy projects worldwide, including partnerships for battery storage and carbon capture, reflect a commitment to sustainability.

- **Saudi Arabia's Natural Gas Production**: Increased focus on natural gas production to diversify energy portfolio and reduce oil dependence, addressing rising electricity demand.

- **China's Renewable Energy Growth**: Solar generation up 46% and wind by 11%, despite pricing challenges, indicating a strong push towards cleaner energy sources.

- **Carbon Capture and Storage (CCS) Initiatives**: Growing momentum in CCS projects globally, with strategic partnerships aimed at enhancing energy infrastructure and reducing emissions.

- **Regional Energy Cooperation in GCC**: Investments in renewable energy and interconnected grids among GCC countries to enhance energy security and promote sustainable practices.",Petronas Leads CCS Initiative in Malaysia as Offshore Wind Gains Traction for Net-Zero Goals,"Offshore wind development is gaining momentum as countries seek to achieve net-zero emissions and enhance energy security. Petronas' initiative in Malaysia to advance carbon capture and storage (CCS) exemplifies this trend, as it collaborates with TotalEnergies and Mitsui to explore carbon storage potential in the Duyong area. This project positions Malaysia as a leader in CCS technology, crucial for decarbonizing the energy sector. Concurrently, the Netherlands is experiencing a rise in micro-combined heat and power (micro-CHP) technology adoption, driven by high energy costs and strict emission policies. Government incentives are promoting decentralized energy generation, which aligns with national climate goals and addresses energy supply volatility. Together, these developments underscore the importance of innovative technologies in the transition to cleaner energy sources, including offshore wind.",EIN Presswire,"Netherlands Micro CHP Market Set to Reach USD 270.6 Million by 2035, Driven by Innovation and Expansion","As the Netherlands accelerates its energy transition, micro-CHP technology is playing a pivotal role in achieving sustainable heating and electricity generation. The nation's rising energy costs, coupled with strict emission policies, are prompting both homeowners and industries to explore distributed energy generation systems. With government support through incentives and subsidies, micro-CHP units are increasingly becoming integral to the country's smart energy landscape.",5,"The Netherlands' adoption of micro-CHP technology highlights the importance of distributed energy systems in achieving sustainability, paralleling Petronas' CCS initiatives and offshore wind developments in Malaysia for net-zero objectives.",5,New,Positive,Medium
2025-11-11,"- **Gas Supply Cut in Ukraine**: Complete cut-off of gas supply in Lyman highlights vulnerabilities in Ukraine's energy infrastructure amid ongoing conflict, stressing the need for resilient energy systems.

- **Natural Gas Demand Surge in North America**: Increased demand and storage constraints emphasize the critical role of natural gas storage for energy security and price stability.

- **Geopolitical Tensions Affecting LNG Supply**: Legal disputes involving Venture Global and major energy companies over LNG delivery failures amid rising prices reflect the complexities of securing reliable energy supplies.

- **Egypt's LNG Exports**: Egypt boosts LNG exports to address Europe's energy crisis exacerbated by reduced Russian supplies, enhancing regional energy security.

- **India's Renewable Energy Initiatives**: The Adani Group's 1,126 MW Battery Energy Storage System project aims to tackle natural gas demand issues and improve grid reliability in India.

- **Global Renewable Energy Investments**: Significant investments in renewable energy projects worldwide, including partnerships for battery storage and carbon capture, reflect a commitment to sustainability.

- **Saudi Arabia's Natural Gas Production**: Increased focus on natural gas production to diversify energy portfolio and reduce oil dependence, addressing rising electricity demand.

- **China's Renewable Energy Growth**: Solar generation up 46% and wind by 11%, despite pricing challenges, indicating a strong push towards cleaner energy sources.

- **Carbon Capture and Storage (CCS) Initiatives**: Growing momentum in CCS projects globally, with strategic partnerships aimed at enhancing energy infrastructure and reducing emissions.

- **Regional Energy Cooperation in GCC**: Investments in renewable energy and interconnected grids among GCC countries to enhance energy security and promote sustainable practices.",Iran's Flare Gas Recovery Surge: A Leap Towards Sustainable Energy and Emission Reduction,"Iran is experiencing a significant surge in flare gas recovery, which is a critical development in its energy sector. This initiative aims to enhance the efficiency of gas utilization and reduce environmental impacts associated with flaring. The Iranian government is implementing advanced technologies and strategies to capture and utilize flare gas, thereby improving energy security and contributing to sustainable energy practices. This surge in recovery efforts is expected to not only optimize resource management but also align with global trends towards reducing greenhouse gas emissions and promoting cleaner energy solutions.",MT Newswires - EMEA,Masdar to Develop Battery Energy Storage Project in Uzbekistan,"The first phase will have a capacity of storing up to 300 megawatts and will connect to the Murunau substation, while the second 300-MW phase will extend the Zarafshan facility, according to a Tuesday release by the Emirati state-owned renewable energy company.",8,"The Emirati renewable energy company plans a two-phase project with a total capacity of 600 megawatts, connecting to the Murunau substation and extending the Zarafshan facility.",8,New,Positive,Medium
2025-11-11,"- **Gas Supply Cut in Ukraine**: Complete cut-off of gas supply in Lyman highlights vulnerabilities in Ukraine's energy infrastructure amid ongoing conflict, stressing the need for resilient energy systems.

- **Natural Gas Demand Surge in North America**: Increased demand and storage constraints emphasize the critical role of natural gas storage for energy security and price stability.

- **Geopolitical Tensions Affecting LNG Supply**: Legal disputes involving Venture Global and major energy companies over LNG delivery failures amid rising prices reflect the complexities of securing reliable energy supplies.

- **Egypt's LNG Exports**: Egypt boosts LNG exports to address Europe's energy crisis exacerbated by reduced Russian supplies, enhancing regional energy security.

- **India's Renewable Energy Initiatives**: The Adani Group's 1,126 MW Battery Energy Storage System project aims to tackle natural gas demand issues and improve grid reliability in India.

- **Global Renewable Energy Investments**: Significant investments in renewable energy projects worldwide, including partnerships for battery storage and carbon capture, reflect a commitment to sustainability.

- **Saudi Arabia's Natural Gas Production**: Increased focus on natural gas production to diversify energy portfolio and reduce oil dependence, addressing rising electricity demand.

- **China's Renewable Energy Growth**: Solar generation up 46% and wind by 11%, despite pricing challenges, indicating a strong push towards cleaner energy sources.

- **Carbon Capture and Storage (CCS) Initiatives**: Growing momentum in CCS projects globally, with strategic partnerships aimed at enhancing energy infrastructure and reducing emissions.

- **Regional Energy Cooperation in GCC**: Investments in renewable energy and interconnected grids among GCC countries to enhance energy security and promote sustainable practices.",Iran's Flare Gas Recovery Surge: A Leap Towards Sustainable Energy and Emission Reduction,"Iran is experiencing a significant surge in flare gas recovery, which is a critical development in its energy sector. This initiative aims to enhance the efficiency of gas utilization and reduce environmental impacts associated with flaring. The Iranian government is implementing advanced technologies and strategies to capture and utilize flare gas, thereby improving energy security and contributing to sustainable energy practices. This surge in recovery efforts is expected to not only optimize resource management but also align with global trends towards reducing greenhouse gas emissions and promoting cleaner energy solutions.",Engineering News,"Solar sector looking for incentives and regulatory clarity in 'mini budget', says IMPOWER","The Minister's statement must include clear, immediate measures to strengthen grid access and capacity, and simplify wheeling regulations to unlock the full potential of distributed generation across the country.",8,"The Minister's call for enhanced grid access and simplified regulations is crucial for maximizing Iran's flare gas recovery efforts, promoting sustainable energy and reducing emissions.",8,New,Positive,Medium
2025-11-11,"- **Gas Supply Cut in Ukraine**: Complete cut-off of gas supply in Lyman highlights vulnerabilities in Ukraine's energy infrastructure amid ongoing conflict, stressing the need for resilient energy systems.

- **Natural Gas Demand Surge in North America**: Increased demand and storage constraints emphasize the critical role of natural gas storage for energy security and price stability.

- **Geopolitical Tensions Affecting LNG Supply**: Legal disputes involving Venture Global and major energy companies over LNG delivery failures amid rising prices reflect the complexities of securing reliable energy supplies.

- **Egypt's LNG Exports**: Egypt boosts LNG exports to address Europe's energy crisis exacerbated by reduced Russian supplies, enhancing regional energy security.

- **India's Renewable Energy Initiatives**: The Adani Group's 1,126 MW Battery Energy Storage System project aims to tackle natural gas demand issues and improve grid reliability in India.

- **Global Renewable Energy Investments**: Significant investments in renewable energy projects worldwide, including partnerships for battery storage and carbon capture, reflect a commitment to sustainability.

- **Saudi Arabia's Natural Gas Production**: Increased focus on natural gas production to diversify energy portfolio and reduce oil dependence, addressing rising electricity demand.

- **China's Renewable Energy Growth**: Solar generation up 46% and wind by 11%, despite pricing challenges, indicating a strong push towards cleaner energy sources.

- **Carbon Capture and Storage (CCS) Initiatives**: Growing momentum in CCS projects globally, with strategic partnerships aimed at enhancing energy infrastructure and reducing emissions.

- **Regional Energy Cooperation in GCC**: Investments in renewable energy and interconnected grids among GCC countries to enhance energy security and promote sustainable practices.",Global Energy Transition Accelerates with Major Storage Projects Amid Investment Concerns,"Recent developments in energy storage and related initiatives highlight a global shift towards sustainable energy solutions. Masdar's partnership with JSC Uzenergosotish to create Uzbekistan's largest battery energy storage project aims to bolster grid resilience and facilitate the integration of renewable energy sources, reflecting a broader trend in Central Asia. Meanwhile, Shell's withdrawal from major offshore wind projects raises concerns about the future of renewable investments amid economic challenges, potentially impacting the UK's renewable energy targets. In Germany, Calisen Group's launch of smart metering systems through a partnership with Energy Metering Germany represents a significant investment in energy transition, enhancing grid flexibility and consumer access to low-carbon technologies. Additionally, Nigeria's efforts to reduce crude oil theft and implement the Gas Flare Commercialization Programme are pivotal for transforming its energy landscape, promoting energy security, and supporting environmental sustainability. These initiatives collectively underscore the importance of energy storage and smart technologies in advancing global energy transitions.",Mondaq.Com,TEMPLARS Transcripts: Energy and Natural Resources Digest | November 2025,"A 90% cut in crude oil theft, from 102,900 barrels per day in
2021 to 9,600 in September 2025.
The successful award of gas flare permits under the Nigerian
Gas Flare Commercialization Programme, which is projected to
attract at least $2.5bn in investments.",1,"Nigeria's significant reduction in crude oil theft and successful gas flare permit awards signal progress in energy transition efforts, despite ongoing investment concerns.",1,New,Positive,High
2025-11-11,"- **Gas Supply Cut in Ukraine**: Complete cut-off of gas supply in Lyman highlights vulnerabilities in Ukraine's energy infrastructure amid ongoing conflict, stressing the need for resilient energy systems.

- **Natural Gas Demand Surge in North America**: Increased demand and storage constraints emphasize the critical role of natural gas storage for energy security and price stability.

- **Geopolitical Tensions Affecting LNG Supply**: Legal disputes involving Venture Global and major energy companies over LNG delivery failures amid rising prices reflect the complexities of securing reliable energy supplies.

- **Egypt's LNG Exports**: Egypt boosts LNG exports to address Europe's energy crisis exacerbated by reduced Russian supplies, enhancing regional energy security.

- **India's Renewable Energy Initiatives**: The Adani Group's 1,126 MW Battery Energy Storage System project aims to tackle natural gas demand issues and improve grid reliability in India.

- **Global Renewable Energy Investments**: Significant investments in renewable energy projects worldwide, including partnerships for battery storage and carbon capture, reflect a commitment to sustainability.

- **Saudi Arabia's Natural Gas Production**: Increased focus on natural gas production to diversify energy portfolio and reduce oil dependence, addressing rising electricity demand.

- **China's Renewable Energy Growth**: Solar generation up 46% and wind by 11%, despite pricing challenges, indicating a strong push towards cleaner energy sources.

- **Carbon Capture and Storage (CCS) Initiatives**: Growing momentum in CCS projects globally, with strategic partnerships aimed at enhancing energy infrastructure and reducing emissions.

- **Regional Energy Cooperation in GCC**: Investments in renewable energy and interconnected grids among GCC countries to enhance energy security and promote sustainable practices.",Nuclear Energy's Role in the Global Shift Towards Sustainable Electrification,"Recent developments in nuclear energy are being influenced by broader trends in energy transition and decarbonization. Schneider Electric is engaging in global discussions, such as COP30 in Brazil, to promote electrification and digitalization as essential components for achieving sustainability. Their initiatives aim to mobilize various stakeholders towards transforming energy systems, which includes the potential for nuclear energy as a clean resource. In the U.S., states like Michigan are updating energy laws to increase renewable energy sources, reflecting a growing public interest in sustainable solutions. While the focus is on renewables, the integration of nuclear energy remains a critical aspect of the overall strategy to reduce reliance on fossil fuels and enhance energy efficiency. These trends indicate a collective movement towards a more sustainable energy future, where nuclear energy could play a significant role alongside renewables.",MiTechNews.com,MPSC Report: Continued Growth In Renewable Energy And Distributed Generation,"The report notes uncertainties created by federal legislation including the One Big Beautiful Bill Act, which accelerates sunsets for tax credits that have been applied to nearly all renewable energy developments in Michigan, in addition to federal tariff policies expected to raise costs for renewables.",5,"Federal legislation and tariff policies are creating uncertainties for renewable energy developments in Michigan, highlighting the potential need for nuclear energy as a stable alternative in the transition to sustainable electrification.",5,New,Negative,High
2025-11-11,"- **Gas Supply Cut in Ukraine**: Complete cut-off of gas supply in Lyman highlights vulnerabilities in Ukraine's energy infrastructure amid ongoing conflict, stressing the need for resilient energy systems.

- **Natural Gas Demand Surge in North America**: Increased demand and storage constraints emphasize the critical role of natural gas storage for energy security and price stability.

- **Geopolitical Tensions Affecting LNG Supply**: Legal disputes involving Venture Global and major energy companies over LNG delivery failures amid rising prices reflect the complexities of securing reliable energy supplies.

- **Egypt's LNG Exports**: Egypt boosts LNG exports to address Europe's energy crisis exacerbated by reduced Russian supplies, enhancing regional energy security.

- **India's Renewable Energy Initiatives**: The Adani Group's 1,126 MW Battery Energy Storage System project aims to tackle natural gas demand issues and improve grid reliability in India.

- **Global Renewable Energy Investments**: Significant investments in renewable energy projects worldwide, including partnerships for battery storage and carbon capture, reflect a commitment to sustainability.

- **Saudi Arabia's Natural Gas Production**: Increased focus on natural gas production to diversify energy portfolio and reduce oil dependence, addressing rising electricity demand.

- **China's Renewable Energy Growth**: Solar generation up 46% and wind by 11%, despite pricing challenges, indicating a strong push towards cleaner energy sources.

- **Carbon Capture and Storage (CCS) Initiatives**: Growing momentum in CCS projects globally, with strategic partnerships aimed at enhancing energy infrastructure and reducing emissions.

- **Regional Energy Cooperation in GCC**: Investments in renewable energy and interconnected grids among GCC countries to enhance energy security and promote sustainable practices.",Nuclear Energy's Role in the Global Shift Towards Sustainable Electrification,"Recent developments in nuclear energy are being influenced by broader trends in energy transition and decarbonization. Schneider Electric is engaging in global discussions, such as COP30 in Brazil, to promote electrification and digitalization as essential components for achieving sustainability. Their initiatives aim to mobilize various stakeholders towards transforming energy systems, which includes the potential for nuclear energy as a clean resource. In the U.S., states like Michigan are updating energy laws to increase renewable energy sources, reflecting a growing public interest in sustainable solutions. While the focus is on renewables, the integration of nuclear energy remains a critical aspect of the overall strategy to reduce reliance on fossil fuels and enhance energy efficiency. These trends indicate a collective movement towards a more sustainable energy future, where nuclear energy could play a significant role alongside renewables.",MiTechNews.com,MPSC Report: Continued Growth In Renewable Energy And Distributed Generation,"LANSING - A new report from the Michigan Public Service Commission finds continued growth in the state's renewable energy and distributed energy programs, with participation expected to continue to rise as the state implements the changes made to Michigan's energy laws in 2023.",5,"The Michigan Public Service Commission's report highlights the ongoing expansion of renewable and distributed energy initiatives, indicating a supportive regulatory environment for sustainable electrification, which may complement nuclear energy's role in achieving energy goals.",5,New,Negative,High
2025-11-11,"- **Gas Supply Cut in Ukraine**: Complete cut-off of gas supply in Lyman highlights vulnerabilities in Ukraine's energy infrastructure amid ongoing conflict, stressing the need for resilient energy systems.

- **Natural Gas Demand Surge in North America**: Increased demand and storage constraints emphasize the critical role of natural gas storage for energy security and price stability.

- **Geopolitical Tensions Affecting LNG Supply**: Legal disputes involving Venture Global and major energy companies over LNG delivery failures amid rising prices reflect the complexities of securing reliable energy supplies.

- **Egypt's LNG Exports**: Egypt boosts LNG exports to address Europe's energy crisis exacerbated by reduced Russian supplies, enhancing regional energy security.

- **India's Renewable Energy Initiatives**: The Adani Group's 1,126 MW Battery Energy Storage System project aims to tackle natural gas demand issues and improve grid reliability in India.

- **Global Renewable Energy Investments**: Significant investments in renewable energy projects worldwide, including partnerships for battery storage and carbon capture, reflect a commitment to sustainability.

- **Saudi Arabia's Natural Gas Production**: Increased focus on natural gas production to diversify energy portfolio and reduce oil dependence, addressing rising electricity demand.

- **China's Renewable Energy Growth**: Solar generation up 46% and wind by 11%, despite pricing challenges, indicating a strong push towards cleaner energy sources.

- **Carbon Capture and Storage (CCS) Initiatives**: Growing momentum in CCS projects globally, with strategic partnerships aimed at enhancing energy infrastructure and reducing emissions.

- **Regional Energy Cooperation in GCC**: Investments in renewable energy and interconnected grids among GCC countries to enhance energy security and promote sustainable practices.",Nuclear Energy's Role in the Global Shift Towards Sustainable Electrification,"Recent developments in nuclear energy are being influenced by broader trends in energy transition and decarbonization. Schneider Electric is engaging in global discussions, such as COP30 in Brazil, to promote electrification and digitalization as essential components for achieving sustainability. Their initiatives aim to mobilize various stakeholders towards transforming energy systems, which includes the potential for nuclear energy as a clean resource. In the U.S., states like Michigan are updating energy laws to increase renewable energy sources, reflecting a growing public interest in sustainable solutions. While the focus is on renewables, the integration of nuclear energy remains a critical aspect of the overall strategy to reduce reliance on fossil fuels and enhance energy efficiency. These trends indicate a collective movement towards a more sustainable energy future, where nuclear energy could play a significant role alongside renewables.",MiTechNews.com,MPSC Report: Continued Growth In Renewable Energy And Distributed Generation,"That figure is expected to reach 17,800 MW by 2030 as renewable energy expands to meet the standards set in Michigan's energy laws revamped in 2023 and commitments made in utility resource plans that speed up the state's transition to cleaner sources of energy and reduce reliance on fossil fuels that contribute to climate change. The amount of renewable generation in service statewide will exceed that number because utilities not regulated by the MPSC aren't required to submit renewable energy contracts to the Commission.",5,"Michigan's energy transition aims for 17,800 MW of renewable energy by 2030, highlighting the state's commitment to reducing fossil fuel reliance and emphasizing the potential complementary role of nuclear energy in achieving sustainable electrification.",5,New,Negative,High
2025-11-11,"- **Gas Supply Cut in Ukraine**: Complete cut-off of gas supply in Lyman highlights vulnerabilities in Ukraine's energy infrastructure amid ongoing conflict, stressing the need for resilient energy systems.

- **Natural Gas Demand Surge in North America**: Increased demand and storage constraints emphasize the critical role of natural gas storage for energy security and price stability.

- **Geopolitical Tensions Affecting LNG Supply**: Legal disputes involving Venture Global and major energy companies over LNG delivery failures amid rising prices reflect the complexities of securing reliable energy supplies.

- **Egypt's LNG Exports**: Egypt boosts LNG exports to address Europe's energy crisis exacerbated by reduced Russian supplies, enhancing regional energy security.

- **India's Renewable Energy Initiatives**: The Adani Group's 1,126 MW Battery Energy Storage System project aims to tackle natural gas demand issues and improve grid reliability in India.

- **Global Renewable Energy Investments**: Significant investments in renewable energy projects worldwide, including partnerships for battery storage and carbon capture, reflect a commitment to sustainability.

- **Saudi Arabia's Natural Gas Production**: Increased focus on natural gas production to diversify energy portfolio and reduce oil dependence, addressing rising electricity demand.

- **China's Renewable Energy Growth**: Solar generation up 46% and wind by 11%, despite pricing challenges, indicating a strong push towards cleaner energy sources.

- **Carbon Capture and Storage (CCS) Initiatives**: Growing momentum in CCS projects globally, with strategic partnerships aimed at enhancing energy infrastructure and reducing emissions.

- **Regional Energy Cooperation in GCC**: Investments in renewable energy and interconnected grids among GCC countries to enhance energy security and promote sustainable practices.",Iran's Flare Gas Recovery Surge: A Leap Towards Sustainable Energy and Emission Reduction,"Iran is experiencing a significant surge in flare gas recovery, which is a critical development in its energy sector. This initiative aims to enhance the efficiency of gas utilization and reduce environmental impacts associated with flaring. The Iranian government is implementing advanced technologies and strategies to capture and utilize flare gas, thereby improving energy security and contributing to sustainable energy practices. This surge in recovery efforts is expected to not only optimize resource management but also align with global trends towards reducing greenhouse gas emissions and promoting cleaner energy solutions.",Engineering News,How market liberalisation can unlock SA's renewable energy future,"In contrast, South Africa's reform process has been characterised by transparency and inclusion. The NTCSA's open consultations, Nersa's structured regulatory process, and the creation of the Electricity Market Advisory Forum are deliberate safeguards to ensure that liberalisation strengthens the system rather than destabilises it. To this end, governance must remain the backbone of reform and ensure that traders contribute to market liquidity and not volatility.",8,"While South Africa's energy reform emphasizes governance and market stability, Iran's flare gas recovery initiatives represent a proactive approach to sustainable energy and emission reduction, highlighting the importance of effective management in energy transitions.",8,New,Positive,Medium
2025-11-11,"- **Gas Supply Cut in Ukraine**: Complete cut-off of gas supply in Lyman highlights vulnerabilities in Ukraine's energy infrastructure amid ongoing conflict, stressing the need for resilient energy systems.

- **Natural Gas Demand Surge in North America**: Increased demand and storage constraints emphasize the critical role of natural gas storage for energy security and price stability.

- **Geopolitical Tensions Affecting LNG Supply**: Legal disputes involving Venture Global and major energy companies over LNG delivery failures amid rising prices reflect the complexities of securing reliable energy supplies.

- **Egypt's LNG Exports**: Egypt boosts LNG exports to address Europe's energy crisis exacerbated by reduced Russian supplies, enhancing regional energy security.

- **India's Renewable Energy Initiatives**: The Adani Group's 1,126 MW Battery Energy Storage System project aims to tackle natural gas demand issues and improve grid reliability in India.

- **Global Renewable Energy Investments**: Significant investments in renewable energy projects worldwide, including partnerships for battery storage and carbon capture, reflect a commitment to sustainability.

- **Saudi Arabia's Natural Gas Production**: Increased focus on natural gas production to diversify energy portfolio and reduce oil dependence, addressing rising electricity demand.

- **China's Renewable Energy Growth**: Solar generation up 46% and wind by 11%, despite pricing challenges, indicating a strong push towards cleaner energy sources.

- **Carbon Capture and Storage (CCS) Initiatives**: Growing momentum in CCS projects globally, with strategic partnerships aimed at enhancing energy infrastructure and reducing emissions.

- **Regional Energy Cooperation in GCC**: Investments in renewable energy and interconnected grids among GCC countries to enhance energy security and promote sustainable practices.",Nuclear Energy's Role in the Global Shift Towards Sustainable Electrification,"Recent developments in nuclear energy are being influenced by broader trends in energy transition and decarbonization. Schneider Electric is engaging in global discussions, such as COP30 in Brazil, to promote electrification and digitalization as essential components for achieving sustainability. Their initiatives aim to mobilize various stakeholders towards transforming energy systems, which includes the potential for nuclear energy as a clean resource. In the U.S., states like Michigan are updating energy laws to increase renewable energy sources, reflecting a growing public interest in sustainable solutions. While the focus is on renewables, the integration of nuclear energy remains a critical aspect of the overall strategy to reduce reliance on fossil fuels and enhance energy efficiency. These trends indicate a collective movement towards a more sustainable energy future, where nuclear energy could play a significant role alongside renewables.",LaGrange Daily News,Neurocrine Biosciences to Present at Upcoming Investor Conferences,"For three decades, we have applied our unique insight into neuroscience and the interconnections between brain and body systems to treat complex conditions. We relentlessly pursue medicines to ease the burden of debilitating diseases and disorders, because you deserve brave science.",5,"The text emphasizes the importance of innovative science in addressing complex health issues, paralleling the need for advanced nuclear technologies to support sustainable electrification and reduce reliance on fossil fuels.",5,New,Negative,High
2025-11-11,"- **Gas Supply Cut in Ukraine**: Complete cut-off of gas supply in Lyman highlights vulnerabilities in Ukraine's energy infrastructure amid ongoing conflict, stressing the need for resilient energy systems.

- **Natural Gas Demand Surge in North America**: Increased demand and storage constraints emphasize the critical role of natural gas storage for energy security and price stability.

- **Geopolitical Tensions Affecting LNG Supply**: Legal disputes involving Venture Global and major energy companies over LNG delivery failures amid rising prices reflect the complexities of securing reliable energy supplies.

- **Egypt's LNG Exports**: Egypt boosts LNG exports to address Europe's energy crisis exacerbated by reduced Russian supplies, enhancing regional energy security.

- **India's Renewable Energy Initiatives**: The Adani Group's 1,126 MW Battery Energy Storage System project aims to tackle natural gas demand issues and improve grid reliability in India.

- **Global Renewable Energy Investments**: Significant investments in renewable energy projects worldwide, including partnerships for battery storage and carbon capture, reflect a commitment to sustainability.

- **Saudi Arabia's Natural Gas Production**: Increased focus on natural gas production to diversify energy portfolio and reduce oil dependence, addressing rising electricity demand.

- **China's Renewable Energy Growth**: Solar generation up 46% and wind by 11%, despite pricing challenges, indicating a strong push towards cleaner energy sources.

- **Carbon Capture and Storage (CCS) Initiatives**: Growing momentum in CCS projects globally, with strategic partnerships aimed at enhancing energy infrastructure and reducing emissions.

- **Regional Energy Cooperation in GCC**: Investments in renewable energy and interconnected grids among GCC countries to enhance energy security and promote sustainable practices.","Adani Group's 1,126 MW Battery Storage Project Leads India's Push for Renewable Energy Stability","Electricity supply challenges are being addressed through significant initiatives in various regions, notably by the Adani Group in India and Ghana's Energy Transition Framework. The Adani Group's ambitious Battery Energy Storage Systems (BESS) project in Khavda, Gujarat, set for completion by March 2026, will be the largest of its kind in India, with a capacity of 1,126 MW and 3,530 MWh of energy storage. This project aims to enhance grid stability, manage peak load demands, and support the integration of renewable energy, aligning with India's net-zero goals. Meanwhile, Ghana's framework targets net-zero emissions by 2070, emphasizing cleaner energy generation and the expansion of renewable sources, particularly solar, while also leveraging natural gas for baseload power. This strategic approach aims to improve energy access and sustainability, positioning Ghana as a regional energy hub. Additionally, the recent energy collaboration between India and Bhutan, highlighted by the inauguration of the 1,020-megawatt Punatsangchhu-II hydroelectric project, reflects a broader trend of regional cooperation in addressing electricity supply challenges and meeting growing energy demands sustainably.",Gulf Daily News,India builds energy ties with Bhutan,India and Bhutan expanded their energy ties yesterday during Prime Minister Narendra Modi's visit to the Himalayan nation where he extended a 40 billion rupee ($455 million) line of credit and inaugurated a hydroelectric power project.,2,"India's energy collaboration with Bhutan, highlighted by a $455 million credit line and a new hydroelectric project, underscores the regional commitment to enhancing renewable energy stability, complementing initiatives like Adani Group's 1,126 MW battery storage project.",2,New,Positive,High
2025-11-11,"- **Gas Supply Cut in Ukraine**: Complete cut-off of gas supply in Lyman highlights vulnerabilities in Ukraine's energy infrastructure amid ongoing conflict, stressing the need for resilient energy systems.

- **Natural Gas Demand Surge in North America**: Increased demand and storage constraints emphasize the critical role of natural gas storage for energy security and price stability.

- **Geopolitical Tensions Affecting LNG Supply**: Legal disputes involving Venture Global and major energy companies over LNG delivery failures amid rising prices reflect the complexities of securing reliable energy supplies.

- **Egypt's LNG Exports**: Egypt boosts LNG exports to address Europe's energy crisis exacerbated by reduced Russian supplies, enhancing regional energy security.

- **India's Renewable Energy Initiatives**: The Adani Group's 1,126 MW Battery Energy Storage System project aims to tackle natural gas demand issues and improve grid reliability in India.

- **Global Renewable Energy Investments**: Significant investments in renewable energy projects worldwide, including partnerships for battery storage and carbon capture, reflect a commitment to sustainability.

- **Saudi Arabia's Natural Gas Production**: Increased focus on natural gas production to diversify energy portfolio and reduce oil dependence, addressing rising electricity demand.

- **China's Renewable Energy Growth**: Solar generation up 46% and wind by 11%, despite pricing challenges, indicating a strong push towards cleaner energy sources.

- **Carbon Capture and Storage (CCS) Initiatives**: Growing momentum in CCS projects globally, with strategic partnerships aimed at enhancing energy infrastructure and reducing emissions.

- **Regional Energy Cooperation in GCC**: Investments in renewable energy and interconnected grids among GCC countries to enhance energy security and promote sustainable practices.","Adani Group's 1,126 MW Battery Storage Project Leads India's Push for Renewable Energy Stability","Electricity supply challenges are being addressed through significant initiatives in various regions, notably by the Adani Group in India and Ghana's Energy Transition Framework. The Adani Group's ambitious Battery Energy Storage Systems (BESS) project in Khavda, Gujarat, set for completion by March 2026, will be the largest of its kind in India, with a capacity of 1,126 MW and 3,530 MWh of energy storage. This project aims to enhance grid stability, manage peak load demands, and support the integration of renewable energy, aligning with India's net-zero goals. Meanwhile, Ghana's framework targets net-zero emissions by 2070, emphasizing cleaner energy generation and the expansion of renewable sources, particularly solar, while also leveraging natural gas for baseload power. This strategic approach aims to improve energy access and sustainability, positioning Ghana as a regional energy hub. Additionally, the recent energy collaboration between India and Bhutan, highlighted by the inauguration of the 1,020-megawatt Punatsangchhu-II hydroelectric project, reflects a broader trend of regional cooperation in addressing electricity supply challenges and meeting growing energy demands sustainably.",Gulf Daily News,India builds energy ties with Bhutan,"""As both our countries progress rapidly, our energy partnership is further accelerating this growth.""
Later in the day, he inaugurated the India-funded 1,020-megawatt Punatsangchhu-II hydroelectric power project, which he said would increase Bhutan's hydropower generating capacity by nearly 40 per cent.",2,"The inauguration of the Punatsangchhu-II hydroelectric project highlights the strengthening energy partnership between India and Bhutan, underscoring the regional collaboration necessary for enhancing renewable energy capacity and stability, which complements Adani Group's efforts in battery storage.",2,New,Positive,High
2025-11-11,"- **Gas Supply Cut in Ukraine**: Complete cut-off of gas supply in Lyman highlights vulnerabilities in Ukraine's energy infrastructure amid ongoing conflict, stressing the need for resilient energy systems.

- **Natural Gas Demand Surge in North America**: Increased demand and storage constraints emphasize the critical role of natural gas storage for energy security and price stability.

- **Geopolitical Tensions Affecting LNG Supply**: Legal disputes involving Venture Global and major energy companies over LNG delivery failures amid rising prices reflect the complexities of securing reliable energy supplies.

- **Egypt's LNG Exports**: Egypt boosts LNG exports to address Europe's energy crisis exacerbated by reduced Russian supplies, enhancing regional energy security.

- **India's Renewable Energy Initiatives**: The Adani Group's 1,126 MW Battery Energy Storage System project aims to tackle natural gas demand issues and improve grid reliability in India.

- **Global Renewable Energy Investments**: Significant investments in renewable energy projects worldwide, including partnerships for battery storage and carbon capture, reflect a commitment to sustainability.

- **Saudi Arabia's Natural Gas Production**: Increased focus on natural gas production to diversify energy portfolio and reduce oil dependence, addressing rising electricity demand.

- **China's Renewable Energy Growth**: Solar generation up 46% and wind by 11%, despite pricing challenges, indicating a strong push towards cleaner energy sources.

- **Carbon Capture and Storage (CCS) Initiatives**: Growing momentum in CCS projects globally, with strategic partnerships aimed at enhancing energy infrastructure and reducing emissions.

- **Regional Energy Cooperation in GCC**: Investments in renewable energy and interconnected grids among GCC countries to enhance energy security and promote sustainable practices.",Nuclear Energy's Role in the Global Shift Towards Sustainable Electrification,"Recent developments in nuclear energy are being influenced by broader trends in energy transition and decarbonization. Schneider Electric is engaging in global discussions, such as COP30 in Brazil, to promote electrification and digitalization as essential components for achieving sustainability. Their initiatives aim to mobilize various stakeholders towards transforming energy systems, which includes the potential for nuclear energy as a clean resource. In the U.S., states like Michigan are updating energy laws to increase renewable energy sources, reflecting a growing public interest in sustainable solutions. While the focus is on renewables, the integration of nuclear energy remains a critical aspect of the overall strategy to reduce reliance on fossil fuels and enhance energy efficiency. These trends indicate a collective movement towards a more sustainable energy future, where nuclear energy could play a significant role alongside renewables.",Benzinga,"Metagenomi Promotes Jian Irish To CEO, Appoints Willard Dere Board Chair","Metagenomi, Inc. (NASDAQ:MGX) (the ""Company""), an in vivo genome editing company capitalizing on its proprietary technologies to create curative genetic medicines for patients, today reported financial results for the quarter ended September 30, 2025, and announced a strategic evolution focusing capital on the development of its wholly-owned MGX-001 hemophilia A program and later-stage preclinical pipeline while reducing its workforce by 25%.",5,"Metagenomi, Inc. shifts focus to genetic medicine development while reducing workforce, highlighting the need for strategic resource allocation in advancing sustainable technologies, including nuclear energy's potential role in electrification.",5,New,Negative,High
2025-11-11,"- **Gas Supply Cut in Ukraine**: Complete cut-off of gas supply in Lyman highlights vulnerabilities in Ukraine's energy infrastructure amid ongoing conflict, stressing the need for resilient energy systems.

- **Natural Gas Demand Surge in North America**: Increased demand and storage constraints emphasize the critical role of natural gas storage for energy security and price stability.

- **Geopolitical Tensions Affecting LNG Supply**: Legal disputes involving Venture Global and major energy companies over LNG delivery failures amid rising prices reflect the complexities of securing reliable energy supplies.

- **Egypt's LNG Exports**: Egypt boosts LNG exports to address Europe's energy crisis exacerbated by reduced Russian supplies, enhancing regional energy security.

- **India's Renewable Energy Initiatives**: The Adani Group's 1,126 MW Battery Energy Storage System project aims to tackle natural gas demand issues and improve grid reliability in India.

- **Global Renewable Energy Investments**: Significant investments in renewable energy projects worldwide, including partnerships for battery storage and carbon capture, reflect a commitment to sustainability.

- **Saudi Arabia's Natural Gas Production**: Increased focus on natural gas production to diversify energy portfolio and reduce oil dependence, addressing rising electricity demand.

- **China's Renewable Energy Growth**: Solar generation up 46% and wind by 11%, despite pricing challenges, indicating a strong push towards cleaner energy sources.

- **Carbon Capture and Storage (CCS) Initiatives**: Growing momentum in CCS projects globally, with strategic partnerships aimed at enhancing energy infrastructure and reducing emissions.

- **Regional Energy Cooperation in GCC**: Investments in renewable energy and interconnected grids among GCC countries to enhance energy security and promote sustainable practices.",Global Surge in Renewable Energy Investments Driven by Sustainability and Reliability Initiatives,"Renewable energy investments are gaining momentum globally, driven by both private sector initiatives and international collaborations. In South Africa, mining companies and retailers are investing in solar and wind resources to combat load-shedding and rising electricity costs, aligning with sustainability goals while ensuring reliable power. Meanwhile, Masdar's partnership with Uzbekistan's JSC Uzenergosotish to develop a 300 MW / 600 MWh battery energy storage system marks a significant step towards enhancing grid reliability and supporting Uzbekistan's target of generating 54% of its electricity from renewables by 2030. In Canada, the government is pursuing partnerships with Indonesia to advance carbon capture and storage (CCS) technologies, recognizing their importance in reducing emissions while maintaining a robust oil and gas sector. The U.S. is also making strides in CCS implementation, crucial for decarbonizing hard-to-abate industries like cement and steel. However, Europe faces challenges in establishing effective regulatory frameworks for CCS. Overall, these developments reflect a broader commitment to sustainable energy solutions and the transition towards a net-zero future.",Yahoo! News,"To forestall more severe climate disasters, Alaskans can reduce methane leaks","According to research done by a team of scientists from the Environmental Defense Fund and several U.S. universities, halving methane emissions by 2030 could slow the rate of global warming by more that 25 percent and start a path to prevent an additional .5 degrees Celsius of warming by 2100. Furthermore, according to the International Energy Agency, the oil and gas industry could eliminate around 70 percent of its methane emissions with existing and well-known technology. Taken all together this means that taking action on methane is not only hugely significant in addressing the climate crisis but eminently doable.",2,"Research highlights that reducing methane emissions by 2030 can significantly mitigate global warming, underscoring the feasibility of sustainable practices in the energy sector, which aligns with the global shift towards renewable energy investments.",2,New,Negative,High
2025-11-11,"- **Gas Supply Cut in Ukraine**: Complete cut-off of gas supply in Lyman highlights vulnerabilities in Ukraine's energy infrastructure amid ongoing conflict, stressing the need for resilient energy systems.

- **Natural Gas Demand Surge in North America**: Increased demand and storage constraints emphasize the critical role of natural gas storage for energy security and price stability.

- **Geopolitical Tensions Affecting LNG Supply**: Legal disputes involving Venture Global and major energy companies over LNG delivery failures amid rising prices reflect the complexities of securing reliable energy supplies.

- **Egypt's LNG Exports**: Egypt boosts LNG exports to address Europe's energy crisis exacerbated by reduced Russian supplies, enhancing regional energy security.

- **India's Renewable Energy Initiatives**: The Adani Group's 1,126 MW Battery Energy Storage System project aims to tackle natural gas demand issues and improve grid reliability in India.

- **Global Renewable Energy Investments**: Significant investments in renewable energy projects worldwide, including partnerships for battery storage and carbon capture, reflect a commitment to sustainability.

- **Saudi Arabia's Natural Gas Production**: Increased focus on natural gas production to diversify energy portfolio and reduce oil dependence, addressing rising electricity demand.

- **China's Renewable Energy Growth**: Solar generation up 46% and wind by 11%, despite pricing challenges, indicating a strong push towards cleaner energy sources.

- **Carbon Capture and Storage (CCS) Initiatives**: Growing momentum in CCS projects globally, with strategic partnerships aimed at enhancing energy infrastructure and reducing emissions.

- **Regional Energy Cooperation in GCC**: Investments in renewable energy and interconnected grids among GCC countries to enhance energy security and promote sustainable practices.",Iran's Flare Gas Recovery Surge: A Leap Towards Sustainable Energy and Emission Reduction,"Iran is experiencing a significant surge in flare gas recovery, which is a critical development in its energy sector. This initiative aims to enhance the efficiency of gas utilization and reduce environmental impacts associated with flaring. The Iranian government is implementing advanced technologies and strategies to capture and utilize flare gas, thereby improving energy security and contributing to sustainable energy practices. This surge in recovery efforts is expected to not only optimize resource management but also align with global trends towards reducing greenhouse gas emissions and promoting cleaner energy solutions.",Engineering News,The next phase of South Africa's clean energy transition for the SME,"Over the past 18 months, the structure of the market has changed thanks to policy reforms that have created a space for private energy generation, traditional wheeling  and the launch of virtual wheeling. The latter model allows companies to access renewable energy generated offsite through a system of rebates to match the power a business uses from the national or municipal grid with the clean energy generated from an IPP. Eskom launched the framework to simplify access for corporates on Low Voltage Eskom connections and municipalities. One of the first virtual wheeling electrons was with Vodacom and their PPA with SOLA Group went live in September 2025, making it the first in the country and on the continent to make the move to the virtual wheeling model.",8,"Recent policy reforms in Iran have facilitated private energy generation and virtual wheeling, enabling companies to utilize renewable energy and significantly enhance flare gas recovery efforts, contributing to sustainable energy and emission reduction.",8,New,Positive,Medium
2025-11-11,"- **Gas Supply Cut in Ukraine**: Complete cut-off of gas supply in Lyman highlights vulnerabilities in Ukraine's energy infrastructure amid ongoing conflict, stressing the need for resilient energy systems.

- **Natural Gas Demand Surge in North America**: Increased demand and storage constraints emphasize the critical role of natural gas storage for energy security and price stability.

- **Geopolitical Tensions Affecting LNG Supply**: Legal disputes involving Venture Global and major energy companies over LNG delivery failures amid rising prices reflect the complexities of securing reliable energy supplies.

- **Egypt's LNG Exports**: Egypt boosts LNG exports to address Europe's energy crisis exacerbated by reduced Russian supplies, enhancing regional energy security.

- **India's Renewable Energy Initiatives**: The Adani Group's 1,126 MW Battery Energy Storage System project aims to tackle natural gas demand issues and improve grid reliability in India.

- **Global Renewable Energy Investments**: Significant investments in renewable energy projects worldwide, including partnerships for battery storage and carbon capture, reflect a commitment to sustainability.

- **Saudi Arabia's Natural Gas Production**: Increased focus on natural gas production to diversify energy portfolio and reduce oil dependence, addressing rising electricity demand.

- **China's Renewable Energy Growth**: Solar generation up 46% and wind by 11%, despite pricing challenges, indicating a strong push towards cleaner energy sources.

- **Carbon Capture and Storage (CCS) Initiatives**: Growing momentum in CCS projects globally, with strategic partnerships aimed at enhancing energy infrastructure and reducing emissions.

- **Regional Energy Cooperation in GCC**: Investments in renewable energy and interconnected grids among GCC countries to enhance energy security and promote sustainable practices.",Global Surge in Renewable Energy Investments Driven by Sustainability and Reliability Initiatives,"Renewable energy investments are gaining momentum globally, driven by both private sector initiatives and international collaborations. In South Africa, mining companies and retailers are investing in solar and wind resources to combat load-shedding and rising electricity costs, aligning with sustainability goals while ensuring reliable power. Meanwhile, Masdar's partnership with Uzbekistan's JSC Uzenergosotish to develop a 300 MW / 600 MWh battery energy storage system marks a significant step towards enhancing grid reliability and supporting Uzbekistan's target of generating 54% of its electricity from renewables by 2030. In Canada, the government is pursuing partnerships with Indonesia to advance carbon capture and storage (CCS) technologies, recognizing their importance in reducing emissions while maintaining a robust oil and gas sector. The U.S. is also making strides in CCS implementation, crucial for decarbonizing hard-to-abate industries like cement and steel. However, Europe faces challenges in establishing effective regulatory frameworks for CCS. Overall, these developments reflect a broader commitment to sustainable energy solutions and the transition towards a net-zero future.",Yahoo! Finance,Why America Is Winning the Carbon Capture Race,"Carbon Capture and Storage (CCS) is no longer a futuristic idea or a climate scientist's dream, it has become an unavoidable necessity for the sectors that cannot decarbonize through renewables or electrification alone. Cement, steel, refining, chemicals, these industries have one practical path to cutting emissions in the short term: capturing and storing their CO?. Yet while the United States is rapidly turning that vision into reality, Europe continues to wrestle with frameworks, regulations, and price signals that fail to deliver.",2,"The urgent adoption of Carbon Capture and Storage (CCS) is essential for hard-to-decarbonize industries, highlighting a critical gap in regulatory frameworks in Europe compared to the U.S. as global investments in renewable energy surge.",2,New,Negative,High
2025-11-11,"- **Gas Supply Cut in Ukraine**: Complete cut-off of gas supply in Lyman highlights vulnerabilities in Ukraine's energy infrastructure amid ongoing conflict, stressing the need for resilient energy systems.

- **Natural Gas Demand Surge in North America**: Increased demand and storage constraints emphasize the critical role of natural gas storage for energy security and price stability.

- **Geopolitical Tensions Affecting LNG Supply**: Legal disputes involving Venture Global and major energy companies over LNG delivery failures amid rising prices reflect the complexities of securing reliable energy supplies.

- **Egypt's LNG Exports**: Egypt boosts LNG exports to address Europe's energy crisis exacerbated by reduced Russian supplies, enhancing regional energy security.

- **India's Renewable Energy Initiatives**: The Adani Group's 1,126 MW Battery Energy Storage System project aims to tackle natural gas demand issues and improve grid reliability in India.

- **Global Renewable Energy Investments**: Significant investments in renewable energy projects worldwide, including partnerships for battery storage and carbon capture, reflect a commitment to sustainability.

- **Saudi Arabia's Natural Gas Production**: Increased focus on natural gas production to diversify energy portfolio and reduce oil dependence, addressing rising electricity demand.

- **China's Renewable Energy Growth**: Solar generation up 46% and wind by 11%, despite pricing challenges, indicating a strong push towards cleaner energy sources.

- **Carbon Capture and Storage (CCS) Initiatives**: Growing momentum in CCS projects globally, with strategic partnerships aimed at enhancing energy infrastructure and reducing emissions.

- **Regional Energy Cooperation in GCC**: Investments in renewable energy and interconnected grids among GCC countries to enhance energy security and promote sustainable practices.","Adani Group's 1,126 MW Battery Storage Project Aims to Tackle India's Natural Gas Demand Crisis","India is facing significant challenges in meeting its natural gas demand due to inadequate infrastructure and the need for enhanced energy management solutions. The country's transition to a low-carbon economy necessitates the integration of renewable energy sources, which is currently hampered by transmission congestion and peak load pressures. The Adani Group's recent announcement of a 1,126 MW / 3,530 MWh Battery Energy Storage System (BESS) project in Khavda, Gujarat, represents a strategic effort to address these issues. This initiative aims to improve grid reliability and facilitate the integration of renewable energy, thereby supporting India's growing energy needs. As the demand for natural gas continues to rise, investments in energy storage and infrastructure will be crucial for ensuring a sustainable and reliable energy future.",BQ Prime,Adani Group Enters Battery Energy Storage Sector With Large-Scale Khavda Project,"Adani Group's 1,126 MW, 3,530 MWh battery energy storage project at Khavda will enhance grid reliability, support round-the-clock clean power, and advance India's renewable energy goals.
Adani Group on Tuesday has announced its entry into the battery energy storage systems (BESS) sector with a 1,126 MW / 3,530 MWh project, one of the world's largest single-location storage installations. The project is scheduled for commissioning by March 2026.",8,"Adani Group's 1,126 MW battery storage project at Khavda aims to enhance grid reliability and support India's renewable energy goals, addressing the country's natural gas demand crisis.",8,New,Positive,High
2025-11-11,"- **Gas Supply Cut in Ukraine**: Complete cut-off of gas supply in Lyman highlights vulnerabilities in Ukraine's energy infrastructure amid ongoing conflict, stressing the need for resilient energy systems.

- **Natural Gas Demand Surge in North America**: Increased demand and storage constraints emphasize the critical role of natural gas storage for energy security and price stability.

- **Geopolitical Tensions Affecting LNG Supply**: Legal disputes involving Venture Global and major energy companies over LNG delivery failures amid rising prices reflect the complexities of securing reliable energy supplies.

- **Egypt's LNG Exports**: Egypt boosts LNG exports to address Europe's energy crisis exacerbated by reduced Russian supplies, enhancing regional energy security.

- **India's Renewable Energy Initiatives**: The Adani Group's 1,126 MW Battery Energy Storage System project aims to tackle natural gas demand issues and improve grid reliability in India.

- **Global Renewable Energy Investments**: Significant investments in renewable energy projects worldwide, including partnerships for battery storage and carbon capture, reflect a commitment to sustainability.

- **Saudi Arabia's Natural Gas Production**: Increased focus on natural gas production to diversify energy portfolio and reduce oil dependence, addressing rising electricity demand.

- **China's Renewable Energy Growth**: Solar generation up 46% and wind by 11%, despite pricing challenges, indicating a strong push towards cleaner energy sources.

- **Carbon Capture and Storage (CCS) Initiatives**: Growing momentum in CCS projects globally, with strategic partnerships aimed at enhancing energy infrastructure and reducing emissions.

- **Regional Energy Cooperation in GCC**: Investments in renewable energy and interconnected grids among GCC countries to enhance energy security and promote sustainable practices.","Adani Group's 1,126 MW Battery Storage Project Aims to Tackle India's Natural Gas Demand Crisis","India is facing significant challenges in meeting its natural gas demand due to inadequate infrastructure and the need for enhanced energy management solutions. The country's transition to a low-carbon economy necessitates the integration of renewable energy sources, which is currently hampered by transmission congestion and peak load pressures. The Adani Group's recent announcement of a 1,126 MW / 3,530 MWh Battery Energy Storage System (BESS) project in Khavda, Gujarat, represents a strategic effort to address these issues. This initiative aims to improve grid reliability and facilitate the integration of renewable energy, thereby supporting India's growing energy needs. As the demand for natural gas continues to rise, investments in energy storage and infrastructure will be crucial for ensuring a sustainable and reliable energy future.",Benzinga,Adani Group Announces Strategic Entry into Battery Energy Storage Sector with one of the World's Largest Single-location BESS Projects,"With this strategic entry, the Adani Group joins the ranks of global energy leaders investing in large-scale storage infrastructure, marking a transformative moment in India's clean energy journey.
Scaling Ambitions: 15 GWh by FY27 and 50 GWh in Five Years
Building on this flagship deployment, the Adani Group has laid out a clear and ambitious roadmap to scale its energy storage footprint. The Group plans to deploy an additional 15 GWh of BESS capacity by March 2027, with a long-term target of 50 GWh total over the next five years. This scale of ambition reflects the Group's commitment to building a resilient and future-ready energy ecosystem that aligns with India's net-zero goals and global climate commitments.",8,"Adani Group's 1,126 MW Battery Storage Project signifies a pivotal advancement in India's clean energy sector, with plans to expand storage capacity to 15 GWh by FY27 and 50 GWh in five years, addressing the country's natural gas demand crisis and supporting net-zero objectives.",8,New,Positive,High
2025-11-11,"- **Gas Supply Cut in Ukraine**: Complete cut-off of gas supply in Lyman highlights vulnerabilities in Ukraine's energy infrastructure amid ongoing conflict, stressing the need for resilient energy systems.

- **Natural Gas Demand Surge in North America**: Increased demand and storage constraints emphasize the critical role of natural gas storage for energy security and price stability.

- **Geopolitical Tensions Affecting LNG Supply**: Legal disputes involving Venture Global and major energy companies over LNG delivery failures amid rising prices reflect the complexities of securing reliable energy supplies.

- **Egypt's LNG Exports**: Egypt boosts LNG exports to address Europe's energy crisis exacerbated by reduced Russian supplies, enhancing regional energy security.

- **India's Renewable Energy Initiatives**: The Adani Group's 1,126 MW Battery Energy Storage System project aims to tackle natural gas demand issues and improve grid reliability in India.

- **Global Renewable Energy Investments**: Significant investments in renewable energy projects worldwide, including partnerships for battery storage and carbon capture, reflect a commitment to sustainability.

- **Saudi Arabia's Natural Gas Production**: Increased focus on natural gas production to diversify energy portfolio and reduce oil dependence, addressing rising electricity demand.

- **China's Renewable Energy Growth**: Solar generation up 46% and wind by 11%, despite pricing challenges, indicating a strong push towards cleaner energy sources.

- **Carbon Capture and Storage (CCS) Initiatives**: Growing momentum in CCS projects globally, with strategic partnerships aimed at enhancing energy infrastructure and reducing emissions.

- **Regional Energy Cooperation in GCC**: Investments in renewable energy and interconnected grids among GCC countries to enhance energy security and promote sustainable practices.","Adani Group's 1,126 MW Battery Storage Project Aims to Tackle India's Natural Gas Demand Crisis","India is facing significant challenges in meeting its natural gas demand due to inadequate infrastructure and the need for enhanced energy management solutions. The country's transition to a low-carbon economy necessitates the integration of renewable energy sources, which is currently hampered by transmission congestion and peak load pressures. The Adani Group's recent announcement of a 1,126 MW / 3,530 MWh Battery Energy Storage System (BESS) project in Khavda, Gujarat, represents a strategic effort to address these issues. This initiative aims to improve grid reliability and facilitate the integration of renewable energy, thereby supporting India's growing energy needs. As the demand for natural gas continues to rise, investments in energy storage and infrastructure will be crucial for ensuring a sustainable and reliable energy future.",BQ Prime,Adani Group Enters Battery Energy Storage Sector With Large-Scale Khavda Project,"Chairman Gautam Adani said the move strengthens the Group's commitment to India's clean energy transition. ""Energy storage is the cornerstone of a renewable-powered future,"" he said. """"With this historic project, we are not only setting global benchmarks but also reinforcing our commitment to India's energy independence and sustainability.""",8,"Gautam Adani emphasizes the significance of the 1,126 MW Battery Storage Project in advancing India's clean energy transition and energy independence.",8,New,Positive,High
2025-11-11,"- **Gas Supply Cut in Ukraine**: Complete cut-off of gas supply in Lyman highlights vulnerabilities in Ukraine's energy infrastructure amid ongoing conflict, stressing the need for resilient energy systems.

- **Natural Gas Demand Surge in North America**: Increased demand and storage constraints emphasize the critical role of natural gas storage for energy security and price stability.

- **Geopolitical Tensions Affecting LNG Supply**: Legal disputes involving Venture Global and major energy companies over LNG delivery failures amid rising prices reflect the complexities of securing reliable energy supplies.

- **Egypt's LNG Exports**: Egypt boosts LNG exports to address Europe's energy crisis exacerbated by reduced Russian supplies, enhancing regional energy security.

- **India's Renewable Energy Initiatives**: The Adani Group's 1,126 MW Battery Energy Storage System project aims to tackle natural gas demand issues and improve grid reliability in India.

- **Global Renewable Energy Investments**: Significant investments in renewable energy projects worldwide, including partnerships for battery storage and carbon capture, reflect a commitment to sustainability.

- **Saudi Arabia's Natural Gas Production**: Increased focus on natural gas production to diversify energy portfolio and reduce oil dependence, addressing rising electricity demand.

- **China's Renewable Energy Growth**: Solar generation up 46% and wind by 11%, despite pricing challenges, indicating a strong push towards cleaner energy sources.

- **Carbon Capture and Storage (CCS) Initiatives**: Growing momentum in CCS projects globally, with strategic partnerships aimed at enhancing energy infrastructure and reducing emissions.

- **Regional Energy Cooperation in GCC**: Investments in renewable energy and interconnected grids among GCC countries to enhance energy security and promote sustainable practices.","Adani Group's 1,126 MW Battery Storage Project Aims to Tackle India's Natural Gas Demand Crisis","India is facing significant challenges in meeting its natural gas demand due to inadequate infrastructure and the need for enhanced energy management solutions. The country's transition to a low-carbon economy necessitates the integration of renewable energy sources, which is currently hampered by transmission congestion and peak load pressures. The Adani Group's recent announcement of a 1,126 MW / 3,530 MWh Battery Energy Storage System (BESS) project in Khavda, Gujarat, represents a strategic effort to address these issues. This initiative aims to improve grid reliability and facilitate the integration of renewable energy, thereby supporting India's growing energy needs. As the demand for natural gas continues to rise, investments in energy storage and infrastructure will be crucial for ensuring a sustainable and reliable energy future.",Benzinga,Adani Group Announces Strategic Entry into Battery Energy Storage Sector with one of the World's Largest Single-location BESS Projects,"A Strategic Leap Toward Energy Transition
Speaking on the occasion of the announcement, Gautam Adani, Chairman of Adani Group, said, ""Energy storage is the cornerstone of a renewable-powered future. With this historic project, we are not only setting global benchmarks but also reinforcing our commitment to India's energy independence and sustainability. This initiative will enable us to deliver reliable, clean, and affordable energy solutions at scale.""",8,"Gautam Adani emphasizes the significance of the 1,126 MW Battery Storage Project as a pivotal step towards renewable energy, enhancing India's energy independence and sustainability while addressing the natural gas demand crisis.",8,New,Positive,High
2025-11-11,"- **Gas Supply Cut in Ukraine**: Complete cut-off of gas supply in Lyman highlights vulnerabilities in Ukraine's energy infrastructure amid ongoing conflict, stressing the need for resilient energy systems.

- **Natural Gas Demand Surge in North America**: Increased demand and storage constraints emphasize the critical role of natural gas storage for energy security and price stability.

- **Geopolitical Tensions Affecting LNG Supply**: Legal disputes involving Venture Global and major energy companies over LNG delivery failures amid rising prices reflect the complexities of securing reliable energy supplies.

- **Egypt's LNG Exports**: Egypt boosts LNG exports to address Europe's energy crisis exacerbated by reduced Russian supplies, enhancing regional energy security.

- **India's Renewable Energy Initiatives**: The Adani Group's 1,126 MW Battery Energy Storage System project aims to tackle natural gas demand issues and improve grid reliability in India.

- **Global Renewable Energy Investments**: Significant investments in renewable energy projects worldwide, including partnerships for battery storage and carbon capture, reflect a commitment to sustainability.

- **Saudi Arabia's Natural Gas Production**: Increased focus on natural gas production to diversify energy portfolio and reduce oil dependence, addressing rising electricity demand.

- **China's Renewable Energy Growth**: Solar generation up 46% and wind by 11%, despite pricing challenges, indicating a strong push towards cleaner energy sources.

- **Carbon Capture and Storage (CCS) Initiatives**: Growing momentum in CCS projects globally, with strategic partnerships aimed at enhancing energy infrastructure and reducing emissions.

- **Regional Energy Cooperation in GCC**: Investments in renewable energy and interconnected grids among GCC countries to enhance energy security and promote sustainable practices.","Adani Group's 1,126 MW Battery Storage Project Aims to Tackle India's Natural Gas Demand Crisis","India is facing significant challenges in meeting its natural gas demand due to inadequate infrastructure and the need for enhanced energy management solutions. The country's transition to a low-carbon economy necessitates the integration of renewable energy sources, which is currently hampered by transmission congestion and peak load pressures. The Adani Group's recent announcement of a 1,126 MW / 3,530 MWh Battery Energy Storage System (BESS) project in Khavda, Gujarat, represents a strategic effort to address these issues. This initiative aims to improve grid reliability and facilitate the integration of renewable energy, thereby supporting India's growing energy needs. As the demand for natural gas continues to rise, investments in energy storage and infrastructure will be crucial for ensuring a sustainable and reliable energy future.",Bloomberg Law,Adani Plans to Build India's Largest Battery Storage System,"The proposed installation, planned for completion by March 2026, would be India's top battery storage facility and among the largest single-location systems globally, the people said, asking not to be identified discussing business plans.",8,"Adani Group's 1,126 MW battery storage project, set for completion by March 2026, aims to become India's largest battery facility and address the country's natural gas demand crisis.",8,New,Positive,High
2025-11-11,"- **Gas Supply Cut in Ukraine**: Complete cut-off of gas supply in Lyman highlights vulnerabilities in Ukraine's energy infrastructure amid ongoing conflict, stressing the need for resilient energy systems.

- **Natural Gas Demand Surge in North America**: Increased demand and storage constraints emphasize the critical role of natural gas storage for energy security and price stability.

- **Geopolitical Tensions Affecting LNG Supply**: Legal disputes involving Venture Global and major energy companies over LNG delivery failures amid rising prices reflect the complexities of securing reliable energy supplies.

- **Egypt's LNG Exports**: Egypt boosts LNG exports to address Europe's energy crisis exacerbated by reduced Russian supplies, enhancing regional energy security.

- **India's Renewable Energy Initiatives**: The Adani Group's 1,126 MW Battery Energy Storage System project aims to tackle natural gas demand issues and improve grid reliability in India.

- **Global Renewable Energy Investments**: Significant investments in renewable energy projects worldwide, including partnerships for battery storage and carbon capture, reflect a commitment to sustainability.

- **Saudi Arabia's Natural Gas Production**: Increased focus on natural gas production to diversify energy portfolio and reduce oil dependence, addressing rising electricity demand.

- **China's Renewable Energy Growth**: Solar generation up 46% and wind by 11%, despite pricing challenges, indicating a strong push towards cleaner energy sources.

- **Carbon Capture and Storage (CCS) Initiatives**: Growing momentum in CCS projects globally, with strategic partnerships aimed at enhancing energy infrastructure and reducing emissions.

- **Regional Energy Cooperation in GCC**: Investments in renewable energy and interconnected grids among GCC countries to enhance energy security and promote sustainable practices.","Adani Group's 1,126 MW Battery Storage Project Aims to Tackle India's Natural Gas Demand Crisis","India is facing significant challenges in meeting its natural gas demand due to inadequate infrastructure and the need for enhanced energy management solutions. The country's transition to a low-carbon economy necessitates the integration of renewable energy sources, which is currently hampered by transmission congestion and peak load pressures. The Adani Group's recent announcement of a 1,126 MW / 3,530 MWh Battery Energy Storage System (BESS) project in Khavda, Gujarat, represents a strategic effort to address these issues. This initiative aims to improve grid reliability and facilitate the integration of renewable energy, thereby supporting India's growing energy needs. As the demand for natural gas continues to rise, investments in energy storage and infrastructure will be crucial for ensuring a sustainable and reliable energy future.",Bloomberg Law,Adani Plans to Build India's Largest Battery Storage System,"Billionaire Gautam Adani plans to build a multi-billion dollar battery energy storage system in western India to support his group's renewable energy ambitions, according to people familiar with the matter.",8,Gautam Adani's plan for a multi-billion dollar battery energy storage system in western India is a strategic move to bolster renewable energy initiatives and address the country's natural gas demand crisis.,8,New,Positive,High
2025-11-11,"- **Gas Supply Cut in Ukraine**: Complete cut-off of gas supply in Lyman highlights vulnerabilities in Ukraine's energy infrastructure amid ongoing conflict, stressing the need for resilient energy systems.

- **Natural Gas Demand Surge in North America**: Increased demand and storage constraints emphasize the critical role of natural gas storage for energy security and price stability.

- **Geopolitical Tensions Affecting LNG Supply**: Legal disputes involving Venture Global and major energy companies over LNG delivery failures amid rising prices reflect the complexities of securing reliable energy supplies.

- **Egypt's LNG Exports**: Egypt boosts LNG exports to address Europe's energy crisis exacerbated by reduced Russian supplies, enhancing regional energy security.

- **India's Renewable Energy Initiatives**: The Adani Group's 1,126 MW Battery Energy Storage System project aims to tackle natural gas demand issues and improve grid reliability in India.

- **Global Renewable Energy Investments**: Significant investments in renewable energy projects worldwide, including partnerships for battery storage and carbon capture, reflect a commitment to sustainability.

- **Saudi Arabia's Natural Gas Production**: Increased focus on natural gas production to diversify energy portfolio and reduce oil dependence, addressing rising electricity demand.

- **China's Renewable Energy Growth**: Solar generation up 46% and wind by 11%, despite pricing challenges, indicating a strong push towards cleaner energy sources.

- **Carbon Capture and Storage (CCS) Initiatives**: Growing momentum in CCS projects globally, with strategic partnerships aimed at enhancing energy infrastructure and reducing emissions.

- **Regional Energy Cooperation in GCC**: Investments in renewable energy and interconnected grids among GCC countries to enhance energy security and promote sustainable practices.","Adani Group's 1,126 MW Battery Storage Project Aims to Tackle India's Natural Gas Demand Crisis","India is facing significant challenges in meeting its natural gas demand due to inadequate infrastructure and the need for enhanced energy management solutions. The country's transition to a low-carbon economy necessitates the integration of renewable energy sources, which is currently hampered by transmission congestion and peak load pressures. The Adani Group's recent announcement of a 1,126 MW / 3,530 MWh Battery Energy Storage System (BESS) project in Khavda, Gujarat, represents a strategic effort to address these issues. This initiative aims to improve grid reliability and facilitate the integration of renewable energy, thereby supporting India's growing energy needs. As the demand for natural gas continues to rise, investments in energy storage and infrastructure will be crucial for ensuring a sustainable and reliable energy future.",Bloomberg Law,Adani Plans to Build India's Largest Battery Storage System,"The project is being developed at Khavda in Gujarat state, where the Adani Group is building a vast renewable energy complex. The group aims to scale its storage capacity to 50 GWh within five years, the ...",8,"Adani Group's 1,126 MW Battery Storage Project in Gujarat is part of a larger renewable energy initiative aimed at addressing India's natural gas demand crisis by significantly increasing energy storage capacity.",8,New,Positive,High
2025-11-11,"- **Gas Supply Cut in Ukraine**: Complete cut-off of gas supply in Lyman highlights vulnerabilities in Ukraine's energy infrastructure amid ongoing conflict, stressing the need for resilient energy systems.

- **Natural Gas Demand Surge in North America**: Increased demand and storage constraints emphasize the critical role of natural gas storage for energy security and price stability.

- **Geopolitical Tensions Affecting LNG Supply**: Legal disputes involving Venture Global and major energy companies over LNG delivery failures amid rising prices reflect the complexities of securing reliable energy supplies.

- **Egypt's LNG Exports**: Egypt boosts LNG exports to address Europe's energy crisis exacerbated by reduced Russian supplies, enhancing regional energy security.

- **India's Renewable Energy Initiatives**: The Adani Group's 1,126 MW Battery Energy Storage System project aims to tackle natural gas demand issues and improve grid reliability in India.

- **Global Renewable Energy Investments**: Significant investments in renewable energy projects worldwide, including partnerships for battery storage and carbon capture, reflect a commitment to sustainability.

- **Saudi Arabia's Natural Gas Production**: Increased focus on natural gas production to diversify energy portfolio and reduce oil dependence, addressing rising electricity demand.

- **China's Renewable Energy Growth**: Solar generation up 46% and wind by 11%, despite pricing challenges, indicating a strong push towards cleaner energy sources.

- **Carbon Capture and Storage (CCS) Initiatives**: Growing momentum in CCS projects globally, with strategic partnerships aimed at enhancing energy infrastructure and reducing emissions.

- **Regional Energy Cooperation in GCC**: Investments in renewable energy and interconnected grids among GCC countries to enhance energy security and promote sustainable practices.","Adani Group's 1,126 MW Battery Storage Project Aims to Tackle India's Natural Gas Demand Crisis","India is facing significant challenges in meeting its natural gas demand due to inadequate infrastructure and the need for enhanced energy management solutions. The country's transition to a low-carbon economy necessitates the integration of renewable energy sources, which is currently hampered by transmission congestion and peak load pressures. The Adani Group's recent announcement of a 1,126 MW / 3,530 MWh Battery Energy Storage System (BESS) project in Khavda, Gujarat, represents a strategic effort to address these issues. This initiative aims to improve grid reliability and facilitate the integration of renewable energy, thereby supporting India's growing energy needs. As the demand for natural gas continues to rise, investments in energy storage and infrastructure will be crucial for ensuring a sustainable and reliable energy future.",Benzinga,Adani Group Announces Strategic Entry into Battery Energy Storage Sector with one of the World's Largest Single-location BESS Projects,"This strategic initiative is a major step toward enhancing India's energy security, enabling round-the-clock clean electricity and supporting the country's transition to a low-carbon future. The BESS will play a critical role in easing peak load pressures, reducing transmission congestion, and mitigating solar curtailment, thereby improving grid reliability and efficiency.
The project is in the advance stages of deployment at Khavda, the worlds' largest renewable energy plant. The project is being developed with cutting-edge lithium-ion battery technology and is being integrated with advanced energy management systems to ensure optimal performance and reliability. The deployment will support peak load management and energy shifting, thereby playing a critical role in decarbonizing the power sector. This pioneering project will serve as a cornerstone in the world's clean energy evolution, enabling grid stability, renewable integration, and round-the-clock power availability, while positioning the Khavda renewable energy plant as the world's largest RE and storage park.",8,"Adani Group's 1,126 MW Battery Storage Project at Khavda aims to enhance India's energy security by providing reliable, round-the-clock clean electricity, supporting the transition to a low-carbon future, and addressing natural gas demand challenges through improved grid stability and renewable integration.",8,New,Positive,High
2025-11-12,"- **GCC Energy Security Investments**: Significant investments in renewable energy and interconnected power grids to enhance regional energy security and promote sustainable practices among Gulf Cooperation Council countries.

- **Venture Global LNG Delivery Issues**: Legal disputes arise as Venture Global faces arbitration from Shell and BP for failing to meet LNG delivery commitments, highlighting market volatility and the impact of geopolitical tensions, particularly related to the Ukraine conflict.

- **Rising LNG Prices**: Increased demand for LNG has led to significant price hikes, with Venture Global prioritizing spot market sales over long-term contracts, raising concerns about market integrity and the future of traditional energy agreements.",Venture Global's LNG Delivery Failures Spark Legal Battles Amid Rising Energy Market Volatility,"The recent legal challenges faced by Venture Global highlight the complexities within the energy sector, particularly in the context of Distributed Energy Resources (DER). As companies like Shell and BP engage in arbitration against Venture Global for failing to deliver liquefied natural gas (LNG) under long-term contracts, the situation underscores the volatility of energy markets influenced by geopolitical events, such as the Ukraine conflict. The high demand for LNG has led to significant price increases, prompting Venture Global to prioritize spot market sales over contractual obligations, raising concerns about market practices and the integrity of long-term agreements. This scenario reflects broader trends in the energy landscape, where the balance between traditional energy contracts and the emerging dynamics of distributed energy resources is increasingly critical.",Insurance Journal » News,Reuters EXCLUSIVE: Shell Challenges NY Arbitration Loss on Venture Global LNG,"Both arbitration cases were over Venture Global's failure to deliver LNG under long-term contracts while selling on the spot market as prices soared after the outbreak of the war in Ukraine.
Shell, in its new filing, argued that while the legal hurdle to challenge arbitration decisions is high, it believed such an appeal was justified because Venture Global held back crucial evidence.",5,"Venture Global faces legal challenges from Shell over LNG delivery failures amid rising energy prices, with claims of withheld evidence in arbitration cases.",5,New,Negative,High
2025-11-12,"- **GCC Energy Security Investments**: Significant investments in renewable energy and interconnected power grids to enhance regional energy security and promote sustainable practices among Gulf Cooperation Council countries.

- **Venture Global LNG Delivery Issues**: Legal disputes arise as Venture Global faces arbitration from Shell and BP for failing to meet LNG delivery commitments, highlighting market volatility and the impact of geopolitical tensions, particularly related to the Ukraine conflict.

- **Rising LNG Prices**: Increased demand for LNG has led to significant price hikes, with Venture Global prioritizing spot market sales over long-term contracts, raising concerns about market integrity and the future of traditional energy agreements.",Venture Global's LNG Delivery Failures Spark Legal Battles Amid Rising Energy Market Volatility,"The recent legal challenges faced by Venture Global highlight the complexities within the energy sector, particularly in the context of Distributed Energy Resources (DER). As companies like Shell and BP engage in arbitration against Venture Global for failing to deliver liquefied natural gas (LNG) under long-term contracts, the situation underscores the volatility of energy markets influenced by geopolitical events, such as the Ukraine conflict. The high demand for LNG has led to significant price increases, prompting Venture Global to prioritize spot market sales over contractual obligations, raising concerns about market practices and the integrity of long-term agreements. This scenario reflects broader trends in the energy landscape, where the balance between traditional energy contracts and the emerging dynamics of distributed energy resources is increasingly critical.",MSN,Venture Global and Mitsui sign 20-year LNG agreement,"Venture Global (VG) and Mitsui & Co. (OTCPK:MITSY) announced a new 20-year liquefied natural gas (LNG) sales and purchase agreement. Under this agreement, Mitsui (OTCPK:MITSY) will purchase 1.0 million tonnes per annum of LNG from Venture Global (VG), with deliveries starting in 2029. This deal marks Venture Global's (VG) third long-term contract with a Japanese company and adds to their total of 6.75 MTPA of long-term contracts secured in 2025. VG stock traded ~4% higher on Tuesday during after-market hours of trading. More on Venture Global, Mitsui",5,"Venture Global secures a 20-year LNG sales agreement with Mitsui, enhancing its long-term contracts amid ongoing delivery failures and legal disputes in a volatile energy market.",5,New,Negative,High
2025-11-12,"- **GCC Energy Security Investments**: Significant investments in renewable energy and interconnected power grids to enhance regional energy security and promote sustainable practices among Gulf Cooperation Council countries.

- **Venture Global LNG Delivery Issues**: Legal disputes arise as Venture Global faces arbitration from Shell and BP for failing to meet LNG delivery commitments, highlighting market volatility and the impact of geopolitical tensions, particularly related to the Ukraine conflict.

- **Rising LNG Prices**: Increased demand for LNG has led to significant price hikes, with Venture Global prioritizing spot market sales over long-term contracts, raising concerns about market integrity and the future of traditional energy agreements.",GCC Boosts Energy Security with Major Investments in Renewable Power and Interconnected Grids,"GCC Power Grid Investments are increasingly focused on enhancing regional energy security and fostering collaboration among member states. Recent initiatives include significant investments in renewable energy projects and the development of interconnected power grids to facilitate energy trade. These investments aim to diversify energy sources, reduce reliance on fossil fuels, and promote sustainable energy practices across the Gulf Cooperation Council countries. The emphasis on regional cooperation is evident in joint projects and strategic partnerships that enhance energy infrastructure, ultimately supporting economic growth and energy resilience in the region.",NewsBytes,Modi's Bhutan visit: Ties strengthened with hydropower plant launch,"Bhutan remains the only carbon-negative country in the world
This new hydropower plant bumps up Bhutan's clean energy by 40%, keeping it the world's only carbon-negative country.
Modi also announced fresh solar projects and new rail links to help local businesses and farmers trade more easily.
Plus, his visits to spiritual sites showed off India and Bhutan's close cultural bond-proof these neighbors aren't just about business, but shared values too.",4,"Bhutan's new hydropower plant enhances its clean energy capacity by 40%, reinforcing its status as the only carbon-negative country, while India's investments in solar projects and infrastructure aim to strengthen regional energy security and economic ties.",4,New,Positive,High
2025-11-12,"- **GCC Energy Security Investments**: Significant investments in renewable energy and interconnected power grids to enhance regional energy security and promote sustainable practices among Gulf Cooperation Council countries.

- **Venture Global LNG Delivery Issues**: Legal disputes arise as Venture Global faces arbitration from Shell and BP for failing to meet LNG delivery commitments, highlighting market volatility and the impact of geopolitical tensions, particularly related to the Ukraine conflict.

- **Rising LNG Prices**: Increased demand for LNG has led to significant price hikes, with Venture Global prioritizing spot market sales over long-term contracts, raising concerns about market integrity and the future of traditional energy agreements.",GCC Boosts Energy Security with Major Investments in Renewable Power and Interconnected Grids,"GCC Power Grid Investments are increasingly focused on enhancing regional energy security and fostering collaboration among member states. Recent initiatives include significant investments in renewable energy projects and the development of interconnected power grids to facilitate energy trade. These investments aim to diversify energy sources, reduce reliance on fossil fuels, and promote sustainable energy practices across the Gulf Cooperation Council countries. The emphasis on regional cooperation is evident in joint projects and strategic partnerships that enhance energy infrastructure, ultimately supporting economic growth and energy resilience in the region.",NewsBytes,Modi's Bhutan visit: Ties strengthened with hydropower plant launch,"Prime Minister Narendra Modi just wrapped up a two-day trip to Bhutan, timed with the 70th birthday of former King Jigme Singye Wangchuck-praised for his vision in promoting democracy, peace, and sustainable development in Bhutan.
The highlight? Modi and the current king launched a major hydropower project, adding serious energy muscle to Bhutan's green credentials.",4,"Prime Minister Modi's visit to Bhutan, marked by the launch of a significant hydropower project, underscores the region's commitment to renewable energy, aligning with the GCC's focus on enhancing energy security through sustainable power investments.",4,New,Positive,High
2025-11-12,"- **GCC Energy Security Investments**: Significant investments in renewable energy and interconnected power grids to enhance regional energy security and promote sustainable practices among Gulf Cooperation Council countries.

- **Venture Global LNG Delivery Issues**: Legal disputes arise as Venture Global faces arbitration from Shell and BP for failing to meet LNG delivery commitments, highlighting market volatility and the impact of geopolitical tensions, particularly related to the Ukraine conflict.

- **Rising LNG Prices**: Increased demand for LNG has led to significant price hikes, with Venture Global prioritizing spot market sales over long-term contracts, raising concerns about market integrity and the future of traditional energy agreements.",GCC Boosts Energy Security with Major Investments in Renewable Power and Interconnected Grids,"GCC Power Grid Investments are increasingly focused on enhancing regional energy security and fostering collaboration among member states. Recent initiatives include significant investments in renewable energy projects and the development of interconnected power grids to facilitate energy trade. These investments aim to diversify energy sources, reduce reliance on fossil fuels, and promote sustainable energy practices across the Gulf Cooperation Council countries. The emphasis on regional cooperation is evident in joint projects and strategic partnerships that enhance energy infrastructure, ultimately supporting economic growth and energy resilience in the region.",Financial Express,"Tata, Adani, Reliance power up Bhutan Hydroelectric ambitions in India-Bhutan energy collaboration","India and Bhutan have taken a big step forward in their ties and energy cooperation. During his visit to Bhutan on Tuesday, Prime Minister Narendra Modi announced a INR4,000 crore (about $455 million) line of credit to support new energy projects, Reuters reported. He also joined King Jigme Khesar Namgyel Wangchuck to inaugurate the 1,020-megawatt Punatsangchhu-II hydroelectric power project, which has been built with Indian support.",4,"India's investment in Bhutan's energy sector, including a $455 million credit line and the inauguration of a major hydroelectric project, highlights regional energy cooperation that complements GCC's focus on renewable power and interconnected grids for enhanced energy security.",4,New,Positive,High
2025-11-12,"- **GCC Energy Security Investments**: Significant investments in renewable energy and interconnected power grids to enhance regional energy security and promote sustainable practices among Gulf Cooperation Council countries.

- **Venture Global LNG Delivery Issues**: Legal disputes arise as Venture Global faces arbitration from Shell and BP for failing to meet LNG delivery commitments, highlighting market volatility and the impact of geopolitical tensions, particularly related to the Ukraine conflict.

- **Rising LNG Prices**: Increased demand for LNG has led to significant price hikes, with Venture Global prioritizing spot market sales over long-term contracts, raising concerns about market integrity and the future of traditional energy agreements.",GCC Boosts Energy Security with Major Investments in Renewable Power and Interconnected Grids,"GCC Power Grid Investments are increasingly focused on enhancing regional energy security and fostering collaboration among member states. Recent initiatives include significant investments in renewable energy projects and the development of interconnected power grids to facilitate energy trade. These investments aim to diversify energy sources, reduce reliance on fossil fuels, and promote sustainable energy practices across the Gulf Cooperation Council countries. The emphasis on regional cooperation is evident in joint projects and strategic partnerships that enhance energy infrastructure, ultimately supporting economic growth and energy resilience in the region.",United News of India,"PM Modi, Bhutan's Fourth King discuss energy, trade cooperation","We covered the full range of India-Bhutan relations, discussing cooperation in sectors like energy, capacity building, connectivity, technology, defense, and security. India is proud to be a key partner in Bhutan's development journey.""",4,"India's partnership with Bhutan in energy and security highlights regional cooperation, which may influence GCC's strategies in enhancing energy security through renewable investments and interconnected grids.",4,New,Positive,High
2025-11-12,"- **GCC Energy Security Investments**: Significant investments in renewable energy and interconnected power grids to enhance regional energy security and promote sustainable practices among Gulf Cooperation Council countries.

- **Venture Global LNG Delivery Issues**: Legal disputes arise as Venture Global faces arbitration from Shell and BP for failing to meet LNG delivery commitments, highlighting market volatility and the impact of geopolitical tensions, particularly related to the Ukraine conflict.

- **Rising LNG Prices**: Increased demand for LNG has led to significant price hikes, with Venture Global prioritizing spot market sales over long-term contracts, raising concerns about market integrity and the future of traditional energy agreements.",Venture Global's LNG Delivery Failures Spark Legal Battles Amid Rising Energy Market Volatility,"The recent legal challenges faced by Venture Global highlight the complexities within the energy sector, particularly in the context of Distributed Energy Resources (DER). As companies like Shell and BP engage in arbitration against Venture Global for failing to deliver liquefied natural gas (LNG) under long-term contracts, the situation underscores the volatility of energy markets influenced by geopolitical events, such as the Ukraine conflict. The high demand for LNG has led to significant price increases, prompting Venture Global to prioritize spot market sales over contractual obligations, raising concerns about market practices and the integrity of long-term agreements. This scenario reflects broader trends in the energy landscape, where the balance between traditional energy contracts and the emerging dynamics of distributed energy resources is increasingly critical.",Insurance Journal » News,Reuters EXCLUSIVE: Shell Challenges NY Arbitration Loss on Venture Global LNG,"CRUCIAL DOCUMENTS NOT DISCLOSED
Shell and other firms including BP, Edison and Galp filed arbitration claims starting in 2023.
They accused Venture Global of profiting from the sale of LNG on the spot market while not providing the firms with their cargoes agreed under long-term contracts from the Calcasieu Pass export facility in Louisiana.",5,"Shell, BP, Edison, and Galp have initiated arbitration against Venture Global for failing to deliver contracted LNG cargoes, alleging the company profited from spot market sales amid rising energy market volatility.",5,New,Negative,High
2025-11-12,"- **GCC Energy Security Investments**: Significant investments in renewable energy and interconnected power grids to enhance regional energy security and promote sustainable practices among Gulf Cooperation Council countries.

- **Venture Global LNG Delivery Issues**: Legal disputes arise as Venture Global faces arbitration from Shell and BP for failing to meet LNG delivery commitments, highlighting market volatility and the impact of geopolitical tensions, particularly related to the Ukraine conflict.

- **Rising LNG Prices**: Increased demand for LNG has led to significant price hikes, with Venture Global prioritizing spot market sales over long-term contracts, raising concerns about market integrity and the future of traditional energy agreements.",Venture Global's LNG Delivery Failures Spark Legal Battles Amid Rising Energy Market Volatility,"The recent legal challenges faced by Venture Global highlight the complexities within the energy sector, particularly in the context of Distributed Energy Resources (DER). As companies like Shell and BP engage in arbitration against Venture Global for failing to deliver liquefied natural gas (LNG) under long-term contracts, the situation underscores the volatility of energy markets influenced by geopolitical events, such as the Ukraine conflict. The high demand for LNG has led to significant price increases, prompting Venture Global to prioritize spot market sales over contractual obligations, raising concerns about market practices and the integrity of long-term agreements. This scenario reflects broader trends in the energy landscape, where the balance between traditional energy contracts and the emerging dynamics of distributed energy resources is increasingly critical.",Insurance Journal » News,Reuters EXCLUSIVE: Shell Challenges NY Arbitration Loss on Venture Global LNG,"SHELL MENTIONS BP CASE IN FILING
Shell said in the new filing that Venture Global earned more than $20 billion from selling over 400 LNG cargoes on the spot market between 2022-25 before declaring commercial operations - and before starting deliveries to longer-term contract holders in April this year.",5,"Shell's filing highlights Venture Global's $20 billion earnings from spot market LNG sales prior to commencing deliveries to long-term contract holders, underscoring the implications of its delivery failures amid volatile energy markets.",5,New,Negative,High
2025-11-12,"- **GCC Energy Security Investments**: Significant investments in renewable energy and interconnected power grids to enhance regional energy security and promote sustainable practices among Gulf Cooperation Council countries.

- **Venture Global LNG Delivery Issues**: Legal disputes arise as Venture Global faces arbitration from Shell and BP for failing to meet LNG delivery commitments, highlighting market volatility and the impact of geopolitical tensions, particularly related to the Ukraine conflict.

- **Rising LNG Prices**: Increased demand for LNG has led to significant price hikes, with Venture Global prioritizing spot market sales over long-term contracts, raising concerns about market integrity and the future of traditional energy agreements.",Venture Global's LNG Delivery Failures Spark Legal Battles Amid Rising Energy Market Volatility,"The recent legal challenges faced by Venture Global highlight the complexities within the energy sector, particularly in the context of Distributed Energy Resources (DER). As companies like Shell and BP engage in arbitration against Venture Global for failing to deliver liquefied natural gas (LNG) under long-term contracts, the situation underscores the volatility of energy markets influenced by geopolitical events, such as the Ukraine conflict. The high demand for LNG has led to significant price increases, prompting Venture Global to prioritize spot market sales over contractual obligations, raising concerns about market practices and the integrity of long-term agreements. This scenario reflects broader trends in the energy landscape, where the balance between traditional energy contracts and the emerging dynamics of distributed energy resources is increasingly critical.",IAA PortNews,UK to ban maritime services for Russian LNG exports in 2026,"The United Kingdom plans to prohibit companies from providing shipping and insurance services for Russian liquefied natural gas (LNG) exports, expanding its sanctions aimed at reducing Russia's revenue.",5,The UK is set to ban shipping and insurance for Russian LNG exports to further sanction Russia and limit its revenue.,5,New,Negative,High
