Date,Day_in_Review,Topic,Summary,Source,Headline,Text,Volume_Score,Text_Summary,Volume_Score,Novelty_Score,Impact_Score,Magnitude_Score
2025-06-20,"- **Israel-Iran Tensions**: Escalating conflicts threaten to disrupt oil shipments through the Strait of Hormuz, potentially driving prices to $120 per barrel. A 'war premium' of $7-$8 per barrel reflects market sensitivity to these geopolitical developments.

- **OPEC's Role**: OPEC's production strategy, with a spare capacity of over 6 million barrels per day, is crucial for stabilizing prices amid geopolitical tensions. Adjustments in output in response to global demand are pivotal for market stability.

- **Price Volatility**: Brent crude prices have fluctuated between $73-76 per barrel, influenced by geopolitical tensions and OPEC+ production decisions. Recent price dips highlight market sensitivity to U.S. military involvement uncertainties.

- **Labor Relations**: Averted strike in Norway through a wage agreement ensures production stability, emphasizing the importance of labor relations in maintaining oil supply.

- **ONGC Crisis**: A 16-day blowout at an ONGC oil well raises safety and accountability concerns, impacting local economies and investor confidence in oil extraction practices in India.

- **China's Oil Demand**: Driven by U.S. sanctions on Iran, China's robust demand for discounted Iranian crude affects global pricing dynamics, complicating its procurement patterns amid geopolitical tensions.",Escalating Israel-Iran Tensions Threaten to Drive Oil Prices to $120 per Barrel,"The ongoing tensions between Israel and Iran significantly impact global oil prices, primarily due to the strategic importance of the Strait of Hormuz, a vital shipping route through which a substantial portion of the world's oil supply is transported. Experts warn that escalating conflicts could disrupt oil shipments, potentially driving prices up to $120 per barrel. The situation is exacerbated by military actions, including missile strikes and U.S. military posturing, which have already led to increased volatility in oil markets. The fear of supply disruptions has created a 'war premium' of $7-$8 per barrel, reflecting the market's sensitivity to geopolitical developments. Countries heavily reliant on oil imports, such as India, face heightened vulnerability to price fluctuations driven by these tensions. Analysts are closely monitoring the situation, as any escalation could lead to significant price shocks and further complicate the delicate balance of oil supply and demand. Recent ceasefires have temporarily alleviated fears of immediate supply disruptions, resulting in price corrections, but the overall instability in the region continues to pose risks to global oil markets.",FOX Business,Strait of Hormuz shutdown fears could push oil prices to $120 a barrel,"OIL PRICES SPIKE AFTER ISRAEL'S STRIKES ON IRAN
A significant disruption to these flows would be enough to push prices to $120 per barrel, according to Manthey. But if disruptions persist toward the end of the year, she noted that Brent could trade to new record highs, surpassing the record high of close to $150 per barrel reached in 2008.",4,"Israel's military actions against Iran could lead to significant oil supply disruptions, potentially driving prices to $120 per barrel and possibly surpassing 2008's record highs if tensions escalate further.",4,New,Positive,High
2025-06-20,"- **Israel-Iran Tensions**: Escalating conflicts threaten to disrupt oil shipments through the Strait of Hormuz, potentially driving prices to $120 per barrel. A 'war premium' of $7-$8 per barrel reflects market sensitivity to these geopolitical developments.

- **OPEC's Role**: OPEC's production strategy, with a spare capacity of over 6 million barrels per day, is crucial for stabilizing prices amid geopolitical tensions. Adjustments in output in response to global demand are pivotal for market stability.

- **Price Volatility**: Brent crude prices have fluctuated between $73-76 per barrel, influenced by geopolitical tensions and OPEC+ production decisions. Recent price dips highlight market sensitivity to U.S. military involvement uncertainties.

- **Labor Relations**: Averted strike in Norway through a wage agreement ensures production stability, emphasizing the importance of labor relations in maintaining oil supply.

- **ONGC Crisis**: A 16-day blowout at an ONGC oil well raises safety and accountability concerns, impacting local economies and investor confidence in oil extraction practices in India.

- **China's Oil Demand**: Driven by U.S. sanctions on Iran, China's robust demand for discounted Iranian crude affects global pricing dynamics, complicating its procurement patterns amid geopolitical tensions.",Escalating Israel-Iran Tensions Threaten to Drive Oil Prices to $120 per Barrel,"The ongoing tensions between Israel and Iran significantly impact global oil prices, primarily due to the strategic importance of the Strait of Hormuz, a vital shipping route through which a substantial portion of the world's oil supply is transported. Experts warn that escalating conflicts could disrupt oil shipments, potentially driving prices up to $120 per barrel. The situation is exacerbated by military actions, including missile strikes and U.S. military posturing, which have already led to increased volatility in oil markets. The fear of supply disruptions has created a 'war premium' of $7-$8 per barrel, reflecting the market's sensitivity to geopolitical developments. Countries heavily reliant on oil imports, such as India, face heightened vulnerability to price fluctuations driven by these tensions. Analysts are closely monitoring the situation, as any escalation could lead to significant price shocks and further complicate the delicate balance of oil supply and demand. Recent ceasefires have temporarily alleviated fears of immediate supply disruptions, resulting in price corrections, but the overall instability in the region continues to pose risks to global oil markets.",The Manila Times,Govt urged to create oil reserve,"""Based on the 4-day trading of MOPS (Mean of Platts Singapore) and recent global developments, fuel prices are expected to greatly increase next week, as a major oil price shock continues to loom with the Israel-Iran conflict threatening to disrupt critical global shipping passages,"" Department of Energy's (DOE) Oil Industry Management Bureau Director Rodela Romero said Friday.",6,"The ongoing Israel-Iran conflict is anticipated to significantly disrupt global shipping routes, leading to a sharp increase in fuel prices, potentially pushing oil prices to $120 per barrel.",6,New,Positive,High
2025-06-20,"- **Israel-Iran Tensions**: Escalating conflicts threaten to disrupt oil shipments through the Strait of Hormuz, potentially driving prices to $120 per barrel. A 'war premium' of $7-$8 per barrel reflects market sensitivity to these geopolitical developments.

- **OPEC's Role**: OPEC's production strategy, with a spare capacity of over 6 million barrels per day, is crucial for stabilizing prices amid geopolitical tensions. Adjustments in output in response to global demand are pivotal for market stability.

- **Price Volatility**: Brent crude prices have fluctuated between $73-76 per barrel, influenced by geopolitical tensions and OPEC+ production decisions. Recent price dips highlight market sensitivity to U.S. military involvement uncertainties.

- **Labor Relations**: Averted strike in Norway through a wage agreement ensures production stability, emphasizing the importance of labor relations in maintaining oil supply.

- **ONGC Crisis**: A 16-day blowout at an ONGC oil well raises safety and accountability concerns, impacting local economies and investor confidence in oil extraction practices in India.

- **China's Oil Demand**: Driven by U.S. sanctions on Iran, China's robust demand for discounted Iranian crude affects global pricing dynamics, complicating its procurement patterns amid geopolitical tensions.",OPEC's Production Strategy: Key to Stabilizing Global Oil Prices Amid Market Disruptions,"The Organization of the Petroleum Exporting Countries (OPEC) significantly influences global oil prices through its production quotas and strategic decisions. With a spare capacity exceeding 6 million barrels per day, OPEC can respond to market disruptions, particularly in the context of geopolitical tensions. The organization's ability to maintain production levels is crucial for stabilizing prices and mitigating risk premiums associated with supply disruptions. The expanded OPEC+ group, which includes non-OPEC members like Russia, further complicates oil pricing dynamics. Recent trends, such as the scheduled phase-out of OPEC+ production cuts, are expected to impact market supply and prices, especially as GDP growth in oil-dependent economies like Saudi Arabia is projected to rise. As OPEC continues to adjust its output in response to global demand, its decisions remain pivotal in shaping the crude oil market and ensuring price stability.",MT Newswires - Asia Pacific,"Probability of Oil Supply Coming Under Direct Threat Increase Amid Iran-Israel Conflict, ANZ Research Says","Oil markets are better equipped to respond to such a contingency than in the past, and the Organization of the Petroleum Exporting Countries (OPEC) has spare capacity of over 6 million barrels per day that can be quickly activated.",5,OPEC's substantial spare capacity of over 6 million barrels per day positions it to effectively stabilize global oil prices amid market disruptions.,5,Old,Positive,High
2025-06-20,"- **Israel-Iran Tensions**: Escalating conflicts threaten to disrupt oil shipments through the Strait of Hormuz, potentially driving prices to $120 per barrel. A 'war premium' of $7-$8 per barrel reflects market sensitivity to these geopolitical developments.

- **OPEC's Role**: OPEC's production strategy, with a spare capacity of over 6 million barrels per day, is crucial for stabilizing prices amid geopolitical tensions. Adjustments in output in response to global demand are pivotal for market stability.

- **Price Volatility**: Brent crude prices have fluctuated between $73-76 per barrel, influenced by geopolitical tensions and OPEC+ production decisions. Recent price dips highlight market sensitivity to U.S. military involvement uncertainties.

- **Labor Relations**: Averted strike in Norway through a wage agreement ensures production stability, emphasizing the importance of labor relations in maintaining oil supply.

- **ONGC Crisis**: A 16-day blowout at an ONGC oil well raises safety and accountability concerns, impacting local economies and investor confidence in oil extraction practices in India.

- **China's Oil Demand**: Driven by U.S. sanctions on Iran, China's robust demand for discounted Iranian crude affects global pricing dynamics, complicating its procurement patterns amid geopolitical tensions.",OPEC's Production Strategy: Key to Stabilizing Global Oil Prices Amid Market Disruptions,"The Organization of the Petroleum Exporting Countries (OPEC) significantly influences global oil prices through its production quotas and strategic decisions. With a spare capacity exceeding 6 million barrels per day, OPEC can respond to market disruptions, particularly in the context of geopolitical tensions. The organization's ability to maintain production levels is crucial for stabilizing prices and mitigating risk premiums associated with supply disruptions. The expanded OPEC+ group, which includes non-OPEC members like Russia, further complicates oil pricing dynamics. Recent trends, such as the scheduled phase-out of OPEC+ production cuts, are expected to impact market supply and prices, especially as GDP growth in oil-dependent economies like Saudi Arabia is projected to rise. As OPEC continues to adjust its output in response to global demand, its decisions remain pivotal in shaping the crude oil market and ensuring price stability.",FXStreet News,WTI trims gains below $73.50 as Trump says Iran decision to come within two week,"How does OPEC influence the price of WTI Oil?
OPEC (Organization of the Petroleum Exporting Countries) is a group of 12 Oil-producing nations who collectively decide production quotas for member countries at twice-yearly meetings. Their decisions often impact WTI Oil prices. When OPEC decides to lower quotas, it can tighten supply, pushing up Oil prices. When OPEC increases production, it has the opposite effect. OPEC+ refers to an expanded group that includes ten extra non-OPEC members, the most notable of which is Russia.",5,OPEC's production decisions significantly influence WTI Oil prices by adjusting supply levels through member quotas.,5,Old,Positive,High
2025-06-20,"- **Israel-Iran Tensions**: Escalating conflicts threaten to disrupt oil shipments through the Strait of Hormuz, potentially driving prices to $120 per barrel. A 'war premium' of $7-$8 per barrel reflects market sensitivity to these geopolitical developments.

- **OPEC's Role**: OPEC's production strategy, with a spare capacity of over 6 million barrels per day, is crucial for stabilizing prices amid geopolitical tensions. Adjustments in output in response to global demand are pivotal for market stability.

- **Price Volatility**: Brent crude prices have fluctuated between $73-76 per barrel, influenced by geopolitical tensions and OPEC+ production decisions. Recent price dips highlight market sensitivity to U.S. military involvement uncertainties.

- **Labor Relations**: Averted strike in Norway through a wage agreement ensures production stability, emphasizing the importance of labor relations in maintaining oil supply.

- **ONGC Crisis**: A 16-day blowout at an ONGC oil well raises safety and accountability concerns, impacting local economies and investor confidence in oil extraction practices in India.

- **China's Oil Demand**: Driven by U.S. sanctions on Iran, China's robust demand for discounted Iranian crude affects global pricing dynamics, complicating its procurement patterns amid geopolitical tensions.",OPEC's Production Strategy: Key to Stabilizing Global Oil Prices Amid Market Disruptions,"The Organization of the Petroleum Exporting Countries (OPEC) significantly influences global oil prices through its production quotas and strategic decisions. With a spare capacity exceeding 6 million barrels per day, OPEC can respond to market disruptions, particularly in the context of geopolitical tensions. The organization's ability to maintain production levels is crucial for stabilizing prices and mitigating risk premiums associated with supply disruptions. The expanded OPEC+ group, which includes non-OPEC members like Russia, further complicates oil pricing dynamics. Recent trends, such as the scheduled phase-out of OPEC+ production cuts, are expected to impact market supply and prices, especially as GDP growth in oil-dependent economies like Saudi Arabia is projected to rise. As OPEC continues to adjust its output in response to global demand, its decisions remain pivotal in shaping the crude oil market and ensuring price stability.",FXStreet News,WTI trims gains below $73.50 as Trump says Iran decision to come within two week,"What factors drive the price of WTI Oil?
Like all assets, supply and demand are the key drivers of WTI Oil price. As such, global growth can be a driver of increased demand and vice versa for weak global growth. Political instability, wars, and sanctions can disrupt supply and impact prices. The decisions of OPEC, a group of major Oil-producing countries, is another key driver of price. The value of the US Dollar influences the price of WTI Crude Oil, since Oil is predominantly traded in US Dollars, thus a weaker US Dollar can make Oil more affordable and vice versa.",5,"The price of WTI Oil is primarily influenced by supply and demand dynamics, global economic conditions, geopolitical factors, OPEC decisions, and fluctuations in the US Dollar.",5,Old,Positive,High
2025-06-20,"- **Israel-Iran Tensions**: Escalating conflicts threaten to disrupt oil shipments through the Strait of Hormuz, potentially driving prices to $120 per barrel. A 'war premium' of $7-$8 per barrel reflects market sensitivity to these geopolitical developments.

- **OPEC's Role**: OPEC's production strategy, with a spare capacity of over 6 million barrels per day, is crucial for stabilizing prices amid geopolitical tensions. Adjustments in output in response to global demand are pivotal for market stability.

- **Price Volatility**: Brent crude prices have fluctuated between $73-76 per barrel, influenced by geopolitical tensions and OPEC+ production decisions. Recent price dips highlight market sensitivity to U.S. military involvement uncertainties.

- **Labor Relations**: Averted strike in Norway through a wage agreement ensures production stability, emphasizing the importance of labor relations in maintaining oil supply.

- **ONGC Crisis**: A 16-day blowout at an ONGC oil well raises safety and accountability concerns, impacting local economies and investor confidence in oil extraction practices in India.

- **China's Oil Demand**: Driven by U.S. sanctions on Iran, China's robust demand for discounted Iranian crude affects global pricing dynamics, complicating its procurement patterns amid geopolitical tensions.",Escalating Israel-Iran Tensions Threaten to Drive Oil Prices to $120 per Barrel,"The ongoing tensions between Israel and Iran significantly impact global oil prices, primarily due to the strategic importance of the Strait of Hormuz, a vital shipping route through which a substantial portion of the world's oil supply is transported. Experts warn that escalating conflicts could disrupt oil shipments, potentially driving prices up to $120 per barrel. The situation is exacerbated by military actions, including missile strikes and U.S. military posturing, which have already led to increased volatility in oil markets. The fear of supply disruptions has created a 'war premium' of $7-$8 per barrel, reflecting the market's sensitivity to geopolitical developments. Countries heavily reliant on oil imports, such as India, face heightened vulnerability to price fluctuations driven by these tensions. Analysts are closely monitoring the situation, as any escalation could lead to significant price shocks and further complicate the delicate balance of oil supply and demand. Recent ceasefires have temporarily alleviated fears of immediate supply disruptions, resulting in price corrections, but the overall instability in the region continues to pose risks to global oil markets.",Yahoo! Finance,Putin says no need for OPEC+ to intervene in oil market due to Iran-Israel conflict,"Iran is the third largest producer among members of the Organization of the Petroleum Exporting Countries. Hostilities could disrupt its supply of oil and thereby increase prices.
Putin also said OPEC and allies including Russia - a group known as OPEC+, which pumps about half of the world's oil - were increasing oil output, but doing so gradually, to ensure balance in the oil market and ""comfortable"" prices.",6,"Iran's significant oil production within OPEC and potential supply disruptions due to hostilities could impact global oil prices, while OPEC+ aims for gradual output increases to maintain market balance.",6,New,Positive,High
2025-06-20,"- **Israel-Iran Tensions**: Escalating conflicts threaten to disrupt oil shipments through the Strait of Hormuz, potentially driving prices to $120 per barrel. A 'war premium' of $7-$8 per barrel reflects market sensitivity to these geopolitical developments.

- **OPEC's Role**: OPEC's production strategy, with a spare capacity of over 6 million barrels per day, is crucial for stabilizing prices amid geopolitical tensions. Adjustments in output in response to global demand are pivotal for market stability.

- **Price Volatility**: Brent crude prices have fluctuated between $73-76 per barrel, influenced by geopolitical tensions and OPEC+ production decisions. Recent price dips highlight market sensitivity to U.S. military involvement uncertainties.

- **Labor Relations**: Averted strike in Norway through a wage agreement ensures production stability, emphasizing the importance of labor relations in maintaining oil supply.

- **ONGC Crisis**: A 16-day blowout at an ONGC oil well raises safety and accountability concerns, impacting local economies and investor confidence in oil extraction practices in India.

- **China's Oil Demand**: Driven by U.S. sanctions on Iran, China's robust demand for discounted Iranian crude affects global pricing dynamics, complicating its procurement patterns amid geopolitical tensions.",Escalating Israel-Iran Tensions Threaten to Drive Oil Prices to $120 per Barrel,"The ongoing tensions between Israel and Iran significantly impact global oil prices, primarily due to the strategic importance of the Strait of Hormuz, a vital shipping route through which a substantial portion of the world's oil supply is transported. Experts warn that escalating conflicts could disrupt oil shipments, potentially driving prices up to $120 per barrel. The situation is exacerbated by military actions, including missile strikes and U.S. military posturing, which have already led to increased volatility in oil markets. The fear of supply disruptions has created a 'war premium' of $7-$8 per barrel, reflecting the market's sensitivity to geopolitical developments. Countries heavily reliant on oil imports, such as India, face heightened vulnerability to price fluctuations driven by these tensions. Analysts are closely monitoring the situation, as any escalation could lead to significant price shocks and further complicate the delicate balance of oil supply and demand. Recent ceasefires have temporarily alleviated fears of immediate supply disruptions, resulting in price corrections, but the overall instability in the region continues to pose risks to global oil markets.",The Manila Times,Govt urged to create oil reserve,"Jetti Petroleum President Leo Bellas added that direct US involvement ""could widen the conflict and trigger attacks on energy infrastructures...""
An emerging flash point is the Strait of Hormuz, a waterway that connects the Persian Gulf with the Gulf of Oman and the Arabian Sea.",6,"Jetti Petroleum's Leo Bellas warns that US involvement in escalating Israel-Iran tensions could exacerbate the conflict and threaten energy infrastructure, particularly in the critical Strait of Hormuz, potentially driving oil prices to $120 per barrel.",6,New,Positive,High
2025-06-20,"- **Israel-Iran Tensions**: Escalating conflicts threaten to disrupt oil shipments through the Strait of Hormuz, potentially driving prices to $120 per barrel. A 'war premium' of $7-$8 per barrel reflects market sensitivity to these geopolitical developments.

- **OPEC's Role**: OPEC's production strategy, with a spare capacity of over 6 million barrels per day, is crucial for stabilizing prices amid geopolitical tensions. Adjustments in output in response to global demand are pivotal for market stability.

- **Price Volatility**: Brent crude prices have fluctuated between $73-76 per barrel, influenced by geopolitical tensions and OPEC+ production decisions. Recent price dips highlight market sensitivity to U.S. military involvement uncertainties.

- **Labor Relations**: Averted strike in Norway through a wage agreement ensures production stability, emphasizing the importance of labor relations in maintaining oil supply.

- **ONGC Crisis**: A 16-day blowout at an ONGC oil well raises safety and accountability concerns, impacting local economies and investor confidence in oil extraction practices in India.

- **China's Oil Demand**: Driven by U.S. sanctions on Iran, China's robust demand for discounted Iranian crude affects global pricing dynamics, complicating its procurement patterns amid geopolitical tensions.",Escalating Israel-Iran Tensions Threaten to Drive Oil Prices to $120 per Barrel,"The ongoing tensions between Israel and Iran significantly impact global oil prices, primarily due to the strategic importance of the Strait of Hormuz, a vital shipping route through which a substantial portion of the world's oil supply is transported. Experts warn that escalating conflicts could disrupt oil shipments, potentially driving prices up to $120 per barrel. The situation is exacerbated by military actions, including missile strikes and U.S. military posturing, which have already led to increased volatility in oil markets. The fear of supply disruptions has created a 'war premium' of $7-$8 per barrel, reflecting the market's sensitivity to geopolitical developments. Countries heavily reliant on oil imports, such as India, face heightened vulnerability to price fluctuations driven by these tensions. Analysts are closely monitoring the situation, as any escalation could lead to significant price shocks and further complicate the delicate balance of oil supply and demand. Recent ceasefires have temporarily alleviated fears of immediate supply disruptions, resulting in price corrections, but the overall instability in the region continues to pose risks to global oil markets.",Miami Herald (MH),Pro-Palestinian group break into Britain's largest air force base,"June 20 (UPI) -- A pro-Palestinian group announced early Friday it managed to break into Britain's largest air force base and damage two planes in what it said was a protest against the country's support of Israel.
Palestine Action posted video footage to its X account that allegedly shows members of its group, who they refer to as ""actionists,"" on the grounds of RAF Brize Norton in Oxfordshire, where they sprayed red paint on two Airbus Voyager air-to-air refueling tankers before successfully making an escape. Additionally, although not shown in the video, the group also damaged the planes with crowbars and left a Palestinian flag behind.",4,"A pro-Palestinian group vandalized RAF Brize Norton in protest against UK support for Israel, highlighting rising tensions that could impact global oil prices amid the Israel-Iran conflict.",4,New,Positive,High
2025-06-20,"- **Israel-Iran Tensions**: Escalating conflicts threaten to disrupt oil shipments through the Strait of Hormuz, potentially driving prices to $120 per barrel. A 'war premium' of $7-$8 per barrel reflects market sensitivity to these geopolitical developments.

- **OPEC's Role**: OPEC's production strategy, with a spare capacity of over 6 million barrels per day, is crucial for stabilizing prices amid geopolitical tensions. Adjustments in output in response to global demand are pivotal for market stability.

- **Price Volatility**: Brent crude prices have fluctuated between $73-76 per barrel, influenced by geopolitical tensions and OPEC+ production decisions. Recent price dips highlight market sensitivity to U.S. military involvement uncertainties.

- **Labor Relations**: Averted strike in Norway through a wage agreement ensures production stability, emphasizing the importance of labor relations in maintaining oil supply.

- **ONGC Crisis**: A 16-day blowout at an ONGC oil well raises safety and accountability concerns, impacting local economies and investor confidence in oil extraction practices in India.

- **China's Oil Demand**: Driven by U.S. sanctions on Iran, China's robust demand for discounted Iranian crude affects global pricing dynamics, complicating its procurement patterns amid geopolitical tensions.",Escalating Israel-Iran Tensions Threaten to Drive Oil Prices to $120 per Barrel,"The ongoing tensions between Israel and Iran significantly impact global oil prices, primarily due to the strategic importance of the Strait of Hormuz, a vital shipping route through which a substantial portion of the world's oil supply is transported. Experts warn that escalating conflicts could disrupt oil shipments, potentially driving prices up to $120 per barrel. The situation is exacerbated by military actions, including missile strikes and U.S. military posturing, which have already led to increased volatility in oil markets. The fear of supply disruptions has created a 'war premium' of $7-$8 per barrel, reflecting the market's sensitivity to geopolitical developments. Countries heavily reliant on oil imports, such as India, face heightened vulnerability to price fluctuations driven by these tensions. Analysts are closely monitoring the situation, as any escalation could lead to significant price shocks and further complicate the delicate balance of oil supply and demand. Recent ceasefires have temporarily alleviated fears of immediate supply disruptions, resulting in price corrections, but the overall instability in the region continues to pose risks to global oil markets.",The Manila Times,Govt urged to create oil reserve,"Villafuerte said that now is the right time for the government to activate the SPR Plan, which allows it to stock up on fuel when global prices are low, and unload or sell when prices rise as a result of geopolitical tensions.",6,Villafuerte advocates for activating the SPR Plan to strategically manage fuel stocks amid rising oil prices due to escalating Israel-Iran tensions.,6,New,Positive,High
2025-06-20,"- **Israel-Iran Tensions**: Escalating conflicts threaten to disrupt oil shipments through the Strait of Hormuz, potentially driving prices to $120 per barrel. A 'war premium' of $7-$8 per barrel reflects market sensitivity to these geopolitical developments.

- **OPEC's Role**: OPEC's production strategy, with a spare capacity of over 6 million barrels per day, is crucial for stabilizing prices amid geopolitical tensions. Adjustments in output in response to global demand are pivotal for market stability.

- **Price Volatility**: Brent crude prices have fluctuated between $73-76 per barrel, influenced by geopolitical tensions and OPEC+ production decisions. Recent price dips highlight market sensitivity to U.S. military involvement uncertainties.

- **Labor Relations**: Averted strike in Norway through a wage agreement ensures production stability, emphasizing the importance of labor relations in maintaining oil supply.

- **ONGC Crisis**: A 16-day blowout at an ONGC oil well raises safety and accountability concerns, impacting local economies and investor confidence in oil extraction practices in India.

- **China's Oil Demand**: Driven by U.S. sanctions on Iran, China's robust demand for discounted Iranian crude affects global pricing dynamics, complicating its procurement patterns amid geopolitical tensions.",Escalating Israel-Iran Tensions Threaten to Drive Oil Prices to $120 per Barrel,"The ongoing tensions between Israel and Iran significantly impact global oil prices, primarily due to the strategic importance of the Strait of Hormuz, a vital shipping route through which a substantial portion of the world's oil supply is transported. Experts warn that escalating conflicts could disrupt oil shipments, potentially driving prices up to $120 per barrel. The situation is exacerbated by military actions, including missile strikes and U.S. military posturing, which have already led to increased volatility in oil markets. The fear of supply disruptions has created a 'war premium' of $7-$8 per barrel, reflecting the market's sensitivity to geopolitical developments. Countries heavily reliant on oil imports, such as India, face heightened vulnerability to price fluctuations driven by these tensions. Analysts are closely monitoring the situation, as any escalation could lead to significant price shocks and further complicate the delicate balance of oil supply and demand. Recent ceasefires have temporarily alleviated fears of immediate supply disruptions, resulting in price corrections, but the overall instability in the region continues to pose risks to global oil markets.",The Manila Times,Govt urged to create oil reserve,"The Total Energies depot and refinery in Feluy, Belgium, 17 June 2025. Global oil prices rise following Israel's attack on Iran.
Local oil industry sources expect huge increases in pump prices next week.",6,"Following Israel's attack on Iran, global oil prices are surging, with local sources predicting significant increases in pump prices, potentially driving oil to $120 per barrel.",6,New,Positive,High
2025-06-20,"- **Israel-Iran Tensions**: Escalating conflicts threaten to disrupt oil shipments through the Strait of Hormuz, potentially driving prices to $120 per barrel. A 'war premium' of $7-$8 per barrel reflects market sensitivity to these geopolitical developments.

- **OPEC's Role**: OPEC's production strategy, with a spare capacity of over 6 million barrels per day, is crucial for stabilizing prices amid geopolitical tensions. Adjustments in output in response to global demand are pivotal for market stability.

- **Price Volatility**: Brent crude prices have fluctuated between $73-76 per barrel, influenced by geopolitical tensions and OPEC+ production decisions. Recent price dips highlight market sensitivity to U.S. military involvement uncertainties.

- **Labor Relations**: Averted strike in Norway through a wage agreement ensures production stability, emphasizing the importance of labor relations in maintaining oil supply.

- **ONGC Crisis**: A 16-day blowout at an ONGC oil well raises safety and accountability concerns, impacting local economies and investor confidence in oil extraction practices in India.

- **China's Oil Demand**: Driven by U.S. sanctions on Iran, China's robust demand for discounted Iranian crude affects global pricing dynamics, complicating its procurement patterns amid geopolitical tensions.",Escalating Israel-Iran Tensions Threaten to Drive Oil Prices to $120 per Barrel,"The ongoing tensions between Israel and Iran significantly impact global oil prices, primarily due to the strategic importance of the Strait of Hormuz, a vital shipping route through which a substantial portion of the world's oil supply is transported. Experts warn that escalating conflicts could disrupt oil shipments, potentially driving prices up to $120 per barrel. The situation is exacerbated by military actions, including missile strikes and U.S. military posturing, which have already led to increased volatility in oil markets. The fear of supply disruptions has created a 'war premium' of $7-$8 per barrel, reflecting the market's sensitivity to geopolitical developments. Countries heavily reliant on oil imports, such as India, face heightened vulnerability to price fluctuations driven by these tensions. Analysts are closely monitoring the situation, as any escalation could lead to significant price shocks and further complicate the delicate balance of oil supply and demand. Recent ceasefires have temporarily alleviated fears of immediate supply disruptions, resulting in price corrections, but the overall instability in the region continues to pose risks to global oil markets.",The Manila Times,"HEADLINES: Ombudsman orders Sara: Answer charges | June 21, 2025","READ: Govt urged to create oil reserve
WITH the conflict between Iran and Israel pushing up the price of oil worldwide, a congressman is proposing that the government set up a Strategic Petroleum Reserve (SPR) to stabilize the country's fuel supply and prices. Outgoing Camarines Sur Rep. Luis Raymund Villafuerte said in a statement on Friday that Filipinos are ""expectedly anxious and jumpy"" that prices could skyrocket in the weeks or months ahead after Israel and Iran launched missile strikes at each other. Local oil industry sources expect huge increases in pump prices next week.",6,Congressman proposes establishing a Strategic Petroleum Reserve to stabilize fuel supply and prices amid rising oil costs due to the Iran-Israel conflict.,6,New,Positive,High
2025-06-20,"- **Israel-Iran Tensions**: Escalating conflicts threaten to disrupt oil shipments through the Strait of Hormuz, potentially driving prices to $120 per barrel. A 'war premium' of $7-$8 per barrel reflects market sensitivity to these geopolitical developments.

- **OPEC's Role**: OPEC's production strategy, with a spare capacity of over 6 million barrels per day, is crucial for stabilizing prices amid geopolitical tensions. Adjustments in output in response to global demand are pivotal for market stability.

- **Price Volatility**: Brent crude prices have fluctuated between $73-76 per barrel, influenced by geopolitical tensions and OPEC+ production decisions. Recent price dips highlight market sensitivity to U.S. military involvement uncertainties.

- **Labor Relations**: Averted strike in Norway through a wage agreement ensures production stability, emphasizing the importance of labor relations in maintaining oil supply.

- **ONGC Crisis**: A 16-day blowout at an ONGC oil well raises safety and accountability concerns, impacting local economies and investor confidence in oil extraction practices in India.

- **China's Oil Demand**: Driven by U.S. sanctions on Iran, China's robust demand for discounted Iranian crude affects global pricing dynamics, complicating its procurement patterns amid geopolitical tensions.",Escalating Israel-Iran Tensions Threaten to Drive Oil Prices to $120 per Barrel,"The ongoing tensions between Israel and Iran significantly impact global oil prices, primarily due to the strategic importance of the Strait of Hormuz, a vital shipping route through which a substantial portion of the world's oil supply is transported. Experts warn that escalating conflicts could disrupt oil shipments, potentially driving prices up to $120 per barrel. The situation is exacerbated by military actions, including missile strikes and U.S. military posturing, which have already led to increased volatility in oil markets. The fear of supply disruptions has created a 'war premium' of $7-$8 per barrel, reflecting the market's sensitivity to geopolitical developments. Countries heavily reliant on oil imports, such as India, face heightened vulnerability to price fluctuations driven by these tensions. Analysts are closely monitoring the situation, as any escalation could lead to significant price shocks and further complicate the delicate balance of oil supply and demand. Recent ceasefires have temporarily alleviated fears of immediate supply disruptions, resulting in price corrections, but the overall instability in the region continues to pose risks to global oil markets.",FOX Business,Strait of Hormuz shutdown fears could push oil prices to $120 a barrel,"ExxonMobil CEO Darren Woods echoed those concerns, saying that while global oil supply is sufficient to withstand a disruption to Iranian exports, the greater concern is the potential impact on oil shipments through that waterway, which moves almost a third of global seaborne oil trade.",4,"ExxonMobil's CEO highlights the risks to global oil shipments from potential disruptions in Iranian exports, emphasizing the strategic importance of key maritime routes for oil trade.",4,New,Positive,High
2025-06-20,"- **Israel-Iran Tensions**: Escalating conflicts threaten to disrupt oil shipments through the Strait of Hormuz, potentially driving prices to $120 per barrel. A 'war premium' of $7-$8 per barrel reflects market sensitivity to these geopolitical developments.

- **OPEC's Role**: OPEC's production strategy, with a spare capacity of over 6 million barrels per day, is crucial for stabilizing prices amid geopolitical tensions. Adjustments in output in response to global demand are pivotal for market stability.

- **Price Volatility**: Brent crude prices have fluctuated between $73-76 per barrel, influenced by geopolitical tensions and OPEC+ production decisions. Recent price dips highlight market sensitivity to U.S. military involvement uncertainties.

- **Labor Relations**: Averted strike in Norway through a wage agreement ensures production stability, emphasizing the importance of labor relations in maintaining oil supply.

- **ONGC Crisis**: A 16-day blowout at an ONGC oil well raises safety and accountability concerns, impacting local economies and investor confidence in oil extraction practices in India.

- **China's Oil Demand**: Driven by U.S. sanctions on Iran, China's robust demand for discounted Iranian crude affects global pricing dynamics, complicating its procurement patterns amid geopolitical tensions.",Escalating Israel-Iran Tensions Threaten to Drive Oil Prices to $120 per Barrel,"The ongoing tensions between Israel and Iran significantly impact global oil prices, primarily due to the strategic importance of the Strait of Hormuz, a vital shipping route through which a substantial portion of the world's oil supply is transported. Experts warn that escalating conflicts could disrupt oil shipments, potentially driving prices up to $120 per barrel. The situation is exacerbated by military actions, including missile strikes and U.S. military posturing, which have already led to increased volatility in oil markets. The fear of supply disruptions has created a 'war premium' of $7-$8 per barrel, reflecting the market's sensitivity to geopolitical developments. Countries heavily reliant on oil imports, such as India, face heightened vulnerability to price fluctuations driven by these tensions. Analysts are closely monitoring the situation, as any escalation could lead to significant price shocks and further complicate the delicate balance of oil supply and demand. Recent ceasefires have temporarily alleviated fears of immediate supply disruptions, resulting in price corrections, but the overall instability in the region continues to pose risks to global oil markets.",FOX Business,Strait of Hormuz shutdown fears could push oil prices to $120 a barrel,"Trump meets with national security team as experts warn Israel-Iran conflict threatens crucial Strait of Hormuz
If the escalating conflict between Israel and Iran threatens a critical shipping route and significantly cuts global oil supplies, prices could surge to as much as $120 a barrel, according to industry experts.",4,"Escalating Israel-Iran tensions could disrupt the Strait of Hormuz, potentially driving oil prices to $120 per barrel due to fears of reduced global supply.",4,New,Positive,High
2025-06-20,"- **Israel-Iran Tensions**: Escalating conflicts threaten to disrupt oil shipments through the Strait of Hormuz, potentially driving prices to $120 per barrel. A 'war premium' of $7-$8 per barrel reflects market sensitivity to these geopolitical developments.

- **OPEC's Role**: OPEC's production strategy, with a spare capacity of over 6 million barrels per day, is crucial for stabilizing prices amid geopolitical tensions. Adjustments in output in response to global demand are pivotal for market stability.

- **Price Volatility**: Brent crude prices have fluctuated between $73-76 per barrel, influenced by geopolitical tensions and OPEC+ production decisions. Recent price dips highlight market sensitivity to U.S. military involvement uncertainties.

- **Labor Relations**: Averted strike in Norway through a wage agreement ensures production stability, emphasizing the importance of labor relations in maintaining oil supply.

- **ONGC Crisis**: A 16-day blowout at an ONGC oil well raises safety and accountability concerns, impacting local economies and investor confidence in oil extraction practices in India.

- **China's Oil Demand**: Driven by U.S. sanctions on Iran, China's robust demand for discounted Iranian crude affects global pricing dynamics, complicating its procurement patterns amid geopolitical tensions.",OPEC's Production Strategy: Key to Stabilizing Global Oil Prices Amid Market Disruptions,"The Organization of the Petroleum Exporting Countries (OPEC) significantly influences global oil prices through its production quotas and strategic decisions. With a spare capacity exceeding 6 million barrels per day, OPEC can respond to market disruptions, particularly in the context of geopolitical tensions. The organization's ability to maintain production levels is crucial for stabilizing prices and mitigating risk premiums associated with supply disruptions. The expanded OPEC+ group, which includes non-OPEC members like Russia, further complicates oil pricing dynamics. Recent trends, such as the scheduled phase-out of OPEC+ production cuts, are expected to impact market supply and prices, especially as GDP growth in oil-dependent economies like Saudi Arabia is projected to rise. As OPEC continues to adjust its output in response to global demand, its decisions remain pivotal in shaping the crude oil market and ensuring price stability.",MarineLink.com,Iran Maintains Oil Exports During Conflict Iran is maintaining crude oil supply by loading tankers one at a...,"Crude exports from Iran, OPEC's third-largest producer, mainly head to China. Loadings have so far been largely unaffected by the conflict with Israel, the trackers said.
Iran has loaded 2.2 million barrels per day of crude oil so far this week, marking a five-week high, the latest data from analytics firm Kpler showed.",5,"Iran's crude oil exports, primarily to China, remain robust at 2.2 million barrels per day despite regional conflicts, highlighting OPEC's ability to maintain production levels and stabilize global oil prices.",5,Old,Positive,High
2025-06-20,"- **Israel-Iran Tensions**: Escalating conflicts threaten to disrupt oil shipments through the Strait of Hormuz, potentially driving prices to $120 per barrel. A 'war premium' of $7-$8 per barrel reflects market sensitivity to these geopolitical developments.

- **OPEC's Role**: OPEC's production strategy, with a spare capacity of over 6 million barrels per day, is crucial for stabilizing prices amid geopolitical tensions. Adjustments in output in response to global demand are pivotal for market stability.

- **Price Volatility**: Brent crude prices have fluctuated between $73-76 per barrel, influenced by geopolitical tensions and OPEC+ production decisions. Recent price dips highlight market sensitivity to U.S. military involvement uncertainties.

- **Labor Relations**: Averted strike in Norway through a wage agreement ensures production stability, emphasizing the importance of labor relations in maintaining oil supply.

- **ONGC Crisis**: A 16-day blowout at an ONGC oil well raises safety and accountability concerns, impacting local economies and investor confidence in oil extraction practices in India.

- **China's Oil Demand**: Driven by U.S. sanctions on Iran, China's robust demand for discounted Iranian crude affects global pricing dynamics, complicating its procurement patterns amid geopolitical tensions.",Geopolitical Tensions Drive Crude Oil Price Volatility Amid Market Uncertainty,"Recent fluctuations in crude oil prices, particularly Brent and WTI, have been significantly influenced by geopolitical tensions, such as the Israel-Iran conflict, and market reactions to these events. For instance, Brent prices dipped nearly $2 following uncertainty regarding U.S. military involvement, highlighting the market's sensitivity to geopolitical developments. Currently, Brent crude prices hover between $73-76 per barrel, reflecting ongoing volatility driven by factors like OPEC+ production decisions and seasonal energy demands. The interplay between supply and demand is crucial, as evidenced by the sharp declines in oil prices, which have also impacted related markets, such as soybean oil. Additionally, increased speculative trading in Nymex light sweet crude indicates heightened investor interest, with traders boosting long positions in anticipation of future price movements. However, the oil and gas industry faces a bearish outlook, with declining stock performance and negative earnings forecasts, compounded by the IEA's prediction of peak oil demand by 2030. This complex landscape underscores the importance of market sentiment and geopolitical events in shaping oil price trajectories and the broader economic implications across various sectors.",ABC News,Asian shares are mixed and oil gains as world waits to see if US will join Israel's war against Iran,"U.S. futures edged lower after Wall Street was closed on Thursday for the Juneteenth holiday.
U.S. benchmark crude oil added 15 cents to $73.65 per barrel, while Brent crude, the international standard was up 19 cents at $76.89 per barrel.",6,"Crude oil prices show slight increases amid U.S. market closure, reflecting ongoing geopolitical tensions and market uncertainty.",6,New,Positive,High
2025-06-20,"- **Israel-Iran Tensions**: Escalating conflicts threaten to disrupt oil shipments through the Strait of Hormuz, potentially driving prices to $120 per barrel. A 'war premium' of $7-$8 per barrel reflects market sensitivity to these geopolitical developments.

- **OPEC's Role**: OPEC's production strategy, with a spare capacity of over 6 million barrels per day, is crucial for stabilizing prices amid geopolitical tensions. Adjustments in output in response to global demand are pivotal for market stability.

- **Price Volatility**: Brent crude prices have fluctuated between $73-76 per barrel, influenced by geopolitical tensions and OPEC+ production decisions. Recent price dips highlight market sensitivity to U.S. military involvement uncertainties.

- **Labor Relations**: Averted strike in Norway through a wage agreement ensures production stability, emphasizing the importance of labor relations in maintaining oil supply.

- **ONGC Crisis**: A 16-day blowout at an ONGC oil well raises safety and accountability concerns, impacting local economies and investor confidence in oil extraction practices in India.

- **China's Oil Demand**: Driven by U.S. sanctions on Iran, China's robust demand for discounted Iranian crude affects global pricing dynamics, complicating its procurement patterns amid geopolitical tensions.",OPEC's Production Strategy: Key to Stabilizing Global Oil Prices Amid Market Disruptions,"The Organization of the Petroleum Exporting Countries (OPEC) significantly influences global oil prices through its production quotas and strategic decisions. With a spare capacity exceeding 6 million barrels per day, OPEC can respond to market disruptions, particularly in the context of geopolitical tensions. The organization's ability to maintain production levels is crucial for stabilizing prices and mitigating risk premiums associated with supply disruptions. The expanded OPEC+ group, which includes non-OPEC members like Russia, further complicates oil pricing dynamics. Recent trends, such as the scheduled phase-out of OPEC+ production cuts, are expected to impact market supply and prices, especially as GDP growth in oil-dependent economies like Saudi Arabia is projected to rise. As OPEC continues to adjust its output in response to global demand, its decisions remain pivotal in shaping the crude oil market and ensuring price stability.",MarineLink.com,Iran Maintains Oil Exports During Conflict Iran is maintaining crude oil supply by loading tankers one at a...,"Iran is maintaining crude oil supply by loading tankers one at a time and moving floating oil storage much closer to China, two vessel tracking firms told Reuters, as the country seeks to keep a key source of revenue while under attack from Israel.",5,Iran is strategically managing its crude oil supply by loading tankers individually and relocating floating storage closer to China to sustain revenue amid conflict with Israel.,5,Old,Positive,High
2025-06-20,"- **Israel-Iran Tensions**: Escalating conflicts threaten to disrupt oil shipments through the Strait of Hormuz, potentially driving prices to $120 per barrel. A 'war premium' of $7-$8 per barrel reflects market sensitivity to these geopolitical developments.

- **OPEC's Role**: OPEC's production strategy, with a spare capacity of over 6 million barrels per day, is crucial for stabilizing prices amid geopolitical tensions. Adjustments in output in response to global demand are pivotal for market stability.

- **Price Volatility**: Brent crude prices have fluctuated between $73-76 per barrel, influenced by geopolitical tensions and OPEC+ production decisions. Recent price dips highlight market sensitivity to U.S. military involvement uncertainties.

- **Labor Relations**: Averted strike in Norway through a wage agreement ensures production stability, emphasizing the importance of labor relations in maintaining oil supply.

- **ONGC Crisis**: A 16-day blowout at an ONGC oil well raises safety and accountability concerns, impacting local economies and investor confidence in oil extraction practices in India.

- **China's Oil Demand**: Driven by U.S. sanctions on Iran, China's robust demand for discounted Iranian crude affects global pricing dynamics, complicating its procurement patterns amid geopolitical tensions.",Geopolitical Tensions Drive Crude Oil Price Volatility Amid Market Uncertainty,"Recent fluctuations in crude oil prices, particularly Brent and WTI, have been significantly influenced by geopolitical tensions, such as the Israel-Iran conflict, and market reactions to these events. For instance, Brent prices dipped nearly $2 following uncertainty regarding U.S. military involvement, highlighting the market's sensitivity to geopolitical developments. Currently, Brent crude prices hover between $73-76 per barrel, reflecting ongoing volatility driven by factors like OPEC+ production decisions and seasonal energy demands. The interplay between supply and demand is crucial, as evidenced by the sharp declines in oil prices, which have also impacted related markets, such as soybean oil. Additionally, increased speculative trading in Nymex light sweet crude indicates heightened investor interest, with traders boosting long positions in anticipation of future price movements. However, the oil and gas industry faces a bearish outlook, with declining stock performance and negative earnings forecasts, compounded by the IEA's prediction of peak oil demand by 2030. This complex landscape underscores the importance of market sentiment and geopolitical events in shaping oil price trajectories and the broader economic implications across various sectors.",FXStreet News,WTI Price Forecast: Sees more upside above $76,"West Texas Intermediate (WTI), futures on NYMEX, recovers its early losses and ticks up to near $73.70 during Asian trading hours on Friday. The Oil price opened on a weak note as comments from the White House signaled that they have no intentions to strike Iran immediately.",6,"WTI crude oil prices stabilize around $73.70 after initial declines, influenced by U.S. government comments easing immediate concerns over military action against Iran.",6,New,Positive,High
2025-06-20,"- **Israel-Iran Tensions**: Escalating conflicts threaten to disrupt oil shipments through the Strait of Hormuz, potentially driving prices to $120 per barrel. A 'war premium' of $7-$8 per barrel reflects market sensitivity to these geopolitical developments.

- **OPEC's Role**: OPEC's production strategy, with a spare capacity of over 6 million barrels per day, is crucial for stabilizing prices amid geopolitical tensions. Adjustments in output in response to global demand are pivotal for market stability.

- **Price Volatility**: Brent crude prices have fluctuated between $73-76 per barrel, influenced by geopolitical tensions and OPEC+ production decisions. Recent price dips highlight market sensitivity to U.S. military involvement uncertainties.

- **Labor Relations**: Averted strike in Norway through a wage agreement ensures production stability, emphasizing the importance of labor relations in maintaining oil supply.

- **ONGC Crisis**: A 16-day blowout at an ONGC oil well raises safety and accountability concerns, impacting local economies and investor confidence in oil extraction practices in India.

- **China's Oil Demand**: Driven by U.S. sanctions on Iran, China's robust demand for discounted Iranian crude affects global pricing dynamics, complicating its procurement patterns amid geopolitical tensions.",Geopolitical Tensions Drive Crude Oil Price Volatility Amid Market Uncertainty,"Recent fluctuations in crude oil prices, particularly Brent and WTI, have been significantly influenced by geopolitical tensions, such as the Israel-Iran conflict, and market reactions to these events. For instance, Brent prices dipped nearly $2 following uncertainty regarding U.S. military involvement, highlighting the market's sensitivity to geopolitical developments. Currently, Brent crude prices hover between $73-76 per barrel, reflecting ongoing volatility driven by factors like OPEC+ production decisions and seasonal energy demands. The interplay between supply and demand is crucial, as evidenced by the sharp declines in oil prices, which have also impacted related markets, such as soybean oil. Additionally, increased speculative trading in Nymex light sweet crude indicates heightened investor interest, with traders boosting long positions in anticipation of future price movements. However, the oil and gas industry faces a bearish outlook, with declining stock performance and negative earnings forecasts, compounded by the IEA's prediction of peak oil demand by 2030. This complex landscape underscores the importance of market sentiment and geopolitical events in shaping oil price trajectories and the broader economic implications across various sectors.",MT Newswires,Crude Oil Prices Fall as White House Delays Decision on Israel-Iran Conflict,"""I think the current risk premium is close to $10/bbl for Iran-Israel, but I don't see prices tracking back to $60s in near term,"" Reuters quoted Panmure Liberum analyst Ashley Kelty as saying.",4,"Analyst estimates a $10/bbl risk premium due to Iran-Israel tensions, indicating crude oil prices are unlikely to return to the $60s soon.",4,New,Positive,High
2025-06-20,"- **Israel-Iran Tensions**: Escalating conflicts threaten to disrupt oil shipments through the Strait of Hormuz, potentially driving prices to $120 per barrel. A 'war premium' of $7-$8 per barrel reflects market sensitivity to these geopolitical developments.

- **OPEC's Role**: OPEC's production strategy, with a spare capacity of over 6 million barrels per day, is crucial for stabilizing prices amid geopolitical tensions. Adjustments in output in response to global demand are pivotal for market stability.

- **Price Volatility**: Brent crude prices have fluctuated between $73-76 per barrel, influenced by geopolitical tensions and OPEC+ production decisions. Recent price dips highlight market sensitivity to U.S. military involvement uncertainties.

- **Labor Relations**: Averted strike in Norway through a wage agreement ensures production stability, emphasizing the importance of labor relations in maintaining oil supply.

- **ONGC Crisis**: A 16-day blowout at an ONGC oil well raises safety and accountability concerns, impacting local economies and investor confidence in oil extraction practices in India.

- **China's Oil Demand**: Driven by U.S. sanctions on Iran, China's robust demand for discounted Iranian crude affects global pricing dynamics, complicating its procurement patterns amid geopolitical tensions.",Geopolitical Tensions Drive Crude Oil Price Volatility Amid Market Uncertainty,"Recent fluctuations in crude oil prices, particularly Brent and WTI, have been significantly influenced by geopolitical tensions, such as the Israel-Iran conflict, and market reactions to these events. For instance, Brent prices dipped nearly $2 following uncertainty regarding U.S. military involvement, highlighting the market's sensitivity to geopolitical developments. Currently, Brent crude prices hover between $73-76 per barrel, reflecting ongoing volatility driven by factors like OPEC+ production decisions and seasonal energy demands. The interplay between supply and demand is crucial, as evidenced by the sharp declines in oil prices, which have also impacted related markets, such as soybean oil. Additionally, increased speculative trading in Nymex light sweet crude indicates heightened investor interest, with traders boosting long positions in anticipation of future price movements. However, the oil and gas industry faces a bearish outlook, with declining stock performance and negative earnings forecasts, compounded by the IEA's prediction of peak oil demand by 2030. This complex landscape underscores the importance of market sentiment and geopolitical events in shaping oil price trajectories and the broader economic implications across various sectors.",DailyForex,Crude Oil Forecast: Swings Near $72.50 as Bullish Momentum Builds,"Potential signal:
I'd be a buyer of crude oil only.
On a move above $74, I would have a stop loss at $72.25, with a target of $77.66.
The crude oil market has been back and forth during the trading session on Wednesday as we continue to see a lot of noisy behavior, right around the crucial $72.50 level.",4,"Crude oil prices exhibit volatility around the $72.50 level, with potential upward movement above $74 indicating market uncertainty influenced by geopolitical tensions.",4,New,Positive,High
2025-06-20,"- **Israel-Iran Tensions**: Escalating conflicts threaten to disrupt oil shipments through the Strait of Hormuz, potentially driving prices to $120 per barrel. A 'war premium' of $7-$8 per barrel reflects market sensitivity to these geopolitical developments.

- **OPEC's Role**: OPEC's production strategy, with a spare capacity of over 6 million barrels per day, is crucial for stabilizing prices amid geopolitical tensions. Adjustments in output in response to global demand are pivotal for market stability.

- **Price Volatility**: Brent crude prices have fluctuated between $73-76 per barrel, influenced by geopolitical tensions and OPEC+ production decisions. Recent price dips highlight market sensitivity to U.S. military involvement uncertainties.

- **Labor Relations**: Averted strike in Norway through a wage agreement ensures production stability, emphasizing the importance of labor relations in maintaining oil supply.

- **ONGC Crisis**: A 16-day blowout at an ONGC oil well raises safety and accountability concerns, impacting local economies and investor confidence in oil extraction practices in India.

- **China's Oil Demand**: Driven by U.S. sanctions on Iran, China's robust demand for discounted Iranian crude affects global pricing dynamics, complicating its procurement patterns amid geopolitical tensions.",Geopolitical Tensions Drive Crude Oil Price Volatility Amid Market Uncertainty,"Recent fluctuations in crude oil prices, particularly Brent and WTI, have been significantly influenced by geopolitical tensions, such as the Israel-Iran conflict, and market reactions to these events. For instance, Brent prices dipped nearly $2 following uncertainty regarding U.S. military involvement, highlighting the market's sensitivity to geopolitical developments. Currently, Brent crude prices hover between $73-76 per barrel, reflecting ongoing volatility driven by factors like OPEC+ production decisions and seasonal energy demands. The interplay between supply and demand is crucial, as evidenced by the sharp declines in oil prices, which have also impacted related markets, such as soybean oil. Additionally, increased speculative trading in Nymex light sweet crude indicates heightened investor interest, with traders boosting long positions in anticipation of future price movements. However, the oil and gas industry faces a bearish outlook, with declining stock performance and negative earnings forecasts, compounded by the IEA's prediction of peak oil demand by 2030. This complex landscape underscores the importance of market sentiment and geopolitical events in shaping oil price trajectories and the broader economic implications across various sectors.",EconoTimes.com,Brent Crude Slips as U.S. Delays Israel-Iran Conflict Decision,"As of 02:55 GMT, Brent crude futures fell $1.89, or 2.4%, to $76.96 a barrel. Still, they were up 3.8% for the week. U.S. West Texas Intermediate (WTI) crude for July, which expires Friday and didn't trade Thursday due to a holiday, rose 53 cents to $75.67. The more liquid August WTI contract edged up 17 cents to $73.67.",6,"Brent crude prices declined by 2.4% amid ongoing geopolitical tensions, despite a weekly increase of 3.8%, highlighting the volatility in oil markets driven by uncertainty.",6,New,Positive,High
2025-06-20,"- **Israel-Iran Tensions**: Escalating conflicts threaten to disrupt oil shipments through the Strait of Hormuz, potentially driving prices to $120 per barrel. A 'war premium' of $7-$8 per barrel reflects market sensitivity to these geopolitical developments.

- **OPEC's Role**: OPEC's production strategy, with a spare capacity of over 6 million barrels per day, is crucial for stabilizing prices amid geopolitical tensions. Adjustments in output in response to global demand are pivotal for market stability.

- **Price Volatility**: Brent crude prices have fluctuated between $73-76 per barrel, influenced by geopolitical tensions and OPEC+ production decisions. Recent price dips highlight market sensitivity to U.S. military involvement uncertainties.

- **Labor Relations**: Averted strike in Norway through a wage agreement ensures production stability, emphasizing the importance of labor relations in maintaining oil supply.

- **ONGC Crisis**: A 16-day blowout at an ONGC oil well raises safety and accountability concerns, impacting local economies and investor confidence in oil extraction practices in India.

- **China's Oil Demand**: Driven by U.S. sanctions on Iran, China's robust demand for discounted Iranian crude affects global pricing dynamics, complicating its procurement patterns amid geopolitical tensions.",Geopolitical Tensions Drive Crude Oil Price Volatility Amid Market Uncertainty,"Recent fluctuations in crude oil prices, particularly Brent and WTI, have been significantly influenced by geopolitical tensions, such as the Israel-Iran conflict, and market reactions to these events. For instance, Brent prices dipped nearly $2 following uncertainty regarding U.S. military involvement, highlighting the market's sensitivity to geopolitical developments. Currently, Brent crude prices hover between $73-76 per barrel, reflecting ongoing volatility driven by factors like OPEC+ production decisions and seasonal energy demands. The interplay between supply and demand is crucial, as evidenced by the sharp declines in oil prices, which have also impacted related markets, such as soybean oil. Additionally, increased speculative trading in Nymex light sweet crude indicates heightened investor interest, with traders boosting long positions in anticipation of future price movements. However, the oil and gas industry faces a bearish outlook, with declining stock performance and negative earnings forecasts, compounded by the IEA's prediction of peak oil demand by 2030. This complex landscape underscores the importance of market sentiment and geopolitical events in shaping oil price trajectories and the broader economic implications across various sectors.",Business Standard via Web,"Russia increases seaborne fuel oil exports to India, Turkey in May","Oil prices fell to four-year lows as an Opec+ decision to expedite its output hikes stoked fears about rising global supply at a time when the demand outlook is uncertain
Russia increased seaborne fuel oil and vacuum gasoil exports to India and Turkey in May as falling oil product prices attracted buyers, while the hot summer season required more fuel for energy production, trade and shipping data showed.",4,"OPEC+'s accelerated output hikes and Russia's increased fuel exports amid uncertain demand have contributed to a significant drop in oil prices, highlighting the impact of geopolitical tensions on market volatility.",4,New,Positive,High
2025-06-20,"- **Israel-Iran Tensions**: Escalating conflicts threaten to disrupt oil shipments through the Strait of Hormuz, potentially driving prices to $120 per barrel. A 'war premium' of $7-$8 per barrel reflects market sensitivity to these geopolitical developments.

- **OPEC's Role**: OPEC's production strategy, with a spare capacity of over 6 million barrels per day, is crucial for stabilizing prices amid geopolitical tensions. Adjustments in output in response to global demand are pivotal for market stability.

- **Price Volatility**: Brent crude prices have fluctuated between $73-76 per barrel, influenced by geopolitical tensions and OPEC+ production decisions. Recent price dips highlight market sensitivity to U.S. military involvement uncertainties.

- **Labor Relations**: Averted strike in Norway through a wage agreement ensures production stability, emphasizing the importance of labor relations in maintaining oil supply.

- **ONGC Crisis**: A 16-day blowout at an ONGC oil well raises safety and accountability concerns, impacting local economies and investor confidence in oil extraction practices in India.

- **China's Oil Demand**: Driven by U.S. sanctions on Iran, China's robust demand for discounted Iranian crude affects global pricing dynamics, complicating its procurement patterns amid geopolitical tensions.",China's Oil Demand Surge Driven by U.S. Sanctions on Iran and Strategic Diversification,"China's demand for oil is significantly influenced by its geopolitical strategies and economic considerations, particularly in the context of U.S. sanctions on Iranian oil. Despite these sanctions, China continues to import substantial volumes of Iranian crude, essential for its independent refineries, indicating a robust demand for discounted oil. This clandestine trade, facilitated by 'shadow fleet' tankers, not only supports Iran's economy but also impacts global oil pricing dynamics. Additionally, China's reluctance to increase imports of U.S. oil due to tariffs and political tensions further complicates its procurement patterns. The surge in imports from Iranian sources, driven by independent 'teapot' refineries and a strategic push to diversify energy sources, reflects China's efforts to secure supplies amid fluctuating global oil prices. Analysts are closely monitoring these trends, as China's increasing demand can significantly influence global oil supply dynamics and pricing structures, especially if OPEC+ continues to adjust production levels.",Enverus Corporate Website,Middle East Conflict Jolts Energy Markets,"Recent developments also challenge assumptions about peak oil demand. The International Energy Agency has significantly downgraded its forecast for electric vehicle (EV) adoption in the U.S. It now expects EVs will comprise only 20% of sales by 2030, down from a previous estimate of 50%, a revision suggesting more demand for oil in the transportation sector.",1,"The International Energy Agency's revised forecast for U.S. electric vehicle adoption indicates a slower transition away from oil, potentially increasing China's oil demand amid U.S. sanctions on Iran and the need for strategic diversification.",1,Old,Positive,High
2025-06-20,"- **Israel-Iran Tensions**: Escalating conflicts threaten to disrupt oil shipments through the Strait of Hormuz, potentially driving prices to $120 per barrel. A 'war premium' of $7-$8 per barrel reflects market sensitivity to these geopolitical developments.

- **OPEC's Role**: OPEC's production strategy, with a spare capacity of over 6 million barrels per day, is crucial for stabilizing prices amid geopolitical tensions. Adjustments in output in response to global demand are pivotal for market stability.

- **Price Volatility**: Brent crude prices have fluctuated between $73-76 per barrel, influenced by geopolitical tensions and OPEC+ production decisions. Recent price dips highlight market sensitivity to U.S. military involvement uncertainties.

- **Labor Relations**: Averted strike in Norway through a wage agreement ensures production stability, emphasizing the importance of labor relations in maintaining oil supply.

- **ONGC Crisis**: A 16-day blowout at an ONGC oil well raises safety and accountability concerns, impacting local economies and investor confidence in oil extraction practices in India.

- **China's Oil Demand**: Driven by U.S. sanctions on Iran, China's robust demand for discounted Iranian crude affects global pricing dynamics, complicating its procurement patterns amid geopolitical tensions.","ONGC Faces Crisis After 16-Day Blowout at Assam Oil Well, Raising Safety and Accountability Concerns","The Oil and Natural Gas Corporation (ONGC) is currently facing significant operational challenges, particularly highlighted by a recent blowout at its crude oil well in Sivasagar district, Assam. This incident, which involved a gas leak persisting for 16 days, underscores the difficulties oil companies encounter in managing well integrity and blowout prevention. ONGC's efforts to cap the leaking well, which included collaboration with US experts and a private firm, SK Petro Services, reflect a commitment to best practices in crisis management. However, the situation raises concerns about accountability, operational safety, and environmental impact, affecting local economies and public perception of the oil industry. The incident not only tests ONGC's crisis management capabilities but also has broader implications for regulatory scrutiny and investor confidence in oil extraction practices in India.",The Times Of India,"CM says ONGC to permanently cap leaking well in Sivasagar, US team in Assam","Dibrugarh: Assam chief minister Himanta Biswa Sarma on Friday announced that the Oil and Natural Gas Corporation (ONGC) will permanently cap its leaking crude oil well in Sivasagar district after two emergency efforts failed to contain the gas blowout. ""Plan A and B failed to control the escalating gas leak crisis at ONGC's Rudrasagar Field in Sivasagar. Today morning ONGC chairman informed me that the company will activate Plan C, which is permanent capping of the well for controlling the gas leak,"" Sarma said. ""Capping of the well will begin tomorrow and will be carried out in consultation with the US experts. It is expected to be completed within the next four or five days,"" Sarma said.",1,"Assam CM announces ONGC's decision to permanently cap a leaking oil well after failed emergency efforts, highlighting ongoing safety and accountability issues.",1,Old,Negative,High
2025-06-20,"- **Israel-Iran Tensions**: Escalating conflicts threaten to disrupt oil shipments through the Strait of Hormuz, potentially driving prices to $120 per barrel. A 'war premium' of $7-$8 per barrel reflects market sensitivity to these geopolitical developments.

- **OPEC's Role**: OPEC's production strategy, with a spare capacity of over 6 million barrels per day, is crucial for stabilizing prices amid geopolitical tensions. Adjustments in output in response to global demand are pivotal for market stability.

- **Price Volatility**: Brent crude prices have fluctuated between $73-76 per barrel, influenced by geopolitical tensions and OPEC+ production decisions. Recent price dips highlight market sensitivity to U.S. military involvement uncertainties.

- **Labor Relations**: Averted strike in Norway through a wage agreement ensures production stability, emphasizing the importance of labor relations in maintaining oil supply.

- **ONGC Crisis**: A 16-day blowout at an ONGC oil well raises safety and accountability concerns, impacting local economies and investor confidence in oil extraction practices in India.

- **China's Oil Demand**: Driven by U.S. sanctions on Iran, China's robust demand for discounted Iranian crude affects global pricing dynamics, complicating its procurement patterns amid geopolitical tensions.",Geopolitical Tensions Drive Crude Oil Price Volatility Amid Market Uncertainty,"Recent fluctuations in crude oil prices, particularly Brent and WTI, have been significantly influenced by geopolitical tensions, such as the Israel-Iran conflict, and market reactions to these events. For instance, Brent prices dipped nearly $2 following uncertainty regarding U.S. military involvement, highlighting the market's sensitivity to geopolitical developments. Currently, Brent crude prices hover between $73-76 per barrel, reflecting ongoing volatility driven by factors like OPEC+ production decisions and seasonal energy demands. The interplay between supply and demand is crucial, as evidenced by the sharp declines in oil prices, which have also impacted related markets, such as soybean oil. Additionally, increased speculative trading in Nymex light sweet crude indicates heightened investor interest, with traders boosting long positions in anticipation of future price movements. However, the oil and gas industry faces a bearish outlook, with declining stock performance and negative earnings forecasts, compounded by the IEA's prediction of peak oil demand by 2030. This complex landscape underscores the importance of market sentiment and geopolitical events in shaping oil price trajectories and the broader economic implications across various sectors.",BusinessLine via Web,"Iran-Israel conflict: Freight costs, insurance premiums may rise if uncertainties persist","So far, the ongoing uncertainties in the Middle East have not had a significant impact on India Inc's global trade, Crisil Ratings said in a credit alert.
That said, the uncertainties have already impacted global crude oil markets, with Brent hovering in the range of $73-76 per barrel (bbl) over the past one week, up from an average of around $65 per bbl during April-May 2025.",4,"Ongoing Middle East uncertainties have led to increased crude oil prices, with Brent rising to $73-76 per barrel, reflecting geopolitical tensions despite minimal impact on India's global trade.",4,New,Positive,High
2025-06-20,"- **Israel-Iran Tensions**: Escalating conflicts threaten to disrupt oil shipments through the Strait of Hormuz, potentially driving prices to $120 per barrel. A 'war premium' of $7-$8 per barrel reflects market sensitivity to these geopolitical developments.

- **OPEC's Role**: OPEC's production strategy, with a spare capacity of over 6 million barrels per day, is crucial for stabilizing prices amid geopolitical tensions. Adjustments in output in response to global demand are pivotal for market stability.

- **Price Volatility**: Brent crude prices have fluctuated between $73-76 per barrel, influenced by geopolitical tensions and OPEC+ production decisions. Recent price dips highlight market sensitivity to U.S. military involvement uncertainties.

- **Labor Relations**: Averted strike in Norway through a wage agreement ensures production stability, emphasizing the importance of labor relations in maintaining oil supply.

- **ONGC Crisis**: A 16-day blowout at an ONGC oil well raises safety and accountability concerns, impacting local economies and investor confidence in oil extraction practices in India.

- **China's Oil Demand**: Driven by U.S. sanctions on Iran, China's robust demand for discounted Iranian crude affects global pricing dynamics, complicating its procurement patterns amid geopolitical tensions.","Norwegian Wage Agreement Averts Oil Sector Strike, Ensures Production Stability","Recent labor relations developments in the oil sector have highlighted the critical role of negotiations between unions and companies in maintaining production stability. A recent wage agreement between Norwegian labor unions and the Norwegian Shipowners' Association successfully averted a potential strike among oil drilling workers, which could have significantly disrupted oil and gas production in the region. This resolution underscores the importance of effective labor relations, as strikes or disputes in key oil-producing areas can lead to substantial production halts, affecting global supply and crude oil prices. Ensuring stability in labor relations is essential for uninterrupted operations in the oil market.",World Energy News,"Norway Oil Drilling Workers agree wage agreement, averting a strike","Within days, a strike could have spread beyond the three initial rigs and affected oil and gas production at a future date.
Styrke said that the wage agreement gave oil drilling workers a ""significant pay increase"".",3,"A wage agreement has successfully averted a potential strike in Norway's oil sector, providing workers with a significant pay increase and ensuring continued production stability.",3,Old,Positive,High
2025-06-20,"- **Israel-Iran Tensions**: Escalating conflicts threaten to disrupt oil shipments through the Strait of Hormuz, potentially driving prices to $120 per barrel. A 'war premium' of $7-$8 per barrel reflects market sensitivity to these geopolitical developments.

- **OPEC's Role**: OPEC's production strategy, with a spare capacity of over 6 million barrels per day, is crucial for stabilizing prices amid geopolitical tensions. Adjustments in output in response to global demand are pivotal for market stability.

- **Price Volatility**: Brent crude prices have fluctuated between $73-76 per barrel, influenced by geopolitical tensions and OPEC+ production decisions. Recent price dips highlight market sensitivity to U.S. military involvement uncertainties.

- **Labor Relations**: Averted strike in Norway through a wage agreement ensures production stability, emphasizing the importance of labor relations in maintaining oil supply.

- **ONGC Crisis**: A 16-day blowout at an ONGC oil well raises safety and accountability concerns, impacting local economies and investor confidence in oil extraction practices in India.

- **China's Oil Demand**: Driven by U.S. sanctions on Iran, China's robust demand for discounted Iranian crude affects global pricing dynamics, complicating its procurement patterns amid geopolitical tensions.","Norwegian Wage Agreement Averts Oil Sector Strike, Ensures Production Stability","Recent labor relations developments in the oil sector have highlighted the critical role of negotiations between unions and companies in maintaining production stability. A recent wage agreement between Norwegian labor unions and the Norwegian Shipowners' Association successfully averted a potential strike among oil drilling workers, which could have significantly disrupted oil and gas production in the region. This resolution underscores the importance of effective labor relations, as strikes or disputes in key oil-producing areas can lead to substantial production halts, affecting global supply and crude oil prices. Ensuring stability in labor relations is essential for uninterrupted operations in the oil market.",Sharenet,"Norway oil drilling workers agree wage deal, averting strike","Norway oil drilling workers agree wage deal, averting strike",3,"Norwegian oil drilling workers have reached a wage agreement, successfully preventing a strike and ensuring stability in oil production.",3,Old,Positive,High
2025-06-20,"- **Israel-Iran Tensions**: Escalating conflicts threaten to disrupt oil shipments through the Strait of Hormuz, potentially driving prices to $120 per barrel. A 'war premium' of $7-$8 per barrel reflects market sensitivity to these geopolitical developments.

- **OPEC's Role**: OPEC's production strategy, with a spare capacity of over 6 million barrels per day, is crucial for stabilizing prices amid geopolitical tensions. Adjustments in output in response to global demand are pivotal for market stability.

- **Price Volatility**: Brent crude prices have fluctuated between $73-76 per barrel, influenced by geopolitical tensions and OPEC+ production decisions. Recent price dips highlight market sensitivity to U.S. military involvement uncertainties.

- **Labor Relations**: Averted strike in Norway through a wage agreement ensures production stability, emphasizing the importance of labor relations in maintaining oil supply.

- **ONGC Crisis**: A 16-day blowout at an ONGC oil well raises safety and accountability concerns, impacting local economies and investor confidence in oil extraction practices in India.

- **China's Oil Demand**: Driven by U.S. sanctions on Iran, China's robust demand for discounted Iranian crude affects global pricing dynamics, complicating its procurement patterns amid geopolitical tensions.",Geopolitical Tensions Drive Crude Oil Price Volatility Amid Market Uncertainty,"Recent fluctuations in crude oil prices, particularly Brent and WTI, have been significantly influenced by geopolitical tensions, such as the Israel-Iran conflict, and market reactions to these events. For instance, Brent prices dipped nearly $2 following uncertainty regarding U.S. military involvement, highlighting the market's sensitivity to geopolitical developments. Currently, Brent crude prices hover between $73-76 per barrel, reflecting ongoing volatility driven by factors like OPEC+ production decisions and seasonal energy demands. The interplay between supply and demand is crucial, as evidenced by the sharp declines in oil prices, which have also impacted related markets, such as soybean oil. Additionally, increased speculative trading in Nymex light sweet crude indicates heightened investor interest, with traders boosting long positions in anticipation of future price movements. However, the oil and gas industry faces a bearish outlook, with declining stock performance and negative earnings forecasts, compounded by the IEA's prediction of peak oil demand by 2030. This complex landscape underscores the importance of market sentiment and geopolitical events in shaping oil price trajectories and the broader economic implications across various sectors.",Crypto Wire,Brent crude prices pull back while US stock futures slide lower,"Brent crude prices pulled back from a previous gain and dropped almost $2 on Friday after the White House added a delay to its decision on US involvement in the Israel-Iran tensions.
By 02:55 GMT, Brent crude futures were down $1.89, or 2.4%, at $76.96 a barrel, but remained about 3.8% higher on the week.",6,"Brent crude prices fell nearly $2 amid delayed US involvement in Israel-Iran tensions, reflecting ongoing geopolitical uncertainties impacting oil market volatility.",6,New,Positive,High
2025-06-20,"- **Israel-Iran Tensions**: Escalating conflicts threaten to disrupt oil shipments through the Strait of Hormuz, potentially driving prices to $120 per barrel. A 'war premium' of $7-$8 per barrel reflects market sensitivity to these geopolitical developments.

- **OPEC's Role**: OPEC's production strategy, with a spare capacity of over 6 million barrels per day, is crucial for stabilizing prices amid geopolitical tensions. Adjustments in output in response to global demand are pivotal for market stability.

- **Price Volatility**: Brent crude prices have fluctuated between $73-76 per barrel, influenced by geopolitical tensions and OPEC+ production decisions. Recent price dips highlight market sensitivity to U.S. military involvement uncertainties.

- **Labor Relations**: Averted strike in Norway through a wage agreement ensures production stability, emphasizing the importance of labor relations in maintaining oil supply.

- **ONGC Crisis**: A 16-day blowout at an ONGC oil well raises safety and accountability concerns, impacting local economies and investor confidence in oil extraction practices in India.

- **China's Oil Demand**: Driven by U.S. sanctions on Iran, China's robust demand for discounted Iranian crude affects global pricing dynamics, complicating its procurement patterns amid geopolitical tensions.",Geopolitical Tensions Drive Crude Oil Price Volatility Amid Market Uncertainty,"Recent fluctuations in crude oil prices, particularly Brent and WTI, have been significantly influenced by geopolitical tensions, such as the Israel-Iran conflict, and market reactions to these events. For instance, Brent prices dipped nearly $2 following uncertainty regarding U.S. military involvement, highlighting the market's sensitivity to geopolitical developments. Currently, Brent crude prices hover between $73-76 per barrel, reflecting ongoing volatility driven by factors like OPEC+ production decisions and seasonal energy demands. The interplay between supply and demand is crucial, as evidenced by the sharp declines in oil prices, which have also impacted related markets, such as soybean oil. Additionally, increased speculative trading in Nymex light sweet crude indicates heightened investor interest, with traders boosting long positions in anticipation of future price movements. However, the oil and gas industry faces a bearish outlook, with declining stock performance and negative earnings forecasts, compounded by the IEA's prediction of peak oil demand by 2030. This complex landscape underscores the importance of market sentiment and geopolitical events in shaping oil price trajectories and the broader economic implications across various sectors.",FXStreet News,WTI Price Forecast: Sees more upside above $76,"The appeal of safe-haven assets strengthened on Thursday after a report from Bloomberg indicated that senior US officials are preparing for the possibility of a strike on Iran in the coming days.
WTI Oil price trades in an Ascending Triangle formation on the hourly timeframe, which indicates indecisiveness among market participants. The horizontal resistance of the above-mentioned chart pattern is plotted from the June 13 high around $74.75, while the upward-sloping trendline is placed from the June 16 low of $67.85.",6,"Geopolitical tensions, particularly regarding potential US military action against Iran, are contributing to crude oil price volatility, as indicated by WTI's indecisive trading pattern amid market uncertainty.",6,New,Positive,High
2025-06-20,"- **Israel-Iran Tensions**: Escalating conflicts threaten to disrupt oil shipments through the Strait of Hormuz, potentially driving prices to $120 per barrel. A 'war premium' of $7-$8 per barrel reflects market sensitivity to these geopolitical developments.

- **OPEC's Role**: OPEC's production strategy, with a spare capacity of over 6 million barrels per day, is crucial for stabilizing prices amid geopolitical tensions. Adjustments in output in response to global demand are pivotal for market stability.

- **Price Volatility**: Brent crude prices have fluctuated between $73-76 per barrel, influenced by geopolitical tensions and OPEC+ production decisions. Recent price dips highlight market sensitivity to U.S. military involvement uncertainties.

- **Labor Relations**: Averted strike in Norway through a wage agreement ensures production stability, emphasizing the importance of labor relations in maintaining oil supply.

- **ONGC Crisis**: A 16-day blowout at an ONGC oil well raises safety and accountability concerns, impacting local economies and investor confidence in oil extraction practices in India.

- **China's Oil Demand**: Driven by U.S. sanctions on Iran, China's robust demand for discounted Iranian crude affects global pricing dynamics, complicating its procurement patterns amid geopolitical tensions.",Geopolitical Tensions Drive Crude Oil Price Volatility Amid Market Uncertainty,"Recent fluctuations in crude oil prices, particularly Brent and WTI, have been significantly influenced by geopolitical tensions, such as the Israel-Iran conflict, and market reactions to these events. For instance, Brent prices dipped nearly $2 following uncertainty regarding U.S. military involvement, highlighting the market's sensitivity to geopolitical developments. Currently, Brent crude prices hover between $73-76 per barrel, reflecting ongoing volatility driven by factors like OPEC+ production decisions and seasonal energy demands. The interplay between supply and demand is crucial, as evidenced by the sharp declines in oil prices, which have also impacted related markets, such as soybean oil. Additionally, increased speculative trading in Nymex light sweet crude indicates heightened investor interest, with traders boosting long positions in anticipation of future price movements. However, the oil and gas industry faces a bearish outlook, with declining stock performance and negative earnings forecasts, compounded by the IEA's prediction of peak oil demand by 2030. This complex landscape underscores the importance of market sentiment and geopolitical events in shaping oil price trajectories and the broader economic implications across various sectors.",FXStreet News,WTI Price Forecast: Sees more upside above $76,"The Oil price would extend its upside towards the January 21 high of $77 and the psychological level of $80, if it breaks above the June 19 high of $75.54.
On the contrary, a downside move below the June 18 low of $71.20 would expose it to the 200-hour EMA, followed by the June 16 low of $67.85.",6,"Crude oil prices may rise towards $80 if they surpass $75.54, but could decline to $67.85 if they fall below $71.20, reflecting market volatility driven by geopolitical tensions.",6,New,Positive,High
2025-06-20,"- **Israel-Iran Tensions**: Escalating conflicts threaten to disrupt oil shipments through the Strait of Hormuz, potentially driving prices to $120 per barrel. A 'war premium' of $7-$8 per barrel reflects market sensitivity to these geopolitical developments.

- **OPEC's Role**: OPEC's production strategy, with a spare capacity of over 6 million barrels per day, is crucial for stabilizing prices amid geopolitical tensions. Adjustments in output in response to global demand are pivotal for market stability.

- **Price Volatility**: Brent crude prices have fluctuated between $73-76 per barrel, influenced by geopolitical tensions and OPEC+ production decisions. Recent price dips highlight market sensitivity to U.S. military involvement uncertainties.

- **Labor Relations**: Averted strike in Norway through a wage agreement ensures production stability, emphasizing the importance of labor relations in maintaining oil supply.

- **ONGC Crisis**: A 16-day blowout at an ONGC oil well raises safety and accountability concerns, impacting local economies and investor confidence in oil extraction practices in India.

- **China's Oil Demand**: Driven by U.S. sanctions on Iran, China's robust demand for discounted Iranian crude affects global pricing dynamics, complicating its procurement patterns amid geopolitical tensions.","Norwegian Wage Agreement Averts Oil Sector Strike, Ensures Production Stability","Recent labor relations developments in the oil sector have highlighted the critical role of negotiations between unions and companies in maintaining production stability. A recent wage agreement between Norwegian labor unions and the Norwegian Shipowners' Association successfully averted a potential strike among oil drilling workers, which could have significantly disrupted oil and gas production in the region. This resolution underscores the importance of effective labor relations, as strikes or disputes in key oil-producing areas can lead to substantial production halts, affecting global supply and crude oil prices. Ensuring stability in labor relations is essential for uninterrupted operations in the oil market.",World Energy News,"Norway Oil Drilling Workers agree wage agreement, averting a strike","Norwegian unions reached a wage agreement, which prevented a strike on floating offshore drilling rigs, which would have disrupted exploration. Unions and company representatives announced the agreement Friday evening.",3,"A wage agreement between Norwegian unions and companies averted a strike on offshore drilling rigs, ensuring continued stability in oil production and exploration.",3,Old,Positive,High
2025-06-21,"- **Brazil's Offshore Drilling Plans**: President Lula's consideration of offshore drilling raises environmental concerns, potentially impacting Brazil's oil production and energy policy amid climate commitments.
  
- **Israel-Iran Tensions**: Escalating conflicts threaten to disrupt oil shipments through the Strait of Hormuz, with experts predicting prices could rise to $120 per barrel due to supply fears.

- **Market Volatility**: Current geopolitical tensions have introduced a 'war premium' of $7-$8 per barrel, reflecting market sensitivity to potential supply disruptions.

- **Impact on Importing Countries**: Nations like India, heavily reliant on oil imports, are particularly vulnerable to price fluctuations stemming from these geopolitical tensions.

- **Temporary Price Corrections**: Recent ceasefires have eased immediate supply disruption fears, leading to short-term price corrections, but ongoing regional instability remains a risk for global oil markets.",Escalating Israel-Iran Tensions Threaten to Drive Oil Prices to $120 per Barrel,"The ongoing tensions between Israel and Iran significantly impact global oil prices, primarily due to the strategic importance of the Strait of Hormuz, a vital shipping route through which a substantial portion of the world's oil supply is transported. Experts warn that escalating conflicts could disrupt oil shipments, potentially driving prices up to $120 per barrel. The situation is exacerbated by military actions, including missile strikes and U.S. military posturing, which have already led to increased volatility in oil markets. The fear of supply disruptions has created a 'war premium' of $7-$8 per barrel, reflecting the market's sensitivity to geopolitical developments. Countries heavily reliant on oil imports, such as India, face heightened vulnerability to price fluctuations driven by these tensions. Analysts are closely monitoring the situation, as any escalation could lead to significant price shocks and further complicate the delicate balance of oil supply and demand. Recent ceasefires have temporarily alleviated fears of immediate supply disruptions, resulting in price corrections, but the overall instability in the region continues to pose risks to global oil markets.",Al Jazeera,"Photos: Protests against Israel's attacks on Gaza, Iran take place in Mexico, Iraq, Greece","The US has moved several B-2 stealth bombers, along with refueling tankers, to the Pacific, as Trump continues to dither on whether or not the US will join Israel's assault.
Israel launches attacks on northwestern Iran as Iran fires more drones towards Israel on day nine of the conflict.",4,"Escalating military actions between Israel and Iran, including drone strikes and US military repositioning, heighten tensions that could push oil prices towards $120 per barrel.",4,Moderate,Positive,High
2025-06-21,"- **Brazil's Offshore Drilling Plans**: President Lula's consideration of offshore drilling raises environmental concerns, potentially impacting Brazil's oil production and energy policy amid climate commitments.
  
- **Israel-Iran Tensions**: Escalating conflicts threaten to disrupt oil shipments through the Strait of Hormuz, with experts predicting prices could rise to $120 per barrel due to supply fears.

- **Market Volatility**: Current geopolitical tensions have introduced a 'war premium' of $7-$8 per barrel, reflecting market sensitivity to potential supply disruptions.

- **Impact on Importing Countries**: Nations like India, heavily reliant on oil imports, are particularly vulnerable to price fluctuations stemming from these geopolitical tensions.

- **Temporary Price Corrections**: Recent ceasefires have eased immediate supply disruption fears, leading to short-term price corrections, but ongoing regional instability remains a risk for global oil markets.",Lula's Offshore Drilling Plans Spark Environmental Concerns Amid Brazil's Oil Production Dilemma,"Brazil's oil production challenges are significantly influenced by the political landscape under President Lula, who is contemplating offshore drilling projects that may exacerbate greenhouse gas emissions. The scientific community has raised concerns about the environmental repercussions, particularly regarding the Amazon rainforest, which is already vulnerable to climate change. This situation highlights the conflict between economic growth through fossil fuel extraction and the need for environmental sustainability. Advocacy groups and Indigenous communities have voiced their apprehensions about insufficient consultation and the ecological risks associated with these projects. The decisions made in this context could have profound implications for Brazil's energy policy and its adherence to international climate commitments.",InsideClimate News,Scientists' Letter Urges Brazil's President Lula to Reject New Amazon and Offshore Drilling,The authors of the letter noted that the 10 years since the Paris Agreement have been Earth's hottest on record. And 2024 was the first time the global annual average temperature exceeded the most ambitious target of the climate pact of limiting human-caused warming to 2.7 degrees Fahrenheit (1.5 Celsius) above the pre-industrial average.,7,"Recent climate data highlights the urgency of environmental concerns surrounding Lula's offshore drilling plans, as global temperatures have surpassed critical thresholds set by the Paris Agreement.",7,Old,Negative,High
2025-06-21,"- **Brazil's Offshore Drilling Plans**: President Lula's consideration of offshore drilling raises environmental concerns, potentially impacting Brazil's oil production and energy policy amid climate commitments.
  
- **Israel-Iran Tensions**: Escalating conflicts threaten to disrupt oil shipments through the Strait of Hormuz, with experts predicting prices could rise to $120 per barrel due to supply fears.

- **Market Volatility**: Current geopolitical tensions have introduced a 'war premium' of $7-$8 per barrel, reflecting market sensitivity to potential supply disruptions.

- **Impact on Importing Countries**: Nations like India, heavily reliant on oil imports, are particularly vulnerable to price fluctuations stemming from these geopolitical tensions.

- **Temporary Price Corrections**: Recent ceasefires have eased immediate supply disruption fears, leading to short-term price corrections, but ongoing regional instability remains a risk for global oil markets.",Escalating Israel-Iran Tensions Threaten to Drive Oil Prices to $120 per Barrel,"The ongoing tensions between Israel and Iran significantly impact global oil prices, primarily due to the strategic importance of the Strait of Hormuz, a vital shipping route through which a substantial portion of the world's oil supply is transported. Experts warn that escalating conflicts could disrupt oil shipments, potentially driving prices up to $120 per barrel. The situation is exacerbated by military actions, including missile strikes and U.S. military posturing, which have already led to increased volatility in oil markets. The fear of supply disruptions has created a 'war premium' of $7-$8 per barrel, reflecting the market's sensitivity to geopolitical developments. Countries heavily reliant on oil imports, such as India, face heightened vulnerability to price fluctuations driven by these tensions. Analysts are closely monitoring the situation, as any escalation could lead to significant price shocks and further complicate the delicate balance of oil supply and demand. Recent ceasefires have temporarily alleviated fears of immediate supply disruptions, resulting in price corrections, but the overall instability in the region continues to pose risks to global oil markets.",Al Jazeera,Egyptian president says he condemned 'Israeli escalation' in call with Iranian president,"The US has moved several B-2 stealth bombers, along with refueling tankers, to the Pacific, as Trump continues to dither on whether or not the US will join Israel's assault.
Israel launches attacks on northwestern Iran as Iran fires more drones towards Israel on day nine of the conflict.",4,"Escalating military actions between Israel and Iran, including drone strikes and US military repositioning, heighten tensions that could push oil prices towards $120 per barrel.",4,Moderate,Positive,High
2025-06-21,"- **Brazil's Offshore Drilling Plans**: President Lula's consideration of offshore drilling raises environmental concerns, potentially impacting Brazil's oil production and energy policy amid climate commitments.
  
- **Israel-Iran Tensions**: Escalating conflicts threaten to disrupt oil shipments through the Strait of Hormuz, with experts predicting prices could rise to $120 per barrel due to supply fears.

- **Market Volatility**: Current geopolitical tensions have introduced a 'war premium' of $7-$8 per barrel, reflecting market sensitivity to potential supply disruptions.

- **Impact on Importing Countries**: Nations like India, heavily reliant on oil imports, are particularly vulnerable to price fluctuations stemming from these geopolitical tensions.

- **Temporary Price Corrections**: Recent ceasefires have eased immediate supply disruption fears, leading to short-term price corrections, but ongoing regional instability remains a risk for global oil markets.",Lula's Offshore Drilling Plans Spark Environmental Concerns Amid Brazil's Oil Production Dilemma,"Brazil's oil production challenges are significantly influenced by the political landscape under President Lula, who is contemplating offshore drilling projects that may exacerbate greenhouse gas emissions. The scientific community has raised concerns about the environmental repercussions, particularly regarding the Amazon rainforest, which is already vulnerable to climate change. This situation highlights the conflict between economic growth through fossil fuel extraction and the need for environmental sustainability. Advocacy groups and Indigenous communities have voiced their apprehensions about insufficient consultation and the ecological risks associated with these projects. The decisions made in this context could have profound implications for Brazil's energy policy and its adherence to international climate commitments.",InsideClimate News,Scientists' Letter Urges Brazil's President Lula to Reject New Amazon and Offshore Drilling,"""Our two main tasks are to eliminate fossil fuel exploration and use, and deforestation, especially in the Amazon region,"" he said. The gist of the letter to Lula is that, ""basically, if we want to avoid a global heating of three degrees Celsius, we have to immediately stop fossil fuel exploration and use in all economic sectors, that is the main message.""",7,"Lula's commitment to halt fossil fuel exploration and deforestation is challenged by his offshore drilling plans, raising significant environmental concerns amid Brazil's oil production strategy.",7,Old,Negative,High
2025-06-21,"- **Brazil's Offshore Drilling Plans**: President Lula's consideration of offshore drilling raises environmental concerns, potentially impacting Brazil's oil production and energy policy amid climate commitments.
  
- **Israel-Iran Tensions**: Escalating conflicts threaten to disrupt oil shipments through the Strait of Hormuz, with experts predicting prices could rise to $120 per barrel due to supply fears.

- **Market Volatility**: Current geopolitical tensions have introduced a 'war premium' of $7-$8 per barrel, reflecting market sensitivity to potential supply disruptions.

- **Impact on Importing Countries**: Nations like India, heavily reliant on oil imports, are particularly vulnerable to price fluctuations stemming from these geopolitical tensions.

- **Temporary Price Corrections**: Recent ceasefires have eased immediate supply disruption fears, leading to short-term price corrections, but ongoing regional instability remains a risk for global oil markets.",Lula's Offshore Drilling Plans Spark Environmental Concerns Amid Brazil's Oil Production Dilemma,"Brazil's oil production challenges are significantly influenced by the political landscape under President Lula, who is contemplating offshore drilling projects that may exacerbate greenhouse gas emissions. The scientific community has raised concerns about the environmental repercussions, particularly regarding the Amazon rainforest, which is already vulnerable to climate change. This situation highlights the conflict between economic growth through fossil fuel extraction and the need for environmental sustainability. Advocacy groups and Indigenous communities have voiced their apprehensions about insufficient consultation and the ecological risks associated with these projects. The decisions made in this context could have profound implications for Brazil's energy policy and its adherence to international climate commitments.",InsideClimate News,Scientists' Letter Urges Brazil's President Lula to Reject New Amazon and Offshore Drilling,"""The only Paris-aligned pathways require deep, immediate, and sustained cuts in fossil fuel use, with energy systems powered predominantly by renewables,"" they wrote. ""Delay is no longer an option.""
The IPCC report, synthesizing findings from hundreds of peer-reviewed climate studies, found that global emissions must fall by 48 percent by 2030 to reach the goal, but emissions have increased every year since the report was issued.",7,"The IPCC emphasizes urgent fossil fuel reductions and a shift to renewables, highlighting the critical timing of Lula's offshore drilling plans amid rising emissions and environmental concerns.",7,Old,Negative,High
2025-06-21,"- **Brazil's Offshore Drilling Plans**: President Lula's consideration of offshore drilling raises environmental concerns, potentially impacting Brazil's oil production and energy policy amid climate commitments.
  
- **Israel-Iran Tensions**: Escalating conflicts threaten to disrupt oil shipments through the Strait of Hormuz, with experts predicting prices could rise to $120 per barrel due to supply fears.

- **Market Volatility**: Current geopolitical tensions have introduced a 'war premium' of $7-$8 per barrel, reflecting market sensitivity to potential supply disruptions.

- **Impact on Importing Countries**: Nations like India, heavily reliant on oil imports, are particularly vulnerable to price fluctuations stemming from these geopolitical tensions.

- **Temporary Price Corrections**: Recent ceasefires have eased immediate supply disruption fears, leading to short-term price corrections, but ongoing regional instability remains a risk for global oil markets.",Lula's Offshore Drilling Plans Spark Environmental Concerns Amid Brazil's Oil Production Dilemma,"Brazil's oil production challenges are significantly influenced by the political landscape under President Lula, who is contemplating offshore drilling projects that may exacerbate greenhouse gas emissions. The scientific community has raised concerns about the environmental repercussions, particularly regarding the Amazon rainforest, which is already vulnerable to climate change. This situation highlights the conflict between economic growth through fossil fuel extraction and the need for environmental sustainability. Advocacy groups and Indigenous communities have voiced their apprehensions about insufficient consultation and the ecological risks associated with these projects. The decisions made in this context could have profound implications for Brazil's energy policy and its adherence to international climate commitments.",InsideClimate News,Scientists' Letter Urges Brazil's President Lula to Reject New Amazon and Offshore Drilling,"Hare said that, given a ""complicated political situation"" in Brazil, it's hard to know if Lula might reverse the approval for the offshore drilling projects, which could result in billions of tons of greenhouse gas emissions if fully developed.",7,"Lula's offshore drilling plans face uncertainty amid Brazil's complex political landscape, raising concerns over potential greenhouse gas emissions from fully developed projects.",7,Old,Negative,High
2025-06-21,"- **Brazil's Offshore Drilling Plans**: President Lula's consideration of offshore drilling raises environmental concerns, potentially impacting Brazil's oil production and energy policy amid climate commitments.
  
- **Israel-Iran Tensions**: Escalating conflicts threaten to disrupt oil shipments through the Strait of Hormuz, with experts predicting prices could rise to $120 per barrel due to supply fears.

- **Market Volatility**: Current geopolitical tensions have introduced a 'war premium' of $7-$8 per barrel, reflecting market sensitivity to potential supply disruptions.

- **Impact on Importing Countries**: Nations like India, heavily reliant on oil imports, are particularly vulnerable to price fluctuations stemming from these geopolitical tensions.

- **Temporary Price Corrections**: Recent ceasefires have eased immediate supply disruption fears, leading to short-term price corrections, but ongoing regional instability remains a risk for global oil markets.",Lula's Offshore Drilling Plans Spark Environmental Concerns Amid Brazil's Oil Production Dilemma,"Brazil's oil production challenges are significantly influenced by the political landscape under President Lula, who is contemplating offshore drilling projects that may exacerbate greenhouse gas emissions. The scientific community has raised concerns about the environmental repercussions, particularly regarding the Amazon rainforest, which is already vulnerable to climate change. This situation highlights the conflict between economic growth through fossil fuel extraction and the need for environmental sustainability. Advocacy groups and Indigenous communities have voiced their apprehensions about insufficient consultation and the ecological risks associated with these projects. The decisions made in this context could have profound implications for Brazil's energy policy and its adherence to international climate commitments.",InsideClimate News,Scientists' Letter Urges Brazil's President Lula to Reject New Amazon and Offshore Drilling,"The scientists' letter to Lula noted that the Intergovernmental Panel on Climate Change concluded in a 2021 report that ""existing fossil fuel extraction plans alone"" would drive heating past the temperature goal of the Paris deal.",7,"Scientists warn Lula that current fossil fuel extraction plans, including offshore drilling, threaten to exceed Paris Agreement temperature goals.",7,Old,Negative,High
2025-06-21,"- **Brazil's Offshore Drilling Plans**: President Lula's consideration of offshore drilling raises environmental concerns, potentially impacting Brazil's oil production and energy policy amid climate commitments.
  
- **Israel-Iran Tensions**: Escalating conflicts threaten to disrupt oil shipments through the Strait of Hormuz, with experts predicting prices could rise to $120 per barrel due to supply fears.

- **Market Volatility**: Current geopolitical tensions have introduced a 'war premium' of $7-$8 per barrel, reflecting market sensitivity to potential supply disruptions.

- **Impact on Importing Countries**: Nations like India, heavily reliant on oil imports, are particularly vulnerable to price fluctuations stemming from these geopolitical tensions.

- **Temporary Price Corrections**: Recent ceasefires have eased immediate supply disruption fears, leading to short-term price corrections, but ongoing regional instability remains a risk for global oil markets.",Lula's Offshore Drilling Plans Spark Environmental Concerns Amid Brazil's Oil Production Dilemma,"Brazil's oil production challenges are significantly influenced by the political landscape under President Lula, who is contemplating offshore drilling projects that may exacerbate greenhouse gas emissions. The scientific community has raised concerns about the environmental repercussions, particularly regarding the Amazon rainforest, which is already vulnerable to climate change. This situation highlights the conflict between economic growth through fossil fuel extraction and the need for environmental sustainability. Advocacy groups and Indigenous communities have voiced their apprehensions about insufficient consultation and the ecological risks associated with these projects. The decisions made in this context could have profound implications for Brazil's energy policy and its adherence to international climate commitments.",InsideClimate News,Scientists' Letter Urges Brazil's President Lula to Reject New Amazon and Offshore Drilling,"""It really does come down to the will of the president of Brazil,"" he said. ""The bigger picture is, the scientific community has shown that we don't lack the technology, we don't lack the available investment capital or finance. What we do lack is the political will to change direction.""",7,"The success of Brazil's offshore drilling plans hinges on President Lula's political will, despite the availability of technology and investment needed to address environmental concerns.",7,Old,Negative,High
2025-06-21,"- **Brazil's Offshore Drilling Plans**: President Lula's consideration of offshore drilling raises environmental concerns, potentially impacting Brazil's oil production and energy policy amid climate commitments.
  
- **Israel-Iran Tensions**: Escalating conflicts threaten to disrupt oil shipments through the Strait of Hormuz, with experts predicting prices could rise to $120 per barrel due to supply fears.

- **Market Volatility**: Current geopolitical tensions have introduced a 'war premium' of $7-$8 per barrel, reflecting market sensitivity to potential supply disruptions.

- **Impact on Importing Countries**: Nations like India, heavily reliant on oil imports, are particularly vulnerable to price fluctuations stemming from these geopolitical tensions.

- **Temporary Price Corrections**: Recent ceasefires have eased immediate supply disruption fears, leading to short-term price corrections, but ongoing regional instability remains a risk for global oil markets.",Escalating Israel-Iran Tensions Threaten to Drive Oil Prices to $120 per Barrel,"The ongoing tensions between Israel and Iran significantly impact global oil prices, primarily due to the strategic importance of the Strait of Hormuz, a vital shipping route through which a substantial portion of the world's oil supply is transported. Experts warn that escalating conflicts could disrupt oil shipments, potentially driving prices up to $120 per barrel. The situation is exacerbated by military actions, including missile strikes and U.S. military posturing, which have already led to increased volatility in oil markets. The fear of supply disruptions has created a 'war premium' of $7-$8 per barrel, reflecting the market's sensitivity to geopolitical developments. Countries heavily reliant on oil imports, such as India, face heightened vulnerability to price fluctuations driven by these tensions. Analysts are closely monitoring the situation, as any escalation could lead to significant price shocks and further complicate the delicate balance of oil supply and demand. Recent ceasefires have temporarily alleviated fears of immediate supply disruptions, resulting in price corrections, but the overall instability in the region continues to pose risks to global oil markets.",Al Jazeera,Released pro-Palestine activist Mahmoud Khalil set to step up his 'mission': CAIR head,"The US has moved several B-2 stealth bombers, along with refueling tankers, to the Pacific, as Trump continues to dither on whether or not the US will join Israel's assault.
Israel launches attacks on northwestern Iran as Iran fires more drones towards Israel on day nine of the conflict.",4,"Escalating military actions between Israel and Iran, including drone strikes and US military repositioning, heighten tensions that could push oil prices towards $120 per barrel.",4,Moderate,Positive,High
2025-06-21,"- **Brazil's Offshore Drilling Plans**: President Lula's consideration of offshore drilling raises environmental concerns, potentially impacting Brazil's oil production and energy policy amid climate commitments.
  
- **Israel-Iran Tensions**: Escalating conflicts threaten to disrupt oil shipments through the Strait of Hormuz, with experts predicting prices could rise to $120 per barrel due to supply fears.

- **Market Volatility**: Current geopolitical tensions have introduced a 'war premium' of $7-$8 per barrel, reflecting market sensitivity to potential supply disruptions.

- **Impact on Importing Countries**: Nations like India, heavily reliant on oil imports, are particularly vulnerable to price fluctuations stemming from these geopolitical tensions.

- **Temporary Price Corrections**: Recent ceasefires have eased immediate supply disruption fears, leading to short-term price corrections, but ongoing regional instability remains a risk for global oil markets.",Escalating Israel-Iran Tensions Threaten to Drive Oil Prices to $120 per Barrel,"The ongoing tensions between Israel and Iran significantly impact global oil prices, primarily due to the strategic importance of the Strait of Hormuz, a vital shipping route through which a substantial portion of the world's oil supply is transported. Experts warn that escalating conflicts could disrupt oil shipments, potentially driving prices up to $120 per barrel. The situation is exacerbated by military actions, including missile strikes and U.S. military posturing, which have already led to increased volatility in oil markets. The fear of supply disruptions has created a 'war premium' of $7-$8 per barrel, reflecting the market's sensitivity to geopolitical developments. Countries heavily reliant on oil imports, such as India, face heightened vulnerability to price fluctuations driven by these tensions. Analysts are closely monitoring the situation, as any escalation could lead to significant price shocks and further complicate the delicate balance of oil supply and demand. Recent ceasefires have temporarily alleviated fears of immediate supply disruptions, resulting in price corrections, but the overall instability in the region continues to pose risks to global oil markets.",The Economic Times,Oil prices fall as US delays decision on direct Iran involvement,"Iran is OPEC's third-largest producer.
Brent futures trimmed previous session gains following the White House's comments that President Donald Trump would decide whether the U.S. will get involved in the Israel-Iran conflict in the next two weeks.",2,"Iran's position as OPEC's third-largest producer and potential U.S. involvement in the Israel-Iran conflict could significantly impact oil prices, potentially driving them to $120 per barrel.",2,Moderate,Positive,High
2025-06-21,"- **Brazil's Offshore Drilling Plans**: President Lula's consideration of offshore drilling raises environmental concerns, potentially impacting Brazil's oil production and energy policy amid climate commitments.
  
- **Israel-Iran Tensions**: Escalating conflicts threaten to disrupt oil shipments through the Strait of Hormuz, with experts predicting prices could rise to $120 per barrel due to supply fears.

- **Market Volatility**: Current geopolitical tensions have introduced a 'war premium' of $7-$8 per barrel, reflecting market sensitivity to potential supply disruptions.

- **Impact on Importing Countries**: Nations like India, heavily reliant on oil imports, are particularly vulnerable to price fluctuations stemming from these geopolitical tensions.

- **Temporary Price Corrections**: Recent ceasefires have eased immediate supply disruption fears, leading to short-term price corrections, but ongoing regional instability remains a risk for global oil markets.",Lula's Offshore Drilling Plans Spark Environmental Concerns Amid Brazil's Oil Production Dilemma,"Brazil's oil production challenges are significantly influenced by the political landscape under President Lula, who is contemplating offshore drilling projects that may exacerbate greenhouse gas emissions. The scientific community has raised concerns about the environmental repercussions, particularly regarding the Amazon rainforest, which is already vulnerable to climate change. This situation highlights the conflict between economic growth through fossil fuel extraction and the need for environmental sustainability. Advocacy groups and Indigenous communities have voiced their apprehensions about insufficient consultation and the ecological risks associated with these projects. The decisions made in this context could have profound implications for Brazil's energy policy and its adherence to international climate commitments.",InsideClimate News,Scientists' Letter Urges Brazil's President Lula to Reject New Amazon and Offshore Drilling,"In the Amazon region where new drilling is proposed under what the Brazilian government called an emergency plan, Indigenous people have said they weren't adequately consulted, and Brazilian and international climate advocacy groups have criticized his government for its continued support for fossil fuel development projects in the environmentally sensitive area, especially in advance of COP30 in Belém in November. Lula has said his country needs to develop its fossil fuel resources to pay for the energy transition.",7,"Lula's offshore drilling plans in the Amazon face backlash from Indigenous communities and climate advocates, highlighting tensions between fossil fuel development and environmental protection ahead of COP30.",7,Old,Negative,High
2025-06-21,"- **Brazil's Offshore Drilling Plans**: President Lula's consideration of offshore drilling raises environmental concerns, potentially impacting Brazil's oil production and energy policy amid climate commitments.
  
- **Israel-Iran Tensions**: Escalating conflicts threaten to disrupt oil shipments through the Strait of Hormuz, with experts predicting prices could rise to $120 per barrel due to supply fears.

- **Market Volatility**: Current geopolitical tensions have introduced a 'war premium' of $7-$8 per barrel, reflecting market sensitivity to potential supply disruptions.

- **Impact on Importing Countries**: Nations like India, heavily reliant on oil imports, are particularly vulnerable to price fluctuations stemming from these geopolitical tensions.

- **Temporary Price Corrections**: Recent ceasefires have eased immediate supply disruption fears, leading to short-term price corrections, but ongoing regional instability remains a risk for global oil markets.",Escalating Israel-Iran Tensions Threaten to Drive Oil Prices to $120 per Barrel,"The ongoing tensions between Israel and Iran significantly impact global oil prices, primarily due to the strategic importance of the Strait of Hormuz, a vital shipping route through which a substantial portion of the world's oil supply is transported. Experts warn that escalating conflicts could disrupt oil shipments, potentially driving prices up to $120 per barrel. The situation is exacerbated by military actions, including missile strikes and U.S. military posturing, which have already led to increased volatility in oil markets. The fear of supply disruptions has created a 'war premium' of $7-$8 per barrel, reflecting the market's sensitivity to geopolitical developments. Countries heavily reliant on oil imports, such as India, face heightened vulnerability to price fluctuations driven by these tensions. Analysts are closely monitoring the situation, as any escalation could lead to significant price shocks and further complicate the delicate balance of oil supply and demand. Recent ceasefires have temporarily alleviated fears of immediate supply disruptions, resulting in price corrections, but the overall instability in the region continues to pose risks to global oil markets.",Bunker Ports News Worldwide,Goldman estimates geopolitical risk premium of around $10 per barrel for Brent after prices rise,"Iran is OPEC's third-largest producer, extracting about 3.3 million barrels per day (bpd) of crude oil.
Brent crude futures BRN1! settled 25 cents higher at $76.70 a barrel on Wednesday, while U.S. West Texas Intermediate crude CL1! rose 30 cents at $75.14.",2,"Iran's significant oil production capacity, combined with rising tensions with Israel, could push Brent crude prices towards $120 per barrel.",2,Moderate,Positive,High
2025-06-21,"- **Brazil's Offshore Drilling Plans**: President Lula's consideration of offshore drilling raises environmental concerns, potentially impacting Brazil's oil production and energy policy amid climate commitments.
  
- **Israel-Iran Tensions**: Escalating conflicts threaten to disrupt oil shipments through the Strait of Hormuz, with experts predicting prices could rise to $120 per barrel due to supply fears.

- **Market Volatility**: Current geopolitical tensions have introduced a 'war premium' of $7-$8 per barrel, reflecting market sensitivity to potential supply disruptions.

- **Impact on Importing Countries**: Nations like India, heavily reliant on oil imports, are particularly vulnerable to price fluctuations stemming from these geopolitical tensions.

- **Temporary Price Corrections**: Recent ceasefires have eased immediate supply disruption fears, leading to short-term price corrections, but ongoing regional instability remains a risk for global oil markets.",Escalating Israel-Iran Tensions Threaten to Drive Oil Prices to $120 per Barrel,"The ongoing tensions between Israel and Iran significantly impact global oil prices, primarily due to the strategic importance of the Strait of Hormuz, a vital shipping route through which a substantial portion of the world's oil supply is transported. Experts warn that escalating conflicts could disrupt oil shipments, potentially driving prices up to $120 per barrel. The situation is exacerbated by military actions, including missile strikes and U.S. military posturing, which have already led to increased volatility in oil markets. The fear of supply disruptions has created a 'war premium' of $7-$8 per barrel, reflecting the market's sensitivity to geopolitical developments. Countries heavily reliant on oil imports, such as India, face heightened vulnerability to price fluctuations driven by these tensions. Analysts are closely monitoring the situation, as any escalation could lead to significant price shocks and further complicate the delicate balance of oil supply and demand. Recent ceasefires have temporarily alleviated fears of immediate supply disruptions, resulting in price corrections, but the overall instability in the region continues to pose risks to global oil markets.",Al Jazeera,Saudi Arabia condemned 'blatant Israeli aggression' against Iran: state media,"The US has moved several B-2 stealth bombers, along with refueling tankers, to the Pacific, as Trump continues to dither on whether or not the US will join Israel's assault.
Israel launches attacks on northwestern Iran as Iran fires more drones towards Israel on day nine of the conflict.",4,"Escalating military actions between Israel and Iran, including drone strikes and US military repositioning, heighten tensions that could push oil prices towards $120 per barrel.",4,Moderate,Positive,High
2025-06-21,"- **Brazil's Offshore Drilling Plans**: President Lula's consideration of offshore drilling raises environmental concerns, potentially impacting Brazil's oil production and energy policy amid climate commitments.
  
- **Israel-Iran Tensions**: Escalating conflicts threaten to disrupt oil shipments through the Strait of Hormuz, with experts predicting prices could rise to $120 per barrel due to supply fears.

- **Market Volatility**: Current geopolitical tensions have introduced a 'war premium' of $7-$8 per barrel, reflecting market sensitivity to potential supply disruptions.

- **Impact on Importing Countries**: Nations like India, heavily reliant on oil imports, are particularly vulnerable to price fluctuations stemming from these geopolitical tensions.

- **Temporary Price Corrections**: Recent ceasefires have eased immediate supply disruption fears, leading to short-term price corrections, but ongoing regional instability remains a risk for global oil markets.",Escalating Israel-Iran Tensions Threaten to Drive Oil Prices to $120 per Barrel,"The ongoing tensions between Israel and Iran significantly impact global oil prices, primarily due to the strategic importance of the Strait of Hormuz, a vital shipping route through which a substantial portion of the world's oil supply is transported. Experts warn that escalating conflicts could disrupt oil shipments, potentially driving prices up to $120 per barrel. The situation is exacerbated by military actions, including missile strikes and U.S. military posturing, which have already led to increased volatility in oil markets. The fear of supply disruptions has created a 'war premium' of $7-$8 per barrel, reflecting the market's sensitivity to geopolitical developments. Countries heavily reliant on oil imports, such as India, face heightened vulnerability to price fluctuations driven by these tensions. Analysts are closely monitoring the situation, as any escalation could lead to significant price shocks and further complicate the delicate balance of oil supply and demand. Recent ceasefires have temporarily alleviated fears of immediate supply disruptions, resulting in price corrections, but the overall instability in the region continues to pose risks to global oil markets.",DAWN Group,"PTI slams 'absurd' data, urges modernisation of PBS","He said Israel violated all international laws by attacking Iran, adding that Iran has a right to defend itself. He urged the United Nations to play its role in securing a ceasefire.
Mr Ayub said the Iran-Israel conflict was also adversely affecting the world. ""In case the war prolongs, the world will have only 12 days of oil reserves left,"" he added.",4,"Iran claims its right to self-defense against Israeli attacks, warning that prolonged conflict could deplete global oil reserves within 12 days, heightening concerns over rising oil prices amid escalating tensions.",4,Moderate,Positive,High
2025-06-21,"- **Brazil's Offshore Drilling Plans**: President Lula's consideration of offshore drilling raises environmental concerns, potentially impacting Brazil's oil production and energy policy amid climate commitments.
  
- **Israel-Iran Tensions**: Escalating conflicts threaten to disrupt oil shipments through the Strait of Hormuz, with experts predicting prices could rise to $120 per barrel due to supply fears.

- **Market Volatility**: Current geopolitical tensions have introduced a 'war premium' of $7-$8 per barrel, reflecting market sensitivity to potential supply disruptions.

- **Impact on Importing Countries**: Nations like India, heavily reliant on oil imports, are particularly vulnerable to price fluctuations stemming from these geopolitical tensions.

- **Temporary Price Corrections**: Recent ceasefires have eased immediate supply disruption fears, leading to short-term price corrections, but ongoing regional instability remains a risk for global oil markets.",Escalating Israel-Iran Tensions Threaten to Drive Oil Prices to $120 per Barrel,"The ongoing tensions between Israel and Iran significantly impact global oil prices, primarily due to the strategic importance of the Strait of Hormuz, a vital shipping route through which a substantial portion of the world's oil supply is transported. Experts warn that escalating conflicts could disrupt oil shipments, potentially driving prices up to $120 per barrel. The situation is exacerbated by military actions, including missile strikes and U.S. military posturing, which have already led to increased volatility in oil markets. The fear of supply disruptions has created a 'war premium' of $7-$8 per barrel, reflecting the market's sensitivity to geopolitical developments. Countries heavily reliant on oil imports, such as India, face heightened vulnerability to price fluctuations driven by these tensions. Analysts are closely monitoring the situation, as any escalation could lead to significant price shocks and further complicate the delicate balance of oil supply and demand. Recent ceasefires have temporarily alleviated fears of immediate supply disruptions, resulting in price corrections, but the overall instability in the region continues to pose risks to global oil markets.",Yahoo! Finance,Market Minute 6-20-25- Wall Street Watching 2-Week Deadline,"Crude oil markets have a $7-$8 per barrel ""war premium"" built into them right now. Gold has also been supported by the ""safe haven"" bid. Both commodities could give back some ground if we see any substantial de-escalation.",4,"Current crude oil prices reflect a $7-$8 'war premium' due to escalating Israel-Iran tensions, with potential for further increases if conflicts persist.",4,Moderate,Positive,High
2025-06-21,"- **Brazil's Offshore Drilling Plans**: President Lula's consideration of offshore drilling raises environmental concerns, potentially impacting Brazil's oil production and energy policy amid climate commitments.
  
- **Israel-Iran Tensions**: Escalating conflicts threaten to disrupt oil shipments through the Strait of Hormuz, with experts predicting prices could rise to $120 per barrel due to supply fears.

- **Market Volatility**: Current geopolitical tensions have introduced a 'war premium' of $7-$8 per barrel, reflecting market sensitivity to potential supply disruptions.

- **Impact on Importing Countries**: Nations like India, heavily reliant on oil imports, are particularly vulnerable to price fluctuations stemming from these geopolitical tensions.

- **Temporary Price Corrections**: Recent ceasefires have eased immediate supply disruption fears, leading to short-term price corrections, but ongoing regional instability remains a risk for global oil markets.",Escalating Israel-Iran Tensions Threaten to Drive Oil Prices to $120 per Barrel,"The ongoing tensions between Israel and Iran significantly impact global oil prices, primarily due to the strategic importance of the Strait of Hormuz, a vital shipping route through which a substantial portion of the world's oil supply is transported. Experts warn that escalating conflicts could disrupt oil shipments, potentially driving prices up to $120 per barrel. The situation is exacerbated by military actions, including missile strikes and U.S. military posturing, which have already led to increased volatility in oil markets. The fear of supply disruptions has created a 'war premium' of $7-$8 per barrel, reflecting the market's sensitivity to geopolitical developments. Countries heavily reliant on oil imports, such as India, face heightened vulnerability to price fluctuations driven by these tensions. Analysts are closely monitoring the situation, as any escalation could lead to significant price shocks and further complicate the delicate balance of oil supply and demand. Recent ceasefires have temporarily alleviated fears of immediate supply disruptions, resulting in price corrections, but the overall instability in the region continues to pose risks to global oil markets.",The Economic Times,India's petroleum consumption to surge 5.37% annually till 2030: PHDCCI,"Despite this rising demand, India faces inherent vulnerabilities as over 85per cent of its crude oil needs are met through imports, positioning it as the world's third-largest oil importer. Furthermore, geopolitical instabilities, particularly in crucial chokepoints like the Hormuz Strait and Suez Canal, pose consistent threats to crude supply and pricing.",4,"India's heavy reliance on crude oil imports, coupled with geopolitical instabilities, underscores its vulnerabilities in energy security.",4,Moderate,Positive,High
2025-06-21,"- **Brazil's Offshore Drilling Plans**: President Lula's consideration of offshore drilling raises environmental concerns, potentially impacting Brazil's oil production and energy policy amid climate commitments.
  
- **Israel-Iran Tensions**: Escalating conflicts threaten to disrupt oil shipments through the Strait of Hormuz, with experts predicting prices could rise to $120 per barrel due to supply fears.

- **Market Volatility**: Current geopolitical tensions have introduced a 'war premium' of $7-$8 per barrel, reflecting market sensitivity to potential supply disruptions.

- **Impact on Importing Countries**: Nations like India, heavily reliant on oil imports, are particularly vulnerable to price fluctuations stemming from these geopolitical tensions.

- **Temporary Price Corrections**: Recent ceasefires have eased immediate supply disruption fears, leading to short-term price corrections, but ongoing regional instability remains a risk for global oil markets.",Escalating Israel-Iran Tensions Threaten to Drive Oil Prices to $120 per Barrel,"The ongoing tensions between Israel and Iran significantly impact global oil prices, primarily due to the strategic importance of the Strait of Hormuz, a vital shipping route through which a substantial portion of the world's oil supply is transported. Experts warn that escalating conflicts could disrupt oil shipments, potentially driving prices up to $120 per barrel. The situation is exacerbated by military actions, including missile strikes and U.S. military posturing, which have already led to increased volatility in oil markets. The fear of supply disruptions has created a 'war premium' of $7-$8 per barrel, reflecting the market's sensitivity to geopolitical developments. Countries heavily reliant on oil imports, such as India, face heightened vulnerability to price fluctuations driven by these tensions. Analysts are closely monitoring the situation, as any escalation could lead to significant price shocks and further complicate the delicate balance of oil supply and demand. Recent ceasefires have temporarily alleviated fears of immediate supply disruptions, resulting in price corrections, but the overall instability in the region continues to pose risks to global oil markets.",DAWN Group,"PTI slams 'absurd' data, urges modernisation of Pakistan Bureau of Statistics","He said Israel violated all international laws by attacking Iran, adding that Iran has a right to defend itself. He urged the United Nations to play its role in securing a ceasefire.
Mr Ayub said the Iran-Israel conflict was also adversely affecting the world. ""In case the war prolongs, the world will have only 12 days of oil reserves left,"" he added.",1,"Iran claims its right to self-defense against Israeli attacks, warning that prolonged conflict could deplete global oil reserves within 12 days, heightening concerns over rising oil prices amid escalating tensions.",1,Moderate,Positive,High
2025-06-21,"- **Brazil's Offshore Drilling Plans**: President Lula's consideration of offshore drilling raises environmental concerns, potentially impacting Brazil's oil production and energy policy amid climate commitments.
  
- **Israel-Iran Tensions**: Escalating conflicts threaten to disrupt oil shipments through the Strait of Hormuz, with experts predicting prices could rise to $120 per barrel due to supply fears.

- **Market Volatility**: Current geopolitical tensions have introduced a 'war premium' of $7-$8 per barrel, reflecting market sensitivity to potential supply disruptions.

- **Impact on Importing Countries**: Nations like India, heavily reliant on oil imports, are particularly vulnerable to price fluctuations stemming from these geopolitical tensions.

- **Temporary Price Corrections**: Recent ceasefires have eased immediate supply disruption fears, leading to short-term price corrections, but ongoing regional instability remains a risk for global oil markets.",Escalating Israel-Iran Tensions Threaten to Drive Oil Prices to $120 per Barrel,"The ongoing tensions between Israel and Iran significantly impact global oil prices, primarily due to the strategic importance of the Strait of Hormuz, a vital shipping route through which a substantial portion of the world's oil supply is transported. Experts warn that escalating conflicts could disrupt oil shipments, potentially driving prices up to $120 per barrel. The situation is exacerbated by military actions, including missile strikes and U.S. military posturing, which have already led to increased volatility in oil markets. The fear of supply disruptions has created a 'war premium' of $7-$8 per barrel, reflecting the market's sensitivity to geopolitical developments. Countries heavily reliant on oil imports, such as India, face heightened vulnerability to price fluctuations driven by these tensions. Analysts are closely monitoring the situation, as any escalation could lead to significant price shocks and further complicate the delicate balance of oil supply and demand. Recent ceasefires have temporarily alleviated fears of immediate supply disruptions, resulting in price corrections, but the overall instability in the region continues to pose risks to global oil markets.",Yahoo! Finance,Head of Russia's Rosneft says OPEC+ could speed up oil output hikes by a year,"OPEC+ has since decided to continue with more than planned hikes.
""The announced increase in production since May of this year is three times higher than the alliance's initial plan. In addition, the entire increase in OPEC+ production could be shifted a year ahead of plan,"" he said without elaborating.
""The decision taken by OPEC leaders to forcefully increase production looks very far-sighted today and, from the market's point of view, justified, taking into account the interests of consumers in light of the uncertainty regarding the scale of the Iran-Israel conflict,"" he added.",3,"OPEC+'s decision to significantly increase oil production is seen as a strategic response to the escalating Israel-Iran tensions, which could push oil prices towards $120 per barrel.",3,Moderate,Positive,High
2025-06-21,"- **Brazil's Offshore Drilling Plans**: President Lula's consideration of offshore drilling raises environmental concerns, potentially impacting Brazil's oil production and energy policy amid climate commitments.
  
- **Israel-Iran Tensions**: Escalating conflicts threaten to disrupt oil shipments through the Strait of Hormuz, with experts predicting prices could rise to $120 per barrel due to supply fears.

- **Market Volatility**: Current geopolitical tensions have introduced a 'war premium' of $7-$8 per barrel, reflecting market sensitivity to potential supply disruptions.

- **Impact on Importing Countries**: Nations like India, heavily reliant on oil imports, are particularly vulnerable to price fluctuations stemming from these geopolitical tensions.

- **Temporary Price Corrections**: Recent ceasefires have eased immediate supply disruption fears, leading to short-term price corrections, but ongoing regional instability remains a risk for global oil markets.",Escalating Israel-Iran Tensions Threaten to Drive Oil Prices to $120 per Barrel,"The ongoing tensions between Israel and Iran significantly impact global oil prices, primarily due to the strategic importance of the Strait of Hormuz, a vital shipping route through which a substantial portion of the world's oil supply is transported. Experts warn that escalating conflicts could disrupt oil shipments, potentially driving prices up to $120 per barrel. The situation is exacerbated by military actions, including missile strikes and U.S. military posturing, which have already led to increased volatility in oil markets. The fear of supply disruptions has created a 'war premium' of $7-$8 per barrel, reflecting the market's sensitivity to geopolitical developments. Countries heavily reliant on oil imports, such as India, face heightened vulnerability to price fluctuations driven by these tensions. Analysts are closely monitoring the situation, as any escalation could lead to significant price shocks and further complicate the delicate balance of oil supply and demand. Recent ceasefires have temporarily alleviated fears of immediate supply disruptions, resulting in price corrections, but the overall instability in the region continues to pose risks to global oil markets.",Yahoo! Finance,Head of Russia's Rosneft says OPEC+ could speed up oil output hikes by a year,"Oil prices had initially fallen in response to the OPEC+ decision to increase oil production, but the outbreak of an aerial war between Israel and Iran has so far been the main factor behind their return to around $75 per barrel, levels unseen since the start of the year.
Speaking at the St. Petersburg International Economic Forum, Sechin, a long-standing ally of Russian President Vladimir Putin, also said there will be no oil glut long-term despite the production rise due to low stockpile levels, though rising usage of electric vehicles in China might hit oil demand.",3,"Escalating aerial conflict between Israel and Iran has countered OPEC+ production increases, driving oil prices back to $75 per barrel amid concerns of future supply constraints.",3,Moderate,Positive,High
2025-06-21,"- **Brazil's Offshore Drilling Plans**: President Lula's consideration of offshore drilling raises environmental concerns, potentially impacting Brazil's oil production and energy policy amid climate commitments.
  
- **Israel-Iran Tensions**: Escalating conflicts threaten to disrupt oil shipments through the Strait of Hormuz, with experts predicting prices could rise to $120 per barrel due to supply fears.

- **Market Volatility**: Current geopolitical tensions have introduced a 'war premium' of $7-$8 per barrel, reflecting market sensitivity to potential supply disruptions.

- **Impact on Importing Countries**: Nations like India, heavily reliant on oil imports, are particularly vulnerable to price fluctuations stemming from these geopolitical tensions.

- **Temporary Price Corrections**: Recent ceasefires have eased immediate supply disruption fears, leading to short-term price corrections, but ongoing regional instability remains a risk for global oil markets.",Escalating Israel-Iran Tensions Threaten to Drive Oil Prices to $120 per Barrel,"The ongoing tensions between Israel and Iran significantly impact global oil prices, primarily due to the strategic importance of the Strait of Hormuz, a vital shipping route through which a substantial portion of the world's oil supply is transported. Experts warn that escalating conflicts could disrupt oil shipments, potentially driving prices up to $120 per barrel. The situation is exacerbated by military actions, including missile strikes and U.S. military posturing, which have already led to increased volatility in oil markets. The fear of supply disruptions has created a 'war premium' of $7-$8 per barrel, reflecting the market's sensitivity to geopolitical developments. Countries heavily reliant on oil imports, such as India, face heightened vulnerability to price fluctuations driven by these tensions. Analysts are closely monitoring the situation, as any escalation could lead to significant price shocks and further complicate the delicate balance of oil supply and demand. Recent ceasefires have temporarily alleviated fears of immediate supply disruptions, resulting in price corrections, but the overall instability in the region continues to pose risks to global oil markets.",Yahoo! Finance,Head of Russia's Rosneft says OPEC+ could speed up oil output hikes by a year,"Putin said on Friday he shared OPEC's assessment that demand for oil will remain high. He also said that oil prices had not risen significantly due to the conflict between Iran and Israel, and that there was no need for OPEC+ to intervene in oil markets.",3,Putin supports OPEC's view on sustained oil demand and indicates no need for OPEC+ intervention despite regional conflicts.,3,Moderate,Positive,High
2025-06-21,"- **Brazil's Offshore Drilling Plans**: President Lula's consideration of offshore drilling raises environmental concerns, potentially impacting Brazil's oil production and energy policy amid climate commitments.
  
- **Israel-Iran Tensions**: Escalating conflicts threaten to disrupt oil shipments through the Strait of Hormuz, with experts predicting prices could rise to $120 per barrel due to supply fears.

- **Market Volatility**: Current geopolitical tensions have introduced a 'war premium' of $7-$8 per barrel, reflecting market sensitivity to potential supply disruptions.

- **Impact on Importing Countries**: Nations like India, heavily reliant on oil imports, are particularly vulnerable to price fluctuations stemming from these geopolitical tensions.

- **Temporary Price Corrections**: Recent ceasefires have eased immediate supply disruption fears, leading to short-term price corrections, but ongoing regional instability remains a risk for global oil markets.",Escalating Israel-Iran Tensions Threaten to Drive Oil Prices to $120 per Barrel,"The ongoing tensions between Israel and Iran significantly impact global oil prices, primarily due to the strategic importance of the Strait of Hormuz, a vital shipping route through which a substantial portion of the world's oil supply is transported. Experts warn that escalating conflicts could disrupt oil shipments, potentially driving prices up to $120 per barrel. The situation is exacerbated by military actions, including missile strikes and U.S. military posturing, which have already led to increased volatility in oil markets. The fear of supply disruptions has created a 'war premium' of $7-$8 per barrel, reflecting the market's sensitivity to geopolitical developments. Countries heavily reliant on oil imports, such as India, face heightened vulnerability to price fluctuations driven by these tensions. Analysts are closely monitoring the situation, as any escalation could lead to significant price shocks and further complicate the delicate balance of oil supply and demand. Recent ceasefires have temporarily alleviated fears of immediate supply disruptions, resulting in price corrections, but the overall instability in the region continues to pose risks to global oil markets.",The Economic Times,"Near-term impact of Iran Israel conflict on most Indian firms is expected to be limited, says Crisil","Crisil reports that India Inc's global trade remains largely unaffected by Middle East uncertainties, though sectors like basmati rice, fertilizers, and diamonds require monitoring. Rising crude oil prices, currently at $73-76 per barrel, pose a threat to India Inc's profits if tensions escalate and supply chains are disrupted.",4,"Crisil indicates that while India's global trade is stable amid Middle East tensions, rising crude oil prices could threaten profits, especially if tensions escalate to drive prices to $120 per barrel.",4,Moderate,Positive,High
2025-06-22,"- **Geopolitical Tensions**: Escalating Israel-Iran conflict raises fears of supply disruptions, potentially driving oil prices to $120-$130 per barrel due to the strategic importance of the Strait of Hormuz.
- **Shipping Costs Surge**: Increased military actions in the region lead to higher shipping and insurance costs, impacting global oil logistics and pricing.
- **Labor Stability in Norway**: Averted strike through a wage agreement ensures production stability in the Norwegian oil sector, crucial for maintaining global supply.
- **U.S. Fossil Fuel Policy Shift**: Trump's 'drill, baby, drill' approach boosts U.S. fossil fuel production, positioning the country as a net exporter and enhancing resilience against market disruptions.
- **Economic Impact of Rising Prices**: Increasing oil prices contribute to currency depreciation (e.g., Indian rupee) and inflationary pressures, affecting global economic stability.
- **OPEC's Role**: OPEC's production strategy and spare capacity are vital for stabilizing prices amid geopolitical tensions and market disruptions.
- **Strait of Hormuz Significance**: Threats to block this chokepoint could lead to dramatic price increases and significant inflationary pressures in the U.S. economy.
- **Investment in Oil Sector**: Chevron's projected $10 billion cash flow increase and infrastructure developments signal strong investment opportunities in oil production and efficiency improvements.",Escalating Israel-Iran Tensions Threaten to Drive Oil Prices to $120 per Barrel,"The ongoing tensions between Israel and Iran significantly impact global oil prices, primarily due to the strategic importance of the Strait of Hormuz, a vital shipping route through which a substantial portion of the world's oil supply is transported. Experts warn that escalating conflicts could disrupt oil shipments, potentially driving prices up to $120 per barrel. The situation is exacerbated by military actions, including missile strikes and U.S. military posturing, which have already led to increased volatility in oil markets. The fear of supply disruptions has created a 'war premium' of $7-$8 per barrel, reflecting the market's sensitivity to geopolitical developments. Countries heavily reliant on oil imports, such as India, face heightened vulnerability to price fluctuations driven by these tensions. Analysts are closely monitoring the situation, as any escalation could lead to significant price shocks and further complicate the delicate balance of oil supply and demand. Recent ceasefires have temporarily alleviated fears of immediate supply disruptions, resulting in price corrections, but the overall instability in the region continues to pose risks to global oil markets.",Korea Herald,Trump's attack on Iran nuclear sites sparks fears on Korean economy,"The Industry of Trade, Industry and Energy held an emergency meeting later in the day to assess the potential impact the US airstrikes on Iran's nuclear sites could have on domestic industries.
The ministry will examine the current status of domestic crude oil and liquefied natural gas supplies, the operation of oil tankers and LNG carriers on Middle Eastern routes, and response measures for possible logistics disruptions. The ministry explained that it has secured approximately 200 days' worth of oil reserves and natural gas stocks, ensuring no immediate supply glitches.",5,"An emergency meeting by the Industry of Trade, Industry and Energy is assessing the impact of US airstrikes on Iran's nuclear sites, focusing on domestic oil and gas supplies, logistics, and ensuring 200 days of reserves amid escalating Israel-Iran tensions.",5,New,Positive,High
2025-06-22,"- **Geopolitical Tensions**: Escalating Israel-Iran conflict raises fears of supply disruptions, potentially driving oil prices to $120-$130 per barrel due to the strategic importance of the Strait of Hormuz.
- **Shipping Costs Surge**: Increased military actions in the region lead to higher shipping and insurance costs, impacting global oil logistics and pricing.
- **Labor Stability in Norway**: Averted strike through a wage agreement ensures production stability in the Norwegian oil sector, crucial for maintaining global supply.
- **U.S. Fossil Fuel Policy Shift**: Trump's 'drill, baby, drill' approach boosts U.S. fossil fuel production, positioning the country as a net exporter and enhancing resilience against market disruptions.
- **Economic Impact of Rising Prices**: Increasing oil prices contribute to currency depreciation (e.g., Indian rupee) and inflationary pressures, affecting global economic stability.
- **OPEC's Role**: OPEC's production strategy and spare capacity are vital for stabilizing prices amid geopolitical tensions and market disruptions.
- **Strait of Hormuz Significance**: Threats to block this chokepoint could lead to dramatic price increases and significant inflationary pressures in the U.S. economy.
- **Investment in Oil Sector**: Chevron's projected $10 billion cash flow increase and infrastructure developments signal strong investment opportunities in oil production and efficiency improvements.","Norwegian Wage Agreement Averts Oil Sector Strike, Ensures Production Stability","Recent labor relations developments in the oil sector have highlighted the critical role of negotiations between unions and companies in maintaining production stability. A recent wage agreement between Norwegian labor unions and the Norwegian Shipowners' Association successfully averted a potential strike among oil drilling workers, which could have significantly disrupted oil and gas production in the region. This resolution underscores the importance of effective labor relations, as strikes or disputes in key oil-producing areas can lead to substantial production halts, affecting global supply and crude oil prices. Ensuring stability in labor relations is essential for uninterrupted operations in the oil market.",Bunker Ports News Worldwide,"Norway oil drilling workers agree wage deal, averting strike","Norwegian labour unions have agreed to a wage deal, averting a strike at floating offshore oil and gas drilling rigs that would have disrupted exploration, unions and company representatives said on Friday evening.",2,"Norwegian labor unions reached a wage agreement, preventing a strike at offshore drilling rigs and ensuring continued stability in oil production.",2,Error,Positive,High
2025-06-22,"- **Geopolitical Tensions**: Escalating Israel-Iran conflict raises fears of supply disruptions, potentially driving oil prices to $120-$130 per barrel due to the strategic importance of the Strait of Hormuz.
- **Shipping Costs Surge**: Increased military actions in the region lead to higher shipping and insurance costs, impacting global oil logistics and pricing.
- **Labor Stability in Norway**: Averted strike through a wage agreement ensures production stability in the Norwegian oil sector, crucial for maintaining global supply.
- **U.S. Fossil Fuel Policy Shift**: Trump's 'drill, baby, drill' approach boosts U.S. fossil fuel production, positioning the country as a net exporter and enhancing resilience against market disruptions.
- **Economic Impact of Rising Prices**: Increasing oil prices contribute to currency depreciation (e.g., Indian rupee) and inflationary pressures, affecting global economic stability.
- **OPEC's Role**: OPEC's production strategy and spare capacity are vital for stabilizing prices amid geopolitical tensions and market disruptions.
- **Strait of Hormuz Significance**: Threats to block this chokepoint could lead to dramatic price increases and significant inflationary pressures in the U.S. economy.
- **Investment in Oil Sector**: Chevron's projected $10 billion cash flow increase and infrastructure developments signal strong investment opportunities in oil production and efficiency improvements.","Norwegian Wage Agreement Averts Oil Sector Strike, Ensures Production Stability","Recent labor relations developments in the oil sector have highlighted the critical role of negotiations between unions and companies in maintaining production stability. A recent wage agreement between Norwegian labor unions and the Norwegian Shipowners' Association successfully averted a potential strike among oil drilling workers, which could have significantly disrupted oil and gas production in the region. This resolution underscores the importance of effective labor relations, as strikes or disputes in key oil-producing areas can lead to substantial production halts, affecting global supply and crude oil prices. Ensuring stability in labor relations is essential for uninterrupted operations in the oil market.",Bunker Ports News Worldwide,"Norway oil drilling workers agree wage deal, averting strike","Unions had said that 438 workers on three rigs were prepared to strike initially if the talks failed, but no immediate disruption to oil and gas production was expected.
The wage deal between the Norwegian Shipowners' Association and the Styrke, Safe and DSO labour unions cover more than 7,200 workers.",2,"A wage agreement between the Norwegian Shipowners' Association and labor unions has successfully averted a strike involving 438 workers on three rigs, ensuring stability for over 7,200 workers in the oil sector.",2,Error,Positive,High
2025-06-22,"- **Geopolitical Tensions**: Escalating Israel-Iran conflict raises fears of supply disruptions, potentially driving oil prices to $120-$130 per barrel due to the strategic importance of the Strait of Hormuz.
- **Shipping Costs Surge**: Increased military actions in the region lead to higher shipping and insurance costs, impacting global oil logistics and pricing.
- **Labor Stability in Norway**: Averted strike through a wage agreement ensures production stability in the Norwegian oil sector, crucial for maintaining global supply.
- **U.S. Fossil Fuel Policy Shift**: Trump's 'drill, baby, drill' approach boosts U.S. fossil fuel production, positioning the country as a net exporter and enhancing resilience against market disruptions.
- **Economic Impact of Rising Prices**: Increasing oil prices contribute to currency depreciation (e.g., Indian rupee) and inflationary pressures, affecting global economic stability.
- **OPEC's Role**: OPEC's production strategy and spare capacity are vital for stabilizing prices amid geopolitical tensions and market disruptions.
- **Strait of Hormuz Significance**: Threats to block this chokepoint could lead to dramatic price increases and significant inflationary pressures in the U.S. economy.
- **Investment in Oil Sector**: Chevron's projected $10 billion cash flow increase and infrastructure developments signal strong investment opportunities in oil production and efficiency improvements.",Geopolitical Tensions Drive Surge in Shipping Costs and Oil Prices Amid Iran Conflict,"The shipping industry is currently navigating the complexities of geopolitical tensions, particularly due to the US involvement in the Iran conflict, which has significant implications for global trade and oil logistics. Companies like Maersk are closely monitoring the security of their vessels in the Strait of Hormuz, a critical chokepoint through which approximately 20% of the world's oil is transported. Recent conflicts have led to increased shipping and insurance costs, with a notable surge in the war risk premium for LNG tankers, reflecting heightened concerns over maritime safety. These rising shipping costs are expected to influence global oil prices, as they directly affect the transportation costs of crude oil and LNG, thereby impacting overall market dynamics and pricing strategies.",MT Newswires - Asia Pacific,ASX Preview: Australian Shares to Fall Following US Airstrikes on Iran; Energy Shares on Watch Amid Fears Oil May Cross $100 Per Barrel,"In corporate news, energy stocks, including Woodside Energy Group (ASX:WDS) and Santos (ASX:STO), are on watch amid concerns that oil prices may cross $100 per barrel after the US on Sunday launched airstrikes on Iran's nuclear facilities.",2,"The US airstrikes on Iran's nuclear facilities heighten geopolitical tensions, potentially pushing oil prices above $100 per barrel and impacting energy stocks like Woodside and Santos.",2,New,Positive,High
2025-06-22,"- **Geopolitical Tensions**: Escalating Israel-Iran conflict raises fears of supply disruptions, potentially driving oil prices to $120-$130 per barrel due to the strategic importance of the Strait of Hormuz.
- **Shipping Costs Surge**: Increased military actions in the region lead to higher shipping and insurance costs, impacting global oil logistics and pricing.
- **Labor Stability in Norway**: Averted strike through a wage agreement ensures production stability in the Norwegian oil sector, crucial for maintaining global supply.
- **U.S. Fossil Fuel Policy Shift**: Trump's 'drill, baby, drill' approach boosts U.S. fossil fuel production, positioning the country as a net exporter and enhancing resilience against market disruptions.
- **Economic Impact of Rising Prices**: Increasing oil prices contribute to currency depreciation (e.g., Indian rupee) and inflationary pressures, affecting global economic stability.
- **OPEC's Role**: OPEC's production strategy and spare capacity are vital for stabilizing prices amid geopolitical tensions and market disruptions.
- **Strait of Hormuz Significance**: Threats to block this chokepoint could lead to dramatic price increases and significant inflationary pressures in the U.S. economy.
- **Investment in Oil Sector**: Chevron's projected $10 billion cash flow increase and infrastructure developments signal strong investment opportunities in oil production and efficiency improvements.",Geopolitical Tensions Drive Surge in Shipping Costs and Oil Prices Amid Iran Conflict,"The shipping industry is currently navigating the complexities of geopolitical tensions, particularly due to the US involvement in the Iran conflict, which has significant implications for global trade and oil logistics. Companies like Maersk are closely monitoring the security of their vessels in the Strait of Hormuz, a critical chokepoint through which approximately 20% of the world's oil is transported. Recent conflicts have led to increased shipping and insurance costs, with a notable surge in the war risk premium for LNG tankers, reflecting heightened concerns over maritime safety. These rising shipping costs are expected to influence global oil prices, as they directly affect the transportation costs of crude oil and LNG, thereby impacting overall market dynamics and pricing strategies.",Yahoo! Finance,"Tanker rates surge, container lines monitor Mideast after US bombs Iran","Gulf nations account for 2-3% of annual global container volumes, and shipping lines are tracking developments.
""We continue to monitor the situation very closely, especially considering the U.S. involvement in the conflict,"" Maersk of Denmark said in an advisory. ""At the moment sailing through the Straight [sic] of Hormuz continues, but we are ready to re-evaluate this based on information available. Equally, we will continuously monitor the security risk to our specific vessels in the region and are ready to take operational actions as needed.""",2,"Shipping lines, including Maersk, are closely monitoring the Iran conflict's impact on Gulf shipping routes, which account for 2-3% of global container volumes, amid rising geopolitical tensions affecting shipping costs and oil prices.",2,New,Positive,High
2025-06-22,"- **Geopolitical Tensions**: Escalating Israel-Iran conflict raises fears of supply disruptions, potentially driving oil prices to $120-$130 per barrel due to the strategic importance of the Strait of Hormuz.
- **Shipping Costs Surge**: Increased military actions in the region lead to higher shipping and insurance costs, impacting global oil logistics and pricing.
- **Labor Stability in Norway**: Averted strike through a wage agreement ensures production stability in the Norwegian oil sector, crucial for maintaining global supply.
- **U.S. Fossil Fuel Policy Shift**: Trump's 'drill, baby, drill' approach boosts U.S. fossil fuel production, positioning the country as a net exporter and enhancing resilience against market disruptions.
- **Economic Impact of Rising Prices**: Increasing oil prices contribute to currency depreciation (e.g., Indian rupee) and inflationary pressures, affecting global economic stability.
- **OPEC's Role**: OPEC's production strategy and spare capacity are vital for stabilizing prices amid geopolitical tensions and market disruptions.
- **Strait of Hormuz Significance**: Threats to block this chokepoint could lead to dramatic price increases and significant inflationary pressures in the U.S. economy.
- **Investment in Oil Sector**: Chevron's projected $10 billion cash flow increase and infrastructure developments signal strong investment opportunities in oil production and efficiency improvements.",Escalating Israel-Iran Tensions Threaten to Drive Oil Prices to $120 per Barrel,"The ongoing tensions between Israel and Iran significantly impact global oil prices, primarily due to the strategic importance of the Strait of Hormuz, a vital shipping route through which a substantial portion of the world's oil supply is transported. Experts warn that escalating conflicts could disrupt oil shipments, potentially driving prices up to $120 per barrel. The situation is exacerbated by military actions, including missile strikes and U.S. military posturing, which have already led to increased volatility in oil markets. The fear of supply disruptions has created a 'war premium' of $7-$8 per barrel, reflecting the market's sensitivity to geopolitical developments. Countries heavily reliant on oil imports, such as India, face heightened vulnerability to price fluctuations driven by these tensions. Analysts are closely monitoring the situation, as any escalation could lead to significant price shocks and further complicate the delicate balance of oil supply and demand. Recent ceasefires have temporarily alleviated fears of immediate supply disruptions, resulting in price corrections, but the overall instability in the region continues to pose risks to global oil markets.",gCaptain,Trump Says Iran's Key Nuclear Sites 'Obliterated' By US Airstrikes,"Diplomatic efforts by Western nations to stop the hostilities have so far failed. United Nations Secretary-General Antonio Guterres called Saturday's strikes a ""dangerous escalation in a region already on the edge - and a direct threat to international peace and security.""
Both sides' attacks on energy infrastructure, including by Israel on Iran's South Pars gas field and the risk of a complete shutdown of the OPEC member's oil production, as well as Iran targeting shipping in the Straits of Hormuz, have fueled fears of a spike in oil prices and impacts on economies worldwide.",5,"Diplomatic efforts to halt escalating hostilities in the region have failed, raising concerns over international peace, security, and potential economic impacts due to attacks on energy infrastructure.",5,New,Positive,High
2025-06-22,"- **Geopolitical Tensions**: Escalating Israel-Iran conflict raises fears of supply disruptions, potentially driving oil prices to $120-$130 per barrel due to the strategic importance of the Strait of Hormuz.
- **Shipping Costs Surge**: Increased military actions in the region lead to higher shipping and insurance costs, impacting global oil logistics and pricing.
- **Labor Stability in Norway**: Averted strike through a wage agreement ensures production stability in the Norwegian oil sector, crucial for maintaining global supply.
- **U.S. Fossil Fuel Policy Shift**: Trump's 'drill, baby, drill' approach boosts U.S. fossil fuel production, positioning the country as a net exporter and enhancing resilience against market disruptions.
- **Economic Impact of Rising Prices**: Increasing oil prices contribute to currency depreciation (e.g., Indian rupee) and inflationary pressures, affecting global economic stability.
- **OPEC's Role**: OPEC's production strategy and spare capacity are vital for stabilizing prices amid geopolitical tensions and market disruptions.
- **Strait of Hormuz Significance**: Threats to block this chokepoint could lead to dramatic price increases and significant inflationary pressures in the U.S. economy.
- **Investment in Oil Sector**: Chevron's projected $10 billion cash flow increase and infrastructure developments signal strong investment opportunities in oil production and efficiency improvements.",Escalating Israel-Iran Tensions Threaten to Drive Oil Prices to $120 per Barrel,"The ongoing tensions between Israel and Iran significantly impact global oil prices, primarily due to the strategic importance of the Strait of Hormuz, a vital shipping route through which a substantial portion of the world's oil supply is transported. Experts warn that escalating conflicts could disrupt oil shipments, potentially driving prices up to $120 per barrel. The situation is exacerbated by military actions, including missile strikes and U.S. military posturing, which have already led to increased volatility in oil markets. The fear of supply disruptions has created a 'war premium' of $7-$8 per barrel, reflecting the market's sensitivity to geopolitical developments. Countries heavily reliant on oil imports, such as India, face heightened vulnerability to price fluctuations driven by these tensions. Analysts are closely monitoring the situation, as any escalation could lead to significant price shocks and further complicate the delicate balance of oil supply and demand. Recent ceasefires have temporarily alleviated fears of immediate supply disruptions, resulting in price corrections, but the overall instability in the region continues to pose risks to global oil markets.",Indian Express,Military Digest | When US wanted Iran and China to help Pakistan in war against India,"""An ESSO representative has indicated that this means the loss of 50% of Karachi's oil reserves, which amounts to over 80% of the POL [petrol, oil, lubricants] for all of Pakistan. He estimates that they are left with a two-week supply, possibly less at the rate at which POL is now being consumed,"" he said.",5,"Karachi's oil reserve loss, equating to over 80% of Pakistan's POL supply, exacerbates regional instability amid escalating Israel-Iran tensions, potentially driving oil prices to $120 per barrel.",5,New,Positive,High
2025-06-22,"- **Geopolitical Tensions**: Escalating Israel-Iran conflict raises fears of supply disruptions, potentially driving oil prices to $120-$130 per barrel due to the strategic importance of the Strait of Hormuz.
- **Shipping Costs Surge**: Increased military actions in the region lead to higher shipping and insurance costs, impacting global oil logistics and pricing.
- **Labor Stability in Norway**: Averted strike through a wage agreement ensures production stability in the Norwegian oil sector, crucial for maintaining global supply.
- **U.S. Fossil Fuel Policy Shift**: Trump's 'drill, baby, drill' approach boosts U.S. fossil fuel production, positioning the country as a net exporter and enhancing resilience against market disruptions.
- **Economic Impact of Rising Prices**: Increasing oil prices contribute to currency depreciation (e.g., Indian rupee) and inflationary pressures, affecting global economic stability.
- **OPEC's Role**: OPEC's production strategy and spare capacity are vital for stabilizing prices amid geopolitical tensions and market disruptions.
- **Strait of Hormuz Significance**: Threats to block this chokepoint could lead to dramatic price increases and significant inflationary pressures in the U.S. economy.
- **Investment in Oil Sector**: Chevron's projected $10 billion cash flow increase and infrastructure developments signal strong investment opportunities in oil production and efficiency improvements.",Escalating Israel-Iran Tensions Threaten to Drive Oil Prices to $120 per Barrel,"The ongoing tensions between Israel and Iran significantly impact global oil prices, primarily due to the strategic importance of the Strait of Hormuz, a vital shipping route through which a substantial portion of the world's oil supply is transported. Experts warn that escalating conflicts could disrupt oil shipments, potentially driving prices up to $120 per barrel. The situation is exacerbated by military actions, including missile strikes and U.S. military posturing, which have already led to increased volatility in oil markets. The fear of supply disruptions has created a 'war premium' of $7-$8 per barrel, reflecting the market's sensitivity to geopolitical developments. Countries heavily reliant on oil imports, such as India, face heightened vulnerability to price fluctuations driven by these tensions. Analysts are closely monitoring the situation, as any escalation could lead to significant price shocks and further complicate the delicate balance of oil supply and demand. Recent ceasefires have temporarily alleviated fears of immediate supply disruptions, resulting in price corrections, but the overall instability in the region continues to pose risks to global oil markets.",Hindustan Times,Blocking of Strait of Hormuz will impact India's energy procurement: Experts,"Behera said any disruption in the critical shipping lane will majorly impact India's crude oil import from Iraq and to an extent from Saudi Arabia.
Captain D K Sharma , a former Indian Navy spokesperson who closely follows developments in the Gulf region, said Iran's threat to block the Strait of Hormuz could lead to significant disruptions in global oil trade.",5,"Disruptions in the Strait of Hormuz due to Iran's threats could severely impact India's crude oil imports and global oil trade, potentially driving prices to $120 per barrel amid escalating Israel-Iran tensions.",5,New,Positive,High
2025-06-22,"- **Geopolitical Tensions**: Escalating Israel-Iran conflict raises fears of supply disruptions, potentially driving oil prices to $120-$130 per barrel due to the strategic importance of the Strait of Hormuz.
- **Shipping Costs Surge**: Increased military actions in the region lead to higher shipping and insurance costs, impacting global oil logistics and pricing.
- **Labor Stability in Norway**: Averted strike through a wage agreement ensures production stability in the Norwegian oil sector, crucial for maintaining global supply.
- **U.S. Fossil Fuel Policy Shift**: Trump's 'drill, baby, drill' approach boosts U.S. fossil fuel production, positioning the country as a net exporter and enhancing resilience against market disruptions.
- **Economic Impact of Rising Prices**: Increasing oil prices contribute to currency depreciation (e.g., Indian rupee) and inflationary pressures, affecting global economic stability.
- **OPEC's Role**: OPEC's production strategy and spare capacity are vital for stabilizing prices amid geopolitical tensions and market disruptions.
- **Strait of Hormuz Significance**: Threats to block this chokepoint could lead to dramatic price increases and significant inflationary pressures in the U.S. economy.
- **Investment in Oil Sector**: Chevron's projected $10 billion cash flow increase and infrastructure developments signal strong investment opportunities in oil production and efficiency improvements.","Trump's 'Drill, Baby, Drill' Policy Sparks U.S. Fossil Fuel Resurgence","The 'drill, baby, drill' mantra of former President Trump has catalyzed a significant shift in U.S. fossil fuel policy, emphasizing increased production and hiring within the sector. Major oil companies, including BP and Shell, are redirecting their investments from renewable energy back to fossil fuels, driven by immediate profitability and shareholder demands. This trend underscores a broader industry movement prioritizing fossil fuel output amid economic uncertainties. The Trump administration's policies are seen as supportive of the domestic oil industry, positioning the U.S. as a net exporter of oil and natural gas, which enhances its resilience against market disruptions, including geopolitical tensions in oil-rich areas. The focus on energy dominance, offshore drilling, and resource expansion in Alaska reflects a strategic initiative to bolster energy security and influence the future dynamics of crude oil production and pricing both domestically and globally.",BusinessLine via Web,2025 sees resurgence in demand for oil drillers' despite global economic uncertainties,"Trump's 'drill, baby,drill' narrative has brought drillers back into business as hiring focus is shifting back to fossil fuel
Oil price is back in news with a vigour and  so is the demand for offshore and onshore drillers. Trump's 'drill, baby,drill' narrative has definitely brought drillers back into business as hiring focus is shifting back to fossil fuel and drilling activity is increasing in 2025, with several regions experiencing notable growth.",3,"Trump's 'drill, baby, drill' policy has revitalized the fossil fuel industry, leading to increased hiring and drilling activity in 2025 as demand for oil rises.",3,New,Positive,High
2025-06-22,"- **Geopolitical Tensions**: Escalating Israel-Iran conflict raises fears of supply disruptions, potentially driving oil prices to $120-$130 per barrel due to the strategic importance of the Strait of Hormuz.
- **Shipping Costs Surge**: Increased military actions in the region lead to higher shipping and insurance costs, impacting global oil logistics and pricing.
- **Labor Stability in Norway**: Averted strike through a wage agreement ensures production stability in the Norwegian oil sector, crucial for maintaining global supply.
- **U.S. Fossil Fuel Policy Shift**: Trump's 'drill, baby, drill' approach boosts U.S. fossil fuel production, positioning the country as a net exporter and enhancing resilience against market disruptions.
- **Economic Impact of Rising Prices**: Increasing oil prices contribute to currency depreciation (e.g., Indian rupee) and inflationary pressures, affecting global economic stability.
- **OPEC's Role**: OPEC's production strategy and spare capacity are vital for stabilizing prices amid geopolitical tensions and market disruptions.
- **Strait of Hormuz Significance**: Threats to block this chokepoint could lead to dramatic price increases and significant inflationary pressures in the U.S. economy.
- **Investment in Oil Sector**: Chevron's projected $10 billion cash flow increase and infrastructure developments signal strong investment opportunities in oil production and efficiency improvements.",Rising Oil Prices Drive Currency Depreciation and Inflationary Pressures,"The economic implications of rising oil prices are significant, as evidenced by the recent depreciation of the Indian rupee against the dollar, which is linked to increasing crude oil prices amid geopolitical tensions. Analysts have identified crude oil prices as a major risk factor for currencies, with expectations of further weakening due to ongoing conflicts in the West Asian region. Additionally, higher oil prices are likely to exacerbate inflation, leading to increased costs for consumers and businesses, and potentially triggering economic downturns if these price increases persist. In countries like Australia, where the transport sector is heavily reliant on oil, prolonged price hikes can hinder economic growth and create inflationary pressures. The Reserve Bank of Australia's anticipated interest rate cuts in response to these challenges highlight the interconnectedness of oil prices and broader economic policies. This situation underscores the necessity for countries to prepare for the economic ramifications of fluctuating oil prices.",Tax Research UK,The economic consequences of Trump's war,"We are still paying the price for that folly: heaven knows what the cost will be this time.
Secondly, we are already living in an economy where the government's desired growth is hard to find, and economic activity looks to be fragile, in the extreme. The likelihood that an oil price shock will now make things worse is very high indeed. As a consequence, Rachael Reeves should be entirely forgetting her existing plans, and should instead be moving into a situation where she is planning to reflate the economy to prevent the risk of a serious downturn, and even recession.",3,"Rising oil prices threaten to exacerbate fragile economic conditions, increasing the risk of currency depreciation and inflation, necessitating a shift in government strategy towards economic reflation.",3,Moderate,Negative,High
2025-06-22,"- **Geopolitical Tensions**: Escalating Israel-Iran conflict raises fears of supply disruptions, potentially driving oil prices to $120-$130 per barrel due to the strategic importance of the Strait of Hormuz.
- **Shipping Costs Surge**: Increased military actions in the region lead to higher shipping and insurance costs, impacting global oil logistics and pricing.
- **Labor Stability in Norway**: Averted strike through a wage agreement ensures production stability in the Norwegian oil sector, crucial for maintaining global supply.
- **U.S. Fossil Fuel Policy Shift**: Trump's 'drill, baby, drill' approach boosts U.S. fossil fuel production, positioning the country as a net exporter and enhancing resilience against market disruptions.
- **Economic Impact of Rising Prices**: Increasing oil prices contribute to currency depreciation (e.g., Indian rupee) and inflationary pressures, affecting global economic stability.
- **OPEC's Role**: OPEC's production strategy and spare capacity are vital for stabilizing prices amid geopolitical tensions and market disruptions.
- **Strait of Hormuz Significance**: Threats to block this chokepoint could lead to dramatic price increases and significant inflationary pressures in the U.S. economy.
- **Investment in Oil Sector**: Chevron's projected $10 billion cash flow increase and infrastructure developments signal strong investment opportunities in oil production and efficiency improvements.",Escalating Israel-Iran Tensions Threaten to Drive Oil Prices to $120 per Barrel,"The ongoing tensions between Israel and Iran significantly impact global oil prices, primarily due to the strategic importance of the Strait of Hormuz, a vital shipping route through which a substantial portion of the world's oil supply is transported. Experts warn that escalating conflicts could disrupt oil shipments, potentially driving prices up to $120 per barrel. The situation is exacerbated by military actions, including missile strikes and U.S. military posturing, which have already led to increased volatility in oil markets. The fear of supply disruptions has created a 'war premium' of $7-$8 per barrel, reflecting the market's sensitivity to geopolitical developments. Countries heavily reliant on oil imports, such as India, face heightened vulnerability to price fluctuations driven by these tensions. Analysts are closely monitoring the situation, as any escalation could lead to significant price shocks and further complicate the delicate balance of oil supply and demand. Recent ceasefires have temporarily alleviated fears of immediate supply disruptions, resulting in price corrections, but the overall instability in the region continues to pose risks to global oil markets.",Sowetan,Trump says Iran's key nuclear sites 'obliterated' by US air strikes,"Both sides' attacks on energy infrastructure, including by Israel on Iran's South Pars gas field and the risk of a complete shutdown of the Opec member's oil production, as well as Iran targeting shipping in the Straits of Hormuz, have fuelled fears of a spike in oil prices and impacts on economies worldwide.",5,"Escalating attacks on energy infrastructure by Israel and Iran raise concerns of significant oil supply disruptions, potentially driving prices to $120 per barrel and impacting global economies.",5,New,Positive,High
2025-06-22,"- **Geopolitical Tensions**: Escalating Israel-Iran conflict raises fears of supply disruptions, potentially driving oil prices to $120-$130 per barrel due to the strategic importance of the Strait of Hormuz.
- **Shipping Costs Surge**: Increased military actions in the region lead to higher shipping and insurance costs, impacting global oil logistics and pricing.
- **Labor Stability in Norway**: Averted strike through a wage agreement ensures production stability in the Norwegian oil sector, crucial for maintaining global supply.
- **U.S. Fossil Fuel Policy Shift**: Trump's 'drill, baby, drill' approach boosts U.S. fossil fuel production, positioning the country as a net exporter and enhancing resilience against market disruptions.
- **Economic Impact of Rising Prices**: Increasing oil prices contribute to currency depreciation (e.g., Indian rupee) and inflationary pressures, affecting global economic stability.
- **OPEC's Role**: OPEC's production strategy and spare capacity are vital for stabilizing prices amid geopolitical tensions and market disruptions.
- **Strait of Hormuz Significance**: Threats to block this chokepoint could lead to dramatic price increases and significant inflationary pressures in the U.S. economy.
- **Investment in Oil Sector**: Chevron's projected $10 billion cash flow increase and infrastructure developments signal strong investment opportunities in oil production and efficiency improvements.",Rising Oil Prices Drive Currency Depreciation and Inflationary Pressures,"The economic implications of rising oil prices are significant, as evidenced by the recent depreciation of the Indian rupee against the dollar, which is linked to increasing crude oil prices amid geopolitical tensions. Analysts have identified crude oil prices as a major risk factor for currencies, with expectations of further weakening due to ongoing conflicts in the West Asian region. Additionally, higher oil prices are likely to exacerbate inflation, leading to increased costs for consumers and businesses, and potentially triggering economic downturns if these price increases persist. In countries like Australia, where the transport sector is heavily reliant on oil, prolonged price hikes can hinder economic growth and create inflationary pressures. The Reserve Bank of Australia's anticipated interest rate cuts in response to these challenges highlight the interconnectedness of oil prices and broader economic policies. This situation underscores the necessity for countries to prepare for the economic ramifications of fluctuating oil prices.",Business Standard via Web,Rupee expected to depreciate to 87 per dollar by July-end: BS Poll,"The rupee settled at 86.59 per dollar on Friday. Crude oil prices remain a significant idiosyncratic risk for the rupee, said market participants
After depreciating 1.29 per cent against the dollar this financial year, the rupee is expected to weaken more because of West Asian military conflicts, with the expectation that prices of crude oil will rise.",3,"The rupee's depreciation to 86.59 per dollar, influenced by rising crude oil prices and geopolitical tensions in West Asia, signals increasing inflationary pressures and currency instability.",3,Moderate,Negative,High
2025-06-22,"- **Geopolitical Tensions**: Escalating Israel-Iran conflict raises fears of supply disruptions, potentially driving oil prices to $120-$130 per barrel due to the strategic importance of the Strait of Hormuz.
- **Shipping Costs Surge**: Increased military actions in the region lead to higher shipping and insurance costs, impacting global oil logistics and pricing.
- **Labor Stability in Norway**: Averted strike through a wage agreement ensures production stability in the Norwegian oil sector, crucial for maintaining global supply.
- **U.S. Fossil Fuel Policy Shift**: Trump's 'drill, baby, drill' approach boosts U.S. fossil fuel production, positioning the country as a net exporter and enhancing resilience against market disruptions.
- **Economic Impact of Rising Prices**: Increasing oil prices contribute to currency depreciation (e.g., Indian rupee) and inflationary pressures, affecting global economic stability.
- **OPEC's Role**: OPEC's production strategy and spare capacity are vital for stabilizing prices amid geopolitical tensions and market disruptions.
- **Strait of Hormuz Significance**: Threats to block this chokepoint could lead to dramatic price increases and significant inflationary pressures in the U.S. economy.
- **Investment in Oil Sector**: Chevron's projected $10 billion cash flow increase and infrastructure developments signal strong investment opportunities in oil production and efficiency improvements.","Trump's 'Drill, Baby, Drill' Policy Sparks U.S. Fossil Fuel Resurgence","The 'drill, baby, drill' mantra of former President Trump has catalyzed a significant shift in U.S. fossil fuel policy, emphasizing increased production and hiring within the sector. Major oil companies, including BP and Shell, are redirecting their investments from renewable energy back to fossil fuels, driven by immediate profitability and shareholder demands. This trend underscores a broader industry movement prioritizing fossil fuel output amid economic uncertainties. The Trump administration's policies are seen as supportive of the domestic oil industry, positioning the U.S. as a net exporter of oil and natural gas, which enhances its resilience against market disruptions, including geopolitical tensions in oil-rich areas. The focus on energy dominance, offshore drilling, and resource expansion in Alaska reflects a strategic initiative to bolster energy security and influence the future dynamics of crude oil production and pricing both domestically and globally.",BusinessLine via Web,2025 sees resurgence in demand for oil drillers' despite global economic uncertainties,"Prioritising fossil fuel
""Several oil companies have reduced investments in renewable energy and are prioritising fossil fuel production. BP, for example, is not only cutting renewable energy investment by $5 billion, it is transferring its offshore wind projects into a joint venture to refocus on fossil fuels. Shell is also reducing jobs in its offshore wind division. It is mainly due to short-term profitability and shareholder pressure,"" Senior Energy Analyst, Petroleum Economist, Ehsan Ul-Haq said, adding that without clear policy or market shifts, this trend might persist in the short-term only as in the long-term decarbonisation pressures could reverse it.",3,"Oil companies are shifting focus back to fossil fuels, with BP cutting renewable investments and Shell reducing offshore wind jobs, reflecting the short-term profitability pressures influenced by Trump's 'Drill, Baby, Drill' policy.",3,New,Positive,High
2025-06-22,"- **Geopolitical Tensions**: Escalating Israel-Iran conflict raises fears of supply disruptions, potentially driving oil prices to $120-$130 per barrel due to the strategic importance of the Strait of Hormuz.
- **Shipping Costs Surge**: Increased military actions in the region lead to higher shipping and insurance costs, impacting global oil logistics and pricing.
- **Labor Stability in Norway**: Averted strike through a wage agreement ensures production stability in the Norwegian oil sector, crucial for maintaining global supply.
- **U.S. Fossil Fuel Policy Shift**: Trump's 'drill, baby, drill' approach boosts U.S. fossil fuel production, positioning the country as a net exporter and enhancing resilience against market disruptions.
- **Economic Impact of Rising Prices**: Increasing oil prices contribute to currency depreciation (e.g., Indian rupee) and inflationary pressures, affecting global economic stability.
- **OPEC's Role**: OPEC's production strategy and spare capacity are vital for stabilizing prices amid geopolitical tensions and market disruptions.
- **Strait of Hormuz Significance**: Threats to block this chokepoint could lead to dramatic price increases and significant inflationary pressures in the U.S. economy.
- **Investment in Oil Sector**: Chevron's projected $10 billion cash flow increase and infrastructure developments signal strong investment opportunities in oil production and efficiency improvements.","Trump's 'Drill, Baby, Drill' Policy Sparks U.S. Fossil Fuel Resurgence","The 'drill, baby, drill' mantra of former President Trump has catalyzed a significant shift in U.S. fossil fuel policy, emphasizing increased production and hiring within the sector. Major oil companies, including BP and Shell, are redirecting their investments from renewable energy back to fossil fuels, driven by immediate profitability and shareholder demands. This trend underscores a broader industry movement prioritizing fossil fuel output amid economic uncertainties. The Trump administration's policies are seen as supportive of the domestic oil industry, positioning the U.S. as a net exporter of oil and natural gas, which enhances its resilience against market disruptions, including geopolitical tensions in oil-rich areas. The focus on energy dominance, offshore drilling, and resource expansion in Alaska reflects a strategic initiative to bolster energy security and influence the future dynamics of crude oil production and pricing both domestically and globally.",BusinessLine via Web,2025 sees resurgence in demand for oil drillers' despite global economic uncertainties,"Though experts find it difficult to put numbers to the trend, they said that about 20 per cent increase in demand for drillers has been seen.
Managing Partner - GreenTree Advisory Services (a boutique global human resources solution provider that focuses on client-centric recruitment services) said, ""Yes, hiring has shifted back toward core oil and gas, but with eyes still on the transition. It's no longer ""full-speed renewables,"" but rather ""selective diversification"".""",3,"A 20% increase in demand for drillers indicates a shift back to core oil and gas hiring, reflecting Trump's 'Drill, Baby, Drill' policy amidst a selective diversification approach in the energy sector.",3,New,Positive,High
2025-06-22,"- **Geopolitical Tensions**: Escalating Israel-Iran conflict raises fears of supply disruptions, potentially driving oil prices to $120-$130 per barrel due to the strategic importance of the Strait of Hormuz.
- **Shipping Costs Surge**: Increased military actions in the region lead to higher shipping and insurance costs, impacting global oil logistics and pricing.
- **Labor Stability in Norway**: Averted strike through a wage agreement ensures production stability in the Norwegian oil sector, crucial for maintaining global supply.
- **U.S. Fossil Fuel Policy Shift**: Trump's 'drill, baby, drill' approach boosts U.S. fossil fuel production, positioning the country as a net exporter and enhancing resilience against market disruptions.
- **Economic Impact of Rising Prices**: Increasing oil prices contribute to currency depreciation (e.g., Indian rupee) and inflationary pressures, affecting global economic stability.
- **OPEC's Role**: OPEC's production strategy and spare capacity are vital for stabilizing prices amid geopolitical tensions and market disruptions.
- **Strait of Hormuz Significance**: Threats to block this chokepoint could lead to dramatic price increases and significant inflationary pressures in the U.S. economy.
- **Investment in Oil Sector**: Chevron's projected $10 billion cash flow increase and infrastructure developments signal strong investment opportunities in oil production and efficiency improvements.",Iran's Threat to Block Strait of Hormuz Sparks Fears of $130 Oil and U.S. Inflation,"The Strait of Hormuz is a crucial maritime chokepoint for global oil supply, with over 20% of the world's oil and significant volumes of liquefied natural gas transiting through it. Recent military actions and threats from Iran to block this vital shipping lane have raised alarm among economists and market analysts regarding potential disruptions to oil flows. A closure of the Strait could lead to dramatic price increases, with projections suggesting prices could soar to $130 per barrel, thereby triggering inflationary pressures in the U.S. economy. This highlights the strategic importance of the Strait of Hormuz in maintaining global energy security and the stability of crude oil markets.",NBC San Diego,"Bitcoin sinks below $99,000 as U.S. strikes on Iran trigger crypto market sell-off","Iran has reportedly threatened to block the Strait of Hormuz - a vital shipping lane that handles about 20% of global oil supply. JPMorgan warns that a full closure could drive oil prices as high as $130 per barrel. that such a spike could send U.S. inflation back toward 5% - a level not seen since March 2023, when the Fed was still actively raising rates. That outlook has traders reassessing the path of interest rates - and rotating out of speculative assets like crypto.",3,"Iran's threat to block the Strait of Hormuz could lead to oil prices soaring to $130 per barrel, raising concerns about a resurgence of U.S. inflation towards 5% and prompting traders to reevaluate interest rate strategies.",3,Moderate,Positive,High
2025-06-22,"- **Geopolitical Tensions**: Escalating Israel-Iran conflict raises fears of supply disruptions, potentially driving oil prices to $120-$130 per barrel due to the strategic importance of the Strait of Hormuz.
- **Shipping Costs Surge**: Increased military actions in the region lead to higher shipping and insurance costs, impacting global oil logistics and pricing.
- **Labor Stability in Norway**: Averted strike through a wage agreement ensures production stability in the Norwegian oil sector, crucial for maintaining global supply.
- **U.S. Fossil Fuel Policy Shift**: Trump's 'drill, baby, drill' approach boosts U.S. fossil fuel production, positioning the country as a net exporter and enhancing resilience against market disruptions.
- **Economic Impact of Rising Prices**: Increasing oil prices contribute to currency depreciation (e.g., Indian rupee) and inflationary pressures, affecting global economic stability.
- **OPEC's Role**: OPEC's production strategy and spare capacity are vital for stabilizing prices amid geopolitical tensions and market disruptions.
- **Strait of Hormuz Significance**: Threats to block this chokepoint could lead to dramatic price increases and significant inflationary pressures in the U.S. economy.
- **Investment in Oil Sector**: Chevron's projected $10 billion cash flow increase and infrastructure developments signal strong investment opportunities in oil production and efficiency improvements.",Iran's Threat to Block Strait of Hormuz Sparks Fears of $130 Oil and U.S. Inflation,"The Strait of Hormuz is a crucial maritime chokepoint for global oil supply, with over 20% of the world's oil and significant volumes of liquefied natural gas transiting through it. Recent military actions and threats from Iran to block this vital shipping lane have raised alarm among economists and market analysts regarding potential disruptions to oil flows. A closure of the Strait could lead to dramatic price increases, with projections suggesting prices could soar to $130 per barrel, thereby triggering inflationary pressures in the U.S. economy. This highlights the strategic importance of the Strait of Hormuz in maintaining global energy security and the stability of crude oil markets.",ABC News,Oil futures surge following US strikes in Iran,"Economists are especially concerned about retaliations that could disrupt the flow of oil, which is heavily dependent on the strait . Any sharp jump in oil prices could potentially trigger higher inflation for the US economy.
During 2024 and the first quarter of 2025, more than 25% of seaborne oil trade flowed through the strait, according to the US Energy Information Administration. The US imported about 500,000 barrels per day through the strait, accounting for 7% of total US crude oil and condensate imports.",3,"Concerns over Iran's threat to block the Strait of Hormuz could disrupt oil supply, risking a surge in prices to $130 and exacerbating inflation in the U.S., given that over 25% of seaborne oil trade passes through this critical route.",3,Moderate,Positive,High
2025-06-22,"- **Geopolitical Tensions**: Escalating Israel-Iran conflict raises fears of supply disruptions, potentially driving oil prices to $120-$130 per barrel due to the strategic importance of the Strait of Hormuz.
- **Shipping Costs Surge**: Increased military actions in the region lead to higher shipping and insurance costs, impacting global oil logistics and pricing.
- **Labor Stability in Norway**: Averted strike through a wage agreement ensures production stability in the Norwegian oil sector, crucial for maintaining global supply.
- **U.S. Fossil Fuel Policy Shift**: Trump's 'drill, baby, drill' approach boosts U.S. fossil fuel production, positioning the country as a net exporter and enhancing resilience against market disruptions.
- **Economic Impact of Rising Prices**: Increasing oil prices contribute to currency depreciation (e.g., Indian rupee) and inflationary pressures, affecting global economic stability.
- **OPEC's Role**: OPEC's production strategy and spare capacity are vital for stabilizing prices amid geopolitical tensions and market disruptions.
- **Strait of Hormuz Significance**: Threats to block this chokepoint could lead to dramatic price increases and significant inflationary pressures in the U.S. economy.
- **Investment in Oil Sector**: Chevron's projected $10 billion cash flow increase and infrastructure developments signal strong investment opportunities in oil production and efficiency improvements.",Chevron's $10 Billion Cash Flow Boosts Oil Sector Investment Amid Infrastructure Innovations,"Investment opportunities in the oil sector are being driven by significant developments in upstream operations and infrastructure enhancements. Chevron's upstream business is expected to generate up to $10 billion in incremental free cash flow by 2026, largely due to its successful activities in regions like Kazakhstan and the Permian Basin, which are crucial for increasing oil production. Concurrently, investments in U.S. oil infrastructure, such as Enbridge's pipeline expansions and Eni's refinery conversion to a biorefinery, are essential for boosting production capacity and improving efficiency while addressing environmental concerns. Additionally, companies like Gold H2 are innovating by utilizing existing oil infrastructure to produce low-carbon hydrogen, particularly in California's oilfields, indicating a transformative shift in energy production. These trends underscore the importance of infrastructure development and the transition towards cleaner energy sources, presenting substantial investment opportunities within the oil industry.",AOL.com,Chevron Is One of the Largest Energy Companies by Market Cap. But Is It a Buy?,"The upstream business is especially robust, and it's expected to continue contributing to Chevron's strong financials. Including the growth of its TCO joint venture in Kazakhstan as well as producing assets in the Permian Basin and Gulf of America, Chevron projects its upstream business will contribute $10 billion in incremental free cash flow in 2026 if oil benchmark Brent Crude averages $70 per barrel, or $9 billion if Brent Crude averages $60 per barrel.",1,"Chevron's upstream business is projected to generate $10 billion in incremental free cash flow by 2026, driven by its TCO joint venture and assets in key regions, significantly enhancing investment in the oil sector amid ongoing infrastructure innovations.",1,Moderate,Positive,High
2025-06-22,"- **Geopolitical Tensions**: Escalating Israel-Iran conflict raises fears of supply disruptions, potentially driving oil prices to $120-$130 per barrel due to the strategic importance of the Strait of Hormuz.
- **Shipping Costs Surge**: Increased military actions in the region lead to higher shipping and insurance costs, impacting global oil logistics and pricing.
- **Labor Stability in Norway**: Averted strike through a wage agreement ensures production stability in the Norwegian oil sector, crucial for maintaining global supply.
- **U.S. Fossil Fuel Policy Shift**: Trump's 'drill, baby, drill' approach boosts U.S. fossil fuel production, positioning the country as a net exporter and enhancing resilience against market disruptions.
- **Economic Impact of Rising Prices**: Increasing oil prices contribute to currency depreciation (e.g., Indian rupee) and inflationary pressures, affecting global economic stability.
- **OPEC's Role**: OPEC's production strategy and spare capacity are vital for stabilizing prices amid geopolitical tensions and market disruptions.
- **Strait of Hormuz Significance**: Threats to block this chokepoint could lead to dramatic price increases and significant inflationary pressures in the U.S. economy.
- **Investment in Oil Sector**: Chevron's projected $10 billion cash flow increase and infrastructure developments signal strong investment opportunities in oil production and efficiency improvements.",OPEC's Production Strategy: Key to Stabilizing Global Oil Prices Amid Market Disruptions,"The Organization of the Petroleum Exporting Countries (OPEC) significantly influences global oil prices through its production quotas and strategic decisions. With a spare capacity exceeding 6 million barrels per day, OPEC can respond to market disruptions, particularly in the context of geopolitical tensions. The organization's ability to maintain production levels is crucial for stabilizing prices and mitigating risk premiums associated with supply disruptions. The expanded OPEC+ group, which includes non-OPEC members like Russia, further complicates oil pricing dynamics. Recent trends, such as the scheduled phase-out of OPEC+ production cuts, are expected to impact market supply and prices, especially as GDP growth in oil-dependent economies like Saudi Arabia is projected to rise. As OPEC continues to adjust its output in response to global demand, its decisions remain pivotal in shaping the crude oil market and ensuring price stability.",EnergyNow,What is the Strait of Hormuz and Why is it so Important for Oil?,"OPEC members Saudi Arabia, Iran, the United Arab Emirates, Kuwait and Iraq export most of their crude via the strait, mainly to Asia. The UAE and Saudi Arabia have sought to find other routes to bypass the strait.",2,"OPEC's key members are exploring alternative export routes to mitigate risks associated with the Strait of Hormuz, crucial for stabilizing global oil prices amid market disruptions.",2,Moderate,Positive,High
2025-06-22,"- **Geopolitical Tensions**: Escalating Israel-Iran conflict raises fears of supply disruptions, potentially driving oil prices to $120-$130 per barrel due to the strategic importance of the Strait of Hormuz.
- **Shipping Costs Surge**: Increased military actions in the region lead to higher shipping and insurance costs, impacting global oil logistics and pricing.
- **Labor Stability in Norway**: Averted strike through a wage agreement ensures production stability in the Norwegian oil sector, crucial for maintaining global supply.
- **U.S. Fossil Fuel Policy Shift**: Trump's 'drill, baby, drill' approach boosts U.S. fossil fuel production, positioning the country as a net exporter and enhancing resilience against market disruptions.
- **Economic Impact of Rising Prices**: Increasing oil prices contribute to currency depreciation (e.g., Indian rupee) and inflationary pressures, affecting global economic stability.
- **OPEC's Role**: OPEC's production strategy and spare capacity are vital for stabilizing prices amid geopolitical tensions and market disruptions.
- **Strait of Hormuz Significance**: Threats to block this chokepoint could lead to dramatic price increases and significant inflationary pressures in the U.S. economy.
- **Investment in Oil Sector**: Chevron's projected $10 billion cash flow increase and infrastructure developments signal strong investment opportunities in oil production and efficiency improvements.",OPEC's Production Strategy: Key to Stabilizing Global Oil Prices Amid Market Disruptions,"The Organization of the Petroleum Exporting Countries (OPEC) significantly influences global oil prices through its production quotas and strategic decisions. With a spare capacity exceeding 6 million barrels per day, OPEC can respond to market disruptions, particularly in the context of geopolitical tensions. The organization's ability to maintain production levels is crucial for stabilizing prices and mitigating risk premiums associated with supply disruptions. The expanded OPEC+ group, which includes non-OPEC members like Russia, further complicates oil pricing dynamics. Recent trends, such as the scheduled phase-out of OPEC+ production cuts, are expected to impact market supply and prices, especially as GDP growth in oil-dependent economies like Saudi Arabia is projected to rise. As OPEC continues to adjust its output in response to global demand, its decisions remain pivotal in shaping the crude oil market and ensuring price stability.",EnergyNow,Oil to Open Higher as US Strikes on Iran Boost Supply Risk Premium,"Brent has risen 11% while WTI has gained around 10% since the conflict began on June 13 with Israel targeting Iran's nuclear sites and Iranian missiles hitting buildings in Tel Aviv.
Currently stable supply conditions and the availability of spare production capacity among other OPEC members have limited oil's gains. Risk premiums have typically faded when no supply disruptions occurred, said Giovanni Staunovo, analyst at UBS.",2,"OPEC's stable supply conditions and spare production capacity have mitigated oil price increases despite geopolitical tensions, highlighting its crucial role in stabilizing global oil prices.",2,Moderate,Positive,High
2025-06-22,"- **Geopolitical Tensions**: Escalating Israel-Iran conflict raises fears of supply disruptions, potentially driving oil prices to $120-$130 per barrel due to the strategic importance of the Strait of Hormuz.
- **Shipping Costs Surge**: Increased military actions in the region lead to higher shipping and insurance costs, impacting global oil logistics and pricing.
- **Labor Stability in Norway**: Averted strike through a wage agreement ensures production stability in the Norwegian oil sector, crucial for maintaining global supply.
- **U.S. Fossil Fuel Policy Shift**: Trump's 'drill, baby, drill' approach boosts U.S. fossil fuel production, positioning the country as a net exporter and enhancing resilience against market disruptions.
- **Economic Impact of Rising Prices**: Increasing oil prices contribute to currency depreciation (e.g., Indian rupee) and inflationary pressures, affecting global economic stability.
- **OPEC's Role**: OPEC's production strategy and spare capacity are vital for stabilizing prices amid geopolitical tensions and market disruptions.
- **Strait of Hormuz Significance**: Threats to block this chokepoint could lead to dramatic price increases and significant inflationary pressures in the U.S. economy.
- **Investment in Oil Sector**: Chevron's projected $10 billion cash flow increase and infrastructure developments signal strong investment opportunities in oil production and efficiency improvements.",Rising Oil Prices Drive Currency Depreciation and Inflationary Pressures,"The economic implications of rising oil prices are significant, as evidenced by the recent depreciation of the Indian rupee against the dollar, which is linked to increasing crude oil prices amid geopolitical tensions. Analysts have identified crude oil prices as a major risk factor for currencies, with expectations of further weakening due to ongoing conflicts in the West Asian region. Additionally, higher oil prices are likely to exacerbate inflation, leading to increased costs for consumers and businesses, and potentially triggering economic downturns if these price increases persist. In countries like Australia, where the transport sector is heavily reliant on oil, prolonged price hikes can hinder economic growth and create inflationary pressures. The Reserve Bank of Australia's anticipated interest rate cuts in response to these challenges highlight the interconnectedness of oil prices and broader economic policies. This situation underscores the necessity for countries to prepare for the economic ramifications of fluctuating oil prices.",Moneycontrol.com via Web,"Strait of Hormuz situation to not affect India's oil supply, will ensure stability of fuel supplies: Hardeep Singh Puri","Moneycontrol had reported that due to the ever-changing geopolitical dynamics in the oil-rich Middle East region, the Indian oil refiners have tied-up for crude oil supply for the coming three months, and the country is also maintaining strategic oil reserves for emergency situations.",3,"Indian oil refiners secure crude oil supplies amid geopolitical tensions, highlighting the impact of rising oil prices on currency depreciation and inflationary pressures.",3,Moderate,Negative,High
2025-06-22,"- **Geopolitical Tensions**: Escalating Israel-Iran conflict raises fears of supply disruptions, potentially driving oil prices to $120-$130 per barrel due to the strategic importance of the Strait of Hormuz.
- **Shipping Costs Surge**: Increased military actions in the region lead to higher shipping and insurance costs, impacting global oil logistics and pricing.
- **Labor Stability in Norway**: Averted strike through a wage agreement ensures production stability in the Norwegian oil sector, crucial for maintaining global supply.
- **U.S. Fossil Fuel Policy Shift**: Trump's 'drill, baby, drill' approach boosts U.S. fossil fuel production, positioning the country as a net exporter and enhancing resilience against market disruptions.
- **Economic Impact of Rising Prices**: Increasing oil prices contribute to currency depreciation (e.g., Indian rupee) and inflationary pressures, affecting global economic stability.
- **OPEC's Role**: OPEC's production strategy and spare capacity are vital for stabilizing prices amid geopolitical tensions and market disruptions.
- **Strait of Hormuz Significance**: Threats to block this chokepoint could lead to dramatic price increases and significant inflationary pressures in the U.S. economy.
- **Investment in Oil Sector**: Chevron's projected $10 billion cash flow increase and infrastructure developments signal strong investment opportunities in oil production and efficiency improvements.",Iran's Threat to Block Strait of Hormuz Sparks Fears of $130 Oil and U.S. Inflation,"The Strait of Hormuz is a crucial maritime chokepoint for global oil supply, with over 20% of the world's oil and significant volumes of liquefied natural gas transiting through it. Recent military actions and threats from Iran to block this vital shipping lane have raised alarm among economists and market analysts regarding potential disruptions to oil flows. A closure of the Strait could lead to dramatic price increases, with projections suggesting prices could soar to $130 per barrel, thereby triggering inflationary pressures in the U.S. economy. This highlights the strategic importance of the Strait of Hormuz in maintaining global energy security and the stability of crude oil markets.",CNN,Oil futures surge following US strikes in Iran,"Economists are especially concerned about retaliations that could disrupt the flow of oil, which is heavily dependent on the strait.
During 2024 and the first quarter of 2025, more than 25% of seaborne oil trade flowed through the strait, according to the US Energy Information Administration. The US imported about 500,000 barrels per day through the strait, accounting for 7% of total US crude oil and condensate imports.",3,"Concerns over Iran's potential blockade of the Strait of Hormuz could disrupt over 25% of global seaborne oil trade, risking a surge in oil prices to $130 and exacerbating U.S. inflation.",3,Moderate,Positive,High
2025-06-23,"- **Escalating Israel-Iran Tensions**: Threats to block the Strait of Hormuz could drive oil prices to $120-$130 per barrel, creating a 'war premium' of $7-$8 per barrel due to fears of supply disruptions.
  
- **Venezuela's Oil Crisis**: Aging infrastructure and U.S. sanctions are severely limiting production, contributing to global market instability and potential price volatility.

- **Geopolitical Fluctuations**: Recent ceasefires have temporarily eased fears, causing crude prices to retreat to $64-$65 per barrel, but ongoing tensions remain a risk for future price spikes.

- **OPEC's Role**: With over 6 million barrels per day in spare capacity, OPEC's production strategies are crucial for stabilizing prices amid geopolitical uncertainties and market disruptions.

- **Market Sensitivity**: Crude oil prices are highly reactive to geopolitical events, with Brent prices recently dipping nearly $2 due to U.S. military involvement concerns, currently hovering between $73-76 per barrel.

- **Strait of Hormuz Significance**: Over 20% of global oil passes through this chokepoint; any disruption could lead to significant price increases and inflationary pressures in the U.S. economy. 

- **Technological Innovations**: Advances in sustainable oil recovery, such as RF XL 2.0, are reshaping production practices, aligning with global decarbonization efforts, but the industry's overall outlook remains bearish.",Escalating Israel-Iran Tensions Threaten to Drive Oil Prices to $120 per Barrel,"The ongoing tensions between Israel and Iran significantly impact global oil prices, primarily due to the strategic importance of the Strait of Hormuz, a vital shipping route through which a substantial portion of the world's oil supply is transported. Experts warn that escalating conflicts could disrupt oil shipments, potentially driving prices up to $120 per barrel. The situation is exacerbated by military actions, including missile strikes and U.S. military posturing, which have already led to increased volatility in oil markets. The fear of supply disruptions has created a 'war premium' of $7-$8 per barrel, reflecting the market's sensitivity to geopolitical developments. Countries heavily reliant on oil imports, such as India, face heightened vulnerability to price fluctuations driven by these tensions. Analysts are closely monitoring the situation, as any escalation could lead to significant price shocks and further complicate the delicate balance of oil supply and demand. Recent ceasefires have temporarily alleviated fears of immediate supply disruptions, resulting in price corrections, but the overall instability in the region continues to pose risks to global oil markets.",Alliance News,Trump calls for oil prices to be kept down after US strikes on Iran,"Iran is the ninth-biggest oil-producing country globally and exports just under half of the 3.3 million barrels it produces each day.
International benchmark crude contract Brent and US equivalent WTI both rocketed more than four percent to their highest price since January when trading opened on Monday.",6,"Iran's significant oil production and exports, coupled with rising crude prices amid escalating tensions with Israel, could push oil prices to $120 per barrel.",6,Old,Positive,High
2025-06-23,"- **Escalating Israel-Iran Tensions**: Threats to block the Strait of Hormuz could drive oil prices to $120-$130 per barrel, creating a 'war premium' of $7-$8 per barrel due to fears of supply disruptions.
  
- **Venezuela's Oil Crisis**: Aging infrastructure and U.S. sanctions are severely limiting production, contributing to global market instability and potential price volatility.

- **Geopolitical Fluctuations**: Recent ceasefires have temporarily eased fears, causing crude prices to retreat to $64-$65 per barrel, but ongoing tensions remain a risk for future price spikes.

- **OPEC's Role**: With over 6 million barrels per day in spare capacity, OPEC's production strategies are crucial for stabilizing prices amid geopolitical uncertainties and market disruptions.

- **Market Sensitivity**: Crude oil prices are highly reactive to geopolitical events, with Brent prices recently dipping nearly $2 due to U.S. military involvement concerns, currently hovering between $73-76 per barrel.

- **Strait of Hormuz Significance**: Over 20% of global oil passes through this chokepoint; any disruption could lead to significant price increases and inflationary pressures in the U.S. economy. 

- **Technological Innovations**: Advances in sustainable oil recovery, such as RF XL 2.0, are reshaping production practices, aligning with global decarbonization efforts, but the industry's overall outlook remains bearish.",Middle East Ceasefire Sparks Oil Price Fluctuations Amid Geopolitical Tensions,"The geopolitical landscape, particularly in the Middle East, significantly impacts global oil supply dynamics, with countries like India and South Korea heavily reliant on oil imports from this region. Recent developments, such as the ceasefire between Israel and Iran, have led to fluctuations in crude oil prices, retreating to $64-$65 per barrel, with analysts warning of potential declines below $60 if this range is breached. India's complex relationships with Gulf Cooperation Council (GCC) countries and its balancing act regarding Israel further complicate its crude oil import dynamics, highlighting the interconnectedness of international relations and energy markets. The Strait of Hormuz remains a critical chokepoint for global oil supply, with 18% of daily consumption passing through it, making any conflict involving Iran a significant risk for shortages and price spikes. Additionally, ongoing tensions between the US and Iran, including oil export restrictions, create market uncertainty, while China's continued import of Iranian crude complicates supply dynamics. Overall, geopolitical tensions and resolutions play a crucial role in shaping oil market volatility, affecting global supply and demand dynamics.",Japan Today,Asian countries most vulnerable to Strait of Hormuz blockade,"India India is highly dependent on the Strait of Hormuz, importing 2.1 million barrels of crude a day through the corridor in the first quarter, EIA data shows. Around 53 percent of India's imported oil in early 2025 came from Middle Eastern suppliers, particularly Iraq and Saudi Arabia, local media reported. Wary of an escalating conflict in the Middle East, New Delhi has increased its imports of Russian oil over the past three years. ""We have been closely monitoring the evolving geopolitical situation in the Middle East since the past two weeks,"" India's Minister of Petroleum and Natural Gas Hardeep Singh Puri said on Sunday.",3,India's heavy reliance on Middle Eastern oil imports and increased Russian oil purchases reflect its strategic response to ongoing geopolitical tensions and potential disruptions in the Strait of Hormuz.,3,Old,Positive,Medium
2025-06-23,"- **Escalating Israel-Iran Tensions**: Threats to block the Strait of Hormuz could drive oil prices to $120-$130 per barrel, creating a 'war premium' of $7-$8 per barrel due to fears of supply disruptions.
  
- **Venezuela's Oil Crisis**: Aging infrastructure and U.S. sanctions are severely limiting production, contributing to global market instability and potential price volatility.

- **Geopolitical Fluctuations**: Recent ceasefires have temporarily eased fears, causing crude prices to retreat to $64-$65 per barrel, but ongoing tensions remain a risk for future price spikes.

- **OPEC's Role**: With over 6 million barrels per day in spare capacity, OPEC's production strategies are crucial for stabilizing prices amid geopolitical uncertainties and market disruptions.

- **Market Sensitivity**: Crude oil prices are highly reactive to geopolitical events, with Brent prices recently dipping nearly $2 due to U.S. military involvement concerns, currently hovering between $73-76 per barrel.

- **Strait of Hormuz Significance**: Over 20% of global oil passes through this chokepoint; any disruption could lead to significant price increases and inflationary pressures in the U.S. economy. 

- **Technological Innovations**: Advances in sustainable oil recovery, such as RF XL 2.0, are reshaping production practices, aligning with global decarbonization efforts, but the industry's overall outlook remains bearish.",Escalating Israel-Iran Tensions Threaten to Drive Oil Prices to $120 per Barrel,"The ongoing tensions between Israel and Iran significantly impact global oil prices, primarily due to the strategic importance of the Strait of Hormuz, a vital shipping route through which a substantial portion of the world's oil supply is transported. Experts warn that escalating conflicts could disrupt oil shipments, potentially driving prices up to $120 per barrel. The situation is exacerbated by military actions, including missile strikes and U.S. military posturing, which have already led to increased volatility in oil markets. The fear of supply disruptions has created a 'war premium' of $7-$8 per barrel, reflecting the market's sensitivity to geopolitical developments. Countries heavily reliant on oil imports, such as India, face heightened vulnerability to price fluctuations driven by these tensions. Analysts are closely monitoring the situation, as any escalation could lead to significant price shocks and further complicate the delicate balance of oil supply and demand. Recent ceasefires have temporarily alleviated fears of immediate supply disruptions, resulting in price corrections, but the overall instability in the region continues to pose risks to global oil markets.",ABC News,What is the Strait of Hormuz and why does it matter?,"Oil prices could surge from a current level of about $74 per barrel up to $120 per barrel if the Israel-Iran conflict damages Iranian oil infrastructure or impedes the passage of some oil tankers in the Strait of Hormuz, Ramanan Krishnamoorti, a professor of petroleum engineering at the University of Houston, told ABC News.",6,"Escalating Israel-Iran tensions could lead to a significant rise in oil prices, potentially reaching $120 per barrel, if conflict disrupts Iranian oil infrastructure or tanker passage in the Strait of Hormuz.",6,Old,Positive,High
2025-06-23,"- **Escalating Israel-Iran Tensions**: Threats to block the Strait of Hormuz could drive oil prices to $120-$130 per barrel, creating a 'war premium' of $7-$8 per barrel due to fears of supply disruptions.
  
- **Venezuela's Oil Crisis**: Aging infrastructure and U.S. sanctions are severely limiting production, contributing to global market instability and potential price volatility.

- **Geopolitical Fluctuations**: Recent ceasefires have temporarily eased fears, causing crude prices to retreat to $64-$65 per barrel, but ongoing tensions remain a risk for future price spikes.

- **OPEC's Role**: With over 6 million barrels per day in spare capacity, OPEC's production strategies are crucial for stabilizing prices amid geopolitical uncertainties and market disruptions.

- **Market Sensitivity**: Crude oil prices are highly reactive to geopolitical events, with Brent prices recently dipping nearly $2 due to U.S. military involvement concerns, currently hovering between $73-76 per barrel.

- **Strait of Hormuz Significance**: Over 20% of global oil passes through this chokepoint; any disruption could lead to significant price increases and inflationary pressures in the U.S. economy. 

- **Technological Innovations**: Advances in sustainable oil recovery, such as RF XL 2.0, are reshaping production practices, aligning with global decarbonization efforts, but the industry's overall outlook remains bearish.",Escalating Israel-Iran Tensions Threaten to Drive Oil Prices to $120 per Barrel,"The ongoing tensions between Israel and Iran significantly impact global oil prices, primarily due to the strategic importance of the Strait of Hormuz, a vital shipping route through which a substantial portion of the world's oil supply is transported. Experts warn that escalating conflicts could disrupt oil shipments, potentially driving prices up to $120 per barrel. The situation is exacerbated by military actions, including missile strikes and U.S. military posturing, which have already led to increased volatility in oil markets. The fear of supply disruptions has created a 'war premium' of $7-$8 per barrel, reflecting the market's sensitivity to geopolitical developments. Countries heavily reliant on oil imports, such as India, face heightened vulnerability to price fluctuations driven by these tensions. Analysts are closely monitoring the situation, as any escalation could lead to significant price shocks and further complicate the delicate balance of oil supply and demand. Recent ceasefires have temporarily alleviated fears of immediate supply disruptions, resulting in price corrections, but the overall instability in the region continues to pose risks to global oil markets.",NBC Philadelphia,RBN Energy executive explains why Iran isn't likely to close the Strait of Hormuz,"If Iran were to close the strait and remove its oil from the market, the price of the commodity would rise, Braziel said. But the loss of so many barrels would make U.S. exports more valuable, he added.
Braziel also warned that the U.S.'s restrictions on ethane trade to China pose serious issues for exporters. Ethane is a natural gas used to produce a variety of items, including plastic. Production in the U.S. has boomed in recent years, and it sends the bulk of its exports to China. The new regulations are making global customers more reluctant to buy other energy products, Braziel said.",6,"Iran's potential closure of the Strait of Hormuz could significantly elevate oil prices, potentially reaching $120 per barrel, while U.S. export dynamics are complicated by new trade restrictions on ethane to China.",6,Old,Positive,High
2025-06-23,"- **Escalating Israel-Iran Tensions**: Threats to block the Strait of Hormuz could drive oil prices to $120-$130 per barrel, creating a 'war premium' of $7-$8 per barrel due to fears of supply disruptions.
  
- **Venezuela's Oil Crisis**: Aging infrastructure and U.S. sanctions are severely limiting production, contributing to global market instability and potential price volatility.

- **Geopolitical Fluctuations**: Recent ceasefires have temporarily eased fears, causing crude prices to retreat to $64-$65 per barrel, but ongoing tensions remain a risk for future price spikes.

- **OPEC's Role**: With over 6 million barrels per day in spare capacity, OPEC's production strategies are crucial for stabilizing prices amid geopolitical uncertainties and market disruptions.

- **Market Sensitivity**: Crude oil prices are highly reactive to geopolitical events, with Brent prices recently dipping nearly $2 due to U.S. military involvement concerns, currently hovering between $73-76 per barrel.

- **Strait of Hormuz Significance**: Over 20% of global oil passes through this chokepoint; any disruption could lead to significant price increases and inflationary pressures in the U.S. economy. 

- **Technological Innovations**: Advances in sustainable oil recovery, such as RF XL 2.0, are reshaping production practices, aligning with global decarbonization efforts, but the industry's overall outlook remains bearish.",Escalating Israel-Iran Tensions Threaten to Drive Oil Prices to $120 per Barrel,"The ongoing tensions between Israel and Iran significantly impact global oil prices, primarily due to the strategic importance of the Strait of Hormuz, a vital shipping route through which a substantial portion of the world's oil supply is transported. Experts warn that escalating conflicts could disrupt oil shipments, potentially driving prices up to $120 per barrel. The situation is exacerbated by military actions, including missile strikes and U.S. military posturing, which have already led to increased volatility in oil markets. The fear of supply disruptions has created a 'war premium' of $7-$8 per barrel, reflecting the market's sensitivity to geopolitical developments. Countries heavily reliant on oil imports, such as India, face heightened vulnerability to price fluctuations driven by these tensions. Analysts are closely monitoring the situation, as any escalation could lead to significant price shocks and further complicate the delicate balance of oil supply and demand. Recent ceasefires have temporarily alleviated fears of immediate supply disruptions, resulting in price corrections, but the overall instability in the region continues to pose risks to global oil markets.",Yahoo! Finance,Markets Gain on Muted Response from Iran,"Oil prices ratcheted down considerably today, helping equities improve their performance. At this point, any warlike shutdown of the Strait of Hormuz - which passes 20 million barrels of petroleum products per day, or nearly 30% of the world's oil trade - do not appear to be on the table. As a result, WTI spot crude prices fell -8% to $67.67 per barrel and Brent dropped -6.3%, to $67.73 per barrel.",6,"Recent declines in oil prices, despite ongoing Israel-Iran tensions, suggest that immediate threats to oil supply via the Strait of Hormuz are currently mitigated, with WTI and Brent crude prices falling significantly.",6,Old,Positive,High
2025-06-23,"- **Escalating Israel-Iran Tensions**: Threats to block the Strait of Hormuz could drive oil prices to $120-$130 per barrel, creating a 'war premium' of $7-$8 per barrel due to fears of supply disruptions.
  
- **Venezuela's Oil Crisis**: Aging infrastructure and U.S. sanctions are severely limiting production, contributing to global market instability and potential price volatility.

- **Geopolitical Fluctuations**: Recent ceasefires have temporarily eased fears, causing crude prices to retreat to $64-$65 per barrel, but ongoing tensions remain a risk for future price spikes.

- **OPEC's Role**: With over 6 million barrels per day in spare capacity, OPEC's production strategies are crucial for stabilizing prices amid geopolitical uncertainties and market disruptions.

- **Market Sensitivity**: Crude oil prices are highly reactive to geopolitical events, with Brent prices recently dipping nearly $2 due to U.S. military involvement concerns, currently hovering between $73-76 per barrel.

- **Strait of Hormuz Significance**: Over 20% of global oil passes through this chokepoint; any disruption could lead to significant price increases and inflationary pressures in the U.S. economy. 

- **Technological Innovations**: Advances in sustainable oil recovery, such as RF XL 2.0, are reshaping production practices, aligning with global decarbonization efforts, but the industry's overall outlook remains bearish.",Escalating Israel-Iran Tensions Threaten to Drive Oil Prices to $120 per Barrel,"The ongoing tensions between Israel and Iran significantly impact global oil prices, primarily due to the strategic importance of the Strait of Hormuz, a vital shipping route through which a substantial portion of the world's oil supply is transported. Experts warn that escalating conflicts could disrupt oil shipments, potentially driving prices up to $120 per barrel. The situation is exacerbated by military actions, including missile strikes and U.S. military posturing, which have already led to increased volatility in oil markets. The fear of supply disruptions has created a 'war premium' of $7-$8 per barrel, reflecting the market's sensitivity to geopolitical developments. Countries heavily reliant on oil imports, such as India, face heightened vulnerability to price fluctuations driven by these tensions. Analysts are closely monitoring the situation, as any escalation could lead to significant price shocks and further complicate the delicate balance of oil supply and demand. Recent ceasefires have temporarily alleviated fears of immediate supply disruptions, resulting in price corrections, but the overall instability in the region continues to pose risks to global oil markets.",Yahoo! Finance,'I'm watching!' Trump demands oil prices stay down after US strikes on Iran,"While Trump has pushed for greater US oil production, there has been some pushback from the producers themselves.
In a recent survey, oil and gas executives expressed frustration with the agenda, describing ""drill baby drill"" as being ""nothing short of a myth.""",6,"Oil and gas executives challenge Trump's push for increased US oil production, labeling the 'drill baby drill' mantra as a myth.",6,Old,Positive,High
2025-06-23,"- **Escalating Israel-Iran Tensions**: Threats to block the Strait of Hormuz could drive oil prices to $120-$130 per barrel, creating a 'war premium' of $7-$8 per barrel due to fears of supply disruptions.
  
- **Venezuela's Oil Crisis**: Aging infrastructure and U.S. sanctions are severely limiting production, contributing to global market instability and potential price volatility.

- **Geopolitical Fluctuations**: Recent ceasefires have temporarily eased fears, causing crude prices to retreat to $64-$65 per barrel, but ongoing tensions remain a risk for future price spikes.

- **OPEC's Role**: With over 6 million barrels per day in spare capacity, OPEC's production strategies are crucial for stabilizing prices amid geopolitical uncertainties and market disruptions.

- **Market Sensitivity**: Crude oil prices are highly reactive to geopolitical events, with Brent prices recently dipping nearly $2 due to U.S. military involvement concerns, currently hovering between $73-76 per barrel.

- **Strait of Hormuz Significance**: Over 20% of global oil passes through this chokepoint; any disruption could lead to significant price increases and inflationary pressures in the U.S. economy. 

- **Technological Innovations**: Advances in sustainable oil recovery, such as RF XL 2.0, are reshaping production practices, aligning with global decarbonization efforts, but the industry's overall outlook remains bearish.",Escalating Israel-Iran Tensions Threaten to Drive Oil Prices to $120 per Barrel,"The ongoing tensions between Israel and Iran significantly impact global oil prices, primarily due to the strategic importance of the Strait of Hormuz, a vital shipping route through which a substantial portion of the world's oil supply is transported. Experts warn that escalating conflicts could disrupt oil shipments, potentially driving prices up to $120 per barrel. The situation is exacerbated by military actions, including missile strikes and U.S. military posturing, which have already led to increased volatility in oil markets. The fear of supply disruptions has created a 'war premium' of $7-$8 per barrel, reflecting the market's sensitivity to geopolitical developments. Countries heavily reliant on oil imports, such as India, face heightened vulnerability to price fluctuations driven by these tensions. Analysts are closely monitoring the situation, as any escalation could lead to significant price shocks and further complicate the delicate balance of oil supply and demand. Recent ceasefires have temporarily alleviated fears of immediate supply disruptions, resulting in price corrections, but the overall instability in the region continues to pose risks to global oil markets.",Rigzone,Oil Tumbles 7% After Iran Spares Energy Sites,"Oil plunged by more than 7% as Iran's response to US military strikes spared energy infrastructure, allaying investor concerns that the conflict would severely disrupt supplies from the Middle East.
West Texas Intermediate slumped below $70 a barrel after Iran fired missiles at a US air base in Qatar in retaliation for President Donald Trump's weekend airstrikes on three of its nuclear facilities. Traders had initially feared that Iran's retaliatory response would involve a closure of the Strait of Hormuz chokepoint, through which about a fifth of the world's oil passes. The barrage was intercepted and did not result in any casualties, Qatar said.",6,"Iran's restrained military response to US strikes alleviated fears of major oil supply disruptions, causing a significant drop in oil prices despite ongoing tensions.",6,Old,Positive,High
2025-06-23,"- **Escalating Israel-Iran Tensions**: Threats to block the Strait of Hormuz could drive oil prices to $120-$130 per barrel, creating a 'war premium' of $7-$8 per barrel due to fears of supply disruptions.
  
- **Venezuela's Oil Crisis**: Aging infrastructure and U.S. sanctions are severely limiting production, contributing to global market instability and potential price volatility.

- **Geopolitical Fluctuations**: Recent ceasefires have temporarily eased fears, causing crude prices to retreat to $64-$65 per barrel, but ongoing tensions remain a risk for future price spikes.

- **OPEC's Role**: With over 6 million barrels per day in spare capacity, OPEC's production strategies are crucial for stabilizing prices amid geopolitical uncertainties and market disruptions.

- **Market Sensitivity**: Crude oil prices are highly reactive to geopolitical events, with Brent prices recently dipping nearly $2 due to U.S. military involvement concerns, currently hovering between $73-76 per barrel.

- **Strait of Hormuz Significance**: Over 20% of global oil passes through this chokepoint; any disruption could lead to significant price increases and inflationary pressures in the U.S. economy. 

- **Technological Innovations**: Advances in sustainable oil recovery, such as RF XL 2.0, are reshaping production practices, aligning with global decarbonization efforts, but the industry's overall outlook remains bearish.",Escalating Israel-Iran Tensions Threaten to Drive Oil Prices to $120 per Barrel,"The ongoing tensions between Israel and Iran significantly impact global oil prices, primarily due to the strategic importance of the Strait of Hormuz, a vital shipping route through which a substantial portion of the world's oil supply is transported. Experts warn that escalating conflicts could disrupt oil shipments, potentially driving prices up to $120 per barrel. The situation is exacerbated by military actions, including missile strikes and U.S. military posturing, which have already led to increased volatility in oil markets. The fear of supply disruptions has created a 'war premium' of $7-$8 per barrel, reflecting the market's sensitivity to geopolitical developments. Countries heavily reliant on oil imports, such as India, face heightened vulnerability to price fluctuations driven by these tensions. Analysts are closely monitoring the situation, as any escalation could lead to significant price shocks and further complicate the delicate balance of oil supply and demand. Recent ceasefires have temporarily alleviated fears of immediate supply disruptions, resulting in price corrections, but the overall instability in the region continues to pose risks to global oil markets.",Kazinform,Oil prices surge as U.S. joins strikes on Iran's nuclear sites,"Brent crude climbed to $78.53 a barrel, up nearly 2%, while U.S. West Texas Intermediate reached $75.35. Earlier in the session, both benchmarks hit five-month highs, driven by concerns over possible supply disruptions.",6,Brent crude and U.S. West Texas Intermediate oil prices surged to five-month highs amid rising concerns over supply disruptions linked to escalating Israel-Iran tensions.,6,Old,Positive,High
2025-06-23,"- **Escalating Israel-Iran Tensions**: Threats to block the Strait of Hormuz could drive oil prices to $120-$130 per barrel, creating a 'war premium' of $7-$8 per barrel due to fears of supply disruptions.
  
- **Venezuela's Oil Crisis**: Aging infrastructure and U.S. sanctions are severely limiting production, contributing to global market instability and potential price volatility.

- **Geopolitical Fluctuations**: Recent ceasefires have temporarily eased fears, causing crude prices to retreat to $64-$65 per barrel, but ongoing tensions remain a risk for future price spikes.

- **OPEC's Role**: With over 6 million barrels per day in spare capacity, OPEC's production strategies are crucial for stabilizing prices amid geopolitical uncertainties and market disruptions.

- **Market Sensitivity**: Crude oil prices are highly reactive to geopolitical events, with Brent prices recently dipping nearly $2 due to U.S. military involvement concerns, currently hovering between $73-76 per barrel.

- **Strait of Hormuz Significance**: Over 20% of global oil passes through this chokepoint; any disruption could lead to significant price increases and inflationary pressures in the U.S. economy. 

- **Technological Innovations**: Advances in sustainable oil recovery, such as RF XL 2.0, are reshaping production practices, aligning with global decarbonization efforts, but the industry's overall outlook remains bearish.",Escalating Israel-Iran Tensions Threaten to Drive Oil Prices to $120 per Barrel,"The ongoing tensions between Israel and Iran significantly impact global oil prices, primarily due to the strategic importance of the Strait of Hormuz, a vital shipping route through which a substantial portion of the world's oil supply is transported. Experts warn that escalating conflicts could disrupt oil shipments, potentially driving prices up to $120 per barrel. The situation is exacerbated by military actions, including missile strikes and U.S. military posturing, which have already led to increased volatility in oil markets. The fear of supply disruptions has created a 'war premium' of $7-$8 per barrel, reflecting the market's sensitivity to geopolitical developments. Countries heavily reliant on oil imports, such as India, face heightened vulnerability to price fluctuations driven by these tensions. Analysts are closely monitoring the situation, as any escalation could lead to significant price shocks and further complicate the delicate balance of oil supply and demand. Recent ceasefires have temporarily alleviated fears of immediate supply disruptions, resulting in price corrections, but the overall instability in the region continues to pose risks to global oil markets.",Benzinga,"Oil is trading lower amid hopes that Iran does not retaliate against the United States after it joined Israel in striking the country's main nuclear facilities. US Secretary of State Rubio urged China to help prevent Iran from closing the Strait of Hormuz as tankers slow navigation in the waterway. President Trump on Truth Social addressed the US Department of Energy and said ""DRILL, BABY, DRILL!!! And I mean NOW!!!""","Oil is trading lower amid hopes that Iran does not retaliate against the United States after it joined Israel in striking the country's main nuclear facilities. US Secretary of State Rubio urged China to help prevent Iran from closing the Strait of Hormuz as tankers slow navigation in the waterway. President Trump on Truth Social addressed the US Department of Energy and said ""DRILL, BABY, DRILL!!! And I mean NOW!!!""",6,"Amid escalating tensions between Israel and Iran, oil prices are pressured lower by hopes of no Iranian retaliation, while U.S. officials seek international support to ensure the Strait of Hormuz remains open for oil transport.",6,Old,Positive,High
2025-06-23,"- **Escalating Israel-Iran Tensions**: Threats to block the Strait of Hormuz could drive oil prices to $120-$130 per barrel, creating a 'war premium' of $7-$8 per barrel due to fears of supply disruptions.
  
- **Venezuela's Oil Crisis**: Aging infrastructure and U.S. sanctions are severely limiting production, contributing to global market instability and potential price volatility.

- **Geopolitical Fluctuations**: Recent ceasefires have temporarily eased fears, causing crude prices to retreat to $64-$65 per barrel, but ongoing tensions remain a risk for future price spikes.

- **OPEC's Role**: With over 6 million barrels per day in spare capacity, OPEC's production strategies are crucial for stabilizing prices amid geopolitical uncertainties and market disruptions.

- **Market Sensitivity**: Crude oil prices are highly reactive to geopolitical events, with Brent prices recently dipping nearly $2 due to U.S. military involvement concerns, currently hovering between $73-76 per barrel.

- **Strait of Hormuz Significance**: Over 20% of global oil passes through this chokepoint; any disruption could lead to significant price increases and inflationary pressures in the U.S. economy. 

- **Technological Innovations**: Advances in sustainable oil recovery, such as RF XL 2.0, are reshaping production practices, aligning with global decarbonization efforts, but the industry's overall outlook remains bearish.",Acceleware and Scovan's RF XL 2.0: A Game-Changer for Sustainable Oil Recovery,"Technological innovations in the oil sector are increasingly focused on sustainability and efficiency, exemplified by the partnership between Acceleware and Scovan to commercialize RF XL 2.0, a new enhanced oil recovery (EOR) technology. This initiative aims to improve oil sands extraction by enhancing efficiency and reducing emissions, aligning with global decarbonization efforts. The integration of carbon dioxide (CO2) in EOR techniques is also gaining traction, as it not only boosts hydrocarbon extraction from unconventional reservoirs but also facilitates carbon sequestration, addressing environmental concerns. Companies like Occidental Petroleum are leading these advancements, which have the potential to reshape oil production practices and contribute to more sustainable operations within the fossil fuel industry. As the industry faces pressure to balance production with environmental responsibilities, innovations like RF XL are critical in redefining operational strategies and investment in oil recovery methods.",Benzinga,Acceleware Announces Strategic Collaboration and Distribution Agreement with Scovan,"Added Donovan Nielsen, President of Scovan, ""This partnership supports Scovan's vision of the 'Facility of the Future' - one that is more sustainable, more efficient, smaller in footprint, faster to deliver, and more cost-effective. Innovation and calculated risk-taking are essential to unlocking new approaches to oil development and Scovan's collaboration with Acceleware reflects this mindset. While the technology is still proving its effectiveness in the field, we are excited by its potential and committed to supporting solutions that could reshape how in-situ oil sands extraction is done in the future.""",2,"Scovan's partnership with Acceleware on RF XL 2.0 aims to revolutionize sustainable oil recovery by promoting a more efficient, cost-effective, and environmentally friendly approach to in-situ oil sands extraction.",2,Moderate,Positive,High
2025-06-23,"- **Escalating Israel-Iran Tensions**: Threats to block the Strait of Hormuz could drive oil prices to $120-$130 per barrel, creating a 'war premium' of $7-$8 per barrel due to fears of supply disruptions.
  
- **Venezuela's Oil Crisis**: Aging infrastructure and U.S. sanctions are severely limiting production, contributing to global market instability and potential price volatility.

- **Geopolitical Fluctuations**: Recent ceasefires have temporarily eased fears, causing crude prices to retreat to $64-$65 per barrel, but ongoing tensions remain a risk for future price spikes.

- **OPEC's Role**: With over 6 million barrels per day in spare capacity, OPEC's production strategies are crucial for stabilizing prices amid geopolitical uncertainties and market disruptions.

- **Market Sensitivity**: Crude oil prices are highly reactive to geopolitical events, with Brent prices recently dipping nearly $2 due to U.S. military involvement concerns, currently hovering between $73-76 per barrel.

- **Strait of Hormuz Significance**: Over 20% of global oil passes through this chokepoint; any disruption could lead to significant price increases and inflationary pressures in the U.S. economy. 

- **Technological Innovations**: Advances in sustainable oil recovery, such as RF XL 2.0, are reshaping production practices, aligning with global decarbonization efforts, but the industry's overall outlook remains bearish.",Escalating Israel-Iran Tensions Threaten to Drive Oil Prices to $120 per Barrel,"The ongoing tensions between Israel and Iran significantly impact global oil prices, primarily due to the strategic importance of the Strait of Hormuz, a vital shipping route through which a substantial portion of the world's oil supply is transported. Experts warn that escalating conflicts could disrupt oil shipments, potentially driving prices up to $120 per barrel. The situation is exacerbated by military actions, including missile strikes and U.S. military posturing, which have already led to increased volatility in oil markets. The fear of supply disruptions has created a 'war premium' of $7-$8 per barrel, reflecting the market's sensitivity to geopolitical developments. Countries heavily reliant on oil imports, such as India, face heightened vulnerability to price fluctuations driven by these tensions. Analysts are closely monitoring the situation, as any escalation could lead to significant price shocks and further complicate the delicate balance of oil supply and demand. Recent ceasefires have temporarily alleviated fears of immediate supply disruptions, resulting in price corrections, but the overall instability in the region continues to pose risks to global oil markets.",AOL.com,Iran risks enraging China by closing Strait of Hormuz,"China, heavily dependent on oil shipments through the strait, would probably feel the impact most acutely as pressure mounts on its strategic petroleum reserves.
despite its anti-US rhetoric and strong political and trade ties with Iran",6,"China's reliance on oil shipments through the strait makes it particularly vulnerable to rising tensions between Israel and Iran, potentially impacting its strategic petroleum reserves.",6,Old,Positive,High
2025-06-23,"- **Escalating Israel-Iran Tensions**: Threats to block the Strait of Hormuz could drive oil prices to $120-$130 per barrel, creating a 'war premium' of $7-$8 per barrel due to fears of supply disruptions.
  
- **Venezuela's Oil Crisis**: Aging infrastructure and U.S. sanctions are severely limiting production, contributing to global market instability and potential price volatility.

- **Geopolitical Fluctuations**: Recent ceasefires have temporarily eased fears, causing crude prices to retreat to $64-$65 per barrel, but ongoing tensions remain a risk for future price spikes.

- **OPEC's Role**: With over 6 million barrels per day in spare capacity, OPEC's production strategies are crucial for stabilizing prices amid geopolitical uncertainties and market disruptions.

- **Market Sensitivity**: Crude oil prices are highly reactive to geopolitical events, with Brent prices recently dipping nearly $2 due to U.S. military involvement concerns, currently hovering between $73-76 per barrel.

- **Strait of Hormuz Significance**: Over 20% of global oil passes through this chokepoint; any disruption could lead to significant price increases and inflationary pressures in the U.S. economy. 

- **Technological Innovations**: Advances in sustainable oil recovery, such as RF XL 2.0, are reshaping production practices, aligning with global decarbonization efforts, but the industry's overall outlook remains bearish.",Venezuela's Oil Crisis: Aging Infrastructure and U.S. Sanctions Slash Production,"Venezuela's oil production faces significant challenges due to an aging refining network, frequent power outages, and the impact of U.S. sanctions that limit access to essential spare parts. Key facilities, such as the Cardon plant operated by PDVSA, are struggling to maintain operations, leading to reduced output that is critical for the country's economy. These infrastructural issues, compounded by years of underinvestment and mismanagement, not only hinder Venezuela's ability to process its heavy crude but also contribute to instability in the global oil market. As Venezuela attempts to revitalize its oil sector, the implications for global oil supply and prices are considerable, highlighting the vulnerabilities of oil-dependent economies and the potential for market volatility as production levels fluctuate.",Hydrocarbon Processing,Venezuela's second-largest refinery halted due to power blackout,"Venezuela's second-largest refinery, the 310,000-bpd Cardon plant operated by state company PDVSA, has been halted due to a power blackout, two sources with knowledge of operations said on Monday.
Venezuela's aging refining network has frequent outages after years of insufficient investment, mismanagement and U.S. sanctions preventing the import of spare parts. In recent months, Cardon has been key to processing feedstock from some of the Orinoco Belt's heavy crude projects.",1,The shutdown of Venezuela's Cardon refinery due to a power blackout highlights the critical impact of aging infrastructure and U.S. sanctions on the country's oil production capabilities.,1,Old,Negative,High
2025-06-23,"- **Escalating Israel-Iran Tensions**: Threats to block the Strait of Hormuz could drive oil prices to $120-$130 per barrel, creating a 'war premium' of $7-$8 per barrel due to fears of supply disruptions.
  
- **Venezuela's Oil Crisis**: Aging infrastructure and U.S. sanctions are severely limiting production, contributing to global market instability and potential price volatility.

- **Geopolitical Fluctuations**: Recent ceasefires have temporarily eased fears, causing crude prices to retreat to $64-$65 per barrel, but ongoing tensions remain a risk for future price spikes.

- **OPEC's Role**: With over 6 million barrels per day in spare capacity, OPEC's production strategies are crucial for stabilizing prices amid geopolitical uncertainties and market disruptions.

- **Market Sensitivity**: Crude oil prices are highly reactive to geopolitical events, with Brent prices recently dipping nearly $2 due to U.S. military involvement concerns, currently hovering between $73-76 per barrel.

- **Strait of Hormuz Significance**: Over 20% of global oil passes through this chokepoint; any disruption could lead to significant price increases and inflationary pressures in the U.S. economy. 

- **Technological Innovations**: Advances in sustainable oil recovery, such as RF XL 2.0, are reshaping production practices, aligning with global decarbonization efforts, but the industry's overall outlook remains bearish.",Escalating Israel-Iran Tensions Threaten to Drive Oil Prices to $120 per Barrel,"The ongoing tensions between Israel and Iran significantly impact global oil prices, primarily due to the strategic importance of the Strait of Hormuz, a vital shipping route through which a substantial portion of the world's oil supply is transported. Experts warn that escalating conflicts could disrupt oil shipments, potentially driving prices up to $120 per barrel. The situation is exacerbated by military actions, including missile strikes and U.S. military posturing, which have already led to increased volatility in oil markets. The fear of supply disruptions has created a 'war premium' of $7-$8 per barrel, reflecting the market's sensitivity to geopolitical developments. Countries heavily reliant on oil imports, such as India, face heightened vulnerability to price fluctuations driven by these tensions. Analysts are closely monitoring the situation, as any escalation could lead to significant price shocks and further complicate the delicate balance of oil supply and demand. Recent ceasefires have temporarily alleviated fears of immediate supply disruptions, resulting in price corrections, but the overall instability in the region continues to pose risks to global oil markets.",Investing.com via Web,US Strikes on Iran Intensify Oil Supply Risks,"This would leave governments having to coordinate a release of oil from strategic petroleum reserves. Obviously, this is only a temporary solution.
Higher prices would see a boost in US drilling activity, but it will take time for this additional supply to come to market. And the volumes will not be sufficient to offset losses through the Hormuz.
Under a successful blockade, we would expect to see trade up to $120/bbl in the short term. A prolonged outage (until the end of 2025) would likely see prices trading above $150/bbl to new record highs.",6,"Escalating tensions between Israel and Iran could lead to oil prices soaring to $120 per barrel, with potential for even higher prices if blockades disrupt supply through the Hormuz Strait.",6,Old,Positive,High
2025-06-23,"- **Escalating Israel-Iran Tensions**: Threats to block the Strait of Hormuz could drive oil prices to $120-$130 per barrel, creating a 'war premium' of $7-$8 per barrel due to fears of supply disruptions.
  
- **Venezuela's Oil Crisis**: Aging infrastructure and U.S. sanctions are severely limiting production, contributing to global market instability and potential price volatility.

- **Geopolitical Fluctuations**: Recent ceasefires have temporarily eased fears, causing crude prices to retreat to $64-$65 per barrel, but ongoing tensions remain a risk for future price spikes.

- **OPEC's Role**: With over 6 million barrels per day in spare capacity, OPEC's production strategies are crucial for stabilizing prices amid geopolitical uncertainties and market disruptions.

- **Market Sensitivity**: Crude oil prices are highly reactive to geopolitical events, with Brent prices recently dipping nearly $2 due to U.S. military involvement concerns, currently hovering between $73-76 per barrel.

- **Strait of Hormuz Significance**: Over 20% of global oil passes through this chokepoint; any disruption could lead to significant price increases and inflationary pressures in the U.S. economy. 

- **Technological Innovations**: Advances in sustainable oil recovery, such as RF XL 2.0, are reshaping production practices, aligning with global decarbonization efforts, but the industry's overall outlook remains bearish.",Acceleware and Scovan's RF XL 2.0: A Game-Changer for Sustainable Oil Recovery,"Technological innovations in the oil sector are increasingly focused on sustainability and efficiency, exemplified by the partnership between Acceleware and Scovan to commercialize RF XL 2.0, a new enhanced oil recovery (EOR) technology. This initiative aims to improve oil sands extraction by enhancing efficiency and reducing emissions, aligning with global decarbonization efforts. The integration of carbon dioxide (CO2) in EOR techniques is also gaining traction, as it not only boosts hydrocarbon extraction from unconventional reservoirs but also facilitates carbon sequestration, addressing environmental concerns. Companies like Occidental Petroleum are leading these advancements, which have the potential to reshape oil production practices and contribute to more sustainable operations within the fossil fuel industry. As the industry faces pressure to balance production with environmental responsibilities, innovations like RF XL are critical in redefining operational strategies and investment in oil recovery methods.",Yahoo! Finance,Acceleware Announces Strategic Collaboration and Distribution Agreement with Scovan,"The Acceleware team continues to actively look to acquire additional production rights to heavy oil assets in western Canada where they will deploy an RF XL 2.0 demonstration as an enhanced oil recovery method. This initiative provides an opportunity to deploy RF XL in a well-suited reservoir and earn oil production revenues, while offering the potential for multi-well expansion.
""This partnership is the first of several strategic steps to accelerate RF XL 2.0's path to market,"" said Geoff Clark, CEO of Acceleware. ""With the federal government's 'One Canadian Economy' Act placing a clear priority on decarbonized oil, the time to act is now. By engaging Scovan to fast-track commercialization, we aim to demonstrate both the economic viability and emissions-reduction potential of RF XL 2.0 - bringing this breakthrough technology to large-scale deployment within two years, not decades. We strongly believe that this Agreement adds significant value to Acceleware and to our shareholders by increasing our project delivery credibility, and providing strong backing that RF XL 2.0 can deliver for the industry.""",2,"Acceleware and Scovan's partnership aims to rapidly commercialize the RF XL 2.0 technology for enhanced oil recovery in western Canada, aligning with federal decarbonization goals and promising significant economic and environmental benefits.",2,Moderate,Positive,High
2025-06-23,"- **Escalating Israel-Iran Tensions**: Threats to block the Strait of Hormuz could drive oil prices to $120-$130 per barrel, creating a 'war premium' of $7-$8 per barrel due to fears of supply disruptions.
  
- **Venezuela's Oil Crisis**: Aging infrastructure and U.S. sanctions are severely limiting production, contributing to global market instability and potential price volatility.

- **Geopolitical Fluctuations**: Recent ceasefires have temporarily eased fears, causing crude prices to retreat to $64-$65 per barrel, but ongoing tensions remain a risk for future price spikes.

- **OPEC's Role**: With over 6 million barrels per day in spare capacity, OPEC's production strategies are crucial for stabilizing prices amid geopolitical uncertainties and market disruptions.

- **Market Sensitivity**: Crude oil prices are highly reactive to geopolitical events, with Brent prices recently dipping nearly $2 due to U.S. military involvement concerns, currently hovering between $73-76 per barrel.

- **Strait of Hormuz Significance**: Over 20% of global oil passes through this chokepoint; any disruption could lead to significant price increases and inflationary pressures in the U.S. economy. 

- **Technological Innovations**: Advances in sustainable oil recovery, such as RF XL 2.0, are reshaping production practices, aligning with global decarbonization efforts, but the industry's overall outlook remains bearish.",Escalating Israel-Iran Tensions Threaten to Drive Oil Prices to $120 per Barrel,"The ongoing tensions between Israel and Iran significantly impact global oil prices, primarily due to the strategic importance of the Strait of Hormuz, a vital shipping route through which a substantial portion of the world's oil supply is transported. Experts warn that escalating conflicts could disrupt oil shipments, potentially driving prices up to $120 per barrel. The situation is exacerbated by military actions, including missile strikes and U.S. military posturing, which have already led to increased volatility in oil markets. The fear of supply disruptions has created a 'war premium' of $7-$8 per barrel, reflecting the market's sensitivity to geopolitical developments. Countries heavily reliant on oil imports, such as India, face heightened vulnerability to price fluctuations driven by these tensions. Analysts are closely monitoring the situation, as any escalation could lead to significant price shocks and further complicate the delicate balance of oil supply and demand. Recent ceasefires have temporarily alleviated fears of immediate supply disruptions, resulting in price corrections, but the overall instability in the region continues to pose risks to global oil markets.",The Manila Times,"Trump's airstrike on Iran, crypto investors flock to Blockchain Cloud Mining for risk aversion This crypto market is shaken","When will the next impact come?
Will Iran retaliate? Will the United States expand its military operations? Will OPEC intervene in the crude oil market? There are no answers to these. But what can be confirmed is that the logic of war is diffuse, and the sense of security of assets is scarce.",6,"Uncertainty surrounding potential Iranian retaliation and U.S. military actions, coupled with OPEC's possible intervention, heightens concerns that escalating Israel-Iran tensions could push oil prices to $120 per barrel.",6,Old,Positive,High
2025-06-23,"- **Escalating Israel-Iran Tensions**: Threats to block the Strait of Hormuz could drive oil prices to $120-$130 per barrel, creating a 'war premium' of $7-$8 per barrel due to fears of supply disruptions.
  
- **Venezuela's Oil Crisis**: Aging infrastructure and U.S. sanctions are severely limiting production, contributing to global market instability and potential price volatility.

- **Geopolitical Fluctuations**: Recent ceasefires have temporarily eased fears, causing crude prices to retreat to $64-$65 per barrel, but ongoing tensions remain a risk for future price spikes.

- **OPEC's Role**: With over 6 million barrels per day in spare capacity, OPEC's production strategies are crucial for stabilizing prices amid geopolitical uncertainties and market disruptions.

- **Market Sensitivity**: Crude oil prices are highly reactive to geopolitical events, with Brent prices recently dipping nearly $2 due to U.S. military involvement concerns, currently hovering between $73-76 per barrel.

- **Strait of Hormuz Significance**: Over 20% of global oil passes through this chokepoint; any disruption could lead to significant price increases and inflationary pressures in the U.S. economy. 

- **Technological Innovations**: Advances in sustainable oil recovery, such as RF XL 2.0, are reshaping production practices, aligning with global decarbonization efforts, but the industry's overall outlook remains bearish.",Escalating Israel-Iran Tensions Threaten to Drive Oil Prices to $120 per Barrel,"The ongoing tensions between Israel and Iran significantly impact global oil prices, primarily due to the strategic importance of the Strait of Hormuz, a vital shipping route through which a substantial portion of the world's oil supply is transported. Experts warn that escalating conflicts could disrupt oil shipments, potentially driving prices up to $120 per barrel. The situation is exacerbated by military actions, including missile strikes and U.S. military posturing, which have already led to increased volatility in oil markets. The fear of supply disruptions has created a 'war premium' of $7-$8 per barrel, reflecting the market's sensitivity to geopolitical developments. Countries heavily reliant on oil imports, such as India, face heightened vulnerability to price fluctuations driven by these tensions. Analysts are closely monitoring the situation, as any escalation could lead to significant price shocks and further complicate the delicate balance of oil supply and demand. Recent ceasefires have temporarily alleviated fears of immediate supply disruptions, resulting in price corrections, but the overall instability in the region continues to pose risks to global oil markets.",NBC San Diego,RBN Energy executive explains why Iran isn't likely to close the Strait of Hormuz,"Get top local San Diego stories delivered to you every morning with our News Headlines newsletter. SIGN UP According to Braziel, Iran has threatened to close the Strait of Hormuz when a major conflict arises for more than 20 years. He said the county has never actually closed it because it has a lot to lose from such action, saying that Iran exports 1.7 million barrels a day through the strait. The market has also concluded that Iran won't close the strait, Braziel continued, pointing out that oil prices dropped on Monday.",6,"Despite Iran's longstanding threats to close the Strait of Hormuz amid escalating tensions with Israel, market confidence remains that such actions are unlikely, contributing to recent drops in oil prices.",6,Old,Positive,High
2025-06-23,"- **Escalating Israel-Iran Tensions**: Threats to block the Strait of Hormuz could drive oil prices to $120-$130 per barrel, creating a 'war premium' of $7-$8 per barrel due to fears of supply disruptions.
  
- **Venezuela's Oil Crisis**: Aging infrastructure and U.S. sanctions are severely limiting production, contributing to global market instability and potential price volatility.

- **Geopolitical Fluctuations**: Recent ceasefires have temporarily eased fears, causing crude prices to retreat to $64-$65 per barrel, but ongoing tensions remain a risk for future price spikes.

- **OPEC's Role**: With over 6 million barrels per day in spare capacity, OPEC's production strategies are crucial for stabilizing prices amid geopolitical uncertainties and market disruptions.

- **Market Sensitivity**: Crude oil prices are highly reactive to geopolitical events, with Brent prices recently dipping nearly $2 due to U.S. military involvement concerns, currently hovering between $73-76 per barrel.

- **Strait of Hormuz Significance**: Over 20% of global oil passes through this chokepoint; any disruption could lead to significant price increases and inflationary pressures in the U.S. economy. 

- **Technological Innovations**: Advances in sustainable oil recovery, such as RF XL 2.0, are reshaping production practices, aligning with global decarbonization efforts, but the industry's overall outlook remains bearish.",Geopolitical Tensions Drive Crude Oil Price Volatility Amid Market Uncertainty,"Recent fluctuations in crude oil prices, particularly Brent and WTI, have been significantly influenced by geopolitical tensions, such as the Israel-Iran conflict, and market reactions to these events. For instance, Brent prices dipped nearly $2 following uncertainty regarding U.S. military involvement, highlighting the market's sensitivity to geopolitical developments. Currently, Brent crude prices hover between $73-76 per barrel, reflecting ongoing volatility driven by factors like OPEC+ production decisions and seasonal energy demands. The interplay between supply and demand is crucial, as evidenced by the sharp declines in oil prices, which have also impacted related markets, such as soybean oil. Additionally, increased speculative trading in Nymex light sweet crude indicates heightened investor interest, with traders boosting long positions in anticipation of future price movements. However, the oil and gas industry faces a bearish outlook, with declining stock performance and negative earnings forecasts, compounded by the IEA's prediction of peak oil demand by 2030. This complex landscape underscores the importance of market sentiment and geopolitical events in shaping oil price trajectories and the broader economic implications across various sectors.",Channel NewsAsia via Web,"Oil settles down 7% after Iran attacks US military base in Qatar, not tankers","Brent crude futures LCOc1 closed down US$5.53, or 7.2 percent, at US$71.48 a barrel, while US West Texas Intermediate crude (WTI) CLc1 eased US$5.53, or 7.2 percent, to US$68.51.
Brent's 7.2 percent drop was the steepest since August 2022. The benchmark traded in a US$10 range, the widest since July 2022.",6,"Brent and WTI crude oil prices experienced a significant 7.2% decline, marking the steepest drop since August 2022, amid heightened geopolitical tensions and market uncertainty.",6,Moderate,Positive,High
2025-06-23,"- **Escalating Israel-Iran Tensions**: Threats to block the Strait of Hormuz could drive oil prices to $120-$130 per barrel, creating a 'war premium' of $7-$8 per barrel due to fears of supply disruptions.
  
- **Venezuela's Oil Crisis**: Aging infrastructure and U.S. sanctions are severely limiting production, contributing to global market instability and potential price volatility.

- **Geopolitical Fluctuations**: Recent ceasefires have temporarily eased fears, causing crude prices to retreat to $64-$65 per barrel, but ongoing tensions remain a risk for future price spikes.

- **OPEC's Role**: With over 6 million barrels per day in spare capacity, OPEC's production strategies are crucial for stabilizing prices amid geopolitical uncertainties and market disruptions.

- **Market Sensitivity**: Crude oil prices are highly reactive to geopolitical events, with Brent prices recently dipping nearly $2 due to U.S. military involvement concerns, currently hovering between $73-76 per barrel.

- **Strait of Hormuz Significance**: Over 20% of global oil passes through this chokepoint; any disruption could lead to significant price increases and inflationary pressures in the U.S. economy. 

- **Technological Innovations**: Advances in sustainable oil recovery, such as RF XL 2.0, are reshaping production practices, aligning with global decarbonization efforts, but the industry's overall outlook remains bearish.",Escalating Israel-Iran Tensions Threaten to Drive Oil Prices to $120 per Barrel,"The ongoing tensions between Israel and Iran significantly impact global oil prices, primarily due to the strategic importance of the Strait of Hormuz, a vital shipping route through which a substantial portion of the world's oil supply is transported. Experts warn that escalating conflicts could disrupt oil shipments, potentially driving prices up to $120 per barrel. The situation is exacerbated by military actions, including missile strikes and U.S. military posturing, which have already led to increased volatility in oil markets. The fear of supply disruptions has created a 'war premium' of $7-$8 per barrel, reflecting the market's sensitivity to geopolitical developments. Countries heavily reliant on oil imports, such as India, face heightened vulnerability to price fluctuations driven by these tensions. Analysts are closely monitoring the situation, as any escalation could lead to significant price shocks and further complicate the delicate balance of oil supply and demand. Recent ceasefires have temporarily alleviated fears of immediate supply disruptions, resulting in price corrections, but the overall instability in the region continues to pose risks to global oil markets.",Benzinga,"Crescent Energy Announces Tender Offer For Up To $500,000,000 of Its 9.250% Senior Notes Due 2028","A number of factors could cause actual results to differ materially from the expectations, anticipated results or other forward-looking information expressed in this communication, including weather, political and general economic conditions and events in the U.S. and in foreign oil producing companies, including the impact of inflation, elevated interest rates and associated changes in monetary policy; changes in tariffs, trade barriers, price and exchange controls and other regulatory requirements; federal and state regulations and laws, including the Inflation Reduction Act of 2022, taxes, tariffs and international trade, safety and the protection of the environment; the impact of disruptions in the capital markets; geopolitical events such as the armed conflict in Ukraine, the Israel-Hamas conflict and increased hostilities in the Middle East, including heightened tensions with Iran; actions by the Organization of the Petroleum Exporting Countries (""OPEC"") and non-OPEC oil-producing countries, including the agreement by OPEC to phase out production cuts; the availability of drilling, completion and operating equipment and services; reliance on the Company's external manager; commodity price volatility, the severity and duration of public health crises; and the risks associated with commodity pricing and the Company's hedging strategy, the timing and success of business development efforts, including acquisition and disposition opportunities, our ability to integrate operations or realize any anticipated operational or corporate synergies and other benefits from recent acquisitions.",2,"Geopolitical tensions, particularly between Israel and Iran, alongside various economic factors, could significantly impact oil prices, potentially driving them to $120 per barrel.",2,Old,Positive,High
2025-06-23,"- **Escalating Israel-Iran Tensions**: Threats to block the Strait of Hormuz could drive oil prices to $120-$130 per barrel, creating a 'war premium' of $7-$8 per barrel due to fears of supply disruptions.
  
- **Venezuela's Oil Crisis**: Aging infrastructure and U.S. sanctions are severely limiting production, contributing to global market instability and potential price volatility.

- **Geopolitical Fluctuations**: Recent ceasefires have temporarily eased fears, causing crude prices to retreat to $64-$65 per barrel, but ongoing tensions remain a risk for future price spikes.

- **OPEC's Role**: With over 6 million barrels per day in spare capacity, OPEC's production strategies are crucial for stabilizing prices amid geopolitical uncertainties and market disruptions.

- **Market Sensitivity**: Crude oil prices are highly reactive to geopolitical events, with Brent prices recently dipping nearly $2 due to U.S. military involvement concerns, currently hovering between $73-76 per barrel.

- **Strait of Hormuz Significance**: Over 20% of global oil passes through this chokepoint; any disruption could lead to significant price increases and inflationary pressures in the U.S. economy. 

- **Technological Innovations**: Advances in sustainable oil recovery, such as RF XL 2.0, are reshaping production practices, aligning with global decarbonization efforts, but the industry's overall outlook remains bearish.",Middle East Ceasefire Sparks Oil Price Fluctuations Amid Geopolitical Tensions,"The geopolitical landscape, particularly in the Middle East, significantly impacts global oil supply dynamics, with countries like India and South Korea heavily reliant on oil imports from this region. Recent developments, such as the ceasefire between Israel and Iran, have led to fluctuations in crude oil prices, retreating to $64-$65 per barrel, with analysts warning of potential declines below $60 if this range is breached. India's complex relationships with Gulf Cooperation Council (GCC) countries and its balancing act regarding Israel further complicate its crude oil import dynamics, highlighting the interconnectedness of international relations and energy markets. The Strait of Hormuz remains a critical chokepoint for global oil supply, with 18% of daily consumption passing through it, making any conflict involving Iran a significant risk for shortages and price spikes. Additionally, ongoing tensions between the US and Iran, including oil export restrictions, create market uncertainty, while China's continued import of Iranian crude complicates supply dynamics. Overall, geopolitical tensions and resolutions play a crucial role in shaping oil market volatility, affecting global supply and demand dynamics.",Japan Today,Asian countries most vulnerable to Strait of Hormuz blockade,"""We have diversified our supplies in the past few years and a large volume of our supplies do not come through the Strait of Hormuz now,"" he wrote on X, adding ""We will take all necessary steps to ensure stability of supplies of fuel to our citizens."" South Korea Around 68 percent of South Korea's crude oil imports pass through the Strait of Hormuz -- 1.7 million barrels a day this year, according to the EIA. South Korea is particularly dependent on its main supplier Saudi Arabia, which last year accounted for a third of its oil imports. Seoul's trade and energy ministry said there have been ""no disruptions so far in South Korea's crude oil and LNG imports"" but ""given the possibility of a supply crisis"", officials were ""planning for potential disruptions in the Strait of Hormuz"".",3,"South Korea, heavily reliant on oil imports from the Strait of Hormuz, is preparing for potential supply disruptions amid ongoing geopolitical tensions, despite current stability in crude oil and LNG imports.",3,Old,Positive,Medium
2025-06-23,"- **Escalating Israel-Iran Tensions**: Threats to block the Strait of Hormuz could drive oil prices to $120-$130 per barrel, creating a 'war premium' of $7-$8 per barrel due to fears of supply disruptions.
  
- **Venezuela's Oil Crisis**: Aging infrastructure and U.S. sanctions are severely limiting production, contributing to global market instability and potential price volatility.

- **Geopolitical Fluctuations**: Recent ceasefires have temporarily eased fears, causing crude prices to retreat to $64-$65 per barrel, but ongoing tensions remain a risk for future price spikes.

- **OPEC's Role**: With over 6 million barrels per day in spare capacity, OPEC's production strategies are crucial for stabilizing prices amid geopolitical uncertainties and market disruptions.

- **Market Sensitivity**: Crude oil prices are highly reactive to geopolitical events, with Brent prices recently dipping nearly $2 due to U.S. military involvement concerns, currently hovering between $73-76 per barrel.

- **Strait of Hormuz Significance**: Over 20% of global oil passes through this chokepoint; any disruption could lead to significant price increases and inflationary pressures in the U.S. economy. 

- **Technological Innovations**: Advances in sustainable oil recovery, such as RF XL 2.0, are reshaping production practices, aligning with global decarbonization efforts, but the industry's overall outlook remains bearish.",Geopolitical Tensions Drive Crude Oil Price Volatility Amid Market Uncertainty,"Recent fluctuations in crude oil prices, particularly Brent and WTI, have been significantly influenced by geopolitical tensions, such as the Israel-Iran conflict, and market reactions to these events. For instance, Brent prices dipped nearly $2 following uncertainty regarding U.S. military involvement, highlighting the market's sensitivity to geopolitical developments. Currently, Brent crude prices hover between $73-76 per barrel, reflecting ongoing volatility driven by factors like OPEC+ production decisions and seasonal energy demands. The interplay between supply and demand is crucial, as evidenced by the sharp declines in oil prices, which have also impacted related markets, such as soybean oil. Additionally, increased speculative trading in Nymex light sweet crude indicates heightened investor interest, with traders boosting long positions in anticipation of future price movements. However, the oil and gas industry faces a bearish outlook, with declining stock performance and negative earnings forecasts, compounded by the IEA's prediction of peak oil demand by 2030. This complex landscape underscores the importance of market sentiment and geopolitical events in shaping oil price trajectories and the broader economic implications across various sectors.",Yahoo! Finance,Oil prices could spike amid US strikes on Iran nuclear sites. What we know,"By the numbers: The Associated Press reported Monday thatthe price of a barrel of U.S. oil was down 0.4% at $73.56. Brent crude, the international standard, fell by 0.2% to $76.82 per barrel. Oil prices remain above where they were before the Israel-Iran conflict began, when a barrel of U.S. crude oil was close to $68.",6,"Current crude oil prices show slight declines amid ongoing geopolitical tensions, yet remain elevated compared to pre-conflict levels, highlighting market volatility.",6,Moderate,Positive,High
2025-06-23,"- **Escalating Israel-Iran Tensions**: Threats to block the Strait of Hormuz could drive oil prices to $120-$130 per barrel, creating a 'war premium' of $7-$8 per barrel due to fears of supply disruptions.
  
- **Venezuela's Oil Crisis**: Aging infrastructure and U.S. sanctions are severely limiting production, contributing to global market instability and potential price volatility.

- **Geopolitical Fluctuations**: Recent ceasefires have temporarily eased fears, causing crude prices to retreat to $64-$65 per barrel, but ongoing tensions remain a risk for future price spikes.

- **OPEC's Role**: With over 6 million barrels per day in spare capacity, OPEC's production strategies are crucial for stabilizing prices amid geopolitical uncertainties and market disruptions.

- **Market Sensitivity**: Crude oil prices are highly reactive to geopolitical events, with Brent prices recently dipping nearly $2 due to U.S. military involvement concerns, currently hovering between $73-76 per barrel.

- **Strait of Hormuz Significance**: Over 20% of global oil passes through this chokepoint; any disruption could lead to significant price increases and inflationary pressures in the U.S. economy. 

- **Technological Innovations**: Advances in sustainable oil recovery, such as RF XL 2.0, are reshaping production practices, aligning with global decarbonization efforts, but the industry's overall outlook remains bearish.",Geopolitical Tensions Drive Crude Oil Price Volatility Amid Market Uncertainty,"Recent fluctuations in crude oil prices, particularly Brent and WTI, have been significantly influenced by geopolitical tensions, such as the Israel-Iran conflict, and market reactions to these events. For instance, Brent prices dipped nearly $2 following uncertainty regarding U.S. military involvement, highlighting the market's sensitivity to geopolitical developments. Currently, Brent crude prices hover between $73-76 per barrel, reflecting ongoing volatility driven by factors like OPEC+ production decisions and seasonal energy demands. The interplay between supply and demand is crucial, as evidenced by the sharp declines in oil prices, which have also impacted related markets, such as soybean oil. Additionally, increased speculative trading in Nymex light sweet crude indicates heightened investor interest, with traders boosting long positions in anticipation of future price movements. However, the oil and gas industry faces a bearish outlook, with declining stock performance and negative earnings forecasts, compounded by the IEA's prediction of peak oil demand by 2030. This complex landscape underscores the importance of market sentiment and geopolitical events in shaping oil price trajectories and the broader economic implications across various sectors.",NewsMax.com,Crude Oil Futures Fall Over $3 as Iran-Israel Ceasefire Announced,"U.S. West Texas Intermediate crude fell $3.05, or 4.45%, to $65.46 per barrel as of 1026 GMT, after hitting its lowest level since June 11 earlier in the session.
The contract settled over 7% lower in the previous session.",6,"U.S. crude oil prices dropped significantly, reflecting heightened volatility driven by geopolitical tensions and market uncertainty.",6,Moderate,Positive,High
2025-06-23,"- **Escalating Israel-Iran Tensions**: Threats to block the Strait of Hormuz could drive oil prices to $120-$130 per barrel, creating a 'war premium' of $7-$8 per barrel due to fears of supply disruptions.
  
- **Venezuela's Oil Crisis**: Aging infrastructure and U.S. sanctions are severely limiting production, contributing to global market instability and potential price volatility.

- **Geopolitical Fluctuations**: Recent ceasefires have temporarily eased fears, causing crude prices to retreat to $64-$65 per barrel, but ongoing tensions remain a risk for future price spikes.

- **OPEC's Role**: With over 6 million barrels per day in spare capacity, OPEC's production strategies are crucial for stabilizing prices amid geopolitical uncertainties and market disruptions.

- **Market Sensitivity**: Crude oil prices are highly reactive to geopolitical events, with Brent prices recently dipping nearly $2 due to U.S. military involvement concerns, currently hovering between $73-76 per barrel.

- **Strait of Hormuz Significance**: Over 20% of global oil passes through this chokepoint; any disruption could lead to significant price increases and inflationary pressures in the U.S. economy. 

- **Technological Innovations**: Advances in sustainable oil recovery, such as RF XL 2.0, are reshaping production practices, aligning with global decarbonization efforts, but the industry's overall outlook remains bearish.",Geopolitical Tensions Drive Crude Oil Price Volatility Amid Market Uncertainty,"Recent fluctuations in crude oil prices, particularly Brent and WTI, have been significantly influenced by geopolitical tensions, such as the Israel-Iran conflict, and market reactions to these events. For instance, Brent prices dipped nearly $2 following uncertainty regarding U.S. military involvement, highlighting the market's sensitivity to geopolitical developments. Currently, Brent crude prices hover between $73-76 per barrel, reflecting ongoing volatility driven by factors like OPEC+ production decisions and seasonal energy demands. The interplay between supply and demand is crucial, as evidenced by the sharp declines in oil prices, which have also impacted related markets, such as soybean oil. Additionally, increased speculative trading in Nymex light sweet crude indicates heightened investor interest, with traders boosting long positions in anticipation of future price movements. However, the oil and gas industry faces a bearish outlook, with declining stock performance and negative earnings forecasts, compounded by the IEA's prediction of peak oil demand by 2030. This complex landscape underscores the importance of market sentiment and geopolitical events in shaping oil price trajectories and the broader economic implications across various sectors.",gCaptain,Oil Sinks After Iran Targets U.S. Base-Not Tankers,"Brent's 7.2% drop was the steepest since August 2022. The benchmark traded in a $10 range, the widest since July 2022.
Both benchmarks were down nearly 9% in after-hours trading.
""Oil flows for now aren't the primary target and are likely not to be impacted, I think it's going to be military retaliation on U.S. bases and/or trying to hit more of the Israeli civilian targets,"" said John Kilduff, a partner at Again Capital.",6,"Brent crude oil prices experienced a significant 7.2% drop, the largest since August 2022, amid geopolitical tensions, with analysts suggesting military actions rather than oil flows will dominate the current volatility.",6,Moderate,Positive,High
2025-06-23,"- **Escalating Israel-Iran Tensions**: Threats to block the Strait of Hormuz could drive oil prices to $120-$130 per barrel, creating a 'war premium' of $7-$8 per barrel due to fears of supply disruptions.
  
- **Venezuela's Oil Crisis**: Aging infrastructure and U.S. sanctions are severely limiting production, contributing to global market instability and potential price volatility.

- **Geopolitical Fluctuations**: Recent ceasefires have temporarily eased fears, causing crude prices to retreat to $64-$65 per barrel, but ongoing tensions remain a risk for future price spikes.

- **OPEC's Role**: With over 6 million barrels per day in spare capacity, OPEC's production strategies are crucial for stabilizing prices amid geopolitical uncertainties and market disruptions.

- **Market Sensitivity**: Crude oil prices are highly reactive to geopolitical events, with Brent prices recently dipping nearly $2 due to U.S. military involvement concerns, currently hovering between $73-76 per barrel.

- **Strait of Hormuz Significance**: Over 20% of global oil passes through this chokepoint; any disruption could lead to significant price increases and inflationary pressures in the U.S. economy. 

- **Technological Innovations**: Advances in sustainable oil recovery, such as RF XL 2.0, are reshaping production practices, aligning with global decarbonization efforts, but the industry's overall outlook remains bearish.",Geopolitical Tensions Drive Crude Oil Price Volatility Amid Market Uncertainty,"Recent fluctuations in crude oil prices, particularly Brent and WTI, have been significantly influenced by geopolitical tensions, such as the Israel-Iran conflict, and market reactions to these events. For instance, Brent prices dipped nearly $2 following uncertainty regarding U.S. military involvement, highlighting the market's sensitivity to geopolitical developments. Currently, Brent crude prices hover between $73-76 per barrel, reflecting ongoing volatility driven by factors like OPEC+ production decisions and seasonal energy demands. The interplay between supply and demand is crucial, as evidenced by the sharp declines in oil prices, which have also impacted related markets, such as soybean oil. Additionally, increased speculative trading in Nymex light sweet crude indicates heightened investor interest, with traders boosting long positions in anticipation of future price movements. However, the oil and gas industry faces a bearish outlook, with declining stock performance and negative earnings forecasts, compounded by the IEA's prediction of peak oil demand by 2030. This complex landscape underscores the importance of market sentiment and geopolitical events in shaping oil price trajectories and the broader economic implications across various sectors.",Channel NewsAsia via Web,"Oil settles down 7% after Iran attacks US military base in Qatar, not tankers","HOUSTON: Oil prices settled down more than 7 percent on Monday (Jun 23), losing more than US$5 a barrel after Iran took no action to disrupt oil and gas tanker traffic through the Strait of Hormuz, but instead attacked a US military base in Qatar in retaliation for US attacks on its nuclear facilities.",6,"Oil prices fell over 7% as Iran's military actions shifted focus from disrupting tanker traffic to targeting a US base, highlighting the impact of geopolitical tensions on market volatility.",6,Moderate,Positive,High
2025-06-23,"- **Escalating Israel-Iran Tensions**: Threats to block the Strait of Hormuz could drive oil prices to $120-$130 per barrel, creating a 'war premium' of $7-$8 per barrel due to fears of supply disruptions.
  
- **Venezuela's Oil Crisis**: Aging infrastructure and U.S. sanctions are severely limiting production, contributing to global market instability and potential price volatility.

- **Geopolitical Fluctuations**: Recent ceasefires have temporarily eased fears, causing crude prices to retreat to $64-$65 per barrel, but ongoing tensions remain a risk for future price spikes.

- **OPEC's Role**: With over 6 million barrels per day in spare capacity, OPEC's production strategies are crucial for stabilizing prices amid geopolitical uncertainties and market disruptions.

- **Market Sensitivity**: Crude oil prices are highly reactive to geopolitical events, with Brent prices recently dipping nearly $2 due to U.S. military involvement concerns, currently hovering between $73-76 per barrel.

- **Strait of Hormuz Significance**: Over 20% of global oil passes through this chokepoint; any disruption could lead to significant price increases and inflationary pressures in the U.S. economy. 

- **Technological Innovations**: Advances in sustainable oil recovery, such as RF XL 2.0, are reshaping production practices, aligning with global decarbonization efforts, but the industry's overall outlook remains bearish.",Geopolitical Tensions Drive Crude Oil Price Volatility Amid Market Uncertainty,"Recent fluctuations in crude oil prices, particularly Brent and WTI, have been significantly influenced by geopolitical tensions, such as the Israel-Iran conflict, and market reactions to these events. For instance, Brent prices dipped nearly $2 following uncertainty regarding U.S. military involvement, highlighting the market's sensitivity to geopolitical developments. Currently, Brent crude prices hover between $73-76 per barrel, reflecting ongoing volatility driven by factors like OPEC+ production decisions and seasonal energy demands. The interplay between supply and demand is crucial, as evidenced by the sharp declines in oil prices, which have also impacted related markets, such as soybean oil. Additionally, increased speculative trading in Nymex light sweet crude indicates heightened investor interest, with traders boosting long positions in anticipation of future price movements. However, the oil and gas industry faces a bearish outlook, with declining stock performance and negative earnings forecasts, compounded by the IEA's prediction of peak oil demand by 2030. This complex landscape underscores the importance of market sentiment and geopolitical events in shaping oil price trajectories and the broader economic implications across various sectors.",Stockwatch,"Fineqia has revenue of $357,676 in Q1","The Cardano-based ETN, launched in January, 2025, contributed significantly to this growth. The ETN is listed on the Wiener Borse, Borse Stuttgart and LS TradeCenter in Germany.
YADA is issued by Fineqia AG, the company's Liechtenstein-based subsidiary, and tracks the FTSE Cardano Index, developed in partnership with FTSE Russell. The index methodology tracks the ADA spot price, enabling a rules-based product that reflects the total return potential of YADA.",6,"The launch of the Cardano-based ETN, YADA, reflects growing investor interest in cryptocurrency assets amid geopolitical tensions, which may influence market volatility and crude oil prices.",6,Moderate,Positive,High
2025-06-23,"- **Escalating Israel-Iran Tensions**: Threats to block the Strait of Hormuz could drive oil prices to $120-$130 per barrel, creating a 'war premium' of $7-$8 per barrel due to fears of supply disruptions.
  
- **Venezuela's Oil Crisis**: Aging infrastructure and U.S. sanctions are severely limiting production, contributing to global market instability and potential price volatility.

- **Geopolitical Fluctuations**: Recent ceasefires have temporarily eased fears, causing crude prices to retreat to $64-$65 per barrel, but ongoing tensions remain a risk for future price spikes.

- **OPEC's Role**: With over 6 million barrels per day in spare capacity, OPEC's production strategies are crucial for stabilizing prices amid geopolitical uncertainties and market disruptions.

- **Market Sensitivity**: Crude oil prices are highly reactive to geopolitical events, with Brent prices recently dipping nearly $2 due to U.S. military involvement concerns, currently hovering between $73-76 per barrel.

- **Strait of Hormuz Significance**: Over 20% of global oil passes through this chokepoint; any disruption could lead to significant price increases and inflationary pressures in the U.S. economy. 

- **Technological Innovations**: Advances in sustainable oil recovery, such as RF XL 2.0, are reshaping production practices, aligning with global decarbonization efforts, but the industry's overall outlook remains bearish.",OPEC's Production Strategy: Key to Stabilizing Global Oil Prices Amid Market Disruptions,"The Organization of the Petroleum Exporting Countries (OPEC) significantly influences global oil prices through its production quotas and strategic decisions. With a spare capacity exceeding 6 million barrels per day, OPEC can respond to market disruptions, particularly in the context of geopolitical tensions. The organization's ability to maintain production levels is crucial for stabilizing prices and mitigating risk premiums associated with supply disruptions. The expanded OPEC+ group, which includes non-OPEC members like Russia, further complicates oil pricing dynamics. Recent trends, such as the scheduled phase-out of OPEC+ production cuts, are expected to impact market supply and prices, especially as GDP growth in oil-dependent economies like Saudi Arabia is projected to rise. As OPEC continues to adjust its output in response to global demand, its decisions remain pivotal in shaping the crude oil market and ensuring price stability.",FXStreet News,WTI Oil returns to levels above $74.50 as Middle East tensions remain high,"How does OPEC influence the price of WTI Oil?
OPEC (Organization of the Petroleum Exporting Countries) is a group of 12 Oil-producing nations who collectively decide production quotas for member countries at twice-yearly meetings. Their decisions often impact WTI Oil prices. When OPEC decides to lower quotas, it can tighten supply, pushing up Oil prices. When OPEC increases production, it has the opposite effect. OPEC+ refers to an expanded group that includes ten extra non-OPEC members, the most notable of which is Russia.",1,OPEC's production decisions significantly influence WTI Oil prices by adjusting supply levels through member quotas.,1,Moderate,Positive,High
2025-06-23,"- **Escalating Israel-Iran Tensions**: Threats to block the Strait of Hormuz could drive oil prices to $120-$130 per barrel, creating a 'war premium' of $7-$8 per barrel due to fears of supply disruptions.
  
- **Venezuela's Oil Crisis**: Aging infrastructure and U.S. sanctions are severely limiting production, contributing to global market instability and potential price volatility.

- **Geopolitical Fluctuations**: Recent ceasefires have temporarily eased fears, causing crude prices to retreat to $64-$65 per barrel, but ongoing tensions remain a risk for future price spikes.

- **OPEC's Role**: With over 6 million barrels per day in spare capacity, OPEC's production strategies are crucial for stabilizing prices amid geopolitical uncertainties and market disruptions.

- **Market Sensitivity**: Crude oil prices are highly reactive to geopolitical events, with Brent prices recently dipping nearly $2 due to U.S. military involvement concerns, currently hovering between $73-76 per barrel.

- **Strait of Hormuz Significance**: Over 20% of global oil passes through this chokepoint; any disruption could lead to significant price increases and inflationary pressures in the U.S. economy. 

- **Technological Innovations**: Advances in sustainable oil recovery, such as RF XL 2.0, are reshaping production practices, aligning with global decarbonization efforts, but the industry's overall outlook remains bearish.",Escalating Israel-Iran Tensions Threaten to Drive Oil Prices to $120 per Barrel,"The ongoing tensions between Israel and Iran significantly impact global oil prices, primarily due to the strategic importance of the Strait of Hormuz, a vital shipping route through which a substantial portion of the world's oil supply is transported. Experts warn that escalating conflicts could disrupt oil shipments, potentially driving prices up to $120 per barrel. The situation is exacerbated by military actions, including missile strikes and U.S. military posturing, which have already led to increased volatility in oil markets. The fear of supply disruptions has created a 'war premium' of $7-$8 per barrel, reflecting the market's sensitivity to geopolitical developments. Countries heavily reliant on oil imports, such as India, face heightened vulnerability to price fluctuations driven by these tensions. Analysts are closely monitoring the situation, as any escalation could lead to significant price shocks and further complicate the delicate balance of oil supply and demand. Recent ceasefires have temporarily alleviated fears of immediate supply disruptions, resulting in price corrections, but the overall instability in the region continues to pose risks to global oil markets.",Yahoo! Finance,U.S. Strikes Iranian Nuclear Sites: Sector ETFs to Win/Lose,"Against this backdrop, below-mentioned sector exchange-traded funds (ETFs) should win and lose if oil prices rally on Iran tensions.
Energy - SPDR S&P Oil & Gas Exploration & Production ETF XOP
This is the most obvious choice. If oil price is staging an uptrend, oil exploration and production stocks are sure to gain as these companies will tend to pump more oil ahead.",2,"Rising tensions between Israel and Iran are expected to boost oil prices, benefiting energy sector ETFs like the SPDR S&P Oil & Gas Exploration & Production ETF (XOP) as oil exploration and production stocks gain from increased oil output.",2,Old,Positive,High
2025-06-23,"- **Escalating Israel-Iran Tensions**: Threats to block the Strait of Hormuz could drive oil prices to $120-$130 per barrel, creating a 'war premium' of $7-$8 per barrel due to fears of supply disruptions.
  
- **Venezuela's Oil Crisis**: Aging infrastructure and U.S. sanctions are severely limiting production, contributing to global market instability and potential price volatility.

- **Geopolitical Fluctuations**: Recent ceasefires have temporarily eased fears, causing crude prices to retreat to $64-$65 per barrel, but ongoing tensions remain a risk for future price spikes.

- **OPEC's Role**: With over 6 million barrels per day in spare capacity, OPEC's production strategies are crucial for stabilizing prices amid geopolitical uncertainties and market disruptions.

- **Market Sensitivity**: Crude oil prices are highly reactive to geopolitical events, with Brent prices recently dipping nearly $2 due to U.S. military involvement concerns, currently hovering between $73-76 per barrel.

- **Strait of Hormuz Significance**: Over 20% of global oil passes through this chokepoint; any disruption could lead to significant price increases and inflationary pressures in the U.S. economy. 

- **Technological Innovations**: Advances in sustainable oil recovery, such as RF XL 2.0, are reshaping production practices, aligning with global decarbonization efforts, but the industry's overall outlook remains bearish.",Iran's Threat to Block Strait of Hormuz Sparks Fears of $130 Oil and U.S. Inflation,"The Strait of Hormuz is a crucial maritime chokepoint for global oil supply, with over 20% of the world's oil and significant volumes of liquefied natural gas transiting through it. Recent military actions and threats from Iran to block this vital shipping lane have raised alarm among economists and market analysts regarding potential disruptions to oil flows. A closure of the Strait could lead to dramatic price increases, with projections suggesting prices could soar to $130 per barrel, thereby triggering inflationary pressures in the U.S. economy. This highlights the strategic importance of the Strait of Hormuz in maintaining global energy security and the stability of crude oil markets.",FOX Business,What is the Strait of Hormuz and how does it impact the global economy?,"""In addition, around one-fifth of global liquefied natural gas trade also transited the Strait of Hormuz in 2024, primarily from Qatar.""
MAJOR OIL PRICE SHOCK LOOMING AS ISRAEL-IRAN CONFLICT THREATENS CRITICAL GLOBAL SHIPPING PASSAGE",3,"The potential blockage of the Strait of Hormuz by Iran raises concerns over significant disruptions in global oil and gas trade, potentially driving prices to $130 and exacerbating U.S. inflation.",3,New,Positive,High
2025-06-23,"- **Escalating Israel-Iran Tensions**: Threats to block the Strait of Hormuz could drive oil prices to $120-$130 per barrel, creating a 'war premium' of $7-$8 per barrel due to fears of supply disruptions.
  
- **Venezuela's Oil Crisis**: Aging infrastructure and U.S. sanctions are severely limiting production, contributing to global market instability and potential price volatility.

- **Geopolitical Fluctuations**: Recent ceasefires have temporarily eased fears, causing crude prices to retreat to $64-$65 per barrel, but ongoing tensions remain a risk for future price spikes.

- **OPEC's Role**: With over 6 million barrels per day in spare capacity, OPEC's production strategies are crucial for stabilizing prices amid geopolitical uncertainties and market disruptions.

- **Market Sensitivity**: Crude oil prices are highly reactive to geopolitical events, with Brent prices recently dipping nearly $2 due to U.S. military involvement concerns, currently hovering between $73-76 per barrel.

- **Strait of Hormuz Significance**: Over 20% of global oil passes through this chokepoint; any disruption could lead to significant price increases and inflationary pressures in the U.S. economy. 

- **Technological Innovations**: Advances in sustainable oil recovery, such as RF XL 2.0, are reshaping production practices, aligning with global decarbonization efforts, but the industry's overall outlook remains bearish.",Middle East Ceasefire Sparks Oil Price Fluctuations Amid Geopolitical Tensions,"The geopolitical landscape, particularly in the Middle East, significantly impacts global oil supply dynamics, with countries like India and South Korea heavily reliant on oil imports from this region. Recent developments, such as the ceasefire between Israel and Iran, have led to fluctuations in crude oil prices, retreating to $64-$65 per barrel, with analysts warning of potential declines below $60 if this range is breached. India's complex relationships with Gulf Cooperation Council (GCC) countries and its balancing act regarding Israel further complicate its crude oil import dynamics, highlighting the interconnectedness of international relations and energy markets. The Strait of Hormuz remains a critical chokepoint for global oil supply, with 18% of daily consumption passing through it, making any conflict involving Iran a significant risk for shortages and price spikes. Additionally, ongoing tensions between the US and Iran, including oil export restrictions, create market uncertainty, while China's continued import of Iranian crude complicates supply dynamics. Overall, geopolitical tensions and resolutions play a crucial role in shaping oil market volatility, affecting global supply and demand dynamics.",Gulf Daily News via Web,Trump urges US to boost oil drilling,But the Trump administration has criticised Biden's use of the SPR after Russia invaded Ukraine in 2022.,3,The Trump administration's criticism of Biden's use of the Strategic Petroleum Reserve highlights ongoing geopolitical tensions that influence oil price fluctuations amid the Middle East ceasefire.,3,Old,Positive,Medium
2025-06-23,"- **Escalating Israel-Iran Tensions**: Threats to block the Strait of Hormuz could drive oil prices to $120-$130 per barrel, creating a 'war premium' of $7-$8 per barrel due to fears of supply disruptions.
  
- **Venezuela's Oil Crisis**: Aging infrastructure and U.S. sanctions are severely limiting production, contributing to global market instability and potential price volatility.

- **Geopolitical Fluctuations**: Recent ceasefires have temporarily eased fears, causing crude prices to retreat to $64-$65 per barrel, but ongoing tensions remain a risk for future price spikes.

- **OPEC's Role**: With over 6 million barrels per day in spare capacity, OPEC's production strategies are crucial for stabilizing prices amid geopolitical uncertainties and market disruptions.

- **Market Sensitivity**: Crude oil prices are highly reactive to geopolitical events, with Brent prices recently dipping nearly $2 due to U.S. military involvement concerns, currently hovering between $73-76 per barrel.

- **Strait of Hormuz Significance**: Over 20% of global oil passes through this chokepoint; any disruption could lead to significant price increases and inflationary pressures in the U.S. economy. 

- **Technological Innovations**: Advances in sustainable oil recovery, such as RF XL 2.0, are reshaping production practices, aligning with global decarbonization efforts, but the industry's overall outlook remains bearish.",Iran's Threat to Block Strait of Hormuz Sparks Fears of $130 Oil and U.S. Inflation,"The Strait of Hormuz is a crucial maritime chokepoint for global oil supply, with over 20% of the world's oil and significant volumes of liquefied natural gas transiting through it. Recent military actions and threats from Iran to block this vital shipping lane have raised alarm among economists and market analysts regarding potential disruptions to oil flows. A closure of the Strait could lead to dramatic price increases, with projections suggesting prices could soar to $130 per barrel, thereby triggering inflationary pressures in the U.S. economy. This highlights the strategic importance of the Strait of Hormuz in maintaining global energy security and the stability of crude oil markets.",Benzinga,"US-Iran War A 'Nuclear-Grade Bull Catalyst' For Bitcoin, Says Analyst, Even As Odds That Strait Of Hormuz Will Be Blocked Dips","Why the US-Iran War Is a Nuclear-Grade Bull Catalyst for Bitcoin 
 
Warplanes over Hormuz just put a bullet through your bear thesis.
Oil is sprinting, the money-printer is smoking, and Bitcoin is tightening its rocket straps.
He highlighted an earlier forecast by JPMorgan analysts that a Strait of Hormuz closure would likely trigger a sustained oil price shock, sending prices to $120-$130 per barrel.",3,"Iran's threat to block the Strait of Hormuz could lead to a significant oil price surge, potentially reaching $130 per barrel, exacerbating U.S. inflation concerns.",3,New,Positive,High
2025-06-23,"- **Escalating Israel-Iran Tensions**: Threats to block the Strait of Hormuz could drive oil prices to $120-$130 per barrel, creating a 'war premium' of $7-$8 per barrel due to fears of supply disruptions.
  
- **Venezuela's Oil Crisis**: Aging infrastructure and U.S. sanctions are severely limiting production, contributing to global market instability and potential price volatility.

- **Geopolitical Fluctuations**: Recent ceasefires have temporarily eased fears, causing crude prices to retreat to $64-$65 per barrel, but ongoing tensions remain a risk for future price spikes.

- **OPEC's Role**: With over 6 million barrels per day in spare capacity, OPEC's production strategies are crucial for stabilizing prices amid geopolitical uncertainties and market disruptions.

- **Market Sensitivity**: Crude oil prices are highly reactive to geopolitical events, with Brent prices recently dipping nearly $2 due to U.S. military involvement concerns, currently hovering between $73-76 per barrel.

- **Strait of Hormuz Significance**: Over 20% of global oil passes through this chokepoint; any disruption could lead to significant price increases and inflationary pressures in the U.S. economy. 

- **Technological Innovations**: Advances in sustainable oil recovery, such as RF XL 2.0, are reshaping production practices, aligning with global decarbonization efforts, but the industry's overall outlook remains bearish.",Venezuela's Oil Crisis: Aging Infrastructure and U.S. Sanctions Slash Production,"Venezuela's oil production faces significant challenges due to an aging refining network, frequent power outages, and the impact of U.S. sanctions that limit access to essential spare parts. Key facilities, such as the Cardon plant operated by PDVSA, are struggling to maintain operations, leading to reduced output that is critical for the country's economy. These infrastructural issues, compounded by years of underinvestment and mismanagement, not only hinder Venezuela's ability to process its heavy crude but also contribute to instability in the global oil market. As Venezuela attempts to revitalize its oil sector, the implications for global oil supply and prices are considerable, highlighting the vulnerabilities of oil-dependent economies and the potential for market volatility as production levels fluctuate.",Straits Times,"Venezuela's second-largest refinery halted due to power blackout, sources say","Venezuela's aging refining network has frequent outages after years on insufficient investment, mismanagement and U.S. sanctions preventing the import of spare parts. In recent months, Cardon has been key to processing feedstock from some of the Orinoco Belt's heavy crude projects.",2,Venezuela's oil production is severely impacted by an aging refining network plagued by outages due to inadequate investment and U.S. sanctions restricting spare parts imports.,2,Old,Negative,High
2025-06-23,"- **Escalating Israel-Iran Tensions**: Threats to block the Strait of Hormuz could drive oil prices to $120-$130 per barrel, creating a 'war premium' of $7-$8 per barrel due to fears of supply disruptions.
  
- **Venezuela's Oil Crisis**: Aging infrastructure and U.S. sanctions are severely limiting production, contributing to global market instability and potential price volatility.

- **Geopolitical Fluctuations**: Recent ceasefires have temporarily eased fears, causing crude prices to retreat to $64-$65 per barrel, but ongoing tensions remain a risk for future price spikes.

- **OPEC's Role**: With over 6 million barrels per day in spare capacity, OPEC's production strategies are crucial for stabilizing prices amid geopolitical uncertainties and market disruptions.

- **Market Sensitivity**: Crude oil prices are highly reactive to geopolitical events, with Brent prices recently dipping nearly $2 due to U.S. military involvement concerns, currently hovering between $73-76 per barrel.

- **Strait of Hormuz Significance**: Over 20% of global oil passes through this chokepoint; any disruption could lead to significant price increases and inflationary pressures in the U.S. economy. 

- **Technological Innovations**: Advances in sustainable oil recovery, such as RF XL 2.0, are reshaping production practices, aligning with global decarbonization efforts, but the industry's overall outlook remains bearish.",Venezuela's Oil Crisis: Aging Infrastructure and U.S. Sanctions Slash Production,"Venezuela's oil production faces significant challenges due to an aging refining network, frequent power outages, and the impact of U.S. sanctions that limit access to essential spare parts. Key facilities, such as the Cardon plant operated by PDVSA, are struggling to maintain operations, leading to reduced output that is critical for the country's economy. These infrastructural issues, compounded by years of underinvestment and mismanagement, not only hinder Venezuela's ability to process its heavy crude but also contribute to instability in the global oil market. As Venezuela attempts to revitalize its oil sector, the implications for global oil supply and prices are considerable, highlighting the vulnerabilities of oil-dependent economies and the potential for market volatility as production levels fluctuate.",Straits Times,"Venezuela's second-largest refinery halted due to power blackout, sources say","The blackout began early in the morning and did not affect Cardon's neighboring refinery, the 645,000-bpd Amuay plant, one of the sources said. In the afternoon, power service to the facility was restored and workers began preparations for restarting some units, but the facility remained suspended, according to another source.",2,"A temporary blackout at Venezuela's Cardón refinery highlights ongoing challenges in the country's oil sector, exacerbated by aging infrastructure and the impact of U.S. sanctions on production capabilities.",2,Old,Negative,High
2025-06-23,"- **Escalating Israel-Iran Tensions**: Threats to block the Strait of Hormuz could drive oil prices to $120-$130 per barrel, creating a 'war premium' of $7-$8 per barrel due to fears of supply disruptions.
  
- **Venezuela's Oil Crisis**: Aging infrastructure and U.S. sanctions are severely limiting production, contributing to global market instability and potential price volatility.

- **Geopolitical Fluctuations**: Recent ceasefires have temporarily eased fears, causing crude prices to retreat to $64-$65 per barrel, but ongoing tensions remain a risk for future price spikes.

- **OPEC's Role**: With over 6 million barrels per day in spare capacity, OPEC's production strategies are crucial for stabilizing prices amid geopolitical uncertainties and market disruptions.

- **Market Sensitivity**: Crude oil prices are highly reactive to geopolitical events, with Brent prices recently dipping nearly $2 due to U.S. military involvement concerns, currently hovering between $73-76 per barrel.

- **Strait of Hormuz Significance**: Over 20% of global oil passes through this chokepoint; any disruption could lead to significant price increases and inflationary pressures in the U.S. economy. 

- **Technological Innovations**: Advances in sustainable oil recovery, such as RF XL 2.0, are reshaping production practices, aligning with global decarbonization efforts, but the industry's overall outlook remains bearish.",Iran's Threat to Block Strait of Hormuz Sparks Fears of $130 Oil and U.S. Inflation,"The Strait of Hormuz is a crucial maritime chokepoint for global oil supply, with over 20% of the world's oil and significant volumes of liquefied natural gas transiting through it. Recent military actions and threats from Iran to block this vital shipping lane have raised alarm among economists and market analysts regarding potential disruptions to oil flows. A closure of the Strait could lead to dramatic price increases, with projections suggesting prices could soar to $130 per barrel, thereby triggering inflationary pressures in the U.S. economy. This highlights the strategic importance of the Strait of Hormuz in maintaining global energy security and the stability of crude oil markets.",Benzinga,"Oil is trading lower as investors assess Iran's attack on an American base in Qatar. This attack may have been less severe than expected. Additionally, US Secretary of State Rubio urged China to help prevent Iran from closing the Strait of Hormuz as tankers slow navigation in the waterway.","Oil is trading lower as investors assess Iran's attack on an American base in Qatar. This attack may have been less severe than expected. Additionally, US Secretary of State Rubio urged China to help prevent Iran from closing the Strait of Hormuz as tankers slow navigation in the waterway.",3,"Iran's recent attack on a U.S. base in Qatar raises concerns over potential disruptions in the Strait of Hormuz, prompting U.S. officials to seek China's assistance in maintaining oil flow, while oil prices remain under pressure amid mixed investor reactions.",3,New,Positive,High
2025-06-24,"- **Geopolitical Tensions**: Ongoing Israel-Iran conflict and recent ceasefire lead to crude oil price fluctuations, with Brent prices around $73-76 per barrel; potential for prices to spike to $120 if tensions escalate.
- **Supply Chain Disruptions**: A 10% tariff on oil imports from Canada and Mexico threatens U.S. supply chains, potentially increasing consumer prices and affecting refining capacity.
- **ONGC Crisis**: A 16-day blowout at an ONGC oil well raises safety and accountability concerns, impacting local economies and investor confidence.
- **Shipping Costs Surge**: Increased shipping and insurance costs due to geopolitical tensions, particularly in the Strait of Hormuz, are expected to influence global oil prices.
- **Investment in Infrastructure**: Chevron's projected $10 billion cash flow increase by 2026 and other infrastructure investments signal growth opportunities in the oil sector.
- **Environmental Regulations**: Ongoing debates over environmental regulations in North America could impact oil production and profitability, particularly in Canada and California.
- **Economic Implications**: Rising oil prices contribute to currency depreciation and inflationary pressures, particularly in countries like India and Australia, affecting broader economic stability.",Geopolitical Tensions Drive Crude Oil Price Volatility Amid Market Uncertainty,"Recent fluctuations in crude oil prices, particularly Brent and WTI, have been significantly influenced by geopolitical tensions, such as the Israel-Iran conflict, and market reactions to these events. For instance, Brent prices dipped nearly $2 following uncertainty regarding U.S. military involvement, highlighting the market's sensitivity to geopolitical developments. Currently, Brent crude prices hover between $73-76 per barrel, reflecting ongoing volatility driven by factors like OPEC+ production decisions and seasonal energy demands. The interplay between supply and demand is crucial, as evidenced by the sharp declines in oil prices, which have also impacted related markets, such as soybean oil. Additionally, increased speculative trading in Nymex light sweet crude indicates heightened investor interest, with traders boosting long positions in anticipation of future price movements. However, the oil and gas industry faces a bearish outlook, with declining stock performance and negative earnings forecasts, compounded by the IEA's prediction of peak oil demand by 2030. This complex landscape underscores the importance of market sentiment and geopolitical events in shaping oil price trajectories and the broader economic implications across various sectors.",Syngenta Canada,Chicago Close: Accelerating US Harvest Weighs on Wheat,"Soybeans fell amid continued weakness in crude oil and spillover pressure on the soybean oil market. Crude fell hard for the second straight day, weighed down today by news of a tentative ceasefire between Israel and Iran. August beans closed down 11 ¾ cents at $10.50 ¼, and November was 9 ¾ cents lower at $10.37.",1,"Crude oil price volatility, influenced by geopolitical developments like the Israel-Iran ceasefire, negatively impacts soybean prices, highlighting the interconnectedness of commodity markets amid ongoing geopolitical tensions.",1,Old,Positive,High
2025-06-24,"- **Geopolitical Tensions**: Ongoing Israel-Iran conflict and recent ceasefire lead to crude oil price fluctuations, with Brent prices around $73-76 per barrel; potential for prices to spike to $120 if tensions escalate.
- **Supply Chain Disruptions**: A 10% tariff on oil imports from Canada and Mexico threatens U.S. supply chains, potentially increasing consumer prices and affecting refining capacity.
- **ONGC Crisis**: A 16-day blowout at an ONGC oil well raises safety and accountability concerns, impacting local economies and investor confidence.
- **Shipping Costs Surge**: Increased shipping and insurance costs due to geopolitical tensions, particularly in the Strait of Hormuz, are expected to influence global oil prices.
- **Investment in Infrastructure**: Chevron's projected $10 billion cash flow increase by 2026 and other infrastructure investments signal growth opportunities in the oil sector.
- **Environmental Regulations**: Ongoing debates over environmental regulations in North America could impact oil production and profitability, particularly in Canada and California.
- **Economic Implications**: Rising oil prices contribute to currency depreciation and inflationary pressures, particularly in countries like India and Australia, affecting broader economic stability.",10% Tariff on Oil Imports Threatens U.S. Supply Chains and Prices,"The imposition of a 10% tariff on oil imports, particularly affecting major suppliers Canada and Mexico, poses significant challenges for the U.S. oil market. With approximately 60% of U.S. crude oil imports sourced from Canada, these tariffs could disrupt supply chains, leading to higher consumer prices and potential shifts in refining capacity. The ongoing legal proceedings involving Citgo Petroleum, a Venezuelan-owned U.S. refiner, further complicate the landscape, as they highlight the complexities of international oil markets and U.S. policy impacts. Additionally, the emergency request by Gold Reserve regarding a U.S. Treasury Department license indicates potential changes in ownership and operational control of key refining assets, which could have lasting implications for the availability of Venezuelan crude oil amidst its economic challenges. Overall, the uncertainty surrounding trade negotiations and tariff increases is likely to influence crude oil prices and availability in the U.S.",IndexBox,Gold Reserve Seeks Clarification on Citgo Auction Amid U.S. Treasury License,"Gold Reserve has filed an emergency request with a Delaware court concerning a U.S. Treasury Department license that extends protection over Citgo Petroleum, a Venezuelan-owned U.S. refiner, even as a court-organized auction proceeds. The auction aims to resolve debts owed to up to 15 creditors following defaults and expropriations in Venezuela, with the winner expected to be announced by July 2.",1,"Gold Reserve's emergency court request regarding Citgo Petroleum highlights potential disruptions in U.S. oil supply chains amid ongoing tariff discussions, raising concerns over market stability and pricing.",1,Moderate,Negative,High
2025-06-24,"- **Geopolitical Tensions**: Ongoing Israel-Iran conflict and recent ceasefire lead to crude oil price fluctuations, with Brent prices around $73-76 per barrel; potential for prices to spike to $120 if tensions escalate.
- **Supply Chain Disruptions**: A 10% tariff on oil imports from Canada and Mexico threatens U.S. supply chains, potentially increasing consumer prices and affecting refining capacity.
- **ONGC Crisis**: A 16-day blowout at an ONGC oil well raises safety and accountability concerns, impacting local economies and investor confidence.
- **Shipping Costs Surge**: Increased shipping and insurance costs due to geopolitical tensions, particularly in the Strait of Hormuz, are expected to influence global oil prices.
- **Investment in Infrastructure**: Chevron's projected $10 billion cash flow increase by 2026 and other infrastructure investments signal growth opportunities in the oil sector.
- **Environmental Regulations**: Ongoing debates over environmental regulations in North America could impact oil production and profitability, particularly in Canada and California.
- **Economic Implications**: Rising oil prices contribute to currency depreciation and inflationary pressures, particularly in countries like India and Australia, affecting broader economic stability.",Environmental Regulations Shape Oil Production Landscape Across North America,"The impact of environmental regulations on oil production is evident in various ongoing debates and actions across North America. In Canada, the proposed crude oil pipeline from Alberta to British Columbia faces opposition from B.C. Premier David Eby, who questions the financial viability of the project given the existing Trans Mountain pipeline's capacity. This situation underscores the need for intergovernmental consensus and highlights concerns about environmental impacts and economic sustainability in energy projects. In California, proposed rollbacks of regulatory measures for oil refinery operations have ignited discussions among public interest groups advocating for strict accountability to prevent price gouging and protect consumers. These changes could significantly affect the profitability of refiners and gasoline prices. Meanwhile, the U.S. Department of the Interior's efforts to expedite approvals for offshore drilling raise alarms about potential environmental risks, as reduced review timeframes may lead to increased production at the expense of safety. Overall, the regulatory landscape is crucial for oil companies, influencing their operational capabilities and shaping market dynamics.",Pipeline Technology Journal,B.C. Premier Rejects Public Funding for Alberta's Proposed Oil Pipeline,"Alberta Premier Danielle Smith's call for a new crude oil pipeline to British Columbia's north coast is facing resistance from B.C. Premier David Eby, who says he won't support public funding for the project.",4,"Alberta's push for a new crude oil pipeline to British Columbia encounters opposition from B.C. leadership, highlighting the complexities of environmental regulations in shaping oil production and infrastructure development across North America.",4,New,Negative,High
2025-06-24,"- **Geopolitical Tensions**: Ongoing Israel-Iran conflict and recent ceasefire lead to crude oil price fluctuations, with Brent prices around $73-76 per barrel; potential for prices to spike to $120 if tensions escalate.
- **Supply Chain Disruptions**: A 10% tariff on oil imports from Canada and Mexico threatens U.S. supply chains, potentially increasing consumer prices and affecting refining capacity.
- **ONGC Crisis**: A 16-day blowout at an ONGC oil well raises safety and accountability concerns, impacting local economies and investor confidence.
- **Shipping Costs Surge**: Increased shipping and insurance costs due to geopolitical tensions, particularly in the Strait of Hormuz, are expected to influence global oil prices.
- **Investment in Infrastructure**: Chevron's projected $10 billion cash flow increase by 2026 and other infrastructure investments signal growth opportunities in the oil sector.
- **Environmental Regulations**: Ongoing debates over environmental regulations in North America could impact oil production and profitability, particularly in Canada and California.
- **Economic Implications**: Rising oil prices contribute to currency depreciation and inflationary pressures, particularly in countries like India and Australia, affecting broader economic stability.",Environmental Regulations Shape Oil Production Landscape Across North America,"The impact of environmental regulations on oil production is evident in various ongoing debates and actions across North America. In Canada, the proposed crude oil pipeline from Alberta to British Columbia faces opposition from B.C. Premier David Eby, who questions the financial viability of the project given the existing Trans Mountain pipeline's capacity. This situation underscores the need for intergovernmental consensus and highlights concerns about environmental impacts and economic sustainability in energy projects. In California, proposed rollbacks of regulatory measures for oil refinery operations have ignited discussions among public interest groups advocating for strict accountability to prevent price gouging and protect consumers. These changes could significantly affect the profitability of refiners and gasoline prices. Meanwhile, the U.S. Department of the Interior's efforts to expedite approvals for offshore drilling raise alarms about potential environmental risks, as reduced review timeframes may lead to increased production at the expense of safety. Overall, the regulatory landscape is crucial for oil companies, influencing their operational capabilities and shaping market dynamics.",Pipeline Technology Journal,B.C. Premier Rejects Public Funding for Alberta's Proposed Oil Pipeline,"""What I don't support is tens of billions of dollars in federal subsidy going to build this new pipeline when we already own a pipeline that empties into British Columbia,"" he said.
Eby indicated that his opposition centers on financial backing, not the concept itself. He pointed to the existing, publicly owned Trans Mountain pipeline, which he said has ""significant additional capacity - 200,000 barrels.""",4,"Eby's opposition to federal subsidies for a new pipeline highlights concerns over financial priorities in oil production, emphasizing the potential of existing infrastructure like the Trans Mountain pipeline.",4,New,Negative,High
2025-06-24,"- **Geopolitical Tensions**: Ongoing Israel-Iran conflict and recent ceasefire lead to crude oil price fluctuations, with Brent prices around $73-76 per barrel; potential for prices to spike to $120 if tensions escalate.
- **Supply Chain Disruptions**: A 10% tariff on oil imports from Canada and Mexico threatens U.S. supply chains, potentially increasing consumer prices and affecting refining capacity.
- **ONGC Crisis**: A 16-day blowout at an ONGC oil well raises safety and accountability concerns, impacting local economies and investor confidence.
- **Shipping Costs Surge**: Increased shipping and insurance costs due to geopolitical tensions, particularly in the Strait of Hormuz, are expected to influence global oil prices.
- **Investment in Infrastructure**: Chevron's projected $10 billion cash flow increase by 2026 and other infrastructure investments signal growth opportunities in the oil sector.
- **Environmental Regulations**: Ongoing debates over environmental regulations in North America could impact oil production and profitability, particularly in Canada and California.
- **Economic Implications**: Rising oil prices contribute to currency depreciation and inflationary pressures, particularly in countries like India and Australia, affecting broader economic stability.",Middle East Ceasefire Sparks Oil Price Fluctuations Amid Geopolitical Tensions,"The geopolitical landscape, particularly in the Middle East, significantly impacts global oil supply dynamics, with countries like India and South Korea heavily reliant on oil imports from this region. Recent developments, such as the ceasefire between Israel and Iran, have led to fluctuations in crude oil prices, retreating to $64-$65 per barrel, with analysts warning of potential declines below $60 if this range is breached. India's complex relationships with Gulf Cooperation Council (GCC) countries and its balancing act regarding Israel further complicate its crude oil import dynamics, highlighting the interconnectedness of international relations and energy markets. The Strait of Hormuz remains a critical chokepoint for global oil supply, with 18% of daily consumption passing through it, making any conflict involving Iran a significant risk for shortages and price spikes. Additionally, ongoing tensions between the US and Iran, including oil export restrictions, create market uncertainty, while China's continued import of Iranian crude complicates supply dynamics. Overall, geopolitical tensions and resolutions play a crucial role in shaping oil market volatility, affecting global supply and demand dynamics.",Syngenta Canada,Chicago Close: Accelerating US Harvest Weighs on Wheat,"Soybeans fell amid continued weakness in crude oil and spillover pressure on the soybean oil market. Crude fell hard for the second straight day, weighed down today by news of a tentative ceasefire between Israel and Iran. August beans closed down 11 ¾ cents at $10.50 ¼, and November was 9 ¾ cents lower at $10.37.",2,"Crude oil price volatility, influenced by geopolitical developments like the Israel-Iran ceasefire, negatively impacts soybean prices, highlighting the interconnectedness of commodity markets amid ongoing geopolitical tensions.",2,Old,Positive,Medium
2025-06-24,"- **Geopolitical Tensions**: Ongoing Israel-Iran conflict and recent ceasefire lead to crude oil price fluctuations, with Brent prices around $73-76 per barrel; potential for prices to spike to $120 if tensions escalate.
- **Supply Chain Disruptions**: A 10% tariff on oil imports from Canada and Mexico threatens U.S. supply chains, potentially increasing consumer prices and affecting refining capacity.
- **ONGC Crisis**: A 16-day blowout at an ONGC oil well raises safety and accountability concerns, impacting local economies and investor confidence.
- **Shipping Costs Surge**: Increased shipping and insurance costs due to geopolitical tensions, particularly in the Strait of Hormuz, are expected to influence global oil prices.
- **Investment in Infrastructure**: Chevron's projected $10 billion cash flow increase by 2026 and other infrastructure investments signal growth opportunities in the oil sector.
- **Environmental Regulations**: Ongoing debates over environmental regulations in North America could impact oil production and profitability, particularly in Canada and California.
- **Economic Implications**: Rising oil prices contribute to currency depreciation and inflationary pressures, particularly in countries like India and Australia, affecting broader economic stability.",Escalating Israel-Iran Tensions Threaten to Drive Oil Prices to $120 per Barrel,"The ongoing tensions between Israel and Iran significantly impact global oil prices, primarily due to the strategic importance of the Strait of Hormuz, a vital shipping route through which a substantial portion of the world's oil supply is transported. Experts warn that escalating conflicts could disrupt oil shipments, potentially driving prices up to $120 per barrel. The situation is exacerbated by military actions, including missile strikes and U.S. military posturing, which have already led to increased volatility in oil markets. The fear of supply disruptions has created a 'war premium' of $7-$8 per barrel, reflecting the market's sensitivity to geopolitical developments. Countries heavily reliant on oil imports, such as India, face heightened vulnerability to price fluctuations driven by these tensions. Analysts are closely monitoring the situation, as any escalation could lead to significant price shocks and further complicate the delicate balance of oil supply and demand. Recent ceasefires have temporarily alleviated fears of immediate supply disruptions, resulting in price corrections, but the overall instability in the region continues to pose risks to global oil markets.",MT Newswires,Sector Update: Energy,"Front-month US West Texas Intermediate crude oil was down 3.9% at $65.85 per barrel at the New York Mercantile Exchange. Global benchmark North Sea Brent crude oil lost 4% to $68.65 per barrel, and natural gas futures were 0.8% lower at $3.67 per 1 million British Thermal Units.",2,"Recent declines in US and global crude oil prices, with WTI at $65.85 and Brent at $68.65 per barrel, highlight market volatility amid escalating Israel-Iran tensions that could push prices towards $120.",2,Moderate,Positive,High
2025-06-24,"- **Geopolitical Tensions**: Ongoing Israel-Iran conflict and recent ceasefire lead to crude oil price fluctuations, with Brent prices around $73-76 per barrel; potential for prices to spike to $120 if tensions escalate.
- **Supply Chain Disruptions**: A 10% tariff on oil imports from Canada and Mexico threatens U.S. supply chains, potentially increasing consumer prices and affecting refining capacity.
- **ONGC Crisis**: A 16-day blowout at an ONGC oil well raises safety and accountability concerns, impacting local economies and investor confidence.
- **Shipping Costs Surge**: Increased shipping and insurance costs due to geopolitical tensions, particularly in the Strait of Hormuz, are expected to influence global oil prices.
- **Investment in Infrastructure**: Chevron's projected $10 billion cash flow increase by 2026 and other infrastructure investments signal growth opportunities in the oil sector.
- **Environmental Regulations**: Ongoing debates over environmental regulations in North America could impact oil production and profitability, particularly in Canada and California.
- **Economic Implications**: Rising oil prices contribute to currency depreciation and inflationary pressures, particularly in countries like India and Australia, affecting broader economic stability.",Escalating Israel-Iran Tensions Threaten to Drive Oil Prices to $120 per Barrel,"The ongoing tensions between Israel and Iran significantly impact global oil prices, primarily due to the strategic importance of the Strait of Hormuz, a vital shipping route through which a substantial portion of the world's oil supply is transported. Experts warn that escalating conflicts could disrupt oil shipments, potentially driving prices up to $120 per barrel. The situation is exacerbated by military actions, including missile strikes and U.S. military posturing, which have already led to increased volatility in oil markets. The fear of supply disruptions has created a 'war premium' of $7-$8 per barrel, reflecting the market's sensitivity to geopolitical developments. Countries heavily reliant on oil imports, such as India, face heightened vulnerability to price fluctuations driven by these tensions. Analysts are closely monitoring the situation, as any escalation could lead to significant price shocks and further complicate the delicate balance of oil supply and demand. Recent ceasefires have temporarily alleviated fears of immediate supply disruptions, resulting in price corrections, but the overall instability in the region continues to pose risks to global oil markets.",AOL.com,"Oil prices sink as Trump seeks to maintain fragile ceasefire between Israel, Iran","Oil futures slumped on Tuesday after President Trump furiously sought to maintain an increasingly fragile ceasefire between Israel and Iran.
West Texas Intermediate (CL=F) fell over 4% to trade under $66 per barrel, while Brent crude (BZ=F), the international benchmark, also tumbled to hover above $68 per barrel.",2,"Oil prices dropped significantly as President Trump's efforts to uphold a fragile ceasefire between Israel and Iran falter, raising concerns about potential escalation and its impact on future oil prices.",2,Moderate,Positive,High
2025-06-24,"- **Geopolitical Tensions**: Ongoing Israel-Iran conflict and recent ceasefire lead to crude oil price fluctuations, with Brent prices around $73-76 per barrel; potential for prices to spike to $120 if tensions escalate.
- **Supply Chain Disruptions**: A 10% tariff on oil imports from Canada and Mexico threatens U.S. supply chains, potentially increasing consumer prices and affecting refining capacity.
- **ONGC Crisis**: A 16-day blowout at an ONGC oil well raises safety and accountability concerns, impacting local economies and investor confidence.
- **Shipping Costs Surge**: Increased shipping and insurance costs due to geopolitical tensions, particularly in the Strait of Hormuz, are expected to influence global oil prices.
- **Investment in Infrastructure**: Chevron's projected $10 billion cash flow increase by 2026 and other infrastructure investments signal growth opportunities in the oil sector.
- **Environmental Regulations**: Ongoing debates over environmental regulations in North America could impact oil production and profitability, particularly in Canada and California.
- **Economic Implications**: Rising oil prices contribute to currency depreciation and inflationary pressures, particularly in countries like India and Australia, affecting broader economic stability.",Escalating Israel-Iran Tensions Threaten to Drive Oil Prices to $120 per Barrel,"The ongoing tensions between Israel and Iran significantly impact global oil prices, primarily due to the strategic importance of the Strait of Hormuz, a vital shipping route through which a substantial portion of the world's oil supply is transported. Experts warn that escalating conflicts could disrupt oil shipments, potentially driving prices up to $120 per barrel. The situation is exacerbated by military actions, including missile strikes and U.S. military posturing, which have already led to increased volatility in oil markets. The fear of supply disruptions has created a 'war premium' of $7-$8 per barrel, reflecting the market's sensitivity to geopolitical developments. Countries heavily reliant on oil imports, such as India, face heightened vulnerability to price fluctuations driven by these tensions. Analysts are closely monitoring the situation, as any escalation could lead to significant price shocks and further complicate the delicate balance of oil supply and demand. Recent ceasefires have temporarily alleviated fears of immediate supply disruptions, resulting in price corrections, but the overall instability in the region continues to pose risks to global oil markets.",Yahoo! Finance,"Despite market uncertainty, Texas upstream employment increased in May","Due to market conditions and oil price fluctuations, the EIA forecasts that domestic production will average 13.4 million barrels per day through the end of the year.
As conflict erupted this month in the Middle East, TXOGA president Todd Staples said, ""In these times of geopolitical uncertainty and military conflict, Texas remains not only a supplier of barrels but a builder of confidence. It is encouraging to see job growth and for Texas and America to be seen as a stable trading partner.",4,"Amid escalating Israel-Iran tensions, Texas oil production is projected to average 13.4 million barrels per day, highlighting the state's role as a stable supplier during geopolitical instability, which could influence oil prices towards $120 per barrel.",4,Moderate,Positive,High
2025-06-24,"- **Geopolitical Tensions**: Ongoing Israel-Iran conflict and recent ceasefire lead to crude oil price fluctuations, with Brent prices around $73-76 per barrel; potential for prices to spike to $120 if tensions escalate.
- **Supply Chain Disruptions**: A 10% tariff on oil imports from Canada and Mexico threatens U.S. supply chains, potentially increasing consumer prices and affecting refining capacity.
- **ONGC Crisis**: A 16-day blowout at an ONGC oil well raises safety and accountability concerns, impacting local economies and investor confidence.
- **Shipping Costs Surge**: Increased shipping and insurance costs due to geopolitical tensions, particularly in the Strait of Hormuz, are expected to influence global oil prices.
- **Investment in Infrastructure**: Chevron's projected $10 billion cash flow increase by 2026 and other infrastructure investments signal growth opportunities in the oil sector.
- **Environmental Regulations**: Ongoing debates over environmental regulations in North America could impact oil production and profitability, particularly in Canada and California.
- **Economic Implications**: Rising oil prices contribute to currency depreciation and inflationary pressures, particularly in countries like India and Australia, affecting broader economic stability.",Escalating Israel-Iran Tensions Threaten to Drive Oil Prices to $120 per Barrel,"The ongoing tensions between Israel and Iran significantly impact global oil prices, primarily due to the strategic importance of the Strait of Hormuz, a vital shipping route through which a substantial portion of the world's oil supply is transported. Experts warn that escalating conflicts could disrupt oil shipments, potentially driving prices up to $120 per barrel. The situation is exacerbated by military actions, including missile strikes and U.S. military posturing, which have already led to increased volatility in oil markets. The fear of supply disruptions has created a 'war premium' of $7-$8 per barrel, reflecting the market's sensitivity to geopolitical developments. Countries heavily reliant on oil imports, such as India, face heightened vulnerability to price fluctuations driven by these tensions. Analysts are closely monitoring the situation, as any escalation could lead to significant price shocks and further complicate the delicate balance of oil supply and demand. Recent ceasefires have temporarily alleviated fears of immediate supply disruptions, resulting in price corrections, but the overall instability in the region continues to pose risks to global oil markets.",Yahoo! Finance,"Despite market uncertainty, Texas upstream employment increased in May","""Despite a great deal of uncertainty in energy markets, driven in part by the financial impact of steel and aluminum tariffs, and more significantly from escalating geopolitical conflicts, the Texas oil and natural gas industry continues to maintain its focus on providing reliable energy to meet demand here and abroad,"" TIPRO president Ed Longanecker said.",4,"The Texas oil and natural gas industry remains committed to ensuring energy reliability amid rising geopolitical tensions, particularly between Israel and Iran, which could push oil prices to $120 per barrel.",4,Moderate,Positive,High
2025-06-24,"- **Geopolitical Tensions**: Ongoing Israel-Iran conflict and recent ceasefire lead to crude oil price fluctuations, with Brent prices around $73-76 per barrel; potential for prices to spike to $120 if tensions escalate.
- **Supply Chain Disruptions**: A 10% tariff on oil imports from Canada and Mexico threatens U.S. supply chains, potentially increasing consumer prices and affecting refining capacity.
- **ONGC Crisis**: A 16-day blowout at an ONGC oil well raises safety and accountability concerns, impacting local economies and investor confidence.
- **Shipping Costs Surge**: Increased shipping and insurance costs due to geopolitical tensions, particularly in the Strait of Hormuz, are expected to influence global oil prices.
- **Investment in Infrastructure**: Chevron's projected $10 billion cash flow increase by 2026 and other infrastructure investments signal growth opportunities in the oil sector.
- **Environmental Regulations**: Ongoing debates over environmental regulations in North America could impact oil production and profitability, particularly in Canada and California.
- **Economic Implications**: Rising oil prices contribute to currency depreciation and inflationary pressures, particularly in countries like India and Australia, affecting broader economic stability.",Escalating Israel-Iran Tensions Threaten to Drive Oil Prices to $120 per Barrel,"The ongoing tensions between Israel and Iran significantly impact global oil prices, primarily due to the strategic importance of the Strait of Hormuz, a vital shipping route through which a substantial portion of the world's oil supply is transported. Experts warn that escalating conflicts could disrupt oil shipments, potentially driving prices up to $120 per barrel. The situation is exacerbated by military actions, including missile strikes and U.S. military posturing, which have already led to increased volatility in oil markets. The fear of supply disruptions has created a 'war premium' of $7-$8 per barrel, reflecting the market's sensitivity to geopolitical developments. Countries heavily reliant on oil imports, such as India, face heightened vulnerability to price fluctuations driven by these tensions. Analysts are closely monitoring the situation, as any escalation could lead to significant price shocks and further complicate the delicate balance of oil supply and demand. Recent ceasefires have temporarily alleviated fears of immediate supply disruptions, resulting in price corrections, but the overall instability in the region continues to pose risks to global oil markets.",BTCManager,"Dow Jones up 500 points on Iran-Israel ceasefire, Powell to wait with rate cuts","The price of crude oil dropped back down to $64 per barrel, down 5.33% in just one day. Crude oil traded near $75 at the height of the crisis, the highest price since January this year. Lower oil prices are good news for the global macro outlook as they could lead to cooling inflation.",4,"Recent fluctuations in crude oil prices, dropping to $64 per barrel from a peak of $75 amid escalating Israel-Iran tensions, highlight the volatility in the market and the potential for prices to surge to $120 if conflicts intensify.",4,Moderate,Positive,High
2025-06-24,"- **Geopolitical Tensions**: Ongoing Israel-Iran conflict and recent ceasefire lead to crude oil price fluctuations, with Brent prices around $73-76 per barrel; potential for prices to spike to $120 if tensions escalate.
- **Supply Chain Disruptions**: A 10% tariff on oil imports from Canada and Mexico threatens U.S. supply chains, potentially increasing consumer prices and affecting refining capacity.
- **ONGC Crisis**: A 16-day blowout at an ONGC oil well raises safety and accountability concerns, impacting local economies and investor confidence.
- **Shipping Costs Surge**: Increased shipping and insurance costs due to geopolitical tensions, particularly in the Strait of Hormuz, are expected to influence global oil prices.
- **Investment in Infrastructure**: Chevron's projected $10 billion cash flow increase by 2026 and other infrastructure investments signal growth opportunities in the oil sector.
- **Environmental Regulations**: Ongoing debates over environmental regulations in North America could impact oil production and profitability, particularly in Canada and California.
- **Economic Implications**: Rising oil prices contribute to currency depreciation and inflationary pressures, particularly in countries like India and Australia, affecting broader economic stability.",Environmental Regulations Shape Oil Production Landscape Across North America,"The impact of environmental regulations on oil production is evident in various ongoing debates and actions across North America. In Canada, the proposed crude oil pipeline from Alberta to British Columbia faces opposition from B.C. Premier David Eby, who questions the financial viability of the project given the existing Trans Mountain pipeline's capacity. This situation underscores the need for intergovernmental consensus and highlights concerns about environmental impacts and economic sustainability in energy projects. In California, proposed rollbacks of regulatory measures for oil refinery operations have ignited discussions among public interest groups advocating for strict accountability to prevent price gouging and protect consumers. These changes could significantly affect the profitability of refiners and gasoline prices. Meanwhile, the U.S. Department of the Interior's efforts to expedite approvals for offshore drilling raise alarms about potential environmental risks, as reduced review timeframes may lead to increased production at the expense of safety. Overall, the regulatory landscape is crucial for oil companies, influencing their operational capabilities and shaping market dynamics.",Pipeline Technology Journal,B.C. Premier Rejects Public Funding for Alberta's Proposed Oil Pipeline,"Prime Minister Mark Carney stated earlier this month that while he wants to accelerate ""nation-building"" infrastructure, he prioritizes intergovernmental consensus and ""will not impose a project on a province.""",4,"Prime Minister Carney emphasizes the importance of intergovernmental consensus in infrastructure projects, reflecting how environmental regulations influence oil production decisions across provinces in North America.",4,New,Negative,High
2025-06-24,"- **Geopolitical Tensions**: Ongoing Israel-Iran conflict and recent ceasefire lead to crude oil price fluctuations, with Brent prices around $73-76 per barrel; potential for prices to spike to $120 if tensions escalate.
- **Supply Chain Disruptions**: A 10% tariff on oil imports from Canada and Mexico threatens U.S. supply chains, potentially increasing consumer prices and affecting refining capacity.
- **ONGC Crisis**: A 16-day blowout at an ONGC oil well raises safety and accountability concerns, impacting local economies and investor confidence.
- **Shipping Costs Surge**: Increased shipping and insurance costs due to geopolitical tensions, particularly in the Strait of Hormuz, are expected to influence global oil prices.
- **Investment in Infrastructure**: Chevron's projected $10 billion cash flow increase by 2026 and other infrastructure investments signal growth opportunities in the oil sector.
- **Environmental Regulations**: Ongoing debates over environmental regulations in North America could impact oil production and profitability, particularly in Canada and California.
- **Economic Implications**: Rising oil prices contribute to currency depreciation and inflationary pressures, particularly in countries like India and Australia, affecting broader economic stability.",Environmental Regulations Shape Oil Production Landscape Across North America,"The impact of environmental regulations on oil production is evident in various ongoing debates and actions across North America. In Canada, the proposed crude oil pipeline from Alberta to British Columbia faces opposition from B.C. Premier David Eby, who questions the financial viability of the project given the existing Trans Mountain pipeline's capacity. This situation underscores the need for intergovernmental consensus and highlights concerns about environmental impacts and economic sustainability in energy projects. In California, proposed rollbacks of regulatory measures for oil refinery operations have ignited discussions among public interest groups advocating for strict accountability to prevent price gouging and protect consumers. These changes could significantly affect the profitability of refiners and gasoline prices. Meanwhile, the U.S. Department of the Interior's efforts to expedite approvals for offshore drilling raise alarms about potential environmental risks, as reduced review timeframes may lead to increased production at the expense of safety. Overall, the regulatory landscape is crucial for oil companies, influencing their operational capabilities and shaping market dynamics.",BNN Bloomberg,REUTERS EXCLUSIVE: Alberta blew past gas flaring ceiling in 2024 as province eliminates limit,"A 2022 report by the Alberta Energy Regulator showed flaring volumes in the province have been increasing since 2016.
A 2024 report by the World Bank - which has been advocating for a global end to the practice of routine flaring by 2030 - found that flaring by oil and gas companies worldwide rose 7% in 2023 even as crude oil production rose only 1% over the same time.",4,"Recent reports indicate a troubling rise in flaring volumes in Alberta and globally, highlighting the challenges environmental regulations face in curbing oil production practices that contribute to greenhouse gas emissions.",4,New,Negative,High
2025-06-24,"- **Geopolitical Tensions**: Ongoing Israel-Iran conflict and recent ceasefire lead to crude oil price fluctuations, with Brent prices around $73-76 per barrel; potential for prices to spike to $120 if tensions escalate.
- **Supply Chain Disruptions**: A 10% tariff on oil imports from Canada and Mexico threatens U.S. supply chains, potentially increasing consumer prices and affecting refining capacity.
- **ONGC Crisis**: A 16-day blowout at an ONGC oil well raises safety and accountability concerns, impacting local economies and investor confidence.
- **Shipping Costs Surge**: Increased shipping and insurance costs due to geopolitical tensions, particularly in the Strait of Hormuz, are expected to influence global oil prices.
- **Investment in Infrastructure**: Chevron's projected $10 billion cash flow increase by 2026 and other infrastructure investments signal growth opportunities in the oil sector.
- **Environmental Regulations**: Ongoing debates over environmental regulations in North America could impact oil production and profitability, particularly in Canada and California.
- **Economic Implications**: Rising oil prices contribute to currency depreciation and inflationary pressures, particularly in countries like India and Australia, affecting broader economic stability.",Escalating Israel-Iran Tensions Threaten to Drive Oil Prices to $120 per Barrel,"The ongoing tensions between Israel and Iran significantly impact global oil prices, primarily due to the strategic importance of the Strait of Hormuz, a vital shipping route through which a substantial portion of the world's oil supply is transported. Experts warn that escalating conflicts could disrupt oil shipments, potentially driving prices up to $120 per barrel. The situation is exacerbated by military actions, including missile strikes and U.S. military posturing, which have already led to increased volatility in oil markets. The fear of supply disruptions has created a 'war premium' of $7-$8 per barrel, reflecting the market's sensitivity to geopolitical developments. Countries heavily reliant on oil imports, such as India, face heightened vulnerability to price fluctuations driven by these tensions. Analysts are closely monitoring the situation, as any escalation could lead to significant price shocks and further complicate the delicate balance of oil supply and demand. Recent ceasefires have temporarily alleviated fears of immediate supply disruptions, resulting in price corrections, but the overall instability in the region continues to pose risks to global oil markets.",Yahoo! Finance,Oil prices tumble and stock futures rise on Iran and Israel cease-fire news,"Benchmark US West Texas Intermediate oil futures were down 3.2% to $66.30 a barrel at 6:10 a.m. ET, while international Brent crude oil futures were 3.4% lower at $69.08 a barrel.
Oil prices have now reversed gains from June 12, a day before Israel struck Iran.",4,"Recent declines in US and Brent crude oil prices, following Israel's military actions against Iran, highlight the volatility in the oil market amid escalating tensions, raising concerns that prices could surge to $120 per barrel.",4,Moderate,Positive,High
2025-06-24,"- **Geopolitical Tensions**: Ongoing Israel-Iran conflict and recent ceasefire lead to crude oil price fluctuations, with Brent prices around $73-76 per barrel; potential for prices to spike to $120 if tensions escalate.
- **Supply Chain Disruptions**: A 10% tariff on oil imports from Canada and Mexico threatens U.S. supply chains, potentially increasing consumer prices and affecting refining capacity.
- **ONGC Crisis**: A 16-day blowout at an ONGC oil well raises safety and accountability concerns, impacting local economies and investor confidence.
- **Shipping Costs Surge**: Increased shipping and insurance costs due to geopolitical tensions, particularly in the Strait of Hormuz, are expected to influence global oil prices.
- **Investment in Infrastructure**: Chevron's projected $10 billion cash flow increase by 2026 and other infrastructure investments signal growth opportunities in the oil sector.
- **Environmental Regulations**: Ongoing debates over environmental regulations in North America could impact oil production and profitability, particularly in Canada and California.
- **Economic Implications**: Rising oil prices contribute to currency depreciation and inflationary pressures, particularly in countries like India and Australia, affecting broader economic stability.",Middle East Ceasefire Sparks Oil Price Fluctuations Amid Geopolitical Tensions,"The geopolitical landscape, particularly in the Middle East, significantly impacts global oil supply dynamics, with countries like India and South Korea heavily reliant on oil imports from this region. Recent developments, such as the ceasefire between Israel and Iran, have led to fluctuations in crude oil prices, retreating to $64-$65 per barrel, with analysts warning of potential declines below $60 if this range is breached. India's complex relationships with Gulf Cooperation Council (GCC) countries and its balancing act regarding Israel further complicate its crude oil import dynamics, highlighting the interconnectedness of international relations and energy markets. The Strait of Hormuz remains a critical chokepoint for global oil supply, with 18% of daily consumption passing through it, making any conflict involving Iran a significant risk for shortages and price spikes. Additionally, ongoing tensions between the US and Iran, including oil export restrictions, create market uncertainty, while China's continued import of Iranian crude complicates supply dynamics. Overall, geopolitical tensions and resolutions play a crucial role in shaping oil market volatility, affecting global supply and demand dynamics.",NBC Philadelphia,"Asia-Pacific markets set for mixed open as investors weigh Fed comments, Israel-Iran ceasefire","Brian Evans
There could more declines ahead for oil, says Piper Sandler
Oil prices could slide further if the current range of $64 per barrel to $65 is breached, according to Piper Sandler.
""The overnight news of a ceasefire between Israel and Iran resulted in Oil retreating further to $64-$65, and testing new support at last week's breakout point,"" chief market technician Craig Johnson wrote wrote in a Tuesday note. ""If it fails to hold here, then a further decline below $60 is likely.""",2,"Piper Sandler warns that oil prices may drop below $60 if the current $64-$65 range is breached, following a ceasefire between Israel and Iran that has contributed to recent price declines.",2,Old,Positive,Medium
2025-06-24,"- **Geopolitical Tensions**: Ongoing Israel-Iran conflict and recent ceasefire lead to crude oil price fluctuations, with Brent prices around $73-76 per barrel; potential for prices to spike to $120 if tensions escalate.
- **Supply Chain Disruptions**: A 10% tariff on oil imports from Canada and Mexico threatens U.S. supply chains, potentially increasing consumer prices and affecting refining capacity.
- **ONGC Crisis**: A 16-day blowout at an ONGC oil well raises safety and accountability concerns, impacting local economies and investor confidence.
- **Shipping Costs Surge**: Increased shipping and insurance costs due to geopolitical tensions, particularly in the Strait of Hormuz, are expected to influence global oil prices.
- **Investment in Infrastructure**: Chevron's projected $10 billion cash flow increase by 2026 and other infrastructure investments signal growth opportunities in the oil sector.
- **Environmental Regulations**: Ongoing debates over environmental regulations in North America could impact oil production and profitability, particularly in Canada and California.
- **Economic Implications**: Rising oil prices contribute to currency depreciation and inflationary pressures, particularly in countries like India and Australia, affecting broader economic stability.",Chevron's $10 Billion Cash Flow Boosts Oil Sector Investment Amid Infrastructure Innovations,"Investment opportunities in the oil sector are being driven by significant developments in upstream operations and infrastructure enhancements. Chevron's upstream business is expected to generate up to $10 billion in incremental free cash flow by 2026, largely due to its successful activities in regions like Kazakhstan and the Permian Basin, which are crucial for increasing oil production. Concurrently, investments in U.S. oil infrastructure, such as Enbridge's pipeline expansions and Eni's refinery conversion to a biorefinery, are essential for boosting production capacity and improving efficiency while addressing environmental concerns. Additionally, companies like Gold H2 are innovating by utilizing existing oil infrastructure to produce low-carbon hydrogen, particularly in California's oilfields, indicating a transformative shift in energy production. These trends underscore the importance of infrastructure development and the transition towards cleaner energy sources, presenting substantial investment opportunities within the oil industry.",Oil & Gas Journal,Eni advances Venice biorefinery expansion,"Confirmed for final investment decision (FID) in 2024, Eni said in its latest 2025 capital markets update to investors that the project to convert its idled 84,000-b/d conventional crude oil refinery in Livorno, Tuscany, on Italy's northwestern coast, into what will become the country's third biorefinery is scheduled for startup in 2026 with a nameplate production capacity of 500,000 tpy (OGJ Online, Sept. 10, 2024).",3,"Eni's upcoming biorefinery project in Livorno, set for a 2026 startup, highlights the oil sector's shift towards innovative infrastructure investments, aligning with Chevron's $10 billion cash flow boost.",3,Old,Positive,High
2025-06-24,"- **Geopolitical Tensions**: Ongoing Israel-Iran conflict and recent ceasefire lead to crude oil price fluctuations, with Brent prices around $73-76 per barrel; potential for prices to spike to $120 if tensions escalate.
- **Supply Chain Disruptions**: A 10% tariff on oil imports from Canada and Mexico threatens U.S. supply chains, potentially increasing consumer prices and affecting refining capacity.
- **ONGC Crisis**: A 16-day blowout at an ONGC oil well raises safety and accountability concerns, impacting local economies and investor confidence.
- **Shipping Costs Surge**: Increased shipping and insurance costs due to geopolitical tensions, particularly in the Strait of Hormuz, are expected to influence global oil prices.
- **Investment in Infrastructure**: Chevron's projected $10 billion cash flow increase by 2026 and other infrastructure investments signal growth opportunities in the oil sector.
- **Environmental Regulations**: Ongoing debates over environmental regulations in North America could impact oil production and profitability, particularly in Canada and California.
- **Economic Implications**: Rising oil prices contribute to currency depreciation and inflationary pressures, particularly in countries like India and Australia, affecting broader economic stability.",Chevron's $10 Billion Cash Flow Boosts Oil Sector Investment Amid Infrastructure Innovations,"Investment opportunities in the oil sector are being driven by significant developments in upstream operations and infrastructure enhancements. Chevron's upstream business is expected to generate up to $10 billion in incremental free cash flow by 2026, largely due to its successful activities in regions like Kazakhstan and the Permian Basin, which are crucial for increasing oil production. Concurrently, investments in U.S. oil infrastructure, such as Enbridge's pipeline expansions and Eni's refinery conversion to a biorefinery, are essential for boosting production capacity and improving efficiency while addressing environmental concerns. Additionally, companies like Gold H2 are innovating by utilizing existing oil infrastructure to produce low-carbon hydrogen, particularly in California's oilfields, indicating a transformative shift in energy production. These trends underscore the importance of infrastructure development and the transition towards cleaner energy sources, presenting substantial investment opportunities within the oil industry.",Bloomberg News,Alberta Premier Expects Oil Pipeline Proposal Within Weeks (1),Alberta Premier Danielle Smith expects a private-sector firm to propose a new oil pipeline to the British Columbia coast within weeks in a bid to become one of the first entrants on the Canadian government's list of nationally important projects.,3,"Alberta Premier Danielle Smith anticipates a private-sector proposal for a new oil pipeline to British Columbia, aiming to secure a spot on Canada's list of key national projects, highlighting the growing investment interest in the oil sector spurred by Chevron's cash flow.",3,Old,Positive,High
2025-06-24,"- **Geopolitical Tensions**: Ongoing Israel-Iran conflict and recent ceasefire lead to crude oil price fluctuations, with Brent prices around $73-76 per barrel; potential for prices to spike to $120 if tensions escalate.
- **Supply Chain Disruptions**: A 10% tariff on oil imports from Canada and Mexico threatens U.S. supply chains, potentially increasing consumer prices and affecting refining capacity.
- **ONGC Crisis**: A 16-day blowout at an ONGC oil well raises safety and accountability concerns, impacting local economies and investor confidence.
- **Shipping Costs Surge**: Increased shipping and insurance costs due to geopolitical tensions, particularly in the Strait of Hormuz, are expected to influence global oil prices.
- **Investment in Infrastructure**: Chevron's projected $10 billion cash flow increase by 2026 and other infrastructure investments signal growth opportunities in the oil sector.
- **Environmental Regulations**: Ongoing debates over environmental regulations in North America could impact oil production and profitability, particularly in Canada and California.
- **Economic Implications**: Rising oil prices contribute to currency depreciation and inflationary pressures, particularly in countries like India and Australia, affecting broader economic stability.",Acceleware and Scovan's RF XL 2.0: A Game-Changer for Sustainable Oil Recovery,"Technological innovations in the oil sector are increasingly focused on sustainability and efficiency, exemplified by the partnership between Acceleware and Scovan to commercialize RF XL 2.0, a new enhanced oil recovery (EOR) technology. This initiative aims to improve oil sands extraction by enhancing efficiency and reducing emissions, aligning with global decarbonization efforts. The integration of carbon dioxide (CO2) in EOR techniques is also gaining traction, as it not only boosts hydrocarbon extraction from unconventional reservoirs but also facilitates carbon sequestration, addressing environmental concerns. Companies like Occidental Petroleum are leading these advancements, which have the potential to reshape oil production practices and contribute to more sustainable operations within the fossil fuel industry. As the industry faces pressure to balance production with environmental responsibilities, innovations like RF XL are critical in redefining operational strategies and investment in oil recovery methods.",Stockwatch,Acceleware signs distribution agreement with Scovan,"one that is more sustainable, more efficient, smaller in footprint, faster to deliver and more cost effective. Innovation and calculated risk taking are essential to unlocking new approaches to oil development and Scovan's collaboration with Acceleware reflects this mind set. While the technology is still proving its effectiveness in the field, we are excited by its potential and committed to supporting solutions that could reshape how in situ oil sands extraction is done in the future.""",3,"Acceleware and Scovan's RF XL 2.0 technology promises a more sustainable, efficient, and cost-effective approach to in situ oil sands extraction, highlighting the importance of innovation in reshaping the future of oil recovery.",3,Moderate,Positive,High
2025-06-24,"- **Geopolitical Tensions**: Ongoing Israel-Iran conflict and recent ceasefire lead to crude oil price fluctuations, with Brent prices around $73-76 per barrel; potential for prices to spike to $120 if tensions escalate.
- **Supply Chain Disruptions**: A 10% tariff on oil imports from Canada and Mexico threatens U.S. supply chains, potentially increasing consumer prices and affecting refining capacity.
- **ONGC Crisis**: A 16-day blowout at an ONGC oil well raises safety and accountability concerns, impacting local economies and investor confidence.
- **Shipping Costs Surge**: Increased shipping and insurance costs due to geopolitical tensions, particularly in the Strait of Hormuz, are expected to influence global oil prices.
- **Investment in Infrastructure**: Chevron's projected $10 billion cash flow increase by 2026 and other infrastructure investments signal growth opportunities in the oil sector.
- **Environmental Regulations**: Ongoing debates over environmental regulations in North America could impact oil production and profitability, particularly in Canada and California.
- **Economic Implications**: Rising oil prices contribute to currency depreciation and inflationary pressures, particularly in countries like India and Australia, affecting broader economic stability.",Acceleware and Scovan's RF XL 2.0: A Game-Changer for Sustainable Oil Recovery,"Technological innovations in the oil sector are increasingly focused on sustainability and efficiency, exemplified by the partnership between Acceleware and Scovan to commercialize RF XL 2.0, a new enhanced oil recovery (EOR) technology. This initiative aims to improve oil sands extraction by enhancing efficiency and reducing emissions, aligning with global decarbonization efforts. The integration of carbon dioxide (CO2) in EOR techniques is also gaining traction, as it not only boosts hydrocarbon extraction from unconventional reservoirs but also facilitates carbon sequestration, addressing environmental concerns. Companies like Occidental Petroleum are leading these advancements, which have the potential to reshape oil production practices and contribute to more sustainable operations within the fossil fuel industry. As the industry faces pressure to balance production with environmental responsibilities, innovations like RF XL are critical in redefining operational strategies and investment in oil recovery methods.",Canadian Mining Journal via Web,Acceleware announces strategic collaboration with Scovan,"Donovan Nielsen, President of Scovan, added: ""This partnership supports Scovan's vision of the 'Facility of the Future' - one that is more sustainable, more efficient, smaller in footprint, faster to deliver, and more cost-effective. Innovation and calculated risk-taking are essential to unlocking new approaches to oil development and Scovan's collaboration with Acceleware reflects this mindset. While the technology is still proving its effectiveness in the field, we are excited by its potential and committed to supporting solutions that could reshape how in-situ oil sands extraction is done in the future.""",3,"Scovan's partnership with Acceleware on RF XL 2.0 aims to revolutionize sustainable oil recovery by promoting efficiency, reduced environmental impact, and innovative approaches to in-situ oil sands extraction.",3,Moderate,Positive,High
2025-06-24,"- **Geopolitical Tensions**: Ongoing Israel-Iran conflict and recent ceasefire lead to crude oil price fluctuations, with Brent prices around $73-76 per barrel; potential for prices to spike to $120 if tensions escalate.
- **Supply Chain Disruptions**: A 10% tariff on oil imports from Canada and Mexico threatens U.S. supply chains, potentially increasing consumer prices and affecting refining capacity.
- **ONGC Crisis**: A 16-day blowout at an ONGC oil well raises safety and accountability concerns, impacting local economies and investor confidence.
- **Shipping Costs Surge**: Increased shipping and insurance costs due to geopolitical tensions, particularly in the Strait of Hormuz, are expected to influence global oil prices.
- **Investment in Infrastructure**: Chevron's projected $10 billion cash flow increase by 2026 and other infrastructure investments signal growth opportunities in the oil sector.
- **Environmental Regulations**: Ongoing debates over environmental regulations in North America could impact oil production and profitability, particularly in Canada and California.
- **Economic Implications**: Rising oil prices contribute to currency depreciation and inflationary pressures, particularly in countries like India and Australia, affecting broader economic stability.",Rising Oil Prices Drive Currency Depreciation and Inflationary Pressures,"The economic implications of rising oil prices are significant, as evidenced by the recent depreciation of the Indian rupee against the dollar, which is linked to increasing crude oil prices amid geopolitical tensions. Analysts have identified crude oil prices as a major risk factor for currencies, with expectations of further weakening due to ongoing conflicts in the West Asian region. Additionally, higher oil prices are likely to exacerbate inflation, leading to increased costs for consumers and businesses, and potentially triggering economic downturns if these price increases persist. In countries like Australia, where the transport sector is heavily reliant on oil, prolonged price hikes can hinder economic growth and create inflationary pressures. The Reserve Bank of Australia's anticipated interest rate cuts in response to these challenges highlight the interconnectedness of oil prices and broader economic policies. This situation underscores the necessity for countries to prepare for the economic ramifications of fluctuating oil prices.",Yahoo! Finance,Shock to 'force' RBA to cut interest rates further than expected: 'More aggressive',"""The longer an oil price shock is sustained, the worse its impact is in terms of inflation outcomes, inflation expectations and short-term growth,"" KPMG said.
""This is because oil price shocks can be particularly damaging to an economy like Australia's as the road transport sector - one of the heaviest users of oil in our economy - touches every single other sector (including itself) across the country.""",2,"Sustained oil price shocks exacerbate inflation and hinder short-term growth, particularly in economies like Australia where the transport sector heavily influences all other sectors.",2,Old,Negative,High
2025-06-24,"- **Geopolitical Tensions**: Ongoing Israel-Iran conflict and recent ceasefire lead to crude oil price fluctuations, with Brent prices around $73-76 per barrel; potential for prices to spike to $120 if tensions escalate.
- **Supply Chain Disruptions**: A 10% tariff on oil imports from Canada and Mexico threatens U.S. supply chains, potentially increasing consumer prices and affecting refining capacity.
- **ONGC Crisis**: A 16-day blowout at an ONGC oil well raises safety and accountability concerns, impacting local economies and investor confidence.
- **Shipping Costs Surge**: Increased shipping and insurance costs due to geopolitical tensions, particularly in the Strait of Hormuz, are expected to influence global oil prices.
- **Investment in Infrastructure**: Chevron's projected $10 billion cash flow increase by 2026 and other infrastructure investments signal growth opportunities in the oil sector.
- **Environmental Regulations**: Ongoing debates over environmental regulations in North America could impact oil production and profitability, particularly in Canada and California.
- **Economic Implications**: Rising oil prices contribute to currency depreciation and inflationary pressures, particularly in countries like India and Australia, affecting broader economic stability.",Rising Oil Prices Drive Currency Depreciation and Inflationary Pressures,"The economic implications of rising oil prices are significant, as evidenced by the recent depreciation of the Indian rupee against the dollar, which is linked to increasing crude oil prices amid geopolitical tensions. Analysts have identified crude oil prices as a major risk factor for currencies, with expectations of further weakening due to ongoing conflicts in the West Asian region. Additionally, higher oil prices are likely to exacerbate inflation, leading to increased costs for consumers and businesses, and potentially triggering economic downturns if these price increases persist. In countries like Australia, where the transport sector is heavily reliant on oil, prolonged price hikes can hinder economic growth and create inflationary pressures. The Reserve Bank of Australia's anticipated interest rate cuts in response to these challenges highlight the interconnectedness of oil prices and broader economic policies. This situation underscores the necessity for countries to prepare for the economic ramifications of fluctuating oil prices.",Yahoo! Finance,Shock to 'force' RBA to cut interest rates further than expected: 'More aggressive',"The RBA is expected to cut the cash rate further this year, with KPMG adding one more cut to its forecast.
The Reserve Bank of Australia (RBA) could be pushed to take a ""more aggressive"" rate-cutting approach following the conflict in the Middle East and the potential oil price shock. Some analysts now expect the central bank could cut interest rates a further three times this year.",2,"The RBA may implement aggressive interest rate cuts in response to rising oil prices driven by geopolitical tensions, potentially exacerbating currency depreciation and inflationary pressures.",2,Old,Negative,High
2025-06-24,"- **Geopolitical Tensions**: Ongoing Israel-Iran conflict and recent ceasefire lead to crude oil price fluctuations, with Brent prices around $73-76 per barrel; potential for prices to spike to $120 if tensions escalate.
- **Supply Chain Disruptions**: A 10% tariff on oil imports from Canada and Mexico threatens U.S. supply chains, potentially increasing consumer prices and affecting refining capacity.
- **ONGC Crisis**: A 16-day blowout at an ONGC oil well raises safety and accountability concerns, impacting local economies and investor confidence.
- **Shipping Costs Surge**: Increased shipping and insurance costs due to geopolitical tensions, particularly in the Strait of Hormuz, are expected to influence global oil prices.
- **Investment in Infrastructure**: Chevron's projected $10 billion cash flow increase by 2026 and other infrastructure investments signal growth opportunities in the oil sector.
- **Environmental Regulations**: Ongoing debates over environmental regulations in North America could impact oil production and profitability, particularly in Canada and California.
- **Economic Implications**: Rising oil prices contribute to currency depreciation and inflationary pressures, particularly in countries like India and Australia, affecting broader economic stability.","ONGC Faces Crisis After 16-Day Blowout at Assam Oil Well, Raising Safety and Accountability Concerns","The Oil and Natural Gas Corporation (ONGC) is currently facing significant operational challenges, particularly highlighted by a recent blowout at its crude oil well in Sivasagar district, Assam. This incident, which involved a gas leak persisting for 16 days, underscores the difficulties oil companies encounter in managing well integrity and blowout prevention. ONGC's efforts to cap the leaking well, which included collaboration with US experts and a private firm, SK Petro Services, reflect a commitment to best practices in crisis management. However, the situation raises concerns about accountability, operational safety, and environmental impact, affecting local economies and public perception of the oil industry. The incident not only tests ONGC's crisis management capabilities but also has broader implications for regulatory scrutiny and investor confidence in oil extraction practices in India.",Yahoo! Finance,Hess Corporation (HES): A Bull Case Theory,"Aerial view of an oil rig in the sea waters, reflecting the company's involvement in the oil and gas markets.
Hess Corporation stands out as a resilient veteran in the energy sector, maintaining its growth trajectory despite market volatility and cyclical pressures. Often likened to an old sea wolf, Hess embodies the grit and strategic discipline required to navigate the complexities of global energy markets.",3,"Hess Corporation exemplifies resilience in the energy sector, highlighting the need for strategic discipline amidst market challenges, which contrasts with ONGC's current crisis following the Assam oil well blowout.",3,Old,Negative,High
2025-06-24,"- **Geopolitical Tensions**: Ongoing Israel-Iran conflict and recent ceasefire lead to crude oil price fluctuations, with Brent prices around $73-76 per barrel; potential for prices to spike to $120 if tensions escalate.
- **Supply Chain Disruptions**: A 10% tariff on oil imports from Canada and Mexico threatens U.S. supply chains, potentially increasing consumer prices and affecting refining capacity.
- **ONGC Crisis**: A 16-day blowout at an ONGC oil well raises safety and accountability concerns, impacting local economies and investor confidence.
- **Shipping Costs Surge**: Increased shipping and insurance costs due to geopolitical tensions, particularly in the Strait of Hormuz, are expected to influence global oil prices.
- **Investment in Infrastructure**: Chevron's projected $10 billion cash flow increase by 2026 and other infrastructure investments signal growth opportunities in the oil sector.
- **Environmental Regulations**: Ongoing debates over environmental regulations in North America could impact oil production and profitability, particularly in Canada and California.
- **Economic Implications**: Rising oil prices contribute to currency depreciation and inflationary pressures, particularly in countries like India and Australia, affecting broader economic stability.",Acceleware and Scovan's RF XL 2.0: A Game-Changer for Sustainable Oil Recovery,"Technological innovations in the oil sector are increasingly focused on sustainability and efficiency, exemplified by the partnership between Acceleware and Scovan to commercialize RF XL 2.0, a new enhanced oil recovery (EOR) technology. This initiative aims to improve oil sands extraction by enhancing efficiency and reducing emissions, aligning with global decarbonization efforts. The integration of carbon dioxide (CO2) in EOR techniques is also gaining traction, as it not only boosts hydrocarbon extraction from unconventional reservoirs but also facilitates carbon sequestration, addressing environmental concerns. Companies like Occidental Petroleum are leading these advancements, which have the potential to reshape oil production practices and contribute to more sustainable operations within the fossil fuel industry. As the industry faces pressure to balance production with environmental responsibilities, innovations like RF XL are critical in redefining operational strategies and investment in oil recovery methods.",Stockwatch,Acceleware signs distribution agreement with Scovan,"The Acceleware team continues to actively look to acquire additional production rights to heavy oil assets in Western Canada where they will deploy an RF XL 2.0 demonstration as an enhanced oil recovery method. This initiative provides an opportunity to deploy RF XL in a well-suited reservoir and earn oil production revenues, while offering the potential for multiwell expansion.
""This partnership is the first of several strategic steps to accelerate RF XL 2.0's path to market,"" said Geoff Clark, chief executive officer of Acceleware. ""With the federal government's 'One Canadian Economy' Act placing a clear priority on decarbonized oil, the time to act is now. By engaging Scovan to fast-track commercialization, we aim to demonstrate both the economic viability and emissions-reduction potential of RF XL 2.0",3,"Acceleware's partnership with Scovan aims to fast-track the commercialization of RF XL 2.0 for enhanced oil recovery in Western Canada, aligning with federal decarbonization goals and presenting a significant opportunity for sustainable oil production.",3,Moderate,Positive,High
2025-06-24,"- **Geopolitical Tensions**: Ongoing Israel-Iran conflict and recent ceasefire lead to crude oil price fluctuations, with Brent prices around $73-76 per barrel; potential for prices to spike to $120 if tensions escalate.
- **Supply Chain Disruptions**: A 10% tariff on oil imports from Canada and Mexico threatens U.S. supply chains, potentially increasing consumer prices and affecting refining capacity.
- **ONGC Crisis**: A 16-day blowout at an ONGC oil well raises safety and accountability concerns, impacting local economies and investor confidence.
- **Shipping Costs Surge**: Increased shipping and insurance costs due to geopolitical tensions, particularly in the Strait of Hormuz, are expected to influence global oil prices.
- **Investment in Infrastructure**: Chevron's projected $10 billion cash flow increase by 2026 and other infrastructure investments signal growth opportunities in the oil sector.
- **Environmental Regulations**: Ongoing debates over environmental regulations in North America could impact oil production and profitability, particularly in Canada and California.
- **Economic Implications**: Rising oil prices contribute to currency depreciation and inflationary pressures, particularly in countries like India and Australia, affecting broader economic stability.",Geopolitical Tensions Drive Surge in Shipping Costs and Oil Prices Amid Iran Conflict,"The shipping industry is currently navigating the complexities of geopolitical tensions, particularly due to the US involvement in the Iran conflict, which has significant implications for global trade and oil logistics. Companies like Maersk are closely monitoring the security of their vessels in the Strait of Hormuz, a critical chokepoint through which approximately 20% of the world's oil is transported. Recent conflicts have led to increased shipping and insurance costs, with a notable surge in the war risk premium for LNG tankers, reflecting heightened concerns over maritime safety. These rising shipping costs are expected to influence global oil prices, as they directly affect the transportation costs of crude oil and LNG, thereby impacting overall market dynamics and pricing strategies.",Yahoo! Finance,"LNG freight rates hit 8-mth top on tight tanker availability, Mideast conflict","Insurance costs for LNG tankers going through the Strait of Hormuz have also increased, said three trade sources, with one adding that the war risk premium has surged by up to five times since the start of the Israel-Iran conflict.
Around 20% of global oil and gas demand flows through the Strait of Hormuz, situated between Iran and Oman.
Qatar, one of the world's top LNG exporters, sends almost all of its supplies via the strait.",3,"Insurance costs for LNG tankers in the Strait of Hormuz have surged due to heightened war risk premiums amid the Israel-Iran conflict, impacting global oil and gas supply routes critical for Qatar's exports.",3,Old,Positive,High
2025-06-24,"- **Geopolitical Tensions**: Ongoing Israel-Iran conflict and recent ceasefire lead to crude oil price fluctuations, with Brent prices around $73-76 per barrel; potential for prices to spike to $120 if tensions escalate.
- **Supply Chain Disruptions**: A 10% tariff on oil imports from Canada and Mexico threatens U.S. supply chains, potentially increasing consumer prices and affecting refining capacity.
- **ONGC Crisis**: A 16-day blowout at an ONGC oil well raises safety and accountability concerns, impacting local economies and investor confidence.
- **Shipping Costs Surge**: Increased shipping and insurance costs due to geopolitical tensions, particularly in the Strait of Hormuz, are expected to influence global oil prices.
- **Investment in Infrastructure**: Chevron's projected $10 billion cash flow increase by 2026 and other infrastructure investments signal growth opportunities in the oil sector.
- **Environmental Regulations**: Ongoing debates over environmental regulations in North America could impact oil production and profitability, particularly in Canada and California.
- **Economic Implications**: Rising oil prices contribute to currency depreciation and inflationary pressures, particularly in countries like India and Australia, affecting broader economic stability.",Geopolitical Tensions Drive Surge in Shipping Costs and Oil Prices Amid Iran Conflict,"The shipping industry is currently navigating the complexities of geopolitical tensions, particularly due to the US involvement in the Iran conflict, which has significant implications for global trade and oil logistics. Companies like Maersk are closely monitoring the security of their vessels in the Strait of Hormuz, a critical chokepoint through which approximately 20% of the world's oil is transported. Recent conflicts have led to increased shipping and insurance costs, with a notable surge in the war risk premium for LNG tankers, reflecting heightened concerns over maritime safety. These rising shipping costs are expected to influence global oil prices, as they directly affect the transportation costs of crude oil and LNG, thereby impacting overall market dynamics and pricing strategies.",The Economic Times,"Ceasefire in Words, Missiles in Air: Rising tensions between Israel and Iran threaten India's billion-dollar Middle East trade","About 60-65% of India's crude oil imports transit through Hormuz, making energy security the most vulnerable sector. Disruptions would drive up oil and LNG prices, increase shipping and insurance costs, and trigger inflation across the Indian economy. Sectors heavily reliant on Middle Eastern energy-refining, chemicals, fertilisers, and transport-would be directly hit. Additionally, agricultural exports to Iran (notably basmati rice, bananas, and tea) are already being affected, with large consignments stranded at ports due to payment and shipping disruptions. Overall, any escalation would cascade through India's trade with the entire West Asian region, impacting both energy and non-energy sectors.",3,"India's heavy reliance on Hormuz for crude oil imports heightens energy security risks, leading to increased oil prices, shipping costs, and inflation, while disrupting agricultural exports to Iran and affecting broader trade with West Asia amid escalating geopolitical tensions.",3,Old,Positive,High
2025-06-24,"- **Geopolitical Tensions**: Ongoing Israel-Iran conflict and recent ceasefire lead to crude oil price fluctuations, with Brent prices around $73-76 per barrel; potential for prices to spike to $120 if tensions escalate.
- **Supply Chain Disruptions**: A 10% tariff on oil imports from Canada and Mexico threatens U.S. supply chains, potentially increasing consumer prices and affecting refining capacity.
- **ONGC Crisis**: A 16-day blowout at an ONGC oil well raises safety and accountability concerns, impacting local economies and investor confidence.
- **Shipping Costs Surge**: Increased shipping and insurance costs due to geopolitical tensions, particularly in the Strait of Hormuz, are expected to influence global oil prices.
- **Investment in Infrastructure**: Chevron's projected $10 billion cash flow increase by 2026 and other infrastructure investments signal growth opportunities in the oil sector.
- **Environmental Regulations**: Ongoing debates over environmental regulations in North America could impact oil production and profitability, particularly in Canada and California.
- **Economic Implications**: Rising oil prices contribute to currency depreciation and inflationary pressures, particularly in countries like India and Australia, affecting broader economic stability.",Chevron's $10 Billion Cash Flow Boosts Oil Sector Investment Amid Infrastructure Innovations,"Investment opportunities in the oil sector are being driven by significant developments in upstream operations and infrastructure enhancements. Chevron's upstream business is expected to generate up to $10 billion in incremental free cash flow by 2026, largely due to its successful activities in regions like Kazakhstan and the Permian Basin, which are crucial for increasing oil production. Concurrently, investments in U.S. oil infrastructure, such as Enbridge's pipeline expansions and Eni's refinery conversion to a biorefinery, are essential for boosting production capacity and improving efficiency while addressing environmental concerns. Additionally, companies like Gold H2 are innovating by utilizing existing oil infrastructure to produce low-carbon hydrogen, particularly in California's oilfields, indicating a transformative shift in energy production. These trends underscore the importance of infrastructure development and the transition towards cleaner energy sources, presenting substantial investment opportunities within the oil industry.",Pipeline & Gas Journal,"Enbridge, Energy Transfer Back New Pipeline to Move Canadian Oil South","RELATED: Enbridge Plans 86-Mile Pipeline Expansion, Bringing 850 Workers to Northern B.C.
This pipeline addition would help move oil from Enbridge's Mainline system to the Energy Transfer Crude Oil Pipeline, which runs from Patoka to the Gulf Coast, ending in Nederland, Texas-a key logistics point for refineries near Port Arthur.",3,"Enbridge's 86-mile pipeline expansion will enhance oil transportation efficiency, supporting Chevron's $10 billion cash flow and driving further investment in the oil sector amid ongoing infrastructure innovations.",3,Old,Positive,High
2025-06-24,"- **Geopolitical Tensions**: Ongoing Israel-Iran conflict and recent ceasefire lead to crude oil price fluctuations, with Brent prices around $73-76 per barrel; potential for prices to spike to $120 if tensions escalate.
- **Supply Chain Disruptions**: A 10% tariff on oil imports from Canada and Mexico threatens U.S. supply chains, potentially increasing consumer prices and affecting refining capacity.
- **ONGC Crisis**: A 16-day blowout at an ONGC oil well raises safety and accountability concerns, impacting local economies and investor confidence.
- **Shipping Costs Surge**: Increased shipping and insurance costs due to geopolitical tensions, particularly in the Strait of Hormuz, are expected to influence global oil prices.
- **Investment in Infrastructure**: Chevron's projected $10 billion cash flow increase by 2026 and other infrastructure investments signal growth opportunities in the oil sector.
- **Environmental Regulations**: Ongoing debates over environmental regulations in North America could impact oil production and profitability, particularly in Canada and California.
- **Economic Implications**: Rising oil prices contribute to currency depreciation and inflationary pressures, particularly in countries like India and Australia, affecting broader economic stability.",Geopolitical Tensions Drive Surge in Shipping Costs and Oil Prices Amid Iran Conflict,"The shipping industry is currently navigating the complexities of geopolitical tensions, particularly due to the US involvement in the Iran conflict, which has significant implications for global trade and oil logistics. Companies like Maersk are closely monitoring the security of their vessels in the Strait of Hormuz, a critical chokepoint through which approximately 20% of the world's oil is transported. Recent conflicts have led to increased shipping and insurance costs, with a notable surge in the war risk premium for LNG tankers, reflecting heightened concerns over maritime safety. These rising shipping costs are expected to influence global oil prices, as they directly affect the transportation costs of crude oil and LNG, thereby impacting overall market dynamics and pricing strategies.",Livemint,Oil Majors Cut Back Iraq Personnel as Mideast Tensions Rise,"(Bloomberg) -- BP Plc, TotalEnergies SE and Eni SpA have reduced staff at oil fields in Iraq as a precaution, as tensions escalate in the region.
The temporary move by the three European oil majors has not impacted production, according to a statement from the Basrah Oil Co., the state-owned oil and gas operator in the area. The companies work on some of Iraq's largest production assets.",3,"European oil majors BP, TotalEnergies, and Eni have reduced staff at Iraqi oil fields amid rising regional tensions, highlighting the impact of geopolitical conflicts on oil industry operations and potential implications for shipping costs and oil prices.",3,Old,Positive,High
2025-06-24,"- **Geopolitical Tensions**: Ongoing Israel-Iran conflict and recent ceasefire lead to crude oil price fluctuations, with Brent prices around $73-76 per barrel; potential for prices to spike to $120 if tensions escalate.
- **Supply Chain Disruptions**: A 10% tariff on oil imports from Canada and Mexico threatens U.S. supply chains, potentially increasing consumer prices and affecting refining capacity.
- **ONGC Crisis**: A 16-day blowout at an ONGC oil well raises safety and accountability concerns, impacting local economies and investor confidence.
- **Shipping Costs Surge**: Increased shipping and insurance costs due to geopolitical tensions, particularly in the Strait of Hormuz, are expected to influence global oil prices.
- **Investment in Infrastructure**: Chevron's projected $10 billion cash flow increase by 2026 and other infrastructure investments signal growth opportunities in the oil sector.
- **Environmental Regulations**: Ongoing debates over environmental regulations in North America could impact oil production and profitability, particularly in Canada and California.
- **Economic Implications**: Rising oil prices contribute to currency depreciation and inflationary pressures, particularly in countries like India and Australia, affecting broader economic stability.","ONGC Faces Crisis After 16-Day Blowout at Assam Oil Well, Raising Safety and Accountability Concerns","The Oil and Natural Gas Corporation (ONGC) is currently facing significant operational challenges, particularly highlighted by a recent blowout at its crude oil well in Sivasagar district, Assam. This incident, which involved a gas leak persisting for 16 days, underscores the difficulties oil companies encounter in managing well integrity and blowout prevention. ONGC's efforts to cap the leaking well, which included collaboration with US experts and a private firm, SK Petro Services, reflect a commitment to best practices in crisis management. However, the situation raises concerns about accountability, operational safety, and environmental impact, affecting local economies and public perception of the oil industry. The incident not only tests ONGC's crisis management capabilities but also has broader implications for regulatory scrutiny and investor confidence in oil extraction practices in India.",ETEnergyworld,ONGC keeps well-capping operations at blowout site in Assam's Sivasagar despite adverse weather,"Guwahati: State owned Oil and Natural Gas Corporation Limited (ONGC), in collaboration with international well control experts, continues to make measured and strategic progress in the well control operations at its crude oil well in Assam's Sivasagar district, despite persistent rainfall and challenging site conditions, officials said.",3,"ONGC is making strategic progress in controlling a blowout at its Assam oil well, despite adverse weather and site conditions, highlighting ongoing safety and accountability challenges.",3,Old,Negative,High
2025-06-24,"- **Geopolitical Tensions**: Ongoing Israel-Iran conflict and recent ceasefire lead to crude oil price fluctuations, with Brent prices around $73-76 per barrel; potential for prices to spike to $120 if tensions escalate.
- **Supply Chain Disruptions**: A 10% tariff on oil imports from Canada and Mexico threatens U.S. supply chains, potentially increasing consumer prices and affecting refining capacity.
- **ONGC Crisis**: A 16-day blowout at an ONGC oil well raises safety and accountability concerns, impacting local economies and investor confidence.
- **Shipping Costs Surge**: Increased shipping and insurance costs due to geopolitical tensions, particularly in the Strait of Hormuz, are expected to influence global oil prices.
- **Investment in Infrastructure**: Chevron's projected $10 billion cash flow increase by 2026 and other infrastructure investments signal growth opportunities in the oil sector.
- **Environmental Regulations**: Ongoing debates over environmental regulations in North America could impact oil production and profitability, particularly in Canada and California.
- **Economic Implications**: Rising oil prices contribute to currency depreciation and inflationary pressures, particularly in countries like India and Australia, affecting broader economic stability.","ONGC Faces Crisis After 16-Day Blowout at Assam Oil Well, Raising Safety and Accountability Concerns","The Oil and Natural Gas Corporation (ONGC) is currently facing significant operational challenges, particularly highlighted by a recent blowout at its crude oil well in Sivasagar district, Assam. This incident, which involved a gas leak persisting for 16 days, underscores the difficulties oil companies encounter in managing well integrity and blowout prevention. ONGC's efforts to cap the leaking well, which included collaboration with US experts and a private firm, SK Petro Services, reflect a commitment to best practices in crisis management. However, the situation raises concerns about accountability, operational safety, and environmental impact, affecting local economies and public perception of the oil industry. The incident not only tests ONGC's crisis management capabilities but also has broader implications for regulatory scrutiny and investor confidence in oil extraction practices in India.",ETEnergyworld,ONGC keeps well-capping operations at blowout site in Assam's Sivasagar despite adverse weather,"A corporation official earlier said that during servicing operations at Well No. RDS-147 on June 12 morning, an oil well of the ONGC's Rudrasagar field in Sivasagar district, Assam, gushes of gas were observed from the well. The company earlier on Sunday had said that air quality monitoring continues uninterrupted in and around the site.",3,"ONGC's Well No. RDS-147 in Assam experienced a gas blowout during servicing operations, prompting ongoing air quality monitoring and raising significant safety and accountability concerns.",3,Old,Negative,High
2025-06-25,"- **Fed Rate Cut Speculation**: Optimism in oil demand due to potential U.S. interest rate cuts amid economic slowdown; declining U.S. Dollar supports emerging market oil import costs.

- **Geopolitical Tensions**: Volatility in crude market driven by escalating tensions over Iranian oil supply; potential disruptions could lead to price spikes.

- **U.S. Crude Oil Inventories**: Significant drop of 5.8 million barrels signals tightening supply, contributing to upward pressure on prices.

- **Israel-Iran Conflict**: Ongoing tensions threaten to disrupt oil shipments through the Strait of Hormuz, with prices potentially reaching $120 per barrel; recent ceasefires have temporarily eased fears.

- **Iran's Oil Production Strategy**: Sanctions and geopolitical tensions shape Iran's production capacity and global supply dynamics; potential for increased production if sanctions are lifted.

- **China's Oil Demand**: Surge in imports from Iran driven by U.S. sanctions; strategic diversification of energy sources impacts global pricing dynamics.

- **U.S. Oil Rig Count Decline**: Slight decrease in rig count indicates potential production slowdown; however, EIA projects continued production growth through 2025.

- **ONGC Operational Crisis**: 16-day blowout at Assam oil well raises safety and accountability concerns, impacting local economies and investor confidence.

- **Technological Innovations**: New sustainable oil recovery technologies being developed, such as RF XL 2.0, aim to enhance efficiency and reduce emissions in oil extraction.","U.S. Crude Oil Inventories Plunge 5.8 Million Barrels, Signaling Tightening Supply and Rising Prices","Recent data from the Energy Information Administration (EIA) and the American Petroleum Institute (API) indicate a significant decline in U.S. crude oil inventories, with a reported drop of 5.836 million barrels for the week ending June 20, exceeding market expectations of a 0.75 million barrel decrease. This decline follows a previous week where inventories fell by over 10 million barrels, marking an 11-year seasonal low. The reduction in stockpiles, alongside rising refining activity and increased demand, suggests a tightening supply situation that could exert upward pressure on crude oil prices. Analysts are closely monitoring these trends as they reflect the balance of supply and demand dynamics in the U.S. oil market, particularly in the context of ongoing geopolitical tensions and economic recovery efforts. Additionally, the growth of U.S. crude oil exports is driving demand for transportation and logistics services, prompting companies like Enbridge to consider investments in infrastructure to support this expanding export capacity.",Benzinga,Crude Oil Rises Sharply; Torrid Holdings Shares Plunge,"U.S. crude oil inventories declined by 5.836 million barrels in the week ended June 20, compared to market estimates of a 0.75 million barrel fall.
Equities Trading UP
Plus Therapeutics, Inc. (NASDAQ:PSTV) shares shot up 59% to $0.2968 after the company announced FDA clearance of its investigational new drug application for REYOBIQ to treat childhood brain cancer.
Shares of QuantumScape Corporation (NYSE:QS) got a boost, surging 36% to $5.88 after the company achieved a key 2025 milestone by successfully integrating its advanced Cobra separator process into baseline cell production.
SeaStar Medical Holding Corporation (NASDAQ:ICU) shares were also up, gaining 49% to $0.5362 after the company announced it is taking strategic actions to regain Nasdaq compliance.",4,"U.S. crude oil inventories fell by 5.8 million barrels, significantly exceeding expectations, indicating a tightening supply that may lead to rising prices.",4,Old,Positive,High
2025-06-25,"- **Fed Rate Cut Speculation**: Optimism in oil demand due to potential U.S. interest rate cuts amid economic slowdown; declining U.S. Dollar supports emerging market oil import costs.

- **Geopolitical Tensions**: Volatility in crude market driven by escalating tensions over Iranian oil supply; potential disruptions could lead to price spikes.

- **U.S. Crude Oil Inventories**: Significant drop of 5.8 million barrels signals tightening supply, contributing to upward pressure on prices.

- **Israel-Iran Conflict**: Ongoing tensions threaten to disrupt oil shipments through the Strait of Hormuz, with prices potentially reaching $120 per barrel; recent ceasefires have temporarily eased fears.

- **Iran's Oil Production Strategy**: Sanctions and geopolitical tensions shape Iran's production capacity and global supply dynamics; potential for increased production if sanctions are lifted.

- **China's Oil Demand**: Surge in imports from Iran driven by U.S. sanctions; strategic diversification of energy sources impacts global pricing dynamics.

- **U.S. Oil Rig Count Decline**: Slight decrease in rig count indicates potential production slowdown; however, EIA projects continued production growth through 2025.

- **ONGC Operational Crisis**: 16-day blowout at Assam oil well raises safety and accountability concerns, impacting local economies and investor confidence.

- **Technological Innovations**: New sustainable oil recovery technologies being developed, such as RF XL 2.0, aim to enhance efficiency and reduce emissions in oil extraction.",Fed Rate Cut Speculation Fuels Optimism in Oil Demand Amid U.S. Economic Slowdown,"The relationship between U.S. economic indicators and oil demand is increasingly significant, particularly as recent macroeconomic data suggests potential for weaker-than-expected growth. This has led to speculation about interest rate cuts by the Federal Reserve, which could stimulate economic activity and subsequently increase oil demand. Fed Chair Powell's indications of possible rate cuts as early as July have contributed to optimism in the oil market. Additionally, the strength of the U.S. Dollar plays a crucial role in influencing crude oil prices, with recent declines in the Dollar Index positively impacting emerging market currencies like the Indian Rupee. This shift has improved risk sentiment and reduced oil import costs for countries reliant on oil, such as India. Furthermore, tight crude oil inventories alongside expectations of a more accommodative monetary policy could lead to higher oil prices, reflecting the intricate interplay between U.S. economic performance, monetary policy, and global oil demand dynamics.",Business Times (Singapore),Oil price rollercoaster hammers South-east Asia's top energy counters,"Malaysia's economy and currency are also oil-sensitive, given petroleum's role in fiscal revenues and trade. While O&G companies make up a modest portion of Bursa's market capitalisation, energy price swings affect cash flows of both importers and exporters.",3,"Malaysia's economy, heavily influenced by oil prices, reflects the broader impact of Fed rate cut speculation on oil demand amid U.S. economic challenges.",3,Old,Positive,High
2025-06-25,"- **Fed Rate Cut Speculation**: Optimism in oil demand due to potential U.S. interest rate cuts amid economic slowdown; declining U.S. Dollar supports emerging market oil import costs.

- **Geopolitical Tensions**: Volatility in crude market driven by escalating tensions over Iranian oil supply; potential disruptions could lead to price spikes.

- **U.S. Crude Oil Inventories**: Significant drop of 5.8 million barrels signals tightening supply, contributing to upward pressure on prices.

- **Israel-Iran Conflict**: Ongoing tensions threaten to disrupt oil shipments through the Strait of Hormuz, with prices potentially reaching $120 per barrel; recent ceasefires have temporarily eased fears.

- **Iran's Oil Production Strategy**: Sanctions and geopolitical tensions shape Iran's production capacity and global supply dynamics; potential for increased production if sanctions are lifted.

- **China's Oil Demand**: Surge in imports from Iran driven by U.S. sanctions; strategic diversification of energy sources impacts global pricing dynamics.

- **U.S. Oil Rig Count Decline**: Slight decrease in rig count indicates potential production slowdown; however, EIA projects continued production growth through 2025.

- **ONGC Operational Crisis**: 16-day blowout at Assam oil well raises safety and accountability concerns, impacting local economies and investor confidence.

- **Technological Innovations**: New sustainable oil recovery technologies being developed, such as RF XL 2.0, aim to enhance efficiency and reduce emissions in oil extraction.",Fed Rate Cut Speculation Fuels Optimism in Oil Demand Amid U.S. Economic Slowdown,"The relationship between U.S. economic indicators and oil demand is increasingly significant, particularly as recent macroeconomic data suggests potential for weaker-than-expected growth. This has led to speculation about interest rate cuts by the Federal Reserve, which could stimulate economic activity and subsequently increase oil demand. Fed Chair Powell's indications of possible rate cuts as early as July have contributed to optimism in the oil market. Additionally, the strength of the U.S. Dollar plays a crucial role in influencing crude oil prices, with recent declines in the Dollar Index positively impacting emerging market currencies like the Indian Rupee. This shift has improved risk sentiment and reduced oil import costs for countries reliant on oil, such as India. Furthermore, tight crude oil inventories alongside expectations of a more accommodative monetary policy could lead to higher oil prices, reflecting the intricate interplay between U.S. economic performance, monetary policy, and global oil demand dynamics.",FXStreet News,USD/CAD softens below 1.3750 on Middle East optimism,"Meanwhile, a fall in Crude Oil prices could drag the commodity-linked Loonie lower and cap the downside for the pair. It's worth noting that Canada is the largest oil exporter to the US, and lower crude oil prices tend to have a negative impact on the CAD value.",3,"A decline in crude oil prices may weaken the Canadian dollar (CAD) due to Canada's status as a major oil exporter to the US, impacting commodity-linked currency pairs.",3,Old,Positive,High
2025-06-25,"- **Fed Rate Cut Speculation**: Optimism in oil demand due to potential U.S. interest rate cuts amid economic slowdown; declining U.S. Dollar supports emerging market oil import costs.

- **Geopolitical Tensions**: Volatility in crude market driven by escalating tensions over Iranian oil supply; potential disruptions could lead to price spikes.

- **U.S. Crude Oil Inventories**: Significant drop of 5.8 million barrels signals tightening supply, contributing to upward pressure on prices.

- **Israel-Iran Conflict**: Ongoing tensions threaten to disrupt oil shipments through the Strait of Hormuz, with prices potentially reaching $120 per barrel; recent ceasefires have temporarily eased fears.

- **Iran's Oil Production Strategy**: Sanctions and geopolitical tensions shape Iran's production capacity and global supply dynamics; potential for increased production if sanctions are lifted.

- **China's Oil Demand**: Surge in imports from Iran driven by U.S. sanctions; strategic diversification of energy sources impacts global pricing dynamics.

- **U.S. Oil Rig Count Decline**: Slight decrease in rig count indicates potential production slowdown; however, EIA projects continued production growth through 2025.

- **ONGC Operational Crisis**: 16-day blowout at Assam oil well raises safety and accountability concerns, impacting local economies and investor confidence.

- **Technological Innovations**: New sustainable oil recovery technologies being developed, such as RF XL 2.0, aim to enhance efficiency and reduce emissions in oil extraction.",Geopolitical Tensions Over Iranian Oil Supply Spark Volatility in Crude Market,"The crude oil market is currently experiencing significant volatility driven by geopolitical tensions, particularly regarding Iranian crude oil supply. Analysts are closely watching the potential disruptions in China's reliance on Iranian oil, which could lead to tighter regional supply and improved refining margins for upstream producers. This sensitivity to geopolitical events, alongside economic indicators, is causing immediate price fluctuations in the oil market, highlighting the intricate relationship between market trends and external factors influencing crude oil prices.",Business Times (Singapore),Oil price rollercoaster hammers South-east Asia's top energy counters,"Macquarie Capital's head of Thailand Research Kaushal Ladha anticipates that upstream producers and refineries will benefit the most, especially if China's reliance on Iranian crude is disrupted, tightening regional supply and boosting refining margins.",3,Disruption in China's reliance on Iranian crude is expected to benefit upstream producers and refineries by tightening regional supply and enhancing refining margins.,3,New,Positive,High
2025-06-25,"- **Fed Rate Cut Speculation**: Optimism in oil demand due to potential U.S. interest rate cuts amid economic slowdown; declining U.S. Dollar supports emerging market oil import costs.

- **Geopolitical Tensions**: Volatility in crude market driven by escalating tensions over Iranian oil supply; potential disruptions could lead to price spikes.

- **U.S. Crude Oil Inventories**: Significant drop of 5.8 million barrels signals tightening supply, contributing to upward pressure on prices.

- **Israel-Iran Conflict**: Ongoing tensions threaten to disrupt oil shipments through the Strait of Hormuz, with prices potentially reaching $120 per barrel; recent ceasefires have temporarily eased fears.

- **Iran's Oil Production Strategy**: Sanctions and geopolitical tensions shape Iran's production capacity and global supply dynamics; potential for increased production if sanctions are lifted.

- **China's Oil Demand**: Surge in imports from Iran driven by U.S. sanctions; strategic diversification of energy sources impacts global pricing dynamics.

- **U.S. Oil Rig Count Decline**: Slight decrease in rig count indicates potential production slowdown; however, EIA projects continued production growth through 2025.

- **ONGC Operational Crisis**: 16-day blowout at Assam oil well raises safety and accountability concerns, impacting local economies and investor confidence.

- **Technological Innovations**: New sustainable oil recovery technologies being developed, such as RF XL 2.0, aim to enhance efficiency and reduce emissions in oil extraction.",Geopolitical Tensions Over Iranian Oil Supply Spark Volatility in Crude Market,"The crude oil market is currently experiencing significant volatility driven by geopolitical tensions, particularly regarding Iranian crude oil supply. Analysts are closely watching the potential disruptions in China's reliance on Iranian oil, which could lead to tighter regional supply and improved refining margins for upstream producers. This sensitivity to geopolitical events, alongside economic indicators, is causing immediate price fluctuations in the oil market, highlighting the intricate relationship between market trends and external factors influencing crude oil prices.",Business Times (Singapore),Oil price rollercoaster hammers South-east Asia's top energy counters,"As for downstream players, including chemical producers, Macquarie's Ladha said they may face margin pressure from increased feedstock volatility, with integrated players experiencing mixed effects.
CGS International shared a similar view, issuing ""reduce"" recommendations for related companies such as Petronas Dagangan, Petronas Chemical, and Lotte Chemical Titan.",3,"Downstream chemical producers may encounter margin pressures due to feedstock volatility linked to geopolitical tensions over Iranian oil supply, prompting 'reduce' recommendations for key companies.",3,New,Positive,High
2025-06-25,"- **Fed Rate Cut Speculation**: Optimism in oil demand due to potential U.S. interest rate cuts amid economic slowdown; declining U.S. Dollar supports emerging market oil import costs.

- **Geopolitical Tensions**: Volatility in crude market driven by escalating tensions over Iranian oil supply; potential disruptions could lead to price spikes.

- **U.S. Crude Oil Inventories**: Significant drop of 5.8 million barrels signals tightening supply, contributing to upward pressure on prices.

- **Israel-Iran Conflict**: Ongoing tensions threaten to disrupt oil shipments through the Strait of Hormuz, with prices potentially reaching $120 per barrel; recent ceasefires have temporarily eased fears.

- **Iran's Oil Production Strategy**: Sanctions and geopolitical tensions shape Iran's production capacity and global supply dynamics; potential for increased production if sanctions are lifted.

- **China's Oil Demand**: Surge in imports from Iran driven by U.S. sanctions; strategic diversification of energy sources impacts global pricing dynamics.

- **U.S. Oil Rig Count Decline**: Slight decrease in rig count indicates potential production slowdown; however, EIA projects continued production growth through 2025.

- **ONGC Operational Crisis**: 16-day blowout at Assam oil well raises safety and accountability concerns, impacting local economies and investor confidence.

- **Technological Innovations**: New sustainable oil recovery technologies being developed, such as RF XL 2.0, aim to enhance efficiency and reduce emissions in oil extraction.","Trump's 'Drill, Baby, Drill' Policy Sparks U.S. Fossil Fuel Resurgence","The 'drill, baby, drill' mantra of former President Trump has catalyzed a significant shift in U.S. fossil fuel policy, emphasizing increased production and hiring within the sector. Major oil companies, including BP and Shell, are redirecting their investments from renewable energy back to fossil fuels, driven by immediate profitability and shareholder demands. This trend underscores a broader industry movement prioritizing fossil fuel output amid economic uncertainties. The Trump administration's policies are seen as supportive of the domestic oil industry, positioning the U.S. as a net exporter of oil and natural gas, which enhances its resilience against market disruptions, including geopolitical tensions in oil-rich areas. The focus on energy dominance, offshore drilling, and resource expansion in Alaska reflects a strategic initiative to bolster energy security and influence the future dynamics of crude oil production and pricing both domestically and globally.",Daily Caller,Why Oil Market Held Firm In Face Of Another Middle East War,"Due to Trump's pro-energy policies, the U.S. is well braced to endure disruptions in the market, including wars in the oil-rich Middle East, according to energy sector experts.
Furchtgott-Roth noted that the U.S. is a net oil and natural gas exporter and that Trump's ""energy dominance agenda"" allows America to take advantage of its resources. Offshore drilling, oil and gas expansion in Alaska, as well as using national parks to expand energy resources all signal that the domestic oil industry is positioned to grow in the coming years, according to Furchtgott-Roth. (RELATED: American Energy Firms Are Counting Down The Days Until Trump's Return)",1,"Trump's pro-energy policies have positioned the U.S. as a net exporter of oil and natural gas, enhancing its resilience to market disruptions and signaling growth in the domestic oil industry through expanded drilling initiatives.",1,Moderate,Positive,High
2025-06-25,"- **Fed Rate Cut Speculation**: Optimism in oil demand due to potential U.S. interest rate cuts amid economic slowdown; declining U.S. Dollar supports emerging market oil import costs.

- **Geopolitical Tensions**: Volatility in crude market driven by escalating tensions over Iranian oil supply; potential disruptions could lead to price spikes.

- **U.S. Crude Oil Inventories**: Significant drop of 5.8 million barrels signals tightening supply, contributing to upward pressure on prices.

- **Israel-Iran Conflict**: Ongoing tensions threaten to disrupt oil shipments through the Strait of Hormuz, with prices potentially reaching $120 per barrel; recent ceasefires have temporarily eased fears.

- **Iran's Oil Production Strategy**: Sanctions and geopolitical tensions shape Iran's production capacity and global supply dynamics; potential for increased production if sanctions are lifted.

- **China's Oil Demand**: Surge in imports from Iran driven by U.S. sanctions; strategic diversification of energy sources impacts global pricing dynamics.

- **U.S. Oil Rig Count Decline**: Slight decrease in rig count indicates potential production slowdown; however, EIA projects continued production growth through 2025.

- **ONGC Operational Crisis**: 16-day blowout at Assam oil well raises safety and accountability concerns, impacting local economies and investor confidence.

- **Technological Innovations**: New sustainable oil recovery technologies being developed, such as RF XL 2.0, aim to enhance efficiency and reduce emissions in oil extraction.","ONGC Faces Crisis After 16-Day Blowout at Assam Oil Well, Raising Safety and Accountability Concerns","The Oil and Natural Gas Corporation (ONGC) is currently facing significant operational challenges, particularly highlighted by a recent blowout at its crude oil well in Sivasagar district, Assam. This incident, which involved a gas leak persisting for 16 days, underscores the difficulties oil companies encounter in managing well integrity and blowout prevention. ONGC's efforts to cap the leaking well, which included collaboration with US experts and a private firm, SK Petro Services, reflect a commitment to best practices in crisis management. However, the situation raises concerns about accountability, operational safety, and environmental impact, affecting local economies and public perception of the oil industry. The incident not only tests ONGC's crisis management capabilities but also has broader implications for regulatory scrutiny and investor confidence in oil extraction practices in India.",Hindustan Times,ONGC well blowout in Assam: Gas leakage continues for 14 days,"Sivasagar , Leakage of gas continued for 14 days from a crude oil well of ONGC in Assam's Sivasagar district although the energy major on Wednesday claimed to have achieved a ""critical milestone"" in its effort to control the blowout.",2,ONGC's 16-day gas leak crisis in Assam highlights ongoing safety and accountability issues despite claims of progress in controlling the blowout.,2,New,Negative,High
2025-06-25,"- **Fed Rate Cut Speculation**: Optimism in oil demand due to potential U.S. interest rate cuts amid economic slowdown; declining U.S. Dollar supports emerging market oil import costs.

- **Geopolitical Tensions**: Volatility in crude market driven by escalating tensions over Iranian oil supply; potential disruptions could lead to price spikes.

- **U.S. Crude Oil Inventories**: Significant drop of 5.8 million barrels signals tightening supply, contributing to upward pressure on prices.

- **Israel-Iran Conflict**: Ongoing tensions threaten to disrupt oil shipments through the Strait of Hormuz, with prices potentially reaching $120 per barrel; recent ceasefires have temporarily eased fears.

- **Iran's Oil Production Strategy**: Sanctions and geopolitical tensions shape Iran's production capacity and global supply dynamics; potential for increased production if sanctions are lifted.

- **China's Oil Demand**: Surge in imports from Iran driven by U.S. sanctions; strategic diversification of energy sources impacts global pricing dynamics.

- **U.S. Oil Rig Count Decline**: Slight decrease in rig count indicates potential production slowdown; however, EIA projects continued production growth through 2025.

- **ONGC Operational Crisis**: 16-day blowout at Assam oil well raises safety and accountability concerns, impacting local economies and investor confidence.

- **Technological Innovations**: New sustainable oil recovery technologies being developed, such as RF XL 2.0, aim to enhance efficiency and reduce emissions in oil extraction.","ONGC Faces Crisis After 16-Day Blowout at Assam Oil Well, Raising Safety and Accountability Concerns","The Oil and Natural Gas Corporation (ONGC) is currently facing significant operational challenges, particularly highlighted by a recent blowout at its crude oil well in Sivasagar district, Assam. This incident, which involved a gas leak persisting for 16 days, underscores the difficulties oil companies encounter in managing well integrity and blowout prevention. ONGC's efforts to cap the leaking well, which included collaboration with US experts and a private firm, SK Petro Services, reflect a commitment to best practices in crisis management. However, the situation raises concerns about accountability, operational safety, and environmental impact, affecting local economies and public perception of the oil industry. The incident not only tests ONGC's crisis management capabilities but also has broader implications for regulatory scrutiny and investor confidence in oil extraction practices in India.",Hindustan Times,ONGC well blowout in Assam: Gas leakage continues for 14 days,"The blowout took place on June 12 at Well No RDS 147A of Rig No SKP 135 of Rudrasagar oil field of Oil and Natural Gas Corporation at Barichuk of Bhatiapar. A private firm, SK Petro Services, was operating the well on behalf of the state-run Maharatna company.",2,"A 16-day blowout at ONGC's Rudrasagar oil field, operated by SK Petro Services, has raised significant safety and accountability concerns for the state-run company.",2,New,Negative,High
2025-06-25,"- **Fed Rate Cut Speculation**: Optimism in oil demand due to potential U.S. interest rate cuts amid economic slowdown; declining U.S. Dollar supports emerging market oil import costs.

- **Geopolitical Tensions**: Volatility in crude market driven by escalating tensions over Iranian oil supply; potential disruptions could lead to price spikes.

- **U.S. Crude Oil Inventories**: Significant drop of 5.8 million barrels signals tightening supply, contributing to upward pressure on prices.

- **Israel-Iran Conflict**: Ongoing tensions threaten to disrupt oil shipments through the Strait of Hormuz, with prices potentially reaching $120 per barrel; recent ceasefires have temporarily eased fears.

- **Iran's Oil Production Strategy**: Sanctions and geopolitical tensions shape Iran's production capacity and global supply dynamics; potential for increased production if sanctions are lifted.

- **China's Oil Demand**: Surge in imports from Iran driven by U.S. sanctions; strategic diversification of energy sources impacts global pricing dynamics.

- **U.S. Oil Rig Count Decline**: Slight decrease in rig count indicates potential production slowdown; however, EIA projects continued production growth through 2025.

- **ONGC Operational Crisis**: 16-day blowout at Assam oil well raises safety and accountability concerns, impacting local economies and investor confidence.

- **Technological Innovations**: New sustainable oil recovery technologies being developed, such as RF XL 2.0, aim to enhance efficiency and reduce emissions in oil extraction.",Geopolitical Tensions Over Iranian Oil Supply Spark Volatility in Crude Market,"The crude oil market is currently experiencing significant volatility driven by geopolitical tensions, particularly regarding Iranian crude oil supply. Analysts are closely watching the potential disruptions in China's reliance on Iranian oil, which could lead to tighter regional supply and improved refining margins for upstream producers. This sensitivity to geopolitical events, alongside economic indicators, is causing immediate price fluctuations in the oil market, highlighting the intricate relationship between market trends and external factors influencing crude oil prices.",SWI swissinfo.ch,Asian Shares Face Cautious Start as Rally Pauses: Markets Wrap,"The moves reflected a sense of uncertainty as investors grappled with an uneasy ceasefire in the Middle East and the inflationary effects of US tariffs. Despite stabilizing prices, the oil market is still volatile, with Russia open to another output hike at the next OPEC+ meeting, and US President Donald Trump's comments on Iranian sanctions causing concerns.",3,"Investor uncertainty over Middle East ceasefire and US tariffs contributes to ongoing volatility in the crude oil market, exacerbated by potential Russian output increases and US sanctions on Iran.",3,New,Positive,High
2025-06-25,"- **Fed Rate Cut Speculation**: Optimism in oil demand due to potential U.S. interest rate cuts amid economic slowdown; declining U.S. Dollar supports emerging market oil import costs.

- **Geopolitical Tensions**: Volatility in crude market driven by escalating tensions over Iranian oil supply; potential disruptions could lead to price spikes.

- **U.S. Crude Oil Inventories**: Significant drop of 5.8 million barrels signals tightening supply, contributing to upward pressure on prices.

- **Israel-Iran Conflict**: Ongoing tensions threaten to disrupt oil shipments through the Strait of Hormuz, with prices potentially reaching $120 per barrel; recent ceasefires have temporarily eased fears.

- **Iran's Oil Production Strategy**: Sanctions and geopolitical tensions shape Iran's production capacity and global supply dynamics; potential for increased production if sanctions are lifted.

- **China's Oil Demand**: Surge in imports from Iran driven by U.S. sanctions; strategic diversification of energy sources impacts global pricing dynamics.

- **U.S. Oil Rig Count Decline**: Slight decrease in rig count indicates potential production slowdown; however, EIA projects continued production growth through 2025.

- **ONGC Operational Crisis**: 16-day blowout at Assam oil well raises safety and accountability concerns, impacting local economies and investor confidence.

- **Technological Innovations**: New sustainable oil recovery technologies being developed, such as RF XL 2.0, aim to enhance efficiency and reduce emissions in oil extraction.",Escalating Israel-Iran Tensions Threaten to Drive Oil Prices to $120 per Barrel,"The ongoing tensions between Israel and Iran significantly impact global oil prices, primarily due to the strategic importance of the Strait of Hormuz, a vital shipping route through which a substantial portion of the world's oil supply is transported. Experts warn that escalating conflicts could disrupt oil shipments, potentially driving prices up to $120 per barrel. The situation is exacerbated by military actions, including missile strikes and U.S. military posturing, which have already led to increased volatility in oil markets. The fear of supply disruptions has created a 'war premium' of $7-$8 per barrel, reflecting the market's sensitivity to geopolitical developments. Countries heavily reliant on oil imports, such as India, face heightened vulnerability to price fluctuations driven by these tensions. Analysts are closely monitoring the situation, as any escalation could lead to significant price shocks and further complicate the delicate balance of oil supply and demand. Recent ceasefires have temporarily alleviated fears of immediate supply disruptions, resulting in price corrections, but the overall instability in the region continues to pose risks to global oil markets.",FXStreet News,WTI Oil remains depressed below $65.00 on easing supply concerns,"What factors drive the price of WTI Oil?
Like all assets, supply and demand are the key drivers of WTI Oil price. As such, global growth can be a driver of increased demand and vice versa for weak global growth. Political instability, wars, and sanctions can disrupt supply and impact prices. The decisions of OPEC, a group of major Oil-producing countries, is another key driver of price. The value of the US Dollar influences the price of WTI Crude Oil, since Oil is predominantly traded in US Dollars, thus a weaker US Dollar can make Oil more affordable and vice versa.",4,"The price of WTI Oil is primarily influenced by supply and demand dynamics, global economic conditions, geopolitical factors, OPEC decisions, and fluctuations in the US Dollar.",4,Moderate,Positive,High
2025-06-25,"- **Fed Rate Cut Speculation**: Optimism in oil demand due to potential U.S. interest rate cuts amid economic slowdown; declining U.S. Dollar supports emerging market oil import costs.

- **Geopolitical Tensions**: Volatility in crude market driven by escalating tensions over Iranian oil supply; potential disruptions could lead to price spikes.

- **U.S. Crude Oil Inventories**: Significant drop of 5.8 million barrels signals tightening supply, contributing to upward pressure on prices.

- **Israel-Iran Conflict**: Ongoing tensions threaten to disrupt oil shipments through the Strait of Hormuz, with prices potentially reaching $120 per barrel; recent ceasefires have temporarily eased fears.

- **Iran's Oil Production Strategy**: Sanctions and geopolitical tensions shape Iran's production capacity and global supply dynamics; potential for increased production if sanctions are lifted.

- **China's Oil Demand**: Surge in imports from Iran driven by U.S. sanctions; strategic diversification of energy sources impacts global pricing dynamics.

- **U.S. Oil Rig Count Decline**: Slight decrease in rig count indicates potential production slowdown; however, EIA projects continued production growth through 2025.

- **ONGC Operational Crisis**: 16-day blowout at Assam oil well raises safety and accountability concerns, impacting local economies and investor confidence.

- **Technological Innovations**: New sustainable oil recovery technologies being developed, such as RF XL 2.0, aim to enhance efficiency and reduce emissions in oil extraction.","U.S. Crude Oil Inventories Plunge 5.8 Million Barrels, Signaling Tightening Supply and Rising Prices","Recent data from the Energy Information Administration (EIA) and the American Petroleum Institute (API) indicate a significant decline in U.S. crude oil inventories, with a reported drop of 5.836 million barrels for the week ending June 20, exceeding market expectations of a 0.75 million barrel decrease. This decline follows a previous week where inventories fell by over 10 million barrels, marking an 11-year seasonal low. The reduction in stockpiles, alongside rising refining activity and increased demand, suggests a tightening supply situation that could exert upward pressure on crude oil prices. Analysts are closely monitoring these trends as they reflect the balance of supply and demand dynamics in the U.S. oil market, particularly in the context of ongoing geopolitical tensions and economic recovery efforts. Additionally, the growth of U.S. crude oil exports is driving demand for transportation and logistics services, prompting companies like Enbridge to consider investments in infrastructure to support this expanding export capacity.",FXStreet News,WTI snaps losing streak as US crude stockpiles fall,"How does inventory data impact the price of WTI Oil
The weekly Oil inventory reports published by the American Petroleum Institute (API) and the Energy Information Agency (EIA) impact the price of WTI Oil. Changes in inventories reflect fluctuating supply and demand. If the data shows a drop in inventories it can indicate increased demand, pushing up Oil price. Higher inventories can reflect increased supply, pushing down prices. API's report is published every Tuesday and EIA's the day after. Their results are usually similar, falling within 1% of each other 75% of the time. The EIA data is considered more reliable, since it is a government agency.",4,Inventory data from API and EIA significantly influences WTI Oil prices by reflecting supply and demand dynamics.,4,Old,Positive,High
2025-06-25,"- **Fed Rate Cut Speculation**: Optimism in oil demand due to potential U.S. interest rate cuts amid economic slowdown; declining U.S. Dollar supports emerging market oil import costs.

- **Geopolitical Tensions**: Volatility in crude market driven by escalating tensions over Iranian oil supply; potential disruptions could lead to price spikes.

- **U.S. Crude Oil Inventories**: Significant drop of 5.8 million barrels signals tightening supply, contributing to upward pressure on prices.

- **Israel-Iran Conflict**: Ongoing tensions threaten to disrupt oil shipments through the Strait of Hormuz, with prices potentially reaching $120 per barrel; recent ceasefires have temporarily eased fears.

- **Iran's Oil Production Strategy**: Sanctions and geopolitical tensions shape Iran's production capacity and global supply dynamics; potential for increased production if sanctions are lifted.

- **China's Oil Demand**: Surge in imports from Iran driven by U.S. sanctions; strategic diversification of energy sources impacts global pricing dynamics.

- **U.S. Oil Rig Count Decline**: Slight decrease in rig count indicates potential production slowdown; however, EIA projects continued production growth through 2025.

- **ONGC Operational Crisis**: 16-day blowout at Assam oil well raises safety and accountability concerns, impacting local economies and investor confidence.

- **Technological Innovations**: New sustainable oil recovery technologies being developed, such as RF XL 2.0, aim to enhance efficiency and reduce emissions in oil extraction.",Escalating Israel-Iran Tensions Threaten to Drive Oil Prices to $120 per Barrel,"The ongoing tensions between Israel and Iran significantly impact global oil prices, primarily due to the strategic importance of the Strait of Hormuz, a vital shipping route through which a substantial portion of the world's oil supply is transported. Experts warn that escalating conflicts could disrupt oil shipments, potentially driving prices up to $120 per barrel. The situation is exacerbated by military actions, including missile strikes and U.S. military posturing, which have already led to increased volatility in oil markets. The fear of supply disruptions has created a 'war premium' of $7-$8 per barrel, reflecting the market's sensitivity to geopolitical developments. Countries heavily reliant on oil imports, such as India, face heightened vulnerability to price fluctuations driven by these tensions. Analysts are closely monitoring the situation, as any escalation could lead to significant price shocks and further complicate the delicate balance of oil supply and demand. Recent ceasefires have temporarily alleviated fears of immediate supply disruptions, resulting in price corrections, but the overall instability in the region continues to pose risks to global oil markets.",Yahoo! Finance,Crude Oil Price Volatility Offers a Lesson for ETF Investors,"Crude oil prices have been on a rollercoaster ride in recent weeks as tensions escalated between Israel and Iran, peaking with U.S. airstrikes on Iranian nuclear facilities and dropping sharply on news of a possible cease-fire.",4,"Recent U.S. airstrikes on Iranian nuclear facilities amid escalating Israel-Iran tensions have caused crude oil prices to fluctuate significantly, raising concerns that prices could reach $120 per barrel.",4,Moderate,Positive,High
2025-06-25,"- **Fed Rate Cut Speculation**: Optimism in oil demand due to potential U.S. interest rate cuts amid economic slowdown; declining U.S. Dollar supports emerging market oil import costs.

- **Geopolitical Tensions**: Volatility in crude market driven by escalating tensions over Iranian oil supply; potential disruptions could lead to price spikes.

- **U.S. Crude Oil Inventories**: Significant drop of 5.8 million barrels signals tightening supply, contributing to upward pressure on prices.

- **Israel-Iran Conflict**: Ongoing tensions threaten to disrupt oil shipments through the Strait of Hormuz, with prices potentially reaching $120 per barrel; recent ceasefires have temporarily eased fears.

- **Iran's Oil Production Strategy**: Sanctions and geopolitical tensions shape Iran's production capacity and global supply dynamics; potential for increased production if sanctions are lifted.

- **China's Oil Demand**: Surge in imports from Iran driven by U.S. sanctions; strategic diversification of energy sources impacts global pricing dynamics.

- **U.S. Oil Rig Count Decline**: Slight decrease in rig count indicates potential production slowdown; however, EIA projects continued production growth through 2025.

- **ONGC Operational Crisis**: 16-day blowout at Assam oil well raises safety and accountability concerns, impacting local economies and investor confidence.

- **Technological Innovations**: New sustainable oil recovery technologies being developed, such as RF XL 2.0, aim to enhance efficiency and reduce emissions in oil extraction.",Escalating Israel-Iran Tensions Threaten to Drive Oil Prices to $120 per Barrel,"The ongoing tensions between Israel and Iran significantly impact global oil prices, primarily due to the strategic importance of the Strait of Hormuz, a vital shipping route through which a substantial portion of the world's oil supply is transported. Experts warn that escalating conflicts could disrupt oil shipments, potentially driving prices up to $120 per barrel. The situation is exacerbated by military actions, including missile strikes and U.S. military posturing, which have already led to increased volatility in oil markets. The fear of supply disruptions has created a 'war premium' of $7-$8 per barrel, reflecting the market's sensitivity to geopolitical developments. Countries heavily reliant on oil imports, such as India, face heightened vulnerability to price fluctuations driven by these tensions. Analysts are closely monitoring the situation, as any escalation could lead to significant price shocks and further complicate the delicate balance of oil supply and demand. Recent ceasefires have temporarily alleviated fears of immediate supply disruptions, resulting in price corrections, but the overall instability in the region continues to pose risks to global oil markets.",Yahoo! Finance,Crude Oil Price Volatility Offers a Lesson for ETF Investors,"The United States Oil Fund (USO), the $1.4 billion ETF tracking West Texas Intermediate (WTI) crude, spiked more than 6% during intraday trading on June 23, only to fall just as fast when Iran's response appeared restrained, easing fears of a full-blown regional crisis.",4,"USO ETF surged over 6% amid escalating Israel-Iran tensions, but quickly fell as Iran's restrained response alleviated fears of a regional crisis.",4,Moderate,Positive,High
2025-06-25,"- **Fed Rate Cut Speculation**: Optimism in oil demand due to potential U.S. interest rate cuts amid economic slowdown; declining U.S. Dollar supports emerging market oil import costs.

- **Geopolitical Tensions**: Volatility in crude market driven by escalating tensions over Iranian oil supply; potential disruptions could lead to price spikes.

- **U.S. Crude Oil Inventories**: Significant drop of 5.8 million barrels signals tightening supply, contributing to upward pressure on prices.

- **Israel-Iran Conflict**: Ongoing tensions threaten to disrupt oil shipments through the Strait of Hormuz, with prices potentially reaching $120 per barrel; recent ceasefires have temporarily eased fears.

- **Iran's Oil Production Strategy**: Sanctions and geopolitical tensions shape Iran's production capacity and global supply dynamics; potential for increased production if sanctions are lifted.

- **China's Oil Demand**: Surge in imports from Iran driven by U.S. sanctions; strategic diversification of energy sources impacts global pricing dynamics.

- **U.S. Oil Rig Count Decline**: Slight decrease in rig count indicates potential production slowdown; however, EIA projects continued production growth through 2025.

- **ONGC Operational Crisis**: 16-day blowout at Assam oil well raises safety and accountability concerns, impacting local economies and investor confidence.

- **Technological Innovations**: New sustainable oil recovery technologies being developed, such as RF XL 2.0, aim to enhance efficiency and reduce emissions in oil extraction.",Escalating Israel-Iran Tensions Threaten to Drive Oil Prices to $120 per Barrel,"The ongoing tensions between Israel and Iran significantly impact global oil prices, primarily due to the strategic importance of the Strait of Hormuz, a vital shipping route through which a substantial portion of the world's oil supply is transported. Experts warn that escalating conflicts could disrupt oil shipments, potentially driving prices up to $120 per barrel. The situation is exacerbated by military actions, including missile strikes and U.S. military posturing, which have already led to increased volatility in oil markets. The fear of supply disruptions has created a 'war premium' of $7-$8 per barrel, reflecting the market's sensitivity to geopolitical developments. Countries heavily reliant on oil imports, such as India, face heightened vulnerability to price fluctuations driven by these tensions. Analysts are closely monitoring the situation, as any escalation could lead to significant price shocks and further complicate the delicate balance of oil supply and demand. Recent ceasefires have temporarily alleviated fears of immediate supply disruptions, resulting in price corrections, but the overall instability in the region continues to pose risks to global oil markets.",Financial Express via Web,Why India must spread its oil import bets,"Oil imports from the US, West Africa and Brazil have also grown as India seeks to diversify its sourcing. In recent years, more than 50% of its crude oil imports have originated in the Middle East. In 2023, nearly 40% of its crude oil requirements were met by Russian imports. US barrels have also gained momentum, with India on track to import over 1 mbd across April-June 2025.",4,"India's diversification of oil imports, including increased US and Russian supplies, highlights its vulnerability to Middle Eastern tensions, which could exacerbate oil price spikes amid escalating Israel-Iran conflicts.",4,Moderate,Positive,High
2025-06-25,"- **Fed Rate Cut Speculation**: Optimism in oil demand due to potential U.S. interest rate cuts amid economic slowdown; declining U.S. Dollar supports emerging market oil import costs.

- **Geopolitical Tensions**: Volatility in crude market driven by escalating tensions over Iranian oil supply; potential disruptions could lead to price spikes.

- **U.S. Crude Oil Inventories**: Significant drop of 5.8 million barrels signals tightening supply, contributing to upward pressure on prices.

- **Israel-Iran Conflict**: Ongoing tensions threaten to disrupt oil shipments through the Strait of Hormuz, with prices potentially reaching $120 per barrel; recent ceasefires have temporarily eased fears.

- **Iran's Oil Production Strategy**: Sanctions and geopolitical tensions shape Iran's production capacity and global supply dynamics; potential for increased production if sanctions are lifted.

- **China's Oil Demand**: Surge in imports from Iran driven by U.S. sanctions; strategic diversification of energy sources impacts global pricing dynamics.

- **U.S. Oil Rig Count Decline**: Slight decrease in rig count indicates potential production slowdown; however, EIA projects continued production growth through 2025.

- **ONGC Operational Crisis**: 16-day blowout at Assam oil well raises safety and accountability concerns, impacting local economies and investor confidence.

- **Technological Innovations**: New sustainable oil recovery technologies being developed, such as RF XL 2.0, aim to enhance efficiency and reduce emissions in oil extraction.",Escalating Israel-Iran Tensions Threaten to Drive Oil Prices to $120 per Barrel,"The ongoing tensions between Israel and Iran significantly impact global oil prices, primarily due to the strategic importance of the Strait of Hormuz, a vital shipping route through which a substantial portion of the world's oil supply is transported. Experts warn that escalating conflicts could disrupt oil shipments, potentially driving prices up to $120 per barrel. The situation is exacerbated by military actions, including missile strikes and U.S. military posturing, which have already led to increased volatility in oil markets. The fear of supply disruptions has created a 'war premium' of $7-$8 per barrel, reflecting the market's sensitivity to geopolitical developments. Countries heavily reliant on oil imports, such as India, face heightened vulnerability to price fluctuations driven by these tensions. Analysts are closely monitoring the situation, as any escalation could lead to significant price shocks and further complicate the delicate balance of oil supply and demand. Recent ceasefires have temporarily alleviated fears of immediate supply disruptions, resulting in price corrections, but the overall instability in the region continues to pose risks to global oil markets.",Alliance News,COMMODITIES: Oil remains softer as supply worries ease; gold rebounds,"(Alliance News) - Oil prices slid on Wednesday as supply risks abated amid growing hopes that the ceasefire between Israel and Iran might last longer.
A barrel of Brent oil fetched USD67.79 Wednesday afternoon in London, down from USD69.29 Tuesday. West Texas Intermediate crude fell to USD64.96 a barrel from USD66.58.",4,"Recent easing of supply risks due to a potential lasting ceasefire between Israel and Iran has led to a decline in oil prices, with Brent crude dropping to $67.79 per barrel.",4,Moderate,Positive,High
2025-06-25,"- **Fed Rate Cut Speculation**: Optimism in oil demand due to potential U.S. interest rate cuts amid economic slowdown; declining U.S. Dollar supports emerging market oil import costs.

- **Geopolitical Tensions**: Volatility in crude market driven by escalating tensions over Iranian oil supply; potential disruptions could lead to price spikes.

- **U.S. Crude Oil Inventories**: Significant drop of 5.8 million barrels signals tightening supply, contributing to upward pressure on prices.

- **Israel-Iran Conflict**: Ongoing tensions threaten to disrupt oil shipments through the Strait of Hormuz, with prices potentially reaching $120 per barrel; recent ceasefires have temporarily eased fears.

- **Iran's Oil Production Strategy**: Sanctions and geopolitical tensions shape Iran's production capacity and global supply dynamics; potential for increased production if sanctions are lifted.

- **China's Oil Demand**: Surge in imports from Iran driven by U.S. sanctions; strategic diversification of energy sources impacts global pricing dynamics.

- **U.S. Oil Rig Count Decline**: Slight decrease in rig count indicates potential production slowdown; however, EIA projects continued production growth through 2025.

- **ONGC Operational Crisis**: 16-day blowout at Assam oil well raises safety and accountability concerns, impacting local economies and investor confidence.

- **Technological Innovations**: New sustainable oil recovery technologies being developed, such as RF XL 2.0, aim to enhance efficiency and reduce emissions in oil extraction.",Escalating Israel-Iran Tensions Threaten to Drive Oil Prices to $120 per Barrel,"The ongoing tensions between Israel and Iran significantly impact global oil prices, primarily due to the strategic importance of the Strait of Hormuz, a vital shipping route through which a substantial portion of the world's oil supply is transported. Experts warn that escalating conflicts could disrupt oil shipments, potentially driving prices up to $120 per barrel. The situation is exacerbated by military actions, including missile strikes and U.S. military posturing, which have already led to increased volatility in oil markets. The fear of supply disruptions has created a 'war premium' of $7-$8 per barrel, reflecting the market's sensitivity to geopolitical developments. Countries heavily reliant on oil imports, such as India, face heightened vulnerability to price fluctuations driven by these tensions. Analysts are closely monitoring the situation, as any escalation could lead to significant price shocks and further complicate the delicate balance of oil supply and demand. Recent ceasefires have temporarily alleviated fears of immediate supply disruptions, resulting in price corrections, but the overall instability in the region continues to pose risks to global oil markets.",Financial Express via Web,Why India must spread its oil import bets,"l  Looking for other sources is crucial
OPTIONS SUCH AS boosting domestic oil and gas production or expanding green energy production would take years to bear fruit. In the short term, crude oil and gas would have to be sourced from other regions.An expanding conflict in the Middle East is a cause of concern for crude oil and natural gas prices. Any surge in the prices would be detrimental for India as it relies on imports to the extent of 88% of its crude oil consumption and 45% of its natural gas consumption.",4,"Escalating tensions between Israel and Iran could lead to a significant rise in oil prices, potentially reaching $120 per barrel, which poses a serious risk for oil-importing countries like India that heavily depend on foreign energy sources.",4,Moderate,Positive,High
2025-06-25,"- **Fed Rate Cut Speculation**: Optimism in oil demand due to potential U.S. interest rate cuts amid economic slowdown; declining U.S. Dollar supports emerging market oil import costs.

- **Geopolitical Tensions**: Volatility in crude market driven by escalating tensions over Iranian oil supply; potential disruptions could lead to price spikes.

- **U.S. Crude Oil Inventories**: Significant drop of 5.8 million barrels signals tightening supply, contributing to upward pressure on prices.

- **Israel-Iran Conflict**: Ongoing tensions threaten to disrupt oil shipments through the Strait of Hormuz, with prices potentially reaching $120 per barrel; recent ceasefires have temporarily eased fears.

- **Iran's Oil Production Strategy**: Sanctions and geopolitical tensions shape Iran's production capacity and global supply dynamics; potential for increased production if sanctions are lifted.

- **China's Oil Demand**: Surge in imports from Iran driven by U.S. sanctions; strategic diversification of energy sources impacts global pricing dynamics.

- **U.S. Oil Rig Count Decline**: Slight decrease in rig count indicates potential production slowdown; however, EIA projects continued production growth through 2025.

- **ONGC Operational Crisis**: 16-day blowout at Assam oil well raises safety and accountability concerns, impacting local economies and investor confidence.

- **Technological Innovations**: New sustainable oil recovery technologies being developed, such as RF XL 2.0, aim to enhance efficiency and reduce emissions in oil extraction.",Escalating Israel-Iran Tensions Threaten to Drive Oil Prices to $120 per Barrel,"The ongoing tensions between Israel and Iran significantly impact global oil prices, primarily due to the strategic importance of the Strait of Hormuz, a vital shipping route through which a substantial portion of the world's oil supply is transported. Experts warn that escalating conflicts could disrupt oil shipments, potentially driving prices up to $120 per barrel. The situation is exacerbated by military actions, including missile strikes and U.S. military posturing, which have already led to increased volatility in oil markets. The fear of supply disruptions has created a 'war premium' of $7-$8 per barrel, reflecting the market's sensitivity to geopolitical developments. Countries heavily reliant on oil imports, such as India, face heightened vulnerability to price fluctuations driven by these tensions. Analysts are closely monitoring the situation, as any escalation could lead to significant price shocks and further complicate the delicate balance of oil supply and demand. Recent ceasefires have temporarily alleviated fears of immediate supply disruptions, resulting in price corrections, but the overall instability in the region continues to pose risks to global oil markets.",Financial Express via Web,Why India must spread its oil import bets,"l  Likely impact on India's imports
ABOUT 45% OF India's crude oil and 54% of LNG imports pass through the Strait. The Strategic Petroleum Reserves and domestic oil companies have only about 74 days of oil inventory combined. Roughly 39% of India's crude imports in recent months-1.73-1.83 mbd-have transited via Hormuz, as per data analytics provider Kpler.",4,"India's heavy reliance on the Strait of Hormuz for crude oil and LNG imports, coupled with limited domestic reserves, heightens vulnerability to escalating Israel-Iran tensions that could push oil prices to $120 per barrel.",4,Moderate,Positive,High
2025-06-25,"- **Fed Rate Cut Speculation**: Optimism in oil demand due to potential U.S. interest rate cuts amid economic slowdown; declining U.S. Dollar supports emerging market oil import costs.

- **Geopolitical Tensions**: Volatility in crude market driven by escalating tensions over Iranian oil supply; potential disruptions could lead to price spikes.

- **U.S. Crude Oil Inventories**: Significant drop of 5.8 million barrels signals tightening supply, contributing to upward pressure on prices.

- **Israel-Iran Conflict**: Ongoing tensions threaten to disrupt oil shipments through the Strait of Hormuz, with prices potentially reaching $120 per barrel; recent ceasefires have temporarily eased fears.

- **Iran's Oil Production Strategy**: Sanctions and geopolitical tensions shape Iran's production capacity and global supply dynamics; potential for increased production if sanctions are lifted.

- **China's Oil Demand**: Surge in imports from Iran driven by U.S. sanctions; strategic diversification of energy sources impacts global pricing dynamics.

- **U.S. Oil Rig Count Decline**: Slight decrease in rig count indicates potential production slowdown; however, EIA projects continued production growth through 2025.

- **ONGC Operational Crisis**: 16-day blowout at Assam oil well raises safety and accountability concerns, impacting local economies and investor confidence.

- **Technological Innovations**: New sustainable oil recovery technologies being developed, such as RF XL 2.0, aim to enhance efficiency and reduce emissions in oil extraction.","U.S. Crude Oil Inventories Plunge 5.8 Million Barrels, Signaling Tightening Supply and Rising Prices","Recent data from the Energy Information Administration (EIA) and the American Petroleum Institute (API) indicate a significant decline in U.S. crude oil inventories, with a reported drop of 5.836 million barrels for the week ending June 20, exceeding market expectations of a 0.75 million barrel decrease. This decline follows a previous week where inventories fell by over 10 million barrels, marking an 11-year seasonal low. The reduction in stockpiles, alongside rising refining activity and increased demand, suggests a tightening supply situation that could exert upward pressure on crude oil prices. Analysts are closely monitoring these trends as they reflect the balance of supply and demand dynamics in the U.S. oil market, particularly in the context of ongoing geopolitical tensions and economic recovery efforts. Additionally, the growth of U.S. crude oil exports is driving demand for transportation and logistics services, prompting companies like Enbridge to consider investments in infrastructure to support this expanding export capacity.",Morningstar,NYMEX Overview: ULSD Futures Leading Petroleum Prices Higher,"EIA data was the force sending prices higher, with the agency reporting across-the-board draws in U.S. petroleum inventories during the week ended Friday.
EIA reported distillate inventories fell by 4.1 million bbl and are now 20% below seasonal averages. Crude inventories fell by 5.8 million bbl, EIA reported, with supplies now about 11% below the seasonal five-year average.",4,"EIA data reveals a significant drop in U.S. crude oil inventories by 5.8 million barrels, alongside a 4.1 million barrel decline in distillate stocks, indicating tightening supply and potential upward pressure on prices.",4,Old,Positive,High
2025-06-25,"- **Fed Rate Cut Speculation**: Optimism in oil demand due to potential U.S. interest rate cuts amid economic slowdown; declining U.S. Dollar supports emerging market oil import costs.

- **Geopolitical Tensions**: Volatility in crude market driven by escalating tensions over Iranian oil supply; potential disruptions could lead to price spikes.

- **U.S. Crude Oil Inventories**: Significant drop of 5.8 million barrels signals tightening supply, contributing to upward pressure on prices.

- **Israel-Iran Conflict**: Ongoing tensions threaten to disrupt oil shipments through the Strait of Hormuz, with prices potentially reaching $120 per barrel; recent ceasefires have temporarily eased fears.

- **Iran's Oil Production Strategy**: Sanctions and geopolitical tensions shape Iran's production capacity and global supply dynamics; potential for increased production if sanctions are lifted.

- **China's Oil Demand**: Surge in imports from Iran driven by U.S. sanctions; strategic diversification of energy sources impacts global pricing dynamics.

- **U.S. Oil Rig Count Decline**: Slight decrease in rig count indicates potential production slowdown; however, EIA projects continued production growth through 2025.

- **ONGC Operational Crisis**: 16-day blowout at Assam oil well raises safety and accountability concerns, impacting local economies and investor confidence.

- **Technological Innovations**: New sustainable oil recovery technologies being developed, such as RF XL 2.0, aim to enhance efficiency and reduce emissions in oil extraction.",Iran's Oil Production Strategy: Sanctions and Geopolitical Tensions Shape Global Supply Dynamics,"Iran's oil production strategy is significantly influenced by its substantial reserves, holding nearly 10% of the world's proven oil, and its current production capacity of approximately 3 million barrels per day. The potential for increasing production is closely tied to the easing of international sanctions, which, if lifted, could alter global oil supply dynamics and prices. Iran's geopolitical importance is further highlighted by its control over the Strait of Hormuz, a vital passage for about 20% of the world's crude oil. Recent tensions with Israel have raised concerns about possible disruptions to oil supplies, emphasizing the risk of an Iranian blockade that could affect not only its own production but also that of major regional producers like Saudi Arabia, Iraq, and Kuwait. This complex interplay of sanctions, geopolitical tensions, and market responses underscores the critical role of Iran's oil production strategy in the global oil landscape.",Nasdaq,Iran-Israel Ceasefire Could Stabilize Oil Markets,"Iran's Oil Production Capacity
Despite years of international sanctions, Iran has maintained a substantial oil production capacity. The country holds nearly 10% of the world's proven oil reserves and has the potential to increase its current production of roughly 3 million barrels per day if sanctions were eased.",1,"Iran's significant oil production capacity, bolstered by nearly 10% of global reserves, remains constrained by sanctions, yet it has the potential to boost output to 3 million barrels per day if restrictions are lifted.",1,Moderate,Negative,High
2025-06-25,"- **Fed Rate Cut Speculation**: Optimism in oil demand due to potential U.S. interest rate cuts amid economic slowdown; declining U.S. Dollar supports emerging market oil import costs.

- **Geopolitical Tensions**: Volatility in crude market driven by escalating tensions over Iranian oil supply; potential disruptions could lead to price spikes.

- **U.S. Crude Oil Inventories**: Significant drop of 5.8 million barrels signals tightening supply, contributing to upward pressure on prices.

- **Israel-Iran Conflict**: Ongoing tensions threaten to disrupt oil shipments through the Strait of Hormuz, with prices potentially reaching $120 per barrel; recent ceasefires have temporarily eased fears.

- **Iran's Oil Production Strategy**: Sanctions and geopolitical tensions shape Iran's production capacity and global supply dynamics; potential for increased production if sanctions are lifted.

- **China's Oil Demand**: Surge in imports from Iran driven by U.S. sanctions; strategic diversification of energy sources impacts global pricing dynamics.

- **U.S. Oil Rig Count Decline**: Slight decrease in rig count indicates potential production slowdown; however, EIA projects continued production growth through 2025.

- **ONGC Operational Crisis**: 16-day blowout at Assam oil well raises safety and accountability concerns, impacting local economies and investor confidence.

- **Technological Innovations**: New sustainable oil recovery technologies being developed, such as RF XL 2.0, aim to enhance efficiency and reduce emissions in oil extraction.","U.S. Crude Oil Inventories Plunge 5.8 Million Barrels, Signaling Tightening Supply and Rising Prices","Recent data from the Energy Information Administration (EIA) and the American Petroleum Institute (API) indicate a significant decline in U.S. crude oil inventories, with a reported drop of 5.836 million barrels for the week ending June 20, exceeding market expectations of a 0.75 million barrel decrease. This decline follows a previous week where inventories fell by over 10 million barrels, marking an 11-year seasonal low. The reduction in stockpiles, alongside rising refining activity and increased demand, suggests a tightening supply situation that could exert upward pressure on crude oil prices. Analysts are closely monitoring these trends as they reflect the balance of supply and demand dynamics in the U.S. oil market, particularly in the context of ongoing geopolitical tensions and economic recovery efforts. Additionally, the growth of U.S. crude oil exports is driving demand for transportation and logistics services, prompting companies like Enbridge to consider investments in infrastructure to support this expanding export capacity.",Morningstar,NYMEX Overview: ULSD Futures Leading Petroleum Prices Higher,"ULSD futures were seeing solid gains heading into Wednesday afternoon, while RBOB and oil futures were also rising following the release of the latest federal inventory and demand data.
Most of the activity in refined products is focused on the next-month contract Wednesday, and August ULSD was 4.06cts higher to $2.2902/gal at about 11 a.m. ET, a half hour after release of the Energy Information Administration's Weekly Petroleum Status Report. July prices were up by 4.48cts to $2.3299/gal.",4,"Following a significant drop in U.S. crude oil inventories by 5.8 million barrels, refined product futures, including ULSD and RBOB, experienced notable price increases, indicating a tightening supply and potential for rising prices.",4,Old,Positive,High
2025-06-25,"- **Fed Rate Cut Speculation**: Optimism in oil demand due to potential U.S. interest rate cuts amid economic slowdown; declining U.S. Dollar supports emerging market oil import costs.

- **Geopolitical Tensions**: Volatility in crude market driven by escalating tensions over Iranian oil supply; potential disruptions could lead to price spikes.

- **U.S. Crude Oil Inventories**: Significant drop of 5.8 million barrels signals tightening supply, contributing to upward pressure on prices.

- **Israel-Iran Conflict**: Ongoing tensions threaten to disrupt oil shipments through the Strait of Hormuz, with prices potentially reaching $120 per barrel; recent ceasefires have temporarily eased fears.

- **Iran's Oil Production Strategy**: Sanctions and geopolitical tensions shape Iran's production capacity and global supply dynamics; potential for increased production if sanctions are lifted.

- **China's Oil Demand**: Surge in imports from Iran driven by U.S. sanctions; strategic diversification of energy sources impacts global pricing dynamics.

- **U.S. Oil Rig Count Decline**: Slight decrease in rig count indicates potential production slowdown; however, EIA projects continued production growth through 2025.

- **ONGC Operational Crisis**: 16-day blowout at Assam oil well raises safety and accountability concerns, impacting local economies and investor confidence.

- **Technological Innovations**: New sustainable oil recovery technologies being developed, such as RF XL 2.0, aim to enhance efficiency and reduce emissions in oil extraction.",Escalating Israel-Iran Tensions Threaten to Drive Oil Prices to $120 per Barrel,"The ongoing tensions between Israel and Iran significantly impact global oil prices, primarily due to the strategic importance of the Strait of Hormuz, a vital shipping route through which a substantial portion of the world's oil supply is transported. Experts warn that escalating conflicts could disrupt oil shipments, potentially driving prices up to $120 per barrel. The situation is exacerbated by military actions, including missile strikes and U.S. military posturing, which have already led to increased volatility in oil markets. The fear of supply disruptions has created a 'war premium' of $7-$8 per barrel, reflecting the market's sensitivity to geopolitical developments. Countries heavily reliant on oil imports, such as India, face heightened vulnerability to price fluctuations driven by these tensions. Analysts are closely monitoring the situation, as any escalation could lead to significant price shocks and further complicate the delicate balance of oil supply and demand. Recent ceasefires have temporarily alleviated fears of immediate supply disruptions, resulting in price corrections, but the overall instability in the region continues to pose risks to global oil markets.",Yahoo! Finance,Blackout at Cardón refinery highlights Venezuela's oil industry crisis,"The economic fallout from Venezuela's collapse in oil production has been severe.
Oil revenues fell 93% between 2012 and 2020, leaving the country without the foreign currency needed to import essential goods. The result was a near-total breakdown of its productive capacity.",4,"Venezuela's oil production collapse highlights the potential economic consequences of geopolitical tensions, such as those between Israel and Iran, which could similarly disrupt oil markets and drive prices to $120 per barrel.",4,Moderate,Positive,High
2025-06-25,"- **Fed Rate Cut Speculation**: Optimism in oil demand due to potential U.S. interest rate cuts amid economic slowdown; declining U.S. Dollar supports emerging market oil import costs.

- **Geopolitical Tensions**: Volatility in crude market driven by escalating tensions over Iranian oil supply; potential disruptions could lead to price spikes.

- **U.S. Crude Oil Inventories**: Significant drop of 5.8 million barrels signals tightening supply, contributing to upward pressure on prices.

- **Israel-Iran Conflict**: Ongoing tensions threaten to disrupt oil shipments through the Strait of Hormuz, with prices potentially reaching $120 per barrel; recent ceasefires have temporarily eased fears.

- **Iran's Oil Production Strategy**: Sanctions and geopolitical tensions shape Iran's production capacity and global supply dynamics; potential for increased production if sanctions are lifted.

- **China's Oil Demand**: Surge in imports from Iran driven by U.S. sanctions; strategic diversification of energy sources impacts global pricing dynamics.

- **U.S. Oil Rig Count Decline**: Slight decrease in rig count indicates potential production slowdown; however, EIA projects continued production growth through 2025.

- **ONGC Operational Crisis**: 16-day blowout at Assam oil well raises safety and accountability concerns, impacting local economies and investor confidence.

- **Technological Innovations**: New sustainable oil recovery technologies being developed, such as RF XL 2.0, aim to enhance efficiency and reduce emissions in oil extraction.",Acceleware and Scovan's RF XL 2.0: A Game-Changer for Sustainable Oil Recovery,"Technological innovations in the oil sector are increasingly focused on sustainability and efficiency, exemplified by the partnership between Acceleware and Scovan to commercialize RF XL 2.0, a new enhanced oil recovery (EOR) technology. This initiative aims to improve oil sands extraction by enhancing efficiency and reducing emissions, aligning with global decarbonization efforts. The integration of carbon dioxide (CO2) in EOR techniques is also gaining traction, as it not only boosts hydrocarbon extraction from unconventional reservoirs but also facilitates carbon sequestration, addressing environmental concerns. Companies like Occidental Petroleum are leading these advancements, which have the potential to reshape oil production practices and contribute to more sustainable operations within the fossil fuel industry. As the industry faces pressure to balance production with environmental responsibilities, innovations like RF XL are critical in redefining operational strategies and investment in oil recovery methods.",NordSIP,JPMorganChase DAC Deal Raises Questions,"DAC overshadowed by JPMorganChase's vast financed emissions
CCUS technology is especially popular with the fossil fuel industry, which has been accused of promoting the technology as a means of mitigating continued oil and gas consumption. Moreover, captured CO2 can be used to extract more oil from previously unviable wells in a technique known as Enhanced Oil Recovery (EAR). 1PointFive is a subsidiary of the Houston, Texas headquartered Occidental Petroleum Corporation (Oxy), which is involved in oil exploration in the United States and the Middle East as well as petrochemical manufacturing in the United States, Canada, and Chile.",2,"The text highlights the controversial role of CCUS technology in the fossil fuel industry, particularly its use in Enhanced Oil Recovery, which aligns with Acceleware and Scovan's RF XL 2.0 approach to sustainable oil recovery.",2,New,Positive,High
2025-06-25,"- **Fed Rate Cut Speculation**: Optimism in oil demand due to potential U.S. interest rate cuts amid economic slowdown; declining U.S. Dollar supports emerging market oil import costs.

- **Geopolitical Tensions**: Volatility in crude market driven by escalating tensions over Iranian oil supply; potential disruptions could lead to price spikes.

- **U.S. Crude Oil Inventories**: Significant drop of 5.8 million barrels signals tightening supply, contributing to upward pressure on prices.

- **Israel-Iran Conflict**: Ongoing tensions threaten to disrupt oil shipments through the Strait of Hormuz, with prices potentially reaching $120 per barrel; recent ceasefires have temporarily eased fears.

- **Iran's Oil Production Strategy**: Sanctions and geopolitical tensions shape Iran's production capacity and global supply dynamics; potential for increased production if sanctions are lifted.

- **China's Oil Demand**: Surge in imports from Iran driven by U.S. sanctions; strategic diversification of energy sources impacts global pricing dynamics.

- **U.S. Oil Rig Count Decline**: Slight decrease in rig count indicates potential production slowdown; however, EIA projects continued production growth through 2025.

- **ONGC Operational Crisis**: 16-day blowout at Assam oil well raises safety and accountability concerns, impacting local economies and investor confidence.

- **Technological Innovations**: New sustainable oil recovery technologies being developed, such as RF XL 2.0, aim to enhance efficiency and reduce emissions in oil extraction.",China's Oil Demand Surge Driven by U.S. Sanctions on Iran and Strategic Diversification,"China's demand for oil is significantly influenced by its geopolitical strategies and economic considerations, particularly in the context of U.S. sanctions on Iranian oil. Despite these sanctions, China continues to import substantial volumes of Iranian crude, essential for its independent refineries, indicating a robust demand for discounted oil. This clandestine trade, facilitated by 'shadow fleet' tankers, not only supports Iran's economy but also impacts global oil pricing dynamics. Additionally, China's reluctance to increase imports of U.S. oil due to tariffs and political tensions further complicates its procurement patterns. The surge in imports from Iranian sources, driven by independent 'teapot' refineries and a strategic push to diversify energy sources, reflects China's efforts to secure supplies amid fluctuating global oil prices. Analysts are closely monitoring these trends, as China's increasing demand can significantly influence global oil supply dynamics and pricing structures, especially if OPEC+ continues to adjust production levels.",The Times Of India,"'Hopefully will purchase plenty from US...': Donald Trump says China can get Iran oil, but wants it to buy from America; will it listen?","China To Buy More US Oil?
Market specialists and oil analysts across Asia indicated that Trump's statements were unlikely to influence China's immediate procurement patterns for oil, whether from Iran or the United States. Iranian crude constitutes approximately 13.6% of China's petroleum acquisitions this year, with the reduced-price supplies serving as crucial support for independent refineries operating under tight margins. American oil represents merely 2% of Chinese imports, and Beijing's imposed 10% duties on US petroleum effectively discourage additional purchases. China consistently challenges what it terms Washington's ""abuse of illegal unilateral sanctions.""",3,"China's oil demand surge is largely unaffected by U.S. sanctions on Iran, as it relies on discounted Iranian crude for independent refineries, while American oil imports remain minimal due to tariffs.",3,Moderate,Positive,High
2025-06-25,"- **Fed Rate Cut Speculation**: Optimism in oil demand due to potential U.S. interest rate cuts amid economic slowdown; declining U.S. Dollar supports emerging market oil import costs.

- **Geopolitical Tensions**: Volatility in crude market driven by escalating tensions over Iranian oil supply; potential disruptions could lead to price spikes.

- **U.S. Crude Oil Inventories**: Significant drop of 5.8 million barrels signals tightening supply, contributing to upward pressure on prices.

- **Israel-Iran Conflict**: Ongoing tensions threaten to disrupt oil shipments through the Strait of Hormuz, with prices potentially reaching $120 per barrel; recent ceasefires have temporarily eased fears.

- **Iran's Oil Production Strategy**: Sanctions and geopolitical tensions shape Iran's production capacity and global supply dynamics; potential for increased production if sanctions are lifted.

- **China's Oil Demand**: Surge in imports from Iran driven by U.S. sanctions; strategic diversification of energy sources impacts global pricing dynamics.

- **U.S. Oil Rig Count Decline**: Slight decrease in rig count indicates potential production slowdown; however, EIA projects continued production growth through 2025.

- **ONGC Operational Crisis**: 16-day blowout at Assam oil well raises safety and accountability concerns, impacting local economies and investor confidence.

- **Technological Innovations**: New sustainable oil recovery technologies being developed, such as RF XL 2.0, aim to enhance efficiency and reduce emissions in oil extraction.",Fed Rate Cut Speculation Fuels Optimism in Oil Demand Amid U.S. Economic Slowdown,"The relationship between U.S. economic indicators and oil demand is increasingly significant, particularly as recent macroeconomic data suggests potential for weaker-than-expected growth. This has led to speculation about interest rate cuts by the Federal Reserve, which could stimulate economic activity and subsequently increase oil demand. Fed Chair Powell's indications of possible rate cuts as early as July have contributed to optimism in the oil market. Additionally, the strength of the U.S. Dollar plays a crucial role in influencing crude oil prices, with recent declines in the Dollar Index positively impacting emerging market currencies like the Indian Rupee. This shift has improved risk sentiment and reduced oil import costs for countries reliant on oil, such as India. Furthermore, tight crude oil inventories alongside expectations of a more accommodative monetary policy could lead to higher oil prices, reflecting the intricate interplay between U.S. economic performance, monetary policy, and global oil demand dynamics.",Business Times (Singapore),Oil price rollercoaster hammers South-east Asia's top energy counters,"Sector winners
Malaysia's economy and currency are also oil-sensitive, given petroleum's role in fiscal revenues and trade.
Despite the turmoil, upstream oil producers remain best positioned to benefit from higher crude prices if tensions resurface. Upstream service providers with exposure to maintenance works are expected to demonstrate earnings resilience in coming quarters.",3,Malaysia's oil-sensitive economy positions upstream oil producers and maintenance service providers to benefit from potential crude price increases amid Fed rate cut speculation and U.S. economic slowdown.,3,Old,Positive,High
2025-06-25,"- **Fed Rate Cut Speculation**: Optimism in oil demand due to potential U.S. interest rate cuts amid economic slowdown; declining U.S. Dollar supports emerging market oil import costs.

- **Geopolitical Tensions**: Volatility in crude market driven by escalating tensions over Iranian oil supply; potential disruptions could lead to price spikes.

- **U.S. Crude Oil Inventories**: Significant drop of 5.8 million barrels signals tightening supply, contributing to upward pressure on prices.

- **Israel-Iran Conflict**: Ongoing tensions threaten to disrupt oil shipments through the Strait of Hormuz, with prices potentially reaching $120 per barrel; recent ceasefires have temporarily eased fears.

- **Iran's Oil Production Strategy**: Sanctions and geopolitical tensions shape Iran's production capacity and global supply dynamics; potential for increased production if sanctions are lifted.

- **China's Oil Demand**: Surge in imports from Iran driven by U.S. sanctions; strategic diversification of energy sources impacts global pricing dynamics.

- **U.S. Oil Rig Count Decline**: Slight decrease in rig count indicates potential production slowdown; however, EIA projects continued production growth through 2025.

- **ONGC Operational Crisis**: 16-day blowout at Assam oil well raises safety and accountability concerns, impacting local economies and investor confidence.

- **Technological Innovations**: New sustainable oil recovery technologies being developed, such as RF XL 2.0, aim to enhance efficiency and reduce emissions in oil extraction.",China's Oil Demand Surge Driven by U.S. Sanctions on Iran and Strategic Diversification,"China's demand for oil is significantly influenced by its geopolitical strategies and economic considerations, particularly in the context of U.S. sanctions on Iranian oil. Despite these sanctions, China continues to import substantial volumes of Iranian crude, essential for its independent refineries, indicating a robust demand for discounted oil. This clandestine trade, facilitated by 'shadow fleet' tankers, not only supports Iran's economy but also impacts global oil pricing dynamics. Additionally, China's reluctance to increase imports of U.S. oil due to tariffs and political tensions further complicates its procurement patterns. The surge in imports from Iranian sources, driven by independent 'teapot' refineries and a strategic push to diversify energy sources, reflects China's efforts to secure supplies amid fluctuating global oil prices. Analysts are closely monitoring these trends, as China's increasing demand can significantly influence global oil supply dynamics and pricing structures, especially if OPEC+ continues to adjust production levels.",Bunker Ports News Worldwide,Trump says China can continue to purchase oil from Iran,"Early in his second term that began in January, Trump had said he was re-imposing maximum pressure on Iran over its nuclear program and funding of militant groups across the Middle East.
He imposed waves of Iran-related sanctions including on several of China's so-called independent ""teapot"" refineries and port terminal operators for purchases of Iranian oil.",3,"U.S. sanctions on Iran, particularly targeting China's independent refineries, have prompted a surge in China's oil demand as the country seeks to diversify its energy sources.",3,Moderate,Positive,High
2025-06-25,"- **Fed Rate Cut Speculation**: Optimism in oil demand due to potential U.S. interest rate cuts amid economic slowdown; declining U.S. Dollar supports emerging market oil import costs.

- **Geopolitical Tensions**: Volatility in crude market driven by escalating tensions over Iranian oil supply; potential disruptions could lead to price spikes.

- **U.S. Crude Oil Inventories**: Significant drop of 5.8 million barrels signals tightening supply, contributing to upward pressure on prices.

- **Israel-Iran Conflict**: Ongoing tensions threaten to disrupt oil shipments through the Strait of Hormuz, with prices potentially reaching $120 per barrel; recent ceasefires have temporarily eased fears.

- **Iran's Oil Production Strategy**: Sanctions and geopolitical tensions shape Iran's production capacity and global supply dynamics; potential for increased production if sanctions are lifted.

- **China's Oil Demand**: Surge in imports from Iran driven by U.S. sanctions; strategic diversification of energy sources impacts global pricing dynamics.

- **U.S. Oil Rig Count Decline**: Slight decrease in rig count indicates potential production slowdown; however, EIA projects continued production growth through 2025.

- **ONGC Operational Crisis**: 16-day blowout at Assam oil well raises safety and accountability concerns, impacting local economies and investor confidence.

- **Technological Innovations**: New sustainable oil recovery technologies being developed, such as RF XL 2.0, aim to enhance efficiency and reduce emissions in oil extraction.",Iran's Oil Production Strategy: Sanctions and Geopolitical Tensions Shape Global Supply Dynamics,"Iran's oil production strategy is significantly influenced by its substantial reserves, holding nearly 10% of the world's proven oil, and its current production capacity of approximately 3 million barrels per day. The potential for increasing production is closely tied to the easing of international sanctions, which, if lifted, could alter global oil supply dynamics and prices. Iran's geopolitical importance is further highlighted by its control over the Strait of Hormuz, a vital passage for about 20% of the world's crude oil. Recent tensions with Israel have raised concerns about possible disruptions to oil supplies, emphasizing the risk of an Iranian blockade that could affect not only its own production but also that of major regional producers like Saudi Arabia, Iraq, and Kuwait. This complex interplay of sanctions, geopolitical tensions, and market responses underscores the critical role of Iran's oil production strategy in the global oil landscape.",Electronics Weekly,The Largest Oil Producers,"Perhaps more important than Iran's role as an oil producer is its strategic position and control of the Strait of Hormuz, though. Blocking off the narrow waterway, through which roughly 20 percent of the world's crude oil supply flows, could disrupt the global oil market significantly.",5,"Iran's strategic control of the Strait of Hormuz is crucial, as any disruption could significantly impact global oil supply dynamics amid ongoing sanctions and geopolitical tensions.",5,Moderate,Negative,High
2025-06-25,"- **Fed Rate Cut Speculation**: Optimism in oil demand due to potential U.S. interest rate cuts amid economic slowdown; declining U.S. Dollar supports emerging market oil import costs.

- **Geopolitical Tensions**: Volatility in crude market driven by escalating tensions over Iranian oil supply; potential disruptions could lead to price spikes.

- **U.S. Crude Oil Inventories**: Significant drop of 5.8 million barrels signals tightening supply, contributing to upward pressure on prices.

- **Israel-Iran Conflict**: Ongoing tensions threaten to disrupt oil shipments through the Strait of Hormuz, with prices potentially reaching $120 per barrel; recent ceasefires have temporarily eased fears.

- **Iran's Oil Production Strategy**: Sanctions and geopolitical tensions shape Iran's production capacity and global supply dynamics; potential for increased production if sanctions are lifted.

- **China's Oil Demand**: Surge in imports from Iran driven by U.S. sanctions; strategic diversification of energy sources impacts global pricing dynamics.

- **U.S. Oil Rig Count Decline**: Slight decrease in rig count indicates potential production slowdown; however, EIA projects continued production growth through 2025.

- **ONGC Operational Crisis**: 16-day blowout at Assam oil well raises safety and accountability concerns, impacting local economies and investor confidence.

- **Technological Innovations**: New sustainable oil recovery technologies being developed, such as RF XL 2.0, aim to enhance efficiency and reduce emissions in oil extraction.",Iran's Oil Production Strategy: Sanctions and Geopolitical Tensions Shape Global Supply Dynamics,"Iran's oil production strategy is significantly influenced by its substantial reserves, holding nearly 10% of the world's proven oil, and its current production capacity of approximately 3 million barrels per day. The potential for increasing production is closely tied to the easing of international sanctions, which, if lifted, could alter global oil supply dynamics and prices. Iran's geopolitical importance is further highlighted by its control over the Strait of Hormuz, a vital passage for about 20% of the world's crude oil. Recent tensions with Israel have raised concerns about possible disruptions to oil supplies, emphasizing the risk of an Iranian blockade that could affect not only its own production but also that of major regional producers like Saudi Arabia, Iraq, and Kuwait. This complex interplay of sanctions, geopolitical tensions, and market responses underscores the critical role of Iran's oil production strategy in the global oil landscape.",Dallas Morning News (DMN),"As Israel-Iran conflict roils markets, US oil supply becomes matter of 'national security'","Over the last several days, oil prices surged on fears over a prolonged conflict - only to plummet as the two countries reached a ceasefire in the wake of strikes on Iran's nuclear facilities.
The initial threat of an Iranian blockade of the Strait of Hormuz immediately added a ""war premium"" to crude prices, according to an analysis by Morningstar DBRS. ""If the conflict were to broaden, hampering crude oil supply from large regional producers, such as Saudi Arabia, Iraq, and Kuwait, oil prices could surge much higher.""",5,Recent fluctuations in oil prices highlight how geopolitical tensions and potential Iranian actions in the Strait of Hormuz can significantly impact global supply dynamics and Iran's oil production strategy amid ongoing sanctions.,5,Moderate,Negative,High
2025-06-25,"- **Fed Rate Cut Speculation**: Optimism in oil demand due to potential U.S. interest rate cuts amid economic slowdown; declining U.S. Dollar supports emerging market oil import costs.

- **Geopolitical Tensions**: Volatility in crude market driven by escalating tensions over Iranian oil supply; potential disruptions could lead to price spikes.

- **U.S. Crude Oil Inventories**: Significant drop of 5.8 million barrels signals tightening supply, contributing to upward pressure on prices.

- **Israel-Iran Conflict**: Ongoing tensions threaten to disrupt oil shipments through the Strait of Hormuz, with prices potentially reaching $120 per barrel; recent ceasefires have temporarily eased fears.

- **Iran's Oil Production Strategy**: Sanctions and geopolitical tensions shape Iran's production capacity and global supply dynamics; potential for increased production if sanctions are lifted.

- **China's Oil Demand**: Surge in imports from Iran driven by U.S. sanctions; strategic diversification of energy sources impacts global pricing dynamics.

- **U.S. Oil Rig Count Decline**: Slight decrease in rig count indicates potential production slowdown; however, EIA projects continued production growth through 2025.

- **ONGC Operational Crisis**: 16-day blowout at Assam oil well raises safety and accountability concerns, impacting local economies and investor confidence.

- **Technological Innovations**: New sustainable oil recovery technologies being developed, such as RF XL 2.0, aim to enhance efficiency and reduce emissions in oil extraction.",Iran's Oil Production Strategy: Sanctions and Geopolitical Tensions Shape Global Supply Dynamics,"Iran's oil production strategy is significantly influenced by its substantial reserves, holding nearly 10% of the world's proven oil, and its current production capacity of approximately 3 million barrels per day. The potential for increasing production is closely tied to the easing of international sanctions, which, if lifted, could alter global oil supply dynamics and prices. Iran's geopolitical importance is further highlighted by its control over the Strait of Hormuz, a vital passage for about 20% of the world's crude oil. Recent tensions with Israel have raised concerns about possible disruptions to oil supplies, emphasizing the risk of an Iranian blockade that could affect not only its own production but also that of major regional producers like Saudi Arabia, Iraq, and Kuwait. This complex interplay of sanctions, geopolitical tensions, and market responses underscores the critical role of Iran's oil production strategy in the global oil landscape.",BNN Bloomberg,The Daily Chase: TSX hits record close,"Oil steadies as Iran-Israel ceasefire holds: Oil edged higher, trading just under US$65 per barrel, after a two-day decline. Investors have largely shrugged off the threat to crude supplies posed by U.S.-Iran clashes. Ron Bousso of Reuters says this reflects the declining relative importance of the Middle East in global oil supply as other regions, especially North America, increase output. What a contrast to 1973, when an Arab oil embargo led to a near quadrupling of oil prices. Iran's 1979 revolution saw a doubling of spot prices as did Iraq's invasion of Kuwait in 1990.",5,"Recent stability in oil prices amid U.S.-Iran tensions highlights the diminishing influence of the Middle East on global oil supply, as North American production rises, contrasting historical price spikes during past geopolitical crises.",5,Moderate,Negative,High
2025-06-25,"- **Fed Rate Cut Speculation**: Optimism in oil demand due to potential U.S. interest rate cuts amid economic slowdown; declining U.S. Dollar supports emerging market oil import costs.

- **Geopolitical Tensions**: Volatility in crude market driven by escalating tensions over Iranian oil supply; potential disruptions could lead to price spikes.

- **U.S. Crude Oil Inventories**: Significant drop of 5.8 million barrels signals tightening supply, contributing to upward pressure on prices.

- **Israel-Iran Conflict**: Ongoing tensions threaten to disrupt oil shipments through the Strait of Hormuz, with prices potentially reaching $120 per barrel; recent ceasefires have temporarily eased fears.

- **Iran's Oil Production Strategy**: Sanctions and geopolitical tensions shape Iran's production capacity and global supply dynamics; potential for increased production if sanctions are lifted.

- **China's Oil Demand**: Surge in imports from Iran driven by U.S. sanctions; strategic diversification of energy sources impacts global pricing dynamics.

- **U.S. Oil Rig Count Decline**: Slight decrease in rig count indicates potential production slowdown; however, EIA projects continued production growth through 2025.

- **ONGC Operational Crisis**: 16-day blowout at Assam oil well raises safety and accountability concerns, impacting local economies and investor confidence.

- **Technological Innovations**: New sustainable oil recovery technologies being developed, such as RF XL 2.0, aim to enhance efficiency and reduce emissions in oil extraction.",Iran's Oil Production Strategy: Sanctions and Geopolitical Tensions Shape Global Supply Dynamics,"Iran's oil production strategy is significantly influenced by its substantial reserves, holding nearly 10% of the world's proven oil, and its current production capacity of approximately 3 million barrels per day. The potential for increasing production is closely tied to the easing of international sanctions, which, if lifted, could alter global oil supply dynamics and prices. Iran's geopolitical importance is further highlighted by its control over the Strait of Hormuz, a vital passage for about 20% of the world's crude oil. Recent tensions with Israel have raised concerns about possible disruptions to oil supplies, emphasizing the risk of an Iranian blockade that could affect not only its own production but also that of major regional producers like Saudi Arabia, Iraq, and Kuwait. This complex interplay of sanctions, geopolitical tensions, and market responses underscores the critical role of Iran's oil production strategy in the global oil landscape.",Pipeline & Gas Journal,"North Dakota Drilling, Fracking Hold Steady Despite Oil Price Swings","There are currently 13 frac crews operating in the state and 32 rigs. Overall, U.S. energy firms last week dropped oil and natural gas rigs for the eighth straight week for the first time since September 2023, according to data from energy services firm Baker Hughes on Friday.",5,"U.S. energy firms have reduced oil and natural gas rigs for the eighth consecutive week, with 13 frac crews and 32 rigs currently operating in the state, marking a significant trend in the energy sector.",5,Moderate,Negative,High
2025-06-25,"- **Fed Rate Cut Speculation**: Optimism in oil demand due to potential U.S. interest rate cuts amid economic slowdown; declining U.S. Dollar supports emerging market oil import costs.

- **Geopolitical Tensions**: Volatility in crude market driven by escalating tensions over Iranian oil supply; potential disruptions could lead to price spikes.

- **U.S. Crude Oil Inventories**: Significant drop of 5.8 million barrels signals tightening supply, contributing to upward pressure on prices.

- **Israel-Iran Conflict**: Ongoing tensions threaten to disrupt oil shipments through the Strait of Hormuz, with prices potentially reaching $120 per barrel; recent ceasefires have temporarily eased fears.

- **Iran's Oil Production Strategy**: Sanctions and geopolitical tensions shape Iran's production capacity and global supply dynamics; potential for increased production if sanctions are lifted.

- **China's Oil Demand**: Surge in imports from Iran driven by U.S. sanctions; strategic diversification of energy sources impacts global pricing dynamics.

- **U.S. Oil Rig Count Decline**: Slight decrease in rig count indicates potential production slowdown; however, EIA projects continued production growth through 2025.

- **ONGC Operational Crisis**: 16-day blowout at Assam oil well raises safety and accountability concerns, impacting local economies and investor confidence.

- **Technological Innovations**: New sustainable oil recovery technologies being developed, such as RF XL 2.0, aim to enhance efficiency and reduce emissions in oil extraction.",Acceleware and Scovan's RF XL 2.0: A Game-Changer for Sustainable Oil Recovery,"Technological innovations in the oil sector are increasingly focused on sustainability and efficiency, exemplified by the partnership between Acceleware and Scovan to commercialize RF XL 2.0, a new enhanced oil recovery (EOR) technology. This initiative aims to improve oil sands extraction by enhancing efficiency and reducing emissions, aligning with global decarbonization efforts. The integration of carbon dioxide (CO2) in EOR techniques is also gaining traction, as it not only boosts hydrocarbon extraction from unconventional reservoirs but also facilitates carbon sequestration, addressing environmental concerns. Companies like Occidental Petroleum are leading these advancements, which have the potential to reshape oil production practices and contribute to more sustainable operations within the fossil fuel industry. As the industry faces pressure to balance production with environmental responsibilities, innovations like RF XL are critical in redefining operational strategies and investment in oil recovery methods.",MDPI,Reservoir Simulation of CO2 Flooding vs. CO2 Huff-and-Puff in Shale Formations: Comparative Analysis of Storage and Recovery Mechanisms,"Introduction
Recently, increasing attention has been directed toward the use of carbon dioxide (CO2) in enhanced gas recovery (CO2-EGR), particularly within unconventional reservoirs such as shale formations. Unlike conventional enhanced oil recovery (CO2-EOR), which has been widely applied in mature oil fields, CO2-EGR presents a promising alternative for boosting hydrocarbon recovery from tight gas-bearing formations. This approach not only improves gas recovery but also enables the permanent geological storage of CO2, addressing both energy security and environmental concerns. The dual-purpose nature of CO2-EGR-enhancing production from difficult-to-develop resources while contributing to long-term carbon sequestration-aligns closely with global climate mitigation goals  ,, .",2,"The use of CO2 in enhanced gas recovery (CO2-EGR) offers a sustainable solution for boosting hydrocarbon recovery from unconventional reservoirs while facilitating long-term carbon sequestration, aligning with global climate goals.",2,New,Positive,High
2025-06-25,"- **Fed Rate Cut Speculation**: Optimism in oil demand due to potential U.S. interest rate cuts amid economic slowdown; declining U.S. Dollar supports emerging market oil import costs.

- **Geopolitical Tensions**: Volatility in crude market driven by escalating tensions over Iranian oil supply; potential disruptions could lead to price spikes.

- **U.S. Crude Oil Inventories**: Significant drop of 5.8 million barrels signals tightening supply, contributing to upward pressure on prices.

- **Israel-Iran Conflict**: Ongoing tensions threaten to disrupt oil shipments through the Strait of Hormuz, with prices potentially reaching $120 per barrel; recent ceasefires have temporarily eased fears.

- **Iran's Oil Production Strategy**: Sanctions and geopolitical tensions shape Iran's production capacity and global supply dynamics; potential for increased production if sanctions are lifted.

- **China's Oil Demand**: Surge in imports from Iran driven by U.S. sanctions; strategic diversification of energy sources impacts global pricing dynamics.

- **U.S. Oil Rig Count Decline**: Slight decrease in rig count indicates potential production slowdown; however, EIA projects continued production growth through 2025.

- **ONGC Operational Crisis**: 16-day blowout at Assam oil well raises safety and accountability concerns, impacting local economies and investor confidence.

- **Technological Innovations**: New sustainable oil recovery technologies being developed, such as RF XL 2.0, aim to enhance efficiency and reduce emissions in oil extraction.",Fed Rate Cut Speculation Fuels Optimism in Oil Demand Amid U.S. Economic Slowdown,"The relationship between U.S. economic indicators and oil demand is increasingly significant, particularly as recent macroeconomic data suggests potential for weaker-than-expected growth. This has led to speculation about interest rate cuts by the Federal Reserve, which could stimulate economic activity and subsequently increase oil demand. Fed Chair Powell's indications of possible rate cuts as early as July have contributed to optimism in the oil market. Additionally, the strength of the U.S. Dollar plays a crucial role in influencing crude oil prices, with recent declines in the Dollar Index positively impacting emerging market currencies like the Indian Rupee. This shift has improved risk sentiment and reduced oil import costs for countries reliant on oil, such as India. Furthermore, tight crude oil inventories alongside expectations of a more accommodative monetary policy could lead to higher oil prices, reflecting the intricate interplay between U.S. economic performance, monetary policy, and global oil demand dynamics.",MT Newswires,Crude Oil Prices Climb as Market Assesses Stability of Israel-Iran Ceasefire,"Meanwhile, U.S. macroeconomic data released late on Tuesday showed possibly weaker-than-expected economic growth, supporting expectations of rate cuts this year. Lower rates typically spur economic growth and oil demand.",3,"Weaker-than-expected U.S. economic growth data bolsters Fed rate cut expectations, potentially enhancing oil demand.",3,Old,Positive,High
2025-06-25,"- **Fed Rate Cut Speculation**: Optimism in oil demand due to potential U.S. interest rate cuts amid economic slowdown; declining U.S. Dollar supports emerging market oil import costs.

- **Geopolitical Tensions**: Volatility in crude market driven by escalating tensions over Iranian oil supply; potential disruptions could lead to price spikes.

- **U.S. Crude Oil Inventories**: Significant drop of 5.8 million barrels signals tightening supply, contributing to upward pressure on prices.

- **Israel-Iran Conflict**: Ongoing tensions threaten to disrupt oil shipments through the Strait of Hormuz, with prices potentially reaching $120 per barrel; recent ceasefires have temporarily eased fears.

- **Iran's Oil Production Strategy**: Sanctions and geopolitical tensions shape Iran's production capacity and global supply dynamics; potential for increased production if sanctions are lifted.

- **China's Oil Demand**: Surge in imports from Iran driven by U.S. sanctions; strategic diversification of energy sources impacts global pricing dynamics.

- **U.S. Oil Rig Count Decline**: Slight decrease in rig count indicates potential production slowdown; however, EIA projects continued production growth through 2025.

- **ONGC Operational Crisis**: 16-day blowout at Assam oil well raises safety and accountability concerns, impacting local economies and investor confidence.

- **Technological Innovations**: New sustainable oil recovery technologies being developed, such as RF XL 2.0, aim to enhance efficiency and reduce emissions in oil extraction.",Middle East Ceasefire Sparks Oil Price Fluctuations Amid Geopolitical Tensions,"The geopolitical landscape, particularly in the Middle East, significantly impacts global oil supply dynamics, with countries like India and South Korea heavily reliant on oil imports from this region. Recent developments, such as the ceasefire between Israel and Iran, have led to fluctuations in crude oil prices, retreating to $64-$65 per barrel, with analysts warning of potential declines below $60 if this range is breached. India's complex relationships with Gulf Cooperation Council (GCC) countries and its balancing act regarding Israel further complicate its crude oil import dynamics, highlighting the interconnectedness of international relations and energy markets. The Strait of Hormuz remains a critical chokepoint for global oil supply, with 18% of daily consumption passing through it, making any conflict involving Iran a significant risk for shortages and price spikes. Additionally, ongoing tensions between the US and Iran, including oil export restrictions, create market uncertainty, while China's continued import of Iranian crude complicates supply dynamics. Overall, geopolitical tensions and resolutions play a crucial role in shaping oil market volatility, affecting global supply and demand dynamics.",Moneycontrol.com via Web,Is India overestimating Israel's role as a trusted defence partner?,"On the economic front, the GCC (comprising Saudi Arabia, Kuwait, Bahrain, the UAE, Qatar, Kuwait and Oman) is India's largest trading bloc, and also hosts some of the largest Indian diasporas. A significant proportion of Indian crude oil imports also come from the region, even if imports from Russia rose subsequent to its invasion of Ukraine. Thus far, India has been able to balance these relationships with its dependence on Israel, but today India's silence threatens to upset some of these ties.",1,"India's economic ties with the GCC, crucial for crude oil imports, face potential strain due to its diplomatic silence amid Middle East ceasefire developments, impacting oil price stability.",1,Old,Positive,Medium
2025-06-25,"- **Fed Rate Cut Speculation**: Optimism in oil demand due to potential U.S. interest rate cuts amid economic slowdown; declining U.S. Dollar supports emerging market oil import costs.

- **Geopolitical Tensions**: Volatility in crude market driven by escalating tensions over Iranian oil supply; potential disruptions could lead to price spikes.

- **U.S. Crude Oil Inventories**: Significant drop of 5.8 million barrels signals tightening supply, contributing to upward pressure on prices.

- **Israel-Iran Conflict**: Ongoing tensions threaten to disrupt oil shipments through the Strait of Hormuz, with prices potentially reaching $120 per barrel; recent ceasefires have temporarily eased fears.

- **Iran's Oil Production Strategy**: Sanctions and geopolitical tensions shape Iran's production capacity and global supply dynamics; potential for increased production if sanctions are lifted.

- **China's Oil Demand**: Surge in imports from Iran driven by U.S. sanctions; strategic diversification of energy sources impacts global pricing dynamics.

- **U.S. Oil Rig Count Decline**: Slight decrease in rig count indicates potential production slowdown; however, EIA projects continued production growth through 2025.

- **ONGC Operational Crisis**: 16-day blowout at Assam oil well raises safety and accountability concerns, impacting local economies and investor confidence.

- **Technological Innovations**: New sustainable oil recovery technologies being developed, such as RF XL 2.0, aim to enhance efficiency and reduce emissions in oil extraction.",Iran's Oil Production Strategy: Sanctions and Geopolitical Tensions Shape Global Supply Dynamics,"Iran's oil production strategy is significantly influenced by its substantial reserves, holding nearly 10% of the world's proven oil, and its current production capacity of approximately 3 million barrels per day. The potential for increasing production is closely tied to the easing of international sanctions, which, if lifted, could alter global oil supply dynamics and prices. Iran's geopolitical importance is further highlighted by its control over the Strait of Hormuz, a vital passage for about 20% of the world's crude oil. Recent tensions with Israel have raised concerns about possible disruptions to oil supplies, emphasizing the risk of an Iranian blockade that could affect not only its own production but also that of major regional producers like Saudi Arabia, Iraq, and Kuwait. This complex interplay of sanctions, geopolitical tensions, and market responses underscores the critical role of Iran's oil production strategy in the global oil landscape.",Pipeline & Gas Journal,"North Dakota Drilling, Fracking Hold Steady Despite Oil Price Swings","North Dakota is the third-largest oil-producing state. Its oil output fell 22,000 barrels-per-day (bpd) to 1,172,000 bpd in April, monthly data from the state Industrial Commission showed.
""Volatility is hard for companies to plan for. Many of the operators in the state now are larger operators and react less to the volatility in prices that we're seeing right now,"" said Nathan Anderson, director of the state's Department of Mineral Resources.",5,"North Dakota's oil production decreased by 22,000 bpd to 1,172,000 bpd in April, highlighting challenges in planning due to price volatility, though larger operators are less affected.",5,Moderate,Negative,High
2025-06-25,"- **Fed Rate Cut Speculation**: Optimism in oil demand due to potential U.S. interest rate cuts amid economic slowdown; declining U.S. Dollar supports emerging market oil import costs.

- **Geopolitical Tensions**: Volatility in crude market driven by escalating tensions over Iranian oil supply; potential disruptions could lead to price spikes.

- **U.S. Crude Oil Inventories**: Significant drop of 5.8 million barrels signals tightening supply, contributing to upward pressure on prices.

- **Israel-Iran Conflict**: Ongoing tensions threaten to disrupt oil shipments through the Strait of Hormuz, with prices potentially reaching $120 per barrel; recent ceasefires have temporarily eased fears.

- **Iran's Oil Production Strategy**: Sanctions and geopolitical tensions shape Iran's production capacity and global supply dynamics; potential for increased production if sanctions are lifted.

- **China's Oil Demand**: Surge in imports from Iran driven by U.S. sanctions; strategic diversification of energy sources impacts global pricing dynamics.

- **U.S. Oil Rig Count Decline**: Slight decrease in rig count indicates potential production slowdown; however, EIA projects continued production growth through 2025.

- **ONGC Operational Crisis**: 16-day blowout at Assam oil well raises safety and accountability concerns, impacting local economies and investor confidence.

- **Technological Innovations**: New sustainable oil recovery technologies being developed, such as RF XL 2.0, aim to enhance efficiency and reduce emissions in oil extraction.",U.S. Oil Rig Count Decline Signals Production Slowdown Amid Price Volatility,"The U.S. oil rig count serves as a vital indicator of the oil industry's health and future production capabilities. Recent data from Baker Hughes reveals a slight decline in the total number of oil and gas rigs, particularly in key regions like Midland and Delaware, signaling a potential slowdown in production growth. This decrease reflects producers' adjustments to price volatility, impacting market expectations and investor sentiment. Despite this decline, the U.S. Energy Information Administration (EIA) projects an increase in crude oil production from 13.2 million barrels per day (bpd) in 2024 to 13.4 million bpd in 2025, driven by technological advancements and sector investment. This resilience in production suggests that the U.S. will continue to play a crucial role in global oil supply, potentially mitigating disruptions from other regions, including the Middle East.",Yahoo! Finance,North America Rig Count Stays Flat,"Of the total U.S. rig count of 554, 538 rigs are categorized as land rigs, 14 are categorized as offshore rigs, and two are categorized as inland water rigs. The total U.S. rig count is made up of 438 oil rigs, 111 gas rigs, and five miscellaneous rigs, according to Baker Hughes' count, which revealed that the U.S. total comprises 502 horizontal rigs, 40 directional rigs, and 12 vertical rigs.",4,"The U.S. oil rig count stands at 438, indicating a potential production slowdown amid ongoing price volatility.",4,Moderate,Negative,High
2025-06-25,"- **Fed Rate Cut Speculation**: Optimism in oil demand due to potential U.S. interest rate cuts amid economic slowdown; declining U.S. Dollar supports emerging market oil import costs.

- **Geopolitical Tensions**: Volatility in crude market driven by escalating tensions over Iranian oil supply; potential disruptions could lead to price spikes.

- **U.S. Crude Oil Inventories**: Significant drop of 5.8 million barrels signals tightening supply, contributing to upward pressure on prices.

- **Israel-Iran Conflict**: Ongoing tensions threaten to disrupt oil shipments through the Strait of Hormuz, with prices potentially reaching $120 per barrel; recent ceasefires have temporarily eased fears.

- **Iran's Oil Production Strategy**: Sanctions and geopolitical tensions shape Iran's production capacity and global supply dynamics; potential for increased production if sanctions are lifted.

- **China's Oil Demand**: Surge in imports from Iran driven by U.S. sanctions; strategic diversification of energy sources impacts global pricing dynamics.

- **U.S. Oil Rig Count Decline**: Slight decrease in rig count indicates potential production slowdown; however, EIA projects continued production growth through 2025.

- **ONGC Operational Crisis**: 16-day blowout at Assam oil well raises safety and accountability concerns, impacting local economies and investor confidence.

- **Technological Innovations**: New sustainable oil recovery technologies being developed, such as RF XL 2.0, aim to enhance efficiency and reduce emissions in oil extraction.",U.S. Oil Rig Count Decline Signals Production Slowdown Amid Price Volatility,"The U.S. oil rig count serves as a vital indicator of the oil industry's health and future production capabilities. Recent data from Baker Hughes reveals a slight decline in the total number of oil and gas rigs, particularly in key regions like Midland and Delaware, signaling a potential slowdown in production growth. This decrease reflects producers' adjustments to price volatility, impacting market expectations and investor sentiment. Despite this decline, the U.S. Energy Information Administration (EIA) projects an increase in crude oil production from 13.2 million barrels per day (bpd) in 2024 to 13.4 million bpd in 2025, driven by technological advancements and sector investment. This resilience in production suggests that the U.S. will continue to play a crucial role in global oil supply, potentially mitigating disruptions from other regions, including the Middle East.",Yahoo! Finance,North America Rig Count Stays Flat,"Canada's total rig count of 139 is made up of 93 oil rigs and 46 gas rigs, Baker Hughes pointed out. The country's oil rig count increased by two week on week and its gas rig count dropped by one during the period, the count revealed.",4,"Canada's oil rig count rose by two, contrasting with the U.S. decline, highlighting regional differences in production trends amid ongoing price volatility.",4,Moderate,Negative,High
2025-06-25,"- **Fed Rate Cut Speculation**: Optimism in oil demand due to potential U.S. interest rate cuts amid economic slowdown; declining U.S. Dollar supports emerging market oil import costs.

- **Geopolitical Tensions**: Volatility in crude market driven by escalating tensions over Iranian oil supply; potential disruptions could lead to price spikes.

- **U.S. Crude Oil Inventories**: Significant drop of 5.8 million barrels signals tightening supply, contributing to upward pressure on prices.

- **Israel-Iran Conflict**: Ongoing tensions threaten to disrupt oil shipments through the Strait of Hormuz, with prices potentially reaching $120 per barrel; recent ceasefires have temporarily eased fears.

- **Iran's Oil Production Strategy**: Sanctions and geopolitical tensions shape Iran's production capacity and global supply dynamics; potential for increased production if sanctions are lifted.

- **China's Oil Demand**: Surge in imports from Iran driven by U.S. sanctions; strategic diversification of energy sources impacts global pricing dynamics.

- **U.S. Oil Rig Count Decline**: Slight decrease in rig count indicates potential production slowdown; however, EIA projects continued production growth through 2025.

- **ONGC Operational Crisis**: 16-day blowout at Assam oil well raises safety and accountability concerns, impacting local economies and investor confidence.

- **Technological Innovations**: New sustainable oil recovery technologies being developed, such as RF XL 2.0, aim to enhance efficiency and reduce emissions in oil extraction.",U.S. Oil Rig Count Decline Signals Production Slowdown Amid Price Volatility,"The U.S. oil rig count serves as a vital indicator of the oil industry's health and future production capabilities. Recent data from Baker Hughes reveals a slight decline in the total number of oil and gas rigs, particularly in key regions like Midland and Delaware, signaling a potential slowdown in production growth. This decrease reflects producers' adjustments to price volatility, impacting market expectations and investor sentiment. Despite this decline, the U.S. Energy Information Administration (EIA) projects an increase in crude oil production from 13.2 million barrels per day (bpd) in 2024 to 13.4 million bpd in 2025, driven by technological advancements and sector investment. This resilience in production suggests that the U.S. will continue to play a crucial role in global oil supply, potentially mitigating disruptions from other regions, including the Middle East.",Yahoo! Finance,North America Rig Count Stays Flat,"""The U.S. oil rig count fell by just one rig this week, signaling a slowdown in the broader downtrend. Losses were concentrated in key areas: Midland (-1), Delaware TX (-3), and Anadarko (-4). This was partially offset by gains in Delaware NM (+3), Eagle Ford (+2), and Niobrara (+3),"" they went on to say.",4,"A slight decline in the U.S. oil rig count, primarily in key regions, indicates a potential slowdown in production amidst ongoing price volatility.",4,Moderate,Negative,High
2025-06-25,"- **Fed Rate Cut Speculation**: Optimism in oil demand due to potential U.S. interest rate cuts amid economic slowdown; declining U.S. Dollar supports emerging market oil import costs.

- **Geopolitical Tensions**: Volatility in crude market driven by escalating tensions over Iranian oil supply; potential disruptions could lead to price spikes.

- **U.S. Crude Oil Inventories**: Significant drop of 5.8 million barrels signals tightening supply, contributing to upward pressure on prices.

- **Israel-Iran Conflict**: Ongoing tensions threaten to disrupt oil shipments through the Strait of Hormuz, with prices potentially reaching $120 per barrel; recent ceasefires have temporarily eased fears.

- **Iran's Oil Production Strategy**: Sanctions and geopolitical tensions shape Iran's production capacity and global supply dynamics; potential for increased production if sanctions are lifted.

- **China's Oil Demand**: Surge in imports from Iran driven by U.S. sanctions; strategic diversification of energy sources impacts global pricing dynamics.

- **U.S. Oil Rig Count Decline**: Slight decrease in rig count indicates potential production slowdown; however, EIA projects continued production growth through 2025.

- **ONGC Operational Crisis**: 16-day blowout at Assam oil well raises safety and accountability concerns, impacting local economies and investor confidence.

- **Technological Innovations**: New sustainable oil recovery technologies being developed, such as RF XL 2.0, aim to enhance efficiency and reduce emissions in oil extraction.",U.S. Oil Rig Count Decline Signals Production Slowdown Amid Price Volatility,"The U.S. oil rig count serves as a vital indicator of the oil industry's health and future production capabilities. Recent data from Baker Hughes reveals a slight decline in the total number of oil and gas rigs, particularly in key regions like Midland and Delaware, signaling a potential slowdown in production growth. This decrease reflects producers' adjustments to price volatility, impacting market expectations and investor sentiment. Despite this decline, the U.S. Energy Information Administration (EIA) projects an increase in crude oil production from 13.2 million barrels per day (bpd) in 2024 to 13.4 million bpd in 2025, driven by technological advancements and sector investment. This resilience in production suggests that the U.S. will continue to play a crucial role in global oil supply, potentially mitigating disruptions from other regions, including the Middle East.",Yahoo! Finance,North America Rig Count Stays Flat,"Week on week, the U.S. land rig count reduced by five, its offshore rig count increased by four, and its inland water rig count remained unchanged, the count highlighted. The country's oil rig count dropped by one, its gas rig count dropped by two, and its miscellaneous rig count increased by two, week on week, the count showed. The U.S. horizontal and vertical rig counts remained unchanged week on week, and the country's directional rig count decreased by one during the same timeframe, the count revealed.",4,"The U.S. oil rig count experienced a slight decline, indicating a potential slowdown in production amidst ongoing price volatility.",4,Moderate,Negative,High
2025-06-25,"- **Fed Rate Cut Speculation**: Optimism in oil demand due to potential U.S. interest rate cuts amid economic slowdown; declining U.S. Dollar supports emerging market oil import costs.

- **Geopolitical Tensions**: Volatility in crude market driven by escalating tensions over Iranian oil supply; potential disruptions could lead to price spikes.

- **U.S. Crude Oil Inventories**: Significant drop of 5.8 million barrels signals tightening supply, contributing to upward pressure on prices.

- **Israel-Iran Conflict**: Ongoing tensions threaten to disrupt oil shipments through the Strait of Hormuz, with prices potentially reaching $120 per barrel; recent ceasefires have temporarily eased fears.

- **Iran's Oil Production Strategy**: Sanctions and geopolitical tensions shape Iran's production capacity and global supply dynamics; potential for increased production if sanctions are lifted.

- **China's Oil Demand**: Surge in imports from Iran driven by U.S. sanctions; strategic diversification of energy sources impacts global pricing dynamics.

- **U.S. Oil Rig Count Decline**: Slight decrease in rig count indicates potential production slowdown; however, EIA projects continued production growth through 2025.

- **ONGC Operational Crisis**: 16-day blowout at Assam oil well raises safety and accountability concerns, impacting local economies and investor confidence.

- **Technological Innovations**: New sustainable oil recovery technologies being developed, such as RF XL 2.0, aim to enhance efficiency and reduce emissions in oil extraction.",Fed Rate Cut Speculation Fuels Optimism in Oil Demand Amid U.S. Economic Slowdown,"The relationship between U.S. economic indicators and oil demand is increasingly significant, particularly as recent macroeconomic data suggests potential for weaker-than-expected growth. This has led to speculation about interest rate cuts by the Federal Reserve, which could stimulate economic activity and subsequently increase oil demand. Fed Chair Powell's indications of possible rate cuts as early as July have contributed to optimism in the oil market. Additionally, the strength of the U.S. Dollar plays a crucial role in influencing crude oil prices, with recent declines in the Dollar Index positively impacting emerging market currencies like the Indian Rupee. This shift has improved risk sentiment and reduced oil import costs for countries reliant on oil, such as India. Furthermore, tight crude oil inventories alongside expectations of a more accommodative monetary policy could lead to higher oil prices, reflecting the intricate interplay between U.S. economic performance, monetary policy, and global oil demand dynamics.",MT Newswires,Crude Oil Prices Climb as Market Assesses Stability of Israel-Iran Ceasefire,"""Fed Chair Powell's first testimony to Congress has hinted at a slight chance of bringing forward the first rate cut of 2025 to July,"" Reuters quoted OANDA senior market analyst Kelvin Wong as saying.",3,Fed Chair Powell's indication of a potential early rate cut in July 2025 has sparked optimism for increased oil demand despite ongoing U.S. economic slowdown.,3,Old,Positive,High
2025-06-25,"- **Fed Rate Cut Speculation**: Optimism in oil demand due to potential U.S. interest rate cuts amid economic slowdown; declining U.S. Dollar supports emerging market oil import costs.

- **Geopolitical Tensions**: Volatility in crude market driven by escalating tensions over Iranian oil supply; potential disruptions could lead to price spikes.

- **U.S. Crude Oil Inventories**: Significant drop of 5.8 million barrels signals tightening supply, contributing to upward pressure on prices.

- **Israel-Iran Conflict**: Ongoing tensions threaten to disrupt oil shipments through the Strait of Hormuz, with prices potentially reaching $120 per barrel; recent ceasefires have temporarily eased fears.

- **Iran's Oil Production Strategy**: Sanctions and geopolitical tensions shape Iran's production capacity and global supply dynamics; potential for increased production if sanctions are lifted.

- **China's Oil Demand**: Surge in imports from Iran driven by U.S. sanctions; strategic diversification of energy sources impacts global pricing dynamics.

- **U.S. Oil Rig Count Decline**: Slight decrease in rig count indicates potential production slowdown; however, EIA projects continued production growth through 2025.

- **ONGC Operational Crisis**: 16-day blowout at Assam oil well raises safety and accountability concerns, impacting local economies and investor confidence.

- **Technological Innovations**: New sustainable oil recovery technologies being developed, such as RF XL 2.0, aim to enhance efficiency and reduce emissions in oil extraction.",China's Oil Demand Surge Driven by U.S. Sanctions on Iran and Strategic Diversification,"China's demand for oil is significantly influenced by its geopolitical strategies and economic considerations, particularly in the context of U.S. sanctions on Iranian oil. Despite these sanctions, China continues to import substantial volumes of Iranian crude, essential for its independent refineries, indicating a robust demand for discounted oil. This clandestine trade, facilitated by 'shadow fleet' tankers, not only supports Iran's economy but also impacts global oil pricing dynamics. Additionally, China's reluctance to increase imports of U.S. oil due to tariffs and political tensions further complicates its procurement patterns. The surge in imports from Iranian sources, driven by independent 'teapot' refineries and a strategic push to diversify energy sources, reflects China's efforts to secure supplies amid fluctuating global oil prices. Analysts are closely monitoring these trends, as China's increasing demand can significantly influence global oil supply dynamics and pricing structures, especially if OPEC+ continues to adjust production levels.",Maritime Executive,Trump: China Can Continue to Purchase Oil From Iran,"Chinese refiners buy an estimated 90 percent of all Iranian oil exports, hidden via ship-to-ship transfer and rebranded on false bills of lading. ""Shadow fleet"" tankers transfer this discount oil - much of it loaded at anchorages off Malaysia - and deliver it to privately-owned refineries in Shandong, among other locations.",1,"Chinese refiners are increasingly relying on a 'shadow fleet' to covertly import approximately 90% of Iranian oil exports, utilizing ship-to-ship transfers and falsified documentation to circumvent U.S. sanctions, highlighting China's strategic diversification in oil sourcing.",1,Moderate,Positive,High
2025-06-25,"- **Fed Rate Cut Speculation**: Optimism in oil demand due to potential U.S. interest rate cuts amid economic slowdown; declining U.S. Dollar supports emerging market oil import costs.

- **Geopolitical Tensions**: Volatility in crude market driven by escalating tensions over Iranian oil supply; potential disruptions could lead to price spikes.

- **U.S. Crude Oil Inventories**: Significant drop of 5.8 million barrels signals tightening supply, contributing to upward pressure on prices.

- **Israel-Iran Conflict**: Ongoing tensions threaten to disrupt oil shipments through the Strait of Hormuz, with prices potentially reaching $120 per barrel; recent ceasefires have temporarily eased fears.

- **Iran's Oil Production Strategy**: Sanctions and geopolitical tensions shape Iran's production capacity and global supply dynamics; potential for increased production if sanctions are lifted.

- **China's Oil Demand**: Surge in imports from Iran driven by U.S. sanctions; strategic diversification of energy sources impacts global pricing dynamics.

- **U.S. Oil Rig Count Decline**: Slight decrease in rig count indicates potential production slowdown; however, EIA projects continued production growth through 2025.

- **ONGC Operational Crisis**: 16-day blowout at Assam oil well raises safety and accountability concerns, impacting local economies and investor confidence.

- **Technological Innovations**: New sustainable oil recovery technologies being developed, such as RF XL 2.0, aim to enhance efficiency and reduce emissions in oil extraction.","U.S. Crude Oil Inventories Plunge 5.8 Million Barrels, Signaling Tightening Supply and Rising Prices","Recent data from the Energy Information Administration (EIA) and the American Petroleum Institute (API) indicate a significant decline in U.S. crude oil inventories, with a reported drop of 5.836 million barrels for the week ending June 20, exceeding market expectations of a 0.75 million barrel decrease. This decline follows a previous week where inventories fell by over 10 million barrels, marking an 11-year seasonal low. The reduction in stockpiles, alongside rising refining activity and increased demand, suggests a tightening supply situation that could exert upward pressure on crude oil prices. Analysts are closely monitoring these trends as they reflect the balance of supply and demand dynamics in the U.S. oil market, particularly in the context of ongoing geopolitical tensions and economic recovery efforts. Additionally, the growth of U.S. crude oil exports is driving demand for transportation and logistics services, prompting companies like Enbridge to consider investments in infrastructure to support this expanding export capacity.",San Francisco Chronicle via Web,Supes Approve Updated Environmental Report For Refinery Conversion,"The following month, environmental groups Communities for a Better Environment and the Center for Biological Diversity filed a lawsuit to block the conversion, challenging what they called ""flawed environmental review processes for two giant oil refineries looking to convert from processing crude to producing biofuels from vegetable oil and animal fat feedstocks.""
The second refinery was Phillips 66 in Rodeo, planning to undergo a similar transformation that the supervisors also approved, prompting another lawsuit. The county reapproved a new EIR for the Phillips project in January 2024 after the county clarified questions raised by the judge.",2,"Environmental groups filed lawsuits against two oil refineries' conversions to biofuels, citing flawed environmental reviews, with one refinery's project reapproved after judicial clarification.",2,Old,Positive,High
2025-06-25,"- **Fed Rate Cut Speculation**: Optimism in oil demand due to potential U.S. interest rate cuts amid economic slowdown; declining U.S. Dollar supports emerging market oil import costs.

- **Geopolitical Tensions**: Volatility in crude market driven by escalating tensions over Iranian oil supply; potential disruptions could lead to price spikes.

- **U.S. Crude Oil Inventories**: Significant drop of 5.8 million barrels signals tightening supply, contributing to upward pressure on prices.

- **Israel-Iran Conflict**: Ongoing tensions threaten to disrupt oil shipments through the Strait of Hormuz, with prices potentially reaching $120 per barrel; recent ceasefires have temporarily eased fears.

- **Iran's Oil Production Strategy**: Sanctions and geopolitical tensions shape Iran's production capacity and global supply dynamics; potential for increased production if sanctions are lifted.

- **China's Oil Demand**: Surge in imports from Iran driven by U.S. sanctions; strategic diversification of energy sources impacts global pricing dynamics.

- **U.S. Oil Rig Count Decline**: Slight decrease in rig count indicates potential production slowdown; however, EIA projects continued production growth through 2025.

- **ONGC Operational Crisis**: 16-day blowout at Assam oil well raises safety and accountability concerns, impacting local economies and investor confidence.

- **Technological Innovations**: New sustainable oil recovery technologies being developed, such as RF XL 2.0, aim to enhance efficiency and reduce emissions in oil extraction.","U.S. Crude Oil Inventories Plunge 5.8 Million Barrels, Signaling Tightening Supply and Rising Prices","Recent data from the Energy Information Administration (EIA) and the American Petroleum Institute (API) indicate a significant decline in U.S. crude oil inventories, with a reported drop of 5.836 million barrels for the week ending June 20, exceeding market expectations of a 0.75 million barrel decrease. This decline follows a previous week where inventories fell by over 10 million barrels, marking an 11-year seasonal low. The reduction in stockpiles, alongside rising refining activity and increased demand, suggests a tightening supply situation that could exert upward pressure on crude oil prices. Analysts are closely monitoring these trends as they reflect the balance of supply and demand dynamics in the U.S. oil market, particularly in the context of ongoing geopolitical tensions and economic recovery efforts. Additionally, the growth of U.S. crude oil exports is driving demand for transportation and logistics services, prompting companies like Enbridge to consider investments in infrastructure to support this expanding export capacity.",FXStreet News,WTI drifts lower below $65.00 after Israel agrees to Iran ceasefire,"US Crude Oil Inventories saw another sharp draw last week. The American Petroleum Institute (API) weekly report showed crude oil stockpiles in the US for the week ending June 20 declined by 4.277 million barrels, compared to a fall of 10.133 million barrels in the previous week. So far this year, crude oil inventories are up 3.3 million barrels, according to oil price calculations of API data.",2,"U.S. crude oil inventories decreased by 4.277 million barrels last week, indicating a tightening supply and potential for rising prices.",2,Old,Positive,High
2025-06-25,"- **Fed Rate Cut Speculation**: Optimism in oil demand due to potential U.S. interest rate cuts amid economic slowdown; declining U.S. Dollar supports emerging market oil import costs.

- **Geopolitical Tensions**: Volatility in crude market driven by escalating tensions over Iranian oil supply; potential disruptions could lead to price spikes.

- **U.S. Crude Oil Inventories**: Significant drop of 5.8 million barrels signals tightening supply, contributing to upward pressure on prices.

- **Israel-Iran Conflict**: Ongoing tensions threaten to disrupt oil shipments through the Strait of Hormuz, with prices potentially reaching $120 per barrel; recent ceasefires have temporarily eased fears.

- **Iran's Oil Production Strategy**: Sanctions and geopolitical tensions shape Iran's production capacity and global supply dynamics; potential for increased production if sanctions are lifted.

- **China's Oil Demand**: Surge in imports from Iran driven by U.S. sanctions; strategic diversification of energy sources impacts global pricing dynamics.

- **U.S. Oil Rig Count Decline**: Slight decrease in rig count indicates potential production slowdown; however, EIA projects continued production growth through 2025.

- **ONGC Operational Crisis**: 16-day blowout at Assam oil well raises safety and accountability concerns, impacting local economies and investor confidence.

- **Technological Innovations**: New sustainable oil recovery technologies being developed, such as RF XL 2.0, aim to enhance efficiency and reduce emissions in oil extraction.",China's Oil Demand Surge Driven by U.S. Sanctions on Iran and Strategic Diversification,"China's demand for oil is significantly influenced by its geopolitical strategies and economic considerations, particularly in the context of U.S. sanctions on Iranian oil. Despite these sanctions, China continues to import substantial volumes of Iranian crude, essential for its independent refineries, indicating a robust demand for discounted oil. This clandestine trade, facilitated by 'shadow fleet' tankers, not only supports Iran's economy but also impacts global oil pricing dynamics. Additionally, China's reluctance to increase imports of U.S. oil due to tariffs and political tensions further complicates its procurement patterns. The surge in imports from Iranian sources, driven by independent 'teapot' refineries and a strategic push to diversify energy sources, reflects China's efforts to secure supplies amid fluctuating global oil prices. Analysts are closely monitoring these trends, as China's increasing demand can significantly influence global oil supply dynamics and pricing structures, especially if OPEC+ continues to adjust production levels.",The Times Of India,"'Hopefully will purchase plenty from US...': Donald Trump says China can get Iran oil, but wants it to buy from America; will it listen?","A potential easing of sanctions on Iran would indicate a departure from the previous stance, as Trump had announced in February his intention to maintain maximum pressure on Iran, targeting its oil exports due to concerns over its nuclear programme and regional militant support. Trump had previously implemented multiple sanctions affecting Chinese independent refineries and port operators due to their Iranian oil purchases."" President Trump's greenlight for China to keep buying Iranian oil reflects a return to lax enforcement standards,"" said Scott Modell, a former CIA officer, now CEO of Rapidan Energy Group, according to the Reuters report. Beyond non-enforcement, the president holds authority to suspend or waive sanctions through executive orders or congressional legislation.",3,"China's oil demand surge is influenced by U.S. sanctions on Iran, with potential easing of these sanctions allowing for increased Iranian oil purchases, reflecting a strategic diversification in China's energy sourcing.",3,Moderate,Positive,High
2025-06-25,"- **Fed Rate Cut Speculation**: Optimism in oil demand due to potential U.S. interest rate cuts amid economic slowdown; declining U.S. Dollar supports emerging market oil import costs.

- **Geopolitical Tensions**: Volatility in crude market driven by escalating tensions over Iranian oil supply; potential disruptions could lead to price spikes.

- **U.S. Crude Oil Inventories**: Significant drop of 5.8 million barrels signals tightening supply, contributing to upward pressure on prices.

- **Israel-Iran Conflict**: Ongoing tensions threaten to disrupt oil shipments through the Strait of Hormuz, with prices potentially reaching $120 per barrel; recent ceasefires have temporarily eased fears.

- **Iran's Oil Production Strategy**: Sanctions and geopolitical tensions shape Iran's production capacity and global supply dynamics; potential for increased production if sanctions are lifted.

- **China's Oil Demand**: Surge in imports from Iran driven by U.S. sanctions; strategic diversification of energy sources impacts global pricing dynamics.

- **U.S. Oil Rig Count Decline**: Slight decrease in rig count indicates potential production slowdown; however, EIA projects continued production growth through 2025.

- **ONGC Operational Crisis**: 16-day blowout at Assam oil well raises safety and accountability concerns, impacting local economies and investor confidence.

- **Technological Innovations**: New sustainable oil recovery technologies being developed, such as RF XL 2.0, aim to enhance efficiency and reduce emissions in oil extraction.",Fed Rate Cut Speculation Fuels Optimism in Oil Demand Amid U.S. Economic Slowdown,"The relationship between U.S. economic indicators and oil demand is increasingly significant, particularly as recent macroeconomic data suggests potential for weaker-than-expected growth. This has led to speculation about interest rate cuts by the Federal Reserve, which could stimulate economic activity and subsequently increase oil demand. Fed Chair Powell's indications of possible rate cuts as early as July have contributed to optimism in the oil market. Additionally, the strength of the U.S. Dollar plays a crucial role in influencing crude oil prices, with recent declines in the Dollar Index positively impacting emerging market currencies like the Indian Rupee. This shift has improved risk sentiment and reduced oil import costs for countries reliant on oil, such as India. Furthermore, tight crude oil inventories alongside expectations of a more accommodative monetary policy could lead to higher oil prices, reflecting the intricate interplay between U.S. economic performance, monetary policy, and global oil demand dynamics.",MDPI,"Carbon Intensity, Volatility Spillovers, and Market Connectedness in Hong Kong Stocks","This is also evidenced by their study utilizing the Morgan Stanley Capital International World Index, covering December 1992 to October 2005. Moreover, () demonstrated a positive correlation between fluctuations in crude oil and natural gas prices and stock market returns in Canada. Regarding the impact of oil price shocks on stock price volatility, () observed a time-varying correlation that oscillates around zero between oil prices and stock market volatility. examined the effects of oil price volatility on the stock markets of ten oil-importing countries, revealing that an increase in oil price volatility yields a detrimental effect on stock returns when both oil price volatility and stock returns are at low levels, while a positive impact is noted when these indicators are high.",3,"Historical studies indicate a complex relationship between oil price fluctuations and stock market performance, suggesting that Fed rate cut speculation may bolster oil demand despite economic slowdowns.",3,Old,Positive,High
2025-06-26,"- **Geopolitical Tensions**: Ongoing Israel-Iran conflict and ceasefire developments have led to crude oil price fluctuations, with Brent prices currently between $73-76 per barrel. Analysts warn of potential spikes to $120 per barrel if tensions escalate.
  
- **U.S. Crude Oil Inventories**: A significant drop of 5.8 million barrels in U.S. crude oil inventories signals tightening supply, contributing to upward pressure on prices.

- **OPEC's Role**: OPEC's production strategy remains crucial for stabilizing global oil prices, with the potential phase-out of production cuts impacting market dynamics.

- **U.S. Economic Indicators**: Speculation about Federal Reserve rate cuts could boost oil demand amid signs of a U.S. economic slowdown, influencing market sentiment.

- **Environmental Scrutiny**: Recent oil spill incidents and regulatory pressures are increasing scrutiny on oil production practices, potentially affecting supply chains and public perception.

- **California Refinery Crisis**: Major refinery closures in California threaten to reduce refining capacity by over 25%, potentially driving gasoline prices up significantly.

- **Technological Innovations**: Advances in sustainable oil recovery technologies, such as RF XL 2.0, are reshaping production practices and addressing environmental concerns.

- **Investment Opportunities**: Chevron's projected $10 billion cash flow increase and infrastructure investments signal growth potential in the oil sector, despite bearish market outlooks. 

- **U.S. Strategic Petroleum Reserve Issues**: Delays in refilling the SPR raise concerns about domestic oil supply stability amid geopolitical uncertainties.",Fed Rate Cut Speculation Fuels Optimism in Oil Demand Amid U.S. Economic Slowdown,"The relationship between U.S. economic indicators and oil demand is increasingly significant, particularly as recent macroeconomic data suggests potential for weaker-than-expected growth. This has led to speculation about interest rate cuts by the Federal Reserve, which could stimulate economic activity and subsequently increase oil demand. Fed Chair Powell's indications of possible rate cuts as early as July have contributed to optimism in the oil market. Additionally, the strength of the U.S. Dollar plays a crucial role in influencing crude oil prices, with recent declines in the Dollar Index positively impacting emerging market currencies like the Indian Rupee. This shift has improved risk sentiment and reduced oil import costs for countries reliant on oil, such as India. Furthermore, tight crude oil inventories alongside expectations of a more accommodative monetary policy could lead to higher oil prices, reflecting the intricate interplay between U.S. economic performance, monetary policy, and global oil demand dynamics.",FXStreet News,"USD/INR slips as Trump criticizes Powell, DXY drops to three-year low","The Indian Rupee (INR) trades stronger against the US Dollar (USD) on Thursday, buoyed by a sharp decline in the US Dollar Index (DXY), which tumbled to a fresh three-year low. The Greenback came under renewed pressure amid growing concerns over the independence of the Federal Reserve (Fed), following critical remarks from US President Donald Trump. Adding to the downward pressure were easing geopolitical tensions and subdued Crude Oil prices, both of which helped improve risk sentiment and support emerging market currencies, such as the Rupee.",4,"The Indian Rupee strengthens against the US Dollar as the DXY hits a three-year low, influenced by Fed independence concerns and easing geopolitical tensions, which may enhance optimism for oil demand amid a U.S. economic slowdown.",4,Moderate,Positive,Medium
2025-06-26,"- **Geopolitical Tensions**: Ongoing Israel-Iran conflict and ceasefire developments have led to crude oil price fluctuations, with Brent prices currently between $73-76 per barrel. Analysts warn of potential spikes to $120 per barrel if tensions escalate.
  
- **U.S. Crude Oil Inventories**: A significant drop of 5.8 million barrels in U.S. crude oil inventories signals tightening supply, contributing to upward pressure on prices.

- **OPEC's Role**: OPEC's production strategy remains crucial for stabilizing global oil prices, with the potential phase-out of production cuts impacting market dynamics.

- **U.S. Economic Indicators**: Speculation about Federal Reserve rate cuts could boost oil demand amid signs of a U.S. economic slowdown, influencing market sentiment.

- **Environmental Scrutiny**: Recent oil spill incidents and regulatory pressures are increasing scrutiny on oil production practices, potentially affecting supply chains and public perception.

- **California Refinery Crisis**: Major refinery closures in California threaten to reduce refining capacity by over 25%, potentially driving gasoline prices up significantly.

- **Technological Innovations**: Advances in sustainable oil recovery technologies, such as RF XL 2.0, are reshaping production practices and addressing environmental concerns.

- **Investment Opportunities**: Chevron's projected $10 billion cash flow increase and infrastructure investments signal growth potential in the oil sector, despite bearish market outlooks. 

- **U.S. Strategic Petroleum Reserve Issues**: Delays in refilling the SPR raise concerns about domestic oil supply stability amid geopolitical uncertainties.",Geopolitical Tensions Drive Crude Oil Price Volatility Amid Market Uncertainty,"Recent fluctuations in crude oil prices, particularly Brent and WTI, have been significantly influenced by geopolitical tensions, such as the Israel-Iran conflict, and market reactions to these events. For instance, Brent prices dipped nearly $2 following uncertainty regarding U.S. military involvement, highlighting the market's sensitivity to geopolitical developments. Currently, Brent crude prices hover between $73-76 per barrel, reflecting ongoing volatility driven by factors like OPEC+ production decisions and seasonal energy demands. The interplay between supply and demand is crucial, as evidenced by the sharp declines in oil prices, which have also impacted related markets, such as soybean oil. Additionally, increased speculative trading in Nymex light sweet crude indicates heightened investor interest, with traders boosting long positions in anticipation of future price movements. However, the oil and gas industry faces a bearish outlook, with declining stock performance and negative earnings forecasts, compounded by the IEA's prediction of peak oil demand by 2030. This complex landscape underscores the importance of market sentiment and geopolitical events in shaping oil price trajectories and the broader economic implications across various sectors.",BNN Bloomberg,Oil sands hike output by 'optimization': Oil analystOpens in new window,"Kevin Birn, Chief Canadian Oil Analyst at S&P Global Commodity Insights, joins BNN Bloomberg to discuss Canadian oil sands production expected new high for this year.",2,"Canadian oil sands production is projected to reach a new high this year, highlighting the impact of geopolitical tensions on crude oil price volatility amid ongoing market uncertainty.",2,Moderate,Positive,High
2025-06-26,"- **Geopolitical Tensions**: Ongoing Israel-Iran conflict and ceasefire developments have led to crude oil price fluctuations, with Brent prices currently between $73-76 per barrel. Analysts warn of potential spikes to $120 per barrel if tensions escalate.
  
- **U.S. Crude Oil Inventories**: A significant drop of 5.8 million barrels in U.S. crude oil inventories signals tightening supply, contributing to upward pressure on prices.

- **OPEC's Role**: OPEC's production strategy remains crucial for stabilizing global oil prices, with the potential phase-out of production cuts impacting market dynamics.

- **U.S. Economic Indicators**: Speculation about Federal Reserve rate cuts could boost oil demand amid signs of a U.S. economic slowdown, influencing market sentiment.

- **Environmental Scrutiny**: Recent oil spill incidents and regulatory pressures are increasing scrutiny on oil production practices, potentially affecting supply chains and public perception.

- **California Refinery Crisis**: Major refinery closures in California threaten to reduce refining capacity by over 25%, potentially driving gasoline prices up significantly.

- **Technological Innovations**: Advances in sustainable oil recovery technologies, such as RF XL 2.0, are reshaping production practices and addressing environmental concerns.

- **Investment Opportunities**: Chevron's projected $10 billion cash flow increase and infrastructure investments signal growth potential in the oil sector, despite bearish market outlooks. 

- **U.S. Strategic Petroleum Reserve Issues**: Delays in refilling the SPR raise concerns about domestic oil supply stability amid geopolitical uncertainties.",Geopolitical Tensions Drive Crude Oil Price Volatility Amid Market Uncertainty,"Recent fluctuations in crude oil prices, particularly Brent and WTI, have been significantly influenced by geopolitical tensions, such as the Israel-Iran conflict, and market reactions to these events. For instance, Brent prices dipped nearly $2 following uncertainty regarding U.S. military involvement, highlighting the market's sensitivity to geopolitical developments. Currently, Brent crude prices hover between $73-76 per barrel, reflecting ongoing volatility driven by factors like OPEC+ production decisions and seasonal energy demands. The interplay between supply and demand is crucial, as evidenced by the sharp declines in oil prices, which have also impacted related markets, such as soybean oil. Additionally, increased speculative trading in Nymex light sweet crude indicates heightened investor interest, with traders boosting long positions in anticipation of future price movements. However, the oil and gas industry faces a bearish outlook, with declining stock performance and negative earnings forecasts, compounded by the IEA's prediction of peak oil demand by 2030. This complex landscape underscores the importance of market sentiment and geopolitical events in shaping oil price trajectories and the broader economic implications across various sectors.",Progressive Farmer,Oil Prices Edge Higher as US Oil Inventories Shrink,"NYMEX-traded WTI for August rose $0.32 barrel (bbl) to trade near $65.24 bbl, and ICE Brent for August delivery gained $0.24 bbl to $67.92 bbl.
July RBOB gasoline futures added $0.0124 to $2.0948 gallon, and the front-month ULSD futures contract advanced $0.0417 to trade near $2.3381 gallon.",2,"Crude oil prices see slight increases with WTI at $65.24 and Brent at $67.92, reflecting ongoing market volatility driven by geopolitical tensions.",2,Moderate,Positive,High
2025-06-26,"- **Geopolitical Tensions**: Ongoing Israel-Iran conflict and ceasefire developments have led to crude oil price fluctuations, with Brent prices currently between $73-76 per barrel. Analysts warn of potential spikes to $120 per barrel if tensions escalate.
  
- **U.S. Crude Oil Inventories**: A significant drop of 5.8 million barrels in U.S. crude oil inventories signals tightening supply, contributing to upward pressure on prices.

- **OPEC's Role**: OPEC's production strategy remains crucial for stabilizing global oil prices, with the potential phase-out of production cuts impacting market dynamics.

- **U.S. Economic Indicators**: Speculation about Federal Reserve rate cuts could boost oil demand amid signs of a U.S. economic slowdown, influencing market sentiment.

- **Environmental Scrutiny**: Recent oil spill incidents and regulatory pressures are increasing scrutiny on oil production practices, potentially affecting supply chains and public perception.

- **California Refinery Crisis**: Major refinery closures in California threaten to reduce refining capacity by over 25%, potentially driving gasoline prices up significantly.

- **Technological Innovations**: Advances in sustainable oil recovery technologies, such as RF XL 2.0, are reshaping production practices and addressing environmental concerns.

- **Investment Opportunities**: Chevron's projected $10 billion cash flow increase and infrastructure investments signal growth potential in the oil sector, despite bearish market outlooks. 

- **U.S. Strategic Petroleum Reserve Issues**: Delays in refilling the SPR raise concerns about domestic oil supply stability amid geopolitical uncertainties.",OPEC's Production Strategy: Key to Stabilizing Global Oil Prices Amid Market Disruptions,"The Organization of the Petroleum Exporting Countries (OPEC) significantly influences global oil prices through its production quotas and strategic decisions. With a spare capacity exceeding 6 million barrels per day, OPEC can respond to market disruptions, particularly in the context of geopolitical tensions. The organization's ability to maintain production levels is crucial for stabilizing prices and mitigating risk premiums associated with supply disruptions. The expanded OPEC+ group, which includes non-OPEC members like Russia, further complicates oil pricing dynamics. Recent trends, such as the scheduled phase-out of OPEC+ production cuts, are expected to impact market supply and prices, especially as GDP growth in oil-dependent economies like Saudi Arabia is projected to rise. As OPEC continues to adjust its output in response to global demand, its decisions remain pivotal in shaping the crude oil market and ensuring price stability.",Arab News via Web,"IMF raises Saudi growth forecast to 3.5% for 2025, outstripping global average","The fund expected this momentum, supported by the scheduled phase-out of OPEC+ production cuts, to push growth even higher to 3.9 percent in 2026 before stabilizing around 3.3 percent in the medium term.",2,"OPEC+'s planned phase-out of production cuts is anticipated to drive oil market growth to 3.9% by 2026, highlighting its crucial role in stabilizing global oil prices amid ongoing market disruptions.",2,Old,Positive,High
2025-06-26,"- **Geopolitical Tensions**: Ongoing Israel-Iran conflict and ceasefire developments have led to crude oil price fluctuations, with Brent prices currently between $73-76 per barrel. Analysts warn of potential spikes to $120 per barrel if tensions escalate.
  
- **U.S. Crude Oil Inventories**: A significant drop of 5.8 million barrels in U.S. crude oil inventories signals tightening supply, contributing to upward pressure on prices.

- **OPEC's Role**: OPEC's production strategy remains crucial for stabilizing global oil prices, with the potential phase-out of production cuts impacting market dynamics.

- **U.S. Economic Indicators**: Speculation about Federal Reserve rate cuts could boost oil demand amid signs of a U.S. economic slowdown, influencing market sentiment.

- **Environmental Scrutiny**: Recent oil spill incidents and regulatory pressures are increasing scrutiny on oil production practices, potentially affecting supply chains and public perception.

- **California Refinery Crisis**: Major refinery closures in California threaten to reduce refining capacity by over 25%, potentially driving gasoline prices up significantly.

- **Technological Innovations**: Advances in sustainable oil recovery technologies, such as RF XL 2.0, are reshaping production practices and addressing environmental concerns.

- **Investment Opportunities**: Chevron's projected $10 billion cash flow increase and infrastructure investments signal growth potential in the oil sector, despite bearish market outlooks. 

- **U.S. Strategic Petroleum Reserve Issues**: Delays in refilling the SPR raise concerns about domestic oil supply stability amid geopolitical uncertainties.",Middle East Ceasefire Sparks Oil Price Fluctuations Amid Geopolitical Tensions,"The geopolitical landscape, particularly in the Middle East, significantly impacts global oil supply dynamics, with countries like India and South Korea heavily reliant on oil imports from this region. Recent developments, such as the ceasefire between Israel and Iran, have led to fluctuations in crude oil prices, retreating to $64-$65 per barrel, with analysts warning of potential declines below $60 if this range is breached. India's complex relationships with Gulf Cooperation Council (GCC) countries and its balancing act regarding Israel further complicate its crude oil import dynamics, highlighting the interconnectedness of international relations and energy markets. The Strait of Hormuz remains a critical chokepoint for global oil supply, with 18% of daily consumption passing through it, making any conflict involving Iran a significant risk for shortages and price spikes. Additionally, ongoing tensions between the US and Iran, including oil export restrictions, create market uncertainty, while China's continued import of Iranian crude complicates supply dynamics. Overall, geopolitical tensions and resolutions play a crucial role in shaping oil market volatility, affecting global supply and demand dynamics.",Crypto News Flash,Bitcoin Jumps Over $107K as Spot Funds Extend to 11 Straight Days of Fund Inflows,"This brought a temporary calm after two weeks of conflict. The announcement helped reduce fears of oil price shocks and inflation, improving overall market sentiment. Additionally, Bitcoin reacted swiftly, rising by 6.1% to reach $106,718 at the time of writing, and later pushing above $107,000.",2,"The recent ceasefire in the Middle East has alleviated immediate oil price concerns, boosting market confidence and contributing to a notable rise in Bitcoin values.",2,Moderate,Positive,Medium
2025-06-26,"- **Geopolitical Tensions**: Ongoing Israel-Iran conflict and ceasefire developments have led to crude oil price fluctuations, with Brent prices currently between $73-76 per barrel. Analysts warn of potential spikes to $120 per barrel if tensions escalate.
  
- **U.S. Crude Oil Inventories**: A significant drop of 5.8 million barrels in U.S. crude oil inventories signals tightening supply, contributing to upward pressure on prices.

- **OPEC's Role**: OPEC's production strategy remains crucial for stabilizing global oil prices, with the potential phase-out of production cuts impacting market dynamics.

- **U.S. Economic Indicators**: Speculation about Federal Reserve rate cuts could boost oil demand amid signs of a U.S. economic slowdown, influencing market sentiment.

- **Environmental Scrutiny**: Recent oil spill incidents and regulatory pressures are increasing scrutiny on oil production practices, potentially affecting supply chains and public perception.

- **California Refinery Crisis**: Major refinery closures in California threaten to reduce refining capacity by over 25%, potentially driving gasoline prices up significantly.

- **Technological Innovations**: Advances in sustainable oil recovery technologies, such as RF XL 2.0, are reshaping production practices and addressing environmental concerns.

- **Investment Opportunities**: Chevron's projected $10 billion cash flow increase and infrastructure investments signal growth potential in the oil sector, despite bearish market outlooks. 

- **U.S. Strategic Petroleum Reserve Issues**: Delays in refilling the SPR raise concerns about domestic oil supply stability amid geopolitical uncertainties.",OPEC's Production Strategy: Key to Stabilizing Global Oil Prices Amid Market Disruptions,"The Organization of the Petroleum Exporting Countries (OPEC) significantly influences global oil prices through its production quotas and strategic decisions. With a spare capacity exceeding 6 million barrels per day, OPEC can respond to market disruptions, particularly in the context of geopolitical tensions. The organization's ability to maintain production levels is crucial for stabilizing prices and mitigating risk premiums associated with supply disruptions. The expanded OPEC+ group, which includes non-OPEC members like Russia, further complicates oil pricing dynamics. Recent trends, such as the scheduled phase-out of OPEC+ production cuts, are expected to impact market supply and prices, especially as GDP growth in oil-dependent economies like Saudi Arabia is projected to rise. As OPEC continues to adjust its output in response to global demand, its decisions remain pivotal in shaping the crude oil market and ensuring price stability.",ZAWYA via Web,IMF raises forecast for Saudi GDP growth to 3.5% in 2025,"Lower oil prices have weighed on Saudi Arabia's revenue, with the kingdom projected to post a fiscal deficit of around $27 billion this year The International Monetary Fund on Thursday raised its 2025 GDP growth forecast for Saudi Arabia to 3.5% from 3%, partly on the back of demand for government-led projects, and supported by the OPEC+ group's plan to phase out oil production cuts. Lower oil prices have weighed on Saudi Arabia's revenue, with the kingdom projected to post a fiscal deficit of around $27 billion this year.",2,"Saudi Arabia faces a $27 billion fiscal deficit due to lower oil prices, but OPEC+'s strategy to phase out production cuts may support GDP growth and stabilize revenues.",2,Old,Positive,High
2025-06-26,"- **Geopolitical Tensions**: Ongoing Israel-Iran conflict and ceasefire developments have led to crude oil price fluctuations, with Brent prices currently between $73-76 per barrel. Analysts warn of potential spikes to $120 per barrel if tensions escalate.
  
- **U.S. Crude Oil Inventories**: A significant drop of 5.8 million barrels in U.S. crude oil inventories signals tightening supply, contributing to upward pressure on prices.

- **OPEC's Role**: OPEC's production strategy remains crucial for stabilizing global oil prices, with the potential phase-out of production cuts impacting market dynamics.

- **U.S. Economic Indicators**: Speculation about Federal Reserve rate cuts could boost oil demand amid signs of a U.S. economic slowdown, influencing market sentiment.

- **Environmental Scrutiny**: Recent oil spill incidents and regulatory pressures are increasing scrutiny on oil production practices, potentially affecting supply chains and public perception.

- **California Refinery Crisis**: Major refinery closures in California threaten to reduce refining capacity by over 25%, potentially driving gasoline prices up significantly.

- **Technological Innovations**: Advances in sustainable oil recovery technologies, such as RF XL 2.0, are reshaping production practices and addressing environmental concerns.

- **Investment Opportunities**: Chevron's projected $10 billion cash flow increase and infrastructure investments signal growth potential in the oil sector, despite bearish market outlooks. 

- **U.S. Strategic Petroleum Reserve Issues**: Delays in refilling the SPR raise concerns about domestic oil supply stability amid geopolitical uncertainties.",OPEC's Production Strategy: Key to Stabilizing Global Oil Prices Amid Market Disruptions,"The Organization of the Petroleum Exporting Countries (OPEC) significantly influences global oil prices through its production quotas and strategic decisions. With a spare capacity exceeding 6 million barrels per day, OPEC can respond to market disruptions, particularly in the context of geopolitical tensions. The organization's ability to maintain production levels is crucial for stabilizing prices and mitigating risk premiums associated with supply disruptions. The expanded OPEC+ group, which includes non-OPEC members like Russia, further complicates oil pricing dynamics. Recent trends, such as the scheduled phase-out of OPEC+ production cuts, are expected to impact market supply and prices, especially as GDP growth in oil-dependent economies like Saudi Arabia is projected to rise. As OPEC continues to adjust its output in response to global demand, its decisions remain pivotal in shaping the crude oil market and ensuring price stability.",US News & World Report,IMF Raises Forecast for Saudi GDP Growth to 3.5% in 2025,"RIYADH (Reuters) -The International Monetary Fund on Thursday raised its 2025 GDP growth forecast for Saudi Arabia to 3.5% from 3%, partly on the back of demand for government-led projects, and supported by the OPEC+ group's plan to phase out oil production cuts.",2,"The IMF's increased GDP growth forecast for Saudi Arabia highlights the positive impact of OPEC+'s strategy to phase out oil production cuts, which is crucial for stabilizing global oil prices amid market disruptions.",2,Old,Positive,High
2025-06-26,"- **Geopolitical Tensions**: Ongoing Israel-Iran conflict and ceasefire developments have led to crude oil price fluctuations, with Brent prices currently between $73-76 per barrel. Analysts warn of potential spikes to $120 per barrel if tensions escalate.
  
- **U.S. Crude Oil Inventories**: A significant drop of 5.8 million barrels in U.S. crude oil inventories signals tightening supply, contributing to upward pressure on prices.

- **OPEC's Role**: OPEC's production strategy remains crucial for stabilizing global oil prices, with the potential phase-out of production cuts impacting market dynamics.

- **U.S. Economic Indicators**: Speculation about Federal Reserve rate cuts could boost oil demand amid signs of a U.S. economic slowdown, influencing market sentiment.

- **Environmental Scrutiny**: Recent oil spill incidents and regulatory pressures are increasing scrutiny on oil production practices, potentially affecting supply chains and public perception.

- **California Refinery Crisis**: Major refinery closures in California threaten to reduce refining capacity by over 25%, potentially driving gasoline prices up significantly.

- **Technological Innovations**: Advances in sustainable oil recovery technologies, such as RF XL 2.0, are reshaping production practices and addressing environmental concerns.

- **Investment Opportunities**: Chevron's projected $10 billion cash flow increase and infrastructure investments signal growth potential in the oil sector, despite bearish market outlooks. 

- **U.S. Strategic Petroleum Reserve Issues**: Delays in refilling the SPR raise concerns about domestic oil supply stability amid geopolitical uncertainties.",Fed Rate Cut Speculation Fuels Optimism in Oil Demand Amid U.S. Economic Slowdown,"The relationship between U.S. economic indicators and oil demand is increasingly significant, particularly as recent macroeconomic data suggests potential for weaker-than-expected growth. This has led to speculation about interest rate cuts by the Federal Reserve, which could stimulate economic activity and subsequently increase oil demand. Fed Chair Powell's indications of possible rate cuts as early as July have contributed to optimism in the oil market. Additionally, the strength of the U.S. Dollar plays a crucial role in influencing crude oil prices, with recent declines in the Dollar Index positively impacting emerging market currencies like the Indian Rupee. This shift has improved risk sentiment and reduced oil import costs for countries reliant on oil, such as India. Furthermore, tight crude oil inventories alongside expectations of a more accommodative monetary policy could lead to higher oil prices, reflecting the intricate interplay between U.S. economic performance, monetary policy, and global oil demand dynamics.",FXStreet News,"USD/INR slips as Trump criticizes Powell, DXY drops to three-year low","The Indian Rupee, which had come under pressure during the Iran-Israel conflict and slipped to a three-month low of 86.89 last week, is staging a strong recovery following the ceasefire, reclaiming levels seen before the escalation amid easing geopolitical tensions.
Subdued Crude Oil prices are offering relief to the Indian Rupee, with WTI trading near $64.70 and Brent around $66.80 - both down roughly 12% so far this week. The sharp pullback, driven by the Iran-Israel ceasefire and easing supply concerns, has improved India's import outlook and reduced external pressure on the currency.
On the Equity front, the Sensex soared over 1,000 points to close at 83,755, while the Nifty jumped 304 points to end at 25,549 - both gaining 1.21%.",4,"The Indian Rupee's recovery amid easing geopolitical tensions and subdued crude oil prices reflects improved import outlook, contributing to optimism in oil demand despite U.S. economic slowdown and Fed rate cut speculation.",4,Moderate,Positive,Medium
2025-06-26,"- **Geopolitical Tensions**: Ongoing Israel-Iran conflict and ceasefire developments have led to crude oil price fluctuations, with Brent prices currently between $73-76 per barrel. Analysts warn of potential spikes to $120 per barrel if tensions escalate.
  
- **U.S. Crude Oil Inventories**: A significant drop of 5.8 million barrels in U.S. crude oil inventories signals tightening supply, contributing to upward pressure on prices.

- **OPEC's Role**: OPEC's production strategy remains crucial for stabilizing global oil prices, with the potential phase-out of production cuts impacting market dynamics.

- **U.S. Economic Indicators**: Speculation about Federal Reserve rate cuts could boost oil demand amid signs of a U.S. economic slowdown, influencing market sentiment.

- **Environmental Scrutiny**: Recent oil spill incidents and regulatory pressures are increasing scrutiny on oil production practices, potentially affecting supply chains and public perception.

- **California Refinery Crisis**: Major refinery closures in California threaten to reduce refining capacity by over 25%, potentially driving gasoline prices up significantly.

- **Technological Innovations**: Advances in sustainable oil recovery technologies, such as RF XL 2.0, are reshaping production practices and addressing environmental concerns.

- **Investment Opportunities**: Chevron's projected $10 billion cash flow increase and infrastructure investments signal growth potential in the oil sector, despite bearish market outlooks. 

- **U.S. Strategic Petroleum Reserve Issues**: Delays in refilling the SPR raise concerns about domestic oil supply stability amid geopolitical uncertainties.",Middle East Ceasefire Sparks Oil Price Fluctuations Amid Geopolitical Tensions,"The geopolitical landscape, particularly in the Middle East, significantly impacts global oil supply dynamics, with countries like India and South Korea heavily reliant on oil imports from this region. Recent developments, such as the ceasefire between Israel and Iran, have led to fluctuations in crude oil prices, retreating to $64-$65 per barrel, with analysts warning of potential declines below $60 if this range is breached. India's complex relationships with Gulf Cooperation Council (GCC) countries and its balancing act regarding Israel further complicate its crude oil import dynamics, highlighting the interconnectedness of international relations and energy markets. The Strait of Hormuz remains a critical chokepoint for global oil supply, with 18% of daily consumption passing through it, making any conflict involving Iran a significant risk for shortages and price spikes. Additionally, ongoing tensions between the US and Iran, including oil export restrictions, create market uncertainty, while China's continued import of Iranian crude complicates supply dynamics. Overall, geopolitical tensions and resolutions play a crucial role in shaping oil market volatility, affecting global supply and demand dynamics.",Pakistan Today via Web,Unbearable or unendurable?,"The ceasefire has generally been welcomed by the world, mainly because of the fear that the Strait of Hormuz could be blocked by Iran. So much of the world's daily crude oil consumption, 18 percent, passes through it, that any blockage would cause a worldwide shortage within days. Again, any defensive measures would also act as retardants.",2,"The global approval of the ceasefire is driven by concerns over potential Iranian actions that could disrupt oil flow through the Strait of Hormuz, a critical passage for 18% of daily crude oil consumption, highlighting the link between geopolitical stability and oil price volatility.",2,Moderate,Positive,Medium
2025-06-26,"- **Geopolitical Tensions**: Ongoing Israel-Iran conflict and ceasefire developments have led to crude oil price fluctuations, with Brent prices currently between $73-76 per barrel. Analysts warn of potential spikes to $120 per barrel if tensions escalate.
  
- **U.S. Crude Oil Inventories**: A significant drop of 5.8 million barrels in U.S. crude oil inventories signals tightening supply, contributing to upward pressure on prices.

- **OPEC's Role**: OPEC's production strategy remains crucial for stabilizing global oil prices, with the potential phase-out of production cuts impacting market dynamics.

- **U.S. Economic Indicators**: Speculation about Federal Reserve rate cuts could boost oil demand amid signs of a U.S. economic slowdown, influencing market sentiment.

- **Environmental Scrutiny**: Recent oil spill incidents and regulatory pressures are increasing scrutiny on oil production practices, potentially affecting supply chains and public perception.

- **California Refinery Crisis**: Major refinery closures in California threaten to reduce refining capacity by over 25%, potentially driving gasoline prices up significantly.

- **Technological Innovations**: Advances in sustainable oil recovery technologies, such as RF XL 2.0, are reshaping production practices and addressing environmental concerns.

- **Investment Opportunities**: Chevron's projected $10 billion cash flow increase and infrastructure investments signal growth potential in the oil sector, despite bearish market outlooks. 

- **U.S. Strategic Petroleum Reserve Issues**: Delays in refilling the SPR raise concerns about domestic oil supply stability amid geopolitical uncertainties.",OPEC's Production Strategy: Key to Stabilizing Global Oil Prices Amid Market Disruptions,"The Organization of the Petroleum Exporting Countries (OPEC) significantly influences global oil prices through its production quotas and strategic decisions. With a spare capacity exceeding 6 million barrels per day, OPEC can respond to market disruptions, particularly in the context of geopolitical tensions. The organization's ability to maintain production levels is crucial for stabilizing prices and mitigating risk premiums associated with supply disruptions. The expanded OPEC+ group, which includes non-OPEC members like Russia, further complicates oil pricing dynamics. Recent trends, such as the scheduled phase-out of OPEC+ production cuts, are expected to impact market supply and prices, especially as GDP growth in oil-dependent economies like Saudi Arabia is projected to rise. As OPEC continues to adjust its output in response to global demand, its decisions remain pivotal in shaping the crude oil market and ensuring price stability.",Forbes.com via Web,IMF Expects Saudi Arabia's GDP Growth To Accelerate To 3.5% In 2025 After Growing 1.8% In 2024,"The International Monetary Fund (IMF) expects GDP growth in Saudi Arabia to accelerate to 3.5% in 2025 and 3.9% in 2026, after growing just 1.8% in 2024 due to OPEC+ oil production cuts.""",2,"OPEC+ production cuts are projected to impact Saudi Arabia's GDP growth, with a recovery expected to 3.5% in 2025 and 3.9% in 2026, highlighting the critical role of OPEC's strategy in stabilizing global oil prices amid market fluctuations.",2,Old,Positive,High
2025-06-26,"- **Geopolitical Tensions**: Ongoing Israel-Iran conflict and ceasefire developments have led to crude oil price fluctuations, with Brent prices currently between $73-76 per barrel. Analysts warn of potential spikes to $120 per barrel if tensions escalate.
  
- **U.S. Crude Oil Inventories**: A significant drop of 5.8 million barrels in U.S. crude oil inventories signals tightening supply, contributing to upward pressure on prices.

- **OPEC's Role**: OPEC's production strategy remains crucial for stabilizing global oil prices, with the potential phase-out of production cuts impacting market dynamics.

- **U.S. Economic Indicators**: Speculation about Federal Reserve rate cuts could boost oil demand amid signs of a U.S. economic slowdown, influencing market sentiment.

- **Environmental Scrutiny**: Recent oil spill incidents and regulatory pressures are increasing scrutiny on oil production practices, potentially affecting supply chains and public perception.

- **California Refinery Crisis**: Major refinery closures in California threaten to reduce refining capacity by over 25%, potentially driving gasoline prices up significantly.

- **Technological Innovations**: Advances in sustainable oil recovery technologies, such as RF XL 2.0, are reshaping production practices and addressing environmental concerns.

- **Investment Opportunities**: Chevron's projected $10 billion cash flow increase and infrastructure investments signal growth potential in the oil sector, despite bearish market outlooks. 

- **U.S. Strategic Petroleum Reserve Issues**: Delays in refilling the SPR raise concerns about domestic oil supply stability amid geopolitical uncertainties.",U.S. Oil Production Surge Stabilizes Global Market Amid Rising Demand,"The U.S. has established itself as the world's leading oil producer, significantly contributing to the stability of the global oil market and mitigating the effects of geopolitical tensions, particularly in the Middle East. Analysts, including Jim Burkhard from S&P Global, highlight that U.S. production capacity serves as a buffer against price volatility, fostering a more stable oil market. Recent data indicates that U.S. crude oil demand remains resilient, driving price increases in Brent and WTI crude futures and aiding in the recovery of prices from previous losses. This strong demand, coupled with expectations of heightened fuel consumption during the summer travel season, underscores the critical role of U.S. consumer behavior and economic activity in influencing crude oil prices amidst global supply dynamics.",Petroleum News,ANS War premium falls,"In early Asian trade June 26 as Petroleum News went to press, WTI traded at $65.46, and Brent traded at $68.14.
U.S. commercial crude oil inventories for the week ended June 20 -- excluding those in the Strategic Petroleum Reserve -- plunged 5.8 million barrels from the previous week to 415.1 million barrels -- 11% below the five-year average for the time of year, the EIA disclosed in its weekly report issued June 25.",2,"As of June 26, WTI and Brent crude oil prices were $65.46 and $68.14 respectively, with U.S. crude oil inventories significantly declining to 415.1 million barrels, 11% below the five-year average.",2,Old,Positive,High
2025-06-26,"- **Geopolitical Tensions**: Ongoing Israel-Iran conflict and ceasefire developments have led to crude oil price fluctuations, with Brent prices currently between $73-76 per barrel. Analysts warn of potential spikes to $120 per barrel if tensions escalate.
  
- **U.S. Crude Oil Inventories**: A significant drop of 5.8 million barrels in U.S. crude oil inventories signals tightening supply, contributing to upward pressure on prices.

- **OPEC's Role**: OPEC's production strategy remains crucial for stabilizing global oil prices, with the potential phase-out of production cuts impacting market dynamics.

- **U.S. Economic Indicators**: Speculation about Federal Reserve rate cuts could boost oil demand amid signs of a U.S. economic slowdown, influencing market sentiment.

- **Environmental Scrutiny**: Recent oil spill incidents and regulatory pressures are increasing scrutiny on oil production practices, potentially affecting supply chains and public perception.

- **California Refinery Crisis**: Major refinery closures in California threaten to reduce refining capacity by over 25%, potentially driving gasoline prices up significantly.

- **Technological Innovations**: Advances in sustainable oil recovery technologies, such as RF XL 2.0, are reshaping production practices and addressing environmental concerns.

- **Investment Opportunities**: Chevron's projected $10 billion cash flow increase and infrastructure investments signal growth potential in the oil sector, despite bearish market outlooks. 

- **U.S. Strategic Petroleum Reserve Issues**: Delays in refilling the SPR raise concerns about domestic oil supply stability amid geopolitical uncertainties.",Fed Rate Cut Speculation Fuels Optimism in Oil Demand Amid U.S. Economic Slowdown,"The relationship between U.S. economic indicators and oil demand is increasingly significant, particularly as recent macroeconomic data suggests potential for weaker-than-expected growth. This has led to speculation about interest rate cuts by the Federal Reserve, which could stimulate economic activity and subsequently increase oil demand. Fed Chair Powell's indications of possible rate cuts as early as July have contributed to optimism in the oil market. Additionally, the strength of the U.S. Dollar plays a crucial role in influencing crude oil prices, with recent declines in the Dollar Index positively impacting emerging market currencies like the Indian Rupee. This shift has improved risk sentiment and reduced oil import costs for countries reliant on oil, such as India. Furthermore, tight crude oil inventories alongside expectations of a more accommodative monetary policy could lead to higher oil prices, reflecting the intricate interplay between U.S. economic performance, monetary policy, and global oil demand dynamics.",Abu Dhabi National,IMF revises 2025 Saudi growth upwards to 3.5% on easing Opec+ output cuts,"The country's non-oil economy is expected to grow by 3.4 per cent in 2025, after recording a 4.2 per cent growth last year after ""the continued implementation of Vision 2030 projects through public and private investment, as well as strong credit growth, which would help sustain domestic demand and mitigate the impact of lower oil prices"", the Washington-based lender said.",4,"Projected 3.4% growth in the non-oil economy by 2025, driven by Vision 2030 initiatives and strong credit growth, supports optimism for oil demand despite U.S. economic slowdown.",4,Moderate,Positive,Medium
2025-06-26,"- **Geopolitical Tensions**: Ongoing Israel-Iran conflict and ceasefire developments have led to crude oil price fluctuations, with Brent prices currently between $73-76 per barrel. Analysts warn of potential spikes to $120 per barrel if tensions escalate.
  
- **U.S. Crude Oil Inventories**: A significant drop of 5.8 million barrels in U.S. crude oil inventories signals tightening supply, contributing to upward pressure on prices.

- **OPEC's Role**: OPEC's production strategy remains crucial for stabilizing global oil prices, with the potential phase-out of production cuts impacting market dynamics.

- **U.S. Economic Indicators**: Speculation about Federal Reserve rate cuts could boost oil demand amid signs of a U.S. economic slowdown, influencing market sentiment.

- **Environmental Scrutiny**: Recent oil spill incidents and regulatory pressures are increasing scrutiny on oil production practices, potentially affecting supply chains and public perception.

- **California Refinery Crisis**: Major refinery closures in California threaten to reduce refining capacity by over 25%, potentially driving gasoline prices up significantly.

- **Technological Innovations**: Advances in sustainable oil recovery technologies, such as RF XL 2.0, are reshaping production practices and addressing environmental concerns.

- **Investment Opportunities**: Chevron's projected $10 billion cash flow increase and infrastructure investments signal growth potential in the oil sector, despite bearish market outlooks. 

- **U.S. Strategic Petroleum Reserve Issues**: Delays in refilling the SPR raise concerns about domestic oil supply stability amid geopolitical uncertainties.",U.S. Oil Production Surge Stabilizes Global Market Amid Rising Demand,"The U.S. has established itself as the world's leading oil producer, significantly contributing to the stability of the global oil market and mitigating the effects of geopolitical tensions, particularly in the Middle East. Analysts, including Jim Burkhard from S&P Global, highlight that U.S. production capacity serves as a buffer against price volatility, fostering a more stable oil market. Recent data indicates that U.S. crude oil demand remains resilient, driving price increases in Brent and WTI crude futures and aiding in the recovery of prices from previous losses. This strong demand, coupled with expectations of heightened fuel consumption during the summer travel season, underscores the critical role of U.S. consumer behavior and economic activity in influencing crude oil prices amidst global supply dynamics.",MarketScreener via Web,WTI Oil Rises on Signs of Solid Summer Demand as U.S Inventories Fall,WTI Oil Rises on Signs of Solid Summer Demand as U.S Inventories Fall,5,"Rising WTI oil prices indicate strong summer demand and declining U.S. inventories, contributing to market stability amid increased global oil demand.",5,Old,Positive,High
2025-06-26,"- **Geopolitical Tensions**: Ongoing Israel-Iran conflict and ceasefire developments have led to crude oil price fluctuations, with Brent prices currently between $73-76 per barrel. Analysts warn of potential spikes to $120 per barrel if tensions escalate.
  
- **U.S. Crude Oil Inventories**: A significant drop of 5.8 million barrels in U.S. crude oil inventories signals tightening supply, contributing to upward pressure on prices.

- **OPEC's Role**: OPEC's production strategy remains crucial for stabilizing global oil prices, with the potential phase-out of production cuts impacting market dynamics.

- **U.S. Economic Indicators**: Speculation about Federal Reserve rate cuts could boost oil demand amid signs of a U.S. economic slowdown, influencing market sentiment.

- **Environmental Scrutiny**: Recent oil spill incidents and regulatory pressures are increasing scrutiny on oil production practices, potentially affecting supply chains and public perception.

- **California Refinery Crisis**: Major refinery closures in California threaten to reduce refining capacity by over 25%, potentially driving gasoline prices up significantly.

- **Technological Innovations**: Advances in sustainable oil recovery technologies, such as RF XL 2.0, are reshaping production practices and addressing environmental concerns.

- **Investment Opportunities**: Chevron's projected $10 billion cash flow increase and infrastructure investments signal growth potential in the oil sector, despite bearish market outlooks. 

- **U.S. Strategic Petroleum Reserve Issues**: Delays in refilling the SPR raise concerns about domestic oil supply stability amid geopolitical uncertainties.",U.S. Oil Production Surge Stabilizes Global Market Amid Rising Demand,"The U.S. has established itself as the world's leading oil producer, significantly contributing to the stability of the global oil market and mitigating the effects of geopolitical tensions, particularly in the Middle East. Analysts, including Jim Burkhard from S&P Global, highlight that U.S. production capacity serves as a buffer against price volatility, fostering a more stable oil market. Recent data indicates that U.S. crude oil demand remains resilient, driving price increases in Brent and WTI crude futures and aiding in the recovery of prices from previous losses. This strong demand, coupled with expectations of heightened fuel consumption during the summer travel season, underscores the critical role of U.S. consumer behavior and economic activity in influencing crude oil prices amidst global supply dynamics.",Khaleej Times via Web,"Oil climbs as investors shift focus to demand signals, dollar weakens","Brent crude futures were up $1.15, or 1.7%, to $68.83 a barrel at 11:37 a.m. EDT (1637 GMT). U.S. West Texas Intermediate crude was up $1.32, or 2.03%, to $66.24 a barrel.
Recommended For You
Both benchmarks climbed nearly 1% on Wednesday, recovering from losses earlier in the week after data showed resilient U.S. demand. Brent futures are trading below their close of $69.36 on June 12, the day before Israel started airstrikes on Iran.",5,"U.S. oil production surge contributes to rising Brent and WTI crude prices, stabilizing the global market amid strong domestic demand.",5,Old,Positive,High
2025-06-26,"- **Geopolitical Tensions**: Ongoing Israel-Iran conflict and ceasefire developments have led to crude oil price fluctuations, with Brent prices currently between $73-76 per barrel. Analysts warn of potential spikes to $120 per barrel if tensions escalate.
  
- **U.S. Crude Oil Inventories**: A significant drop of 5.8 million barrels in U.S. crude oil inventories signals tightening supply, contributing to upward pressure on prices.

- **OPEC's Role**: OPEC's production strategy remains crucial for stabilizing global oil prices, with the potential phase-out of production cuts impacting market dynamics.

- **U.S. Economic Indicators**: Speculation about Federal Reserve rate cuts could boost oil demand amid signs of a U.S. economic slowdown, influencing market sentiment.

- **Environmental Scrutiny**: Recent oil spill incidents and regulatory pressures are increasing scrutiny on oil production practices, potentially affecting supply chains and public perception.

- **California Refinery Crisis**: Major refinery closures in California threaten to reduce refining capacity by over 25%, potentially driving gasoline prices up significantly.

- **Technological Innovations**: Advances in sustainable oil recovery technologies, such as RF XL 2.0, are reshaping production practices and addressing environmental concerns.

- **Investment Opportunities**: Chevron's projected $10 billion cash flow increase and infrastructure investments signal growth potential in the oil sector, despite bearish market outlooks. 

- **U.S. Strategic Petroleum Reserve Issues**: Delays in refilling the SPR raise concerns about domestic oil supply stability amid geopolitical uncertainties.",Geopolitical Tensions Drive Crude Oil Price Volatility Amid Market Uncertainty,"Recent fluctuations in crude oil prices, particularly Brent and WTI, have been significantly influenced by geopolitical tensions, such as the Israel-Iran conflict, and market reactions to these events. For instance, Brent prices dipped nearly $2 following uncertainty regarding U.S. military involvement, highlighting the market's sensitivity to geopolitical developments. Currently, Brent crude prices hover between $73-76 per barrel, reflecting ongoing volatility driven by factors like OPEC+ production decisions and seasonal energy demands. The interplay between supply and demand is crucial, as evidenced by the sharp declines in oil prices, which have also impacted related markets, such as soybean oil. Additionally, increased speculative trading in Nymex light sweet crude indicates heightened investor interest, with traders boosting long positions in anticipation of future price movements. However, the oil and gas industry faces a bearish outlook, with declining stock performance and negative earnings forecasts, compounded by the IEA's prediction of peak oil demand by 2030. This complex landscape underscores the importance of market sentiment and geopolitical events in shaping oil price trajectories and the broader economic implications across various sectors.",Argus Media,US producers rushed to hedge on Israel-Iran oil spike,"The week after the initial attack, speculative futures and options traders boosted their long positions of Nymex light sweet crude to a four-month high.
Hedging activity has since slowed down, which is only to be expected given companies have hedged their required volumes and the rally subsided since major energy infrastructure was largely spared and a ceasefire appears to be holding.",1,"Speculative trading in crude oil surged to a four-month high following geopolitical tensions, but hedging activity has decreased as the market stabilizes with a ceasefire and minimal damage to energy infrastructure.",1,Moderate,Positive,High
2025-06-26,"- **Geopolitical Tensions**: Ongoing Israel-Iran conflict and ceasefire developments have led to crude oil price fluctuations, with Brent prices currently between $73-76 per barrel. Analysts warn of potential spikes to $120 per barrel if tensions escalate.
  
- **U.S. Crude Oil Inventories**: A significant drop of 5.8 million barrels in U.S. crude oil inventories signals tightening supply, contributing to upward pressure on prices.

- **OPEC's Role**: OPEC's production strategy remains crucial for stabilizing global oil prices, with the potential phase-out of production cuts impacting market dynamics.

- **U.S. Economic Indicators**: Speculation about Federal Reserve rate cuts could boost oil demand amid signs of a U.S. economic slowdown, influencing market sentiment.

- **Environmental Scrutiny**: Recent oil spill incidents and regulatory pressures are increasing scrutiny on oil production practices, potentially affecting supply chains and public perception.

- **California Refinery Crisis**: Major refinery closures in California threaten to reduce refining capacity by over 25%, potentially driving gasoline prices up significantly.

- **Technological Innovations**: Advances in sustainable oil recovery technologies, such as RF XL 2.0, are reshaping production practices and addressing environmental concerns.

- **Investment Opportunities**: Chevron's projected $10 billion cash flow increase and infrastructure investments signal growth potential in the oil sector, despite bearish market outlooks. 

- **U.S. Strategic Petroleum Reserve Issues**: Delays in refilling the SPR raise concerns about domestic oil supply stability amid geopolitical uncertainties.",U.S. Oil Production Surge Stabilizes Global Market Amid Rising Demand,"The U.S. has established itself as the world's leading oil producer, significantly contributing to the stability of the global oil market and mitigating the effects of geopolitical tensions, particularly in the Middle East. Analysts, including Jim Burkhard from S&P Global, highlight that U.S. production capacity serves as a buffer against price volatility, fostering a more stable oil market. Recent data indicates that U.S. crude oil demand remains resilient, driving price increases in Brent and WTI crude futures and aiding in the recovery of prices from previous losses. This strong demand, coupled with expectations of heightened fuel consumption during the summer travel season, underscores the critical role of U.S. consumer behavior and economic activity in influencing crude oil prices amidst global supply dynamics.",RTTNews via Web,Crude Oil Extends Rebound As Supply-Demand Outlook Gains Focus,"Crude oil extended its recovery on Thursday amid the ongoing Israel-Iran ceasefire and reports suggesting an increase in fuel demand in the US as the summer travel season approaches.
WTI Crude Oil for August delivery closed up by $0.32 to settle at $65.24 per barrel today.
August Brent Crude was last seen trading down by $0.14 to $67.54 per barrel today.
Concerns about increased output by OPEC+ countries was balanced by the fifth straight weekly drawdown on US crude oil inventories 11% below the five-year average.",5,"Crude oil prices rose amid a ceasefire in Israel-Iran and increased US fuel demand, with WTI closing at $65.24 per barrel despite OPEC+ output concerns.",5,Old,Positive,High
2025-06-26,"- **Geopolitical Tensions**: Ongoing Israel-Iran conflict and ceasefire developments have led to crude oil price fluctuations, with Brent prices currently between $73-76 per barrel. Analysts warn of potential spikes to $120 per barrel if tensions escalate.
  
- **U.S. Crude Oil Inventories**: A significant drop of 5.8 million barrels in U.S. crude oil inventories signals tightening supply, contributing to upward pressure on prices.

- **OPEC's Role**: OPEC's production strategy remains crucial for stabilizing global oil prices, with the potential phase-out of production cuts impacting market dynamics.

- **U.S. Economic Indicators**: Speculation about Federal Reserve rate cuts could boost oil demand amid signs of a U.S. economic slowdown, influencing market sentiment.

- **Environmental Scrutiny**: Recent oil spill incidents and regulatory pressures are increasing scrutiny on oil production practices, potentially affecting supply chains and public perception.

- **California Refinery Crisis**: Major refinery closures in California threaten to reduce refining capacity by over 25%, potentially driving gasoline prices up significantly.

- **Technological Innovations**: Advances in sustainable oil recovery technologies, such as RF XL 2.0, are reshaping production practices and addressing environmental concerns.

- **Investment Opportunities**: Chevron's projected $10 billion cash flow increase and infrastructure investments signal growth potential in the oil sector, despite bearish market outlooks. 

- **U.S. Strategic Petroleum Reserve Issues**: Delays in refilling the SPR raise concerns about domestic oil supply stability amid geopolitical uncertainties.",U.S. Oil Production Surge Stabilizes Global Market Amid Rising Demand,"The U.S. has established itself as the world's leading oil producer, significantly contributing to the stability of the global oil market and mitigating the effects of geopolitical tensions, particularly in the Middle East. Analysts, including Jim Burkhard from S&P Global, highlight that U.S. production capacity serves as a buffer against price volatility, fostering a more stable oil market. Recent data indicates that U.S. crude oil demand remains resilient, driving price increases in Brent and WTI crude futures and aiding in the recovery of prices from previous losses. This strong demand, coupled with expectations of heightened fuel consumption during the summer travel season, underscores the critical role of U.S. consumer behavior and economic activity in influencing crude oil prices amidst global supply dynamics.",Petroleum News,ANS War premium falls,"The U.S. position as dominant worldwide oil producer is a stabilizing factor.
""The impact on the oil market is profound,"" said Jim Burkhard, S&P Global crude oil market research head. ""It is among the most important factors why the response in the oil market to geopolitical conflict in the Middle East is limited and often disappears once the fear of a potential disruption dies down.""",2,"The U.S. dominance in oil production plays a crucial role in stabilizing the global oil market, mitigating the effects of geopolitical tensions in the Middle East.",2,Old,Positive,High
2025-06-26,"- **Geopolitical Tensions**: Ongoing Israel-Iran conflict and ceasefire developments have led to crude oil price fluctuations, with Brent prices currently between $73-76 per barrel. Analysts warn of potential spikes to $120 per barrel if tensions escalate.
  
- **U.S. Crude Oil Inventories**: A significant drop of 5.8 million barrels in U.S. crude oil inventories signals tightening supply, contributing to upward pressure on prices.

- **OPEC's Role**: OPEC's production strategy remains crucial for stabilizing global oil prices, with the potential phase-out of production cuts impacting market dynamics.

- **U.S. Economic Indicators**: Speculation about Federal Reserve rate cuts could boost oil demand amid signs of a U.S. economic slowdown, influencing market sentiment.

- **Environmental Scrutiny**: Recent oil spill incidents and regulatory pressures are increasing scrutiny on oil production practices, potentially affecting supply chains and public perception.

- **California Refinery Crisis**: Major refinery closures in California threaten to reduce refining capacity by over 25%, potentially driving gasoline prices up significantly.

- **Technological Innovations**: Advances in sustainable oil recovery technologies, such as RF XL 2.0, are reshaping production practices and addressing environmental concerns.

- **Investment Opportunities**: Chevron's projected $10 billion cash flow increase and infrastructure investments signal growth potential in the oil sector, despite bearish market outlooks. 

- **U.S. Strategic Petroleum Reserve Issues**: Delays in refilling the SPR raise concerns about domestic oil supply stability amid geopolitical uncertainties.",Oil Production Faces Growing Environmental Scrutiny After Gulf Spill,"Environmental concerns significantly impact oil production, as evidenced by recent incidents and emerging trends. A major oil spill in the Gulf of Mexico, releasing approximately 1.1 million gallons of crude oil, highlights the risks to supply chains and local ecosystems, prompting increased regulatory scrutiny and affecting public perception of the industry. Companies like Lamor Corporation are responding to these challenges by securing contracts for oil spill response services, particularly in regions like Angola, where offshore production is prevalent. This reflects a broader industry shift towards sustainability and responsible resource management, driven by stakeholder and regulatory demands. Additionally, bipartisan opposition to offshore drilling in the U.S., especially along the coasts of New England and the Carolinas, is gaining momentum, potentially influencing future domestic oil production and energy policy. These factors underscore the growing importance of environmental considerations in the oil sector.",The Business Journal,NTSB says company failed to shut down oil pipeline for nearly 13 hours after pressure dropped,"""In the years leading up to the accident, Third Coast missed several opportunities to evaluate how geohazards may threaten the integrity of their pipeline. Information widely available within the industry suggested that land movement related to hurricane activity was a threat to pipelines in the Gulf of America, including the MPOG (Main Pass Oil Gathering) 18-inch pipeline,"" the NTSB said in its final report, using the new name assigned to the body of water by the Trump administration.",2,"The NTSB report highlights Third Coast's failure to assess geohazards threatening pipeline integrity, underscoring the increasing environmental scrutiny on oil production practices following the Gulf spill.",2,Moderate,Negative,High
2025-06-26,"- **Geopolitical Tensions**: Ongoing Israel-Iran conflict and ceasefire developments have led to crude oil price fluctuations, with Brent prices currently between $73-76 per barrel. Analysts warn of potential spikes to $120 per barrel if tensions escalate.
  
- **U.S. Crude Oil Inventories**: A significant drop of 5.8 million barrels in U.S. crude oil inventories signals tightening supply, contributing to upward pressure on prices.

- **OPEC's Role**: OPEC's production strategy remains crucial for stabilizing global oil prices, with the potential phase-out of production cuts impacting market dynamics.

- **U.S. Economic Indicators**: Speculation about Federal Reserve rate cuts could boost oil demand amid signs of a U.S. economic slowdown, influencing market sentiment.

- **Environmental Scrutiny**: Recent oil spill incidents and regulatory pressures are increasing scrutiny on oil production practices, potentially affecting supply chains and public perception.

- **California Refinery Crisis**: Major refinery closures in California threaten to reduce refining capacity by over 25%, potentially driving gasoline prices up significantly.

- **Technological Innovations**: Advances in sustainable oil recovery technologies, such as RF XL 2.0, are reshaping production practices and addressing environmental concerns.

- **Investment Opportunities**: Chevron's projected $10 billion cash flow increase and infrastructure investments signal growth potential in the oil sector, despite bearish market outlooks. 

- **U.S. Strategic Petroleum Reserve Issues**: Delays in refilling the SPR raise concerns about domestic oil supply stability amid geopolitical uncertainties.",Oil Production Faces Growing Environmental Scrutiny After Gulf Spill,"Environmental concerns significantly impact oil production, as evidenced by recent incidents and emerging trends. A major oil spill in the Gulf of Mexico, releasing approximately 1.1 million gallons of crude oil, highlights the risks to supply chains and local ecosystems, prompting increased regulatory scrutiny and affecting public perception of the industry. Companies like Lamor Corporation are responding to these challenges by securing contracts for oil spill response services, particularly in regions like Angola, where offshore production is prevalent. This reflects a broader industry shift towards sustainability and responsible resource management, driven by stakeholder and regulatory demands. Additionally, bipartisan opposition to offshore drilling in the U.S., especially along the coasts of New England and the Carolinas, is gaining momentum, potentially influencing future domestic oil production and energy policy. These factors underscore the growing importance of environmental considerations in the oil sector.",The Business Journal,NTSB says company failed to shut down oil pipeline for nearly 13 hours after pressure dropped,"Adobe Stock image
Roughly 1.1 million gallons of crude oil spilled from a pipeline into the Gulf of Mexico in November 2023 because operators failed to shut it down for nearly 13 hours after their data first hinted at a problem, the National Transportation Safety Board said Thursday.",2,A November 2023 pipeline spill of 1.1 million gallons of crude oil in the Gulf of Mexico highlights ongoing operational failures and intensifies environmental scrutiny on oil production practices.,2,Moderate,Negative,High
2025-06-26,"- **Geopolitical Tensions**: Ongoing Israel-Iran conflict and ceasefire developments have led to crude oil price fluctuations, with Brent prices currently between $73-76 per barrel. Analysts warn of potential spikes to $120 per barrel if tensions escalate.
  
- **U.S. Crude Oil Inventories**: A significant drop of 5.8 million barrels in U.S. crude oil inventories signals tightening supply, contributing to upward pressure on prices.

- **OPEC's Role**: OPEC's production strategy remains crucial for stabilizing global oil prices, with the potential phase-out of production cuts impacting market dynamics.

- **U.S. Economic Indicators**: Speculation about Federal Reserve rate cuts could boost oil demand amid signs of a U.S. economic slowdown, influencing market sentiment.

- **Environmental Scrutiny**: Recent oil spill incidents and regulatory pressures are increasing scrutiny on oil production practices, potentially affecting supply chains and public perception.

- **California Refinery Crisis**: Major refinery closures in California threaten to reduce refining capacity by over 25%, potentially driving gasoline prices up significantly.

- **Technological Innovations**: Advances in sustainable oil recovery technologies, such as RF XL 2.0, are reshaping production practices and addressing environmental concerns.

- **Investment Opportunities**: Chevron's projected $10 billion cash flow increase and infrastructure investments signal growth potential in the oil sector, despite bearish market outlooks. 

- **U.S. Strategic Petroleum Reserve Issues**: Delays in refilling the SPR raise concerns about domestic oil supply stability amid geopolitical uncertainties.","U.S. Strategic Petroleum Reserve Faces Refill Delays, Threatening Oil Supply Stability","The U.S. Strategic Petroleum Reserve (SPR) is currently facing significant issues, including a lack of imminent plans to refill it, as indicated by White House Press Secretary Karoline Leavitt. This policy decision raises concerns about domestic oil supply and market confidence, particularly during periods of geopolitical uncertainty, potentially leading to increased volatility in oil prices. Additionally, the U.S. Department of Energy has announced delays in the scheduled deliveries of crude oil to the SPR due to maintenance issues, extending the timeline for refilling by up to seven months. These setbacks hinder the government's ability to stabilize oil prices and ensure energy security, complicating the Biden administration's efforts to support the domestic oil industry and affecting market perceptions of U.S. oil supply stability.",Rigzone,WTI Edges Up as OPEC+ Meeting Looms,"""If they're going to sell oil, they're going to sell oil,"" Trump said. ""China is going to want to buy oil. They can buy it from us. They can buy it from other people.""
In another headwind, White House Press Secretary Karoline Leavitt told reporters that there are no imminent plans to refill the Strategic Petroleum Reserve. She also said there were no plans for nuclear talks between Washington and Tehran and reiterated that the US destroyed Iran's nuclear capabilities.",1,"The U.S. faces delays in refilling the Strategic Petroleum Reserve, with no immediate plans announced, raising concerns about oil supply stability amid global market dynamics.",1,Old,Negative,High
2025-06-26,"- **Geopolitical Tensions**: Ongoing Israel-Iran conflict and ceasefire developments have led to crude oil price fluctuations, with Brent prices currently between $73-76 per barrel. Analysts warn of potential spikes to $120 per barrel if tensions escalate.
  
- **U.S. Crude Oil Inventories**: A significant drop of 5.8 million barrels in U.S. crude oil inventories signals tightening supply, contributing to upward pressure on prices.

- **OPEC's Role**: OPEC's production strategy remains crucial for stabilizing global oil prices, with the potential phase-out of production cuts impacting market dynamics.

- **U.S. Economic Indicators**: Speculation about Federal Reserve rate cuts could boost oil demand amid signs of a U.S. economic slowdown, influencing market sentiment.

- **Environmental Scrutiny**: Recent oil spill incidents and regulatory pressures are increasing scrutiny on oil production practices, potentially affecting supply chains and public perception.

- **California Refinery Crisis**: Major refinery closures in California threaten to reduce refining capacity by over 25%, potentially driving gasoline prices up significantly.

- **Technological Innovations**: Advances in sustainable oil recovery technologies, such as RF XL 2.0, are reshaping production practices and addressing environmental concerns.

- **Investment Opportunities**: Chevron's projected $10 billion cash flow increase and infrastructure investments signal growth potential in the oil sector, despite bearish market outlooks. 

- **U.S. Strategic Petroleum Reserve Issues**: Delays in refilling the SPR raise concerns about domestic oil supply stability amid geopolitical uncertainties.",U.S. Oil Production Surge Stabilizes Global Market Amid Rising Demand,"The U.S. has established itself as the world's leading oil producer, significantly contributing to the stability of the global oil market and mitigating the effects of geopolitical tensions, particularly in the Middle East. Analysts, including Jim Burkhard from S&P Global, highlight that U.S. production capacity serves as a buffer against price volatility, fostering a more stable oil market. Recent data indicates that U.S. crude oil demand remains resilient, driving price increases in Brent and WTI crude futures and aiding in the recovery of prices from previous losses. This strong demand, coupled with expectations of heightened fuel consumption during the summer travel season, underscores the critical role of U.S. consumer behavior and economic activity in influencing crude oil prices amidst global supply dynamics.",Yahoo! Finance,How High Can Middle East Turmoil Drive Crude Oil Prices?,"Nearby NYMEX crude oil futures were at $63.42 per barrel on May 14. In late June, the price was only slightly higher after a volatile period. While the war in the Middle East posed the potential for oil prices to rise above $100 per barrel, the energy commodity's rally ran out of upside steam.",5,"Crude oil futures showed limited price increase despite geopolitical tensions, indicating a stabilization in the market.",5,Old,Positive,High
2025-06-26,"- **Geopolitical Tensions**: Ongoing Israel-Iran conflict and ceasefire developments have led to crude oil price fluctuations, with Brent prices currently between $73-76 per barrel. Analysts warn of potential spikes to $120 per barrel if tensions escalate.
  
- **U.S. Crude Oil Inventories**: A significant drop of 5.8 million barrels in U.S. crude oil inventories signals tightening supply, contributing to upward pressure on prices.

- **OPEC's Role**: OPEC's production strategy remains crucial for stabilizing global oil prices, with the potential phase-out of production cuts impacting market dynamics.

- **U.S. Economic Indicators**: Speculation about Federal Reserve rate cuts could boost oil demand amid signs of a U.S. economic slowdown, influencing market sentiment.

- **Environmental Scrutiny**: Recent oil spill incidents and regulatory pressures are increasing scrutiny on oil production practices, potentially affecting supply chains and public perception.

- **California Refinery Crisis**: Major refinery closures in California threaten to reduce refining capacity by over 25%, potentially driving gasoline prices up significantly.

- **Technological Innovations**: Advances in sustainable oil recovery technologies, such as RF XL 2.0, are reshaping production practices and addressing environmental concerns.

- **Investment Opportunities**: Chevron's projected $10 billion cash flow increase and infrastructure investments signal growth potential in the oil sector, despite bearish market outlooks. 

- **U.S. Strategic Petroleum Reserve Issues**: Delays in refilling the SPR raise concerns about domestic oil supply stability amid geopolitical uncertainties.",Escalating Israel-Iran Tensions Threaten to Drive Oil Prices to $120 per Barrel,"The ongoing tensions between Israel and Iran significantly impact global oil prices, primarily due to the strategic importance of the Strait of Hormuz, a vital shipping route through which a substantial portion of the world's oil supply is transported. Experts warn that escalating conflicts could disrupt oil shipments, potentially driving prices up to $120 per barrel. The situation is exacerbated by military actions, including missile strikes and U.S. military posturing, which have already led to increased volatility in oil markets. The fear of supply disruptions has created a 'war premium' of $7-$8 per barrel, reflecting the market's sensitivity to geopolitical developments. Countries heavily reliant on oil imports, such as India, face heightened vulnerability to price fluctuations driven by these tensions. Analysts are closely monitoring the situation, as any escalation could lead to significant price shocks and further complicate the delicate balance of oil supply and demand. Recent ceasefires have temporarily alleviated fears of immediate supply disruptions, resulting in price corrections, but the overall instability in the region continues to pose risks to global oil markets.",Oman Daily Observer,Oil steady as investors shift focus to demand signals,"Brent crude futures rose 34 cents, or 0.5%, to $68.02 a barrel by 1055 GMT. US West Texas Intermediate crude gained 35 cents, or 0.5%, to $65.27 a barrel.
Both benchmarks climbed nearly 1% on Wednesday, recovering from losses earlier in the week after data showed resilient US demand. Brent futures are trading below their close of $69.36 on June 12, the day before Israel started air strikes on Iran.",1,"Recent increases in Brent and WTI crude prices, amid resilient US demand, highlight the potential for further price escalation due to ongoing Israel-Iran tensions, which could push oil prices towards $120 per barrel.",1,Moderate,Positive,High
2025-06-26,"- **Geopolitical Tensions**: Ongoing Israel-Iran conflict and ceasefire developments have led to crude oil price fluctuations, with Brent prices currently between $73-76 per barrel. Analysts warn of potential spikes to $120 per barrel if tensions escalate.
  
- **U.S. Crude Oil Inventories**: A significant drop of 5.8 million barrels in U.S. crude oil inventories signals tightening supply, contributing to upward pressure on prices.

- **OPEC's Role**: OPEC's production strategy remains crucial for stabilizing global oil prices, with the potential phase-out of production cuts impacting market dynamics.

- **U.S. Economic Indicators**: Speculation about Federal Reserve rate cuts could boost oil demand amid signs of a U.S. economic slowdown, influencing market sentiment.

- **Environmental Scrutiny**: Recent oil spill incidents and regulatory pressures are increasing scrutiny on oil production practices, potentially affecting supply chains and public perception.

- **California Refinery Crisis**: Major refinery closures in California threaten to reduce refining capacity by over 25%, potentially driving gasoline prices up significantly.

- **Technological Innovations**: Advances in sustainable oil recovery technologies, such as RF XL 2.0, are reshaping production practices and addressing environmental concerns.

- **Investment Opportunities**: Chevron's projected $10 billion cash flow increase and infrastructure investments signal growth potential in the oil sector, despite bearish market outlooks. 

- **U.S. Strategic Petroleum Reserve Issues**: Delays in refilling the SPR raise concerns about domestic oil supply stability amid geopolitical uncertainties.",U.S. Oil Production Surge Stabilizes Global Market Amid Rising Demand,"The U.S. has established itself as the world's leading oil producer, significantly contributing to the stability of the global oil market and mitigating the effects of geopolitical tensions, particularly in the Middle East. Analysts, including Jim Burkhard from S&P Global, highlight that U.S. production capacity serves as a buffer against price volatility, fostering a more stable oil market. Recent data indicates that U.S. crude oil demand remains resilient, driving price increases in Brent and WTI crude futures and aiding in the recovery of prices from previous losses. This strong demand, coupled with expectations of heightened fuel consumption during the summer travel season, underscores the critical role of U.S. consumer behavior and economic activity in influencing crude oil prices amidst global supply dynamics.",Yahoo! Finance,How High Can Middle East Turmoil Drive Crude Oil Prices?,"In a May 15 Barchart article that asked if there was more downside in crude oil, I cautioned:
The geopolitical landscape remains highly tense, with potential hostilities in the Middle East and other regions. Any geopolitical surprises could ignite a recovery rally in crude oil futures, but so far in 2025, the price has been falling in a very volatile world.",5,"The article highlights the volatile nature of crude oil prices amid geopolitical tensions, indicating potential for recovery despite current declines.",5,Old,Positive,High
2025-06-26,"- **Geopolitical Tensions**: Ongoing Israel-Iran conflict and ceasefire developments have led to crude oil price fluctuations, with Brent prices currently between $73-76 per barrel. Analysts warn of potential spikes to $120 per barrel if tensions escalate.
  
- **U.S. Crude Oil Inventories**: A significant drop of 5.8 million barrels in U.S. crude oil inventories signals tightening supply, contributing to upward pressure on prices.

- **OPEC's Role**: OPEC's production strategy remains crucial for stabilizing global oil prices, with the potential phase-out of production cuts impacting market dynamics.

- **U.S. Economic Indicators**: Speculation about Federal Reserve rate cuts could boost oil demand amid signs of a U.S. economic slowdown, influencing market sentiment.

- **Environmental Scrutiny**: Recent oil spill incidents and regulatory pressures are increasing scrutiny on oil production practices, potentially affecting supply chains and public perception.

- **California Refinery Crisis**: Major refinery closures in California threaten to reduce refining capacity by over 25%, potentially driving gasoline prices up significantly.

- **Technological Innovations**: Advances in sustainable oil recovery technologies, such as RF XL 2.0, are reshaping production practices and addressing environmental concerns.

- **Investment Opportunities**: Chevron's projected $10 billion cash flow increase and infrastructure investments signal growth potential in the oil sector, despite bearish market outlooks. 

- **U.S. Strategic Petroleum Reserve Issues**: Delays in refilling the SPR raise concerns about domestic oil supply stability amid geopolitical uncertainties.",Fed Rate Cut Speculation Fuels Optimism in Oil Demand Amid U.S. Economic Slowdown,"The relationship between U.S. economic indicators and oil demand is increasingly significant, particularly as recent macroeconomic data suggests potential for weaker-than-expected growth. This has led to speculation about interest rate cuts by the Federal Reserve, which could stimulate economic activity and subsequently increase oil demand. Fed Chair Powell's indications of possible rate cuts as early as July have contributed to optimism in the oil market. Additionally, the strength of the U.S. Dollar plays a crucial role in influencing crude oil prices, with recent declines in the Dollar Index positively impacting emerging market currencies like the Indian Rupee. This shift has improved risk sentiment and reduced oil import costs for countries reliant on oil, such as India. Furthermore, tight crude oil inventories alongside expectations of a more accommodative monetary policy could lead to higher oil prices, reflecting the intricate interplay between U.S. economic performance, monetary policy, and global oil demand dynamics.",FXStreet News,"USD/INR slips as Trump criticizes Powell, DXY drops to three-year low","The Indian Rupee strengthens as the US Dollar Index falls for the fourth straight session, hitting a fresh three-year low.
US President Trump renews attacks on Fed Chair Powell, calls him ""terrible,"" and signals plans to name a replacement.
Subdued Crude Oil prices and easing geopolitical tensions support the Rupee recovery from a three-month low.",4,"The Indian Rupee's recovery amid a declining US Dollar and subdued crude oil prices reflects optimism in oil demand, despite ongoing U.S. economic challenges and Fed rate cut speculation.",4,Moderate,Positive,Medium
2025-06-26,"- **Geopolitical Tensions**: Ongoing Israel-Iran conflict and ceasefire developments have led to crude oil price fluctuations, with Brent prices currently between $73-76 per barrel. Analysts warn of potential spikes to $120 per barrel if tensions escalate.
  
- **U.S. Crude Oil Inventories**: A significant drop of 5.8 million barrels in U.S. crude oil inventories signals tightening supply, contributing to upward pressure on prices.

- **OPEC's Role**: OPEC's production strategy remains crucial for stabilizing global oil prices, with the potential phase-out of production cuts impacting market dynamics.

- **U.S. Economic Indicators**: Speculation about Federal Reserve rate cuts could boost oil demand amid signs of a U.S. economic slowdown, influencing market sentiment.

- **Environmental Scrutiny**: Recent oil spill incidents and regulatory pressures are increasing scrutiny on oil production practices, potentially affecting supply chains and public perception.

- **California Refinery Crisis**: Major refinery closures in California threaten to reduce refining capacity by over 25%, potentially driving gasoline prices up significantly.

- **Technological Innovations**: Advances in sustainable oil recovery technologies, such as RF XL 2.0, are reshaping production practices and addressing environmental concerns.

- **Investment Opportunities**: Chevron's projected $10 billion cash flow increase and infrastructure investments signal growth potential in the oil sector, despite bearish market outlooks. 

- **U.S. Strategic Petroleum Reserve Issues**: Delays in refilling the SPR raise concerns about domestic oil supply stability amid geopolitical uncertainties.",Geopolitical Tensions Drive Crude Oil Price Volatility Amid Market Uncertainty,"Recent fluctuations in crude oil prices, particularly Brent and WTI, have been significantly influenced by geopolitical tensions, such as the Israel-Iran conflict, and market reactions to these events. For instance, Brent prices dipped nearly $2 following uncertainty regarding U.S. military involvement, highlighting the market's sensitivity to geopolitical developments. Currently, Brent crude prices hover between $73-76 per barrel, reflecting ongoing volatility driven by factors like OPEC+ production decisions and seasonal energy demands. The interplay between supply and demand is crucial, as evidenced by the sharp declines in oil prices, which have also impacted related markets, such as soybean oil. Additionally, increased speculative trading in Nymex light sweet crude indicates heightened investor interest, with traders boosting long positions in anticipation of future price movements. However, the oil and gas industry faces a bearish outlook, with declining stock performance and negative earnings forecasts, compounded by the IEA's prediction of peak oil demand by 2030. This complex landscape underscores the importance of market sentiment and geopolitical events in shaping oil price trajectories and the broader economic implications across various sectors.",Nasdaq,International E&P Industry: Your Guide to 3 Resilient Stocks,"Despite the dull near-term prospects of the industry, we will present a few stocks that you may want to consider for your portfolio. But it's worth taking a look at the industry's shareholder returns and current valuation first.",5,"Amid geopolitical tensions and market uncertainty, the oil industry's lackluster near-term outlook prompts a review of potential investment opportunities despite volatile crude oil prices.",5,Moderate,Positive,High
2025-06-26,"- **Geopolitical Tensions**: Ongoing Israel-Iran conflict and ceasefire developments have led to crude oil price fluctuations, with Brent prices currently between $73-76 per barrel. Analysts warn of potential spikes to $120 per barrel if tensions escalate.
  
- **U.S. Crude Oil Inventories**: A significant drop of 5.8 million barrels in U.S. crude oil inventories signals tightening supply, contributing to upward pressure on prices.

- **OPEC's Role**: OPEC's production strategy remains crucial for stabilizing global oil prices, with the potential phase-out of production cuts impacting market dynamics.

- **U.S. Economic Indicators**: Speculation about Federal Reserve rate cuts could boost oil demand amid signs of a U.S. economic slowdown, influencing market sentiment.

- **Environmental Scrutiny**: Recent oil spill incidents and regulatory pressures are increasing scrutiny on oil production practices, potentially affecting supply chains and public perception.

- **California Refinery Crisis**: Major refinery closures in California threaten to reduce refining capacity by over 25%, potentially driving gasoline prices up significantly.

- **Technological Innovations**: Advances in sustainable oil recovery technologies, such as RF XL 2.0, are reshaping production practices and addressing environmental concerns.

- **Investment Opportunities**: Chevron's projected $10 billion cash flow increase and infrastructure investments signal growth potential in the oil sector, despite bearish market outlooks. 

- **U.S. Strategic Petroleum Reserve Issues**: Delays in refilling the SPR raise concerns about domestic oil supply stability amid geopolitical uncertainties.","U.S. Crude Oil Inventories Plunge 5.8 Million Barrels, Signaling Tightening Supply and Rising Prices","Recent data from the Energy Information Administration (EIA) and the American Petroleum Institute (API) indicate a significant decline in U.S. crude oil inventories, with a reported drop of 5.836 million barrels for the week ending June 20, exceeding market expectations of a 0.75 million barrel decrease. This decline follows a previous week where inventories fell by over 10 million barrels, marking an 11-year seasonal low. The reduction in stockpiles, alongside rising refining activity and increased demand, suggests a tightening supply situation that could exert upward pressure on crude oil prices. Analysts are closely monitoring these trends as they reflect the balance of supply and demand dynamics in the U.S. oil market, particularly in the context of ongoing geopolitical tensions and economic recovery efforts. Additionally, the growth of U.S. crude oil exports is driving demand for transportation and logistics services, prompting companies like Enbridge to consider investments in infrastructure to support this expanding export capacity.",MT Newswires,"U.S. Crude Oil Stockpiles Fall 5.8 Million Barrels in Week Ended June 20, EIA Reports","The decrease exceeded analysts expectations for a 797,000-barrel drop in a Reuters poll.
Crude oil production edged higher by 9,000 barrels per day to 13.43 million b/d, according to the EIA.
Crude oil imports fell 102,000 b/d to 6 million b/d while crude oil exports decreased by 8,000 b/d to 3.96 million b/d.",3,"U.S. crude oil inventories fell by 5.8 million barrels, significantly surpassing expectations, indicating a tightening supply as production slightly increased and imports decreased.",3,Old,Positive,High
2025-06-26,"- **Geopolitical Tensions**: Ongoing Israel-Iran conflict and ceasefire developments have led to crude oil price fluctuations, with Brent prices currently between $73-76 per barrel. Analysts warn of potential spikes to $120 per barrel if tensions escalate.
  
- **U.S. Crude Oil Inventories**: A significant drop of 5.8 million barrels in U.S. crude oil inventories signals tightening supply, contributing to upward pressure on prices.

- **OPEC's Role**: OPEC's production strategy remains crucial for stabilizing global oil prices, with the potential phase-out of production cuts impacting market dynamics.

- **U.S. Economic Indicators**: Speculation about Federal Reserve rate cuts could boost oil demand amid signs of a U.S. economic slowdown, influencing market sentiment.

- **Environmental Scrutiny**: Recent oil spill incidents and regulatory pressures are increasing scrutiny on oil production practices, potentially affecting supply chains and public perception.

- **California Refinery Crisis**: Major refinery closures in California threaten to reduce refining capacity by over 25%, potentially driving gasoline prices up significantly.

- **Technological Innovations**: Advances in sustainable oil recovery technologies, such as RF XL 2.0, are reshaping production practices and addressing environmental concerns.

- **Investment Opportunities**: Chevron's projected $10 billion cash flow increase and infrastructure investments signal growth potential in the oil sector, despite bearish market outlooks. 

- **U.S. Strategic Petroleum Reserve Issues**: Delays in refilling the SPR raise concerns about domestic oil supply stability amid geopolitical uncertainties.","U.S. Crude Oil Inventories Plunge 5.8 Million Barrels, Signaling Tightening Supply and Rising Prices","Recent data from the Energy Information Administration (EIA) and the American Petroleum Institute (API) indicate a significant decline in U.S. crude oil inventories, with a reported drop of 5.836 million barrels for the week ending June 20, exceeding market expectations of a 0.75 million barrel decrease. This decline follows a previous week where inventories fell by over 10 million barrels, marking an 11-year seasonal low. The reduction in stockpiles, alongside rising refining activity and increased demand, suggests a tightening supply situation that could exert upward pressure on crude oil prices. Analysts are closely monitoring these trends as they reflect the balance of supply and demand dynamics in the U.S. oil market, particularly in the context of ongoing geopolitical tensions and economic recovery efforts. Additionally, the growth of U.S. crude oil exports is driving demand for transportation and logistics services, prompting companies like Enbridge to consider investments in infrastructure to support this expanding export capacity.",MT Newswires,"Crude Oil Prices Steady as Market Refocuses on Fundamentals, Watches Iran-Israel Ceasefire","Oil prices appeared to be following equity markets lower so far, Reuters said in a Thursday report, citing analysts.
Refining activity and demand rose in the U.S., leading to a decrease in crude oil and fuel inventories in the week ended June 20, data released Wednesday from the U.S. Energy Information Administration showed.",3,"U.S. crude oil inventories fell by 5.8 million barrels due to increased refining activity and demand, indicating a tightening supply that may contribute to rising oil prices.",3,Old,Positive,High
2025-06-26,"- **Geopolitical Tensions**: Ongoing Israel-Iran conflict and ceasefire developments have led to crude oil price fluctuations, with Brent prices currently between $73-76 per barrel. Analysts warn of potential spikes to $120 per barrel if tensions escalate.
  
- **U.S. Crude Oil Inventories**: A significant drop of 5.8 million barrels in U.S. crude oil inventories signals tightening supply, contributing to upward pressure on prices.

- **OPEC's Role**: OPEC's production strategy remains crucial for stabilizing global oil prices, with the potential phase-out of production cuts impacting market dynamics.

- **U.S. Economic Indicators**: Speculation about Federal Reserve rate cuts could boost oil demand amid signs of a U.S. economic slowdown, influencing market sentiment.

- **Environmental Scrutiny**: Recent oil spill incidents and regulatory pressures are increasing scrutiny on oil production practices, potentially affecting supply chains and public perception.

- **California Refinery Crisis**: Major refinery closures in California threaten to reduce refining capacity by over 25%, potentially driving gasoline prices up significantly.

- **Technological Innovations**: Advances in sustainable oil recovery technologies, such as RF XL 2.0, are reshaping production practices and addressing environmental concerns.

- **Investment Opportunities**: Chevron's projected $10 billion cash flow increase and infrastructure investments signal growth potential in the oil sector, despite bearish market outlooks. 

- **U.S. Strategic Petroleum Reserve Issues**: Delays in refilling the SPR raise concerns about domestic oil supply stability amid geopolitical uncertainties.",Chevron's $10 Billion Cash Flow Boosts Oil Sector Investment Amid Infrastructure Innovations,"Investment opportunities in the oil sector are being driven by significant developments in upstream operations and infrastructure enhancements. Chevron's upstream business is expected to generate up to $10 billion in incremental free cash flow by 2026, largely due to its successful activities in regions like Kazakhstan and the Permian Basin, which are crucial for increasing oil production. Concurrently, investments in U.S. oil infrastructure, such as Enbridge's pipeline expansions and Eni's refinery conversion to a biorefinery, are essential for boosting production capacity and improving efficiency while addressing environmental concerns. Additionally, companies like Gold H2 are innovating by utilizing existing oil infrastructure to produce low-carbon hydrogen, particularly in California's oilfields, indicating a transformative shift in energy production. These trends underscore the importance of infrastructure development and the transition towards cleaner energy sources, presenting substantial investment opportunities within the oil industry.",Gulf Oil & Gas,Aduro Clean Technologies Welcomes David Weizenbach as Chief Operating Officer,"Aduro Clean Technologies Inc. (""Aduro"" or the ""Company""), a clean technology company using the power of chemistry to transform lower-value feedstocks, like waste plastics, heavy bitumen, and renewable oils, into resources for the 21st century, today announced the appointment of David Weizenbach, P. Eng., as Chief Operating Officer, effective July 1st 2025.",2,"Aduro Clean Technologies appoints David Weizenbach as COO, signaling a strategic move towards enhancing clean technology innovations in the oil sector amidst Chevron's significant cash flow boost.",2,Moderate,Positive,High
2025-06-26,"- **Geopolitical Tensions**: Ongoing Israel-Iran conflict and ceasefire developments have led to crude oil price fluctuations, with Brent prices currently between $73-76 per barrel. Analysts warn of potential spikes to $120 per barrel if tensions escalate.
  
- **U.S. Crude Oil Inventories**: A significant drop of 5.8 million barrels in U.S. crude oil inventories signals tightening supply, contributing to upward pressure on prices.

- **OPEC's Role**: OPEC's production strategy remains crucial for stabilizing global oil prices, with the potential phase-out of production cuts impacting market dynamics.

- **U.S. Economic Indicators**: Speculation about Federal Reserve rate cuts could boost oil demand amid signs of a U.S. economic slowdown, influencing market sentiment.

- **Environmental Scrutiny**: Recent oil spill incidents and regulatory pressures are increasing scrutiny on oil production practices, potentially affecting supply chains and public perception.

- **California Refinery Crisis**: Major refinery closures in California threaten to reduce refining capacity by over 25%, potentially driving gasoline prices up significantly.

- **Technological Innovations**: Advances in sustainable oil recovery technologies, such as RF XL 2.0, are reshaping production practices and addressing environmental concerns.

- **Investment Opportunities**: Chevron's projected $10 billion cash flow increase and infrastructure investments signal growth potential in the oil sector, despite bearish market outlooks. 

- **U.S. Strategic Petroleum Reserve Issues**: Delays in refilling the SPR raise concerns about domestic oil supply stability amid geopolitical uncertainties.",Geopolitical Tensions Drive Crude Oil Price Volatility Amid Market Uncertainty,"Recent fluctuations in crude oil prices, particularly Brent and WTI, have been significantly influenced by geopolitical tensions, such as the Israel-Iran conflict, and market reactions to these events. For instance, Brent prices dipped nearly $2 following uncertainty regarding U.S. military involvement, highlighting the market's sensitivity to geopolitical developments. Currently, Brent crude prices hover between $73-76 per barrel, reflecting ongoing volatility driven by factors like OPEC+ production decisions and seasonal energy demands. The interplay between supply and demand is crucial, as evidenced by the sharp declines in oil prices, which have also impacted related markets, such as soybean oil. Additionally, increased speculative trading in Nymex light sweet crude indicates heightened investor interest, with traders boosting long positions in anticipation of future price movements. However, the oil and gas industry faces a bearish outlook, with declining stock performance and negative earnings forecasts, compounded by the IEA's prediction of peak oil demand by 2030. This complex landscape underscores the importance of market sentiment and geopolitical events in shaping oil price trajectories and the broader economic implications across various sectors.",Nasdaq,International E&P Industry: Your Guide to 3 Resilient Stocks,"Zacks Industry Rank Reflects Bearish Outlook
The Zacks Oil and Gas - International E&P industry is an eight-stock group within the broader Zacks Oil - Energy sector. It currently carries a Zacks Industry Rank #227, which places it in the bottom 7% of 244 Zacks industries.",5,"The Zacks Oil and Gas - International E&P industry, ranked #227, indicates a bearish outlook amidst ongoing geopolitical tensions affecting crude oil price volatility.",5,Moderate,Positive,High
2025-06-26,"- **Geopolitical Tensions**: Ongoing Israel-Iran conflict and ceasefire developments have led to crude oil price fluctuations, with Brent prices currently between $73-76 per barrel. Analysts warn of potential spikes to $120 per barrel if tensions escalate.
  
- **U.S. Crude Oil Inventories**: A significant drop of 5.8 million barrels in U.S. crude oil inventories signals tightening supply, contributing to upward pressure on prices.

- **OPEC's Role**: OPEC's production strategy remains crucial for stabilizing global oil prices, with the potential phase-out of production cuts impacting market dynamics.

- **U.S. Economic Indicators**: Speculation about Federal Reserve rate cuts could boost oil demand amid signs of a U.S. economic slowdown, influencing market sentiment.

- **Environmental Scrutiny**: Recent oil spill incidents and regulatory pressures are increasing scrutiny on oil production practices, potentially affecting supply chains and public perception.

- **California Refinery Crisis**: Major refinery closures in California threaten to reduce refining capacity by over 25%, potentially driving gasoline prices up significantly.

- **Technological Innovations**: Advances in sustainable oil recovery technologies, such as RF XL 2.0, are reshaping production practices and addressing environmental concerns.

- **Investment Opportunities**: Chevron's projected $10 billion cash flow increase and infrastructure investments signal growth potential in the oil sector, despite bearish market outlooks. 

- **U.S. Strategic Petroleum Reserve Issues**: Delays in refilling the SPR raise concerns about domestic oil supply stability amid geopolitical uncertainties.",Acceleware and Scovan's RF XL 2.0: A Game-Changer for Sustainable Oil Recovery,"Technological innovations in the oil sector are increasingly focused on sustainability and efficiency, exemplified by the partnership between Acceleware and Scovan to commercialize RF XL 2.0, a new enhanced oil recovery (EOR) technology. This initiative aims to improve oil sands extraction by enhancing efficiency and reducing emissions, aligning with global decarbonization efforts. The integration of carbon dioxide (CO2) in EOR techniques is also gaining traction, as it not only boosts hydrocarbon extraction from unconventional reservoirs but also facilitates carbon sequestration, addressing environmental concerns. Companies like Occidental Petroleum are leading these advancements, which have the potential to reshape oil production practices and contribute to more sustainable operations within the fossil fuel industry. As the industry faces pressure to balance production with environmental responsibilities, innovations like RF XL are critical in redefining operational strategies and investment in oil recovery methods.",Global Data Point,Acceleware Announces RF XL 2.0,"RF XL, Accelewares enhanced oil recovery (EOR) technology that uses RF heating to energize oil formations, is a major innovation that could potentially decarbonize heavy oil and oil sands production effectively and efficiently by materially lowering costs compared to other EOR techniques, increasing the recovery factor, and potentially stimulating investment.
The RF XL Marwayne deployment was supported by three major operators and progressed from Technology Readiness Level (TRL) 4 to TRL 8, with its core technology, the Clean Tech Inverter (CTI) progressing to TRL 9. This deployment successfully demonstrated RF XLs potential by heating the reservoir and increasing temperatures in the production well while achieving the highest power level and longest continuous run time for any RF based EOR technology.",1,"Acceleware's RF XL 2.0 technology represents a significant advancement in sustainable oil recovery, utilizing RF heating to enhance oil extraction efficiency and reduce costs, as demonstrated by its successful deployment in Marwayne, supported by major operators.",1,Old,Positive,High
2025-06-26,"- **Geopolitical Tensions**: Ongoing Israel-Iran conflict and ceasefire developments have led to crude oil price fluctuations, with Brent prices currently between $73-76 per barrel. Analysts warn of potential spikes to $120 per barrel if tensions escalate.
  
- **U.S. Crude Oil Inventories**: A significant drop of 5.8 million barrels in U.S. crude oil inventories signals tightening supply, contributing to upward pressure on prices.

- **OPEC's Role**: OPEC's production strategy remains crucial for stabilizing global oil prices, with the potential phase-out of production cuts impacting market dynamics.

- **U.S. Economic Indicators**: Speculation about Federal Reserve rate cuts could boost oil demand amid signs of a U.S. economic slowdown, influencing market sentiment.

- **Environmental Scrutiny**: Recent oil spill incidents and regulatory pressures are increasing scrutiny on oil production practices, potentially affecting supply chains and public perception.

- **California Refinery Crisis**: Major refinery closures in California threaten to reduce refining capacity by over 25%, potentially driving gasoline prices up significantly.

- **Technological Innovations**: Advances in sustainable oil recovery technologies, such as RF XL 2.0, are reshaping production practices and addressing environmental concerns.

- **Investment Opportunities**: Chevron's projected $10 billion cash flow increase and infrastructure investments signal growth potential in the oil sector, despite bearish market outlooks. 

- **U.S. Strategic Petroleum Reserve Issues**: Delays in refilling the SPR raise concerns about domestic oil supply stability amid geopolitical uncertainties.",Geopolitical Tensions Drive Crude Oil Price Volatility Amid Market Uncertainty,"Recent fluctuations in crude oil prices, particularly Brent and WTI, have been significantly influenced by geopolitical tensions, such as the Israel-Iran conflict, and market reactions to these events. For instance, Brent prices dipped nearly $2 following uncertainty regarding U.S. military involvement, highlighting the market's sensitivity to geopolitical developments. Currently, Brent crude prices hover between $73-76 per barrel, reflecting ongoing volatility driven by factors like OPEC+ production decisions and seasonal energy demands. The interplay between supply and demand is crucial, as evidenced by the sharp declines in oil prices, which have also impacted related markets, such as soybean oil. Additionally, increased speculative trading in Nymex light sweet crude indicates heightened investor interest, with traders boosting long positions in anticipation of future price movements. However, the oil and gas industry faces a bearish outlook, with declining stock performance and negative earnings forecasts, compounded by the IEA's prediction of peak oil demand by 2030. This complex landscape underscores the importance of market sentiment and geopolitical events in shaping oil price trajectories and the broader economic implications across various sectors.",Nasdaq,International E&P Industry: Your Guide to 3 Resilient Stocks,"These operators are also exposed to exploration risks where drilling results are uncertain.
4 Key Investing Trends to Watch in the Oil and Gas - International E&P Industry
IEA's Peak Demand Forecast Adds Structural Headwinds: The IEA's firm stance on oil demand peaking by 2030 is a psychological blow for the sector. Slowing demand growth, particularly with China's consumption expected to peak by 2027, adds long-term pressure on crude prices. Accelerating electric vehicle adoption, LNG-fueled freight, and structural shifts in global economies amplify this trend. For E&P companies reliant on constant demand growth, this forecast signals a tough road ahead, potentially shrinking valuations and dampening long-term investment sentiment.",5,"Geopolitical tensions and the IEA's forecast of peak oil demand by 2030 create significant uncertainty, leading to increased volatility in crude oil prices as exploration risks and shifting consumption patterns challenge long-term investment in the sector.",5,Moderate,Positive,High
2025-06-26,"- **Geopolitical Tensions**: Ongoing Israel-Iran conflict and ceasefire developments have led to crude oil price fluctuations, with Brent prices currently between $73-76 per barrel. Analysts warn of potential spikes to $120 per barrel if tensions escalate.
  
- **U.S. Crude Oil Inventories**: A significant drop of 5.8 million barrels in U.S. crude oil inventories signals tightening supply, contributing to upward pressure on prices.

- **OPEC's Role**: OPEC's production strategy remains crucial for stabilizing global oil prices, with the potential phase-out of production cuts impacting market dynamics.

- **U.S. Economic Indicators**: Speculation about Federal Reserve rate cuts could boost oil demand amid signs of a U.S. economic slowdown, influencing market sentiment.

- **Environmental Scrutiny**: Recent oil spill incidents and regulatory pressures are increasing scrutiny on oil production practices, potentially affecting supply chains and public perception.

- **California Refinery Crisis**: Major refinery closures in California threaten to reduce refining capacity by over 25%, potentially driving gasoline prices up significantly.

- **Technological Innovations**: Advances in sustainable oil recovery technologies, such as RF XL 2.0, are reshaping production practices and addressing environmental concerns.

- **Investment Opportunities**: Chevron's projected $10 billion cash flow increase and infrastructure investments signal growth potential in the oil sector, despite bearish market outlooks. 

- **U.S. Strategic Petroleum Reserve Issues**: Delays in refilling the SPR raise concerns about domestic oil supply stability amid geopolitical uncertainties.",Geopolitical Tensions Drive Crude Oil Price Volatility Amid Market Uncertainty,"Recent fluctuations in crude oil prices, particularly Brent and WTI, have been significantly influenced by geopolitical tensions, such as the Israel-Iran conflict, and market reactions to these events. For instance, Brent prices dipped nearly $2 following uncertainty regarding U.S. military involvement, highlighting the market's sensitivity to geopolitical developments. Currently, Brent crude prices hover between $73-76 per barrel, reflecting ongoing volatility driven by factors like OPEC+ production decisions and seasonal energy demands. The interplay between supply and demand is crucial, as evidenced by the sharp declines in oil prices, which have also impacted related markets, such as soybean oil. Additionally, increased speculative trading in Nymex light sweet crude indicates heightened investor interest, with traders boosting long positions in anticipation of future price movements. However, the oil and gas industry faces a bearish outlook, with declining stock performance and negative earnings forecasts, compounded by the IEA's prediction of peak oil demand by 2030. This complex landscape underscores the importance of market sentiment and geopolitical events in shaping oil price trajectories and the broader economic implications across various sectors.",Nasdaq,International E&P Industry: Your Guide to 3 Resilient Stocks,"The industry's position in the bottom 50% of the Zacks-ranked industries is a result of a negative earnings outlook for the constituent companies in aggregate. Looking at the aggregate earnings estimate revisions, it appears that analysts are becoming pessimistic about this group's earnings growth potential. As a matter of fact, the industry's earnings estimates for 2025 have gone down 115.7% in the past year.",5,"Negative earnings outlook and significant downward revisions for the oil industry reflect growing market uncertainty, exacerbated by geopolitical tensions impacting crude oil price volatility.",5,Moderate,Positive,High
2025-06-26,"- **Geopolitical Tensions**: Ongoing Israel-Iran conflict and ceasefire developments have led to crude oil price fluctuations, with Brent prices currently between $73-76 per barrel. Analysts warn of potential spikes to $120 per barrel if tensions escalate.
  
- **U.S. Crude Oil Inventories**: A significant drop of 5.8 million barrels in U.S. crude oil inventories signals tightening supply, contributing to upward pressure on prices.

- **OPEC's Role**: OPEC's production strategy remains crucial for stabilizing global oil prices, with the potential phase-out of production cuts impacting market dynamics.

- **U.S. Economic Indicators**: Speculation about Federal Reserve rate cuts could boost oil demand amid signs of a U.S. economic slowdown, influencing market sentiment.

- **Environmental Scrutiny**: Recent oil spill incidents and regulatory pressures are increasing scrutiny on oil production practices, potentially affecting supply chains and public perception.

- **California Refinery Crisis**: Major refinery closures in California threaten to reduce refining capacity by over 25%, potentially driving gasoline prices up significantly.

- **Technological Innovations**: Advances in sustainable oil recovery technologies, such as RF XL 2.0, are reshaping production practices and addressing environmental concerns.

- **Investment Opportunities**: Chevron's projected $10 billion cash flow increase and infrastructure investments signal growth potential in the oil sector, despite bearish market outlooks. 

- **U.S. Strategic Petroleum Reserve Issues**: Delays in refilling the SPR raise concerns about domestic oil supply stability amid geopolitical uncertainties.","U.S. Crude Oil Inventories Plunge 5.8 Million Barrels, Signaling Tightening Supply and Rising Prices","Recent data from the Energy Information Administration (EIA) and the American Petroleum Institute (API) indicate a significant decline in U.S. crude oil inventories, with a reported drop of 5.836 million barrels for the week ending June 20, exceeding market expectations of a 0.75 million barrel decrease. This decline follows a previous week where inventories fell by over 10 million barrels, marking an 11-year seasonal low. The reduction in stockpiles, alongside rising refining activity and increased demand, suggests a tightening supply situation that could exert upward pressure on crude oil prices. Analysts are closely monitoring these trends as they reflect the balance of supply and demand dynamics in the U.S. oil market, particularly in the context of ongoing geopolitical tensions and economic recovery efforts. Additionally, the growth of U.S. crude oil exports is driving demand for transportation and logistics services, prompting companies like Enbridge to consider investments in infrastructure to support this expanding export capacity.",MarketScreener via Web,"U.S. Crude Oil Stockpiles Fall 5.8 Million Barrels in Week Ended June 20, EIA Reports","U.S. Crude Oil Stockpiles Fall 5.8 Million Barrels in Week Ended June 20, EIA Reports",3,"U.S. crude oil stockpiles decreased by 5.8 million barrels for the week ending June 20, indicating a tightening supply that may lead to rising prices.",3,Old,Positive,High
2025-06-26,"- **Geopolitical Tensions**: Ongoing Israel-Iran conflict and ceasefire developments have led to crude oil price fluctuations, with Brent prices currently between $73-76 per barrel. Analysts warn of potential spikes to $120 per barrel if tensions escalate.
  
- **U.S. Crude Oil Inventories**: A significant drop of 5.8 million barrels in U.S. crude oil inventories signals tightening supply, contributing to upward pressure on prices.

- **OPEC's Role**: OPEC's production strategy remains crucial for stabilizing global oil prices, with the potential phase-out of production cuts impacting market dynamics.

- **U.S. Economic Indicators**: Speculation about Federal Reserve rate cuts could boost oil demand amid signs of a U.S. economic slowdown, influencing market sentiment.

- **Environmental Scrutiny**: Recent oil spill incidents and regulatory pressures are increasing scrutiny on oil production practices, potentially affecting supply chains and public perception.

- **California Refinery Crisis**: Major refinery closures in California threaten to reduce refining capacity by over 25%, potentially driving gasoline prices up significantly.

- **Technological Innovations**: Advances in sustainable oil recovery technologies, such as RF XL 2.0, are reshaping production practices and addressing environmental concerns.

- **Investment Opportunities**: Chevron's projected $10 billion cash flow increase and infrastructure investments signal growth potential in the oil sector, despite bearish market outlooks. 

- **U.S. Strategic Petroleum Reserve Issues**: Delays in refilling the SPR raise concerns about domestic oil supply stability amid geopolitical uncertainties.",Chevron's $10 Billion Cash Flow Boosts Oil Sector Investment Amid Infrastructure Innovations,"Investment opportunities in the oil sector are being driven by significant developments in upstream operations and infrastructure enhancements. Chevron's upstream business is expected to generate up to $10 billion in incremental free cash flow by 2026, largely due to its successful activities in regions like Kazakhstan and the Permian Basin, which are crucial for increasing oil production. Concurrently, investments in U.S. oil infrastructure, such as Enbridge's pipeline expansions and Eni's refinery conversion to a biorefinery, are essential for boosting production capacity and improving efficiency while addressing environmental concerns. Additionally, companies like Gold H2 are innovating by utilizing existing oil infrastructure to produce low-carbon hydrogen, particularly in California's oilfields, indicating a transformative shift in energy production. These trends underscore the importance of infrastructure development and the transition towards cleaner energy sources, presenting substantial investment opportunities within the oil industry.",Global Data Point,Gold H2 Delivers First Successful Subsurface Bio-Stimulated Hydrogen Production Field Trial,"Gold H2s subsurface hydrogen biotechnology represents a transformative shift in clean energy development. Californias depleted oilfields alone could yield up to a quarter trillion kilograms of low-carbon hydrogen, enough to provide clean power to Los Angeles for over 50 years and avoid roughly one billion metric tons of CO equivalent. The global potential is far greater.
This breakthrough isnt just a step forward, its a leap toward climate impact at scale, said Jillian Evanko, CEO and President at Chart Industries, Inc., Gold H2 investor and advisor. By turning depleted oil fields into clean hydrogen generators, Gold H2 has provided a roadmap to produce low-cost, low-carbon energy using the very infrastructure that powered the last century. This changes the game for how the world can decarbonize heavy industry, power grids, and economies, faster and more affordably than we ever thought possible.",2,"Gold H2's innovative use of California's depleted oilfields for low-carbon hydrogen production exemplifies a significant advancement in clean energy, aligning with Chevron's $10 billion cash flow to enhance oil sector investment and infrastructure modernization.",2,Moderate,Positive,High
2025-06-26,"- **Geopolitical Tensions**: Ongoing Israel-Iran conflict and ceasefire developments have led to crude oil price fluctuations, with Brent prices currently between $73-76 per barrel. Analysts warn of potential spikes to $120 per barrel if tensions escalate.
  
- **U.S. Crude Oil Inventories**: A significant drop of 5.8 million barrels in U.S. crude oil inventories signals tightening supply, contributing to upward pressure on prices.

- **OPEC's Role**: OPEC's production strategy remains crucial for stabilizing global oil prices, with the potential phase-out of production cuts impacting market dynamics.

- **U.S. Economic Indicators**: Speculation about Federal Reserve rate cuts could boost oil demand amid signs of a U.S. economic slowdown, influencing market sentiment.

- **Environmental Scrutiny**: Recent oil spill incidents and regulatory pressures are increasing scrutiny on oil production practices, potentially affecting supply chains and public perception.

- **California Refinery Crisis**: Major refinery closures in California threaten to reduce refining capacity by over 25%, potentially driving gasoline prices up significantly.

- **Technological Innovations**: Advances in sustainable oil recovery technologies, such as RF XL 2.0, are reshaping production practices and addressing environmental concerns.

- **Investment Opportunities**: Chevron's projected $10 billion cash flow increase and infrastructure investments signal growth potential in the oil sector, despite bearish market outlooks. 

- **U.S. Strategic Petroleum Reserve Issues**: Delays in refilling the SPR raise concerns about domestic oil supply stability amid geopolitical uncertainties.",Oil Production Faces Growing Environmental Scrutiny After Gulf Spill,"Environmental concerns significantly impact oil production, as evidenced by recent incidents and emerging trends. A major oil spill in the Gulf of Mexico, releasing approximately 1.1 million gallons of crude oil, highlights the risks to supply chains and local ecosystems, prompting increased regulatory scrutiny and affecting public perception of the industry. Companies like Lamor Corporation are responding to these challenges by securing contracts for oil spill response services, particularly in regions like Angola, where offshore production is prevalent. This reflects a broader industry shift towards sustainability and responsible resource management, driven by stakeholder and regulatory demands. Additionally, bipartisan opposition to offshore drilling in the U.S., especially along the coasts of New England and the Carolinas, is gaining momentum, potentially influencing future domestic oil production and energy policy. These factors underscore the growing importance of environmental considerations in the oil sector.",MFN FI,"3-year oil spill response service contract for Lamor from Angola, worth over EUR 2 million","Lamor's local agent in Angola, F&N Holdings, has been awarded a 3-year contract for oil spill response services from an oil company providing energy to Angolan market. Lamor will support the agent by providing on-site expertise for the duration of the service period. Lamor's portion of the service contract exceeds EUR 2 million.
F&N Holdings, in collaboration with Lamor, will oversee the environmental protection of the customer's offshore operations. The service contract includes oil spill response services such as equipment maintenance, 24/7 staffing, training, audits, waste management, and wildlife response. Lamor's specialists will provide support to the local workforce.
""This is Lamor's largest project yet in Africa, and we are happy to support both F&N Holdings and the end-customer in environmental protection. Angola has the second-largest oil producer in sub-Saharan Africa with much of it offshore. Our experts will lead the oil spill response team, ensure that equipment is operational, conduct trainings, and build local capacity"", tells Evan Lorendo , Head of Africa at Lamor.",3,"Lamor partners with F&N Holdings in Angola to provide a €2 million oil spill response contract, emphasizing environmental protection in offshore oil operations amid increasing scrutiny post-Gulf spill.",3,Moderate,Negative,High
2025-06-26,"- **Geopolitical Tensions**: Ongoing Israel-Iran conflict and ceasefire developments have led to crude oil price fluctuations, with Brent prices currently between $73-76 per barrel. Analysts warn of potential spikes to $120 per barrel if tensions escalate.
  
- **U.S. Crude Oil Inventories**: A significant drop of 5.8 million barrels in U.S. crude oil inventories signals tightening supply, contributing to upward pressure on prices.

- **OPEC's Role**: OPEC's production strategy remains crucial for stabilizing global oil prices, with the potential phase-out of production cuts impacting market dynamics.

- **U.S. Economic Indicators**: Speculation about Federal Reserve rate cuts could boost oil demand amid signs of a U.S. economic slowdown, influencing market sentiment.

- **Environmental Scrutiny**: Recent oil spill incidents and regulatory pressures are increasing scrutiny on oil production practices, potentially affecting supply chains and public perception.

- **California Refinery Crisis**: Major refinery closures in California threaten to reduce refining capacity by over 25%, potentially driving gasoline prices up significantly.

- **Technological Innovations**: Advances in sustainable oil recovery technologies, such as RF XL 2.0, are reshaping production practices and addressing environmental concerns.

- **Investment Opportunities**: Chevron's projected $10 billion cash flow increase and infrastructure investments signal growth potential in the oil sector, despite bearish market outlooks. 

- **U.S. Strategic Petroleum Reserve Issues**: Delays in refilling the SPR raise concerns about domestic oil supply stability amid geopolitical uncertainties.",Oil Production Faces Growing Environmental Scrutiny After Gulf Spill,"Environmental concerns significantly impact oil production, as evidenced by recent incidents and emerging trends. A major oil spill in the Gulf of Mexico, releasing approximately 1.1 million gallons of crude oil, highlights the risks to supply chains and local ecosystems, prompting increased regulatory scrutiny and affecting public perception of the industry. Companies like Lamor Corporation are responding to these challenges by securing contracts for oil spill response services, particularly in regions like Angola, where offshore production is prevalent. This reflects a broader industry shift towards sustainability and responsible resource management, driven by stakeholder and regulatory demands. Additionally, bipartisan opposition to offshore drilling in the U.S., especially along the coasts of New England and the Carolinas, is gaining momentum, potentially influencing future domestic oil production and energy policy. These factors underscore the growing importance of environmental considerations in the oil sector.",Splash 247.com,"US offering 15,000 blocks in upcoming offshore lease sale","Trump's new offshore drilling plan and the new 2024-2029 Outer Continental Shelf Oil and Gas Leasing Program have run into bipartisan opposition from many states and communities.
A bipartisan group of senators introduced a bill to ban offshore drilling along the coast of New England, which consists of Maine, Vermont, New Hampshire, Massachusetts, Connecticut, and Rhode Island. All states have representatives supporting the bill except Vermont.",3,"Bipartisan opposition to Trump's offshore drilling plan is evident as a group of senators proposes a bill to ban drilling along New England's coast, highlighting growing environmental concerns post-Gulf spill.",3,Moderate,Negative,High
2025-06-26,"- **Geopolitical Tensions**: Ongoing Israel-Iran conflict and ceasefire developments have led to crude oil price fluctuations, with Brent prices currently between $73-76 per barrel. Analysts warn of potential spikes to $120 per barrel if tensions escalate.
  
- **U.S. Crude Oil Inventories**: A significant drop of 5.8 million barrels in U.S. crude oil inventories signals tightening supply, contributing to upward pressure on prices.

- **OPEC's Role**: OPEC's production strategy remains crucial for stabilizing global oil prices, with the potential phase-out of production cuts impacting market dynamics.

- **U.S. Economic Indicators**: Speculation about Federal Reserve rate cuts could boost oil demand amid signs of a U.S. economic slowdown, influencing market sentiment.

- **Environmental Scrutiny**: Recent oil spill incidents and regulatory pressures are increasing scrutiny on oil production practices, potentially affecting supply chains and public perception.

- **California Refinery Crisis**: Major refinery closures in California threaten to reduce refining capacity by over 25%, potentially driving gasoline prices up significantly.

- **Technological Innovations**: Advances in sustainable oil recovery technologies, such as RF XL 2.0, are reshaping production practices and addressing environmental concerns.

- **Investment Opportunities**: Chevron's projected $10 billion cash flow increase and infrastructure investments signal growth potential in the oil sector, despite bearish market outlooks. 

- **U.S. Strategic Petroleum Reserve Issues**: Delays in refilling the SPR raise concerns about domestic oil supply stability amid geopolitical uncertainties.",California's Refinery Crisis: Stringent Regulations and Major Closures Threaten Fuel Supply and Prices,"California is facing significant oil supply challenges due to an ongoing refinery crisis, driven by stringent regulations and insufficient pipeline connections. Recent closures of major refineries, including Phillips 66 and Valero, threaten to reduce the state's refining capacity by over 25% within a year. The unique fuel blend requirements imposed by the California Air Resources Board could further exacerbate the situation, potentially increasing fuel costs by an additional 65 cents per gallon and pushing gasoline prices to as high as $9 per gallon. This crisis underscores the vulnerability of California's energy infrastructure and its heavy reliance on foreign oil, which may lead to increased volatility in crude oil markets.",Fox News,STEVE HILTON: Gavin Newsom's $9 gas nightmare looms over the Golden State,"The immediate gas price shock has been prompted by a Democrat-created refinery crisis. California has no oil pipeline connection to the rest of the country, and on top of that it requires a special 'blend' of fuel. This and other regulations are prompting refiners to leave the state, starting with Phillips 66 in L.A. and followed in swift succession by Valero's Benicia plant (recently crippled by fire), and the threatened closure of PBF's Torrance facility. Over 25% of our refining capacity could vanish in a year, leaving us at the mercy of foreign oil and skyrocketing prices. Add to that the California Air Resources Board's (CARB) insane rules, which could slap an extra 65 cents per gallon on fuel costs, and you've got a recipe for $9 gas.",1,"California's stringent regulations and refinery closures threaten to drastically reduce refining capacity, potentially leading to skyrocketing gas prices and increased reliance on foreign oil.",1,Moderate,Positive,High
2025-06-26,"- **Geopolitical Tensions**: Ongoing Israel-Iran conflict and ceasefire developments have led to crude oil price fluctuations, with Brent prices currently between $73-76 per barrel. Analysts warn of potential spikes to $120 per barrel if tensions escalate.
  
- **U.S. Crude Oil Inventories**: A significant drop of 5.8 million barrels in U.S. crude oil inventories signals tightening supply, contributing to upward pressure on prices.

- **OPEC's Role**: OPEC's production strategy remains crucial for stabilizing global oil prices, with the potential phase-out of production cuts impacting market dynamics.

- **U.S. Economic Indicators**: Speculation about Federal Reserve rate cuts could boost oil demand amid signs of a U.S. economic slowdown, influencing market sentiment.

- **Environmental Scrutiny**: Recent oil spill incidents and regulatory pressures are increasing scrutiny on oil production practices, potentially affecting supply chains and public perception.

- **California Refinery Crisis**: Major refinery closures in California threaten to reduce refining capacity by over 25%, potentially driving gasoline prices up significantly.

- **Technological Innovations**: Advances in sustainable oil recovery technologies, such as RF XL 2.0, are reshaping production practices and addressing environmental concerns.

- **Investment Opportunities**: Chevron's projected $10 billion cash flow increase and infrastructure investments signal growth potential in the oil sector, despite bearish market outlooks. 

- **U.S. Strategic Petroleum Reserve Issues**: Delays in refilling the SPR raise concerns about domestic oil supply stability amid geopolitical uncertainties.","U.S. Crude Oil Inventories Plunge 5.8 Million Barrels, Signaling Tightening Supply and Rising Prices","Recent data from the Energy Information Administration (EIA) and the American Petroleum Institute (API) indicate a significant decline in U.S. crude oil inventories, with a reported drop of 5.836 million barrels for the week ending June 20, exceeding market expectations of a 0.75 million barrel decrease. This decline follows a previous week where inventories fell by over 10 million barrels, marking an 11-year seasonal low. The reduction in stockpiles, alongside rising refining activity and increased demand, suggests a tightening supply situation that could exert upward pressure on crude oil prices. Analysts are closely monitoring these trends as they reflect the balance of supply and demand dynamics in the U.S. oil market, particularly in the context of ongoing geopolitical tensions and economic recovery efforts. Additionally, the growth of U.S. crude oil exports is driving demand for transportation and logistics services, prompting companies like Enbridge to consider investments in infrastructure to support this expanding export capacity.",FXStreet News,WTI trades higher near $65.00 as US crude stocks indicate strong demand,"WTI price appreciates as a larger-than-expected draw in US crude stocks, signaling firm demand.
The US EIA reported a 5.8 million barrel drop in crude Oil inventories last week.
Oil prices may face challenges as the Israel-Iran ceasefire eased supply concerns.",4,"A significant 5.8 million barrel decline in U.S. crude oil inventories indicates strong demand, contributing to rising WTI prices despite potential supply concerns easing from geopolitical developments.",4,Old,Positive,High
2025-06-26,"- **Geopolitical Tensions**: Ongoing Israel-Iran conflict and ceasefire developments have led to crude oil price fluctuations, with Brent prices currently between $73-76 per barrel. Analysts warn of potential spikes to $120 per barrel if tensions escalate.
  
- **U.S. Crude Oil Inventories**: A significant drop of 5.8 million barrels in U.S. crude oil inventories signals tightening supply, contributing to upward pressure on prices.

- **OPEC's Role**: OPEC's production strategy remains crucial for stabilizing global oil prices, with the potential phase-out of production cuts impacting market dynamics.

- **U.S. Economic Indicators**: Speculation about Federal Reserve rate cuts could boost oil demand amid signs of a U.S. economic slowdown, influencing market sentiment.

- **Environmental Scrutiny**: Recent oil spill incidents and regulatory pressures are increasing scrutiny on oil production practices, potentially affecting supply chains and public perception.

- **California Refinery Crisis**: Major refinery closures in California threaten to reduce refining capacity by over 25%, potentially driving gasoline prices up significantly.

- **Technological Innovations**: Advances in sustainable oil recovery technologies, such as RF XL 2.0, are reshaping production practices and addressing environmental concerns.

- **Investment Opportunities**: Chevron's projected $10 billion cash flow increase and infrastructure investments signal growth potential in the oil sector, despite bearish market outlooks. 

- **U.S. Strategic Petroleum Reserve Issues**: Delays in refilling the SPR raise concerns about domestic oil supply stability amid geopolitical uncertainties.",Oil Production Faces Growing Environmental Scrutiny After Gulf Spill,"Environmental concerns significantly impact oil production, as evidenced by recent incidents and emerging trends. A major oil spill in the Gulf of Mexico, releasing approximately 1.1 million gallons of crude oil, highlights the risks to supply chains and local ecosystems, prompting increased regulatory scrutiny and affecting public perception of the industry. Companies like Lamor Corporation are responding to these challenges by securing contracts for oil spill response services, particularly in regions like Angola, where offshore production is prevalent. This reflects a broader industry shift towards sustainability and responsible resource management, driven by stakeholder and regulatory demands. Additionally, bipartisan opposition to offshore drilling in the U.S., especially along the coasts of New England and the Carolinas, is gaining momentum, potentially influencing future domestic oil production and energy policy. These factors underscore the growing importance of environmental considerations in the oil sector.",MFN FI,"3-year oil spill response service contract for Lamor from Angola, worth over EUR 2 million","Lamor is one of the world's leading providers of environmental solutions. For four decades, we have worked to clean up and prevent environmental incidents on land and at sea.
Environmental protection, soil remediation and material recycling: Our innovative technologies, services and tailored solutions, ranging from oil spill response, waste management and water treatment to soil remediation and plastic recycling, benefit customers and environments all over the world.",3,Lamor's extensive experience in environmental solutions highlights the increasing demand for effective oil spill response and remediation technologies in the wake of heightened scrutiny on oil production practices.,3,Moderate,Negative,High
2025-06-26,"- **Geopolitical Tensions**: Ongoing Israel-Iran conflict and ceasefire developments have led to crude oil price fluctuations, with Brent prices currently between $73-76 per barrel. Analysts warn of potential spikes to $120 per barrel if tensions escalate.
  
- **U.S. Crude Oil Inventories**: A significant drop of 5.8 million barrels in U.S. crude oil inventories signals tightening supply, contributing to upward pressure on prices.

- **OPEC's Role**: OPEC's production strategy remains crucial for stabilizing global oil prices, with the potential phase-out of production cuts impacting market dynamics.

- **U.S. Economic Indicators**: Speculation about Federal Reserve rate cuts could boost oil demand amid signs of a U.S. economic slowdown, influencing market sentiment.

- **Environmental Scrutiny**: Recent oil spill incidents and regulatory pressures are increasing scrutiny on oil production practices, potentially affecting supply chains and public perception.

- **California Refinery Crisis**: Major refinery closures in California threaten to reduce refining capacity by over 25%, potentially driving gasoline prices up significantly.

- **Technological Innovations**: Advances in sustainable oil recovery technologies, such as RF XL 2.0, are reshaping production practices and addressing environmental concerns.

- **Investment Opportunities**: Chevron's projected $10 billion cash flow increase and infrastructure investments signal growth potential in the oil sector, despite bearish market outlooks. 

- **U.S. Strategic Petroleum Reserve Issues**: Delays in refilling the SPR raise concerns about domestic oil supply stability amid geopolitical uncertainties.",Geopolitical Tensions Drive Crude Oil Price Volatility Amid Market Uncertainty,"Recent fluctuations in crude oil prices, particularly Brent and WTI, have been significantly influenced by geopolitical tensions, such as the Israel-Iran conflict, and market reactions to these events. For instance, Brent prices dipped nearly $2 following uncertainty regarding U.S. military involvement, highlighting the market's sensitivity to geopolitical developments. Currently, Brent crude prices hover between $73-76 per barrel, reflecting ongoing volatility driven by factors like OPEC+ production decisions and seasonal energy demands. The interplay between supply and demand is crucial, as evidenced by the sharp declines in oil prices, which have also impacted related markets, such as soybean oil. Additionally, increased speculative trading in Nymex light sweet crude indicates heightened investor interest, with traders boosting long positions in anticipation of future price movements. However, the oil and gas industry faces a bearish outlook, with declining stock performance and negative earnings forecasts, compounded by the IEA's prediction of peak oil demand by 2030. This complex landscape underscores the importance of market sentiment and geopolitical events in shaping oil price trajectories and the broader economic implications across various sectors.",Nasdaq,International E&P Industry: Your Guide to 3 Resilient Stocks,"Industry Underperforms Sector & S&P 500
The Zacks Oil and Gas - International E&P industry has fared worse than the broader Zacks Oil - Energy Sector as well as the Zacks S&P 500 composite over the past year.",5,"The Zacks Oil and Gas - International E&P industry has underperformed compared to the broader energy sector and the S&P 500, highlighting the impact of geopolitical tensions on market confidence and crude oil price volatility.",5,Moderate,Positive,High
2025-06-26,"- **Geopolitical Tensions**: Ongoing Israel-Iran conflict and ceasefire developments have led to crude oil price fluctuations, with Brent prices currently between $73-76 per barrel. Analysts warn of potential spikes to $120 per barrel if tensions escalate.
  
- **U.S. Crude Oil Inventories**: A significant drop of 5.8 million barrels in U.S. crude oil inventories signals tightening supply, contributing to upward pressure on prices.

- **OPEC's Role**: OPEC's production strategy remains crucial for stabilizing global oil prices, with the potential phase-out of production cuts impacting market dynamics.

- **U.S. Economic Indicators**: Speculation about Federal Reserve rate cuts could boost oil demand amid signs of a U.S. economic slowdown, influencing market sentiment.

- **Environmental Scrutiny**: Recent oil spill incidents and regulatory pressures are increasing scrutiny on oil production practices, potentially affecting supply chains and public perception.

- **California Refinery Crisis**: Major refinery closures in California threaten to reduce refining capacity by over 25%, potentially driving gasoline prices up significantly.

- **Technological Innovations**: Advances in sustainable oil recovery technologies, such as RF XL 2.0, are reshaping production practices and addressing environmental concerns.

- **Investment Opportunities**: Chevron's projected $10 billion cash flow increase and infrastructure investments signal growth potential in the oil sector, despite bearish market outlooks. 

- **U.S. Strategic Petroleum Reserve Issues**: Delays in refilling the SPR raise concerns about domestic oil supply stability amid geopolitical uncertainties.",Oil Production Faces Growing Environmental Scrutiny After Gulf Spill,"Environmental concerns significantly impact oil production, as evidenced by recent incidents and emerging trends. A major oil spill in the Gulf of Mexico, releasing approximately 1.1 million gallons of crude oil, highlights the risks to supply chains and local ecosystems, prompting increased regulatory scrutiny and affecting public perception of the industry. Companies like Lamor Corporation are responding to these challenges by securing contracts for oil spill response services, particularly in regions like Angola, where offshore production is prevalent. This reflects a broader industry shift towards sustainability and responsible resource management, driven by stakeholder and regulatory demands. Additionally, bipartisan opposition to offshore drilling in the U.S., especially along the coasts of New England and the Carolinas, is gaining momentum, potentially influencing future domestic oil production and energy policy. These factors underscore the growing importance of environmental considerations in the oil sector.",Splash 247.com,"US offering 15,000 blocks in upcoming offshore lease sale","A recent bipartisan letter is also pushing to prevent offshore drilling in the Carolinas, and attorneys general of Delaware, Maine, Maryland, Massachusetts, New Jersey, New York, Oregon, Rhode Island, Washington, and, most recently, California filed comment letters with BOEM in which they voiced their opposition to offshore oil and gas drilling in the Atlantic and Pacific Oceans.",3,"A bipartisan effort and multiple state attorneys general are opposing offshore oil drilling in the Atlantic and Pacific Oceans, reflecting heightened environmental concerns following the Gulf spill.",3,Moderate,Negative,High
2025-06-26,"- **Geopolitical Tensions**: Ongoing Israel-Iran conflict and ceasefire developments have led to crude oil price fluctuations, with Brent prices currently between $73-76 per barrel. Analysts warn of potential spikes to $120 per barrel if tensions escalate.
  
- **U.S. Crude Oil Inventories**: A significant drop of 5.8 million barrels in U.S. crude oil inventories signals tightening supply, contributing to upward pressure on prices.

- **OPEC's Role**: OPEC's production strategy remains crucial for stabilizing global oil prices, with the potential phase-out of production cuts impacting market dynamics.

- **U.S. Economic Indicators**: Speculation about Federal Reserve rate cuts could boost oil demand amid signs of a U.S. economic slowdown, influencing market sentiment.

- **Environmental Scrutiny**: Recent oil spill incidents and regulatory pressures are increasing scrutiny on oil production practices, potentially affecting supply chains and public perception.

- **California Refinery Crisis**: Major refinery closures in California threaten to reduce refining capacity by over 25%, potentially driving gasoline prices up significantly.

- **Technological Innovations**: Advances in sustainable oil recovery technologies, such as RF XL 2.0, are reshaping production practices and addressing environmental concerns.

- **Investment Opportunities**: Chevron's projected $10 billion cash flow increase and infrastructure investments signal growth potential in the oil sector, despite bearish market outlooks. 

- **U.S. Strategic Petroleum Reserve Issues**: Delays in refilling the SPR raise concerns about domestic oil supply stability amid geopolitical uncertainties.",Middle East Ceasefire Sparks Oil Price Fluctuations Amid Geopolitical Tensions,"The geopolitical landscape, particularly in the Middle East, significantly impacts global oil supply dynamics, with countries like India and South Korea heavily reliant on oil imports from this region. Recent developments, such as the ceasefire between Israel and Iran, have led to fluctuations in crude oil prices, retreating to $64-$65 per barrel, with analysts warning of potential declines below $60 if this range is breached. India's complex relationships with Gulf Cooperation Council (GCC) countries and its balancing act regarding Israel further complicate its crude oil import dynamics, highlighting the interconnectedness of international relations and energy markets. The Strait of Hormuz remains a critical chokepoint for global oil supply, with 18% of daily consumption passing through it, making any conflict involving Iran a significant risk for shortages and price spikes. Additionally, ongoing tensions between the US and Iran, including oil export restrictions, create market uncertainty, while China's continued import of Iranian crude complicates supply dynamics. Overall, geopolitical tensions and resolutions play a crucial role in shaping oil market volatility, affecting global supply and demand dynamics.",AOL.com,Does Warren Buffett Know Something That Wall Street Doesn't? The Billionaire Has Spent Years Piling Into Oil and Gas Stocks Despite Experts Advising Caution.,"The Organization of the Petroleum Exporting Countries and its allies have announced plans to increase production in an effort to retain and reclaim market share from countries it believes are producing too much oil. Meanwhile, the U.S. has significantly increased its fracking and drilling production over the last 15 years and saw oil production last year hit a record 13.4 million barrels per day, which also likely had an impact on supply.",2,"OPEC's production increase aims to counterbalance U.S. record oil output, contributing to price volatility amid ongoing Middle East ceasefire and geopolitical tensions.",2,Moderate,Positive,Medium
2025-06-26,"- **Geopolitical Tensions**: Ongoing Israel-Iran conflict and ceasefire developments have led to crude oil price fluctuations, with Brent prices currently between $73-76 per barrel. Analysts warn of potential spikes to $120 per barrel if tensions escalate.
  
- **U.S. Crude Oil Inventories**: A significant drop of 5.8 million barrels in U.S. crude oil inventories signals tightening supply, contributing to upward pressure on prices.

- **OPEC's Role**: OPEC's production strategy remains crucial for stabilizing global oil prices, with the potential phase-out of production cuts impacting market dynamics.

- **U.S. Economic Indicators**: Speculation about Federal Reserve rate cuts could boost oil demand amid signs of a U.S. economic slowdown, influencing market sentiment.

- **Environmental Scrutiny**: Recent oil spill incidents and regulatory pressures are increasing scrutiny on oil production practices, potentially affecting supply chains and public perception.

- **California Refinery Crisis**: Major refinery closures in California threaten to reduce refining capacity by over 25%, potentially driving gasoline prices up significantly.

- **Technological Innovations**: Advances in sustainable oil recovery technologies, such as RF XL 2.0, are reshaping production practices and addressing environmental concerns.

- **Investment Opportunities**: Chevron's projected $10 billion cash flow increase and infrastructure investments signal growth potential in the oil sector, despite bearish market outlooks. 

- **U.S. Strategic Petroleum Reserve Issues**: Delays in refilling the SPR raise concerns about domestic oil supply stability amid geopolitical uncertainties.",Oil Production Faces Growing Environmental Scrutiny After Gulf Spill,"Environmental concerns significantly impact oil production, as evidenced by recent incidents and emerging trends. A major oil spill in the Gulf of Mexico, releasing approximately 1.1 million gallons of crude oil, highlights the risks to supply chains and local ecosystems, prompting increased regulatory scrutiny and affecting public perception of the industry. Companies like Lamor Corporation are responding to these challenges by securing contracts for oil spill response services, particularly in regions like Angola, where offshore production is prevalent. This reflects a broader industry shift towards sustainability and responsible resource management, driven by stakeholder and regulatory demands. Additionally, bipartisan opposition to offshore drilling in the U.S., especially along the coasts of New England and the Carolinas, is gaining momentum, potentially influencing future domestic oil production and energy policy. These factors underscore the growing importance of environmental considerations in the oil sector.",MarketScreener via Web,Northern Ocean Chief Executive Officer (CEO) to Speak at African Energy Week (AEW) 2025 Amid African Market Expansion,"CAPE TOWN, South Africa - Africa's premier energy event, African Energy Week (AEW) 2025: Invest in African Energies, will welcome Arne Jacobsen, CEO of international drilling contractor Northern Ocean, as a featured speaker. As operator of two of the world's most advanced offshore drilling rigs, Northern Ocean's participation is vital to discussions on Africa's offshore hydrocarbons potential and the strategic role that service companies play in unlocking that potential. Under Jacobsen's leadership, Northern Ocean has expanded its footprint across Africa with its Deepsea Mira and Deepsea Bollsta rigs supporting major offshore projects since 2022.",3,Northern Ocean's involvement in African Energy Week highlights the ongoing focus on offshore drilling amid increasing environmental concerns following the Gulf spill.,3,Moderate,Negative,High
2025-06-26,"- **Geopolitical Tensions**: Ongoing Israel-Iran conflict and ceasefire developments have led to crude oil price fluctuations, with Brent prices currently between $73-76 per barrel. Analysts warn of potential spikes to $120 per barrel if tensions escalate.
  
- **U.S. Crude Oil Inventories**: A significant drop of 5.8 million barrels in U.S. crude oil inventories signals tightening supply, contributing to upward pressure on prices.

- **OPEC's Role**: OPEC's production strategy remains crucial for stabilizing global oil prices, with the potential phase-out of production cuts impacting market dynamics.

- **U.S. Economic Indicators**: Speculation about Federal Reserve rate cuts could boost oil demand amid signs of a U.S. economic slowdown, influencing market sentiment.

- **Environmental Scrutiny**: Recent oil spill incidents and regulatory pressures are increasing scrutiny on oil production practices, potentially affecting supply chains and public perception.

- **California Refinery Crisis**: Major refinery closures in California threaten to reduce refining capacity by over 25%, potentially driving gasoline prices up significantly.

- **Technological Innovations**: Advances in sustainable oil recovery technologies, such as RF XL 2.0, are reshaping production practices and addressing environmental concerns.

- **Investment Opportunities**: Chevron's projected $10 billion cash flow increase and infrastructure investments signal growth potential in the oil sector, despite bearish market outlooks. 

- **U.S. Strategic Petroleum Reserve Issues**: Delays in refilling the SPR raise concerns about domestic oil supply stability amid geopolitical uncertainties.","U.S. Crude Oil Inventories Plunge 5.8 Million Barrels, Signaling Tightening Supply and Rising Prices","Recent data from the Energy Information Administration (EIA) and the American Petroleum Institute (API) indicate a significant decline in U.S. crude oil inventories, with a reported drop of 5.836 million barrels for the week ending June 20, exceeding market expectations of a 0.75 million barrel decrease. This decline follows a previous week where inventories fell by over 10 million barrels, marking an 11-year seasonal low. The reduction in stockpiles, alongside rising refining activity and increased demand, suggests a tightening supply situation that could exert upward pressure on crude oil prices. Analysts are closely monitoring these trends as they reflect the balance of supply and demand dynamics in the U.S. oil market, particularly in the context of ongoing geopolitical tensions and economic recovery efforts. Additionally, the growth of U.S. crude oil exports is driving demand for transportation and logistics services, prompting companies like Enbridge to consider investments in infrastructure to support this expanding export capacity.",FXStreet News,WTI trades higher near $65.00 as US crude stocks indicate strong demand,"This follows after President Trump's renewed commitment to the maximum pressure campaign on Iran, including Oil export restrictions. However, Trump hinted at a potential easing of enforcement to support Iran's reconstruction and indicated that China may continue importing Iranian crude.",4,"President Trump's mixed signals on Iran's oil export restrictions amid a ceasefire contribute to volatile oil prices, reflecting ongoing geopolitical tensions in the Middle East.",4,Old,Positive,High
2025-06-26,"- **Geopolitical Tensions**: Ongoing Israel-Iran conflict and ceasefire developments have led to crude oil price fluctuations, with Brent prices currently between $73-76 per barrel. Analysts warn of potential spikes to $120 per barrel if tensions escalate.
  
- **U.S. Crude Oil Inventories**: A significant drop of 5.8 million barrels in U.S. crude oil inventories signals tightening supply, contributing to upward pressure on prices.

- **OPEC's Role**: OPEC's production strategy remains crucial for stabilizing global oil prices, with the potential phase-out of production cuts impacting market dynamics.

- **U.S. Economic Indicators**: Speculation about Federal Reserve rate cuts could boost oil demand amid signs of a U.S. economic slowdown, influencing market sentiment.

- **Environmental Scrutiny**: Recent oil spill incidents and regulatory pressures are increasing scrutiny on oil production practices, potentially affecting supply chains and public perception.

- **California Refinery Crisis**: Major refinery closures in California threaten to reduce refining capacity by over 25%, potentially driving gasoline prices up significantly.

- **Technological Innovations**: Advances in sustainable oil recovery technologies, such as RF XL 2.0, are reshaping production practices and addressing environmental concerns.

- **Investment Opportunities**: Chevron's projected $10 billion cash flow increase and infrastructure investments signal growth potential in the oil sector, despite bearish market outlooks. 

- **U.S. Strategic Petroleum Reserve Issues**: Delays in refilling the SPR raise concerns about domestic oil supply stability amid geopolitical uncertainties.","U.S. Crude Oil Inventories Plunge 5.8 Million Barrels, Signaling Tightening Supply and Rising Prices","Recent data from the Energy Information Administration (EIA) and the American Petroleum Institute (API) indicate a significant decline in U.S. crude oil inventories, with a reported drop of 5.836 million barrels for the week ending June 20, exceeding market expectations of a 0.75 million barrel decrease. This decline follows a previous week where inventories fell by over 10 million barrels, marking an 11-year seasonal low. The reduction in stockpiles, alongside rising refining activity and increased demand, suggests a tightening supply situation that could exert upward pressure on crude oil prices. Analysts are closely monitoring these trends as they reflect the balance of supply and demand dynamics in the U.S. oil market, particularly in the context of ongoing geopolitical tensions and economic recovery efforts. Additionally, the growth of U.S. crude oil exports is driving demand for transportation and logistics services, prompting companies like Enbridge to consider investments in infrastructure to support this expanding export capacity.",FXStreet News,"EUR/CAD rises to near 1.6050, marks fresh seven-year highs","The EUR/CAD cross received support as the commodity-linked Canadian Dollar (CAD) faced challenges following a drop of over 12.50% in WTI so far this week. West Texas Intermediate (WTI) Oil trades around $64.60 per barrel at the time of writing. However, Oil prices moved little due to a larger-than-expected draw in United States (US) crude stocks, which signaled firm demand, US Energy Information Administration (EIA) data showed on Wednesday.",4,"Despite a significant drop in WTI prices, a larger-than-expected draw in U.S. crude oil inventories indicates strong demand, contributing to tightening supply and potential price increases.",4,Old,Positive,High
2025-06-26,"- **Geopolitical Tensions**: Ongoing Israel-Iran conflict and ceasefire developments have led to crude oil price fluctuations, with Brent prices currently between $73-76 per barrel. Analysts warn of potential spikes to $120 per barrel if tensions escalate.
  
- **U.S. Crude Oil Inventories**: A significant drop of 5.8 million barrels in U.S. crude oil inventories signals tightening supply, contributing to upward pressure on prices.

- **OPEC's Role**: OPEC's production strategy remains crucial for stabilizing global oil prices, with the potential phase-out of production cuts impacting market dynamics.

- **U.S. Economic Indicators**: Speculation about Federal Reserve rate cuts could boost oil demand amid signs of a U.S. economic slowdown, influencing market sentiment.

- **Environmental Scrutiny**: Recent oil spill incidents and regulatory pressures are increasing scrutiny on oil production practices, potentially affecting supply chains and public perception.

- **California Refinery Crisis**: Major refinery closures in California threaten to reduce refining capacity by over 25%, potentially driving gasoline prices up significantly.

- **Technological Innovations**: Advances in sustainable oil recovery technologies, such as RF XL 2.0, are reshaping production practices and addressing environmental concerns.

- **Investment Opportunities**: Chevron's projected $10 billion cash flow increase and infrastructure investments signal growth potential in the oil sector, despite bearish market outlooks. 

- **U.S. Strategic Petroleum Reserve Issues**: Delays in refilling the SPR raise concerns about domestic oil supply stability amid geopolitical uncertainties.","U.S. Crude Oil Inventories Plunge 5.8 Million Barrels, Signaling Tightening Supply and Rising Prices","Recent data from the Energy Information Administration (EIA) and the American Petroleum Institute (API) indicate a significant decline in U.S. crude oil inventories, with a reported drop of 5.836 million barrels for the week ending June 20, exceeding market expectations of a 0.75 million barrel decrease. This decline follows a previous week where inventories fell by over 10 million barrels, marking an 11-year seasonal low. The reduction in stockpiles, alongside rising refining activity and increased demand, suggests a tightening supply situation that could exert upward pressure on crude oil prices. Analysts are closely monitoring these trends as they reflect the balance of supply and demand dynamics in the U.S. oil market, particularly in the context of ongoing geopolitical tensions and economic recovery efforts. Additionally, the growth of U.S. crude oil exports is driving demand for transportation and logistics services, prompting companies like Enbridge to consider investments in infrastructure to support this expanding export capacity.",FXStreet News,WTI trades higher near $65.00 as US crude stocks indicate strong demand,"The US Energy Information Administration (EIA) Crude Oil Stocks Change reported on Wednesday that crude inventories fell 5.8 million barrels to an 11-year seasonal low in the week ending June 20 amid rising refining activity and demand. Moreover, Gasoline stocks surprisingly fell by 2.1 million barrels, defying forecasts for a 381,000-barrel increase, and climbed to their highest since December 2021.",4,"U.S. crude oil inventories dropped 5.8 million barrels to an 11-year low, driven by increased refining activity and demand, while gasoline stocks unexpectedly fell, indicating tightening supply and potential price increases.",4,Old,Positive,High
2025-06-26,"- **Geopolitical Tensions**: Ongoing Israel-Iran conflict and ceasefire developments have led to crude oil price fluctuations, with Brent prices currently between $73-76 per barrel. Analysts warn of potential spikes to $120 per barrel if tensions escalate.
  
- **U.S. Crude Oil Inventories**: A significant drop of 5.8 million barrels in U.S. crude oil inventories signals tightening supply, contributing to upward pressure on prices.

- **OPEC's Role**: OPEC's production strategy remains crucial for stabilizing global oil prices, with the potential phase-out of production cuts impacting market dynamics.

- **U.S. Economic Indicators**: Speculation about Federal Reserve rate cuts could boost oil demand amid signs of a U.S. economic slowdown, influencing market sentiment.

- **Environmental Scrutiny**: Recent oil spill incidents and regulatory pressures are increasing scrutiny on oil production practices, potentially affecting supply chains and public perception.

- **California Refinery Crisis**: Major refinery closures in California threaten to reduce refining capacity by over 25%, potentially driving gasoline prices up significantly.

- **Technological Innovations**: Advances in sustainable oil recovery technologies, such as RF XL 2.0, are reshaping production practices and addressing environmental concerns.

- **Investment Opportunities**: Chevron's projected $10 billion cash flow increase and infrastructure investments signal growth potential in the oil sector, despite bearish market outlooks. 

- **U.S. Strategic Petroleum Reserve Issues**: Delays in refilling the SPR raise concerns about domestic oil supply stability amid geopolitical uncertainties.",Middle East Ceasefire Sparks Oil Price Fluctuations Amid Geopolitical Tensions,"The geopolitical landscape, particularly in the Middle East, significantly impacts global oil supply dynamics, with countries like India and South Korea heavily reliant on oil imports from this region. Recent developments, such as the ceasefire between Israel and Iran, have led to fluctuations in crude oil prices, retreating to $64-$65 per barrel, with analysts warning of potential declines below $60 if this range is breached. India's complex relationships with Gulf Cooperation Council (GCC) countries and its balancing act regarding Israel further complicate its crude oil import dynamics, highlighting the interconnectedness of international relations and energy markets. The Strait of Hormuz remains a critical chokepoint for global oil supply, with 18% of daily consumption passing through it, making any conflict involving Iran a significant risk for shortages and price spikes. Additionally, ongoing tensions between the US and Iran, including oil export restrictions, create market uncertainty, while China's continued import of Iranian crude complicates supply dynamics. Overall, geopolitical tensions and resolutions play a crucial role in shaping oil market volatility, affecting global supply and demand dynamics.",FXStreet News,WTI trades higher near $65.00 as US crude stocks indicate strong demand,"This follows after President Trump's renewed commitment to the maximum pressure campaign on Iran, including Oil export restrictions. However, Trump hinted at a potential easing of enforcement to support Iran's reconstruction and indicated that China may continue importing Iranian crude.",2,"President Trump's mixed signals on Iran's oil export restrictions amid a ceasefire contribute to volatile oil prices, reflecting ongoing geopolitical tensions in the Middle East.",2,Moderate,Positive,Medium
2025-06-26,"- **Geopolitical Tensions**: Ongoing Israel-Iran conflict and ceasefire developments have led to crude oil price fluctuations, with Brent prices currently between $73-76 per barrel. Analysts warn of potential spikes to $120 per barrel if tensions escalate.
  
- **U.S. Crude Oil Inventories**: A significant drop of 5.8 million barrels in U.S. crude oil inventories signals tightening supply, contributing to upward pressure on prices.

- **OPEC's Role**: OPEC's production strategy remains crucial for stabilizing global oil prices, with the potential phase-out of production cuts impacting market dynamics.

- **U.S. Economic Indicators**: Speculation about Federal Reserve rate cuts could boost oil demand amid signs of a U.S. economic slowdown, influencing market sentiment.

- **Environmental Scrutiny**: Recent oil spill incidents and regulatory pressures are increasing scrutiny on oil production practices, potentially affecting supply chains and public perception.

- **California Refinery Crisis**: Major refinery closures in California threaten to reduce refining capacity by over 25%, potentially driving gasoline prices up significantly.

- **Technological Innovations**: Advances in sustainable oil recovery technologies, such as RF XL 2.0, are reshaping production practices and addressing environmental concerns.

- **Investment Opportunities**: Chevron's projected $10 billion cash flow increase and infrastructure investments signal growth potential in the oil sector, despite bearish market outlooks. 

- **U.S. Strategic Petroleum Reserve Issues**: Delays in refilling the SPR raise concerns about domestic oil supply stability amid geopolitical uncertainties.",Oil Production Faces Growing Environmental Scrutiny After Gulf Spill,"Environmental concerns significantly impact oil production, as evidenced by recent incidents and emerging trends. A major oil spill in the Gulf of Mexico, releasing approximately 1.1 million gallons of crude oil, highlights the risks to supply chains and local ecosystems, prompting increased regulatory scrutiny and affecting public perception of the industry. Companies like Lamor Corporation are responding to these challenges by securing contracts for oil spill response services, particularly in regions like Angola, where offshore production is prevalent. This reflects a broader industry shift towards sustainability and responsible resource management, driven by stakeholder and regulatory demands. Additionally, bipartisan opposition to offshore drilling in the U.S., especially along the coasts of New England and the Carolinas, is gaining momentum, potentially influencing future domestic oil production and energy policy. These factors underscore the growing importance of environmental considerations in the oil sector.",MFN FI,"3-year oil spill response service contract for Lamor from Angola, worth over EUR 2 million","Lamor has decades of experience in innovation and know-how of oil spill response technology and prevention. Its technology and services help to protect sensitive sea areas and coasts from the negative effects of potential oil spill.
The order has been entered into Lamor's order backlog in the second quarter of 2025.",3,Lamor's advanced oil spill response technology highlights the industry's increasing focus on environmental protection amid rising scrutiny following the Gulf spill.,3,Moderate,Negative,High
2025-06-27,"- **China's Economic Stimulus**: Increased oil imports from Iran driven by economic recovery and independent refineries, likely to exert upward pressure on global oil prices.

- **Israel-Iran Tensions**: Escalating conflicts threaten to disrupt oil shipments through the Strait of Hormuz, with potential price spikes up to $120 per barrel due to a 'war premium' of $7-$8.

- **Sanctions on Russian Oil**: Tightening sanctions reduce Russia's oil revenue and export capabilities, impacting global supply and pricing dynamics, while OPEC+ adjusts production strategies.

- **U.S. Oil Rig Count Decline**: A slight decrease in oil rigs indicates a potential slowdown in U.S. production growth amidst price volatility, although production is projected to increase in the coming years.

- **Oversupply and Demand Issues**: Goldman Sachs warns that oversupply and sluggish demand may keep Brent crude prices below $60 per barrel, with non-OPEC production expected to rise.

- **ONGC Operational Crisis**: A 16-day blowout at an oil well in Assam raises safety and accountability concerns, impacting local economies and investor confidence.

- **Ceasefire Effects**: Recent ceasefires in the Middle East lead to temporary price corrections, but ongoing geopolitical instability continues to pose risks to oil markets.

- **U.S. Crude Inventory Drop**: A significant decline of 5.8 million barrels in U.S. crude oil inventories signals tightening supply, potentially leading to higher prices.

- **10% Tariff on Oil Imports**: Tariffs on imports from Canada and Mexico threaten U.S. supply chains and could lead to higher consumer prices.

- **U.S. Strategic Petroleum Reserve Delays**: Delays in refilling the SPR raise concerns about domestic oil supply stability amid geopolitical uncertainties.

- **Kazakhstan's Export Decline**: A drop in crude oil exports to Germany reflects broader regional supply challenges influenced by OPEC+ dynamics.

- **Environmental Regulations Impact**: Ongoing debates over environmental regulations in North America could significantly affect oil production capabilities and market dynamics.","China's Economic Stimulus Fuels Surge in Oil Imports from Iran, Impacting Global Demand","China's renewed economic stimulus efforts are expected to significantly impact global oil demand, particularly as the country increases its oil imports from Iran amidst geopolitical tensions in the Middle East. The surge in imports is driven by heightened shipments before potential conflicts and rising demand from independent Chinese refineries. As the world's second-largest oil consumer, China's economic recovery and stimulus measures are likely to create upward pressure on crude oil prices, influencing global supply chains and pricing dynamics. The interconnectedness of global markets means that China's economic activities will play a crucial role in shaping the future of crude oil demand and availability.",gCaptain,China's Iran Oil Imports Surge in June on Rising Shipments,"By Siyi Liu, Trixie Yap and Enes Tunagur
SINGAPORE/LONDON, June 27 (Reuters) - China's oil imports from Iran surged in June as shipments accelerated before the recent conflict between Israel and Iran and demand from independent refineries improved, analysts said.",1,"China's increased oil imports from Iran in June, driven by rising demand from independent refineries and pre-conflict shipments, highlight the impact of China's economic stimulus on global oil demand.",1,New,Positive,High
2025-06-27,"- **China's Economic Stimulus**: Increased oil imports from Iran driven by economic recovery and independent refineries, likely to exert upward pressure on global oil prices.

- **Israel-Iran Tensions**: Escalating conflicts threaten to disrupt oil shipments through the Strait of Hormuz, with potential price spikes up to $120 per barrel due to a 'war premium' of $7-$8.

- **Sanctions on Russian Oil**: Tightening sanctions reduce Russia's oil revenue and export capabilities, impacting global supply and pricing dynamics, while OPEC+ adjusts production strategies.

- **U.S. Oil Rig Count Decline**: A slight decrease in oil rigs indicates a potential slowdown in U.S. production growth amidst price volatility, although production is projected to increase in the coming years.

- **Oversupply and Demand Issues**: Goldman Sachs warns that oversupply and sluggish demand may keep Brent crude prices below $60 per barrel, with non-OPEC production expected to rise.

- **ONGC Operational Crisis**: A 16-day blowout at an oil well in Assam raises safety and accountability concerns, impacting local economies and investor confidence.

- **Ceasefire Effects**: Recent ceasefires in the Middle East lead to temporary price corrections, but ongoing geopolitical instability continues to pose risks to oil markets.

- **U.S. Crude Inventory Drop**: A significant decline of 5.8 million barrels in U.S. crude oil inventories signals tightening supply, potentially leading to higher prices.

- **10% Tariff on Oil Imports**: Tariffs on imports from Canada and Mexico threaten U.S. supply chains and could lead to higher consumer prices.

- **U.S. Strategic Petroleum Reserve Delays**: Delays in refilling the SPR raise concerns about domestic oil supply stability amid geopolitical uncertainties.

- **Kazakhstan's Export Decline**: A drop in crude oil exports to Germany reflects broader regional supply challenges influenced by OPEC+ dynamics.

- **Environmental Regulations Impact**: Ongoing debates over environmental regulations in North America could significantly affect oil production capabilities and market dynamics.","Sanctions Tighten on Russian Oil, Disrupting Global Supply and Pricing","The tightening of sanctions against Russia, particularly the reduction of the price cap on Russian oil, presents significant challenges for the country's oil industry and has profound implications for global oil supply and pricing. As Europe aims to reduce its dependence on Russian energy, these sanctions not only diminish Russia's revenue but also hinder its ability to export oil effectively. This scenario creates a ripple effect in the global oil market, influencing prices and availability, especially as OPEC+ adjusts its production strategies in response. Additionally, ongoing geopolitical tensions have led to innovative trading practices, such as ship-to-ship transfers, which allow sanctioned tankers to deliver oil while circumventing restrictions. This resilience in the market raises concerns about regulatory compliance and increased scrutiny from international authorities, highlighting the complex interplay between geopolitics and oil supply chains, with far-reaching implications for global oil prices and market stability.",Lloyd's List,Nakhodka Bay becomes new STS hub for sanctions-skirting tankers,"Sanctioned tankers are conducting ship-to-ship transfers so 'clean' vessels can deliver shipments from Russia's Far East ports            Related Stories Asia-US west coast spot rates start to stabilise after steep slide Nakhodka Bay becomes new STS hub for sanctions skirting tankers War in Ukraine: ports attacked, vessel managers displaced, but the cargo keeps moving",1,"Sanctioned tankers are using ship-to-ship transfers to circumvent restrictions, enabling continued oil shipments from Russia's Far East, which complicates global supply and pricing dynamics.",1,Moderate,Positive,High
2025-06-27,"- **China's Economic Stimulus**: Increased oil imports from Iran driven by economic recovery and independent refineries, likely to exert upward pressure on global oil prices.

- **Israel-Iran Tensions**: Escalating conflicts threaten to disrupt oil shipments through the Strait of Hormuz, with potential price spikes up to $120 per barrel due to a 'war premium' of $7-$8.

- **Sanctions on Russian Oil**: Tightening sanctions reduce Russia's oil revenue and export capabilities, impacting global supply and pricing dynamics, while OPEC+ adjusts production strategies.

- **U.S. Oil Rig Count Decline**: A slight decrease in oil rigs indicates a potential slowdown in U.S. production growth amidst price volatility, although production is projected to increase in the coming years.

- **Oversupply and Demand Issues**: Goldman Sachs warns that oversupply and sluggish demand may keep Brent crude prices below $60 per barrel, with non-OPEC production expected to rise.

- **ONGC Operational Crisis**: A 16-day blowout at an oil well in Assam raises safety and accountability concerns, impacting local economies and investor confidence.

- **Ceasefire Effects**: Recent ceasefires in the Middle East lead to temporary price corrections, but ongoing geopolitical instability continues to pose risks to oil markets.

- **U.S. Crude Inventory Drop**: A significant decline of 5.8 million barrels in U.S. crude oil inventories signals tightening supply, potentially leading to higher prices.

- **10% Tariff on Oil Imports**: Tariffs on imports from Canada and Mexico threaten U.S. supply chains and could lead to higher consumer prices.

- **U.S. Strategic Petroleum Reserve Delays**: Delays in refilling the SPR raise concerns about domestic oil supply stability amid geopolitical uncertainties.

- **Kazakhstan's Export Decline**: A drop in crude oil exports to Germany reflects broader regional supply challenges influenced by OPEC+ dynamics.

- **Environmental Regulations Impact**: Ongoing debates over environmental regulations in North America could significantly affect oil production capabilities and market dynamics.",Escalating Israel-Iran Tensions Threaten to Drive Oil Prices to $120 per Barrel,"The ongoing tensions between Israel and Iran significantly impact global oil prices, primarily due to the strategic importance of the Strait of Hormuz, a vital shipping route through which a substantial portion of the world's oil supply is transported. Experts warn that escalating conflicts could disrupt oil shipments, potentially driving prices up to $120 per barrel. The situation is exacerbated by military actions, including missile strikes and U.S. military posturing, which have already led to increased volatility in oil markets. The fear of supply disruptions has created a 'war premium' of $7-$8 per barrel, reflecting the market's sensitivity to geopolitical developments. Countries heavily reliant on oil imports, such as India, face heightened vulnerability to price fluctuations driven by these tensions. Analysts are closely monitoring the situation, as any escalation could lead to significant price shocks and further complicate the delicate balance of oil supply and demand. Recent ceasefires have temporarily alleviated fears of immediate supply disruptions, resulting in price corrections, but the overall instability in the region continues to pose risks to global oil markets.",Yahoo! Finance,Gas prices in Canada fall most since April; Vancouver books biggest discount,"""You can rattle on all you want about physical inventories that mirror supply and demand, refinery runs, and demand numbers. What matters is that since [Trump] attacked Iran that controls the choke point where 20 per cent of total crude oil supply must flow through, then US$80 per barrel crude is a distinct possibility,"" McKnight wrote in a blog post on Thursday.",1,"Analysts suggest that escalating tensions following U.S. actions against Iran, which controls a critical oil supply route, could push crude oil prices to $80 per barrel, indicating potential for further increases amid ongoing geopolitical instability.",1,Moderate,Positive,High
2025-06-27,"- **China's Economic Stimulus**: Increased oil imports from Iran driven by economic recovery and independent refineries, likely to exert upward pressure on global oil prices.

- **Israel-Iran Tensions**: Escalating conflicts threaten to disrupt oil shipments through the Strait of Hormuz, with potential price spikes up to $120 per barrel due to a 'war premium' of $7-$8.

- **Sanctions on Russian Oil**: Tightening sanctions reduce Russia's oil revenue and export capabilities, impacting global supply and pricing dynamics, while OPEC+ adjusts production strategies.

- **U.S. Oil Rig Count Decline**: A slight decrease in oil rigs indicates a potential slowdown in U.S. production growth amidst price volatility, although production is projected to increase in the coming years.

- **Oversupply and Demand Issues**: Goldman Sachs warns that oversupply and sluggish demand may keep Brent crude prices below $60 per barrel, with non-OPEC production expected to rise.

- **ONGC Operational Crisis**: A 16-day blowout at an oil well in Assam raises safety and accountability concerns, impacting local economies and investor confidence.

- **Ceasefire Effects**: Recent ceasefires in the Middle East lead to temporary price corrections, but ongoing geopolitical instability continues to pose risks to oil markets.

- **U.S. Crude Inventory Drop**: A significant decline of 5.8 million barrels in U.S. crude oil inventories signals tightening supply, potentially leading to higher prices.

- **10% Tariff on Oil Imports**: Tariffs on imports from Canada and Mexico threaten U.S. supply chains and could lead to higher consumer prices.

- **U.S. Strategic Petroleum Reserve Delays**: Delays in refilling the SPR raise concerns about domestic oil supply stability amid geopolitical uncertainties.

- **Kazakhstan's Export Decline**: A drop in crude oil exports to Germany reflects broader regional supply challenges influenced by OPEC+ dynamics.

- **Environmental Regulations Impact**: Ongoing debates over environmental regulations in North America could significantly affect oil production capabilities and market dynamics.","Sanctions Tighten on Russian Oil, Disrupting Global Supply and Pricing","The tightening of sanctions against Russia, particularly the reduction of the price cap on Russian oil, presents significant challenges for the country's oil industry and has profound implications for global oil supply and pricing. As Europe aims to reduce its dependence on Russian energy, these sanctions not only diminish Russia's revenue but also hinder its ability to export oil effectively. This scenario creates a ripple effect in the global oil market, influencing prices and availability, especially as OPEC+ adjusts its production strategies in response. Additionally, ongoing geopolitical tensions have led to innovative trading practices, such as ship-to-ship transfers, which allow sanctioned tankers to deliver oil while circumventing restrictions. This resilience in the market raises concerns about regulatory compliance and increased scrutiny from international authorities, highlighting the complex interplay between geopolitics and oil supply chains, with far-reaching implications for global oil prices and market stability.",Gulf Daily News via Web,Opec plus 'projects rising oil demand',"""Production is increasing only in the volume that we agreed upon within the framework of Opec+, and it is designed for increasing demand, especially in the summer,"" he said.
Putin also addressed Europe's plans to tighten sanctions against Russia, including cutting the price cap for Russian oil to $45 per barrel from $60 per barrel.",2,Putin highlights Opec+ production agreements amid rising demand and discusses Europe's impending sanctions on Russian oil pricing.,2,Moderate,Positive,High
2025-06-27,"- **China's Economic Stimulus**: Increased oil imports from Iran driven by economic recovery and independent refineries, likely to exert upward pressure on global oil prices.

- **Israel-Iran Tensions**: Escalating conflicts threaten to disrupt oil shipments through the Strait of Hormuz, with potential price spikes up to $120 per barrel due to a 'war premium' of $7-$8.

- **Sanctions on Russian Oil**: Tightening sanctions reduce Russia's oil revenue and export capabilities, impacting global supply and pricing dynamics, while OPEC+ adjusts production strategies.

- **U.S. Oil Rig Count Decline**: A slight decrease in oil rigs indicates a potential slowdown in U.S. production growth amidst price volatility, although production is projected to increase in the coming years.

- **Oversupply and Demand Issues**: Goldman Sachs warns that oversupply and sluggish demand may keep Brent crude prices below $60 per barrel, with non-OPEC production expected to rise.

- **ONGC Operational Crisis**: A 16-day blowout at an oil well in Assam raises safety and accountability concerns, impacting local economies and investor confidence.

- **Ceasefire Effects**: Recent ceasefires in the Middle East lead to temporary price corrections, but ongoing geopolitical instability continues to pose risks to oil markets.

- **U.S. Crude Inventory Drop**: A significant decline of 5.8 million barrels in U.S. crude oil inventories signals tightening supply, potentially leading to higher prices.

- **10% Tariff on Oil Imports**: Tariffs on imports from Canada and Mexico threaten U.S. supply chains and could lead to higher consumer prices.

- **U.S. Strategic Petroleum Reserve Delays**: Delays in refilling the SPR raise concerns about domestic oil supply stability amid geopolitical uncertainties.

- **Kazakhstan's Export Decline**: A drop in crude oil exports to Germany reflects broader regional supply challenges influenced by OPEC+ dynamics.

- **Environmental Regulations Impact**: Ongoing debates over environmental regulations in North America could significantly affect oil production capabilities and market dynamics.","Sanctions Tighten on Russian Oil, Disrupting Global Supply and Pricing","The tightening of sanctions against Russia, particularly the reduction of the price cap on Russian oil, presents significant challenges for the country's oil industry and has profound implications for global oil supply and pricing. As Europe aims to reduce its dependence on Russian energy, these sanctions not only diminish Russia's revenue but also hinder its ability to export oil effectively. This scenario creates a ripple effect in the global oil market, influencing prices and availability, especially as OPEC+ adjusts its production strategies in response. Additionally, ongoing geopolitical tensions have led to innovative trading practices, such as ship-to-ship transfers, which allow sanctioned tankers to deliver oil while circumventing restrictions. This resilience in the market raises concerns about regulatory compliance and increased scrutiny from international authorities, highlighting the complex interplay between geopolitics and oil supply chains, with far-reaching implications for global oil prices and market stability.",Gulf Daily News via Web,Opec plus 'projects rising oil demand',"Opec+ has since decided to continue with hikes above what was planned.
""The volumes of crude oil and oil products consumed in the world are rising due to the growth of the economy itself,"" Putin said at a televised meeting with reporters.",2,"Opec+ has opted for higher oil production than initially planned, citing increased global consumption driven by economic growth, as noted by Putin.",2,Moderate,Positive,High
2025-06-27,"- **China's Economic Stimulus**: Increased oil imports from Iran driven by economic recovery and independent refineries, likely to exert upward pressure on global oil prices.

- **Israel-Iran Tensions**: Escalating conflicts threaten to disrupt oil shipments through the Strait of Hormuz, with potential price spikes up to $120 per barrel due to a 'war premium' of $7-$8.

- **Sanctions on Russian Oil**: Tightening sanctions reduce Russia's oil revenue and export capabilities, impacting global supply and pricing dynamics, while OPEC+ adjusts production strategies.

- **U.S. Oil Rig Count Decline**: A slight decrease in oil rigs indicates a potential slowdown in U.S. production growth amidst price volatility, although production is projected to increase in the coming years.

- **Oversupply and Demand Issues**: Goldman Sachs warns that oversupply and sluggish demand may keep Brent crude prices below $60 per barrel, with non-OPEC production expected to rise.

- **ONGC Operational Crisis**: A 16-day blowout at an oil well in Assam raises safety and accountability concerns, impacting local economies and investor confidence.

- **Ceasefire Effects**: Recent ceasefires in the Middle East lead to temporary price corrections, but ongoing geopolitical instability continues to pose risks to oil markets.

- **U.S. Crude Inventory Drop**: A significant decline of 5.8 million barrels in U.S. crude oil inventories signals tightening supply, potentially leading to higher prices.

- **10% Tariff on Oil Imports**: Tariffs on imports from Canada and Mexico threaten U.S. supply chains and could lead to higher consumer prices.

- **U.S. Strategic Petroleum Reserve Delays**: Delays in refilling the SPR raise concerns about domestic oil supply stability amid geopolitical uncertainties.

- **Kazakhstan's Export Decline**: A drop in crude oil exports to Germany reflects broader regional supply challenges influenced by OPEC+ dynamics.

- **Environmental Regulations Impact**: Ongoing debates over environmental regulations in North America could significantly affect oil production capabilities and market dynamics.",U.S. Oil Rig Count Decline Signals Production Slowdown Amid Price Volatility,"The U.S. oil rig count serves as a vital indicator of the oil industry's health and future production capabilities. Recent data from Baker Hughes reveals a slight decline in the total number of oil and gas rigs, particularly in key regions like Midland and Delaware, signaling a potential slowdown in production growth. This decrease reflects producers' adjustments to price volatility, impacting market expectations and investor sentiment. Despite this decline, the U.S. Energy Information Administration (EIA) projects an increase in crude oil production from 13.2 million barrels per day (bpd) in 2024 to 13.4 million bpd in 2025, driven by technological advancements and sector investment. This resilience in production suggests that the U.S. will continue to play a crucial role in global oil supply, potentially mitigating disruptions from other regions, including the Middle East.",Yahoo! Finance,Kinder Morgan Surpasses Industry Gains: What Investors Should Know,"One key risk factor for Kinder Morgan is its partial exposure to commodity price volatility, particularly within its Enhanced Oil Recovery (EOR) operations and certain natural gas Gathering & Processing (G&P) projects. While 95% of KMI's cash flows are secured through take-or-pay, fee-based, or hedged structures, around 5% remain unhedged, making them sensitive to market fluctuations. The EOR segment, in particular, generates revenue based on oil prices and production volumes, which can lead to earnings variability during periods of commodity price weakness.",3,"Kinder Morgan's exposure to commodity price volatility, especially in its EOR operations, highlights the risks associated with the U.S. oil rig count decline and potential production slowdowns amid fluctuating prices.",3,New,Negative,High
2025-06-27,"- **China's Economic Stimulus**: Increased oil imports from Iran driven by economic recovery and independent refineries, likely to exert upward pressure on global oil prices.

- **Israel-Iran Tensions**: Escalating conflicts threaten to disrupt oil shipments through the Strait of Hormuz, with potential price spikes up to $120 per barrel due to a 'war premium' of $7-$8.

- **Sanctions on Russian Oil**: Tightening sanctions reduce Russia's oil revenue and export capabilities, impacting global supply and pricing dynamics, while OPEC+ adjusts production strategies.

- **U.S. Oil Rig Count Decline**: A slight decrease in oil rigs indicates a potential slowdown in U.S. production growth amidst price volatility, although production is projected to increase in the coming years.

- **Oversupply and Demand Issues**: Goldman Sachs warns that oversupply and sluggish demand may keep Brent crude prices below $60 per barrel, with non-OPEC production expected to rise.

- **ONGC Operational Crisis**: A 16-day blowout at an oil well in Assam raises safety and accountability concerns, impacting local economies and investor confidence.

- **Ceasefire Effects**: Recent ceasefires in the Middle East lead to temporary price corrections, but ongoing geopolitical instability continues to pose risks to oil markets.

- **U.S. Crude Inventory Drop**: A significant decline of 5.8 million barrels in U.S. crude oil inventories signals tightening supply, potentially leading to higher prices.

- **10% Tariff on Oil Imports**: Tariffs on imports from Canada and Mexico threaten U.S. supply chains and could lead to higher consumer prices.

- **U.S. Strategic Petroleum Reserve Delays**: Delays in refilling the SPR raise concerns about domestic oil supply stability amid geopolitical uncertainties.

- **Kazakhstan's Export Decline**: A drop in crude oil exports to Germany reflects broader regional supply challenges influenced by OPEC+ dynamics.

- **Environmental Regulations Impact**: Ongoing debates over environmental regulations in North America could significantly affect oil production capabilities and market dynamics.",U.S. Oil Rig Count Decline Signals Production Slowdown Amid Price Volatility,"The U.S. oil rig count serves as a vital indicator of the oil industry's health and future production capabilities. Recent data from Baker Hughes reveals a slight decline in the total number of oil and gas rigs, particularly in key regions like Midland and Delaware, signaling a potential slowdown in production growth. This decrease reflects producers' adjustments to price volatility, impacting market expectations and investor sentiment. Despite this decline, the U.S. Energy Information Administration (EIA) projects an increase in crude oil production from 13.2 million barrels per day (bpd) in 2024 to 13.4 million bpd in 2025, driven by technological advancements and sector investment. This resilience in production suggests that the U.S. will continue to play a crucial role in global oil supply, potentially mitigating disruptions from other regions, including the Middle East.",Benzinga,Natural Gas Demand Set to Surge As Weather And Storage Levels Impact US And Europe,"According to Baker Hughes, as of June 13, 2025, the total number of oil and gas rigs in the United States stands at 555. This includes 439 oil rigs and 113 gas rigs, reflecting a slight weekly decline of four rigs to 559 from the previous week. Interestingly, oil-focused rigs suffered a significant loss, while gas-focused rigs showed a slight increase to 114 active gas rigs (in part because some Appalachian rigs were reclassified).",3,"The U.S. oil rig count has declined to 555, with a notable drop in oil rigs, indicating a potential slowdown in production amidst ongoing price volatility.",3,New,Negative,High
2025-06-27,"- **China's Economic Stimulus**: Increased oil imports from Iran driven by economic recovery and independent refineries, likely to exert upward pressure on global oil prices.

- **Israel-Iran Tensions**: Escalating conflicts threaten to disrupt oil shipments through the Strait of Hormuz, with potential price spikes up to $120 per barrel due to a 'war premium' of $7-$8.

- **Sanctions on Russian Oil**: Tightening sanctions reduce Russia's oil revenue and export capabilities, impacting global supply and pricing dynamics, while OPEC+ adjusts production strategies.

- **U.S. Oil Rig Count Decline**: A slight decrease in oil rigs indicates a potential slowdown in U.S. production growth amidst price volatility, although production is projected to increase in the coming years.

- **Oversupply and Demand Issues**: Goldman Sachs warns that oversupply and sluggish demand may keep Brent crude prices below $60 per barrel, with non-OPEC production expected to rise.

- **ONGC Operational Crisis**: A 16-day blowout at an oil well in Assam raises safety and accountability concerns, impacting local economies and investor confidence.

- **Ceasefire Effects**: Recent ceasefires in the Middle East lead to temporary price corrections, but ongoing geopolitical instability continues to pose risks to oil markets.

- **U.S. Crude Inventory Drop**: A significant decline of 5.8 million barrels in U.S. crude oil inventories signals tightening supply, potentially leading to higher prices.

- **10% Tariff on Oil Imports**: Tariffs on imports from Canada and Mexico threaten U.S. supply chains and could lead to higher consumer prices.

- **U.S. Strategic Petroleum Reserve Delays**: Delays in refilling the SPR raise concerns about domestic oil supply stability amid geopolitical uncertainties.

- **Kazakhstan's Export Decline**: A drop in crude oil exports to Germany reflects broader regional supply challenges influenced by OPEC+ dynamics.

- **Environmental Regulations Impact**: Ongoing debates over environmental regulations in North America could significantly affect oil production capabilities and market dynamics.",U.S. Oil Rig Count Decline Signals Production Slowdown Amid Price Volatility,"The U.S. oil rig count serves as a vital indicator of the oil industry's health and future production capabilities. Recent data from Baker Hughes reveals a slight decline in the total number of oil and gas rigs, particularly in key regions like Midland and Delaware, signaling a potential slowdown in production growth. This decrease reflects producers' adjustments to price volatility, impacting market expectations and investor sentiment. Despite this decline, the U.S. Energy Information Administration (EIA) projects an increase in crude oil production from 13.2 million barrels per day (bpd) in 2024 to 13.4 million bpd in 2025, driven by technological advancements and sector investment. This resilience in production suggests that the U.S. will continue to play a crucial role in global oil supply, potentially mitigating disruptions from other regions, including the Middle East.",MT Newswires,"Nasdaq Composite, S&P 500 Hit Record Highs as Investors Assess Inflation Print Amid Tariffs Optimism","In energy markets, West Texas Intermediate crude oil futures rose 1% to $65.89 a barrel.
With the Iran-Israel ceasefire holding, the focus also shifted to international trade tariffs. US Commerce Secretary Howard Lutnick confirmed the trade deal between the US and China, with more expected from 10 partners soon. This is positive for markets, especially before the July 9 tariff deadline set by President Donald Trump, ING analysts said in a note.",3,"Rising crude oil prices amid geopolitical stability and trade deal confirmations may indicate a temporary market boost, contrasting with the declining U.S. oil rig count that signals potential production slowdowns.",3,New,Negative,High
2025-06-27,"- **China's Economic Stimulus**: Increased oil imports from Iran driven by economic recovery and independent refineries, likely to exert upward pressure on global oil prices.

- **Israel-Iran Tensions**: Escalating conflicts threaten to disrupt oil shipments through the Strait of Hormuz, with potential price spikes up to $120 per barrel due to a 'war premium' of $7-$8.

- **Sanctions on Russian Oil**: Tightening sanctions reduce Russia's oil revenue and export capabilities, impacting global supply and pricing dynamics, while OPEC+ adjusts production strategies.

- **U.S. Oil Rig Count Decline**: A slight decrease in oil rigs indicates a potential slowdown in U.S. production growth amidst price volatility, although production is projected to increase in the coming years.

- **Oversupply and Demand Issues**: Goldman Sachs warns that oversupply and sluggish demand may keep Brent crude prices below $60 per barrel, with non-OPEC production expected to rise.

- **ONGC Operational Crisis**: A 16-day blowout at an oil well in Assam raises safety and accountability concerns, impacting local economies and investor confidence.

- **Ceasefire Effects**: Recent ceasefires in the Middle East lead to temporary price corrections, but ongoing geopolitical instability continues to pose risks to oil markets.

- **U.S. Crude Inventory Drop**: A significant decline of 5.8 million barrels in U.S. crude oil inventories signals tightening supply, potentially leading to higher prices.

- **10% Tariff on Oil Imports**: Tariffs on imports from Canada and Mexico threaten U.S. supply chains and could lead to higher consumer prices.

- **U.S. Strategic Petroleum Reserve Delays**: Delays in refilling the SPR raise concerns about domestic oil supply stability amid geopolitical uncertainties.

- **Kazakhstan's Export Decline**: A drop in crude oil exports to Germany reflects broader regional supply challenges influenced by OPEC+ dynamics.

- **Environmental Regulations Impact**: Ongoing debates over environmental regulations in North America could significantly affect oil production capabilities and market dynamics.","ONGC Faces Crisis After 16-Day Blowout at Assam Oil Well, Raising Safety and Accountability Concerns","The Oil and Natural Gas Corporation (ONGC) is currently facing significant operational challenges, particularly highlighted by a recent blowout at its crude oil well in Sivasagar district, Assam. This incident, which involved a gas leak persisting for 16 days, underscores the difficulties oil companies encounter in managing well integrity and blowout prevention. ONGC's efforts to cap the leaking well, which included collaboration with US experts and a private firm, SK Petro Services, reflect a commitment to best practices in crisis management. However, the situation raises concerns about accountability, operational safety, and environmental impact, affecting local economies and public perception of the oil industry. The incident not only tests ONGC's crisis management capabilities but also has broader implications for regulatory scrutiny and investor confidence in oil extraction practices in India.",ETEnergyworld,ONGC well in Assam capped after 16 days of gas leakage: Hardeep Singh Puri,"Union Minister Hardeep Singh Puri on Friday said ONGC has successfully capped the blowout of its crude oil well in Assam's Sivasagar district after 16 days of gas leakage from there.
He said the capping was done without any injury, casualty or fire.",3,"ONGC has capped a 16-day blowout at its Assam oil well without injuries or fire, highlighting ongoing safety and accountability issues.",3,Moderate,Negative,High
2025-06-27,"- **China's Economic Stimulus**: Increased oil imports from Iran driven by economic recovery and independent refineries, likely to exert upward pressure on global oil prices.

- **Israel-Iran Tensions**: Escalating conflicts threaten to disrupt oil shipments through the Strait of Hormuz, with potential price spikes up to $120 per barrel due to a 'war premium' of $7-$8.

- **Sanctions on Russian Oil**: Tightening sanctions reduce Russia's oil revenue and export capabilities, impacting global supply and pricing dynamics, while OPEC+ adjusts production strategies.

- **U.S. Oil Rig Count Decline**: A slight decrease in oil rigs indicates a potential slowdown in U.S. production growth amidst price volatility, although production is projected to increase in the coming years.

- **Oversupply and Demand Issues**: Goldman Sachs warns that oversupply and sluggish demand may keep Brent crude prices below $60 per barrel, with non-OPEC production expected to rise.

- **ONGC Operational Crisis**: A 16-day blowout at an oil well in Assam raises safety and accountability concerns, impacting local economies and investor confidence.

- **Ceasefire Effects**: Recent ceasefires in the Middle East lead to temporary price corrections, but ongoing geopolitical instability continues to pose risks to oil markets.

- **U.S. Crude Inventory Drop**: A significant decline of 5.8 million barrels in U.S. crude oil inventories signals tightening supply, potentially leading to higher prices.

- **10% Tariff on Oil Imports**: Tariffs on imports from Canada and Mexico threaten U.S. supply chains and could lead to higher consumer prices.

- **U.S. Strategic Petroleum Reserve Delays**: Delays in refilling the SPR raise concerns about domestic oil supply stability amid geopolitical uncertainties.

- **Kazakhstan's Export Decline**: A drop in crude oil exports to Germany reflects broader regional supply challenges influenced by OPEC+ dynamics.

- **Environmental Regulations Impact**: Ongoing debates over environmental regulations in North America could significantly affect oil production capabilities and market dynamics.",U.S. Oil Rig Count Decline Signals Production Slowdown Amid Price Volatility,"The U.S. oil rig count serves as a vital indicator of the oil industry's health and future production capabilities. Recent data from Baker Hughes reveals a slight decline in the total number of oil and gas rigs, particularly in key regions like Midland and Delaware, signaling a potential slowdown in production growth. This decrease reflects producers' adjustments to price volatility, impacting market expectations and investor sentiment. Despite this decline, the U.S. Energy Information Administration (EIA) projects an increase in crude oil production from 13.2 million barrels per day (bpd) in 2024 to 13.4 million bpd in 2025, driven by technological advancements and sector investment. This resilience in production suggests that the U.S. will continue to play a crucial role in global oil supply, potentially mitigating disruptions from other regions, including the Middle East.",BOE Report,"US oil/gas rig count falls for fourth month to Oct 2021 low, Baker Hughes says","That compares with roughly flat year-over-year spending in 2024, and increases of 27% in 2023, 40% in 2022 and 4% in 2021.
Even though analysts forecast U.S. spot crude prices would decline for a third year in a row in 2025, the U.S. Energy Information Administration (EIA) projected crude output would rise from a record 13.2 million barrels per day (bpd) in 2024 to around 13.4 million bpd in 2025.",2,"Despite a projected decline in U.S. spot crude prices for 2025, the EIA anticipates a slight increase in crude output, indicating potential resilience in production amid ongoing price volatility.",2,New,Negative,High
2025-06-27,"- **China's Economic Stimulus**: Increased oil imports from Iran driven by economic recovery and independent refineries, likely to exert upward pressure on global oil prices.

- **Israel-Iran Tensions**: Escalating conflicts threaten to disrupt oil shipments through the Strait of Hormuz, with potential price spikes up to $120 per barrel due to a 'war premium' of $7-$8.

- **Sanctions on Russian Oil**: Tightening sanctions reduce Russia's oil revenue and export capabilities, impacting global supply and pricing dynamics, while OPEC+ adjusts production strategies.

- **U.S. Oil Rig Count Decline**: A slight decrease in oil rigs indicates a potential slowdown in U.S. production growth amidst price volatility, although production is projected to increase in the coming years.

- **Oversupply and Demand Issues**: Goldman Sachs warns that oversupply and sluggish demand may keep Brent crude prices below $60 per barrel, with non-OPEC production expected to rise.

- **ONGC Operational Crisis**: A 16-day blowout at an oil well in Assam raises safety and accountability concerns, impacting local economies and investor confidence.

- **Ceasefire Effects**: Recent ceasefires in the Middle East lead to temporary price corrections, but ongoing geopolitical instability continues to pose risks to oil markets.

- **U.S. Crude Inventory Drop**: A significant decline of 5.8 million barrels in U.S. crude oil inventories signals tightening supply, potentially leading to higher prices.

- **10% Tariff on Oil Imports**: Tariffs on imports from Canada and Mexico threaten U.S. supply chains and could lead to higher consumer prices.

- **U.S. Strategic Petroleum Reserve Delays**: Delays in refilling the SPR raise concerns about domestic oil supply stability amid geopolitical uncertainties.

- **Kazakhstan's Export Decline**: A drop in crude oil exports to Germany reflects broader regional supply challenges influenced by OPEC+ dynamics.

- **Environmental Regulations Impact**: Ongoing debates over environmental regulations in North America could significantly affect oil production capabilities and market dynamics.",U.S. Oil Rig Count Decline Signals Production Slowdown Amid Price Volatility,"The U.S. oil rig count serves as a vital indicator of the oil industry's health and future production capabilities. Recent data from Baker Hughes reveals a slight decline in the total number of oil and gas rigs, particularly in key regions like Midland and Delaware, signaling a potential slowdown in production growth. This decrease reflects producers' adjustments to price volatility, impacting market expectations and investor sentiment. Despite this decline, the U.S. Energy Information Administration (EIA) projects an increase in crude oil production from 13.2 million barrels per day (bpd) in 2024 to 13.4 million bpd in 2025, driven by technological advancements and sector investment. This resilience in production suggests that the U.S. will continue to play a crucial role in global oil supply, potentially mitigating disruptions from other regions, including the Middle East.",BOE Report,"US oil/gas rig count falls for fourth month to Oct 2021 low, Baker Hughes says","Drillers also cut five rigs in Wyoming this week, bringing the total in the state down to 18, the lowest since January. That five rig decline was the most in a week since 2020.
In June, drillers cut 16 oil and gas rigs, putting the total count down for a fourth month in a row for the first time since June 2024.",2,"Wyoming's rig count drops to 18, marking the lowest level since January, with a significant decline of five rigs in one week, the largest since 2020.",2,New,Negative,High
2025-06-27,"- **China's Economic Stimulus**: Increased oil imports from Iran driven by economic recovery and independent refineries, likely to exert upward pressure on global oil prices.

- **Israel-Iran Tensions**: Escalating conflicts threaten to disrupt oil shipments through the Strait of Hormuz, with potential price spikes up to $120 per barrel due to a 'war premium' of $7-$8.

- **Sanctions on Russian Oil**: Tightening sanctions reduce Russia's oil revenue and export capabilities, impacting global supply and pricing dynamics, while OPEC+ adjusts production strategies.

- **U.S. Oil Rig Count Decline**: A slight decrease in oil rigs indicates a potential slowdown in U.S. production growth amidst price volatility, although production is projected to increase in the coming years.

- **Oversupply and Demand Issues**: Goldman Sachs warns that oversupply and sluggish demand may keep Brent crude prices below $60 per barrel, with non-OPEC production expected to rise.

- **ONGC Operational Crisis**: A 16-day blowout at an oil well in Assam raises safety and accountability concerns, impacting local economies and investor confidence.

- **Ceasefire Effects**: Recent ceasefires in the Middle East lead to temporary price corrections, but ongoing geopolitical instability continues to pose risks to oil markets.

- **U.S. Crude Inventory Drop**: A significant decline of 5.8 million barrels in U.S. crude oil inventories signals tightening supply, potentially leading to higher prices.

- **10% Tariff on Oil Imports**: Tariffs on imports from Canada and Mexico threaten U.S. supply chains and could lead to higher consumer prices.

- **U.S. Strategic Petroleum Reserve Delays**: Delays in refilling the SPR raise concerns about domestic oil supply stability amid geopolitical uncertainties.

- **Kazakhstan's Export Decline**: A drop in crude oil exports to Germany reflects broader regional supply challenges influenced by OPEC+ dynamics.

- **Environmental Regulations Impact**: Ongoing debates over environmental regulations in North America could significantly affect oil production capabilities and market dynamics.","ONGC Faces Crisis After 16-Day Blowout at Assam Oil Well, Raising Safety and Accountability Concerns","The Oil and Natural Gas Corporation (ONGC) is currently facing significant operational challenges, particularly highlighted by a recent blowout at its crude oil well in Sivasagar district, Assam. This incident, which involved a gas leak persisting for 16 days, underscores the difficulties oil companies encounter in managing well integrity and blowout prevention. ONGC's efforts to cap the leaking well, which included collaboration with US experts and a private firm, SK Petro Services, reflect a commitment to best practices in crisis management. However, the situation raises concerns about accountability, operational safety, and environmental impact, affecting local economies and public perception of the oil industry. The incident not only tests ONGC's crisis management capabilities but also has broader implications for regulatory scrutiny and investor confidence in oil extraction practices in India.",BusinessLine via Web,ONGC well in Assam capped after 16 days of gas leakage: Puri,"The minister for Petroleum and Natural Gas also thanked Assam Chief Minister Himanta Biswa Sarma and state government officials for their support to the team on the ground.
The blowout took place on June 12 at Rudrasagar oil field of ONGC at Barichuk in Bhatiapar.",3,"The Petroleum Minister acknowledged the support from Assam's Chief Minister and state officials during the ongoing crisis following the 16-day blowout at ONGC's Rudrasagar oil field, highlighting the need for improved safety and accountability measures.",3,Moderate,Negative,High
2025-06-27,"- **China's Economic Stimulus**: Increased oil imports from Iran driven by economic recovery and independent refineries, likely to exert upward pressure on global oil prices.

- **Israel-Iran Tensions**: Escalating conflicts threaten to disrupt oil shipments through the Strait of Hormuz, with potential price spikes up to $120 per barrel due to a 'war premium' of $7-$8.

- **Sanctions on Russian Oil**: Tightening sanctions reduce Russia's oil revenue and export capabilities, impacting global supply and pricing dynamics, while OPEC+ adjusts production strategies.

- **U.S. Oil Rig Count Decline**: A slight decrease in oil rigs indicates a potential slowdown in U.S. production growth amidst price volatility, although production is projected to increase in the coming years.

- **Oversupply and Demand Issues**: Goldman Sachs warns that oversupply and sluggish demand may keep Brent crude prices below $60 per barrel, with non-OPEC production expected to rise.

- **ONGC Operational Crisis**: A 16-day blowout at an oil well in Assam raises safety and accountability concerns, impacting local economies and investor confidence.

- **Ceasefire Effects**: Recent ceasefires in the Middle East lead to temporary price corrections, but ongoing geopolitical instability continues to pose risks to oil markets.

- **U.S. Crude Inventory Drop**: A significant decline of 5.8 million barrels in U.S. crude oil inventories signals tightening supply, potentially leading to higher prices.

- **10% Tariff on Oil Imports**: Tariffs on imports from Canada and Mexico threaten U.S. supply chains and could lead to higher consumer prices.

- **U.S. Strategic Petroleum Reserve Delays**: Delays in refilling the SPR raise concerns about domestic oil supply stability amid geopolitical uncertainties.

- **Kazakhstan's Export Decline**: A drop in crude oil exports to Germany reflects broader regional supply challenges influenced by OPEC+ dynamics.

- **Environmental Regulations Impact**: Ongoing debates over environmental regulations in North America could significantly affect oil production capabilities and market dynamics.","ONGC Faces Crisis After 16-Day Blowout at Assam Oil Well, Raising Safety and Accountability Concerns","The Oil and Natural Gas Corporation (ONGC) is currently facing significant operational challenges, particularly highlighted by a recent blowout at its crude oil well in Sivasagar district, Assam. This incident, which involved a gas leak persisting for 16 days, underscores the difficulties oil companies encounter in managing well integrity and blowout prevention. ONGC's efforts to cap the leaking well, which included collaboration with US experts and a private firm, SK Petro Services, reflect a commitment to best practices in crisis management. However, the situation raises concerns about accountability, operational safety, and environmental impact, affecting local economies and public perception of the oil industry. The incident not only tests ONGC's crisis management capabilities but also has broader implications for regulatory scrutiny and investor confidence in oil extraction practices in India.",Hindustan Times,Gas blowout at ONGC well in Assam successfully capped after 16 days: Puri,"The well, located in the Rudrasagar oil field at Bhatiapar-Barichuk, has been leaking natural gas uncontrollably since June 12. A special crisis management team from the United States was flown in last week to assist in the operation.",3,"ONGC's Assam oil well has been leaking natural gas for 16 days, prompting the involvement of a U.S. crisis management team, highlighting urgent safety and accountability issues.",3,Moderate,Negative,High
2025-06-27,"- **China's Economic Stimulus**: Increased oil imports from Iran driven by economic recovery and independent refineries, likely to exert upward pressure on global oil prices.

- **Israel-Iran Tensions**: Escalating conflicts threaten to disrupt oil shipments through the Strait of Hormuz, with potential price spikes up to $120 per barrel due to a 'war premium' of $7-$8.

- **Sanctions on Russian Oil**: Tightening sanctions reduce Russia's oil revenue and export capabilities, impacting global supply and pricing dynamics, while OPEC+ adjusts production strategies.

- **U.S. Oil Rig Count Decline**: A slight decrease in oil rigs indicates a potential slowdown in U.S. production growth amidst price volatility, although production is projected to increase in the coming years.

- **Oversupply and Demand Issues**: Goldman Sachs warns that oversupply and sluggish demand may keep Brent crude prices below $60 per barrel, with non-OPEC production expected to rise.

- **ONGC Operational Crisis**: A 16-day blowout at an oil well in Assam raises safety and accountability concerns, impacting local economies and investor confidence.

- **Ceasefire Effects**: Recent ceasefires in the Middle East lead to temporary price corrections, but ongoing geopolitical instability continues to pose risks to oil markets.

- **U.S. Crude Inventory Drop**: A significant decline of 5.8 million barrels in U.S. crude oil inventories signals tightening supply, potentially leading to higher prices.

- **10% Tariff on Oil Imports**: Tariffs on imports from Canada and Mexico threaten U.S. supply chains and could lead to higher consumer prices.

- **U.S. Strategic Petroleum Reserve Delays**: Delays in refilling the SPR raise concerns about domestic oil supply stability amid geopolitical uncertainties.

- **Kazakhstan's Export Decline**: A drop in crude oil exports to Germany reflects broader regional supply challenges influenced by OPEC+ dynamics.

- **Environmental Regulations Impact**: Ongoing debates over environmental regulations in North America could significantly affect oil production capabilities and market dynamics.",Middle East Ceasefire Sparks Oil Price Fluctuations Amid Geopolitical Tensions,"The geopolitical landscape, particularly in the Middle East, significantly impacts global oil supply dynamics, with countries like India and South Korea heavily reliant on oil imports from this region. Recent developments, such as the ceasefire between Israel and Iran, have led to fluctuations in crude oil prices, retreating to $64-$65 per barrel, with analysts warning of potential declines below $60 if this range is breached. India's complex relationships with Gulf Cooperation Council (GCC) countries and its balancing act regarding Israel further complicate its crude oil import dynamics, highlighting the interconnectedness of international relations and energy markets. The Strait of Hormuz remains a critical chokepoint for global oil supply, with 18% of daily consumption passing through it, making any conflict involving Iran a significant risk for shortages and price spikes. Additionally, ongoing tensions between the US and Iran, including oil export restrictions, create market uncertainty, while China's continued import of Iranian crude complicates supply dynamics. Overall, geopolitical tensions and resolutions play a crucial role in shaping oil market volatility, affecting global supply and demand dynamics.",NewTelegraph,"FX Inflows, Dip In Money Supply Sustaining Price Stability","Analysts said the various oil price shocks, Covid-19 pandemic, and most recently, the war between Russia and Ukraine, and Israel and Iran have resulted in various shocks to the global economy, requiring changing responses to subdue the monetary and fiscal authorities in the advanced and emerging market economies.",4,"Analysts indicate that geopolitical conflicts, including the Israel-Iran tensions, alongside previous global crises, are contributing to economic instability and could push oil prices to $120 per barrel.",4,Old,Positive,Medium
2025-06-27,"- **China's Economic Stimulus**: Increased oil imports from Iran driven by economic recovery and independent refineries, likely to exert upward pressure on global oil prices.

- **Israel-Iran Tensions**: Escalating conflicts threaten to disrupt oil shipments through the Strait of Hormuz, with potential price spikes up to $120 per barrel due to a 'war premium' of $7-$8.

- **Sanctions on Russian Oil**: Tightening sanctions reduce Russia's oil revenue and export capabilities, impacting global supply and pricing dynamics, while OPEC+ adjusts production strategies.

- **U.S. Oil Rig Count Decline**: A slight decrease in oil rigs indicates a potential slowdown in U.S. production growth amidst price volatility, although production is projected to increase in the coming years.

- **Oversupply and Demand Issues**: Goldman Sachs warns that oversupply and sluggish demand may keep Brent crude prices below $60 per barrel, with non-OPEC production expected to rise.

- **ONGC Operational Crisis**: A 16-day blowout at an oil well in Assam raises safety and accountability concerns, impacting local economies and investor confidence.

- **Ceasefire Effects**: Recent ceasefires in the Middle East lead to temporary price corrections, but ongoing geopolitical instability continues to pose risks to oil markets.

- **U.S. Crude Inventory Drop**: A significant decline of 5.8 million barrels in U.S. crude oil inventories signals tightening supply, potentially leading to higher prices.

- **10% Tariff on Oil Imports**: Tariffs on imports from Canada and Mexico threaten U.S. supply chains and could lead to higher consumer prices.

- **U.S. Strategic Petroleum Reserve Delays**: Delays in refilling the SPR raise concerns about domestic oil supply stability amid geopolitical uncertainties.

- **Kazakhstan's Export Decline**: A drop in crude oil exports to Germany reflects broader regional supply challenges influenced by OPEC+ dynamics.

- **Environmental Regulations Impact**: Ongoing debates over environmental regulations in North America could significantly affect oil production capabilities and market dynamics.",Middle East Ceasefire Sparks Oil Price Fluctuations Amid Geopolitical Tensions,"The geopolitical landscape, particularly in the Middle East, significantly impacts global oil supply dynamics, with countries like India and South Korea heavily reliant on oil imports from this region. Recent developments, such as the ceasefire between Israel and Iran, have led to fluctuations in crude oil prices, retreating to $64-$65 per barrel, with analysts warning of potential declines below $60 if this range is breached. India's complex relationships with Gulf Cooperation Council (GCC) countries and its balancing act regarding Israel further complicate its crude oil import dynamics, highlighting the interconnectedness of international relations and energy markets. The Strait of Hormuz remains a critical chokepoint for global oil supply, with 18% of daily consumption passing through it, making any conflict involving Iran a significant risk for shortages and price spikes. Additionally, ongoing tensions between the US and Iran, including oil export restrictions, create market uncertainty, while China's continued import of Iranian crude complicates supply dynamics. Overall, geopolitical tensions and resolutions play a crucial role in shaping oil market volatility, affecting global supply and demand dynamics.",Investing.com via Web,Recent Jump in Asia's Oil Imports May Not Mean Stronger Demand,"The oil price decline in April was exacerbated by the OPEC+ group's decision to accelerate the easing of the production cuts and hike output this summer by more than previously planned.
The oil market will see fairly soon whether the strong Asian crude oil imports in June were mainly the result of low prices two months earlier. The price hike this month due to the Israel-Iran conflict may have deterred buying activity for crude arriving in Asia in August.",4,"OPEC+'s decision to increase output amid the Israel-Iran conflict has led to fluctuating oil prices, with potential impacts on Asian crude imports due to geopolitical tensions.",4,Old,Positive,Medium
2025-06-27,"- **China's Economic Stimulus**: Increased oil imports from Iran driven by economic recovery and independent refineries, likely to exert upward pressure on global oil prices.

- **Israel-Iran Tensions**: Escalating conflicts threaten to disrupt oil shipments through the Strait of Hormuz, with potential price spikes up to $120 per barrel due to a 'war premium' of $7-$8.

- **Sanctions on Russian Oil**: Tightening sanctions reduce Russia's oil revenue and export capabilities, impacting global supply and pricing dynamics, while OPEC+ adjusts production strategies.

- **U.S. Oil Rig Count Decline**: A slight decrease in oil rigs indicates a potential slowdown in U.S. production growth amidst price volatility, although production is projected to increase in the coming years.

- **Oversupply and Demand Issues**: Goldman Sachs warns that oversupply and sluggish demand may keep Brent crude prices below $60 per barrel, with non-OPEC production expected to rise.

- **ONGC Operational Crisis**: A 16-day blowout at an oil well in Assam raises safety and accountability concerns, impacting local economies and investor confidence.

- **Ceasefire Effects**: Recent ceasefires in the Middle East lead to temporary price corrections, but ongoing geopolitical instability continues to pose risks to oil markets.

- **U.S. Crude Inventory Drop**: A significant decline of 5.8 million barrels in U.S. crude oil inventories signals tightening supply, potentially leading to higher prices.

- **10% Tariff on Oil Imports**: Tariffs on imports from Canada and Mexico threaten U.S. supply chains and could lead to higher consumer prices.

- **U.S. Strategic Petroleum Reserve Delays**: Delays in refilling the SPR raise concerns about domestic oil supply stability amid geopolitical uncertainties.

- **Kazakhstan's Export Decline**: A drop in crude oil exports to Germany reflects broader regional supply challenges influenced by OPEC+ dynamics.

- **Environmental Regulations Impact**: Ongoing debates over environmental regulations in North America could significantly affect oil production capabilities and market dynamics.",Middle East Ceasefire Sparks Oil Price Fluctuations Amid Geopolitical Tensions,"The geopolitical landscape, particularly in the Middle East, significantly impacts global oil supply dynamics, with countries like India and South Korea heavily reliant on oil imports from this region. Recent developments, such as the ceasefire between Israel and Iran, have led to fluctuations in crude oil prices, retreating to $64-$65 per barrel, with analysts warning of potential declines below $60 if this range is breached. India's complex relationships with Gulf Cooperation Council (GCC) countries and its balancing act regarding Israel further complicate its crude oil import dynamics, highlighting the interconnectedness of international relations and energy markets. The Strait of Hormuz remains a critical chokepoint for global oil supply, with 18% of daily consumption passing through it, making any conflict involving Iran a significant risk for shortages and price spikes. Additionally, ongoing tensions between the US and Iran, including oil export restrictions, create market uncertainty, while China's continued import of Iranian crude complicates supply dynamics. Overall, geopolitical tensions and resolutions play a crucial role in shaping oil market volatility, affecting global supply and demand dynamics.",MT Newswires,"Crude Oil Prices Advance, but Remain on Track for Steepest Weekly Drop Since 2023 on Deescalating Middle East Conflict","05:09 AM EDT, 06/27/2025 (MT Newswires) -- Crude oil prices rose on Friday, but are on track for a weekly loss as the risk premium from the Iran-Israel war dissipated.
Brent crude at last look gained 0.9% to US$68.34/barrel and West Texas Intermediate crude rose 1% to US$65.89/b. Both benchmarks are set to record their steepest weekly decline since March 2023, with Brent slumping after advancing above US$80/b at the start of the conflict.",4,"Crude oil prices experienced a slight increase amid the easing of risk from the Iran-Israel conflict, yet both Brent and WTI benchmarks are poised for their largest weekly decline since March 2023.",4,Old,Positive,Medium
2025-06-27,"- **China's Economic Stimulus**: Increased oil imports from Iran driven by economic recovery and independent refineries, likely to exert upward pressure on global oil prices.

- **Israel-Iran Tensions**: Escalating conflicts threaten to disrupt oil shipments through the Strait of Hormuz, with potential price spikes up to $120 per barrel due to a 'war premium' of $7-$8.

- **Sanctions on Russian Oil**: Tightening sanctions reduce Russia's oil revenue and export capabilities, impacting global supply and pricing dynamics, while OPEC+ adjusts production strategies.

- **U.S. Oil Rig Count Decline**: A slight decrease in oil rigs indicates a potential slowdown in U.S. production growth amidst price volatility, although production is projected to increase in the coming years.

- **Oversupply and Demand Issues**: Goldman Sachs warns that oversupply and sluggish demand may keep Brent crude prices below $60 per barrel, with non-OPEC production expected to rise.

- **ONGC Operational Crisis**: A 16-day blowout at an oil well in Assam raises safety and accountability concerns, impacting local economies and investor confidence.

- **Ceasefire Effects**: Recent ceasefires in the Middle East lead to temporary price corrections, but ongoing geopolitical instability continues to pose risks to oil markets.

- **U.S. Crude Inventory Drop**: A significant decline of 5.8 million barrels in U.S. crude oil inventories signals tightening supply, potentially leading to higher prices.

- **10% Tariff on Oil Imports**: Tariffs on imports from Canada and Mexico threaten U.S. supply chains and could lead to higher consumer prices.

- **U.S. Strategic Petroleum Reserve Delays**: Delays in refilling the SPR raise concerns about domestic oil supply stability amid geopolitical uncertainties.

- **Kazakhstan's Export Decline**: A drop in crude oil exports to Germany reflects broader regional supply challenges influenced by OPEC+ dynamics.

- **Environmental Regulations Impact**: Ongoing debates over environmental regulations in North America could significantly affect oil production capabilities and market dynamics.",Middle East Ceasefire Sparks Oil Price Fluctuations Amid Geopolitical Tensions,"The geopolitical landscape, particularly in the Middle East, significantly impacts global oil supply dynamics, with countries like India and South Korea heavily reliant on oil imports from this region. Recent developments, such as the ceasefire between Israel and Iran, have led to fluctuations in crude oil prices, retreating to $64-$65 per barrel, with analysts warning of potential declines below $60 if this range is breached. India's complex relationships with Gulf Cooperation Council (GCC) countries and its balancing act regarding Israel further complicate its crude oil import dynamics, highlighting the interconnectedness of international relations and energy markets. The Strait of Hormuz remains a critical chokepoint for global oil supply, with 18% of daily consumption passing through it, making any conflict involving Iran a significant risk for shortages and price spikes. Additionally, ongoing tensions between the US and Iran, including oil export restrictions, create market uncertainty, while China's continued import of Iranian crude complicates supply dynamics. Overall, geopolitical tensions and resolutions play a crucial role in shaping oil market volatility, affecting global supply and demand dynamics.",MT Newswires,"Crude Oil Prices Advance, but Remain on Track for Steepest Weekly Drop Since 2023 on Deescalating Middle East Conflict","Meanwhile, the market is monitoring moves by the Organization of the Petroleum Exporting Countries and allied producers, whose members are scheduled to meet on July 6 to decide on August production levels, a Reuters report said.",4,"The upcoming OPEC meeting on July 6 is crucial for determining August oil production levels, influencing market reactions amid ongoing geopolitical tensions and a recent ceasefire in the Middle East.",4,Old,Positive,Medium
2025-06-27,"- **China's Economic Stimulus**: Increased oil imports from Iran driven by economic recovery and independent refineries, likely to exert upward pressure on global oil prices.

- **Israel-Iran Tensions**: Escalating conflicts threaten to disrupt oil shipments through the Strait of Hormuz, with potential price spikes up to $120 per barrel due to a 'war premium' of $7-$8.

- **Sanctions on Russian Oil**: Tightening sanctions reduce Russia's oil revenue and export capabilities, impacting global supply and pricing dynamics, while OPEC+ adjusts production strategies.

- **U.S. Oil Rig Count Decline**: A slight decrease in oil rigs indicates a potential slowdown in U.S. production growth amidst price volatility, although production is projected to increase in the coming years.

- **Oversupply and Demand Issues**: Goldman Sachs warns that oversupply and sluggish demand may keep Brent crude prices below $60 per barrel, with non-OPEC production expected to rise.

- **ONGC Operational Crisis**: A 16-day blowout at an oil well in Assam raises safety and accountability concerns, impacting local economies and investor confidence.

- **Ceasefire Effects**: Recent ceasefires in the Middle East lead to temporary price corrections, but ongoing geopolitical instability continues to pose risks to oil markets.

- **U.S. Crude Inventory Drop**: A significant decline of 5.8 million barrels in U.S. crude oil inventories signals tightening supply, potentially leading to higher prices.

- **10% Tariff on Oil Imports**: Tariffs on imports from Canada and Mexico threaten U.S. supply chains and could lead to higher consumer prices.

- **U.S. Strategic Petroleum Reserve Delays**: Delays in refilling the SPR raise concerns about domestic oil supply stability amid geopolitical uncertainties.

- **Kazakhstan's Export Decline**: A drop in crude oil exports to Germany reflects broader regional supply challenges influenced by OPEC+ dynamics.

- **Environmental Regulations Impact**: Ongoing debates over environmental regulations in North America could significantly affect oil production capabilities and market dynamics.",Environmental Regulations Shape Oil Production Landscape Across North America,"The impact of environmental regulations on oil production is evident in various ongoing debates and actions across North America. In Canada, the proposed crude oil pipeline from Alberta to British Columbia faces opposition from B.C. Premier David Eby, who questions the financial viability of the project given the existing Trans Mountain pipeline's capacity. This situation underscores the need for intergovernmental consensus and highlights concerns about environmental impacts and economic sustainability in energy projects. In California, proposed rollbacks of regulatory measures for oil refinery operations have ignited discussions among public interest groups advocating for strict accountability to prevent price gouging and protect consumers. These changes could significantly affect the profitability of refiners and gasoline prices. Meanwhile, the U.S. Department of the Interior's efforts to expedite approvals for offshore drilling raise alarms about potential environmental risks, as reduced review timeframes may lead to increased production at the expense of safety. Overall, the regulatory landscape is crucial for oil companies, influencing their operational capabilities and shaping market dynamics.",Benzinga,"50+ Environmental and Public Interest Groups Oppose CA Oil Refiner Bailout, Urge State to Stand Strong on Accountability, Says Consumer Watchdog","""We urge you, instead, to insist that the Administration finish the job it started and that the legislature directed it to do in special sessions in 2023 and 2024: propound rules for a price gouging penalty, finalize and enforce the ABX2-1 re-supply inventory rule and begin the minimum inventory rule-making. In addition, we call on you to reject rollbacks to refinery process safety management (PSM) rules which protect refinery workers and communities while preventing sudden outages that trigger price shocks.""",3,"The text emphasizes the need for the Administration to implement and enforce critical environmental regulations and safety rules in the oil industry to protect workers and communities, highlighting the ongoing impact of regulatory frameworks on oil production practices in North America.",3,Old,Negative,High
2025-06-27,"- **China's Economic Stimulus**: Increased oil imports from Iran driven by economic recovery and independent refineries, likely to exert upward pressure on global oil prices.

- **Israel-Iran Tensions**: Escalating conflicts threaten to disrupt oil shipments through the Strait of Hormuz, with potential price spikes up to $120 per barrel due to a 'war premium' of $7-$8.

- **Sanctions on Russian Oil**: Tightening sanctions reduce Russia's oil revenue and export capabilities, impacting global supply and pricing dynamics, while OPEC+ adjusts production strategies.

- **U.S. Oil Rig Count Decline**: A slight decrease in oil rigs indicates a potential slowdown in U.S. production growth amidst price volatility, although production is projected to increase in the coming years.

- **Oversupply and Demand Issues**: Goldman Sachs warns that oversupply and sluggish demand may keep Brent crude prices below $60 per barrel, with non-OPEC production expected to rise.

- **ONGC Operational Crisis**: A 16-day blowout at an oil well in Assam raises safety and accountability concerns, impacting local economies and investor confidence.

- **Ceasefire Effects**: Recent ceasefires in the Middle East lead to temporary price corrections, but ongoing geopolitical instability continues to pose risks to oil markets.

- **U.S. Crude Inventory Drop**: A significant decline of 5.8 million barrels in U.S. crude oil inventories signals tightening supply, potentially leading to higher prices.

- **10% Tariff on Oil Imports**: Tariffs on imports from Canada and Mexico threaten U.S. supply chains and could lead to higher consumer prices.

- **U.S. Strategic Petroleum Reserve Delays**: Delays in refilling the SPR raise concerns about domestic oil supply stability amid geopolitical uncertainties.

- **Kazakhstan's Export Decline**: A drop in crude oil exports to Germany reflects broader regional supply challenges influenced by OPEC+ dynamics.

- **Environmental Regulations Impact**: Ongoing debates over environmental regulations in North America could significantly affect oil production capabilities and market dynamics.","Oversupply and Sluggish Demand Keep Brent Crude Prices Below $60, Warns Goldman Sachs","Local demand dynamics in oil regions are currently influenced by an oversupplied market, as indicated by Goldman Sachs, which anticipates a significant increase in non-OPEC production, particularly from new projects in Saudi Arabia and Qatar. This surge in supply, combined with sluggish demand growth, is expected to keep Brent crude prices below $60 per barrel. The International Energy Agency (IEA) corroborates this outlook, projecting that oil markets will remain well-supplied through 2030 unless disrupted by major geopolitical events. Such an imbalance poses challenges for exploration and production (E&P) companies, potentially squeezing cash flows and affecting investment decisions in oil-rich regions.",Nasdaq,"Zacks Industry Outlook Highlights Vermilion Energy, VAALCO Energy and Capricorn Energy","Supply Outpaces Demand Amid Macro Uncertainty: The near-term looks oversupplied. Goldman Sachs highlights an expected surge in non-OPEC production (excluding U.S. shale), driven by new projects in Saudi Arabia and Qatar. Combined with growing natural gas liquids output, supply is set to outpace sluggish demand growth.
The IEA also echoes this, forecasting that oil markets will be well-supplied through 2030 unless disrupted by major geopolitical events. This imbalance threatens to keep Brent prices below $60, squeezing E&P cash flows significantly.",2,"Goldman Sachs warns that oversupply from non-OPEC production and sluggish demand growth will likely keep Brent crude prices below $60, impacting exploration and production cash flows.",2,Old,Negative,High
2025-06-27,"- **China's Economic Stimulus**: Increased oil imports from Iran driven by economic recovery and independent refineries, likely to exert upward pressure on global oil prices.

- **Israel-Iran Tensions**: Escalating conflicts threaten to disrupt oil shipments through the Strait of Hormuz, with potential price spikes up to $120 per barrel due to a 'war premium' of $7-$8.

- **Sanctions on Russian Oil**: Tightening sanctions reduce Russia's oil revenue and export capabilities, impacting global supply and pricing dynamics, while OPEC+ adjusts production strategies.

- **U.S. Oil Rig Count Decline**: A slight decrease in oil rigs indicates a potential slowdown in U.S. production growth amidst price volatility, although production is projected to increase in the coming years.

- **Oversupply and Demand Issues**: Goldman Sachs warns that oversupply and sluggish demand may keep Brent crude prices below $60 per barrel, with non-OPEC production expected to rise.

- **ONGC Operational Crisis**: A 16-day blowout at an oil well in Assam raises safety and accountability concerns, impacting local economies and investor confidence.

- **Ceasefire Effects**: Recent ceasefires in the Middle East lead to temporary price corrections, but ongoing geopolitical instability continues to pose risks to oil markets.

- **U.S. Crude Inventory Drop**: A significant decline of 5.8 million barrels in U.S. crude oil inventories signals tightening supply, potentially leading to higher prices.

- **10% Tariff on Oil Imports**: Tariffs on imports from Canada and Mexico threaten U.S. supply chains and could lead to higher consumer prices.

- **U.S. Strategic Petroleum Reserve Delays**: Delays in refilling the SPR raise concerns about domestic oil supply stability amid geopolitical uncertainties.

- **Kazakhstan's Export Decline**: A drop in crude oil exports to Germany reflects broader regional supply challenges influenced by OPEC+ dynamics.

- **Environmental Regulations Impact**: Ongoing debates over environmental regulations in North America could significantly affect oil production capabilities and market dynamics.",China's Oil Demand Surge Driven by U.S. Sanctions on Iran and Strategic Diversification,"China's demand for oil is significantly influenced by its geopolitical strategies and economic considerations, particularly in the context of U.S. sanctions on Iranian oil. Despite these sanctions, China continues to import substantial volumes of Iranian crude, essential for its independent refineries, indicating a robust demand for discounted oil. This clandestine trade, facilitated by 'shadow fleet' tankers, not only supports Iran's economy but also impacts global oil pricing dynamics. Additionally, China's reluctance to increase imports of U.S. oil due to tariffs and political tensions further complicates its procurement patterns. The surge in imports from Iranian sources, driven by independent 'teapot' refineries and a strategic push to diversify energy sources, reflects China's efforts to secure supplies amid fluctuating global oil prices. Analysts are closely monitoring these trends, as China's increasing demand can significantly influence global oil supply dynamics and pricing structures, especially if OPEC+ continues to adjust production levels.",Time Magazine,China's Relationship With the World After the Israel-Iran War,"Trump's comments came after Secretary of State Marco Rubio on Fox News on Sunday that he had encouraged China to advise Iran not to close the -the narrow waterway through which much of the world's oil trade flows through and which Iran had threatened to close in response to U.S. intervention. China relies on crude oil imports from the Middle East, particularly Saudi Arabia, which pass through the strait, but is also the largest importer of Iranian oil, which is under economic sanctions by the U.S.",4,"China's oil demand surge is influenced by U.S. sanctions on Iran, prompting strategic diversification to secure crude imports from the Middle East while navigating geopolitical tensions.",4,New,Positive,High
2025-06-27,"- **China's Economic Stimulus**: Increased oil imports from Iran driven by economic recovery and independent refineries, likely to exert upward pressure on global oil prices.

- **Israel-Iran Tensions**: Escalating conflicts threaten to disrupt oil shipments through the Strait of Hormuz, with potential price spikes up to $120 per barrel due to a 'war premium' of $7-$8.

- **Sanctions on Russian Oil**: Tightening sanctions reduce Russia's oil revenue and export capabilities, impacting global supply and pricing dynamics, while OPEC+ adjusts production strategies.

- **U.S. Oil Rig Count Decline**: A slight decrease in oil rigs indicates a potential slowdown in U.S. production growth amidst price volatility, although production is projected to increase in the coming years.

- **Oversupply and Demand Issues**: Goldman Sachs warns that oversupply and sluggish demand may keep Brent crude prices below $60 per barrel, with non-OPEC production expected to rise.

- **ONGC Operational Crisis**: A 16-day blowout at an oil well in Assam raises safety and accountability concerns, impacting local economies and investor confidence.

- **Ceasefire Effects**: Recent ceasefires in the Middle East lead to temporary price corrections, but ongoing geopolitical instability continues to pose risks to oil markets.

- **U.S. Crude Inventory Drop**: A significant decline of 5.8 million barrels in U.S. crude oil inventories signals tightening supply, potentially leading to higher prices.

- **10% Tariff on Oil Imports**: Tariffs on imports from Canada and Mexico threaten U.S. supply chains and could lead to higher consumer prices.

- **U.S. Strategic Petroleum Reserve Delays**: Delays in refilling the SPR raise concerns about domestic oil supply stability amid geopolitical uncertainties.

- **Kazakhstan's Export Decline**: A drop in crude oil exports to Germany reflects broader regional supply challenges influenced by OPEC+ dynamics.

- **Environmental Regulations Impact**: Ongoing debates over environmental regulations in North America could significantly affect oil production capabilities and market dynamics.",China's Oil Demand Surge Driven by U.S. Sanctions on Iran and Strategic Diversification,"China's demand for oil is significantly influenced by its geopolitical strategies and economic considerations, particularly in the context of U.S. sanctions on Iranian oil. Despite these sanctions, China continues to import substantial volumes of Iranian crude, essential for its independent refineries, indicating a robust demand for discounted oil. This clandestine trade, facilitated by 'shadow fleet' tankers, not only supports Iran's economy but also impacts global oil pricing dynamics. Additionally, China's reluctance to increase imports of U.S. oil due to tariffs and political tensions further complicates its procurement patterns. The surge in imports from Iranian sources, driven by independent 'teapot' refineries and a strategic push to diversify energy sources, reflects China's efforts to secure supplies amid fluctuating global oil prices. Analysts are closely monitoring these trends, as China's increasing demand can significantly influence global oil supply dynamics and pricing structures, especially if OPEC+ continues to adjust production levels.",Livemint,Crude prices fall after report of OPEC  planning August output boost,"""The market has almost entirely shrugged off the geopolitical risk premiums from almost a week ago as we return to a fundamentals-driven market,"" said Rystad analyst Janiv Shah.
He said the market was also keeping an eye on the July 6 meeting of the OPEC group of oil producers, adding that summer demand indicators were key as well.
Flynn said expectations of higher demand in the coming months gave crude a boost earlier on Friday.",2,"Analysts indicate that China's oil demand surge is increasingly driven by fundamental market factors and expectations of higher demand, amidst geopolitical tensions and OPEC's influence.",2,New,Positive,High
2025-06-27,"- **China's Economic Stimulus**: Increased oil imports from Iran driven by economic recovery and independent refineries, likely to exert upward pressure on global oil prices.

- **Israel-Iran Tensions**: Escalating conflicts threaten to disrupt oil shipments through the Strait of Hormuz, with potential price spikes up to $120 per barrel due to a 'war premium' of $7-$8.

- **Sanctions on Russian Oil**: Tightening sanctions reduce Russia's oil revenue and export capabilities, impacting global supply and pricing dynamics, while OPEC+ adjusts production strategies.

- **U.S. Oil Rig Count Decline**: A slight decrease in oil rigs indicates a potential slowdown in U.S. production growth amidst price volatility, although production is projected to increase in the coming years.

- **Oversupply and Demand Issues**: Goldman Sachs warns that oversupply and sluggish demand may keep Brent crude prices below $60 per barrel, with non-OPEC production expected to rise.

- **ONGC Operational Crisis**: A 16-day blowout at an oil well in Assam raises safety and accountability concerns, impacting local economies and investor confidence.

- **Ceasefire Effects**: Recent ceasefires in the Middle East lead to temporary price corrections, but ongoing geopolitical instability continues to pose risks to oil markets.

- **U.S. Crude Inventory Drop**: A significant decline of 5.8 million barrels in U.S. crude oil inventories signals tightening supply, potentially leading to higher prices.

- **10% Tariff on Oil Imports**: Tariffs on imports from Canada and Mexico threaten U.S. supply chains and could lead to higher consumer prices.

- **U.S. Strategic Petroleum Reserve Delays**: Delays in refilling the SPR raise concerns about domestic oil supply stability amid geopolitical uncertainties.

- **Kazakhstan's Export Decline**: A drop in crude oil exports to Germany reflects broader regional supply challenges influenced by OPEC+ dynamics.

- **Environmental Regulations Impact**: Ongoing debates over environmental regulations in North America could significantly affect oil production capabilities and market dynamics.",China's Oil Demand Surge Driven by U.S. Sanctions on Iran and Strategic Diversification,"China's demand for oil is significantly influenced by its geopolitical strategies and economic considerations, particularly in the context of U.S. sanctions on Iranian oil. Despite these sanctions, China continues to import substantial volumes of Iranian crude, essential for its independent refineries, indicating a robust demand for discounted oil. This clandestine trade, facilitated by 'shadow fleet' tankers, not only supports Iran's economy but also impacts global oil pricing dynamics. Additionally, China's reluctance to increase imports of U.S. oil due to tariffs and political tensions further complicates its procurement patterns. The surge in imports from Iranian sources, driven by independent 'teapot' refineries and a strategic push to diversify energy sources, reflects China's efforts to secure supplies amid fluctuating global oil prices. Analysts are closely monitoring these trends, as China's increasing demand can significantly influence global oil supply dynamics and pricing structures, especially if OPEC+ continues to adjust production levels.",Asharq Al-Awsat,"China's Iran Oil Imports Surge in June on Rising Shipments, Teapot Demand","Asharq Al Awsat
China's Iranian oil imports surged in June as shipments accelerated before the recent conflict in the region and demand from independent refineries improved, analysts said.
The world's top oil importer and biggest buyer of Iranian crude brought in more than 1.8 million barrels per day (bpd) from June 1-20, according to ship-tracker Vortexa, a record high based on the firm's data.",4,"China's oil imports from Iran reached a record high of over 1.8 million bpd in June, driven by increased demand from independent refineries and strategic diversification amid U.S. sanctions on Iran.",4,New,Positive,High
2025-06-27,"- **China's Economic Stimulus**: Increased oil imports from Iran driven by economic recovery and independent refineries, likely to exert upward pressure on global oil prices.

- **Israel-Iran Tensions**: Escalating conflicts threaten to disrupt oil shipments through the Strait of Hormuz, with potential price spikes up to $120 per barrel due to a 'war premium' of $7-$8.

- **Sanctions on Russian Oil**: Tightening sanctions reduce Russia's oil revenue and export capabilities, impacting global supply and pricing dynamics, while OPEC+ adjusts production strategies.

- **U.S. Oil Rig Count Decline**: A slight decrease in oil rigs indicates a potential slowdown in U.S. production growth amidst price volatility, although production is projected to increase in the coming years.

- **Oversupply and Demand Issues**: Goldman Sachs warns that oversupply and sluggish demand may keep Brent crude prices below $60 per barrel, with non-OPEC production expected to rise.

- **ONGC Operational Crisis**: A 16-day blowout at an oil well in Assam raises safety and accountability concerns, impacting local economies and investor confidence.

- **Ceasefire Effects**: Recent ceasefires in the Middle East lead to temporary price corrections, but ongoing geopolitical instability continues to pose risks to oil markets.

- **U.S. Crude Inventory Drop**: A significant decline of 5.8 million barrels in U.S. crude oil inventories signals tightening supply, potentially leading to higher prices.

- **10% Tariff on Oil Imports**: Tariffs on imports from Canada and Mexico threaten U.S. supply chains and could lead to higher consumer prices.

- **U.S. Strategic Petroleum Reserve Delays**: Delays in refilling the SPR raise concerns about domestic oil supply stability amid geopolitical uncertainties.

- **Kazakhstan's Export Decline**: A drop in crude oil exports to Germany reflects broader regional supply challenges influenced by OPEC+ dynamics.

- **Environmental Regulations Impact**: Ongoing debates over environmental regulations in North America could significantly affect oil production capabilities and market dynamics.",China's Oil Demand Surge Driven by U.S. Sanctions on Iran and Strategic Diversification,"China's demand for oil is significantly influenced by its geopolitical strategies and economic considerations, particularly in the context of U.S. sanctions on Iranian oil. Despite these sanctions, China continues to import substantial volumes of Iranian crude, essential for its independent refineries, indicating a robust demand for discounted oil. This clandestine trade, facilitated by 'shadow fleet' tankers, not only supports Iran's economy but also impacts global oil pricing dynamics. Additionally, China's reluctance to increase imports of U.S. oil due to tariffs and political tensions further complicates its procurement patterns. The surge in imports from Iranian sources, driven by independent 'teapot' refineries and a strategic push to diversify energy sources, reflects China's efforts to secure supplies amid fluctuating global oil prices. Analysts are closely monitoring these trends, as China's increasing demand can significantly influence global oil supply dynamics and pricing structures, especially if OPEC+ continues to adjust production levels.",Asharq Al-Awsat,"China's Iran Oil Imports Surge in June on Rising Shipments, Teapot Demand","Independent Chinese ""teapot"" refineries, the main buyers of Iranian oil, also showed strong demand for the discount barrels as their stockpiles depleted, said Xu Muyu, Kpler's senior analyst.
A possible relaxing of US President Donald Trump's policy on Iranian oil sanctions could further bolster Chinese buying, she added.",4,"Chinese 'teapot' refineries are increasing their demand for discounted Iranian oil due to depleted stockpiles, with potential U.S. policy changes on sanctions possibly enhancing this trend.",4,New,Positive,High
2025-06-27,"- **China's Economic Stimulus**: Increased oil imports from Iran driven by economic recovery and independent refineries, likely to exert upward pressure on global oil prices.

- **Israel-Iran Tensions**: Escalating conflicts threaten to disrupt oil shipments through the Strait of Hormuz, with potential price spikes up to $120 per barrel due to a 'war premium' of $7-$8.

- **Sanctions on Russian Oil**: Tightening sanctions reduce Russia's oil revenue and export capabilities, impacting global supply and pricing dynamics, while OPEC+ adjusts production strategies.

- **U.S. Oil Rig Count Decline**: A slight decrease in oil rigs indicates a potential slowdown in U.S. production growth amidst price volatility, although production is projected to increase in the coming years.

- **Oversupply and Demand Issues**: Goldman Sachs warns that oversupply and sluggish demand may keep Brent crude prices below $60 per barrel, with non-OPEC production expected to rise.

- **ONGC Operational Crisis**: A 16-day blowout at an oil well in Assam raises safety and accountability concerns, impacting local economies and investor confidence.

- **Ceasefire Effects**: Recent ceasefires in the Middle East lead to temporary price corrections, but ongoing geopolitical instability continues to pose risks to oil markets.

- **U.S. Crude Inventory Drop**: A significant decline of 5.8 million barrels in U.S. crude oil inventories signals tightening supply, potentially leading to higher prices.

- **10% Tariff on Oil Imports**: Tariffs on imports from Canada and Mexico threaten U.S. supply chains and could lead to higher consumer prices.

- **U.S. Strategic Petroleum Reserve Delays**: Delays in refilling the SPR raise concerns about domestic oil supply stability amid geopolitical uncertainties.

- **Kazakhstan's Export Decline**: A drop in crude oil exports to Germany reflects broader regional supply challenges influenced by OPEC+ dynamics.

- **Environmental Regulations Impact**: Ongoing debates over environmental regulations in North America could significantly affect oil production capabilities and market dynamics.",Fed Rate Cut Speculation Fuels Optimism in Oil Demand Amid U.S. Economic Slowdown,"The relationship between U.S. economic indicators and oil demand is increasingly significant, particularly as recent macroeconomic data suggests potential for weaker-than-expected growth. This has led to speculation about interest rate cuts by the Federal Reserve, which could stimulate economic activity and subsequently increase oil demand. Fed Chair Powell's indications of possible rate cuts as early as July have contributed to optimism in the oil market. Additionally, the strength of the U.S. Dollar plays a crucial role in influencing crude oil prices, with recent declines in the Dollar Index positively impacting emerging market currencies like the Indian Rupee. This shift has improved risk sentiment and reduced oil import costs for countries reliant on oil, such as India. Furthermore, tight crude oil inventories alongside expectations of a more accommodative monetary policy could lead to higher oil prices, reflecting the intricate interplay between U.S. economic performance, monetary policy, and global oil demand dynamics.",BOE Report,Oil set to log steepest weekly decline in two years as war premium vanishes,"""The market is starting to digest the fact that crude oil inventories are very tight all of a sudden,"" said Phil Flynn, senior analyst with the Price Futures Group.
Also supporting prices was a Wall Street Journal report saying Trump planned to choose the next Federal Reserve chief earlier than usual. That fuelled fresh bets on U.S. interest rate cuts which would typically stimulate demand for oil.",2,Tight crude oil inventories and speculation of early Fed rate cuts are boosting optimism for oil demand amid a slowing U.S. economy.,2,Moderate,Positive,Medium
2025-06-27,"- **China's Economic Stimulus**: Increased oil imports from Iran driven by economic recovery and independent refineries, likely to exert upward pressure on global oil prices.

- **Israel-Iran Tensions**: Escalating conflicts threaten to disrupt oil shipments through the Strait of Hormuz, with potential price spikes up to $120 per barrel due to a 'war premium' of $7-$8.

- **Sanctions on Russian Oil**: Tightening sanctions reduce Russia's oil revenue and export capabilities, impacting global supply and pricing dynamics, while OPEC+ adjusts production strategies.

- **U.S. Oil Rig Count Decline**: A slight decrease in oil rigs indicates a potential slowdown in U.S. production growth amidst price volatility, although production is projected to increase in the coming years.

- **Oversupply and Demand Issues**: Goldman Sachs warns that oversupply and sluggish demand may keep Brent crude prices below $60 per barrel, with non-OPEC production expected to rise.

- **ONGC Operational Crisis**: A 16-day blowout at an oil well in Assam raises safety and accountability concerns, impacting local economies and investor confidence.

- **Ceasefire Effects**: Recent ceasefires in the Middle East lead to temporary price corrections, but ongoing geopolitical instability continues to pose risks to oil markets.

- **U.S. Crude Inventory Drop**: A significant decline of 5.8 million barrels in U.S. crude oil inventories signals tightening supply, potentially leading to higher prices.

- **10% Tariff on Oil Imports**: Tariffs on imports from Canada and Mexico threaten U.S. supply chains and could lead to higher consumer prices.

- **U.S. Strategic Petroleum Reserve Delays**: Delays in refilling the SPR raise concerns about domestic oil supply stability amid geopolitical uncertainties.

- **Kazakhstan's Export Decline**: A drop in crude oil exports to Germany reflects broader regional supply challenges influenced by OPEC+ dynamics.

- **Environmental Regulations Impact**: Ongoing debates over environmental regulations in North America could significantly affect oil production capabilities and market dynamics.",Kazakhstan's Crude Oil Exports to Germany Plummet Amid OPEC+ Supply Pressures,"Kazakhstan's oil production is facing significant challenges, as evidenced by a decline in crude oil exports to Germany through the Druzhba pipeline. This reduction reflects broader trends in the region's oil supply dynamics, influenced by fluctuating demand and geopolitical pressures. The situation highlights the interconnectedness of global oil markets and the implications of regional supply changes on international pricing, particularly in the context of OPEC+ agreements and their impact on member countries' production strategies.",Bunker Ports News Worldwide,"Kazakhstan says its oil exports to Germany will fall to 160,000 tons in June","Kazakhstan's crude oil exports to Germany will decline to 160,000 metric tons this month from 230,000 tons in May, Kazakh energy company KazMunayGaz said on Thursday.
It added that supplies, dispatched via Russia's Druzhba oil pipeline, for this year are still expected at 2 million tons, or around 40,000 barrels per day, up from 1.5 million tons in 2024.",1,"Kazakhstan's crude oil exports to Germany are set to drop to 160,000 metric tons in June from 230,000 tons in May, amid ongoing OPEC+ supply pressures, while annual exports are projected to increase to 2 million tons.",1,New,Negative,High
2025-06-27,"- **China's Economic Stimulus**: Increased oil imports from Iran driven by economic recovery and independent refineries, likely to exert upward pressure on global oil prices.

- **Israel-Iran Tensions**: Escalating conflicts threaten to disrupt oil shipments through the Strait of Hormuz, with potential price spikes up to $120 per barrel due to a 'war premium' of $7-$8.

- **Sanctions on Russian Oil**: Tightening sanctions reduce Russia's oil revenue and export capabilities, impacting global supply and pricing dynamics, while OPEC+ adjusts production strategies.

- **U.S. Oil Rig Count Decline**: A slight decrease in oil rigs indicates a potential slowdown in U.S. production growth amidst price volatility, although production is projected to increase in the coming years.

- **Oversupply and Demand Issues**: Goldman Sachs warns that oversupply and sluggish demand may keep Brent crude prices below $60 per barrel, with non-OPEC production expected to rise.

- **ONGC Operational Crisis**: A 16-day blowout at an oil well in Assam raises safety and accountability concerns, impacting local economies and investor confidence.

- **Ceasefire Effects**: Recent ceasefires in the Middle East lead to temporary price corrections, but ongoing geopolitical instability continues to pose risks to oil markets.

- **U.S. Crude Inventory Drop**: A significant decline of 5.8 million barrels in U.S. crude oil inventories signals tightening supply, potentially leading to higher prices.

- **10% Tariff on Oil Imports**: Tariffs on imports from Canada and Mexico threaten U.S. supply chains and could lead to higher consumer prices.

- **U.S. Strategic Petroleum Reserve Delays**: Delays in refilling the SPR raise concerns about domestic oil supply stability amid geopolitical uncertainties.

- **Kazakhstan's Export Decline**: A drop in crude oil exports to Germany reflects broader regional supply challenges influenced by OPEC+ dynamics.

- **Environmental Regulations Impact**: Ongoing debates over environmental regulations in North America could significantly affect oil production capabilities and market dynamics.",Fed Rate Cut Speculation Fuels Optimism in Oil Demand Amid U.S. Economic Slowdown,"The relationship between U.S. economic indicators and oil demand is increasingly significant, particularly as recent macroeconomic data suggests potential for weaker-than-expected growth. This has led to speculation about interest rate cuts by the Federal Reserve, which could stimulate economic activity and subsequently increase oil demand. Fed Chair Powell's indications of possible rate cuts as early as July have contributed to optimism in the oil market. Additionally, the strength of the U.S. Dollar plays a crucial role in influencing crude oil prices, with recent declines in the Dollar Index positively impacting emerging market currencies like the Indian Rupee. This shift has improved risk sentiment and reduced oil import costs for countries reliant on oil, such as India. Furthermore, tight crude oil inventories alongside expectations of a more accommodative monetary policy could lead to higher oil prices, reflecting the intricate interplay between U.S. economic performance, monetary policy, and global oil demand dynamics.",MT Newswires,Sector Update: Energy,"Front-month US West Texas Intermediate crude oil was up 0.5% at $65.58 per barrel at the New York Mercantile Exchange. Global benchmark North Sea Brent crude oil gained 0.4% to $68.02 per barrel, and natural gas futures were 2.2% higher at $3.61 per 1 million British Thermal Units.",2,Crude oil prices rise as U.S. economic slowdown and Fed rate cut speculation boost optimism for oil demand.,2,Moderate,Positive,Medium
2025-06-27,"- **China's Economic Stimulus**: Increased oil imports from Iran driven by economic recovery and independent refineries, likely to exert upward pressure on global oil prices.

- **Israel-Iran Tensions**: Escalating conflicts threaten to disrupt oil shipments through the Strait of Hormuz, with potential price spikes up to $120 per barrel due to a 'war premium' of $7-$8.

- **Sanctions on Russian Oil**: Tightening sanctions reduce Russia's oil revenue and export capabilities, impacting global supply and pricing dynamics, while OPEC+ adjusts production strategies.

- **U.S. Oil Rig Count Decline**: A slight decrease in oil rigs indicates a potential slowdown in U.S. production growth amidst price volatility, although production is projected to increase in the coming years.

- **Oversupply and Demand Issues**: Goldman Sachs warns that oversupply and sluggish demand may keep Brent crude prices below $60 per barrel, with non-OPEC production expected to rise.

- **ONGC Operational Crisis**: A 16-day blowout at an oil well in Assam raises safety and accountability concerns, impacting local economies and investor confidence.

- **Ceasefire Effects**: Recent ceasefires in the Middle East lead to temporary price corrections, but ongoing geopolitical instability continues to pose risks to oil markets.

- **U.S. Crude Inventory Drop**: A significant decline of 5.8 million barrels in U.S. crude oil inventories signals tightening supply, potentially leading to higher prices.

- **10% Tariff on Oil Imports**: Tariffs on imports from Canada and Mexico threaten U.S. supply chains and could lead to higher consumer prices.

- **U.S. Strategic Petroleum Reserve Delays**: Delays in refilling the SPR raise concerns about domestic oil supply stability amid geopolitical uncertainties.

- **Kazakhstan's Export Decline**: A drop in crude oil exports to Germany reflects broader regional supply challenges influenced by OPEC+ dynamics.

- **Environmental Regulations Impact**: Ongoing debates over environmental regulations in North America could significantly affect oil production capabilities and market dynamics.","China's Economic Stimulus Fuels Surge in Oil Imports from Iran, Impacting Global Demand","China's renewed economic stimulus efforts are expected to significantly impact global oil demand, particularly as the country increases its oil imports from Iran amidst geopolitical tensions in the Middle East. The surge in imports is driven by heightened shipments before potential conflicts and rising demand from independent Chinese refineries. As the world's second-largest oil consumer, China's economic recovery and stimulus measures are likely to create upward pressure on crude oil prices, influencing global supply chains and pricing dynamics. The interconnectedness of global markets means that China's economic activities will play a crucial role in shaping the future of crude oil demand and availability.",Livemint,"Crude oil prices rise on US demand uptick, China stimulus hopes","New Delhi: Global crude oil prices edged higher on Friday, buoyed by signs of strengthening demand in the US and renewed hopes of an economic stimulus in China-the world's second-largest oil consumer.",2,"China's economic stimulus is driving increased oil imports from Iran, contributing to rising global crude prices amid signs of strengthening demand in the US.",2,New,Positive,High
2025-06-27,"- **China's Economic Stimulus**: Increased oil imports from Iran driven by economic recovery and independent refineries, likely to exert upward pressure on global oil prices.

- **Israel-Iran Tensions**: Escalating conflicts threaten to disrupt oil shipments through the Strait of Hormuz, with potential price spikes up to $120 per barrel due to a 'war premium' of $7-$8.

- **Sanctions on Russian Oil**: Tightening sanctions reduce Russia's oil revenue and export capabilities, impacting global supply and pricing dynamics, while OPEC+ adjusts production strategies.

- **U.S. Oil Rig Count Decline**: A slight decrease in oil rigs indicates a potential slowdown in U.S. production growth amidst price volatility, although production is projected to increase in the coming years.

- **Oversupply and Demand Issues**: Goldman Sachs warns that oversupply and sluggish demand may keep Brent crude prices below $60 per barrel, with non-OPEC production expected to rise.

- **ONGC Operational Crisis**: A 16-day blowout at an oil well in Assam raises safety and accountability concerns, impacting local economies and investor confidence.

- **Ceasefire Effects**: Recent ceasefires in the Middle East lead to temporary price corrections, but ongoing geopolitical instability continues to pose risks to oil markets.

- **U.S. Crude Inventory Drop**: A significant decline of 5.8 million barrels in U.S. crude oil inventories signals tightening supply, potentially leading to higher prices.

- **10% Tariff on Oil Imports**: Tariffs on imports from Canada and Mexico threaten U.S. supply chains and could lead to higher consumer prices.

- **U.S. Strategic Petroleum Reserve Delays**: Delays in refilling the SPR raise concerns about domestic oil supply stability amid geopolitical uncertainties.

- **Kazakhstan's Export Decline**: A drop in crude oil exports to Germany reflects broader regional supply challenges influenced by OPEC+ dynamics.

- **Environmental Regulations Impact**: Ongoing debates over environmental regulations in North America could significantly affect oil production capabilities and market dynamics.","China's Economic Stimulus Fuels Surge in Oil Imports from Iran, Impacting Global Demand","China's renewed economic stimulus efforts are expected to significantly impact global oil demand, particularly as the country increases its oil imports from Iran amidst geopolitical tensions in the Middle East. The surge in imports is driven by heightened shipments before potential conflicts and rising demand from independent Chinese refineries. As the world's second-largest oil consumer, China's economic recovery and stimulus measures are likely to create upward pressure on crude oil prices, influencing global supply chains and pricing dynamics. The interconnectedness of global markets means that China's economic activities will play a crucial role in shaping the future of crude oil demand and availability.",Moneycontrol.com via Web,"Daily Voice: Record highs likely but temper return expectations, says Mirae Asset's Neelesh Surana","Do you think developments in the Middle East and tariffs are no longer major threats to the equity markets and other asset classes?
Geopolitical and tariff-related risks remain relevant globally, but their direct impact on Indian equities appears relatively limited-unless there's a sharp and sustained oil price shock. Encouragingly, global oil supply conditions remain stable, and India's current account deficit (~1.3% of GDP) offers a buffer. As long as oil prices remain within a reasonable range-our base case scenario-the broader spillover into Indian markets and other asset classes should remain manageable.",2,"Geopolitical risks, including oil price shocks, could influence global markets, but stable supply conditions and China's increased oil imports from Iran may mitigate broader impacts on demand.",2,New,Positive,High
2025-06-27,"- **China's Economic Stimulus**: Increased oil imports from Iran driven by economic recovery and independent refineries, likely to exert upward pressure on global oil prices.

- **Israel-Iran Tensions**: Escalating conflicts threaten to disrupt oil shipments through the Strait of Hormuz, with potential price spikes up to $120 per barrel due to a 'war premium' of $7-$8.

- **Sanctions on Russian Oil**: Tightening sanctions reduce Russia's oil revenue and export capabilities, impacting global supply and pricing dynamics, while OPEC+ adjusts production strategies.

- **U.S. Oil Rig Count Decline**: A slight decrease in oil rigs indicates a potential slowdown in U.S. production growth amidst price volatility, although production is projected to increase in the coming years.

- **Oversupply and Demand Issues**: Goldman Sachs warns that oversupply and sluggish demand may keep Brent crude prices below $60 per barrel, with non-OPEC production expected to rise.

- **ONGC Operational Crisis**: A 16-day blowout at an oil well in Assam raises safety and accountability concerns, impacting local economies and investor confidence.

- **Ceasefire Effects**: Recent ceasefires in the Middle East lead to temporary price corrections, but ongoing geopolitical instability continues to pose risks to oil markets.

- **U.S. Crude Inventory Drop**: A significant decline of 5.8 million barrels in U.S. crude oil inventories signals tightening supply, potentially leading to higher prices.

- **10% Tariff on Oil Imports**: Tariffs on imports from Canada and Mexico threaten U.S. supply chains and could lead to higher consumer prices.

- **U.S. Strategic Petroleum Reserve Delays**: Delays in refilling the SPR raise concerns about domestic oil supply stability amid geopolitical uncertainties.

- **Kazakhstan's Export Decline**: A drop in crude oil exports to Germany reflects broader regional supply challenges influenced by OPEC+ dynamics.

- **Environmental Regulations Impact**: Ongoing debates over environmental regulations in North America could significantly affect oil production capabilities and market dynamics.",OPEC's Production Strategy: Key to Stabilizing Global Oil Prices Amid Market Disruptions,"The Organization of the Petroleum Exporting Countries (OPEC) significantly influences global oil prices through its production quotas and strategic decisions. With a spare capacity exceeding 6 million barrels per day, OPEC can respond to market disruptions, particularly in the context of geopolitical tensions. The organization's ability to maintain production levels is crucial for stabilizing prices and mitigating risk premiums associated with supply disruptions. The expanded OPEC+ group, which includes non-OPEC members like Russia, further complicates oil pricing dynamics. Recent trends, such as the scheduled phase-out of OPEC+ production cuts, are expected to impact market supply and prices, especially as GDP growth in oil-dependent economies like Saudi Arabia is projected to rise. As OPEC continues to adjust its output in response to global demand, its decisions remain pivotal in shaping the crude oil market and ensuring price stability.",BusinessLine via Web,"Crude oil prices rise as markets focus on economic, supply factors","At 9.53 am on Friday, September Brent oil futures were at $67.14, up by 0.67% and August crude oil futures on WTI were at $65.66, up by 0.64%
Crude oil futures traded higher on Friday morning as markets paid more attention to economic and supply-related issues such as US trade tariffs and OPEC's July meeting than geopolitical issues such as tensions between Iran-Israel.",1,"Crude oil futures rose on September 1, 2023, as market focus shifted to economic factors and OPEC's upcoming meeting, highlighting the organization's pivotal role in stabilizing oil prices amid global market disruptions.",1,Moderate,Positive,High
2025-06-27,"- **China's Economic Stimulus**: Increased oil imports from Iran driven by economic recovery and independent refineries, likely to exert upward pressure on global oil prices.

- **Israel-Iran Tensions**: Escalating conflicts threaten to disrupt oil shipments through the Strait of Hormuz, with potential price spikes up to $120 per barrel due to a 'war premium' of $7-$8.

- **Sanctions on Russian Oil**: Tightening sanctions reduce Russia's oil revenue and export capabilities, impacting global supply and pricing dynamics, while OPEC+ adjusts production strategies.

- **U.S. Oil Rig Count Decline**: A slight decrease in oil rigs indicates a potential slowdown in U.S. production growth amidst price volatility, although production is projected to increase in the coming years.

- **Oversupply and Demand Issues**: Goldman Sachs warns that oversupply and sluggish demand may keep Brent crude prices below $60 per barrel, with non-OPEC production expected to rise.

- **ONGC Operational Crisis**: A 16-day blowout at an oil well in Assam raises safety and accountability concerns, impacting local economies and investor confidence.

- **Ceasefire Effects**: Recent ceasefires in the Middle East lead to temporary price corrections, but ongoing geopolitical instability continues to pose risks to oil markets.

- **U.S. Crude Inventory Drop**: A significant decline of 5.8 million barrels in U.S. crude oil inventories signals tightening supply, potentially leading to higher prices.

- **10% Tariff on Oil Imports**: Tariffs on imports from Canada and Mexico threaten U.S. supply chains and could lead to higher consumer prices.

- **U.S. Strategic Petroleum Reserve Delays**: Delays in refilling the SPR raise concerns about domestic oil supply stability amid geopolitical uncertainties.

- **Kazakhstan's Export Decline**: A drop in crude oil exports to Germany reflects broader regional supply challenges influenced by OPEC+ dynamics.

- **Environmental Regulations Impact**: Ongoing debates over environmental regulations in North America could significantly affect oil production capabilities and market dynamics.","U.S. Strategic Petroleum Reserve Faces Refill Delays, Threatening Oil Supply Stability","The U.S. Strategic Petroleum Reserve (SPR) is currently facing significant issues, including a lack of imminent plans to refill it, as indicated by White House Press Secretary Karoline Leavitt. This policy decision raises concerns about domestic oil supply and market confidence, particularly during periods of geopolitical uncertainty, potentially leading to increased volatility in oil prices. Additionally, the U.S. Department of Energy has announced delays in the scheduled deliveries of crude oil to the SPR due to maintenance issues, extending the timeline for refilling by up to seven months. These setbacks hinder the government's ability to stabilize oil prices and ensure energy security, complicating the Biden administration's efforts to support the domestic oil industry and affecting market perceptions of U.S. oil supply stability.",AOL.com,US will not complete oil deliveries into its reserve until year-end,"WASHINGTON (Reuters) -The U.S. will not complete scheduled deliveries of crude oil into the Strategic Petroleum Reserve until the end of the year due to maintenance, as much as seven months behind schedule, the Department of Energy said on Thursday.
Former President Joe Biden's administration scheduled 15.8 million barrels of deliveries to the SPR from January through May. So far this year only 8.8 million of that has been delivered to the reserve.",2,"The U.S. Strategic Petroleum Reserve faces significant refill delays, with only 8.8 million of the planned 15.8 million barrels delivered this year, jeopardizing oil supply stability.",2,Moderate,Negative,High
2025-06-27,"- **China's Economic Stimulus**: Increased oil imports from Iran driven by economic recovery and independent refineries, likely to exert upward pressure on global oil prices.

- **Israel-Iran Tensions**: Escalating conflicts threaten to disrupt oil shipments through the Strait of Hormuz, with potential price spikes up to $120 per barrel due to a 'war premium' of $7-$8.

- **Sanctions on Russian Oil**: Tightening sanctions reduce Russia's oil revenue and export capabilities, impacting global supply and pricing dynamics, while OPEC+ adjusts production strategies.

- **U.S. Oil Rig Count Decline**: A slight decrease in oil rigs indicates a potential slowdown in U.S. production growth amidst price volatility, although production is projected to increase in the coming years.

- **Oversupply and Demand Issues**: Goldman Sachs warns that oversupply and sluggish demand may keep Brent crude prices below $60 per barrel, with non-OPEC production expected to rise.

- **ONGC Operational Crisis**: A 16-day blowout at an oil well in Assam raises safety and accountability concerns, impacting local economies and investor confidence.

- **Ceasefire Effects**: Recent ceasefires in the Middle East lead to temporary price corrections, but ongoing geopolitical instability continues to pose risks to oil markets.

- **U.S. Crude Inventory Drop**: A significant decline of 5.8 million barrels in U.S. crude oil inventories signals tightening supply, potentially leading to higher prices.

- **10% Tariff on Oil Imports**: Tariffs on imports from Canada and Mexico threaten U.S. supply chains and could lead to higher consumer prices.

- **U.S. Strategic Petroleum Reserve Delays**: Delays in refilling the SPR raise concerns about domestic oil supply stability amid geopolitical uncertainties.

- **Kazakhstan's Export Decline**: A drop in crude oil exports to Germany reflects broader regional supply challenges influenced by OPEC+ dynamics.

- **Environmental Regulations Impact**: Ongoing debates over environmental regulations in North America could significantly affect oil production capabilities and market dynamics.","U.S. Strategic Petroleum Reserve Faces Refill Delays, Threatening Oil Supply Stability","The U.S. Strategic Petroleum Reserve (SPR) is currently facing significant issues, including a lack of imminent plans to refill it, as indicated by White House Press Secretary Karoline Leavitt. This policy decision raises concerns about domestic oil supply and market confidence, particularly during periods of geopolitical uncertainty, potentially leading to increased volatility in oil prices. Additionally, the U.S. Department of Energy has announced delays in the scheduled deliveries of crude oil to the SPR due to maintenance issues, extending the timeline for refilling by up to seven months. These setbacks hinder the government's ability to stabilize oil prices and ensure energy security, complicating the Biden administration's efforts to support the domestic oil industry and affecting market perceptions of U.S. oil supply stability.",ETEnergyworld,US will not complete oil deliveries into its reserve until year-end,"President Donald Trump vowed on his first day in office in January to fill the SPR ""right to the top"", in an effort to support the domestic oil industry, but it is taking time.
Energy Secretary Chris Wright has estimated it would take $20 billion and years to refill the reserve to the level it was before the sales. Trump's tax-and-spending bill allocates about $1.5 billion for purchases and SPR maintenance.",2,"Refilling the U.S. Strategic Petroleum Reserve is delayed and costly, with estimates of $20 billion and years needed to restore it to pre-sale levels, jeopardizing oil supply stability.",2,Moderate,Negative,High
2025-06-27,"- **China's Economic Stimulus**: Increased oil imports from Iran driven by economic recovery and independent refineries, likely to exert upward pressure on global oil prices.

- **Israel-Iran Tensions**: Escalating conflicts threaten to disrupt oil shipments through the Strait of Hormuz, with potential price spikes up to $120 per barrel due to a 'war premium' of $7-$8.

- **Sanctions on Russian Oil**: Tightening sanctions reduce Russia's oil revenue and export capabilities, impacting global supply and pricing dynamics, while OPEC+ adjusts production strategies.

- **U.S. Oil Rig Count Decline**: A slight decrease in oil rigs indicates a potential slowdown in U.S. production growth amidst price volatility, although production is projected to increase in the coming years.

- **Oversupply and Demand Issues**: Goldman Sachs warns that oversupply and sluggish demand may keep Brent crude prices below $60 per barrel, with non-OPEC production expected to rise.

- **ONGC Operational Crisis**: A 16-day blowout at an oil well in Assam raises safety and accountability concerns, impacting local economies and investor confidence.

- **Ceasefire Effects**: Recent ceasefires in the Middle East lead to temporary price corrections, but ongoing geopolitical instability continues to pose risks to oil markets.

- **U.S. Crude Inventory Drop**: A significant decline of 5.8 million barrels in U.S. crude oil inventories signals tightening supply, potentially leading to higher prices.

- **10% Tariff on Oil Imports**: Tariffs on imports from Canada and Mexico threaten U.S. supply chains and could lead to higher consumer prices.

- **U.S. Strategic Petroleum Reserve Delays**: Delays in refilling the SPR raise concerns about domestic oil supply stability amid geopolitical uncertainties.

- **Kazakhstan's Export Decline**: A drop in crude oil exports to Germany reflects broader regional supply challenges influenced by OPEC+ dynamics.

- **Environmental Regulations Impact**: Ongoing debates over environmental regulations in North America could significantly affect oil production capabilities and market dynamics.",Escalating Israel-Iran Tensions Threaten to Drive Oil Prices to $120 per Barrel,"The ongoing tensions between Israel and Iran significantly impact global oil prices, primarily due to the strategic importance of the Strait of Hormuz, a vital shipping route through which a substantial portion of the world's oil supply is transported. Experts warn that escalating conflicts could disrupt oil shipments, potentially driving prices up to $120 per barrel. The situation is exacerbated by military actions, including missile strikes and U.S. military posturing, which have already led to increased volatility in oil markets. The fear of supply disruptions has created a 'war premium' of $7-$8 per barrel, reflecting the market's sensitivity to geopolitical developments. Countries heavily reliant on oil imports, such as India, face heightened vulnerability to price fluctuations driven by these tensions. Analysts are closely monitoring the situation, as any escalation could lead to significant price shocks and further complicate the delicate balance of oil supply and demand. Recent ceasefires have temporarily alleviated fears of immediate supply disruptions, resulting in price corrections, but the overall instability in the region continues to pose risks to global oil markets.",Yahoo! Finance,Oil Prices Set For Weekly Loss as War Premium Evaporates,"Crude oil prices were set to end the week lower than they started it as Israel and Iran stopped bombing each other, alleviating fears of a supply disruption in the Middle East.
At the time of writing, Brent crude was trading at $68 per barrel, with West Texas Intermediate at $65.55 per barrel. That's down from over $77 for Brent crude and $73 per barrel for WTI at the end of last week.",3,"Recent cessation of hostilities between Israel and Iran has led to a temporary decline in crude oil prices, easing concerns over potential supply disruptions in the Middle East.",3,Moderate,Positive,High
2025-06-27,"- **China's Economic Stimulus**: Increased oil imports from Iran driven by economic recovery and independent refineries, likely to exert upward pressure on global oil prices.

- **Israel-Iran Tensions**: Escalating conflicts threaten to disrupt oil shipments through the Strait of Hormuz, with potential price spikes up to $120 per barrel due to a 'war premium' of $7-$8.

- **Sanctions on Russian Oil**: Tightening sanctions reduce Russia's oil revenue and export capabilities, impacting global supply and pricing dynamics, while OPEC+ adjusts production strategies.

- **U.S. Oil Rig Count Decline**: A slight decrease in oil rigs indicates a potential slowdown in U.S. production growth amidst price volatility, although production is projected to increase in the coming years.

- **Oversupply and Demand Issues**: Goldman Sachs warns that oversupply and sluggish demand may keep Brent crude prices below $60 per barrel, with non-OPEC production expected to rise.

- **ONGC Operational Crisis**: A 16-day blowout at an oil well in Assam raises safety and accountability concerns, impacting local economies and investor confidence.

- **Ceasefire Effects**: Recent ceasefires in the Middle East lead to temporary price corrections, but ongoing geopolitical instability continues to pose risks to oil markets.

- **U.S. Crude Inventory Drop**: A significant decline of 5.8 million barrels in U.S. crude oil inventories signals tightening supply, potentially leading to higher prices.

- **10% Tariff on Oil Imports**: Tariffs on imports from Canada and Mexico threaten U.S. supply chains and could lead to higher consumer prices.

- **U.S. Strategic Petroleum Reserve Delays**: Delays in refilling the SPR raise concerns about domestic oil supply stability amid geopolitical uncertainties.

- **Kazakhstan's Export Decline**: A drop in crude oil exports to Germany reflects broader regional supply challenges influenced by OPEC+ dynamics.

- **Environmental Regulations Impact**: Ongoing debates over environmental regulations in North America could significantly affect oil production capabilities and market dynamics.","U.S. Crude Oil Inventories Plunge 5.8 Million Barrels, Signaling Tightening Supply and Rising Prices","Recent data from the Energy Information Administration (EIA) and the American Petroleum Institute (API) indicate a significant decline in U.S. crude oil inventories, with a reported drop of 5.836 million barrels for the week ending June 20, exceeding market expectations of a 0.75 million barrel decrease. This decline follows a previous week where inventories fell by over 10 million barrels, marking an 11-year seasonal low. The reduction in stockpiles, alongside rising refining activity and increased demand, suggests a tightening supply situation that could exert upward pressure on crude oil prices. Analysts are closely monitoring these trends as they reflect the balance of supply and demand dynamics in the U.S. oil market, particularly in the context of ongoing geopolitical tensions and economic recovery efforts. Additionally, the growth of U.S. crude oil exports is driving demand for transportation and logistics services, prompting companies like Enbridge to consider investments in infrastructure to support this expanding export capacity.",TankTerminals.com,Enbridge Considers Adding...,"Anticipating Rising Exports
U.S. crude oil exports continue to grow, increasing pressure on existing transportation capacities. This trend generates increased demand for robust logistics services between producing regions, primarily located in the Midwest and Southwest U.S., and Gulf Coast export ports. In response, Enbridge is closely evaluating investments to facilitate crude oil flows to these strategic locations.",2,"Growing U.S. crude oil exports are straining transportation capacities, prompting Enbridge to consider investments to enhance logistics between production areas and Gulf Coast ports, amidst a backdrop of declining inventories and rising prices.",2,Moderate,Positive,High
2025-06-27,"- **China's Economic Stimulus**: Increased oil imports from Iran driven by economic recovery and independent refineries, likely to exert upward pressure on global oil prices.

- **Israel-Iran Tensions**: Escalating conflicts threaten to disrupt oil shipments through the Strait of Hormuz, with potential price spikes up to $120 per barrel due to a 'war premium' of $7-$8.

- **Sanctions on Russian Oil**: Tightening sanctions reduce Russia's oil revenue and export capabilities, impacting global supply and pricing dynamics, while OPEC+ adjusts production strategies.

- **U.S. Oil Rig Count Decline**: A slight decrease in oil rigs indicates a potential slowdown in U.S. production growth amidst price volatility, although production is projected to increase in the coming years.

- **Oversupply and Demand Issues**: Goldman Sachs warns that oversupply and sluggish demand may keep Brent crude prices below $60 per barrel, with non-OPEC production expected to rise.

- **ONGC Operational Crisis**: A 16-day blowout at an oil well in Assam raises safety and accountability concerns, impacting local economies and investor confidence.

- **Ceasefire Effects**: Recent ceasefires in the Middle East lead to temporary price corrections, but ongoing geopolitical instability continues to pose risks to oil markets.

- **U.S. Crude Inventory Drop**: A significant decline of 5.8 million barrels in U.S. crude oil inventories signals tightening supply, potentially leading to higher prices.

- **10% Tariff on Oil Imports**: Tariffs on imports from Canada and Mexico threaten U.S. supply chains and could lead to higher consumer prices.

- **U.S. Strategic Petroleum Reserve Delays**: Delays in refilling the SPR raise concerns about domestic oil supply stability amid geopolitical uncertainties.

- **Kazakhstan's Export Decline**: A drop in crude oil exports to Germany reflects broader regional supply challenges influenced by OPEC+ dynamics.

- **Environmental Regulations Impact**: Ongoing debates over environmental regulations in North America could significantly affect oil production capabilities and market dynamics.","U.S. Crude Oil Inventories Plunge 5.8 Million Barrels, Signaling Tightening Supply and Rising Prices","Recent data from the Energy Information Administration (EIA) and the American Petroleum Institute (API) indicate a significant decline in U.S. crude oil inventories, with a reported drop of 5.836 million barrels for the week ending June 20, exceeding market expectations of a 0.75 million barrel decrease. This decline follows a previous week where inventories fell by over 10 million barrels, marking an 11-year seasonal low. The reduction in stockpiles, alongside rising refining activity and increased demand, suggests a tightening supply situation that could exert upward pressure on crude oil prices. Analysts are closely monitoring these trends as they reflect the balance of supply and demand dynamics in the U.S. oil market, particularly in the context of ongoing geopolitical tensions and economic recovery efforts. Additionally, the growth of U.S. crude oil exports is driving demand for transportation and logistics services, prompting companies like Enbridge to consider investments in infrastructure to support this expanding export capacity.",TankTerminals.com,Enbridge Considers Adding...,"Strategic Expansion toward Corpus Christi and Houston
Enbridge already maintains extensive infrastructure in the region, including the Houston Oil Terminal (EHOT) at Jones Creek, expected to begin operations by 2026. This terminal will have significant storage capacity capable of receiving and shipping approximately 930,000 barrels per day (b/d). The company also plans to invest around $700 million in constructing the Canyon Oil Pipeline System, capable of transporting 200,000 b/d of crude oil, and the Canyon Gathering System, a dedicated natural gas network with a capacity of 125 million cubic feet per day (MMcf/d). These facilities will primarily support the offshore development of the Kaskida oil field.",2,"Enbridge's strategic investments in the Houston region, including a new oil terminal and pipeline systems, aim to enhance crude oil transportation and storage capacity, coinciding with a significant drop in U.S. crude oil inventories, indicating a tightening supply and potential price increases.",2,Moderate,Positive,High
2025-06-27,"- **China's Economic Stimulus**: Increased oil imports from Iran driven by economic recovery and independent refineries, likely to exert upward pressure on global oil prices.

- **Israel-Iran Tensions**: Escalating conflicts threaten to disrupt oil shipments through the Strait of Hormuz, with potential price spikes up to $120 per barrel due to a 'war premium' of $7-$8.

- **Sanctions on Russian Oil**: Tightening sanctions reduce Russia's oil revenue and export capabilities, impacting global supply and pricing dynamics, while OPEC+ adjusts production strategies.

- **U.S. Oil Rig Count Decline**: A slight decrease in oil rigs indicates a potential slowdown in U.S. production growth amidst price volatility, although production is projected to increase in the coming years.

- **Oversupply and Demand Issues**: Goldman Sachs warns that oversupply and sluggish demand may keep Brent crude prices below $60 per barrel, with non-OPEC production expected to rise.

- **ONGC Operational Crisis**: A 16-day blowout at an oil well in Assam raises safety and accountability concerns, impacting local economies and investor confidence.

- **Ceasefire Effects**: Recent ceasefires in the Middle East lead to temporary price corrections, but ongoing geopolitical instability continues to pose risks to oil markets.

- **U.S. Crude Inventory Drop**: A significant decline of 5.8 million barrels in U.S. crude oil inventories signals tightening supply, potentially leading to higher prices.

- **10% Tariff on Oil Imports**: Tariffs on imports from Canada and Mexico threaten U.S. supply chains and could lead to higher consumer prices.

- **U.S. Strategic Petroleum Reserve Delays**: Delays in refilling the SPR raise concerns about domestic oil supply stability amid geopolitical uncertainties.

- **Kazakhstan's Export Decline**: A drop in crude oil exports to Germany reflects broader regional supply challenges influenced by OPEC+ dynamics.

- **Environmental Regulations Impact**: Ongoing debates over environmental regulations in North America could significantly affect oil production capabilities and market dynamics.",Escalating Israel-Iran Tensions Threaten to Drive Oil Prices to $120 per Barrel,"The ongoing tensions between Israel and Iran significantly impact global oil prices, primarily due to the strategic importance of the Strait of Hormuz, a vital shipping route through which a substantial portion of the world's oil supply is transported. Experts warn that escalating conflicts could disrupt oil shipments, potentially driving prices up to $120 per barrel. The situation is exacerbated by military actions, including missile strikes and U.S. military posturing, which have already led to increased volatility in oil markets. The fear of supply disruptions has created a 'war premium' of $7-$8 per barrel, reflecting the market's sensitivity to geopolitical developments. Countries heavily reliant on oil imports, such as India, face heightened vulnerability to price fluctuations driven by these tensions. Analysts are closely monitoring the situation, as any escalation could lead to significant price shocks and further complicate the delicate balance of oil supply and demand. Recent ceasefires have temporarily alleviated fears of immediate supply disruptions, resulting in price corrections, but the overall instability in the region continues to pose risks to global oil markets.",The Times Of India,Crude oil price to slump? Prices set for biggest weekly drop since March 2023; supply risk premium from Israel-Iran conflict fades,"Oil prices are set for their largest weekly decline since March 2023 as concerns about supply disruptions from the Iran-Israel conflict have diminished. Despite a slight intraday increase, both Brent and WTI crude benchmarks are poised for a roughly 12% weekly drop. Analysts cite an oversupplied market and revised price forecasts, while U.S. Oil prices were on track for their biggest weekly decline since March 2023, as fears of supply disruptions from the Iran-Israel conflict faded, erasing any risk-driven premiums. As of 0637 GMT on Friday, Brent crude futures were up 36 cents, or 0.53 per cent, at $68.09 per barrel, while US West Texas Intermediate (WTI) crude rose 33 cents, or 0.51 per cent, to $65.57.",3,"Despite initial fears of supply disruptions due to escalating Israel-Iran tensions, oil prices are experiencing their largest weekly decline since March 2023, with Brent and WTI benchmarks dropping approximately 12% as market oversupply and revised forecasts diminish risk-driven premiums.",3,Moderate,Positive,High
2025-06-27,"- **China's Economic Stimulus**: Increased oil imports from Iran driven by economic recovery and independent refineries, likely to exert upward pressure on global oil prices.

- **Israel-Iran Tensions**: Escalating conflicts threaten to disrupt oil shipments through the Strait of Hormuz, with potential price spikes up to $120 per barrel due to a 'war premium' of $7-$8.

- **Sanctions on Russian Oil**: Tightening sanctions reduce Russia's oil revenue and export capabilities, impacting global supply and pricing dynamics, while OPEC+ adjusts production strategies.

- **U.S. Oil Rig Count Decline**: A slight decrease in oil rigs indicates a potential slowdown in U.S. production growth amidst price volatility, although production is projected to increase in the coming years.

- **Oversupply and Demand Issues**: Goldman Sachs warns that oversupply and sluggish demand may keep Brent crude prices below $60 per barrel, with non-OPEC production expected to rise.

- **ONGC Operational Crisis**: A 16-day blowout at an oil well in Assam raises safety and accountability concerns, impacting local economies and investor confidence.

- **Ceasefire Effects**: Recent ceasefires in the Middle East lead to temporary price corrections, but ongoing geopolitical instability continues to pose risks to oil markets.

- **U.S. Crude Inventory Drop**: A significant decline of 5.8 million barrels in U.S. crude oil inventories signals tightening supply, potentially leading to higher prices.

- **10% Tariff on Oil Imports**: Tariffs on imports from Canada and Mexico threaten U.S. supply chains and could lead to higher consumer prices.

- **U.S. Strategic Petroleum Reserve Delays**: Delays in refilling the SPR raise concerns about domestic oil supply stability amid geopolitical uncertainties.

- **Kazakhstan's Export Decline**: A drop in crude oil exports to Germany reflects broader regional supply challenges influenced by OPEC+ dynamics.

- **Environmental Regulations Impact**: Ongoing debates over environmental regulations in North America could significantly affect oil production capabilities and market dynamics.",Escalating Israel-Iran Tensions Threaten to Drive Oil Prices to $120 per Barrel,"The ongoing tensions between Israel and Iran significantly impact global oil prices, primarily due to the strategic importance of the Strait of Hormuz, a vital shipping route through which a substantial portion of the world's oil supply is transported. Experts warn that escalating conflicts could disrupt oil shipments, potentially driving prices up to $120 per barrel. The situation is exacerbated by military actions, including missile strikes and U.S. military posturing, which have already led to increased volatility in oil markets. The fear of supply disruptions has created a 'war premium' of $7-$8 per barrel, reflecting the market's sensitivity to geopolitical developments. Countries heavily reliant on oil imports, such as India, face heightened vulnerability to price fluctuations driven by these tensions. Analysts are closely monitoring the situation, as any escalation could lead to significant price shocks and further complicate the delicate balance of oil supply and demand. Recent ceasefires have temporarily alleviated fears of immediate supply disruptions, resulting in price corrections, but the overall instability in the region continues to pose risks to global oil markets.",NewTelegraph,"FX Inflows, Dip In Money Supply Sustaining Price Stability","Analysts said the various oil price shocks, Covid-19 pandemic, and most recently, the war between Russia and Ukraine, and Israel and Iran have resulted in various shocks to the global economy, requiring changing responses to subdue the monetary and fiscal authorities in the advanced and emerging market economies.",3,"Analysts indicate that geopolitical conflicts, including the Israel-Iran tensions, alongside previous global crises, are contributing to economic instability and could push oil prices to $120 per barrel.",3,Moderate,Positive,High
2025-06-27,"- **China's Economic Stimulus**: Increased oil imports from Iran driven by economic recovery and independent refineries, likely to exert upward pressure on global oil prices.

- **Israel-Iran Tensions**: Escalating conflicts threaten to disrupt oil shipments through the Strait of Hormuz, with potential price spikes up to $120 per barrel due to a 'war premium' of $7-$8.

- **Sanctions on Russian Oil**: Tightening sanctions reduce Russia's oil revenue and export capabilities, impacting global supply and pricing dynamics, while OPEC+ adjusts production strategies.

- **U.S. Oil Rig Count Decline**: A slight decrease in oil rigs indicates a potential slowdown in U.S. production growth amidst price volatility, although production is projected to increase in the coming years.

- **Oversupply and Demand Issues**: Goldman Sachs warns that oversupply and sluggish demand may keep Brent crude prices below $60 per barrel, with non-OPEC production expected to rise.

- **ONGC Operational Crisis**: A 16-day blowout at an oil well in Assam raises safety and accountability concerns, impacting local economies and investor confidence.

- **Ceasefire Effects**: Recent ceasefires in the Middle East lead to temporary price corrections, but ongoing geopolitical instability continues to pose risks to oil markets.

- **U.S. Crude Inventory Drop**: A significant decline of 5.8 million barrels in U.S. crude oil inventories signals tightening supply, potentially leading to higher prices.

- **10% Tariff on Oil Imports**: Tariffs on imports from Canada and Mexico threaten U.S. supply chains and could lead to higher consumer prices.

- **U.S. Strategic Petroleum Reserve Delays**: Delays in refilling the SPR raise concerns about domestic oil supply stability amid geopolitical uncertainties.

- **Kazakhstan's Export Decline**: A drop in crude oil exports to Germany reflects broader regional supply challenges influenced by OPEC+ dynamics.

- **Environmental Regulations Impact**: Ongoing debates over environmental regulations in North America could significantly affect oil production capabilities and market dynamics.",10% Tariff on Oil Imports Threatens U.S. Supply Chains and Prices,"The imposition of a 10% tariff on oil imports, particularly affecting major suppliers Canada and Mexico, poses significant challenges for the U.S. oil market. With approximately 60% of U.S. crude oil imports sourced from Canada, these tariffs could disrupt supply chains, leading to higher consumer prices and potential shifts in refining capacity. The ongoing legal proceedings involving Citgo Petroleum, a Venezuelan-owned U.S. refiner, further complicate the landscape, as they highlight the complexities of international oil markets and U.S. policy impacts. Additionally, the emergency request by Gold Reserve regarding a U.S. Treasury Department license indicates potential changes in ownership and operational control of key refining assets, which could have lasting implications for the availability of Venezuelan crude oil amidst its economic challenges. Overall, the uncertainty surrounding trade negotiations and tariff increases is likely to influence crude oil prices and availability in the U.S.",Japan Today,Trump says he's ending trade talks with Canada over its tax on technology firms,"He is also charging a 10% tax on imports from most countries, though he could raise rates on July 9, after the 90-day negotiating period he set would expire. Canada and Mexico face separate tariffs of as much as 25% that Trump put into place under the auspices of stopping fentanyl smuggling, though some products are still protected under the 2020 U.S.-Mexico-Canada Agreement signed during Trump's first term. Addressing reporters after a private meeting with Republican senators Friday, Treasury Secretary Scott Bessent declined to comment on news that Trump had ended trade talks with Canada. ""I was in the meeting,"" Bessent said before moving on to the next question. About 60% of U.S. crude oil imports are from Canada, and 85% of U.S. electricity imports as well.",1,"The imposition of a 10% tariff on oil imports, particularly from Canada, threatens to disrupt U.S. supply chains and increase prices, as Canada supplies 60% of U.S. crude oil imports.",1,Moderate,Negative,High
2025-06-27,"- **China's Economic Stimulus**: Increased oil imports from Iran driven by economic recovery and independent refineries, likely to exert upward pressure on global oil prices.

- **Israel-Iran Tensions**: Escalating conflicts threaten to disrupt oil shipments through the Strait of Hormuz, with potential price spikes up to $120 per barrel due to a 'war premium' of $7-$8.

- **Sanctions on Russian Oil**: Tightening sanctions reduce Russia's oil revenue and export capabilities, impacting global supply and pricing dynamics, while OPEC+ adjusts production strategies.

- **U.S. Oil Rig Count Decline**: A slight decrease in oil rigs indicates a potential slowdown in U.S. production growth amidst price volatility, although production is projected to increase in the coming years.

- **Oversupply and Demand Issues**: Goldman Sachs warns that oversupply and sluggish demand may keep Brent crude prices below $60 per barrel, with non-OPEC production expected to rise.

- **ONGC Operational Crisis**: A 16-day blowout at an oil well in Assam raises safety and accountability concerns, impacting local economies and investor confidence.

- **Ceasefire Effects**: Recent ceasefires in the Middle East lead to temporary price corrections, but ongoing geopolitical instability continues to pose risks to oil markets.

- **U.S. Crude Inventory Drop**: A significant decline of 5.8 million barrels in U.S. crude oil inventories signals tightening supply, potentially leading to higher prices.

- **10% Tariff on Oil Imports**: Tariffs on imports from Canada and Mexico threaten U.S. supply chains and could lead to higher consumer prices.

- **U.S. Strategic Petroleum Reserve Delays**: Delays in refilling the SPR raise concerns about domestic oil supply stability amid geopolitical uncertainties.

- **Kazakhstan's Export Decline**: A drop in crude oil exports to Germany reflects broader regional supply challenges influenced by OPEC+ dynamics.

- **Environmental Regulations Impact**: Ongoing debates over environmental regulations in North America could significantly affect oil production capabilities and market dynamics.",Environmental Regulations Shape Oil Production Landscape Across North America,"The impact of environmental regulations on oil production is evident in various ongoing debates and actions across North America. In Canada, the proposed crude oil pipeline from Alberta to British Columbia faces opposition from B.C. Premier David Eby, who questions the financial viability of the project given the existing Trans Mountain pipeline's capacity. This situation underscores the need for intergovernmental consensus and highlights concerns about environmental impacts and economic sustainability in energy projects. In California, proposed rollbacks of regulatory measures for oil refinery operations have ignited discussions among public interest groups advocating for strict accountability to prevent price gouging and protect consumers. These changes could significantly affect the profitability of refiners and gasoline prices. Meanwhile, the U.S. Department of the Interior's efforts to expedite approvals for offshore drilling raise alarms about potential environmental risks, as reduced review timeframes may lead to increased production at the expense of safety. Overall, the regulatory landscape is crucial for oil companies, influencing their operational capabilities and shaping market dynamics.",Benzinga,"50+ Environmental and Public Interest Groups Oppose CA Oil Refiner Bailout, Urge State to Stand Strong on Accountability, Says Consumer Watchdog","SACRAMENTO, Calif., June 27, 2025 /PRNewswire/ -- As the California Energy Commission (CEC) proposed a list of oil refinery strategies to Governor Newsom, including key regulatory rollbacks, 51 public interest and environmental groups are urging the state to stand strong on refinery accountability and consumer protection in a letter to Governor Newsom, Senate Pro Tem Mike McGuire and Assembly Speaker Robert Rivas.",3,"Environmental groups in California are advocating for stringent refinery regulations amidst proposed rollbacks by the CEC, highlighting the ongoing tension between regulatory frameworks and oil production practices in North America.",3,Old,Negative,High
2025-06-27,"- **China's Economic Stimulus**: Increased oil imports from Iran driven by economic recovery and independent refineries, likely to exert upward pressure on global oil prices.

- **Israel-Iran Tensions**: Escalating conflicts threaten to disrupt oil shipments through the Strait of Hormuz, with potential price spikes up to $120 per barrel due to a 'war premium' of $7-$8.

- **Sanctions on Russian Oil**: Tightening sanctions reduce Russia's oil revenue and export capabilities, impacting global supply and pricing dynamics, while OPEC+ adjusts production strategies.

- **U.S. Oil Rig Count Decline**: A slight decrease in oil rigs indicates a potential slowdown in U.S. production growth amidst price volatility, although production is projected to increase in the coming years.

- **Oversupply and Demand Issues**: Goldman Sachs warns that oversupply and sluggish demand may keep Brent crude prices below $60 per barrel, with non-OPEC production expected to rise.

- **ONGC Operational Crisis**: A 16-day blowout at an oil well in Assam raises safety and accountability concerns, impacting local economies and investor confidence.

- **Ceasefire Effects**: Recent ceasefires in the Middle East lead to temporary price corrections, but ongoing geopolitical instability continues to pose risks to oil markets.

- **U.S. Crude Inventory Drop**: A significant decline of 5.8 million barrels in U.S. crude oil inventories signals tightening supply, potentially leading to higher prices.

- **10% Tariff on Oil Imports**: Tariffs on imports from Canada and Mexico threaten U.S. supply chains and could lead to higher consumer prices.

- **U.S. Strategic Petroleum Reserve Delays**: Delays in refilling the SPR raise concerns about domestic oil supply stability amid geopolitical uncertainties.

- **Kazakhstan's Export Decline**: A drop in crude oil exports to Germany reflects broader regional supply challenges influenced by OPEC+ dynamics.

- **Environmental Regulations Impact**: Ongoing debates over environmental regulations in North America could significantly affect oil production capabilities and market dynamics.",Environmental Regulations Shape Oil Production Landscape Across North America,"The impact of environmental regulations on oil production is evident in various ongoing debates and actions across North America. In Canada, the proposed crude oil pipeline from Alberta to British Columbia faces opposition from B.C. Premier David Eby, who questions the financial viability of the project given the existing Trans Mountain pipeline's capacity. This situation underscores the need for intergovernmental consensus and highlights concerns about environmental impacts and economic sustainability in energy projects. In California, proposed rollbacks of regulatory measures for oil refinery operations have ignited discussions among public interest groups advocating for strict accountability to prevent price gouging and protect consumers. These changes could significantly affect the profitability of refiners and gasoline prices. Meanwhile, the U.S. Department of the Interior's efforts to expedite approvals for offshore drilling raise alarms about potential environmental risks, as reduced review timeframes may lead to increased production at the expense of safety. Overall, the regulatory landscape is crucial for oil companies, influencing their operational capabilities and shaping market dynamics.",Benzinga,"50+ Environmental and Public Interest Groups Oppose CA Oil Refiner Bailout, Urge State to Stand Strong on Accountability, Says Consumer Watchdog","Among the rollbacks proposed are a pause on developing the price gouging penalty rule enacted by the legislature in 2023 and increased oil well permitting in Kern County.
The groups pointed to new state data showing oil refiners making a killing off California consumers - with a combined gross refining margin and distribution margin of $1.71 in April, twice the national and historical averages.
""California oil refiners do not need a bailout. New data posted by the California Energy Commission shows oil refiners made a retail gross refining profit margin of $1.02 per gallon in April,"" the groups wrote in the letter. ""In addition, the data shows that the distribution margin, which includes the Mystery Gasoline Surcharge, was .69 cents per gallon in April. Combined these extraordinary profit and overhead costs add more to a gallon of gasoline than the cost of crude oil, as CEC created graphic below shows.""",3,"Proposed rollbacks in California's oil regulations, including a pause on price gouging penalties and increased permitting, highlight the significant profits of oil refiners amid rising consumer costs, reflecting the complex interplay between environmental regulations and oil production dynamics in North America.",3,Old,Negative,High
2025-06-27,"- **China's Economic Stimulus**: Increased oil imports from Iran driven by economic recovery and independent refineries, likely to exert upward pressure on global oil prices.

- **Israel-Iran Tensions**: Escalating conflicts threaten to disrupt oil shipments through the Strait of Hormuz, with potential price spikes up to $120 per barrel due to a 'war premium' of $7-$8.

- **Sanctions on Russian Oil**: Tightening sanctions reduce Russia's oil revenue and export capabilities, impacting global supply and pricing dynamics, while OPEC+ adjusts production strategies.

- **U.S. Oil Rig Count Decline**: A slight decrease in oil rigs indicates a potential slowdown in U.S. production growth amidst price volatility, although production is projected to increase in the coming years.

- **Oversupply and Demand Issues**: Goldman Sachs warns that oversupply and sluggish demand may keep Brent crude prices below $60 per barrel, with non-OPEC production expected to rise.

- **ONGC Operational Crisis**: A 16-day blowout at an oil well in Assam raises safety and accountability concerns, impacting local economies and investor confidence.

- **Ceasefire Effects**: Recent ceasefires in the Middle East lead to temporary price corrections, but ongoing geopolitical instability continues to pose risks to oil markets.

- **U.S. Crude Inventory Drop**: A significant decline of 5.8 million barrels in U.S. crude oil inventories signals tightening supply, potentially leading to higher prices.

- **10% Tariff on Oil Imports**: Tariffs on imports from Canada and Mexico threaten U.S. supply chains and could lead to higher consumer prices.

- **U.S. Strategic Petroleum Reserve Delays**: Delays in refilling the SPR raise concerns about domestic oil supply stability amid geopolitical uncertainties.

- **Kazakhstan's Export Decline**: A drop in crude oil exports to Germany reflects broader regional supply challenges influenced by OPEC+ dynamics.

- **Environmental Regulations Impact**: Ongoing debates over environmental regulations in North America could significantly affect oil production capabilities and market dynamics.",China's Oil Demand Surge Driven by U.S. Sanctions on Iran and Strategic Diversification,"China's demand for oil is significantly influenced by its geopolitical strategies and economic considerations, particularly in the context of U.S. sanctions on Iranian oil. Despite these sanctions, China continues to import substantial volumes of Iranian crude, essential for its independent refineries, indicating a robust demand for discounted oil. This clandestine trade, facilitated by 'shadow fleet' tankers, not only supports Iran's economy but also impacts global oil pricing dynamics. Additionally, China's reluctance to increase imports of U.S. oil due to tariffs and political tensions further complicates its procurement patterns. The surge in imports from Iranian sources, driven by independent 'teapot' refineries and a strategic push to diversify energy sources, reflects China's efforts to secure supplies amid fluctuating global oil prices. Analysts are closely monitoring these trends, as China's increasing demand can significantly influence global oil supply dynamics and pricing structures, especially if OPEC+ continues to adjust production levels.",Crypto Wire,Hedera Faces Mounting Pressure - Will July Bring a Breakdown or a Bounce?,"This bearish trend in HBAR's derivatives positioning could feed into its spot price weakness, especially if not countered by positive market catalysts or a change in broader sentiment.
Moreover, readings from HBAR's Elder-Ray Index add to this negative outlook. As of this writing, the indicator stands at -0.011.",4,"China's oil demand surge is influenced by U.S. sanctions on Iran, prompting a strategic diversification of energy sources to mitigate risks and ensure supply stability.",4,New,Positive,High
2025-06-27,"- **China's Economic Stimulus**: Increased oil imports from Iran driven by economic recovery and independent refineries, likely to exert upward pressure on global oil prices.

- **Israel-Iran Tensions**: Escalating conflicts threaten to disrupt oil shipments through the Strait of Hormuz, with potential price spikes up to $120 per barrel due to a 'war premium' of $7-$8.

- **Sanctions on Russian Oil**: Tightening sanctions reduce Russia's oil revenue and export capabilities, impacting global supply and pricing dynamics, while OPEC+ adjusts production strategies.

- **U.S. Oil Rig Count Decline**: A slight decrease in oil rigs indicates a potential slowdown in U.S. production growth amidst price volatility, although production is projected to increase in the coming years.

- **Oversupply and Demand Issues**: Goldman Sachs warns that oversupply and sluggish demand may keep Brent crude prices below $60 per barrel, with non-OPEC production expected to rise.

- **ONGC Operational Crisis**: A 16-day blowout at an oil well in Assam raises safety and accountability concerns, impacting local economies and investor confidence.

- **Ceasefire Effects**: Recent ceasefires in the Middle East lead to temporary price corrections, but ongoing geopolitical instability continues to pose risks to oil markets.

- **U.S. Crude Inventory Drop**: A significant decline of 5.8 million barrels in U.S. crude oil inventories signals tightening supply, potentially leading to higher prices.

- **10% Tariff on Oil Imports**: Tariffs on imports from Canada and Mexico threaten U.S. supply chains and could lead to higher consumer prices.

- **U.S. Strategic Petroleum Reserve Delays**: Delays in refilling the SPR raise concerns about domestic oil supply stability amid geopolitical uncertainties.

- **Kazakhstan's Export Decline**: A drop in crude oil exports to Germany reflects broader regional supply challenges influenced by OPEC+ dynamics.

- **Environmental Regulations Impact**: Ongoing debates over environmental regulations in North America could significantly affect oil production capabilities and market dynamics.",China's Oil Demand Surge Driven by U.S. Sanctions on Iran and Strategic Diversification,"China's demand for oil is significantly influenced by its geopolitical strategies and economic considerations, particularly in the context of U.S. sanctions on Iranian oil. Despite these sanctions, China continues to import substantial volumes of Iranian crude, essential for its independent refineries, indicating a robust demand for discounted oil. This clandestine trade, facilitated by 'shadow fleet' tankers, not only supports Iran's economy but also impacts global oil pricing dynamics. Additionally, China's reluctance to increase imports of U.S. oil due to tariffs and political tensions further complicates its procurement patterns. The surge in imports from Iranian sources, driven by independent 'teapot' refineries and a strategic push to diversify energy sources, reflects China's efforts to secure supplies amid fluctuating global oil prices. Analysts are closely monitoring these trends, as China's increasing demand can significantly influence global oil supply dynamics and pricing structures, especially if OPEC+ continues to adjust production levels.",Livemint,Crude prices fall after report of OPEC  planning August output boost,"Meanwhile, data on Thursday showed that independently held gasoil stocks at the Amsterdam-Rotterdam-Antwerp (ARA) refining and storage hub fell to their lowest in over a year, while Singapore's middle distillates inventories declined as net exports climbed week on week.
Additionally, China's Iranian oil imports surged in June as shipments accelerated before the Israel-Iran conflict and demand from independent refineries improved, analysts said.",2,"China's oil demand surged in June, driven by increased Iranian imports and strategic diversification amid declining gasoil stocks in key refining hubs, influenced by U.S. sanctions on Iran.",2,New,Positive,High
2025-06-27,"- **China's Economic Stimulus**: Increased oil imports from Iran driven by economic recovery and independent refineries, likely to exert upward pressure on global oil prices.

- **Israel-Iran Tensions**: Escalating conflicts threaten to disrupt oil shipments through the Strait of Hormuz, with potential price spikes up to $120 per barrel due to a 'war premium' of $7-$8.

- **Sanctions on Russian Oil**: Tightening sanctions reduce Russia's oil revenue and export capabilities, impacting global supply and pricing dynamics, while OPEC+ adjusts production strategies.

- **U.S. Oil Rig Count Decline**: A slight decrease in oil rigs indicates a potential slowdown in U.S. production growth amidst price volatility, although production is projected to increase in the coming years.

- **Oversupply and Demand Issues**: Goldman Sachs warns that oversupply and sluggish demand may keep Brent crude prices below $60 per barrel, with non-OPEC production expected to rise.

- **ONGC Operational Crisis**: A 16-day blowout at an oil well in Assam raises safety and accountability concerns, impacting local economies and investor confidence.

- **Ceasefire Effects**: Recent ceasefires in the Middle East lead to temporary price corrections, but ongoing geopolitical instability continues to pose risks to oil markets.

- **U.S. Crude Inventory Drop**: A significant decline of 5.8 million barrels in U.S. crude oil inventories signals tightening supply, potentially leading to higher prices.

- **10% Tariff on Oil Imports**: Tariffs on imports from Canada and Mexico threaten U.S. supply chains and could lead to higher consumer prices.

- **U.S. Strategic Petroleum Reserve Delays**: Delays in refilling the SPR raise concerns about domestic oil supply stability amid geopolitical uncertainties.

- **Kazakhstan's Export Decline**: A drop in crude oil exports to Germany reflects broader regional supply challenges influenced by OPEC+ dynamics.

- **Environmental Regulations Impact**: Ongoing debates over environmental regulations in North America could significantly affect oil production capabilities and market dynamics.","Oversupply and Sluggish Demand Keep Brent Crude Prices Below $60, Warns Goldman Sachs","Local demand dynamics in oil regions are currently influenced by an oversupplied market, as indicated by Goldman Sachs, which anticipates a significant increase in non-OPEC production, particularly from new projects in Saudi Arabia and Qatar. This surge in supply, combined with sluggish demand growth, is expected to keep Brent crude prices below $60 per barrel. The International Energy Agency (IEA) corroborates this outlook, projecting that oil markets will remain well-supplied through 2030 unless disrupted by major geopolitical events. Such an imbalance poses challenges for exploration and production (E&P) companies, potentially squeezing cash flows and affecting investment decisions in oil-rich regions.",Yahoo! Finance,"Zacks Industry Outlook Highlights Vermilion Energy, VAALCO Energy and Capricorn Energy","The near-term looks oversupplied. Goldman Sachs highlights an expected surge in non-OPEC production (excluding U.S. shale), driven by new projects in Saudi Arabia and Qatar. Combined with growing natural gas liquids output, supply is set to outpace sluggish demand growth.
The IEA also echoes this, forecasting that oil markets will be well-supplied through 2030 unless disrupted by major geopolitical events. This imbalance threatens to keep Brent prices below $60, squeezing E&P cash flows significantly.",2,"Goldman Sachs warns that oversupply from rising non-OPEC production and sluggish demand growth will likely keep Brent crude prices below $60, impacting exploration and production cash flows.",2,Old,Negative,High
2025-06-27,"- **China's Economic Stimulus**: Increased oil imports from Iran driven by economic recovery and independent refineries, likely to exert upward pressure on global oil prices.

- **Israel-Iran Tensions**: Escalating conflicts threaten to disrupt oil shipments through the Strait of Hormuz, with potential price spikes up to $120 per barrel due to a 'war premium' of $7-$8.

- **Sanctions on Russian Oil**: Tightening sanctions reduce Russia's oil revenue and export capabilities, impacting global supply and pricing dynamics, while OPEC+ adjusts production strategies.

- **U.S. Oil Rig Count Decline**: A slight decrease in oil rigs indicates a potential slowdown in U.S. production growth amidst price volatility, although production is projected to increase in the coming years.

- **Oversupply and Demand Issues**: Goldman Sachs warns that oversupply and sluggish demand may keep Brent crude prices below $60 per barrel, with non-OPEC production expected to rise.

- **ONGC Operational Crisis**: A 16-day blowout at an oil well in Assam raises safety and accountability concerns, impacting local economies and investor confidence.

- **Ceasefire Effects**: Recent ceasefires in the Middle East lead to temporary price corrections, but ongoing geopolitical instability continues to pose risks to oil markets.

- **U.S. Crude Inventory Drop**: A significant decline of 5.8 million barrels in U.S. crude oil inventories signals tightening supply, potentially leading to higher prices.

- **10% Tariff on Oil Imports**: Tariffs on imports from Canada and Mexico threaten U.S. supply chains and could lead to higher consumer prices.

- **U.S. Strategic Petroleum Reserve Delays**: Delays in refilling the SPR raise concerns about domestic oil supply stability amid geopolitical uncertainties.

- **Kazakhstan's Export Decline**: A drop in crude oil exports to Germany reflects broader regional supply challenges influenced by OPEC+ dynamics.

- **Environmental Regulations Impact**: Ongoing debates over environmental regulations in North America could significantly affect oil production capabilities and market dynamics.",Environmental Regulations Shape Oil Production Landscape Across North America,"The impact of environmental regulations on oil production is evident in various ongoing debates and actions across North America. In Canada, the proposed crude oil pipeline from Alberta to British Columbia faces opposition from B.C. Premier David Eby, who questions the financial viability of the project given the existing Trans Mountain pipeline's capacity. This situation underscores the need for intergovernmental consensus and highlights concerns about environmental impacts and economic sustainability in energy projects. In California, proposed rollbacks of regulatory measures for oil refinery operations have ignited discussions among public interest groups advocating for strict accountability to prevent price gouging and protect consumers. These changes could significantly affect the profitability of refiners and gasoline prices. Meanwhile, the U.S. Department of the Interior's efforts to expedite approvals for offshore drilling raise alarms about potential environmental risks, as reduced review timeframes may lead to increased production at the expense of safety. Overall, the regulatory landscape is crucial for oil companies, influencing their operational capabilities and shaping market dynamics.",Sierra Club,Another Lawsuit Filed as Sierra Club FOIA Requests Again Unlawfully Ignored by Trump Administration,"In just the first few months of this Administration, Secretary Burgum and his staff have, among other things, opened vulnerable coastlines to offshore drilling; fast-tracked the approval of uranium mining in Utah without analyzing the impact it will have on people or the environment; approved the expansion of a Montana coal mine embroiled in allegations of bribery, drug trafficking, and other criminality; and refused to provide details about its plans to shrink at least six national monuments. Additionally, DOI has reduced timeframes for some environmental reviews to dangerously short periods-sometimes even just a matter of days-all but ensuring incomplete and unsafe work on extractive projects.",1,"Recent actions by Secretary Burgum's administration, including expedited approvals for offshore drilling and mining projects, highlight a trend of weakening environmental regulations that significantly impact oil production and extraction practices across North America.",1,Old,Negative,High
