Time Period,Date,Document ID,Sentence ID,Headline,Chunk Text,Motivation,Label,Entity,Country Code,Entity Type,Theme Matching Label,Theme Matching Motivation,motivation,label,daily summary,daily bullet points
Sep 2025,2025-09-19,41793F77F40E491B060BEFF13F3CA19D,41793F77F40E491B060BEFF13F3CA19D-3,"Big change for H-1Bs: Donald Trump signs order to increase annual visa application fee to $100,000; aim to protect US tech jobs","""I think they're going to be very happy,
"" Trump said, anticipating the tech industry's response to the changes.
Additionally, White House staff secretary Will Scharf said,
""One of the most abused visa systems is the H1-B non-immigrant visa programme. This is supposed to allow highly skilled labourers who work in fields that Americans don't work in to come into the United States of America. What this proclamation will do is raise the fee that companies pay to sponsor H-1B applicants to $100,000. This will ensure that the people they're bringing in are actually very highly skilled and that they're not replaceable by American workers.\""It is noteworthy that Melania Trump, formerly Melania Knauss, received an H-1B visa in October 1996 for modelling work; she hails from Slovenia.","The sentence discusses the proposed changes to the H-1B visa program, specifically mentioning an increase in fees for companies sponsoring H-1B applicants. This directly relates to the theme of a proposed tax impacting companies employing H-1B visa holders.",A proposed tax impacting companies employing H-1B visa holders.,Donald Trump,,PEOP,related,"The sentence explicitly mentions the increase in fees for H-1B visa sponsorship to $100,000, which directly relates to the theme of 'Introduction of a high fee on H-1B visas'.","Donald Trump explicitly said, 'I think they're going to be very happy,' which indicates his anticipation of the tech industry's response to the changes regarding the H-1B visa program.",quote,"Donald Trump expressed confidence that the tech industry will respond positively to the introduction of a high fee on H-1B visas, which aims to ensure that only highly skilled laborers are brought into the United States. The new fee is set at $100,000, and it is intended to prevent companies from replacing American workers with foreign labor. Trump emphasized the need for great workers and believes this measure will help achieve that goal.","""I think they're going to be very happy,"" Trump said, anticipating the tech industry's response to the changes.
""We need workers, we need great workers and this pretty much ensure that that's going to happen,"" Trump said."
Sep 2025,2025-09-19,5FC0D22740ABE91CA5B7A11EDFD1F4AC,5FC0D22740ABE91CA5B7A11EDFD1F4AC-2,Trump to require $100K fee for H-1B visa application,"""We need workers, we need great workers and this pretty much ensure that that's going to happen,"" Trump said.
Commerce Secretary Howard Lutnick said that the new fee will prevent companies from training foreign workers and instead encourage them to hire Americans on a new front in the Trump administration's crackdown on immigration.","The sentence discusses how the new fee will prevent companies from training foreign workers, which aligns with the theme that a new tax may hinder recruitment of skilled H-1B visa workers. It suggests a shift towards hiring Americans instead, indicating a potential prioritization of domestic candidates over H-1B visa applicants.",New tax may hinder recruitment of skilled H-1B visa workers.,Donald Trump,,PEOP,related,"The sentence discusses the introduction of a new fee for H-1B visas and its implications on hiring practices, which directly relates to the theme of 'Introduction of a high fee on H-1B visas'.","Donald Trump explicitly stated, 'We need workers, we need great workers and this pretty much ensure that that's going to happen,' which is a direct quote from him.",quote,"Donald Trump expressed confidence that the tech industry will respond positively to the introduction of a high fee on H-1B visas, which aims to ensure that only highly skilled laborers are brought into the United States. The new fee is set at $100,000, and it is intended to prevent companies from replacing American workers with foreign labor. Trump emphasized the need for great workers and believes this measure will help achieve that goal.","""I think they're going to be very happy,"" Trump said, anticipating the tech industry's response to the changes.
""We need workers, we need great workers and this pretty much ensure that that's going to happen,"" Trump said."
Sep 2025,2025-09-20,36BD6B9E7A66735302FC5FC079A8BB32,36BD6B9E7A66735302FC5FC079A8BB32-1,"Netizens react to $100000 H-1B visa hike; India set to gain, says Amitabh Kant","Share
Share
This move could have a significant impact on the global flow of skilled workers.
From left: U.S. President Trump and India's G20 Sherpa and Former CEO of NITIAayog, Amitabh Kant
The US has dealt a significant blow to global talent. H-1B visa fees have risen by up to $100,000. On Friday, President Donald Trump announced that companies will now have to pay this substantial sum on top of existing, modest fees to hire a foreign employee. This move could have a significant impact on the global flow of skilled workers.","The sentence discusses the increase in H-1B visa fees and its potential impact on the global flow of skilled workers, which aligns with the theme of a proposed tax impacting companies employing H-1B visa holders.",A proposed tax impacting companies employing H-1B visa holders.,Donald Trump,,PEOP,related,"The sentence explicitly mentions that H-1B visa fees have risen by up to $100,000 and discusses the implications of this increase, directly relating to the theme of 'Introduction of a high fee on H-1B visas'.","Donald Trump announced that companies will now have to pay this substantial sum on top of existing, modest fees to hire a foreign employee, which is a direct quote of what he said.",quote,"Today's quotes about Donald Trump primarily reinforce previous statements regarding the introduction of a high fee on H-1B visas. Trump continues to assert that the $100,000 fee will ensure that only highly skilled workers are brought into the United States, which he believes will benefit the tech industry. He maintains that the fee will deter companies from replacing American workers with foreign labor and will help cut taxes and pay down debt. Trump has accused IT outsourcing firms of abusing the H-1B program and labeled it a national security threat. The administration claims the fee will incentivize hiring American workers. New information includes Trump's statement that the fee will be used to cut taxes and pay down debt, and the confusion among businesses about the details of the H-1B order.","""The US has dealt a significant blow to global talent. H-1B visa fees have risen by up to $100,000."" - Quote_1
""We've spoken to them,"" said Lutnick, referring to technology CEOs, ""they're going to be very happy."" - Quote_2
""Trump accused IT outsourcing firms of 'systemic abuse' of the H-1B programme and branded it a 'national security threat.'"" - Quote_4
""Trump said that the country will use that amount to cut taxes and pay down debt. 'We think it's going to be very successful,' Trump said."" - Quote_5
""During a signing at the Oval Office Friday, Trump argued that America needs 'great workers' and that the newly imposed fee 'pretty much ensures that that's what's going to happen.'"" - Quote_6
""The company needs to decide... is the person valuable enough to have $100,000 a year payment to the government? Or they should head home and they should go hire an American,"" he told reporters."" - Quote_8"
Sep 2025,2025-09-20,B18823F3B31D71FDB520B6DA85EDFDD8,B18823F3B31D71FDB520B6DA85EDFDD8-19,"$100,000 toll on H-1B American dream","On whether the technology CEOs, who hire foreign workers on H1-B visas, are concerned about the new move, Trump said they're going to be very happy. ""We've spoken to them,"" said Lutnick.
The announcement sparked consternation among US-based IT professionals and Indian-American politicians who said the move will deter global talent and throttle innovation.","The sentence discusses concerns from US-based IT professionals and Indian-American politicians about the potential negative impact of the new tax on global talent and innovation, which aligns with the theme that the tax may hinder recruitment of skilled H-1B visa workers and impact innovation driven by H-1B visa talent.",New tax may hinder recruitment of skilled H-1B visa workers.,Donald Trump,,PEOP,related,"The sentence discusses the reaction of technology CEOs and US-based IT professionals to a new move related to H-1B visas, indicating a concern about the implications of a high fee on these visas. This connects to the theme of the introduction of a high fee on H-1B visas as it highlights the impact of such a fee on hiring foreign workers and innovation.",Donald Trump is quoted as saying that technology CEOs are going to be very happy about the new move regarding H-1B visas. This is a direct quote attributed to him.,quote,"Today's quotes about Donald Trump primarily reinforce previous statements regarding the introduction of a high fee on H-1B visas. Trump continues to assert that the $100,000 fee will ensure that only highly skilled workers are brought into the United States, which he believes will benefit the tech industry. He maintains that the fee will deter companies from replacing American workers with foreign labor and will help cut taxes and pay down debt. Trump has accused IT outsourcing firms of abusing the H-1B program and labeled it a national security threat. The administration claims the fee will incentivize hiring American workers. New information includes Trump's statement that the fee will be used to cut taxes and pay down debt, and the confusion among businesses about the details of the H-1B order.","""The US has dealt a significant blow to global talent. H-1B visa fees have risen by up to $100,000."" - Quote_1
""We've spoken to them,"" said Lutnick, referring to technology CEOs, ""they're going to be very happy."" - Quote_2
""Trump accused IT outsourcing firms of 'systemic abuse' of the H-1B programme and branded it a 'national security threat.'"" - Quote_4
""Trump said that the country will use that amount to cut taxes and pay down debt. 'We think it's going to be very successful,' Trump said."" - Quote_5
""During a signing at the Oval Office Friday, Trump argued that America needs 'great workers' and that the newly imposed fee 'pretty much ensures that that's what's going to happen.'"" - Quote_6
""The company needs to decide... is the person valuable enough to have $100,000 a year payment to the government? Or they should head home and they should go hire an American,"" he told reporters."" - Quote_8"
Sep 2025,2025-09-20,BADE00EFE4E45423DA3D00315B19026E,BADE00EFE4E45423DA3D00315B19026E-1,"Meta, Microsoft Urge H-1B Visa Holders To Return To US Quickly, Not Leave For 'Foreseeable Future'","Companies are recalling their H1-B visa holders as soon as possible to the US after Donald Trump announced a $100,000 application fee on the widely-used visa program.
The Donald Trump administration's decision to sharply hike H1-B visa fees has resulted in top companies like Meta and Microsoft, which hire quite a few foreign nationals, with Indians in the majority via this process, to ask their employees to return back to the United States within the next 24 hours.","The sentence discusses the impact of a proposed tax (application fee) on companies employing H-1B visa holders, specifically mentioning how companies are reacting to the increased costs by recalling their H-1B visa employees. This aligns with the theme of a proposed tax impacting companies employing H-1B visa holders.",A proposed tax impacting companies employing H-1B visa holders.,Donald Trump,,PEOP,related,"The sentence explicitly mentions a $100,000 application fee on the H-1B visa program, which directly relates to the theme of 'Introduction of a high fee on H-1B visas'. It discusses the implications of this fee on companies and their H-1B visa holders, making the connection clear.","Donald Trump is mentioned in relation to announcing a $100,000 application fee on the H-1B visa program, which is a direct quote of something he has said.",quote,"Today's quotes about Donald Trump primarily reinforce previous statements regarding the introduction of a high fee on H-1B visas. Trump continues to assert that the $100,000 fee will ensure that only highly skilled workers are brought into the United States, which he believes will benefit the tech industry. He maintains that the fee will deter companies from replacing American workers with foreign labor and will help cut taxes and pay down debt. Trump has accused IT outsourcing firms of abusing the H-1B program and labeled it a national security threat. The administration claims the fee will incentivize hiring American workers. New information includes Trump's statement that the fee will be used to cut taxes and pay down debt, and the confusion among businesses about the details of the H-1B order.","""The US has dealt a significant blow to global talent. H-1B visa fees have risen by up to $100,000."" - Quote_1
""We've spoken to them,"" said Lutnick, referring to technology CEOs, ""they're going to be very happy."" - Quote_2
""Trump accused IT outsourcing firms of 'systemic abuse' of the H-1B programme and branded it a 'national security threat.'"" - Quote_4
""Trump said that the country will use that amount to cut taxes and pay down debt. 'We think it's going to be very successful,' Trump said."" - Quote_5
""During a signing at the Oval Office Friday, Trump argued that America needs 'great workers' and that the newly imposed fee 'pretty much ensures that that's what's going to happen.'"" - Quote_6
""The company needs to decide... is the person valuable enough to have $100,000 a year payment to the government? Or they should head home and they should go hire an American,"" he told reporters."" - Quote_8"
Sep 2025,2025-09-20,4E5AFB04E012CB8818B9DE0E61A55D56,4E5AFB04E012CB8818B9DE0E61A55D56-3,$1 million for 10 H-1B visa workers: What Trump's order means for US firms,"Sharply increase hiring costs for US companies
Disrupt workforce planning and recruitment
Redirect talent towards other countries
Why has Trump raised the H-1B fee?
Trump accused IT outsourcing firms of ""systemic abuse"" of the H-1B programme and branded it a ""national security threat.""","The sentence discusses the impact of increased hiring costs on US companies, which relates to the theme of 'Tax increases operational costs for companies employing H-1B visa workers.' It also touches on the disruption of workforce planning and recruitment, which aligns with the broader implications of the tax on H-1B visa hiring.",Tax increases operational costs for companies employing H-1B visa workers.,Donald Trump,,PEOP,related,"The sentence discusses the implications of increased hiring costs and the reasons behind the raised H-1B fee, specifically mentioning Trump's accusations against IT outsourcing firms. This directly relates to the theme of the introduction of a high fee on H-1B visas.",Donald Trump is quoted as having accused IT outsourcing firms of 'systemic abuse' of the H-1B programme and branded it a 'national security threat.' This is a direct quotation of his statements.,quote,"Today's quotes about Donald Trump primarily reinforce previous statements regarding the introduction of a high fee on H-1B visas. Trump continues to assert that the $100,000 fee will ensure that only highly skilled workers are brought into the United States, which he believes will benefit the tech industry. He maintains that the fee will deter companies from replacing American workers with foreign labor and will help cut taxes and pay down debt. Trump has accused IT outsourcing firms of abusing the H-1B program and labeled it a national security threat. The administration claims the fee will incentivize hiring American workers. New information includes Trump's statement that the fee will be used to cut taxes and pay down debt, and the confusion among businesses about the details of the H-1B order.","""The US has dealt a significant blow to global talent. H-1B visa fees have risen by up to $100,000."" - Quote_1
""We've spoken to them,"" said Lutnick, referring to technology CEOs, ""they're going to be very happy."" - Quote_2
""Trump accused IT outsourcing firms of 'systemic abuse' of the H-1B programme and branded it a 'national security threat.'"" - Quote_4
""Trump said that the country will use that amount to cut taxes and pay down debt. 'We think it's going to be very successful,' Trump said."" - Quote_5
""During a signing at the Oval Office Friday, Trump argued that America needs 'great workers' and that the newly imposed fee 'pretty much ensures that that's what's going to happen.'"" - Quote_6
""The company needs to decide... is the person valuable enough to have $100,000 a year payment to the government? Or they should head home and they should go hire an American,"" he told reporters."" - Quote_8"
Sep 2025,2025-09-20,601FED693DCE9E42318506A6E5F04461,601FED693DCE9E42318506A6E5F04461-13,"Trump hikes H-1B visa fees to $100,000 a year in massive immigration overhaul","Trump said that the country will use that amount to cut taxes and pay down debt. ""We think it's going to be very successful,"" Trump said.
Big blow for tech firms
The move is expected to significantly impact Indian technology workers who are hired by tech companies and others on H-1B visas. The visas are valid for three years and can be renewed for another three years.","The sentence discusses the expected impact of a policy change on Indian technology workers hired on H-1B visas, which relates to the proposed tax impacting companies employing H-1B visa holders. It highlights the potential consequences for tech firms that rely on these workers.",A proposed tax impacting companies employing H-1B visa holders.,Donald Trump,,PEOP,related,"The sentence discusses the impact of a fee increase on H-1B visas, specifically mentioning how it will affect Indian technology workers and tech companies. This directly relates to the theme of 'Introduction of a high fee on H-1B visas'.","Donald Trump explicitly stated, 'We think it's going to be very successful,' which is a direct quote from him. However, the rest of the sentence discusses actions related to H-1B visa fees and their impact, which are not direct quotes from Trump. Therefore, the focus on the quote leads to the label.",quote,"Today's quotes about Donald Trump primarily reinforce previous statements regarding the introduction of a high fee on H-1B visas. Trump continues to assert that the $100,000 fee will ensure that only highly skilled workers are brought into the United States, which he believes will benefit the tech industry. He maintains that the fee will deter companies from replacing American workers with foreign labor and will help cut taxes and pay down debt. Trump has accused IT outsourcing firms of abusing the H-1B program and labeled it a national security threat. The administration claims the fee will incentivize hiring American workers. New information includes Trump's statement that the fee will be used to cut taxes and pay down debt, and the confusion among businesses about the details of the H-1B order.","""The US has dealt a significant blow to global talent. H-1B visa fees have risen by up to $100,000."" - Quote_1
""We've spoken to them,"" said Lutnick, referring to technology CEOs, ""they're going to be very happy."" - Quote_2
""Trump accused IT outsourcing firms of 'systemic abuse' of the H-1B programme and branded it a 'national security threat.'"" - Quote_4
""Trump said that the country will use that amount to cut taxes and pay down debt. 'We think it's going to be very successful,' Trump said."" - Quote_5
""During a signing at the Oval Office Friday, Trump argued that America needs 'great workers' and that the newly imposed fee 'pretty much ensures that that's what's going to happen.'"" - Quote_6
""The company needs to decide... is the person valuable enough to have $100,000 a year payment to the government? Or they should head home and they should go hire an American,"" he told reporters."" - Quote_8"
Sep 2025,2025-09-20,8C685FDC70D6559EBF96EFC6EC5309ED,8C685FDC70D6559EBF96EFC6EC5309ED-1,The American workforce has a new challenge: Trump's $100K fee on H-1B visas,"(CNN) - President Donald Trump's latest effort to overhaul America's legal immigration system - raising the annual fee on H-1B visa applicants from $215 to $100,000 - could deal a major blow to some US industries that rely on skilled foreign workers.
During a signing at the Oval Office Friday, Trump argued that America needs ""great workers"" and that the newly imposed fee ""pretty much ensures that that's what's going to happen."" Administration officials also claimed the hefty fee would incentivize companies to hire American workers.","The sentence discusses a proposed increase in fees for H-1B visa applicants, which directly relates to the theme of a proposed tax impacting companies employing H-1B visa holders. The mention of the fee potentially harming industries that rely on skilled foreign workers aligns with the narrative of how such financial burdens can affect hiring practices and operational costs.",A proposed tax impacting companies employing H-1B visa holders.,Donald Trump,,PEOP,related,"The sentence directly discusses President Trump's proposal to raise the annual fee on H-1B visa applicants from $215 to $100,000, which is a clear reference to the introduction of a high fee on H-1B visas. It also mentions the implications of this fee on US industries and the hiring of American workers, reinforcing the connection to the theme.",Donald Trump is quoted as arguing that America needs 'great workers' and that the newly imposed fee 'pretty much ensures that that's what's going to happen.',quote,"Today's quotes about Donald Trump primarily reinforce previous statements regarding the introduction of a high fee on H-1B visas. Trump continues to assert that the $100,000 fee will ensure that only highly skilled workers are brought into the United States, which he believes will benefit the tech industry. He maintains that the fee will deter companies from replacing American workers with foreign labor and will help cut taxes and pay down debt. Trump has accused IT outsourcing firms of abusing the H-1B program and labeled it a national security threat. The administration claims the fee will incentivize hiring American workers. New information includes Trump's statement that the fee will be used to cut taxes and pay down debt, and the confusion among businesses about the details of the H-1B order.","""The US has dealt a significant blow to global talent. H-1B visa fees have risen by up to $100,000."" - Quote_1
""We've spoken to them,"" said Lutnick, referring to technology CEOs, ""they're going to be very happy."" - Quote_2
""Trump accused IT outsourcing firms of 'systemic abuse' of the H-1B programme and branded it a 'national security threat.'"" - Quote_4
""Trump said that the country will use that amount to cut taxes and pay down debt. 'We think it's going to be very successful,' Trump said."" - Quote_5
""During a signing at the Oval Office Friday, Trump argued that America needs 'great workers' and that the newly imposed fee 'pretty much ensures that that's what's going to happen.'"" - Quote_6
""The company needs to decide... is the person valuable enough to have $100,000 a year payment to the government? Or they should head home and they should go hire an American,"" he told reporters."" - Quote_8"
Sep 2025,2025-09-20,9CE961B6FC0C7E555D10E7DF604163F7,9CE961B6FC0C7E555D10E7DF604163F7-2,"Big Tech companies, foreign governments scramble after Trump slaps $100,000 annual fee on H-1B visas","Major technology companies and foreign governments are rushing to respond after President Donald Trump late Friday announced plans to impose a $100,000 annual fee on H-1B visas, threatening to upend the program that underpins America's technology workforce.","The sentence discusses the announcement of a $100,000 annual fee on H-1B visas, which directly relates to the proposed tax impacting companies employing H-1B visa holders. This fee is a significant change that could affect the entire H-1B visa program and the technology workforce in the U.S.",A proposed tax impacting companies employing H-1B visa holders.,Donald Trump,,PEOP,related,"The sentence directly mentions President Trump's announcement of a $100,000 annual fee on H-1B visas, which is the central theme of the article. It clearly establishes a connection to the introduction of a high fee on H-1B visas.","Donald Trump announced plans to impose a $100,000 annual fee on H-1B visas, which is a direct quote of something he has said.",quote,"Today's quotes about Donald Trump primarily reinforce previous statements regarding the introduction of a high fee on H-1B visas. Trump continues to assert that the $100,000 fee will ensure that only highly skilled workers are brought into the United States, which he believes will benefit the tech industry. He maintains that the fee will deter companies from replacing American workers with foreign labor and will help cut taxes and pay down debt. Trump has accused IT outsourcing firms of abusing the H-1B program and labeled it a national security threat. The administration claims the fee will incentivize hiring American workers. New information includes Trump's statement that the fee will be used to cut taxes and pay down debt, and the confusion among businesses about the details of the H-1B order.","""The US has dealt a significant blow to global talent. H-1B visa fees have risen by up to $100,000."" - Quote_1
""We've spoken to them,"" said Lutnick, referring to technology CEOs, ""they're going to be very happy."" - Quote_2
""Trump accused IT outsourcing firms of 'systemic abuse' of the H-1B programme and branded it a 'national security threat.'"" - Quote_4
""Trump said that the country will use that amount to cut taxes and pay down debt. 'We think it's going to be very successful,' Trump said."" - Quote_5
""During a signing at the Oval Office Friday, Trump argued that America needs 'great workers' and that the newly imposed fee 'pretty much ensures that that's what's going to happen.'"" - Quote_6
""The company needs to decide... is the person valuable enough to have $100,000 a year payment to the government? Or they should head home and they should go hire an American,"" he told reporters."" - Quote_8"
Sep 2025,2025-09-20,757F1E638BB1248C312DA9E72D4727E9,757F1E638BB1248C312DA9E72D4727E9-4,"White House says $100,000 H-1B visa fee to be one-time payment","""The company needs to decide... is the person valuable enough to have $100,000 a year payment to the government? Or they should head home and they should go hire an American,"" he told reporters. Though he claimed that ""all the big companies are on board,"" many businesses were left confused about the details of the H-1B order. U.S. bank JPMorgan confirmed that a memo had been sent to its employees with H-1B visas advising them to remain in the United States and avoid international travel until further guidance was issued. Tech entrepreneurs -- including Trump's former ally Elon Musk -- have warned against targeting H-1B visas, saying that the United States does not have enough homegrown talent to fill important tech sector job vacancies.","The sentence discusses the financial implications of hiring H-1B visa workers versus domestic candidates, highlighting the potential decision companies face regarding the value of H-1B employees in light of new costs. This aligns with the theme of companies prioritizing domestic candidates over H-1B visa applicants due to increased costs.",Companies may prioritize domestic candidates over H-1B visa applicants.,Donald Trump,,PEOP,related,"The sentence discusses the implications of a high fee on H-1B visas, specifically mentioning a $100,000 payment to the government and the decision companies must make regarding hiring foreign workers versus Americans. This directly relates to the theme of the introduction of a high fee on H-1B visas.","Donald Trump explicitly stated that companies need to evaluate the value of foreign workers against the cost of the H-1B visa fee, which is a direct quote from him.",quote,"Today's quotes about Donald Trump primarily reinforce previous statements regarding the introduction of a high fee on H-1B visas. Trump continues to assert that the $100,000 fee will ensure that only highly skilled workers are brought into the United States, which he believes will benefit the tech industry. He maintains that the fee will deter companies from replacing American workers with foreign labor and will help cut taxes and pay down debt. Trump has accused IT outsourcing firms of abusing the H-1B program and labeled it a national security threat. The administration claims the fee will incentivize hiring American workers. New information includes Trump's statement that the fee will be used to cut taxes and pay down debt, and the confusion among businesses about the details of the H-1B order.","""The US has dealt a significant blow to global talent. H-1B visa fees have risen by up to $100,000."" - Quote_1
""We've spoken to them,"" said Lutnick, referring to technology CEOs, ""they're going to be very happy."" - Quote_2
""Trump accused IT outsourcing firms of 'systemic abuse' of the H-1B programme and branded it a 'national security threat.'"" - Quote_4
""Trump said that the country will use that amount to cut taxes and pay down debt. 'We think it's going to be very successful,' Trump said."" - Quote_5
""During a signing at the Oval Office Friday, Trump argued that America needs 'great workers' and that the newly imposed fee 'pretty much ensures that that's what's going to happen.'"" - Quote_6
""The company needs to decide... is the person valuable enough to have $100,000 a year payment to the government? Or they should head home and they should go hire an American,"" he told reporters."" - Quote_8"
Sep 2025,2025-09-21,1739CF83442BE22D1FD28EA5532C4AD6,1739CF83442BE22D1FD28EA5532C4AD6-1,"Will $100,000 H-1B fee hit Indian IT stocks on Monday? Investors jitter as ADRs slide, long-term outlook remains cautious","A sudden surge in H-1B visa fees, now at $100,000 annually, has sent shockwaves through the Indian IT sector, impacting market sentiment and ADRs of major firms like TCS and Infosys. This unexpected hike adds to existing challenges of weak earnings, slowing global demand, and AI-driven revenue concerns, potentially accelerating foreign investor pullout from Indian IT stocks. A sudden spike in H-1B visa fees has thrown the Indian IT sector into uncharted waters. Investors are recalculating risks as a key cost pillar-the US-bound talent pool-faces unprecedented charges, potentially reshaping the profitability of India's software exporters.US President Donald Trump announced that new H-1B visas will now attract an annual fee of $100,000.","The sentence discusses the significant increase in H-1B visa fees and its impact on the Indian IT sector, highlighting how this surge affects operational costs and market sentiment. This aligns with the theme of 'Tax increases operational costs for companies employing H-1B visa workers.'",Tax increases operational costs for companies employing H-1B visa workers.,Donald Trump,,PEOP,related,"The sentence discusses a significant increase in H-1B visa fees to $100,000 annually and its impact on the Indian IT sector, which directly relates to the theme of 'Introduction of a high fee on H-1B visas'. It highlights the consequences of this fee increase on market sentiment and investor behavior, making the connection clear.","Donald Trump announced that new H-1B visas will now attract an annual fee of $100,000, which is a direct quote of something he has said regarding the H-1B visa fees.",quote,"Today's quotes about Donald Trump primarily reinforce previous statements regarding the introduction of a high fee on H-1B visas. Trump continues to assert that the $100,000 fee will ensure that only highly skilled workers are brought into the United States, which he believes will benefit the tech industry. He maintains that the fee will deter companies from replacing American workers with foreign labor and will help cut taxes and pay down debt. Trump has accused IT outsourcing firms of abusing the H-1B program and labeled it a national security threat. The administration claims the fee will incentivize hiring American workers. New information includes Trump's statement that the fee will be used to cut taxes and pay down debt, and the confusion among businesses about the details of the H-1B order.","US President Donald Trump announced that new H-1B visas will now attract an annual fee of $100,000.
President Donald Trump framed the new six-figure fee as part of his effort to protect American jobs and national security.
President Trump is imposing higher costs on companies seeking to use the H-1B program in order to address the abuse of the program, stop the undercutting of wages, and protect our national security.
With the hefty new fee, Trump said he's trying to curb abuse of the H-1B program, ensuring only the 'best of the best' will be able to enter the country and take employment this way.
US President Donald Trump on Friday called for a sweeping overhaul of the H-1B visa program, including a $100,000 application fee.
Donald Trump's administration introduced a $100,000 fee for H-1B visa applications, aiming to curb program abuse and protect American jobs."
Sep 2025,2025-09-21,6C229C8056B3B327E50E77D0214C123A,6C229C8056B3B327E50E77D0214C123A-2,Trump's Pricey H-1B Visas Rattle Prospects Seeking to Work in US,"Instead, he's worried about his ability to build a career in the US as he tries to make sense of the Trump administration's plan to raise the H-1B application fee to $100,000.
President Donald Trump framed the new six-figure fee as part of his effort to protect American jobs and national security. But his announcement jolted companies that have long relied on the program to bring in global talent, especially in California's tech-heavy economy that relies on trained computer programmers, data analysts and engineers.","The sentence discusses the proposed increase in the H-1B application fee, which directly relates to the theme of a proposed tax impacting companies employing H-1B visa holders. It highlights the concerns of individuals and companies regarding the financial implications of this fee increase, which aligns with the narrative of how such a tax could affect recruitment and reliance on H-1B visa workers.",A proposed tax impacting companies employing H-1B visa holders.,Donald Trump,,PEOP,related,"The sentence discusses the Trump administration's plan to raise the H-1B application fee to $100,000, which directly relates to the theme of introducing a high fee on H-1B visas. It also highlights the impact of this fee increase on companies and the job market, reinforcing the connection to the theme.",Donald Trump is quoted in the sentence as having framed the new six-figure fee as part of his effort to protect American jobs and national security.,quote,"Today's quotes about Donald Trump primarily reinforce previous statements regarding the introduction of a high fee on H-1B visas. Trump continues to assert that the $100,000 fee will ensure that only highly skilled workers are brought into the United States, which he believes will benefit the tech industry. He maintains that the fee will deter companies from replacing American workers with foreign labor and will help cut taxes and pay down debt. Trump has accused IT outsourcing firms of abusing the H-1B program and labeled it a national security threat. The administration claims the fee will incentivize hiring American workers. New information includes Trump's statement that the fee will be used to cut taxes and pay down debt, and the confusion among businesses about the details of the H-1B order.","US President Donald Trump announced that new H-1B visas will now attract an annual fee of $100,000.
President Donald Trump framed the new six-figure fee as part of his effort to protect American jobs and national security.
President Trump is imposing higher costs on companies seeking to use the H-1B program in order to address the abuse of the program, stop the undercutting of wages, and protect our national security.
With the hefty new fee, Trump said he's trying to curb abuse of the H-1B program, ensuring only the 'best of the best' will be able to enter the country and take employment this way.
US President Donald Trump on Friday called for a sweeping overhaul of the H-1B visa program, including a $100,000 application fee.
Donald Trump's administration introduced a $100,000 fee for H-1B visa applications, aiming to curb program abuse and protect American jobs."
Sep 2025,2025-09-21,1FE78858A7E5A56C978E1C8FB4323736,1FE78858A7E5A56C978E1C8FB4323736-5,"American companies laid off over 40,000 US tech workers, replaced them with H-1B visa holders: White House","The White House statement, dubbed a fact sheet, said the H-1B programme is discouraging future American workers from pursuing STEM careers, threatening national security.
""President Trump is imposing higher costs on companies seeking to use the H-1B program in order to address the abuse of the program, stop the undercutting of wages, and protect our national security,"" it added.",The sentence discusses the implications of the H-1B program on American workers and mentions the imposition of higher costs on companies using the program. This aligns with the theme of how a proposed tax may impact companies employing H-1B visa holders.,A proposed tax impacting companies employing H-1B visa holders.,Donald Trump,,PEOP,related,"The sentence discusses the imposition of higher costs on companies using the H-1B program, which directly relates to the introduction of a high fee on H-1B visas. It connects the fee increase to addressing program abuse and protecting national security, aligning with the theme.","Donald Trump is mentioned in the context of imposing higher costs on companies seeking to use the H-1B program, which is a direct quote from the White House statement.",quote,"Today's quotes about Donald Trump primarily reinforce previous statements regarding the introduction of a high fee on H-1B visas. Trump continues to assert that the $100,000 fee will ensure that only highly skilled workers are brought into the United States, which he believes will benefit the tech industry. He maintains that the fee will deter companies from replacing American workers with foreign labor and will help cut taxes and pay down debt. Trump has accused IT outsourcing firms of abusing the H-1B program and labeled it a national security threat. The administration claims the fee will incentivize hiring American workers. New information includes Trump's statement that the fee will be used to cut taxes and pay down debt, and the confusion among businesses about the details of the H-1B order.","US President Donald Trump announced that new H-1B visas will now attract an annual fee of $100,000.
President Donald Trump framed the new six-figure fee as part of his effort to protect American jobs and national security.
President Trump is imposing higher costs on companies seeking to use the H-1B program in order to address the abuse of the program, stop the undercutting of wages, and protect our national security.
With the hefty new fee, Trump said he's trying to curb abuse of the H-1B program, ensuring only the 'best of the best' will be able to enter the country and take employment this way.
US President Donald Trump on Friday called for a sweeping overhaul of the H-1B visa program, including a $100,000 application fee.
Donald Trump's administration introduced a $100,000 fee for H-1B visa applications, aiming to curb program abuse and protect American jobs."
Sep 2025,2025-09-21,4CD8CC516E5A618A7AD924BC4F731422,4CD8CC516E5A618A7AD924BC4F731422-5,US H1-B visa fee hike: A blessing in disguise as GCCs in India could flourish with fresh talent,"Another expert described the US move as restrictionist.
""President Trump's September 19, 2025, proclamation imposes a $100,000 annual H-1B visa fee starting September 21, 2025, hiking costs 100x to curb ""abuse"" and prioritize high-skill workers, severely impacting Indian IT firms like TCS and Infosys, which sponsored 13,396 visas in 2025. Facing a $1.34B fee burden, that is 10% of major firms' profits, the IT sector risks profit erosion, job losses, and reduced U.S. client demand, potentially spurring offshoring but limiting global mobility,"" said Srinivasan Balakrishnan, Director, Strategic Engagements and Partnerships, Indic Researchers Forum, a Delhi-based security think tank.","The sentence discusses the imposition of a significant annual fee for H-1B visas, which directly relates to the theme of increased operational costs for companies employing H-1B visa workers. It highlights the financial burden on IT firms and the potential consequences such as profit erosion and job losses, which aligns with the narrative of how tax increases affect companies' financial viability and operational strategies.",Tax increases operational costs for companies employing H-1B visa workers.,Donald Trump,,PEOP,related,"The sentence explicitly discusses the introduction of a $100,000 annual fee for H-1B visas, detailing its implications for the IT sector and specific companies. This directly relates to the theme of 'Introduction of a high fee on H-1B visas'.","Donald Trump is quoted in the sentence as having made a proclamation regarding the H-1B visa fee, which is a direct statement attributed to him.",quote,"Today's quotes about Donald Trump primarily reinforce previous statements regarding the introduction of a high fee on H-1B visas. Trump continues to assert that the $100,000 fee will ensure that only highly skilled workers are brought into the United States, which he believes will benefit the tech industry. He maintains that the fee will deter companies from replacing American workers with foreign labor and will help cut taxes and pay down debt. Trump has accused IT outsourcing firms of abusing the H-1B program and labeled it a national security threat. The administration claims the fee will incentivize hiring American workers. New information includes Trump's statement that the fee will be used to cut taxes and pay down debt, and the confusion among businesses about the details of the H-1B order.","US President Donald Trump announced that new H-1B visas will now attract an annual fee of $100,000.
President Donald Trump framed the new six-figure fee as part of his effort to protect American jobs and national security.
President Trump is imposing higher costs on companies seeking to use the H-1B program in order to address the abuse of the program, stop the undercutting of wages, and protect our national security.
With the hefty new fee, Trump said he's trying to curb abuse of the H-1B program, ensuring only the 'best of the best' will be able to enter the country and take employment this way.
US President Donald Trump on Friday called for a sweeping overhaul of the H-1B visa program, including a $100,000 application fee.
Donald Trump's administration introduced a $100,000 fee for H-1B visa applications, aiming to curb program abuse and protect American jobs."
Sep 2025,2025-09-21,3EF835FB4CED1BAC8D2C134C0BFF6BDE,3EF835FB4CED1BAC8D2C134C0BFF6BDE-2,US Futures Slip as Traders Gauge H-1B Visa Fallout: Markets Wrap,"US President Donald Trump on Friday called for a sweeping overhaul of the H-1B visa program, including a $100,000 application fee. The move rattled companies that have long depended on the program to recruit global talent, particularly in California's tech-heavy economy, where employers rely on skilled computer programmers, data analysts and engineers.","The sentence discusses a proposed overhaul of the H-1B visa program, specifically mentioning a significant application fee that would impact companies relying on H-1B visa workers. This aligns with the theme of 'A proposed tax impacting companies employing H-1B visa holders.'",A proposed tax impacting companies employing H-1B visa holders.,Donald Trump,,PEOP,related,"The sentence directly discusses a proposed $100,000 application fee for the H-1B visa program, which is clearly related to the theme of 'Introduction of a high fee on H-1B visas'.","Donald Trump is mentioned as having called for a sweeping overhaul of the H-1B visa program, which includes a specific application fee. This indicates that the sentence is quoting something he has explicitly said regarding the visa program.",quote,"Today's quotes about Donald Trump primarily reinforce previous statements regarding the introduction of a high fee on H-1B visas. Trump continues to assert that the $100,000 fee will ensure that only highly skilled workers are brought into the United States, which he believes will benefit the tech industry. He maintains that the fee will deter companies from replacing American workers with foreign labor and will help cut taxes and pay down debt. Trump has accused IT outsourcing firms of abusing the H-1B program and labeled it a national security threat. The administration claims the fee will incentivize hiring American workers. New information includes Trump's statement that the fee will be used to cut taxes and pay down debt, and the confusion among businesses about the details of the H-1B order.","US President Donald Trump announced that new H-1B visas will now attract an annual fee of $100,000.
President Donald Trump framed the new six-figure fee as part of his effort to protect American jobs and national security.
President Trump is imposing higher costs on companies seeking to use the H-1B program in order to address the abuse of the program, stop the undercutting of wages, and protect our national security.
With the hefty new fee, Trump said he's trying to curb abuse of the H-1B program, ensuring only the 'best of the best' will be able to enter the country and take employment this way.
US President Donald Trump on Friday called for a sweeping overhaul of the H-1B visa program, including a $100,000 application fee.
Donald Trump's administration introduced a $100,000 fee for H-1B visa applications, aiming to curb program abuse and protect American jobs."
Sep 2025,2025-09-21,356ED5FCBFA56BB516E136723D37258F,356ED5FCBFA56BB516E136723D37258F-6,"'Over 40,000 US Tech Workers Laid Off, Replaced With H-1B Visa Holders': White House Defends $100K Fee Hike","The administration warned that continued misuse of the H-1B program could discourage future American workers from pursuing STEM careers, posing potential risks to national security.
""President Trump is imposing higher costs on companies seeking to use the H-1B program in order to address the abuse of the program, stop the undercutting of wages, and protect our national security,"" the statement added.","The sentence discusses the administration's warning about the misuse of the H-1B program and its potential impact on American workers pursuing STEM careers, which relates to the theme of how tax and policy changes may influence the recruitment and hiring of H-1B visa workers. It implies that higher costs imposed on companies could deter them from hiring H-1B visa candidates, thus connecting to the narrative of higher costs affecting recruitment.",Higher costs may deter companies from hiring H-1B visa candidates.,Donald Trump,,PEOP,related,The sentence discusses the administration's warning about the misuse of the H-1B program and mentions President Trump's imposition of higher costs on companies using the H-1B program. This directly relates to the introduction of a high fee on H-1B visas as it highlights the intention behind the fee increase and its implications.,"Donald Trump is quoted in the sentence as having imposed higher costs on companies using the H-1B program, which directly reflects something he has said regarding the program's misuse and its implications.",quote,"Today's quotes about Donald Trump primarily reinforce previous statements regarding the introduction of a high fee on H-1B visas. Trump continues to assert that the $100,000 fee will ensure that only highly skilled workers are brought into the United States, which he believes will benefit the tech industry. He maintains that the fee will deter companies from replacing American workers with foreign labor and will help cut taxes and pay down debt. Trump has accused IT outsourcing firms of abusing the H-1B program and labeled it a national security threat. The administration claims the fee will incentivize hiring American workers. New information includes Trump's statement that the fee will be used to cut taxes and pay down debt, and the confusion among businesses about the details of the H-1B order.","US President Donald Trump announced that new H-1B visas will now attract an annual fee of $100,000.
President Donald Trump framed the new six-figure fee as part of his effort to protect American jobs and national security.
President Trump is imposing higher costs on companies seeking to use the H-1B program in order to address the abuse of the program, stop the undercutting of wages, and protect our national security.
With the hefty new fee, Trump said he's trying to curb abuse of the H-1B program, ensuring only the 'best of the best' will be able to enter the country and take employment this way.
US President Donald Trump on Friday called for a sweeping overhaul of the H-1B visa program, including a $100,000 application fee.
Donald Trump's administration introduced a $100,000 fee for H-1B visa applications, aiming to curb program abuse and protect American jobs."
Sep 2025,2025-09-21,23F85E68DB9F388C3EC906ADE88B13F8,23F85E68DB9F388C3EC906ADE88B13F8-1,"Will $100,000 H-1B fee hit Indian IT stocks on Monday? Investors jitter as ADRs slide, long-term outlook remains cautious","A sudden spike in H-1B visa fees has thrown the Indian IT sector into uncharted waters. Investors are recalculating risks as a key cost pillar-the US-bound talent pool-faces unprecedented charges, potentially reshaping the profitability of India's software exporters.
US President Donald Trump announced that new H-1B visas will now attract a fee of $100,000. A White House official clarified that the hike applies only to fresh applications, but the signal alone rattled markets. With more than 70% of H-1B visa holders being Indian, the sector faces immediate cost pressures.","The sentence discusses a significant increase in H-1B visa fees and its impact on the Indian IT sector, highlighting how this new tax affects operational costs and profitability for companies relying on H-1B visa workers. This aligns with the theme of 'Tax increases operational costs for companies employing H-1B visa workers.'",Tax increases operational costs for companies employing H-1B visa workers.,Donald Trump,,PEOP,related,"The sentence discusses a significant increase in H-1B visa fees, specifically mentioning a new fee of $100,000 for fresh applications. This directly relates to the theme of 'Introduction of a high fee on H-1B visas' as it highlights the impact of this fee on the Indian IT sector and the broader implications for investors and profitability.","Donald Trump announced that new H-1B visas will now attract a fee of $100,000, which is a direct quote of something he has said.",quote,"Today's quotes about Donald Trump primarily reinforce previous statements regarding the introduction of a high fee on H-1B visas. Trump continues to assert that the $100,000 fee will ensure that only highly skilled workers are brought into the United States, which he believes will benefit the tech industry. He maintains that the fee will deter companies from replacing American workers with foreign labor and will help cut taxes and pay down debt. Trump has accused IT outsourcing firms of abusing the H-1B program and labeled it a national security threat. The administration claims the fee will incentivize hiring American workers. New information includes Trump's statement that the fee will be used to cut taxes and pay down debt, and the confusion among businesses about the details of the H-1B order.","US President Donald Trump announced that new H-1B visas will now attract an annual fee of $100,000.
President Donald Trump framed the new six-figure fee as part of his effort to protect American jobs and national security.
President Trump is imposing higher costs on companies seeking to use the H-1B program in order to address the abuse of the program, stop the undercutting of wages, and protect our national security.
With the hefty new fee, Trump said he's trying to curb abuse of the H-1B program, ensuring only the 'best of the best' will be able to enter the country and take employment this way.
US President Donald Trump on Friday called for a sweeping overhaul of the H-1B visa program, including a $100,000 application fee.
Donald Trump's administration introduced a $100,000 fee for H-1B visa applications, aiming to curb program abuse and protect American jobs."
Sep 2025,2025-09-21,C450BC856F02C800DAC7F4A373778367,C450BC856F02C800DAC7F4A373778367-3,"Trump administration imposes $100K annual fee on H-1B visas, sparking criticism and panic","With the hefty new fee, Trump said he's trying to curb abuse of the H-1B program, ensuring only the ""best of the best"" will be able to enter the country and take employment this way. Prior to the order, companies were only required to pay an official fee of $215, although additional fees would mean that the costs in reality could rise to a few thousands dollars. But the new $100,000 is far in excess of this.","The sentence discusses a new fee imposed on the H-1B program, indicating a significant increase in costs for companies employing H-1B visa holders. This aligns with the theme of 'Tax increases operational costs for companies employing H-1B visa workers.'",Tax increases operational costs for companies employing H-1B visa workers.,Donald Trump,,PEOP,related,"The sentence discusses the introduction of a hefty new fee of $100,000 on H-1B visas, which is directly related to the theme of 'Introduction of a high fee on H-1B visas'. It also mentions the previous fee structure and the intent behind the new fee, reinforcing its relevance.",Donald Trump explicitly stated that he is trying to curb abuse of the H-1B program and mentioned ensuring only the 'best of the best' will be able to enter the country. This is a direct quote from him.,quote,"Today's quotes about Donald Trump primarily reinforce previous statements regarding the introduction of a high fee on H-1B visas. Trump continues to assert that the $100,000 fee will ensure that only highly skilled workers are brought into the United States, which he believes will benefit the tech industry. He maintains that the fee will deter companies from replacing American workers with foreign labor and will help cut taxes and pay down debt. Trump has accused IT outsourcing firms of abusing the H-1B program and labeled it a national security threat. The administration claims the fee will incentivize hiring American workers. New information includes Trump's statement that the fee will be used to cut taxes and pay down debt, and the confusion among businesses about the details of the H-1B order.","US President Donald Trump announced that new H-1B visas will now attract an annual fee of $100,000.
President Donald Trump framed the new six-figure fee as part of his effort to protect American jobs and national security.
President Trump is imposing higher costs on companies seeking to use the H-1B program in order to address the abuse of the program, stop the undercutting of wages, and protect our national security.
With the hefty new fee, Trump said he's trying to curb abuse of the H-1B program, ensuring only the 'best of the best' will be able to enter the country and take employment this way.
US President Donald Trump on Friday called for a sweeping overhaul of the H-1B visa program, including a $100,000 application fee.
Donald Trump's administration introduced a $100,000 fee for H-1B visa applications, aiming to curb program abuse and protect American jobs."
Sep 2025,2025-09-21,1FE78858A7E5A56C978E1C8FB4323736,1FE78858A7E5A56C978E1C8FB4323736-1,"American companies laid off over 40,000 US tech workers, replaced them with H-1B visa holders: White House","The White House statement, dubbed a fact sheet, said the H-1B program is discouraging future American workers from pursuing STEM careers.
As Donald Trump announced the $10,000 H-1B fee, the White House flagged concerns over the visa programme, saying several American companies have laid off US tech workers while replacing them with foreign employees.","The sentence discusses the impact of the H-1B program on American workers, indicating that it discourages them from pursuing STEM careers and highlights layoffs of US tech workers in favor of foreign employees. This aligns with the theme of companies prioritizing domestic candidates over H-1B visa applicants.",Companies may prioritize domestic candidates over H-1B visa applicants.,Donald Trump,,PEOP,related,"The sentence discusses the introduction of a $10,000 fee on H-1B visas and connects it to concerns raised by the White House regarding the impact of the H-1B program on American workers. This clearly relates to the theme of 'Introduction of a high fee on H-1B visas'.","Donald Trump is mentioned in the context of announcing the $10,000 H-1B fee, which is a direct quote of something he has said regarding the visa program.",quote,"Today's quotes about Donald Trump primarily reinforce previous statements regarding the introduction of a high fee on H-1B visas. Trump continues to assert that the $100,000 fee will ensure that only highly skilled workers are brought into the United States, which he believes will benefit the tech industry. He maintains that the fee will deter companies from replacing American workers with foreign labor and will help cut taxes and pay down debt. Trump has accused IT outsourcing firms of abusing the H-1B program and labeled it a national security threat. The administration claims the fee will incentivize hiring American workers. New information includes Trump's statement that the fee will be used to cut taxes and pay down debt, and the confusion among businesses about the details of the H-1B order.","US President Donald Trump announced that new H-1B visas will now attract an annual fee of $100,000.
President Donald Trump framed the new six-figure fee as part of his effort to protect American jobs and national security.
President Trump is imposing higher costs on companies seeking to use the H-1B program in order to address the abuse of the program, stop the undercutting of wages, and protect our national security.
With the hefty new fee, Trump said he's trying to curb abuse of the H-1B program, ensuring only the 'best of the best' will be able to enter the country and take employment this way.
US President Donald Trump on Friday called for a sweeping overhaul of the H-1B visa program, including a $100,000 application fee.
Donald Trump's administration introduced a $100,000 fee for H-1B visa applications, aiming to curb program abuse and protect American jobs."
Sep 2025,2025-09-21,F82BA277FAE3F39E8D474D24A9B07DD6,F82BA277FAE3F39E8D474D24A9B07DD6-1,World's largest investment bank Goldman Sachs issues guidance for H-1B visa employees: 'This is an uncertain time for you and your family...',"Goldman Sachs is advising its H1-B visa workers to consult with immigration law firm Fragomen amidst new regulations. This follows President Trump's announcement of a potential $100,000 annual fee for each H1-B visa holder. Major companies like JPMorgan, Amazon, Google, and Microsoft are urging their H1-B and H-4 visa employees to return to the U.S. Goldman Sachs has given new advice to workers with H1-B visas. This comes after President Donald Trump announced that companies must now pay $100,000 every year for each foreign worker on an H1-B visa. The new rule has forced big tech companies like Google, Microsoft, and Amazon to tell their visa workers to stay in America or come back before Sunday's deadline. Banks like JPMorgan have given the same warning.","The sentence discusses the potential new regulations and fees associated with H-1B visa holders, specifically mentioning a proposed $100,000 annual fee. This directly relates to the theme of 'A proposed tax impacting companies employing H-1B visa holders.'",A proposed tax impacting companies employing H-1B visa holders.,Donald Trump,,PEOP,related,"The sentence discusses the potential introduction of a $100,000 annual fee for each H-1B visa holder, which directly relates to the theme of 'Introduction of a high fee on H-1B visas'. It mentions the implications of this fee on major companies and their H-1B visa employees, clearly establishing a connection to the theme.","Donald Trump is mentioned in relation to an announcement about a potential fee for H-1B visa holders, which indicates a direct quote of something he has said regarding immigration policy.",quote,"Today's quotes about Donald Trump primarily reinforce previous statements regarding the introduction of a high fee on H-1B visas. Trump continues to assert that the $100,000 fee will ensure that only highly skilled workers are brought into the United States, which he believes will benefit the tech industry. He maintains that the fee will deter companies from replacing American workers with foreign labor and will help cut taxes and pay down debt. Trump has accused IT outsourcing firms of abusing the H-1B program and labeled it a national security threat. The administration claims the fee will incentivize hiring American workers. New information includes Trump's statement that the fee will be used to cut taxes and pay down debt, and the confusion among businesses about the details of the H-1B order.","US President Donald Trump announced that new H-1B visas will now attract an annual fee of $100,000.
President Donald Trump framed the new six-figure fee as part of his effort to protect American jobs and national security.
President Trump is imposing higher costs on companies seeking to use the H-1B program in order to address the abuse of the program, stop the undercutting of wages, and protect our national security.
With the hefty new fee, Trump said he's trying to curb abuse of the H-1B program, ensuring only the 'best of the best' will be able to enter the country and take employment this way.
US President Donald Trump on Friday called for a sweeping overhaul of the H-1B visa program, including a $100,000 application fee.
Donald Trump's administration introduced a $100,000 fee for H-1B visa applications, aiming to curb program abuse and protect American jobs."
Sep 2025,2025-09-21,F3315520EB43D230545ED4AE8FBC6538,F3315520EB43D230545ED4AE8FBC6538-2,Techies' 'ghar wapsi' will be boon for offshoring: Experts after $100k fees imposed on H1-B visa,"This shift is a result of our ongoing strategy to hire more locally, invest in automation, and enhance our global delivery models. While visa fees may change, the impact on our business will be minimal, as we've already adapted to this evolving landscape,"" CP Gurnani, founder & vice chairman, AionOS. What industry observers are arguing is how the new visa fee, if implemented, could reshape the IT talent landscape globally. Vivek Wadhwa, CEO of Vionix Biosciences and former distinguished fellow at Harvard Law School and Carnegie Mellon, warned of long-term consequences for the US."" Trump's $100,000 H-1B fee is economic suicide for America. It will force Indian talent to go home, taking with them skills, savings, and global experience.","The sentence discusses the potential impact of a new visa fee on the IT talent landscape, highlighting concerns that it could lead to a reduction in skilled H-1B visa workers, which aligns with the theme of how a proposed tax may hinder recruitment of skilled H-1B visa workers.",New tax may hinder recruitment of skilled H-1B visa workers.,Donald Trump,,PEOP,related,"The sentence discusses the potential impact of a high fee on H-1B visas, specifically mentioning a $100,000 fee and its consequences for the US economy and the IT talent landscape. This directly relates to the theme of the introduction of a high fee on H-1B visas.","Donald Trump is quoted in the sentence as having stated that the $100,000 H-1B fee is 'economic suicide for America.' This is a direct quotation of something he has said, making it relevant to the task of tracking his statements.",quote,"Today's quotes about Donald Trump primarily reinforce previous statements regarding the introduction of a high fee on H-1B visas. Trump continues to assert that the $100,000 fee will ensure that only highly skilled workers are brought into the United States, which he believes will benefit the tech industry. He maintains that the fee will deter companies from replacing American workers with foreign labor and will help cut taxes and pay down debt. Trump has accused IT outsourcing firms of abusing the H-1B program and labeled it a national security threat. The administration claims the fee will incentivize hiring American workers. New information includes Trump's statement that the fee will be used to cut taxes and pay down debt, and the confusion among businesses about the details of the H-1B order.","US President Donald Trump announced that new H-1B visas will now attract an annual fee of $100,000.
President Donald Trump framed the new six-figure fee as part of his effort to protect American jobs and national security.
President Trump is imposing higher costs on companies seeking to use the H-1B program in order to address the abuse of the program, stop the undercutting of wages, and protect our national security.
With the hefty new fee, Trump said he's trying to curb abuse of the H-1B program, ensuring only the 'best of the best' will be able to enter the country and take employment this way.
US President Donald Trump on Friday called for a sweeping overhaul of the H-1B visa program, including a $100,000 application fee.
Donald Trump's administration introduced a $100,000 fee for H-1B visa applications, aiming to curb program abuse and protect American jobs."
Sep 2025,2025-09-21,E535504787DC882649FF70E6FB39428F,E535504787DC882649FF70E6FB39428F-5,Price reduction announced for Trump's Gold Visa: it will cost $3 million less,"Additional Changes to H-1B Visas
In parallel with the Gold and Platinum programs, Trump signed another executive order imposing an additional $100,000 fee on H-1B visa applicants. The H-1B program, long used by tech companies to bring in foreign talent, has been a flashpoint in debates over wages and domestic job competition. Critics argue that the visas undercut American workers, while supporters say they are vital for industries struggling to recruit skilled labor. Despite the steep new cost, Trump told reporters he believes companies will welcome the change, suggesting that higher fees will keep ""very productive people"" in the country.","The sentence discusses an additional fee imposed on H-1B visa applicants, which directly relates to the theme of a proposed tax impacting companies employing H-1B visa holders. The mention of the fee indicates a financial burden that companies may face when hiring H-1B visa workers.",A proposed tax impacting companies employing H-1B visa holders.,Donald Trump,,PEOP,related,"The sentence discusses the introduction of an additional $100,000 fee on H-1B visa applicants, which directly relates to the theme of 'Introduction of a high fee on H-1B visas'. It provides context about the implications of this fee and the surrounding debate, making the connection clear.","Donald Trump told reporters he believes companies will welcome the change, suggesting that higher fees will keep 'very productive people' in the country, which is a direct quote from him.",quote,"Today's quotes about Donald Trump primarily reinforce previous statements regarding the introduction of a high fee on H-1B visas. Trump continues to assert that the $100,000 fee will ensure that only highly skilled workers are brought into the United States, which he believes will benefit the tech industry. He maintains that the fee will deter companies from replacing American workers with foreign labor and will help cut taxes and pay down debt. Trump has accused IT outsourcing firms of abusing the H-1B program and labeled it a national security threat. The administration claims the fee will incentivize hiring American workers. New information includes Trump's statement that the fee will be used to cut taxes and pay down debt, and the confusion among businesses about the details of the H-1B order.","US President Donald Trump announced that new H-1B visas will now attract an annual fee of $100,000.
President Donald Trump framed the new six-figure fee as part of his effort to protect American jobs and national security.
President Trump is imposing higher costs on companies seeking to use the H-1B program in order to address the abuse of the program, stop the undercutting of wages, and protect our national security.
With the hefty new fee, Trump said he's trying to curb abuse of the H-1B program, ensuring only the 'best of the best' will be able to enter the country and take employment this way.
US President Donald Trump on Friday called for a sweeping overhaul of the H-1B visa program, including a $100,000 application fee.
Donald Trump's administration introduced a $100,000 fee for H-1B visa applications, aiming to curb program abuse and protect American jobs."
Sep 2025,2025-09-21,D712A2B0324A91DE3F2ACDF9A0888538,D712A2B0324A91DE3F2ACDF9A0888538-5,White House says new H-1B visa fee applies only to new applicants,"The policy is expected to significantly raise the cost for companies hiring foreign talent. On Friday, Trump said that companies would rather not pay the new fee, and hiring Americans would serve that purpose. ""So there's an incentive to hire American,"" he said.","The sentence discusses how the new policy will raise costs for companies hiring foreign talent, which aligns with the theme of higher costs deterring companies from hiring H-1B visa candidates. It also suggests that companies may prioritize hiring Americans as a result of these increased costs, which connects to the narrative about companies prioritizing domestic candidates over H-1B visa applicants.",Higher costs may deter companies from hiring H-1B visa candidates.,Donald Trump,,PEOP,related,"The sentence discusses the expected increase in costs for companies hiring foreign talent due to a new fee, which directly relates to the introduction of a high fee on H-1B visas. It also mentions the implications of this fee on hiring practices, reinforcing the connection to the theme.","Donald Trump explicitly stated that companies would rather not pay the new fee and that hiring Americans would serve that purpose, which is a direct quote from him.",quote,"Today's quotes about Donald Trump primarily reinforce previous statements regarding the introduction of a high fee on H-1B visas. Trump continues to assert that the $100,000 fee will ensure that only highly skilled workers are brought into the United States, which he believes will benefit the tech industry. He maintains that the fee will deter companies from replacing American workers with foreign labor and will help cut taxes and pay down debt. Trump has accused IT outsourcing firms of abusing the H-1B program and labeled it a national security threat. The administration claims the fee will incentivize hiring American workers. New information includes Trump's statement that the fee will be used to cut taxes and pay down debt, and the confusion among businesses about the details of the H-1B order.","US President Donald Trump announced that new H-1B visas will now attract an annual fee of $100,000.
President Donald Trump framed the new six-figure fee as part of his effort to protect American jobs and national security.
President Trump is imposing higher costs on companies seeking to use the H-1B program in order to address the abuse of the program, stop the undercutting of wages, and protect our national security.
With the hefty new fee, Trump said he's trying to curb abuse of the H-1B program, ensuring only the 'best of the best' will be able to enter the country and take employment this way.
US President Donald Trump on Friday called for a sweeping overhaul of the H-1B visa program, including a $100,000 application fee.
Donald Trump's administration introduced a $100,000 fee for H-1B visa applications, aiming to curb program abuse and protect American jobs."
Sep 2025,2025-09-21,A8A2824B2662AFF0F9090CC8B09D1B35,A8A2824B2662AFF0F9090CC8B09D1B35-1,"White House on H-1B visa price hike: US companies replaced over 40,000 American tech workers with foreigners","Donald Trump's administration introduced a $100,000 fee for H-1B visa applications, aiming to curb program abuse and protect American jobs. The White House claims companies are replacing U.S. workers with lower-paid foreign labor, citing instances of layoffs alongside H-1B approvals. They argue this trend threatens national security and disincentivizes Americans from pursuing STEM careers. US President Donald Trump recently announced the new $100,000 fee for H-1B visa applications. Soon after the announcement, the White House issued a fact sheet to defend the move, citing ""widespread program abuse"" and American job losses. The fee, which applies to all new petitions filed from outside the US, is intended to discourage companies from replacing American workers with lower-paid foreign labour.","The sentence discusses the introduction of a new fee for H-1B visa applications, which is directly related to the proposed tax impacting companies employing H-1B visa holders. It highlights the administration's intent to curb program abuse and protect American jobs, aligning with the narrative of how such a tax could affect companies' hiring practices and their reliance on H-1B visa workers.",A proposed tax impacting companies employing H-1B visa holders.,Donald Trump,,PEOP,related,"The sentence explicitly discusses the introduction of a $100,000 fee for H-1B visa applications by Donald Trump's administration, detailing the reasons behind this fee and its intended effects. It directly relates to the theme of 'Introduction of a high fee on H-1B visas'.","Donald Trump is mentioned as having announced the new $100,000 fee for H-1B visa applications, which is a direct quote of something he has said. However, the sentence also discusses actions taken by his administration, which complicates the clarity of the quote. Since the focus is on what he announced, it can be considered a quote.",quote,"Today's quotes about Donald Trump primarily reinforce previous statements regarding the introduction of a high fee on H-1B visas. Trump continues to assert that the $100,000 fee will ensure that only highly skilled workers are brought into the United States, which he believes will benefit the tech industry. He maintains that the fee will deter companies from replacing American workers with foreign labor and will help cut taxes and pay down debt. Trump has accused IT outsourcing firms of abusing the H-1B program and labeled it a national security threat. The administration claims the fee will incentivize hiring American workers. New information includes Trump's statement that the fee will be used to cut taxes and pay down debt, and the confusion among businesses about the details of the H-1B order.","US President Donald Trump announced that new H-1B visas will now attract an annual fee of $100,000.
President Donald Trump framed the new six-figure fee as part of his effort to protect American jobs and national security.
President Trump is imposing higher costs on companies seeking to use the H-1B program in order to address the abuse of the program, stop the undercutting of wages, and protect our national security.
With the hefty new fee, Trump said he's trying to curb abuse of the H-1B program, ensuring only the 'best of the best' will be able to enter the country and take employment this way.
US President Donald Trump on Friday called for a sweeping overhaul of the H-1B visa program, including a $100,000 application fee.
Donald Trump's administration introduced a $100,000 fee for H-1B visa applications, aiming to curb program abuse and protect American jobs."
Sep 2025,2025-09-21,B7DF5479E184AF4A50A1904EC929EE1E,B7DF5479E184AF4A50A1904EC929EE1E-10,New H-1B visa fee will not apply to existing holders,"The White House said Trump's move was designed to address threats to U.S. national security.
""President Trump is imposing higher costs on companies seeking to use the H-1B program to address the abuse of the program, stop the undercutting of wages, and protect our national security,"" it said.","The sentence discusses President Trump's actions regarding the H-1B program, specifically mentioning the imposition of higher costs on companies. This aligns with the theme of 'Tax increases operational costs for companies employing H-1B visa workers.'",Tax increases operational costs for companies employing H-1B visa workers.,Donald Trump,,PEOP,related,"The sentence discusses President Trump's decision to impose higher costs on companies using the H-1B program, which directly relates to the introduction of a high fee on H-1B visas. It mentions the intention behind the fee increase, linking it to the H-1B program and its implications for national security and wage protection.","Donald Trump is explicitly quoted in the sentence as saying he is imposing higher costs on companies using the H-1B program, which directly relates to the theme of the sentence.",quote,"Today's quotes about Donald Trump primarily reinforce previous statements regarding the introduction of a high fee on H-1B visas. Trump continues to assert that the $100,000 fee will ensure that only highly skilled workers are brought into the United States, which he believes will benefit the tech industry. He maintains that the fee will deter companies from replacing American workers with foreign labor and will help cut taxes and pay down debt. Trump has accused IT outsourcing firms of abusing the H-1B program and labeled it a national security threat. The administration claims the fee will incentivize hiring American workers. New information includes Trump's statement that the fee will be used to cut taxes and pay down debt, and the confusion among businesses about the details of the H-1B order.","US President Donald Trump announced that new H-1B visas will now attract an annual fee of $100,000.
President Donald Trump framed the new six-figure fee as part of his effort to protect American jobs and national security.
President Trump is imposing higher costs on companies seeking to use the H-1B program in order to address the abuse of the program, stop the undercutting of wages, and protect our national security.
With the hefty new fee, Trump said he's trying to curb abuse of the H-1B program, ensuring only the 'best of the best' will be able to enter the country and take employment this way.
US President Donald Trump on Friday called for a sweeping overhaul of the H-1B visa program, including a $100,000 application fee.
Donald Trump's administration introduced a $100,000 fee for H-1B visa applications, aiming to curb program abuse and protect American jobs."
Sep 2025,2025-09-21,B71FBBA4C563B98E8AEEBEE98DA4B70C,B71FBBA4C563B98E8AEEBEE98DA4B70C-7,"US new H-1B visa fee will not apply to existing holders, White House says","""President Trump is imposing higher costs on companies seeking to use the H-1B program in order to address the abuse of the program, stop the undercutting of wages, and protect our national security,"" it said.
Reporting by Jeff Mason in Washington; Additional reporting by Valerie Volcovici in Washington and Rajveer Singh Pardesi in Bengaluru; Editing by Leslie Adler, Marguerita Choy, Andrea Ricci and Michael Perry","The sentence discusses President Trump's actions to impose higher costs on companies using the H-1B program, which directly relates to the theme of 'Tax increases operational costs for companies employing H-1B visa workers.'",Tax increases operational costs for companies employing H-1B visa workers.,Donald Trump,,PEOP,related,"The sentence discusses President Trump's decision to impose higher costs on companies using the H-1B program, which directly relates to the introduction of a high fee on H-1B visas. It addresses the rationale behind the fee increase, linking it to program abuse and wage undercutting, thus establishing a clear connection to the theme.","Donald Trump is mentioned in the context of imposing higher costs on companies seeking to use the H-1B program, which is a direct quote attributed to him.",quote,"Today's quotes about Donald Trump primarily reinforce previous statements regarding the introduction of a high fee on H-1B visas. Trump continues to assert that the $100,000 fee will ensure that only highly skilled workers are brought into the United States, which he believes will benefit the tech industry. He maintains that the fee will deter companies from replacing American workers with foreign labor and will help cut taxes and pay down debt. Trump has accused IT outsourcing firms of abusing the H-1B program and labeled it a national security threat. The administration claims the fee will incentivize hiring American workers. New information includes Trump's statement that the fee will be used to cut taxes and pay down debt, and the confusion among businesses about the details of the H-1B order.","US President Donald Trump announced that new H-1B visas will now attract an annual fee of $100,000.
President Donald Trump framed the new six-figure fee as part of his effort to protect American jobs and national security.
President Trump is imposing higher costs on companies seeking to use the H-1B program in order to address the abuse of the program, stop the undercutting of wages, and protect our national security.
With the hefty new fee, Trump said he's trying to curb abuse of the H-1B program, ensuring only the 'best of the best' will be able to enter the country and take employment this way.
US President Donald Trump on Friday called for a sweeping overhaul of the H-1B visa program, including a $100,000 application fee.
Donald Trump's administration introduced a $100,000 fee for H-1B visa applications, aiming to curb program abuse and protect American jobs."
Sep 2025,2025-09-21,B2A220335D70D1B6FD3509156316C797,B2A220335D70D1B6FD3509156316C797-2,White House says new H-1B visa fee applies only to new applicants,"U.S. President Donald Trump on Friday signed a proclamation raising the fee that companies pay to sponsor H-1B applicants to 100,000 dollars, saying the move is intended to ensure that the United States brings in highly skilled talent whom American workers cannot replace.
Following the announcement, companies such as Microsoft and Amazon have advised H-1B employees to avoid international travel or return to the United States before the policy takes effect, according to media reports.
The policy is expected to significantly raise the cost for companies hiring foreign talent. On Friday, Trump said that companies would rather not pay the new fee, and hiring Americans would serve that purpose. ""So there's an incentive to hire American,"" he said.","The sentence discusses a new fee imposed on companies sponsoring H-1B applicants, which is expected to raise costs for hiring foreign talent. This aligns with the theme of how a proposed tax impacts companies employing H-1B visa holders, as it highlights the financial implications and the potential shift in hiring practices towards domestic candidates.",A proposed tax impacting companies employing H-1B visa holders.,Donald Trump,,PEOP,related,"The sentence clearly discusses the signing of a proclamation by President Trump that raises the fee for sponsoring H-1B applicants to 100,000 dollars. It directly relates to the theme of introducing a high fee on H-1B visas, as it outlines the specifics of the fee increase and its implications for companies hiring foreign talent.","Donald Trump explicitly stated, 'So there's an incentive to hire American,' which is a direct quote from him regarding the new fee on H-1B visas.",quote,"Today's quotes about Donald Trump primarily reinforce previous statements regarding the introduction of a high fee on H-1B visas. Trump continues to assert that the $100,000 fee will ensure that only highly skilled workers are brought into the United States, which he believes will benefit the tech industry. He maintains that the fee will deter companies from replacing American workers with foreign labor and will help cut taxes and pay down debt. Trump has accused IT outsourcing firms of abusing the H-1B program and labeled it a national security threat. The administration claims the fee will incentivize hiring American workers. New information includes Trump's statement that the fee will be used to cut taxes and pay down debt, and the confusion among businesses about the details of the H-1B order.","US President Donald Trump announced that new H-1B visas will now attract an annual fee of $100,000.
President Donald Trump framed the new six-figure fee as part of his effort to protect American jobs and national security.
President Trump is imposing higher costs on companies seeking to use the H-1B program in order to address the abuse of the program, stop the undercutting of wages, and protect our national security.
With the hefty new fee, Trump said he's trying to curb abuse of the H-1B program, ensuring only the 'best of the best' will be able to enter the country and take employment this way.
US President Donald Trump on Friday called for a sweeping overhaul of the H-1B visa program, including a $100,000 application fee.
Donald Trump's administration introduced a $100,000 fee for H-1B visa applications, aiming to curb program abuse and protect American jobs."
Sep 2025,2025-09-21,BCE2C54580C16D2787D7AD7954DF53FC,BCE2C54580C16D2787D7AD7954DF53FC-5,"American companies laid off over 40,000 US tech workers, replaced them with H-1B visa holders: White House","The White House statement, dubbed a fact sheet, said the from pursuing STEM careers, threatening national security.
""President Trump is imposing higher costs on companies seeking to use the H-1B program in order to address the abuse of the program, stop the undercutting of wages, and protect our national security,"" it added.","The sentence discusses the imposition of higher costs on companies using the H-1B program, which directly relates to the theme of 'Tax increases operational costs for companies employing H-1B visa workers.' It highlights the financial implications of the policy on companies seeking to employ H-1B visa holders.",Tax increases operational costs for companies employing H-1B visa workers.,Donald Trump,,PEOP,related,"The sentence discusses President Trump's decision to impose higher costs on companies using the H-1B program, which directly relates to the introduction of a high fee on H-1B visas. It highlights the intention behind the fee increase, linking it to the protection of national security and addressing program abuse.",Donald Trump is quoted in the sentence as having said that he is imposing higher costs on companies seeking to use the H-1B program. This is a direct quotation of his statement regarding the H-1B visa fees.,quote,"Today's quotes about Donald Trump primarily reinforce previous statements regarding the introduction of a high fee on H-1B visas. Trump continues to assert that the $100,000 fee will ensure that only highly skilled workers are brought into the United States, which he believes will benefit the tech industry. He maintains that the fee will deter companies from replacing American workers with foreign labor and will help cut taxes and pay down debt. Trump has accused IT outsourcing firms of abusing the H-1B program and labeled it a national security threat. The administration claims the fee will incentivize hiring American workers. New information includes Trump's statement that the fee will be used to cut taxes and pay down debt, and the confusion among businesses about the details of the H-1B order.","US President Donald Trump announced that new H-1B visas will now attract an annual fee of $100,000.
President Donald Trump framed the new six-figure fee as part of his effort to protect American jobs and national security.
President Trump is imposing higher costs on companies seeking to use the H-1B program in order to address the abuse of the program, stop the undercutting of wages, and protect our national security.
With the hefty new fee, Trump said he's trying to curb abuse of the H-1B program, ensuring only the 'best of the best' will be able to enter the country and take employment this way.
US President Donald Trump on Friday called for a sweeping overhaul of the H-1B visa program, including a $100,000 application fee.
Donald Trump's administration introduced a $100,000 fee for H-1B visa applications, aiming to curb program abuse and protect American jobs."
Sep 2025,2025-09-22,77708FB209E4C57B0C4B36B5BDF835A7,77708FB209E4C57B0C4B36B5BDF835A7-1,"""I've worked on H1-B politics for 30 years,"" Netflix co-founder says US' $100k H-1B tax is...","Netflix's Reed Hastings surprisingly backs Trump's $100,000 H-1B visa fee, a move that sharply contrasts with the widespread Silicon Valley opposition. Hastings believes the fee will reserve H-1B visas for high-value jobs, eliminating the need for a lottery. The White House clarified it's a one-time fee for new petitions, causing confusion and concern among tech companies, especially startups. Netflix co-founder Reed Hastings has endorsed President Donald Trump's new $100,000 H-1B visa fee, breaking ranks with most Silicon Valley leaders who have criticised the policy as harmful to innovation and startup growth. In a post on X, Hastings wrote: ""I've worked on H1-B politics for 30 years. Trump's $100k per year tax is a great solution.","The sentence discusses Reed Hastings' support for a new $100,000 fee for H-1B visas, which aligns with the theme of a proposed tax impacting companies employing H-1B visa holders. It highlights the contrasting views within the tech industry regarding the implications of this fee on job allocation and innovation.",A proposed tax impacting companies employing H-1B visa holders.,Donald Trump,,PEOP,related,"The sentence discusses Reed Hastings' support for a $100,000 fee on H-1B visas, which directly relates to the theme of the introduction of a high fee on H-1B visas. It provides context about the fee, its implications, and the contrasting opinions within the tech industry, making the connection clear.","Donald Trump is quoted in the context of Reed Hastings endorsing his proposed $100,000 H-1B visa fee. The sentence includes a direct quote from Hastings that references Trump's fee, indicating that it is something Trump has said regarding the H-1B visa policy.",quote,"Today's quotes about Donald Trump primarily reinforce previous statements regarding the introduction of a high fee on H-1B visas. Trump continues to assert that the $100,000 fee will ensure that only highly skilled workers are brought into the United States, which he believes will benefit the tech industry. He maintains that the fee will deter companies from replacing American workers with foreign labor. New information includes Netflix's Reed Hastings surprisingly backing Trump's $100,000 H-1B visa fee, contrasting with the widespread Silicon Valley opposition. The White House clarified that the fee is a one-time charge for new petitions, causing confusion among tech companies. Trump reiterated that the fee is necessary to address the abuse of the H-1B program while still permitting companies to hire the best temporary foreign workers.","Netflix's Reed Hastings surprisingly backs Trump's $100,000 H-1B visa fee, a move that sharply contrasts with the widespread Silicon Valley opposition.
The White House clarified it's a one-time fee for new petitions, causing confusion and concern among tech companies, especially startups.
""It is therefore necessary to impose higher costs on companies seeking to use the H-1B program in order to address the abuse of that program while still permitting companies to hire the best of the best temporary foreign workers,"" Mr. Trump said in his order."
Sep 2025,2025-09-22,8E42C308771E622943891B666A62D205,8E42C308771E622943891B666A62D205-10,"The $100,000 H-1B gamble: Why Donald Trump's visa tax won't save American jobs - winners and losers","Commerce secretary Howard Lutnick
Proponents: Trump told reporters in the Oval Office, ""We're having people come in, people that in many cases are very successful or whatever, as opposed to walking over the borders.""
MAGA activists blasted him for softening the measure by making the fee one-time instead of annual. One fumed on X: ""This isn't miscommunication. Trump chickened out yet again.""
Critics: Nasscom, India's IT industry body, warned the move could disrupt business continuity and cause ""ripple effects on America's innovation ecosystem.""
Workers: At San Francisco airport, immigrants rushed home after companies urged staff to return before the fee deadline. ""It's quite tragic. We have built a life here,"" one engineer told Reuters.","The sentence discusses the potential negative impact of a proposed fee on business continuity and innovation, which aligns with the theme of how tax or fee changes may affect innovation driven by skilled workers, particularly in the context of H-1B visa holders.",Tax may impact innovation driven by H-1B visa talent.,Donald Trump,,PEOP,related,"The sentence discusses reactions to a proposed fee related to H-1B visas, specifically mentioning that the fee would be one-time instead of annual, which directly relates to the theme of 'Introduction of a high fee on H-1B visas'.","Donald Trump is quoted directly in the sentence saying, ""We're having people come in, people that in many cases are very successful or whatever, as opposed to walking over the borders."" This is a clear instance of him expressing his views verbally.",quote,"Today's quotes about Donald Trump primarily reinforce previous statements regarding the introduction of a high fee on H-1B visas. Trump continues to assert that the $100,000 fee will ensure that only highly skilled workers are brought into the United States, which he believes will benefit the tech industry. He maintains that the fee will deter companies from replacing American workers with foreign labor. New information includes Netflix's Reed Hastings surprisingly backing Trump's $100,000 H-1B visa fee, contrasting with the widespread Silicon Valley opposition. The White House clarified that the fee is a one-time charge for new petitions, causing confusion among tech companies. Trump reiterated that the fee is necessary to address the abuse of the H-1B program while still permitting companies to hire the best temporary foreign workers.","Netflix's Reed Hastings surprisingly backs Trump's $100,000 H-1B visa fee, a move that sharply contrasts with the widespread Silicon Valley opposition.
The White House clarified it's a one-time fee for new petitions, causing confusion and concern among tech companies, especially startups.
""It is therefore necessary to impose higher costs on companies seeking to use the H-1B program in order to address the abuse of that program while still permitting companies to hire the best of the best temporary foreign workers,"" Mr. Trump said in his order."
Sep 2025,2025-09-22,7F084B6D57F40BC9A3135E7E9A99D7CA,7F084B6D57F40BC9A3135E7E9A99D7CA-8,"The $100,000 H-1B gamble: Why Donald Trump's visa tax won't save American jobs - winners and losers","The new fee could accelerate a ""reverse brain drain"": skilled engineers returning to India and fueling its AI and SaaS boom.
""Trump's $100,000 H-1B fee is economic suicide for America,"" . ""It will force Indian talent to go home ... driving innovation out of the US and handing India an economic gift.""","The sentence discusses how the new fee may lead to skilled engineers returning to India, which aligns with the theme of tax impacting the availability of H-1B visa workers and potentially exacerbating shortages in specialized skills from these workers. It highlights the negative consequences of the tax on innovation in the US, suggesting that it may limit the contributions of H-1B visa talent.",Tax may exacerbate shortages in specialized skills from H-1B visa workers.,Donald Trump,,PEOP,related,"The sentence discusses the implications of a high fee on H-1B visas, specifically mentioning a $100,000 fee and its potential effects on skilled engineers returning to India. This directly relates to the theme of the introduction of a high fee on H-1B visas and its economic consequences.","Donald Trump is quoted directly in the sentence stating that the $100,000 H-1B fee is economic suicide for America. This is a clear quotation of his words.",quote,"Today's quotes about Donald Trump primarily reinforce previous statements regarding the introduction of a high fee on H-1B visas. Trump continues to assert that the $100,000 fee will ensure that only highly skilled workers are brought into the United States, which he believes will benefit the tech industry. He maintains that the fee will deter companies from replacing American workers with foreign labor. New information includes Netflix's Reed Hastings surprisingly backing Trump's $100,000 H-1B visa fee, contrasting with the widespread Silicon Valley opposition. The White House clarified that the fee is a one-time charge for new petitions, causing confusion among tech companies. Trump reiterated that the fee is necessary to address the abuse of the H-1B program while still permitting companies to hire the best temporary foreign workers.","Netflix's Reed Hastings surprisingly backs Trump's $100,000 H-1B visa fee, a move that sharply contrasts with the widespread Silicon Valley opposition.
The White House clarified it's a one-time fee for new petitions, causing confusion and concern among tech companies, especially startups.
""It is therefore necessary to impose higher costs on companies seeking to use the H-1B program in order to address the abuse of that program while still permitting companies to hire the best of the best temporary foreign workers,"" Mr. Trump said in his order."
Sep 2025,2025-09-22,7F084B6D57F40BC9A3135E7E9A99D7CA,7F084B6D57F40BC9A3135E7E9A99D7CA-9,"The $100,000 H-1B gamble: Why Donald Trump's visa tax won't save American jobs - winners and losers","What they are saying
Proponents: Trump told reporters in the Oval Office, ""We're having people come in, people that in many cases are very successful or whatever, as opposed to walking over the borders."" MAGA activists blasted him for softening the measure by making the fee one-time instead of annual. One fumed on X: ""This isn't miscommunication. Trump chickened out yet again."" Critics: Nasscom, India's IT industry body, warned the move could disrupt business continuity and cause ""ripple effects on America's innovation ecosystem."" Workers: At San Francisco airport, immigrants rushed home after companies urged staff to return before the fee deadline. ""It's quite tragic. We have built a life here,"" one engineer told Reuters.","The sentence discusses the potential impact of a proposed fee on immigration policies and its implications for business continuity and innovation, which relates to the broader theme of how such policies may affect companies employing H-1B visa holders. The mention of disruption to business continuity and innovation aligns with the narrative about the tax impacting companies that rely on skilled workers, including those on H-1B visas.",Tax may impact innovation driven by H-1B visa talent.,Donald Trump,,PEOP,related,"The sentence discusses reactions to a proposed fee structure related to H-1B visas, specifically mentioning a one-time fee instead of an annual fee. This indicates a direct connection to the theme of 'Introduction of a high fee on H-1B visas'.","Donald Trump explicitly told reporters in the Oval Office, making a direct quote about immigration and border control.",quote,"Today's quotes about Donald Trump primarily reinforce previous statements regarding the introduction of a high fee on H-1B visas. Trump continues to assert that the $100,000 fee will ensure that only highly skilled workers are brought into the United States, which he believes will benefit the tech industry. He maintains that the fee will deter companies from replacing American workers with foreign labor. New information includes Netflix's Reed Hastings surprisingly backing Trump's $100,000 H-1B visa fee, contrasting with the widespread Silicon Valley opposition. The White House clarified that the fee is a one-time charge for new petitions, causing confusion among tech companies. Trump reiterated that the fee is necessary to address the abuse of the H-1B program while still permitting companies to hire the best temporary foreign workers.","Netflix's Reed Hastings surprisingly backs Trump's $100,000 H-1B visa fee, a move that sharply contrasts with the widespread Silicon Valley opposition.
The White House clarified it's a one-time fee for new petitions, causing confusion and concern among tech companies, especially startups.
""It is therefore necessary to impose higher costs on companies seeking to use the H-1B program in order to address the abuse of that program while still permitting companies to hire the best of the best temporary foreign workers,"" Mr. Trump said in his order."
Sep 2025,2025-09-22,317D308116C2F4D0213B4E711900EE19,317D308116C2F4D0213B4E711900EE19-1,Winners and losers from Trump's H-1B visa shake-up,"Global tech companies are scrambling to respond after President Trump announced a $100,000 fee for H-1B work visa applications - as other countries look to capitalize in the race for talent.","The sentence discusses a new fee for H-1B work visa applications, which directly relates to the proposed tax impacting companies employing H-1B visa holders. It highlights the immediate reaction of global tech companies to this financial burden, indicating a significant change in the landscape of H-1B visa hiring.",A proposed tax impacting companies employing H-1B visa holders.,Donald Trump,,PEOP,related,"The sentence directly mentions a $100,000 fee for H-1B work visa applications, which is clearly related to the theme of 'Introduction of a high fee on H-1B visas'. It discusses the implications of this fee on global tech companies and the competition for talent, aligning well with the context provided by the title.","Donald Trump announced a $100,000 fee for H-1B work visa applications, which is a direct quote of something he has said.",quote,"Today's quotes about Donald Trump primarily reinforce previous statements regarding the introduction of a high fee on H-1B visas. Trump continues to assert that the $100,000 fee will ensure that only highly skilled workers are brought into the United States, which he believes will benefit the tech industry. He maintains that the fee will deter companies from replacing American workers with foreign labor. New information includes Netflix's Reed Hastings surprisingly backing Trump's $100,000 H-1B visa fee, contrasting with the widespread Silicon Valley opposition. The White House clarified that the fee is a one-time charge for new petitions, causing confusion among tech companies. Trump reiterated that the fee is necessary to address the abuse of the H-1B program while still permitting companies to hire the best temporary foreign workers.","Netflix's Reed Hastings surprisingly backs Trump's $100,000 H-1B visa fee, a move that sharply contrasts with the widespread Silicon Valley opposition.
The White House clarified it's a one-time fee for new petitions, causing confusion and concern among tech companies, especially startups.
""It is therefore necessary to impose higher costs on companies seeking to use the H-1B program in order to address the abuse of that program while still permitting companies to hire the best of the best temporary foreign workers,"" Mr. Trump said in his order."
Sep 2025,2025-09-22,8131ED31ABCEA91755F851415F25F088,8131ED31ABCEA91755F851415F25F088-10,"Here's what immigration attorneys say about Trump's $100,000 H-1B fee","""It is therefore necessary to impose higher costs on companies seeking to use the H-1B program in order to address the abuse of that program while still permitting companies to hire the best of the best temporary foreign workers,"" Mr. Trump said in his order.","The sentence discusses the necessity of imposing higher costs on companies using the H-1B program, which directly relates to the theme of 'Tax increases operational costs for companies employing H-1B visa workers.' It highlights the intention behind the tax as a means to regulate the program while allowing for the hiring of skilled workers.",Tax increases operational costs for companies employing H-1B visa workers.,Donald Trump,,PEOP,related,"The sentence discusses the necessity of imposing higher costs on companies using the H-1B program, which directly relates to the introduction of a high fee on H-1B visas as mentioned in the title. It indicates a clear connection to the theme.","Donald Trump explicitly stated the necessity to impose higher costs on companies using the H-1B program, which is a direct quote from him.",quote,"Today's quotes about Donald Trump primarily reinforce previous statements regarding the introduction of a high fee on H-1B visas. Trump continues to assert that the $100,000 fee will ensure that only highly skilled workers are brought into the United States, which he believes will benefit the tech industry. He maintains that the fee will deter companies from replacing American workers with foreign labor. New information includes Netflix's Reed Hastings surprisingly backing Trump's $100,000 H-1B visa fee, contrasting with the widespread Silicon Valley opposition. The White House clarified that the fee is a one-time charge for new petitions, causing confusion among tech companies. Trump reiterated that the fee is necessary to address the abuse of the H-1B program while still permitting companies to hire the best temporary foreign workers.","Netflix's Reed Hastings surprisingly backs Trump's $100,000 H-1B visa fee, a move that sharply contrasts with the widespread Silicon Valley opposition.
The White House clarified it's a one-time fee for new petitions, causing confusion and concern among tech companies, especially startups.
""It is therefore necessary to impose higher costs on companies seeking to use the H-1B program in order to address the abuse of that program while still permitting companies to hire the best of the best temporary foreign workers,"" Mr. Trump said in his order."
Sep 2025,2025-09-22,DC4E1B3D4AE347323A93BC8C30806D5C,DC4E1B3D4AE347323A93BC8C30806D5C-7,H-1B visa fee hike may force startups to rethink the 'American dream',"Former NITI Aayog CEO Amitabh Kant said: ""Donald Trump's $100,000 H-1B fee will choke US innovation and turbocharge India's. By slamming the door on global talent, America pushes the next wave of labs, patents, innovation and startups to Bangalore and Hyderabad, Pune and Gurgaon.""","The sentence discusses how the proposed fee for H-1B visas could negatively impact innovation in the US while benefiting India's innovation landscape. This aligns with the theme that tax may impact innovation driven by H-1B visa talent, as it suggests that limiting access to global talent will hinder US innovation efforts.",Tax may impact innovation driven by H-1B visa talent.,Donald Trump,,PEOP,related,"The sentence discusses the implications of a high fee on H-1B visas, specifically mentioning a $100,000 fee and its potential impact on US innovation and the movement of talent to India. This directly relates to the theme of the introduction of a high fee on H-1B visas.","Donald Trump is explicitly quoted in the sentence regarding the $100,000 H-1B fee, which is a statement attributed to him.",quote,"Today's quotes about Donald Trump primarily reinforce previous statements regarding the introduction of a high fee on H-1B visas. Trump continues to assert that the $100,000 fee will ensure that only highly skilled workers are brought into the United States, which he believes will benefit the tech industry. He maintains that the fee will deter companies from replacing American workers with foreign labor. New information includes Netflix's Reed Hastings surprisingly backing Trump's $100,000 H-1B visa fee, contrasting with the widespread Silicon Valley opposition. The White House clarified that the fee is a one-time charge for new petitions, causing confusion among tech companies. Trump reiterated that the fee is necessary to address the abuse of the H-1B program while still permitting companies to hire the best temporary foreign workers.","Netflix's Reed Hastings surprisingly backs Trump's $100,000 H-1B visa fee, a move that sharply contrasts with the widespread Silicon Valley opposition.
The White House clarified it's a one-time fee for new petitions, causing confusion and concern among tech companies, especially startups.
""It is therefore necessary to impose higher costs on companies seeking to use the H-1B program in order to address the abuse of that program while still permitting companies to hire the best of the best temporary foreign workers,"" Mr. Trump said in his order."
Sep 2025,2025-09-22,FAAB21ECD0047ADF59AF124A56C59BD9,FAAB21ECD0047ADF59AF124A56C59BD9-1,"Trump's $100,000 visa plan could hit these companies the hardest","As President Donald Trump's H-1B visa fee plan rattles corporate America, Baird has data that can give clues on which technology and services sector companies could be hit the hardest. Trump said late Friday he would place a $100,000 tax on the visa program, which is known to help companies get highly skilled workers from places like India and China. The White House clarified that it would be applicable only to new visas and is not an annual charge. Still, the change sent companies and governments around the world scrambling to assess implications over the weekend. Given that, Baird provided clients with a list of companies within the consulting and professional services industry and their average application approvals between 2015 and 2024.","The sentence discusses President Trump's proposed $100,000 tax on the H-1B visa program, which directly relates to the theme of a proposed tax impacting companies employing H-1B visa holders. It highlights the potential impact on corporate America and mentions the implications for companies seeking skilled workers, aligning with the narrative of how such a tax could affect recruitment and operational strategies.",A proposed tax impacting companies employing H-1B visa holders.,Donald Trump,,PEOP,related,"The sentence discusses President Trump's plan to introduce a $100,000 fee on H-1B visas, which directly relates to the theme of 'Introduction of a high fee on H-1B visas'. It mentions the implications of this fee on corporate America and identifies the sectors that could be affected, clearly establishing a connection to the theme.","Donald Trump explicitly stated that he would place a $100,000 tax on the visa program, which is a direct quote of his words.",quote,"Today's quotes about Donald Trump primarily reinforce previous statements regarding the introduction of a high fee on H-1B visas. Trump continues to assert that the $100,000 fee will ensure that only highly skilled workers are brought into the United States, which he believes will benefit the tech industry. He maintains that the fee will deter companies from replacing American workers with foreign labor. New information includes Netflix's Reed Hastings surprisingly backing Trump's $100,000 H-1B visa fee, contrasting with the widespread Silicon Valley opposition. The White House clarified that the fee is a one-time charge for new petitions, causing confusion among tech companies. Trump reiterated that the fee is necessary to address the abuse of the H-1B program while still permitting companies to hire the best temporary foreign workers.","Netflix's Reed Hastings surprisingly backs Trump's $100,000 H-1B visa fee, a move that sharply contrasts with the widespread Silicon Valley opposition.
The White House clarified it's a one-time fee for new petitions, causing confusion and concern among tech companies, especially startups.
""It is therefore necessary to impose higher costs on companies seeking to use the H-1B program in order to address the abuse of that program while still permitting companies to hire the best of the best temporary foreign workers,"" Mr. Trump said in his order."
Sep 2025,2025-09-22,E269A9FAE7495B54D312059AB157F4AB,E269A9FAE7495B54D312059AB157F4AB-5,"5 things to know for Sept. 22: Charlie Kirk memorial, Jimmy Kimmel, Super typhoon, Immigration, Middle East","President Trump recently announced that he is raising the annual fee for H-1B visa applicants from $215 to $100,000 - potentially dealing a major blow to some US industries that rely on skilled foreign workers. It marks the latest in a series of efforts by the administration to crack down on immigration and place sharp new limits on the types of foreigners allowed into the country. The hefty fee, which took effect Sunday at midnight, will incentivize companies to hire American workers, Trump said. Also over the weekend, California became the first state to ban most law enforcement officers from covering their faces during operations. The ban is a direct response to recent immigration raids in Los Angeles, where federal agents wore masks while making mass arrests.","The sentence discusses the significant increase in fees for H-1B visa applicants, which directly relates to the proposed tax impacting companies employing H-1B visa holders. The mention of the fee increase and its potential impact on industries that rely on skilled foreign workers aligns with the theme of how such a tax could affect companies' hiring practices and operational costs.",A proposed tax impacting companies employing H-1B visa holders.,Donald Trump,,PEOP,related,"The sentence discusses the increase in the annual fee for H-1B visa applicants, specifically mentioning the new fee amount and its implications for US industries that depend on skilled foreign workers. This directly relates to the theme of 'Introduction of a high fee on H-1B visas'.","Donald Trump is quoted as saying that the hefty fee will incentivize companies to hire American workers, which is a direct statement attributed to him.",quote,"Today's quotes about Donald Trump primarily reinforce previous statements regarding the introduction of a high fee on H-1B visas. Trump continues to assert that the $100,000 fee will ensure that only highly skilled workers are brought into the United States, which he believes will benefit the tech industry. He maintains that the fee will deter companies from replacing American workers with foreign labor. New information includes Netflix's Reed Hastings surprisingly backing Trump's $100,000 H-1B visa fee, contrasting with the widespread Silicon Valley opposition. The White House clarified that the fee is a one-time charge for new petitions, causing confusion among tech companies. Trump reiterated that the fee is necessary to address the abuse of the H-1B program while still permitting companies to hire the best temporary foreign workers.","Netflix's Reed Hastings surprisingly backs Trump's $100,000 H-1B visa fee, a move that sharply contrasts with the widespread Silicon Valley opposition.
The White House clarified it's a one-time fee for new petitions, causing confusion and concern among tech companies, especially startups.
""It is therefore necessary to impose higher costs on companies seeking to use the H-1B program in order to address the abuse of that program while still permitting companies to hire the best of the best temporary foreign workers,"" Mr. Trump said in his order."
Sep 2025,2025-09-22,F05056C0C31D29CC8ED3F8698785C91C,F05056C0C31D29CC8ED3F8698785C91C-3,Japanese Stocks Gain as BOJ Unveils Gradual ETF Unwind Plan,"In the US, the tech industry is contending with a sharp rise in H-1B visa fees. US President Donald Trump called for a sweeping overhaul of the H-1B visa program, including a $100,000 application fee, affecting tech companies that have long depended on the program to recruit global talent.","The sentence discusses the increase in H-1B visa fees and the proposed overhaul of the H-1B visa program, which directly impacts companies that rely on this program for recruitment. This aligns with the theme of a proposed tax impacting companies employing H-1B visa holders.",A proposed tax impacting companies employing H-1B visa holders.,Donald Trump,,PEOP,related,"The sentence discusses the rise in H-1B visa fees and mentions a specific proposed fee of $100,000, which directly relates to the theme of 'Introduction of a high fee on H-1B visas'.","Donald Trump is mentioned as having called for a sweeping overhaul of the H-1B visa program, which includes a specific fee. This indicates a direct quote of something he has said regarding the H-1B visa program.",quote,"Today's quotes about Donald Trump primarily reinforce previous statements regarding the introduction of a high fee on H-1B visas. Trump continues to assert that the $100,000 fee will ensure that only highly skilled workers are brought into the United States, which he believes will benefit the tech industry. He maintains that the fee will deter companies from replacing American workers with foreign labor. New information includes Netflix's Reed Hastings surprisingly backing Trump's $100,000 H-1B visa fee, contrasting with the widespread Silicon Valley opposition. The White House clarified that the fee is a one-time charge for new petitions, causing confusion among tech companies. Trump reiterated that the fee is necessary to address the abuse of the H-1B program while still permitting companies to hire the best temporary foreign workers.","Netflix's Reed Hastings surprisingly backs Trump's $100,000 H-1B visa fee, a move that sharply contrasts with the widespread Silicon Valley opposition.
The White House clarified it's a one-time fee for new petitions, causing confusion and concern among tech companies, especially startups.
""It is therefore necessary to impose higher costs on companies seeking to use the H-1B program in order to address the abuse of that program while still permitting companies to hire the best of the best temporary foreign workers,"" Mr. Trump said in his order."
Sep 2025,2025-09-22,D33F5CA2E33CA46E15032F56E5BFC495,D33F5CA2E33CA46E15032F56E5BFC495-8,"Asian Shares Gain, Indian Tech Firms Fall on H-1B: Markets Wrap","Garfield Reynolds, MLIV Asia Team Leader.
On Friday, Trump also called for a sweeping overhaul of the H-1B visa program, including a $100,000 application fee. The move rattled companies that have long depended on the program to recruit global talent, particularly in California's tech-heavy economy, where employers rely on skilled computer programmers, data analysts and engineers.","The sentence discusses a proposed overhaul of the H-1B visa program, specifically mentioning a significant application fee that could impact companies relying on H-1B visa workers. This aligns with the theme of 'A proposed tax impacting companies employing H-1B visa holders.'",A proposed tax impacting companies employing H-1B visa holders.,Donald Trump,,PEOP,related,"The sentence discusses Trump's call for a significant overhaul of the H-1B visa program, specifically mentioning a $100,000 application fee. This directly relates to the theme of introducing a high fee on H-1B visas, as it highlights the proposed financial burden on companies that utilize this visa program.","Donald Trump is mentioned as having called for a sweeping overhaul of the H-1B visa program, which includes a specific application fee. This indicates a direct quote of something he has said regarding the visa program.",quote,"Today's quotes about Donald Trump primarily reinforce previous statements regarding the introduction of a high fee on H-1B visas. Trump continues to assert that the $100,000 fee will ensure that only highly skilled workers are brought into the United States, which he believes will benefit the tech industry. He maintains that the fee will deter companies from replacing American workers with foreign labor. New information includes Netflix's Reed Hastings surprisingly backing Trump's $100,000 H-1B visa fee, contrasting with the widespread Silicon Valley opposition. The White House clarified that the fee is a one-time charge for new petitions, causing confusion among tech companies. Trump reiterated that the fee is necessary to address the abuse of the H-1B program while still permitting companies to hire the best temporary foreign workers.","Netflix's Reed Hastings surprisingly backs Trump's $100,000 H-1B visa fee, a move that sharply contrasts with the widespread Silicon Valley opposition.
The White House clarified it's a one-time fee for new petitions, causing confusion and concern among tech companies, especially startups.
""It is therefore necessary to impose higher costs on companies seeking to use the H-1B program in order to address the abuse of that program while still permitting companies to hire the best of the best temporary foreign workers,"" Mr. Trump said in his order."
Sep 2025,2025-09-23,63F75AB7FF3F0E72D48336D37C4EF594,63F75AB7FF3F0E72D48336D37C4EF594-11,Big tech stocks hit by Hb-1 nightmare,"Despite President Trump's statement that companies would be ""very happy"" about the order, analysts and company leaders expressed concern about potential downsizing and workforce disruption.
Some companies might work around the H-1B visa fee by hiring talent in countries like India, where Big Tech is already building innovation hubs, experts told Reuters.
We probably have to reduce the number of H-1B visa workers we can hire. Some companies may have to outsource some of their workforce. Hire maybe in India or other countries just to walk around this H-1B problem, said Sam Liang, CEO of artificial intelligence transcription start-up Otter.","The sentence discusses how companies may respond to the challenges posed by the H-1B visa situation by potentially hiring talent in other countries, which relates to the theme of companies altering recruitment strategies to minimize H-1B visa reliance.",Companies may alter recruitment strategies to minimize H-1B visa reliance.,Donald Trump,,PEOP,related,"The sentence discusses the potential impact of the H-1B visa fee on companies, including concerns about downsizing and the possibility of hiring talent in other countries to circumvent the fee. This indicates a direct connection to the theme of 'Introduction of a high fee on H-1B visas'.",Donald Trump is mentioned in relation to a statement he made about companies being 'very happy' about the order. This indicates that the sentence includes a direct quote from him.,quote,"Today's quotes about Donald Trump primarily reinforce previous statements regarding the introduction of a high fee on H-1B visas. Trump continues to assert that the $100,000 fee will ensure that only highly skilled workers are brought into the United States, which he believes will benefit the tech industry. He maintains that the fee will deter companies from replacing American workers with foreign labor. New information includes Trump's past campaign promise to automatically grant green cards to college graduates, which contrasts with the current $100,000 fee proposal. Additionally, Trump claims that companies will prefer to avoid paying the new fee, thus incentivizing them to hire American workers.","""Despite President Trump's statement that companies would be 'very happy' about the order, analysts and company leaders expressed concern about potential downsizing and workforce disruption.""
""You GRADUATE from a college, I think you should get, automatically as part of your diploma, a green card [permanent residence in the United States],"" promised Donald Trump on the campaign trail last year.""
""Trump claims companies will prefer to avoid paying the new fee, and hiring Americans would allow them to do so. 'So there's an incentive to hire Americans,' he said."""
Sep 2025,2025-09-23,0DD552F8B36567FF57779EB037A0D95A,0DD552F8B36567FF57779EB037A0D95A-17,Big tech stocks hit by Hb-1 nightmare,"Despite President Trump's statement that companies would be ""very happy"" about the order, analysts and company leaders expressed concern about potential downsizing and workforce disruption.
Some companies might work around the H-1B visa fee by hiring talent in countries like India, where Big Tech is already building innovation hubs, experts told Reuters.","The sentence discusses how companies might circumvent the H-1B visa fee by hiring talent from other countries, which relates to the theme of companies altering recruitment strategies to minimize H-1B visa reliance. It also touches on the potential impact on workforce planning and the global talent strategy, indicating a shift in how companies may approach hiring skilled workers.",Companies may alter recruitment strategies to minimize H-1B visa reliance.,Donald Trump,,PEOP,related,"The sentence discusses concerns from analysts and company leaders regarding potential downsizing and workforce disruption related to H-1B visas, as well as companies potentially circumventing the high fee by hiring talent from other countries. This indicates a connection to the theme of high fees on H-1B visas, as it highlights the implications of such fees on hiring practices.",Donald Trump is quoted in the sentence as having made a statement about companies being 'very happy' regarding an order. This is a direct quotation of his words.,quote,"Today's quotes about Donald Trump primarily reinforce previous statements regarding the introduction of a high fee on H-1B visas. Trump continues to assert that the $100,000 fee will ensure that only highly skilled workers are brought into the United States, which he believes will benefit the tech industry. He maintains that the fee will deter companies from replacing American workers with foreign labor. New information includes Trump's past campaign promise to automatically grant green cards to college graduates, which contrasts with the current $100,000 fee proposal. Additionally, Trump claims that companies will prefer to avoid paying the new fee, thus incentivizing them to hire American workers.","""Despite President Trump's statement that companies would be 'very happy' about the order, analysts and company leaders expressed concern about potential downsizing and workforce disruption.""
""You GRADUATE from a college, I think you should get, automatically as part of your diploma, a green card [permanent residence in the United States],"" promised Donald Trump on the campaign trail last year.""
""Trump claims companies will prefer to avoid paying the new fee, and hiring Americans would allow them to do so. 'So there's an incentive to hire Americans,' he said."""
Sep 2025,2025-09-23,1EA79BA7FCD78D17CBA565A68B8CCE63,1EA79BA7FCD78D17CBA565A68B8CCE63-1,"The perverse consequence of America's $100,000 visa fees","Over the weekend many of America's tech giants scrambled to advise employees on H-1B visas not to leave the country until the rules are clarified
""You GRADUATE from a college, I think you should get, automatically as part of your diploma, a green card [permanent residence in the United States],"" promised Donald Trump on the campaign trail last year. As president, on September 19th, Mr Trump headed in the opposite direction. He proposed a charge of $100,000 on new applications for H-1B visas, a favourite of technology firms hiring foreign graduates. Each year 85,000 are issued by lottery  demand far outstrips that quota . Hitherto the cost of securing one has been about $2,500 in legal and filing fees.","The sentence discusses a proposed charge of $100,000 on new applications for H-1B visas, which directly relates to the theme of a proposed tax impacting companies employing H-1B visa holders. It highlights the financial implications of this tax on technology firms that rely on H-1B visa workers.",A proposed tax impacting companies employing H-1B visa holders.,Donald Trump,,PEOP,related,"The sentence discusses a proposed charge of $100,000 on new applications for H-1B visas, which directly relates to the theme of introducing a high fee on H-1B visas. It provides specific details about the fee and its implications for technology firms, making the connection clear.","Donald Trump explicitly stated, 'You GRADUATE from a college, I think you should get, automatically as part of your diploma, a green card,' which is a direct quote from him. However, the latter part of the sentence discusses his actions as president regarding the H-1B visa fees, which does not qualify as a quote.",quote,"Today's quotes about Donald Trump primarily reinforce previous statements regarding the introduction of a high fee on H-1B visas. Trump continues to assert that the $100,000 fee will ensure that only highly skilled workers are brought into the United States, which he believes will benefit the tech industry. He maintains that the fee will deter companies from replacing American workers with foreign labor. New information includes Trump's past campaign promise to automatically grant green cards to college graduates, which contrasts with the current $100,000 fee proposal. Additionally, Trump claims that companies will prefer to avoid paying the new fee, thus incentivizing them to hire American workers.","""Despite President Trump's statement that companies would be 'very happy' about the order, analysts and company leaders expressed concern about potential downsizing and workforce disruption.""
""You GRADUATE from a college, I think you should get, automatically as part of your diploma, a green card [permanent residence in the United States],"" promised Donald Trump on the campaign trail last year.""
""Trump claims companies will prefer to avoid paying the new fee, and hiring Americans would allow them to do so. 'So there's an incentive to hire Americans,' he said."""
Sep 2025,2025-09-23,A878DA432FEA0C0BB59E26DDFA164035,A878DA432FEA0C0BB59E26DDFA164035-5,"Attracting Skilled Workers: U.S. imposes steep fee on H-1B visa sponsorship, China opens new visa category for sci-tech talent","Trump claims companies will prefer to avoid paying the new fee, and hiring Americans would allow them to do so. ""So there's an incentive to hire Americans,"" he said. But at what cost?
WANG JIN Associate Professor, Northwest University, China ""Apple or the other companies like Amazon, they actually not start from a very giant or very successful business man or successful scientists, actually they started from the very shining ideas. You have to encourage everybody join this camp. So that's why the visa will harm the interests, and actually will negatively influence the future for the creativity, and this is also kind of a waste to the United States human resources.""","The sentence discusses how companies may prefer to hire Americans to avoid the new fee associated with H-1B visa workers, which aligns with the theme that companies may prioritize domestic candidates over H-1B visa applicants. Additionally, it touches on the negative impact on creativity and human resources, which relates to the potential limitations on innovation driven by H-1B visa talent.",Companies may prioritize domestic candidates over H-1B visa applicants.,Donald Trump,,PEOP,related,"The sentence discusses the implications of a new fee on H-1B visas and how it may influence companies' hiring practices, specifically mentioning the incentive to hire Americans to avoid the fee. This directly relates to the theme of the introduction of a high fee on H-1B visas.","Donald Trump explicitly said, 'So there's an incentive to hire Americans,' which is a direct quote from him regarding the new fee on H-1B visas.",quote,"Today's quotes about Donald Trump primarily reinforce previous statements regarding the introduction of a high fee on H-1B visas. Trump continues to assert that the $100,000 fee will ensure that only highly skilled workers are brought into the United States, which he believes will benefit the tech industry. He maintains that the fee will deter companies from replacing American workers with foreign labor. New information includes Trump's past campaign promise to automatically grant green cards to college graduates, which contrasts with the current $100,000 fee proposal. Additionally, Trump claims that companies will prefer to avoid paying the new fee, thus incentivizing them to hire American workers.","""Despite President Trump's statement that companies would be 'very happy' about the order, analysts and company leaders expressed concern about potential downsizing and workforce disruption.""
""You GRADUATE from a college, I think you should get, automatically as part of your diploma, a green card [permanent residence in the United States],"" promised Donald Trump on the campaign trail last year.""
""Trump claims companies will prefer to avoid paying the new fee, and hiring Americans would allow them to do so. 'So there's an incentive to hire Americans,' he said."""
Sep 2025,2025-09-23,9D7A8CAE9B553813DAF0317C1A52D114,9D7A8CAE9B553813DAF0317C1A52D114-1,"Trump visa fee causes Indian, Chinese workers to rethink US","H-1B visas have been a traditional funnel for Indian and Chinese talent into the US tech industry. After Donald Trump said visas for highly skilled workers would cost $100,000, prospective applicants are reconsidering.","The sentence discusses how the proposed cost associated with H-1B visas may lead prospective applicants to reconsider applying, which aligns with the theme of a new tax hindering recruitment of skilled H-1B visa workers.",New tax may hinder recruitment of skilled H-1B visa workers.,Donald Trump,,PEOP,related,"The sentence discusses the potential impact of a proposed high fee on H-1B visas, specifically mentioning a $100,000 cost for highly skilled workers, which directly relates to the theme of 'Introduction of a high fee on H-1B visas'.","Donald Trump explicitly stated that visas for highly skilled workers would cost $100,000, which is a direct quote of his words.",quote,"Today's quotes about Donald Trump primarily reinforce previous statements regarding the introduction of a high fee on H-1B visas. Trump continues to assert that the $100,000 fee will ensure that only highly skilled workers are brought into the United States, which he believes will benefit the tech industry. He maintains that the fee will deter companies from replacing American workers with foreign labor. New information includes Trump's past campaign promise to automatically grant green cards to college graduates, which contrasts with the current $100,000 fee proposal. Additionally, Trump claims that companies will prefer to avoid paying the new fee, thus incentivizing them to hire American workers.","""Despite President Trump's statement that companies would be 'very happy' about the order, analysts and company leaders expressed concern about potential downsizing and workforce disruption.""
""You GRADUATE from a college, I think you should get, automatically as part of your diploma, a green card [permanent residence in the United States],"" promised Donald Trump on the campaign trail last year.""
""Trump claims companies will prefer to avoid paying the new fee, and hiring Americans would allow them to do so. 'So there's an incentive to hire Americans,' he said."""
Sep 2025,2025-09-24,BAF10B79717A46FBCB91C3CC5024CC4A,BAF10B79717A46FBCB91C3CC5024CC4A-1,New Trump fee for H-1B visas frustrates Connecticut businesses: 'A significant impediment',"A new federal policy regarding visas for skilled international workers could have significant consequences for Connecticut businesses and universities, officials said this week.
On Friday, President Donald Trump's administration announced a $100,000 fee for all new recipients of H-1B visas, a type of nonimmigrant visa designed to help U.S. companies find employees with technical skills not common in the U.S. The fee, Trump argued, will encourage companies to hire American workers, instead of foreign ones.","The sentence discusses a new federal policy that includes a fee for H-1B visa recipients, which directly relates to the proposed tax impacting companies employing H-1B visa holders. The mention of the fee and its intended effect on hiring practices aligns with the narrative of how such a tax could influence recruitment and employment strategies.",A proposed tax impacting companies employing H-1B visa holders.,Donald Trump,,PEOP,related,"The sentence explicitly mentions a new fee of $100,000 for H-1B visas announced by the Trump administration, which directly relates to the theme of 'Introduction of a high fee on H-1B visas'.","Donald Trump is quoted in the sentence as having argued that the new fee will encourage companies to hire American workers instead of foreign ones, which is a direct statement attributed to him.",quote,"Today's quotes about Donald Trump primarily reinforce previous statements regarding the introduction of a high fee on H-1B visas. Trump continues to assert that the $100,000 fee will ensure that only highly skilled workers are brought into the United States, which he believes will benefit the tech industry. He maintains that the fee will deter companies from replacing American workers with foreign labor. New information includes the clarification that the fee applies only to new applicants and not current visa holders, which has caused confusion and concern among companies. Trump reiterated that the fee is necessary to address the abuse of the H-1B program and protect American jobs. Additionally, there is uncertainty about whether universities will be exempt from the new fee, and Trump has labeled the visas a 'national security threat' due to their impact on US citizens pursuing STEM careers.","On Friday, President Donald Trump's administration announced a $100,000 fee for all new recipients of H-1B visas, a type of nonimmigrant visa designed to help U.S. companies find employees with technical skills not common in the U.S. The fee, Trump argued, will encourage companies to hire American workers, instead of foreign ones.
US President Donald Trump announced on Friday a steep $100,000 levy for new H-1B applicants, a visa program long used by tech firms to recruit skilled workers and by international students seeking US employment after postgraduate studies.
In the announcement, Trump said that 'abuse' of H-1B visas has facilitated an 'influx' of foreign labour in science, technology, engineering and mathematics (STEM) that has undermined salaries and workplace conditions for US workers, and that the visas are a 'national security threat' because they discourage US citizens 'from pursuing careers in science and technology, risking American leadership in these fields'."
Sep 2025,2025-09-24,F4DD2F8D571590A648E39CD502214131,F4DD2F8D571590A648E39CD502214131-1,'We just simply cannot continue': Silicon Valley braces for Trump's H-1B fee hike; companies consider moving jobs overseas,"The Trump administration's sharp increase in visa fees for H-1B workers has triggered concern among US technology companies, with many considering moving more jobs overseas - the very outcome the policy aimed to prevent.US President Donald Trump announced on Friday a steep $100,000 levy for new H-1B applicants, a visa program long used by tech firms to recruit skilled workers and by international students seeking US employment after postgraduate studies. While the fee applies only to new applicants and not current visa holders, confusion around its rollout and cost has prompted companies to pause hiring and adjust workforce plans.""","The sentence discusses the increase in visa fees for H-1B workers and its impact on US technology companies, indicating that it may lead to companies considering moving jobs overseas and pausing hiring. This aligns with the theme of how tax influences decisions to offshore roles typically filled by H-1B visa workers.",Tax may influence decisions to onshore or offshore roles typically filled by H-1B visa workers.,Donald Trump,,PEOP,related,"The sentence discusses the Trump administration's increase in visa fees for H-1B workers, specifically mentioning a steep $100,000 levy for new applicants. This directly relates to the theme of 'Introduction of a high fee on H-1B visas' as it highlights the financial implications of the policy and its impact on US technology companies.","Donald Trump announced a steep $100,000 levy for new H-1B applicants, which is a direct quote of something he has said regarding the visa fee increase.",quote,"Today's quotes about Donald Trump primarily reinforce previous statements regarding the introduction of a high fee on H-1B visas. Trump continues to assert that the $100,000 fee will ensure that only highly skilled workers are brought into the United States, which he believes will benefit the tech industry. He maintains that the fee will deter companies from replacing American workers with foreign labor. New information includes the clarification that the fee applies only to new applicants and not current visa holders, which has caused confusion and concern among companies. Trump reiterated that the fee is necessary to address the abuse of the H-1B program and protect American jobs. Additionally, there is uncertainty about whether universities will be exempt from the new fee, and Trump has labeled the visas a 'national security threat' due to their impact on US citizens pursuing STEM careers.","On Friday, President Donald Trump's administration announced a $100,000 fee for all new recipients of H-1B visas, a type of nonimmigrant visa designed to help U.S. companies find employees with technical skills not common in the U.S. The fee, Trump argued, will encourage companies to hire American workers, instead of foreign ones.
US President Donald Trump announced on Friday a steep $100,000 levy for new H-1B applicants, a visa program long used by tech firms to recruit skilled workers and by international students seeking US employment after postgraduate studies.
In the announcement, Trump said that 'abuse' of H-1B visas has facilitated an 'influx' of foreign labour in science, technology, engineering and mathematics (STEM) that has undermined salaries and workplace conditions for US workers, and that the visas are a 'national security threat' because they discourage US citizens 'from pursuing careers in science and technology, risking American leadership in these fields'."
Sep 2025,2025-09-24,CC2033446FC79D26DADC8F2FFABCFA99,CC2033446FC79D26DADC8F2FFABCFA99-4,Trump's $100K visa fee for foreign talent: how will it affect researchers?,"It is so far unclear whether universities will be exempt from the new fee, which is aimed at preserving more jobs for US citizens. In the announcement, Trump said that ""abuse"" of H-1B visas has facilitated an ""influx"" of foreign labour in science, technology, engineering and mathematics (STEM) that has undermined salaries and workplace conditions for US workers, and that the visas are a ""national security threat"" because they discourage US citizens ""from pursuing careers in science and technology, risking American leadership in these fields"". But it also says that exemptions could be made for those working ""in the national interest"".","The sentence discusses a new fee related to H-1B visas and its implications for job preservation for US citizens, which aligns with the theme of a proposed tax impacting companies employing H-1B visa holders. It also touches on the potential exemptions for universities, indicating a broader impact on recruitment and employment strategies.",A proposed tax impacting companies employing H-1B visa holders.,Donald Trump,,PEOP,related,"The sentence discusses the implications of a new fee related to H-1B visas, specifically mentioning the fee's purpose and its potential exemptions. It connects directly to the theme of 'Introduction of a high fee on H-1B visas' by addressing the fee itself and its intended impact on job preservation for US citizens.","Donald Trump explicitly stated that the abuse of H-1B visas has facilitated an influx of foreign labor and described the visas as a national security threat. This sentence includes direct quotes from him, making it a clear instance of something he has said.",quote,"Today's quotes about Donald Trump primarily reinforce previous statements regarding the introduction of a high fee on H-1B visas. Trump continues to assert that the $100,000 fee will ensure that only highly skilled workers are brought into the United States, which he believes will benefit the tech industry. He maintains that the fee will deter companies from replacing American workers with foreign labor. New information includes the clarification that the fee applies only to new applicants and not current visa holders, which has caused confusion and concern among companies. Trump reiterated that the fee is necessary to address the abuse of the H-1B program and protect American jobs. Additionally, there is uncertainty about whether universities will be exempt from the new fee, and Trump has labeled the visas a 'national security threat' due to their impact on US citizens pursuing STEM careers.","On Friday, President Donald Trump's administration announced a $100,000 fee for all new recipients of H-1B visas, a type of nonimmigrant visa designed to help U.S. companies find employees with technical skills not common in the U.S. The fee, Trump argued, will encourage companies to hire American workers, instead of foreign ones.
US President Donald Trump announced on Friday a steep $100,000 levy for new H-1B applicants, a visa program long used by tech firms to recruit skilled workers and by international students seeking US employment after postgraduate studies.
In the announcement, Trump said that 'abuse' of H-1B visas has facilitated an 'influx' of foreign labour in science, technology, engineering and mathematics (STEM) that has undermined salaries and workplace conditions for US workers, and that the visas are a 'national security threat' because they discourage US citizens 'from pursuing careers in science and technology, risking American leadership in these fields'."
Sep 2025,2025-09-24,146ABFCD371819495FEBDE527CC0DFE0,146ABFCD371819495FEBDE527CC0DFE0-1,Why existing H-1B visa holders may be sitting on a goldmine,"The fee hike sent H-1B holders into panic mode - until a quick clarification exempted existing ones. Now, with new talent becoming more expensive, current holders are in a sweet spot
A lot can happen in 24 hours, especially if you are in America!
On the morning of September 20, H-1B visa holders were staring at financial doom. US President Donald Trump had slapped a jaw-dropping $100,000 annual fee on new visas - and, in a cruel twist, it looked like even existing holders would be charged every time they re-entered the US. Cue chaos. Microsoft reportedly asked employees abroad to rush back before midnight, and panic-stricken visa holders began cancelling travel plans. One even confessed to ET Prime that he was rethinking his Diwali trip home.","The sentence discusses the immediate impact of a proposed fee hike on H-1B visa holders, highlighting the panic and chaos it caused among them. This relates to the theme of a proposed tax impacting companies employing H-1B visa holders, as the fee hike represents a financial burden that could affect hiring and employment strategies.",A proposed tax impacting companies employing H-1B visa holders.,Donald Trump,,PEOP,related,"The sentence discusses a significant fee increase on H-1B visas, specifically mentioning a $100,000 annual fee imposed on new visas, which directly relates to the theme of 'Introduction of a high fee on H-1B visas'. It also describes the panic among H-1B holders due to this fee hike, further establishing the connection.","Donald Trump is mentioned as having 'slapped a jaw-dropping $100,000 annual fee on new visas', which is a direct quote of what he has said regarding the fee on H-1B visas.",quote,"Today's quotes about Donald Trump primarily reinforce previous statements regarding the introduction of a high fee on H-1B visas. Trump continues to assert that the $100,000 fee will ensure that only highly skilled workers are brought into the United States, which he believes will benefit the tech industry. He maintains that the fee will deter companies from replacing American workers with foreign labor. New information includes the clarification that the fee applies only to new applicants and not current visa holders, which has caused confusion and concern among companies. Trump reiterated that the fee is necessary to address the abuse of the H-1B program and protect American jobs. Additionally, there is uncertainty about whether universities will be exempt from the new fee, and Trump has labeled the visas a 'national security threat' due to their impact on US citizens pursuing STEM careers.","On Friday, President Donald Trump's administration announced a $100,000 fee for all new recipients of H-1B visas, a type of nonimmigrant visa designed to help U.S. companies find employees with technical skills not common in the U.S. The fee, Trump argued, will encourage companies to hire American workers, instead of foreign ones.
US President Donald Trump announced on Friday a steep $100,000 levy for new H-1B applicants, a visa program long used by tech firms to recruit skilled workers and by international students seeking US employment after postgraduate studies.
In the announcement, Trump said that 'abuse' of H-1B visas has facilitated an 'influx' of foreign labour in science, technology, engineering and mathematics (STEM) that has undermined salaries and workplace conditions for US workers, and that the visas are a 'national security threat' because they discourage US citizens 'from pursuing careers in science and technology, risking American leadership in these fields'."
Sep 2025,2025-09-24,6EE854E635A0369598860488E12688AB,6EE854E635A0369598860488E12688AB-3,"Letters to The Editor - September 25, 2025","Tirupur, Tamil Nadu
Visa fee controversy
The claim by U.S. President Donald Trump that in the future, H-1B visas would be issued only after a one-time payment of $100,000 is intriguing. He has overlooked the fact that it is a visa fee, and not a tax, and should be commensurate with the services rendered. The response by some tech companies that they would shift their activities outside America were the U.S. government to charge such a visa fee is a moment of reflection for the Indian government and Indians in general. It is both strategic and essential that India fosters innovation.","The sentence discusses the implications of a proposed visa fee related to H-1B visas and mentions that tech companies might shift activities outside the U.S. if such fees are implemented. This aligns with the theme of how a proposed tax (or fee) could impact companies employing H-1B visa holders, as it suggests potential operational changes in response to increased costs.",A proposed tax impacting companies employing H-1B visa holders.,Donald Trump,,PEOP,related,"The sentence discusses a proposed high fee of $100,000 for H-1B visas, which directly relates to the theme of 'Introduction of a high fee on H-1B visas'. It also mentions the implications of such a fee on tech companies and the Indian government, reinforcing the connection to the theme.","Donald Trump is quoted in the sentence as having made a claim about H-1B visas and a proposed fee, which directly relates to something he has said.",quote,"Today's quotes about Donald Trump primarily reinforce previous statements regarding the introduction of a high fee on H-1B visas. Trump continues to assert that the $100,000 fee will ensure that only highly skilled workers are brought into the United States, which he believes will benefit the tech industry. He maintains that the fee will deter companies from replacing American workers with foreign labor. New information includes the clarification that the fee applies only to new applicants and not current visa holders, which has caused confusion and concern among companies. Trump reiterated that the fee is necessary to address the abuse of the H-1B program and protect American jobs. Additionally, there is uncertainty about whether universities will be exempt from the new fee, and Trump has labeled the visas a 'national security threat' due to their impact on US citizens pursuing STEM careers.","On Friday, President Donald Trump's administration announced a $100,000 fee for all new recipients of H-1B visas, a type of nonimmigrant visa designed to help U.S. companies find employees with technical skills not common in the U.S. The fee, Trump argued, will encourage companies to hire American workers, instead of foreign ones.
US President Donald Trump announced on Friday a steep $100,000 levy for new H-1B applicants, a visa program long used by tech firms to recruit skilled workers and by international students seeking US employment after postgraduate studies.
In the announcement, Trump said that 'abuse' of H-1B visas has facilitated an 'influx' of foreign labour in science, technology, engineering and mathematics (STEM) that has undermined salaries and workplace conditions for US workers, and that the visas are a 'national security threat' because they discourage US citizens 'from pursuing careers in science and technology, risking American leadership in these fields'."
Sep 2025,2025-09-25,D9C15D0984BF86D7859FE552351781CA,D9C15D0984BF86D7859FE552351781CA-7,US Closing The Door On Global Talent? Indians React To H-1B Fee Hike,"Ajay Jain Bhutoria, Indian entrepreneur and former financial advisor to Joe Biden, believes the new rule will hurt startups and force companies to hire more local US workers.
Mr Bhutoria said, ""Trump's proposed $100,000 H-1B fee will fail. Lawsuits are likely, and courts may strike it down since it doesn't comply with the Administrative Procedure Act rules, which require public notice and comment in the Federal Register. This fee will hurt startups, stifle new ideas, increase outsourcing to countries like India, and force companies to hire more local US workers.""","The sentence discusses the potential negative impact of a proposed H-1B fee on startups and the hiring of local US workers, which aligns with the theme that a new tax may hinder recruitment of skilled H-1B visa workers and may lead companies to prioritize domestic candidates over H-1B visa applicants.",New tax may hinder recruitment of skilled H-1B visa workers.,Donald Trump,,PEOP,related,"The sentence discusses the proposed $100,000 fee on H-1B visas and its potential negative impacts on startups and hiring practices, directly relating to the theme of 'Introduction of a high fee on H-1B visas'.","Donald Trump is quoted in the sentence as having proposed a $100,000 H-1B fee, which is a direct statement attributed to him. Therefore, the sentence contains something that Donald Trump has explicitly said.",quote,"Today's quotes about Donald Trump primarily reinforce previous statements regarding the introduction of a high fee on H-1B visas. Trump continues to assert that the $100,000 fee will ensure that only highly skilled workers are brought into the United States, which he believes will benefit the tech industry. He maintains that the fee will deter companies from replacing American workers with foreign labor. New information includes the perspective of Anand Ahuja, a Trump supporter, who views the fee as a positive step to curb fraudulent use and abuse of immigration laws. This aligns with Trump's ongoing narrative of addressing program abuse and protecting American jobs.","Anand Ahuja, a Trump supporter and attorney based in New York, sees the move as a positive step which will curb the fraudulent H-1B use and abuse of immigration laws."
Sep 2025,2025-09-25,11EB7A8299FD81D31FA9AD16B5F06E54,11EB7A8299FD81D31FA9AD16B5F06E54-7,US Closing The Door On Global Talent? Indians React To H-1B Fee Hike,"Ajay Jain Bhutoria, Indian entrepreneur and former financial advisor to Joe Biden, believes the new rule will hurt startups and force companies to hire more local US workers.
Mr Bhutoria said,
""Trump's proposed $100,000 H-1B fee will fail. Lawsuits are likely, and courts may strike it down since it doesn't comply with the Administrative Procedure Act rules, which require public notice and comment in the Federal Register. This fee will hurt startups, stifle new ideas, increase outsourcing to countries like India, and force companies to hire more local US workers.\"" Meanwhile, Anand Ahuja, a Trump supporter and attorney based in New York, sees the move as a positive step which will curb the fraudulent H-1B use and abuse of immigration laws.","The sentence discusses the potential negative impact of a proposed H-1B fee on startups and the hiring of local US workers, which aligns with the theme of how a new tax may hinder recruitment of skilled H-1B visa workers and lead companies to prioritize domestic candidates over H-1B visa applicants.",New tax may hinder recruitment of skilled H-1B visa workers.,Donald Trump,,PEOP,related,"The sentence discusses the proposed $100,000 fee on H-1B visas and its potential impact on startups and hiring practices, directly relating to the theme of 'Introduction of a high fee on H-1B visas'.","Donald Trump is quoted in the sentence as having proposed a $100,000 H-1B fee, which is an explicit statement attributed to him. Therefore, the sentence contains a direct quote regarding something he has said.",quote,"Today's quotes about Donald Trump primarily reinforce previous statements regarding the introduction of a high fee on H-1B visas. Trump continues to assert that the $100,000 fee will ensure that only highly skilled workers are brought into the United States, which he believes will benefit the tech industry. He maintains that the fee will deter companies from replacing American workers with foreign labor. New information includes the perspective of Anand Ahuja, a Trump supporter, who views the fee as a positive step to curb fraudulent use and abuse of immigration laws. This aligns with Trump's ongoing narrative of addressing program abuse and protecting American jobs.","Anand Ahuja, a Trump supporter and attorney based in New York, sees the move as a positive step which will curb the fraudulent H-1B use and abuse of immigration laws."
