Time Period,Date,Document ID,Sentence ID,Headline,Chunk Text,Motivation,Label,Entity,Country Code,Entity Type,Theme Matching Label,Theme Matching Motivation,motivation,label
Sep 2025,2025-09-19,0021B03B2108DAD4F301A781A323A610,0021B03B2108DAD4F301A781A323A610-1,Trump's H-1B Visa Overhaul: Tech Industry Feels the Heat,"The Trump administration proposes a $100,000 per year fee for H-1B visas, impacting the tech industry which relies on skilled foreign workers. This move is part of a broader immigration crackdown, stirring debate among industries and experts about its implications for innovation and competitiveness.","The sentence discusses a proposed fee for H-1B visas and its impact on the tech industry, which directly relates to the theme of 'A proposed tax impacting companies employing H-1B visa holders.' It also hints at broader implications for innovation and competitiveness, aligning with the narrative of how such a tax could affect companies' operational strategies and market position.",A proposed tax impacting companies employing H-1B visa holders.,Donald Trump,,PEOP,related,"The sentence explicitly mentions a proposed fee of $100,000 per year for H-1B visas, which directly relates to the theme of 'Introduction of a high fee on H-1B visas'. It also discusses the impact on the tech industry, reinforcing the relevance to the topic.","Donald Trump is mentioned in the context of the administration's proposal, but the sentence does not quote something that he has explicitly said. It describes an action taken by the Trump administration rather than a direct quote from Donald Trump himself.",narrative
Sep 2025,2025-09-19,2F8C8298EC067BC8C518E311D4507E83,2F8C8298EC067BC8C518E311D4507E83-1,"$100,000 fee for companies hiring H-1Bs? What does this mean? What is the present cost?","In a major overhaul of the H-1B program, President Donald Trump is planning to add $100,000 application fee for the program, and may sign the proclamation Friday, reports said. This will be a steep jump costing companies a bomb if they want to hire foreign talent under the H-1B visa program. The current fee is around $1,000 for an initial application. It is not yet known whether $100,000 is for every applicant or for certain types of petitions. Now it takes $215 fee to register for the lottery and a $780 fee for a Form I-129 -- a petition for a non-immigrant worker filed by an employer sponsor.","The sentence discusses a proposed significant increase in application fees for the H-1B visa program, which directly relates to the theme of a proposed tax impacting companies employing H-1B visa holders. The mention of a steep jump in costs for companies hiring foreign talent aligns with the narrative of increased operational costs due to new fees.",A proposed tax impacting companies employing H-1B visa holders.,Donald Trump,,PEOP,related,"The sentence explicitly discusses the introduction of a $100,000 application fee for the H-1B program, which directly relates to the theme of 'Introduction of a high fee on H-1B visas'. It provides details about the current fees and the implications of the proposed fee increase, making the connection clear.","Donald Trump is mentioned as planning to add a $100,000 application fee for the H-1B program, but this sentence describes an action he is taking rather than something he has explicitly said.",narrative
Sep 2025,2025-09-19,4350E82301CC33C8E30F5976E440DDEC,4350E82301CC33C8E30F5976E440DDEC-1,"Trump's $100,000 H-1B Visa Proposal: A Tech Industry Setback","The Trump administration proposes a $100,000 per year fee for H-1B worker visas, impacting the technology sector that depends on skilled workers from India and China. This move forms part of a broader immigration crackdown, risking U.S. competitiveness in innovation by deterring global talent.","The sentence discusses a proposed fee for H-1B worker visas and its implications for the technology sector, highlighting how it may deter global talent and impact U.S. competitiveness in innovation. This aligns with the theme of 'A proposed tax impacting companies employing H-1B visa holders.'",A proposed tax impacting companies employing H-1B visa holders.,Donald Trump,,PEOP,related,"The sentence directly discusses the proposed $100,000 fee for H-1B worker visas, clearly establishing a connection to the theme of 'Introduction of a high fee on H-1B visas'. It also highlights the implications of this fee on the technology sector and U.S. competitiveness, reinforcing the relevance to the theme.","Donald Trump is mentioned in relation to the administration's proposal, but the sentence does not quote something that he has explicitly said. It describes an action taken by the Trump administration rather than a direct statement from Donald Trump himself.",narrative
Sep 2025,2025-09-19,4350E82301CC33C8E30F5976E440DDEC,4350E82301CC33C8E30F5976E440DDEC-2,"Trump's $100,000 H-1B Visa Proposal: A Tech Industry Setback","The Trump administration's latest proposal to charge $100,000 annually for H-1B worker visas could significantly impact the technology sector, a major user of these visas for talent acquisition. By targeting legal immigration forms, the administration aims to reshape job markets, affecting both corporations and skilled workers globally.","The sentence discusses a proposed tax on H-1B worker visas and its potential impact on the technology sector, which aligns with the theme of 'A proposed tax impacting companies employing H-1B visa holders.' It highlights how this tax could reshape job markets and affect corporations, making it relevant to the narrative about the implications of such a tax.",A proposed tax impacting companies employing H-1B visa holders.,Donald Trump,,PEOP,related,"The sentence discusses a proposal by the Trump administration to charge a high fee of $100,000 annually for H-1B worker visas, which directly relates to the theme of 'Introduction of a high fee on H-1B visas'. It highlights the potential impact on the technology sector and legal immigration, making the connection clear.","Donald Trump is mentioned in relation to the administration's proposal, but the sentence does not quote anything that he has explicitly said. It describes actions taken by the administration rather than direct statements from Donald Trump.",narrative
Sep 2025,2025-09-19,61BCA1E0335E9B3DA576A9331BBBB4EC,61BCA1E0335E9B3DA576A9331BBBB4EC-5,"Trump Slaps $100,000 Fee On H-1B Visa Applications In New Executive Order  Watch","top videos
Swipe Left For Next Video
However, the Trump administration has consistently taken a more restrictive stance, claiming that the program has been misused to undercut American workers. The new fee, if enforced, would likely deter many companies, particularly smaller firms and startups, from pursuing H-1B hires.","The sentence discusses how the new fee associated with H-1B visa hires may deter companies, especially smaller firms and startups, from pursuing these hires, which aligns with the theme of higher costs deterring companies from hiring H-1B visa candidates.",Higher costs may deter companies from hiring H-1B visa candidates.,Donald Trump,,PEOP,related,"The sentence discusses the potential impact of a new fee on H-1B visa applications, specifically mentioning that it could deter companies from hiring H-1B workers. This directly relates to the theme of 'Introduction of a high fee on H-1B visas'.","Donald Trump is mentioned in relation to the actions of the Trump administration, but the sentence does not quote anything that he has explicitly said. It discusses the administration's stance and potential effects of a new fee without direct quotes.",narrative
Sep 2025,2025-09-19,868271E19B71237CD398252C8F95CF62,868271E19B71237CD398252C8F95CF62-9,"Infosys stock falls 4.5% after Trump's $100,000 H-1B visa fee plan report",The proposed H-1B fee increase follows other Trump administration measures targeting skilled worker immigration programs. These policies aim to prioritize domestic employment opportunities over foreign worker recruitment.,"The sentence discusses a proposed fee increase related to H-1B visas and mentions policies that prioritize domestic employment over foreign worker recruitment, which aligns with the theme of companies potentially prioritizing domestic candidates over H-1B visa applicants.",Companies may prioritize domestic candidates over H-1B visa applicants.,Donald Trump,,PEOP,related,"The sentence discusses the proposed increase in H-1B fees as part of broader immigration policies from the Trump administration, which directly relates to the theme of 'Introduction of a high fee on H-1B visas'.","Donald Trump is mentioned in relation to the administration's measures, but the sentence does not quote anything that he has explicitly said. It discusses actions taken by his administration rather than direct quotes from him.",narrative
Sep 2025,2025-09-19,9B68DB2620C219C0EDC9D988131E41CA,9B68DB2620C219C0EDC9D988131E41CA-1,"The Latest: Trump overhauls H-1B visa for high-skilled workers and adds new $100,000 annual fee","President Donald Trump on Friday signed a proclamation that will require a new , among other changes to the program for highly skilled foreign workers.
H-1B visas are meant to bring the best and brightest foreigners for high-skilled jobs that tech companies find difficult to fill with qualified U.S. citizens and permanent residents. The program instead has turned into a pipeline for overseas workers who are often willing to work for as little as $60,000 annually. That is far less than $100,000-plus salaries typically paid to U.S. technology workers.","The sentence discusses changes to the H-1B visa program, indicating a new tax or regulation that may impact the hiring of foreign workers. This aligns with the theme of a proposed tax impacting companies employing H-1B visa holders.",A proposed tax impacting companies employing H-1B visa holders.,Donald Trump,,PEOP,related,"The sentence discusses changes to the H-1B visa program, including the introduction of a new fee, which directly relates to the theme of 'Introduction of a high fee on H-1B visas'.","Donald Trump is mentioned as having signed a proclamation, but the sentence does not quote anything he explicitly said. It describes an action he took rather than a statement he made.",narrative
Sep 2025,2025-09-19,9CC4E795C6EDB645CDC01E750F0615D8,9CC4E795C6EDB645CDC01E750F0615D8-9,"S&P 500 Gains and Losses Today: Paramount Surges Amid Deal Buzz, Apple Rises as iPhone 17 Goes on Sale","Companies in the IT services business came under pressure after reports that President Trump intends to initiate a $100,000 application fee for H-1B worker visas. The president is also reportedly exploring changes to prevailing-wage rules as an additional way of discouraging the use of H-1B visas. Shares of global tech consulting firm Cognizant Technology Solutions (CTSH) dropped 4.7%.","The sentence discusses the pressure on IT services companies due to a proposed application fee for H-1B worker visas, which directly relates to the theme of a proposed tax impacting companies employing H-1B visa holders. The mention of changes to prevailing-wage rules also indicates a potential increase in costs associated with H-1B visas, further linking it to the narrative of operational impacts on companies. ",A proposed tax impacting companies employing H-1B visa holders.,Donald Trump,,PEOP,related,"The sentence explicitly mentions a proposed $100,000 application fee for H-1B worker visas, which directly relates to the theme of 'Introduction of a high fee on H-1B visas'.","Donald Trump is mentioned in the context of intending to initiate a fee for H-1B worker visas, but this is not a direct quote of something he has explicitly said.",narrative
Sep 2025,2025-09-19,BB1D5EF22E89D62080AE578222F89BA4,BB1D5EF22E89D62080AE578222F89BA4-3,Hiring H-1B visa workers may cost $100K more with Trump's latest executive order,"The order includes raising the H1-B application fee to $100,000. It's unclear if that fee would replace or add to the existing fees, which are significantly lower.
Commerce Secretary Howard Lutnick, who spoke alongside Trump in the Oval Office, said it would be a yearly fee for companies that hire H1-B workers. Officials said the fee would help ensure the visa is used to bring in workers who are actually very highly skilled and not to replace American workers.","The sentence discusses a proposed increase in the H1-B application fee, which directly relates to the theme of a proposed tax impacting companies employing H-1B visa holders. The mention of a yearly fee for companies hiring H1-B workers indicates a financial burden that aligns with the narrative of increased operational costs due to H-1B visa taxes.",A proposed tax impacting companies employing H-1B visa holders.,Donald Trump,,PEOP,related,"The sentence explicitly discusses the introduction of a high fee on H-1B visas, mentioning a specific amount of $100,000 and the implications of this fee. It directly relates to the theme of the article regarding the financial impact of hiring H-1B workers under the new executive order.","Donald Trump is mentioned in the context of an executive order, but the sentence does not quote anything he has explicitly said. It discusses actions and statements made by others regarding the order.",narrative
Sep 2025,2025-09-19,CC1386EC456F0D5AD1E3FE9F2A76704B,CC1386EC456F0D5AD1E3FE9F2A76704B-3,"President Trump signs proclamation to raise fee for H-1B visa applications to $100,000","Hiking up the fee opens a new front in the Trump administration's crackdown on immigration, legal or otherwise. Trump administration cracks down on H-1Bs
Commerce Secretary Howard Lutnick said the new fee will prevent companies from training workers and encourage them to hire Americans.","The sentence discusses the implications of a new fee related to H-1B visas, indicating that it may prevent companies from training foreign workers and encourage hiring of domestic candidates. This aligns with the theme of companies prioritizing domestic candidates over H-1B visa applicants.",Companies may prioritize domestic candidates over H-1B visa applicants.,Donald Trump,,PEOP,related,"The sentence discusses the increase in fees for H-1B visas and its implications, which directly relates to the theme of 'Introduction of a high fee on H-1B visas'.","Donald Trump is mentioned in the context of the Trump administration's actions, but the sentence does not quote anything that Donald Trump has explicitly said. It discusses the administration's crackdown on immigration without providing a direct quote from him.",narrative
Sep 2025,2025-09-19,ECF7D22996018A3AAABF9A268A528401,ECF7D22996018A3AAABF9A268A528401-5,"Trump Plans to Impose $100,000 Fee per Year for H-1B Visas, in Likely Blow to Tech","Critics of the program, including many U.S. technology workers, argue that it allows firms to suppress wages and sideline Americans who could do the jobs. Supporters, including Tesla CEO and former Trump ally Elon Musk, say it brings in highly skilled workers essential to filling talent gaps and keeping firms competitive. Musk, himself a naturalized U.S. citizen born in South Africa, has held an H-1B visa.
Move Could Deter Global Talent  
Adding new fees ""creates disincentive to attract the world's smartest talent to the U.S.,"" said Deedy Das, partner at venture capital firm Menlo Ventures, on X. ""If the U.S. ceases to attract the best talent, it drastically reduces its ability to innovate and grow the economy.""","The sentence discusses how adding new fees may deter global talent from coming to the U.S., which aligns with the theme of the tax hindering recruitment of skilled H-1B visa workers and impacting innovation driven by H-1B visa talent.",New tax may hinder recruitment of skilled H-1B visa workers.,Donald Trump,,PEOP,related,"The sentence discusses the implications of adding new fees to H-1B visas, specifically mentioning that it could deter global talent from coming to the U.S. This directly relates to the theme of introducing a high fee on H-1B visas as outlined in the title.","Donald Trump is mentioned in the title regarding the imposition of a fee on H-1B visas, but the sentence does not quote anything that he has explicitly said. Instead, it discusses opinions from critics and supporters of the program without including a direct quote from Trump himself.",narrative
Sep 2025,2025-09-19,F1CDF731A5A53FCEA119EEB1E5104174,F1CDF731A5A53FCEA119EEB1E5104174-4,"President Trump announces plan to raise fee for H-1B visa applications to $100,000","Hiking up the fee opens a new front in the Trump administration's crackdown on immigration, legal or otherwise.
Trump administration cracks down on H-1Bs
Commerce Secretary Howard Lutnick said the new fee will prevent companies from training workers and encourage them to hire Americans.","The sentence discusses the implications of a new fee related to H-1B visas, indicating that it may prevent companies from training workers and encourage hiring Americans instead. This aligns with the theme of companies prioritizing domestic candidates over H-1B visa applicants.",Companies may prioritize domestic candidates over H-1B visa applicants.,Donald Trump,,PEOP,related,"The sentence discusses the increase in fees related to H-1B visas and its implications, which directly connects to the theme of 'Introduction of a high fee on H-1B visas'.","Donald Trump is mentioned in relation to the actions of his administration, but the sentence does not quote anything he has explicitly said.",narrative
Sep 2025,2025-09-19,057BF86B8A24826C59BFF432EF82A275,057BF86B8A24826C59BFF432EF82A275-1,Hiring H-1B visa workers may cost $100K more with Trump's latest executive order,"President Donald Trump signed an executive order on Friday that would change the H1-B visa program.
The order raises the H1-B visa application fee to $100,000.
Tech companies use the H1-B visa program to hire skilled foreign workers.","The sentence discusses an executive order that raises the H1-B visa application fee, which directly relates to the proposed tax impacting companies employing H-1B visa holders. This change in fee structure can be seen as a financial burden on companies that rely on H-1B visa workers.",A proposed tax impacting companies employing H-1B visa holders.,Donald Trump,,PEOP,related,"The sentence explicitly states that President Trump signed an executive order that raises the H1-B visa application fee to $100,000, which directly relates to the theme of 'Introduction of a high fee on H-1B visas'.","Donald Trump is mentioned in the context of signing an executive order, but the sentence does not quote anything he has explicitly said. It describes an action he has taken rather than a statement he has made.",narrative
Sep 2025,2025-09-19,06113077F9A670F0C1F96545870AD5BC,06113077F9A670F0C1F96545870AD5BC-1,"Big change for H-1Bs: Donald Trump signs order to increase visa application fee to $100,000; aim to protect US tech jobs","President Trump has introduced a $100,000 fee for H-1B visa applications, aiming to reform the skilled worker program. This move seeks to discourage mass applications and address concerns about lower wages for foreign workers in entry-level positions. The changes could significantly impact startups and small businesses, potentially shifting focus back to American tech workers and protecting domestic employment. US President Donald Trump has signed a new proclamation introducing a $100,000 annual fee for H-1B visa applications, along with other changes to the skilled foreign worker programme, which has been under scrutiny for years.","The sentence discusses a new fee introduced for H-1B visa applications, which directly relates to the proposed tax impacting companies employing H-1B visa holders. It highlights the intention behind the fee to discourage mass applications and protect domestic employment, indicating a significant change in the landscape for companies that rely on H-1B visa workers.",A proposed tax impacting companies employing H-1B visa holders.,Donald Trump,,PEOP,related,"The sentence explicitly states that President Trump has introduced a $100,000 fee for H-1B visa applications, which directly relates to the theme of 'Introduction of a high fee on H-1B visas'. It discusses the implications of this fee and its intended purpose, making the connection clear.","Donald Trump has done something by introducing a fee for H-1B visa applications, but the sentence does not quote him directly stating anything. Therefore, it does not meet the criteria for a quote.",narrative
Sep 2025,2025-09-19,1A09980C5974778B02B3D2796FBDE239,1A09980C5974778B02B3D2796FBDE239-1,"Trump's $100,000 H-1B Visa Fee Shocks Tech Sector","U.S. President Donald Trump plans to introduce a $100,000 application fee for H-1B visas, potentially impacting the tech sector's reliance on skilled workers from India and China. Critics say the fee could elevate costs and stifle innovation, while supporters argue it ensures employers hire top talent.","The sentence discusses a proposed application fee for H-1B visas, which directly relates to the theme of a proposed tax impacting companies employing H-1B visa holders. It highlights the potential financial implications for the tech sector and the broader impact on hiring skilled workers, aligning with the narrative of how such a tax could affect recruitment and operational costs.",A proposed tax impacting companies employing H-1B visa holders.,Donald Trump,,PEOP,related,"The sentence directly discusses the introduction of a $100,000 application fee for H-1B visas, which is the main focus of the article. It highlights the potential impact on the tech sector and includes perspectives from both critics and supporters regarding the fee.","Donald Trump is mentioned as planning to introduce a high fee for H-1B visas, but this is describing an action he intends to take rather than something he has explicitly said. Therefore, it does not qualify as a direct quote.",narrative
Sep 2025,2025-09-19,1A09980C5974778B02B3D2796FBDE239,1A09980C5974778B02B3D2796FBDE239-3,"Trump's $100,000 H-1B Visa Fee Shocks Tech Sector","Debate over the H-1B program has long simmered between Trump's conservative supporters, who argue it can depress wages, and industry leaders who emphasize its role in securing top-tier talent. The proposed fee hikes may not deter major corporations like Amazon or Microsoft, yet they could impose significant burdens on smaller startups.","The sentence discusses the debate surrounding the H-1B program and mentions proposed fee hikes that could impact smaller startups, indicating a potential financial burden related to hiring H-1B visa workers. This aligns with the theme of 'Tax increases operational costs for companies employing H-1B visa workers.'",Tax increases operational costs for companies employing H-1B visa workers.,Donald Trump,,PEOP,related,"The sentence discusses the debate surrounding the H-1B program and mentions proposed fee hikes, which directly relates to the theme of 'Introduction of a high fee on H-1B visas'. It highlights the potential impact of these fees on both major corporations and smaller startups, indicating a clear connection to the topic.","Donald Trump is mentioned in the context of his supporters' views on the H-1B program, but there is no direct quote from him in the sentence. Therefore, it does not strictly quote something that Donald Trump has said.",narrative
Sep 2025,2025-09-19,27D9E84555C16D4558312C6B35FB20E7,27D9E84555C16D4558312C6B35FB20E7-5,Big change for H-1Bs: Donald Trump signs proclamation imposing $100k annual fee on visa application; aim to protect US tech jobs,"This has led to outsourcing of basic technical operations to consultancies such as Wipro, Infosys, HCL Technologies, Tata, IBM, and Cognizant, which employ foreign workers-mostly from India-contracted to American firms seeking cost savings. While critics welcome these changes, they are calling for further reforms. The AFL-CIO said the measures are ""some steps in the right direction"" but advocated for visas to be allocated based on highest wage offers rather than random selection-a proposal previously floated during Trump's first term. The increased fees could affect hiring foreign workers as it'll cost more for companies. Currently, companies pay $215 to register for the lottery and $780 for a Form I-129, the employer-sponsored petition for a non-immigrant worker.","The sentence discusses the outsourcing of technical operations to consultancies that employ foreign workers, indicating a shift in hiring practices that may be influenced by cost considerations. The mention of increased fees affecting hiring foreign workers directly relates to the theme of higher costs deterring companies from hiring H-1B visa candidates.",Higher costs may deter companies from hiring H-1B visa candidates.,Donald Trump,,PEOP,related,"The sentence discusses the implications of increased fees on hiring foreign workers, specifically mentioning the costs associated with H-1B visa applications. This directly relates to the theme of 'Introduction of a high fee on H-1B visas' as it highlights how the new fees could impact companies looking to hire foreign workers.","Donald Trump is mentioned in relation to a proposal that was previously floated during his first term, but the sentence does not quote anything he explicitly said. Therefore, it does not meet the criteria for a direct quote.",narrative
Sep 2025,2025-09-19,271CB574F00879FBC29153A6AD32C8BC,271CB574F00879FBC29153A6AD32C8BC-3,Hiring H-1B visa workers may cost $100K more with Trump's latest executive order,"The order includes imposing an H1-B application fee of $100,000. The executive order said the fee would need to be paid in order for applications to be considered.
Commerce Secretary Howard Lutnick, who spoke alongside Trump in the Oval Office, said it would be a yearly fee for companies that hire H1-B workers. Officials said the fee would help ensure the visa is used to bring in workers who are actually very highly skilled and not to replace American workers.","The sentence discusses the imposition of a significant fee for H-1B applications, which directly relates to the proposed tax impacting companies employing H-1B visa holders. This fee is a financial burden that companies must consider when hiring H-1B workers, aligning with the theme of a proposed tax affecting these companies.",A proposed tax impacting companies employing H-1B visa holders.,Donald Trump,,PEOP,related,"The sentence explicitly discusses the introduction of a high application fee of $100,000 for H-1B visas as part of an executive order, directly relating to the theme of 'Introduction of a high fee on H-1B visas'.","Donald Trump is mentioned in the context of an executive order, but the sentence does not quote anything he explicitly said. It describes actions and statements made by others regarding the order.",narrative
Sep 2025,2025-09-20,A30C8CA57CC33873AEF6A2799EDD16CD,A30C8CA57CC33873AEF6A2799EDD16CD-1,Startup leaders warn new $100K H-1B visa fee will hurt U.S. entrepreneurship and innovation,"Longtime entrepreneurs and venture capitalists are sounding the alarm over President Trump's new H-1B fee that would impact tech companies and the workers they hire from abroad.
Trump announced an executive order Friday outlining the $100,000 fee for H-1B work visas, which allow companies to hire highly skilled foreign workers in ""specialty occupations"" such as software engineering, data science, and other STEM fields.","The sentence discusses President Trump's new H-1B fee and its potential impact on tech companies and the foreign workers they hire, which directly relates to the proposed tax impacting companies employing H-1B visa holders.",A proposed tax impacting companies employing H-1B visa holders.,Donald Trump,,PEOP,related,"The sentence directly discusses President Trump's announcement of a new $100,000 fee for H-1B work visas, which is clearly related to the theme of 'Introduction of a high fee on H-1B visas'. It highlights the impact of this fee on tech companies and foreign workers, aligning perfectly with the theme.","Donald Trump announced an executive order regarding the new H-1B fee, but the sentence does not quote him directly. It describes an action he took rather than something he explicitly said.",narrative
Sep 2025,2025-09-20,9C092C763326830DB8307D20AE129D46,9C092C763326830DB8307D20AE129D46-4,US tech firms urge H-1B visa workers to return before Sunday deadline,"There was no official statement yet from either Microsoft or JPMorgan.
President Trump expects the revised fee-based visa programme to generate over $100 billion for the US Treasury, designated for national debt reduction and tax cuts. Critics, however, argued that the new fee hinders talent mobility and stifles innovation.","The sentence discusses the critics' perspective on the new fee-based visa program, indicating that it hinders talent mobility and stifles innovation. This aligns with the theme 'Tax may impact innovation driven by H-1B visa talent.'",Tax may impact innovation driven by H-1B visa talent.,Donald Trump,,PEOP,related,The sentence discusses the revised fee-based visa program and mentions a new fee that critics argue hinders talent mobility. This directly relates to the theme of 'Introduction of a high fee on H-1B visas' as it highlights the implications of such a fee on the visa program.,"Donald Trump is mentioned in relation to his expectations about the revised fee-based visa programme, which indicates something he has said regarding its potential financial impact. However, the sentence does not provide a direct quote from him.",narrative
Sep 2025,2025-09-20,A30C8CA57CC33873AEF6A2799EDD16CD,A30C8CA57CC33873AEF6A2799EDD16CD-2,Startup leaders warn new $100K H-1B visa fee will hurt U.S. entrepreneurship and innovation,"By imposing the new fee, the Trump administration says it aims to curb abuse of the H-1B program while reserving visas for only the ""best of the best.""
Currently, companies pay several thousand dollars in government fees and legal costs per H-1B application. Adding a $100,000 surcharge per worker would be unprecedented.","The sentence discusses the imposition of a new fee on H-1B visa applications, which aligns with the theme of a proposed tax impacting companies employing H-1B visa holders. The mention of a surcharge indicates a direct financial impact on companies that hire H-1B workers.",A proposed tax impacting companies employing H-1B visa holders.,Donald Trump,,PEOP,related,"The sentence discusses the introduction of a new fee on H-1B visas, specifically mentioning a $100,000 surcharge, which directly relates to the theme of 'Introduction of a high fee on H-1B visas'.","Donald Trump is mentioned in relation to the actions of the Trump administration, but the sentence does not quote something that Donald Trump has explicitly said. Instead, it describes the administration's stance and intentions regarding the H-1B program.",narrative
Sep 2025,2025-09-20,A23F8E8B692EB93A35BB2B559E62094D,A23F8E8B692EB93A35BB2B559E62094D-2,'Reckless' H1-B fee will have negative impact on IT industry: US lawmakers,"Trump's $100,000 H-1B visa fee is a reckless attempt to cut America off from high-skilled workers who have long strengthened our workforce, fuelled innovation, and helped build industries that employ millions of Americans, Congressman Raja Krishnamoorthi said.","The sentence discusses a proposed fee for H-1B visas and its negative implications on the recruitment of high-skilled workers, which aligns with the theme of a proposed tax impacting companies employing H-1B visa holders.",A proposed tax impacting companies employing H-1B visa holders.,Donald Trump,,PEOP,related,"The sentence discusses a specific high fee on H-1B visas proposed by Trump and its implications on the workforce and innovation, directly relating to the theme of 'Introduction of a high fee on H-1B visas'.","Donald Trump is mentioned in relation to a fee he has implemented, but the sentence does not quote something he has explicitly said. Instead, it describes an action attributed to him.",narrative
Sep 2025,2025-09-20,9920D406093B70DCA8E30429572EEAA4,9920D406093B70DCA8E30429572EEAA4-2,US H-1B Visa Fee Increase: What Passports Holders and Employers Need to Know,"The H-1B visa program has long been a key pathway for foreign workers, especially in the tech sector, to contribute their expertise to US companies. The new fee, aimed at mitigating what Trump refers to as ""abuse"" of the program, has caused significant reactions among employers, skilled workers, and immigration attorneys.
The New $100,000 Fee: What Does It Mean for Skilled Workers?
The $100,000 fee applies only to new H-1B applicants, and companies sponsoring foreign workers will need to pay this fee for each individual hired under the program. The change is part of Trump's ongoing effort to restrict immigration and prioritize US-born workers for high-skilled positions.","The sentence discusses a new fee for H-1B visa applicants and its implications for companies hiring foreign workers, which aligns with the theme of a proposed tax impacting companies employing H-1B visa holders.",A proposed tax impacting companies employing H-1B visa holders.,Donald Trump,,PEOP,related,"The sentence discusses the introduction of a new fee for H-1B visa applicants, specifically mentioning a $100,000 fee that companies must pay for each new applicant. This directly relates to the theme of 'Introduction of a high fee on H-1B visas' as it outlines the financial implications of the new fee structure and its context within immigration policy changes.","Donald Trump is referenced in relation to his characterization of the H-1B visa program as being subject to ""abuse,"" but the sentence does not provide a direct quote of something he has explicitly said. Instead, it describes his perspective and actions regarding the program.",narrative
Sep 2025,2025-09-20,9B48C57BBFC3397571AE6AC07507D1CA,9B48C57BBFC3397571AE6AC07507D1CA-2,"New H-1B visa rules to choke US innovation, turbocharge India's growth: Amitabh Kant","In a major setback for Indian tech professionals working in the United States and top tech companies, Trump has signed a proclamation to significantly curtail the H-1B visa programme.
""Donald Trump's $100,000 H-1B fee will choke US innovation, and turbocharge India's. By slamming the door on global talent, America pushes the next wave of labs, patents, innovation and startups to Bangalore and Hyderabad, Pune and Gurgaon,"" Kant posted on X social media platform.","The sentence discusses the impact of a proclamation signed by Trump that significantly curtails the H-1B visa program, which directly relates to the proposed tax impacting companies employing H-1B visa holders. It highlights how this action could hinder the recruitment of skilled H-1B visa workers and affect innovation in the U.S. by pushing talent to India.",A proposed tax impacting companies employing H-1B visa holders.,Donald Trump,,PEOP,related,"The sentence discusses a proclamation signed by Trump that significantly curtails the H-1B visa program and mentions a specific high fee of $100,000 for H-1B visas. This directly relates to the theme of 'Introduction of a high fee on H-1B visas' as it highlights the financial implications of the new rules on the visa program.","Donald Trump is mentioned in the context of having signed a proclamation regarding the H-1B visa programme, but the sentence does not contain a direct quote from him. Instead, it includes a statement made by Amitabh Kant about Trump's fee, which is not a direct quote from Trump himself.",narrative
Sep 2025,2025-09-20,9920D406093B70DCA8E30429572EEAA4,9920D406093B70DCA8E30429572EEAA4-13,US H-1B Visa Fee Increase: What Passports Holders and Employers Need to Know,"For travelers and future applicants, it's important to stay informed about how these changes may impact their ability to work, live, and travel in the US, as the landscape for foreign professionals continues to evolve.
Key Points:   Trump's Executive Order imposes a $100,000 annual fee for H-1B visa applicants, which applies to new requests. Large tech companies may absorb the fee, but small businesses may struggle with the added cost. The US tech sector could be negatively impacted as foreign talent may look for opportunities in Canada , Australia , and other countries with more favorable visa policies. The new $100,000 fee could lead to fewer skilled workers coming to the US, particularly affecting startups and small companies .","The sentence discusses the implications of a new $100,000 fee for H-1B visa applicants, highlighting how it may deter skilled workers from coming to the US, particularly affecting small businesses and startups. This aligns with the theme of 'New tax may hinder recruitment of skilled H-1B visa workers.'",New tax may hinder recruitment of skilled H-1B visa workers.,Donald Trump,,PEOP,related,"The sentence explicitly discusses the introduction of a $100,000 annual fee for H-1B visa applicants, detailing its implications for various stakeholders, including large tech companies and small businesses. This directly relates to the theme of 'Introduction of a high fee on H-1B visas'.","Donald Trump is mentioned in relation to an Executive Order that imposes a fee, but the sentence does not quote something he has explicitly said. It describes an action taken rather than a statement made by him.",narrative
Sep 2025,2025-09-20,A44EEDCEBC51982A45059D38BCB6F516,A44EEDCEBC51982A45059D38BCB6F516-8,"What Are H-1B Visas? Trump's $100,000 Fees Could Impact Amazon, Apple And Google.","Have Companies Opposed Trump's Changes To H-1b Visas?
Commerce Secretary Howard Lutnick said Friday that ""all the big companies"" had been notified of the new fee, suggesting they were all ""on board."" Lutnick added, ""If you're going to train somebody, you're going to train one of the recent graduates from one of the great universities across our land."" Deedy Das, a partner at the venture capital firm Menlo Ventures, said the added fees would be ""disincentive to attract the world's smartest talent"" to the U.S., and ""if the U.S. ceases to attract the best talent, it drastically reduces its ability to innovate and grow the economy.""","The sentence discusses how the added fees associated with H-1B visas may serve as a disincentive for attracting skilled talent, which directly relates to the theme of how a new tax may hinder recruitment of skilled H-1B visa workers. It also touches on the potential negative impact on innovation and economic growth, aligning with the narrative that tax may impact innovation driven by H-1B visa talent.",New tax may hinder recruitment of skilled H-1B visa workers.,Donald Trump,,PEOP,related,"The sentence discusses the implications of the new fees on H-1B visas and how they may disincentivize companies from attracting talent, which directly relates to the theme of the introduction of a high fee on H-1B visas. It highlights the concerns raised by industry leaders regarding the impact of these fees on innovation and economic growth.","Donald Trump is mentioned in the context of changes to H-1B visas, but the sentence does not quote anything that he has explicitly said. Instead, it includes statements from other individuals regarding the impact of the changes. Therefore, the label is 'unclear'.",narrative
Sep 2025,2025-09-20,A61264A965715FDB1C9BB270F63A33DF,A61264A965715FDB1C9BB270F63A33DF-2,"$100,000 fee on H-1B to force hiring, strategy rethink for companies: Law firm JSA on US visa shocker","In a move that is bound to impact Indian tech professionals adversely, US President Donald Trump on Friday signed a proclamation that will raise the fee for H1-B visas to a steep $100,000 annually. The H-1B visa fee ranges from about $2,000 to $5,000, depending on employer size and other costs.","The sentence discusses a new proclamation that raises the fee for H-1B visas significantly, which directly relates to the proposed tax impacting companies employing H-1B visa holders. The increase in fees is likely to affect companies' operational costs and their ability to hire H-1B visa workers.",A proposed tax impacting companies employing H-1B visa holders.,Donald Trump,,PEOP,related,"The sentence explicitly states that the fee for H-1B visas will be raised to $100,000 annually, which directly relates to the theme of 'Introduction of a high fee on H-1B visas'.","Donald Trump is mentioned as having signed a proclamation regarding the H-1B visa fee, but the sentence does not quote anything he explicitly said. It describes an action he took rather than a statement he made.",narrative
Sep 2025,2025-09-20,8251F7A4AA2CDC22B7C439B2C0F9C1AE,8251F7A4AA2CDC22B7C439B2C0F9C1AE-4,"""Aao, ab laut chalen"", says Radhika Gupta as H-1B visa anxiety rises. Backs India as the better bet","""Some eventually returned home, and years later, even those of us who still had the visa made the same choice,"" she added.
Gupta's post comes as the Trump administration pushes for a steep $100,000 per year levy on companies hiring H-1B visa holders.
According to Reuters, the policy could severely impact companies that rely heavily on skilled foreign talent - particularly tech firms, which made up a majority of H-1B approvals last year, with India accounting for 71% of the total.","The sentence discusses a proposed $100,000 levy on companies hiring H-1B visa holders, which directly relates to the theme of a proposed tax impacting companies employing H-1B visa holders.",A proposed tax impacting companies employing H-1B visa holders.,Donald Trump,,PEOP,related,"The sentence discusses the Trump administration's proposal for a steep $100,000 fee on companies hiring H-1B visa holders, which directly relates to the theme of introducing a high fee on H-1B visas. It highlights the potential impact of this policy on companies that depend on skilled foreign talent, particularly in the tech industry.","Donald Trump is mentioned in the context of the administration's actions regarding H-1B visa fees, but there is no direct quote from him in the sentence. Therefore, it does not strictly quote something that Donald Trump has said.",narrative
Sep 2025,2025-09-20,A8EBBFD2D4E7A16A8DCBB7733A11D846,A8EBBFD2D4E7A16A8DCBB7733A11D846-3,H-1B visa shock first in double blow? Indian tech sector spooked already by tax proposal in US,"Called the Halting International Relocation of Employment (HIRE) Act, it has the same argument as Trump's move to put a prohibitive $100,000 fee on H-1B visa: that American jobs and dollars.
At its simplest, it means that if an American company outsources its call centre or software backend or data processing tasks, for instance, to a company in India - things done mostly for lower wages or easier availability of talent - the company should have to pay an additional tax to the US exchequer when sending this money to India.","The sentence discusses a proposed act that imposes a fee on H-1B visa usage, which aligns with the theme of a proposed tax impacting companies employing H-1B visa holders. It highlights the financial implications for companies outsourcing jobs, which connects to the broader narrative of how such taxes affect employment and operational decisions related to H-1B visa workers.",A proposed tax impacting companies employing H-1B visa holders.,Donald Trump,,PEOP,related,"The sentence discusses the HIRE Act, which proposes a high fee on H-1B visas, directly linking it to the theme of introducing a high fee. It also mentions the rationale behind such fees, which is related to protecting American jobs. Therefore, it is clearly connected to the theme.","Donald Trump is mentioned in relation to a move to impose a fee on H-1B visas, but the sentence does not quote something he explicitly said. Instead, it describes an action associated with him without direct quotation.",narrative
Sep 2025,2025-09-20,A749870C263FF3269F765D627C9FB33A,A749870C263FF3269F765D627C9FB33A-1,"Donald Trump's H-1B Visa Fee Hike Shocks Tech Giants and Indians, Experts Call The Move 'Regressive'","Indian IT professionals are facing a new crisis after Trump's $100,000 H-1B visa fee shock. Microsoft and Amazon have warned employees on H-1B and H-4 visas to remain in or return to the US amid confusion. Former diplomats say the move is regressive, hits Indian talent, and could harm the American economy reliant on skilled workers. The policy may force IT firms to reconsider hiring and could slow India-US tech collaborations. With thousands of visas affected, the decision risks upending the careers of Indian tech workers and may push talent toward other countries. Indian IT professionals are facing a new crisis after Trump's $100,000 H-1B visa fee shock. Microsoft and Amazon have warned employees on H-1B and H-4 visas to remain in or return to the US amid confusion.","The sentence discusses the impact of a significant increase in H-1B visa fees on Indian IT professionals and the potential consequences for hiring practices and international collaborations. This aligns with the theme of how a proposed tax (in this case, the fee increase) may hinder recruitment of skilled H-1B visa workers and affect companies' strategies regarding H-1B visa employment.",New tax may hinder recruitment of skilled H-1B visa workers.,Donald Trump,,PEOP,related,"The sentence explicitly mentions a '$100,000 H-1B visa fee shock', which directly relates to the theme of 'Introduction of a high fee on H-1B visas'. It discusses the implications of this fee increase on Indian IT professionals and the broader tech industry, making the connection clear.","Donald Trump is mentioned in relation to the $100,000 H-1B visa fee, but the sentence does not quote anything he has explicitly said. It describes the impact of his policy rather than providing a direct quote from him.",narrative
Sep 2025,2025-09-20,A611AF8985EBBFBDA565FB8F48347B1E,A611AF8985EBBFBDA565FB8F48347B1E-1,Donald Trump hikes H-1B visa fee to $100K to protect US jobs: What it means for Indian workers,"President Trump has raised the H-1B visa sponsorship fee to $100,000 to prioritise American jobs and curb outsourcing. Indian professionals, who form the majority of H-1B holders, may face reduced opportunities, especially in junior roles. The change pressures companies like Amazon, Microsoft, and TCS to reconsider hiring strategies, shifting focus to highly specialised, high-wage talent and domestic graduates.","The sentence discusses the increase in H-1B visa sponsorship fees and its implications for hiring strategies, particularly how companies may shift their focus towards domestic candidates and specialized talent due to the higher costs. This aligns with the themes of prioritizing domestic candidates and altering recruitment strategies in response to increased operational costs.",Companies may prioritize domestic candidates over H-1B visa applicants.,Donald Trump,,PEOP,related,"The sentence explicitly states that President Trump has raised the H-1B visa sponsorship fee to $100,000, which directly relates to the theme of 'Introduction of a high fee on H-1B visas'. It discusses the implications of this fee increase on job opportunities for Indian professionals and the hiring strategies of major companies, reinforcing the connection to the high fee introduction.","Donald Trump is mentioned as having raised the H-1B visa sponsorship fee, which indicates an action he has taken rather than something he has explicitly said.",narrative
Sep 2025,2025-09-20,A4CB1B56DF7D7CEB8F4868BFBB585D3A,A4CB1B56DF7D7CEB8F4868BFBB585D3A-6,White House says Trump's H-1B visa changes will only affect new applicants,"""Renewals, first times, the company needs to decide,
"" Lutnick said in response to a question about the fee's application.
""Do they want - is the person valuable enough to have a $100,000 a year payment to the government or they should head home, and they should go hire an American.\"" Amid the uncertainty, Amazon and Microsoft have urged H-1B visa holders who are now abroad to return to the United States before Trump's order goes into effect on September 21.","The sentence discusses the decision-making process companies face regarding the value of H-1B visa holders in light of a significant fee, suggesting that companies may prioritize hiring domestic candidates over H-1B visa applicants if the costs are deemed too high. This aligns with the theme of companies potentially prioritizing domestic candidates due to increased costs associated with H-1B visa holders.",Companies may prioritize domestic candidates over H-1B visa applicants.,Donald Trump,,PEOP,related,"The sentence discusses the implications of a high fee on H-1B visas, particularly in terms of whether companies find it worthwhile to pay the fee for valuable employees. It also mentions the context of the fee's application and the potential impact on hiring decisions, which relates directly to the theme of introducing a high fee on H-1B visas.","Donald Trump is mentioned in the context of an order regarding H-1B visas, but the sentence does not quote anything that he has explicitly said. Instead, it discusses a response from Lutnick and the implications of Trump's order. Therefore, it does not meet the criteria for a direct quote from Donald Trump.",narrative
Sep 2025,2025-09-20,A44EEDCEBC51982A45059D38BCB6F516,A44EEDCEBC51982A45059D38BCB6F516-1,"What Are H-1B Visas? Trump's $100,000 Fees Could Impact Amazon, Apple And Google.","President Donald Trump issued a proclamation that would impose an annual $100,000 fee on H-1B visa applications, used by companies to hire skilled workers from abroad, in a possible roadblock for the U.S. tech industry while disrupting the hiring process for firms like Amazon, Apple and Google.","The sentence discusses a proposed annual fee on H-1B visa applications, which directly relates to the theme of a proposed tax impacting companies employing H-1B visa holders. It highlights the potential disruption to the hiring process for major tech firms, indicating the broader implications of the tax on recruitment and operational strategies.",A proposed tax impacting companies employing H-1B visa holders.,Donald Trump,,PEOP,related,"The sentence directly discusses President Trump's proclamation to impose a $100,000 fee on H-1B visa applications, clearly establishing a connection to the theme of 'Introduction of a high fee on H-1B visas'.","Donald Trump is mentioned as having issued a proclamation regarding the imposition of a fee on H-1B visa applications, but the sentence does not quote his exact words. Therefore, it does not strictly relate to something he has said.",narrative
Sep 2025,2025-09-20,A61264A965715FDB1C9BB270F63A33DF,A61264A965715FDB1C9BB270F63A33DF-15,"$100,000 fee on H-1B to force hiring, strategy rethink for companies: Law firm JSA on US visa shocker","The Trump administration said that the $100,000 fee is aimed at ensuring that the people being brought into the country are ""actually very highly skilled"" and do not replace American workers.
The H-1B programme allows employers in the US to temporarily employ foreign workers in occupations that require the theoretical and practical application of a body of highly specialised knowledge and a bachelor's degree or higher in the specific specialty, or its equivalent.","The sentence discusses the intention behind the $100,000 fee imposed by the Trump administration, which is to ensure that H-1B visa holders are highly skilled and do not replace American workers. This relates to the narrative about the proposed tax impacting companies employing H-1B visa holders, as it highlights the regulatory environment surrounding the H-1B program and its implications for hiring practices.",A proposed tax impacting companies employing H-1B visa holders.,Donald Trump,,PEOP,related,"The sentence discusses the $100,000 fee associated with the H-1B visa program and its intended purpose, which directly relates to the theme of the introduction of a high fee on H-1B visas. It explains the rationale behind the fee and its implications for hiring practices, making the connection clear.","Donald Trump is mentioned in the context of the Trump administration's statement, but the sentence does not quote anything that Donald Trump has explicitly said. Instead, it describes a policy action taken by the administration.",narrative
Sep 2025,2025-09-20,604B85E6E5FAFC4537F92CF430D5D1D3,604B85E6E5FAFC4537F92CF430D5D1D3-1,"Trump to Impose $100,000 Fee Per Year for H-1B Visas, in Blow to Tech","The Trump administration said on Friday it would ask companies to pay $100,000 per year for H-1B worker visas, prompting some big tech companies to warn visa holders to stay in the US or quickly return.
The change could deal a big blow to the technology sector that relies heavily on skilled workers from India and China, said Reuters.
Since taking office in January, Trump has kicked off a wide-ranging immigration crackdown, including moves to limit some forms of legal immigration. The step to reshape the H-1B visa program represents his administration's most high-profile effort yet to rework temporary employment visas.
""If you're going to train somebody, you're going to train one of the recent graduates from one of the great universities across our land,"" said Commerce Secretary Howard Lutnick.","The sentence discusses a proposed tax of $100,000 per year for H-1B worker visas, which directly relates to the theme of 'A proposed tax impacting companies employing H-1B visa holders.' This tax is expected to significantly affect the technology sector that relies on skilled H-1B workers, indicating a direct impact on companies employing these visa holders.",A proposed tax impacting companies employing H-1B visa holders.,Donald Trump,,PEOP,related,"The sentence discusses the Trump administration's proposal to impose a $100,000 fee per year for H-1B worker visas, which directly relates to the theme of introducing a high fee on H-1B visas. It also mentions the implications of this change on the technology sector, reinforcing the connection to the theme.","Donald Trump is mentioned in the context of actions taken by his administration, but the sentence does not include a direct quote from him. Therefore, it does not strictly relate to something that Donald Trump has explicitly said.",narrative
Sep 2025,2025-09-20,81D18B7DDB80F1593045DA9D460EF41F,81D18B7DDB80F1593045DA9D460EF41F-2,Mint Explainer: What spooked the Trump administration on H-1B visas?,"The US government's sudden decision to impose a $100,000 annual fee on companies sending employees to the US on H-1B visas has forced Indian IT firms to return to the drawing board. The move, announced late on Friday by President Donald Trump just eight months into his tenure, has jolted an industry that sends thousands of skilled professionals to the US each year, often to fill roles for which American talent is scarce.","The sentence discusses the imposition of a significant fee on companies employing H-1B visa holders, which directly relates to the proposed tax impacting these companies. It highlights the impact on Indian IT firms and the skilled professionals they send to the US, indicating a broader effect on recruitment and operational strategies.",A proposed tax impacting companies employing H-1B visa holders.,Donald Trump,,PEOP,related,"The sentence explicitly discusses the introduction of a $100,000 annual fee on H-1B visas, which directly relates to the theme of 'Introduction of a high fee on H-1B visas'. It describes the impact of this fee on Indian IT firms and the broader implications for the industry, making the connection clear.","Donald Trump is mentioned as the person who announced the decision, but the sentence does not quote anything he explicitly said. It describes an action taken by his administration rather than a direct quote from him.",narrative
Sep 2025,2025-09-20,5E0C782F9B24D599E5B074C6C55D8E88,5E0C782F9B24D599E5B074C6C55D8E88-7,"Infosys stock falls 4.5% after Trump's $100,000 H-1B visa fee plan report",The proposed H-1B fee increase follows other Trump administration measures targeting skilled worker immigration programs. These policies aim to prioritize domestic employment opportunities over foreign worker recruitment. Also read: Technology sector investors continue monitoring potential H-1B visa program changes that could affect major companies' operational strategies and profitability margins.,"The sentence discusses the proposed fee increase for H-1B visas and mentions policies that prioritize domestic employment over foreign worker recruitment, which aligns with the theme of companies potentially prioritizing domestic candidates over H-1B visa applicants.",Companies may prioritize domestic candidates over H-1B visa applicants.,Donald Trump,,PEOP,related,"The sentence discusses the proposed increase in H-1B fees and mentions the context of the Trump administration's measures affecting skilled worker immigration, which directly relates to the theme of introducing a high fee on H-1B visas. It also highlights the implications for the technology sector, reinforcing the connection to the fee increase.","Donald Trump is mentioned in relation to the proposed H-1B fee increase, but the sentence does not quote anything he has explicitly said. It discusses actions taken by the Trump administration rather than direct quotes from him.",narrative
Sep 2025,2025-09-20,5D98284ED0788BAE3276AF832D5038E4,5D98284ED0788BAE3276AF832D5038E4-4,"""Startups may face hiring challenges,"" says former advisor Ajay Bhutoria on USD 100,000 annual fee on H-1B visas","The Trump administration has announced a massive increase in H-1B visa fees, imposing a USD 100,000 annual charge that will fundamentally alter how American companies hire skilled foreign workers, particularly impacting Indian IT professionals who comprise the largest group of beneficiaries.","The sentence discusses a significant increase in H-1B visa fees that will affect how American companies hire skilled foreign workers, which aligns with the theme of a proposed tax impacting companies employing H-1B visa holders.",A proposed tax impacting companies employing H-1B visa holders.,Donald Trump,,PEOP,related,"The sentence explicitly mentions a massive increase in H-1B visa fees, specifically stating a USD 100,000 annual charge. This directly relates to the theme of 'Introduction of a high fee on H-1B visas' as it discusses the implications of this fee on American companies and foreign workers.","Donald Trump is mentioned in relation to the actions of the Trump administration, but the sentence does not quote anything that Donald Trump has explicitly said. It describes a decision made by the administration rather than a direct statement from Trump himself.",narrative
Sep 2025,2025-09-20,5B2B8A92A79299A2AB0BE238E6A0AD3A,5B2B8A92A79299A2AB0BE238E6A0AD3A-1,"Huge fee can potentially kill H-1B, but Delhi keeps its fingers crossed","Employers including Microsoft, Meta and JP Morgan are asking those with H-1B visas to either not leave the US or return before the deadline to the US if they are outside the country.
JUST LIKE the 50% tariffs endangers Indian goods and merchandise exports to the US, the $100,000 a year application fee for H-1B visas threatens to effectively kill the programme unless US President Donald Trump changes his mind and tweaks his order in the coming months.","The sentence discusses the impact of high application fees for H-1B visas, which aligns with the theme of a proposed tax impacting companies employing H-1B visa holders. It highlights how these fees could threaten the viability of the H-1B program, indicating a direct connection to the financial implications of hiring H-1B visa workers.",A proposed tax impacting companies employing H-1B visa holders.,Donald Trump,,PEOP,related,"The sentence discusses the high application fee for H-1B visas and its potential impact on the program, directly relating to the theme of 'Introduction of a high fee on H-1B visas'.","Donald Trump is mentioned in the context of needing to change his mind and tweak his order regarding the H-1B visa application fee, but the sentence does not provide a direct quote of something he has explicitly said.",narrative
Sep 2025,2025-09-20,604B85E6E5FAFC4537F92CF430D5D1D3,604B85E6E5FAFC4537F92CF430D5D1D3-4,"Trump to Impose $100,000 Fee Per Year for H-1B Visas, in Blow to Tech","Musk, himself a naturalized US citizen born in South Africa, has held an H-1B visa.
Some employers have exploited the program to hold down wages, disadvantaging US workers, according to the executive order Trump signed on Friday.
The number of foreign science, technology, engineering and mathematics (STEM) workers in the US more than doubled between 2000 and 2019 to nearly 2.5 million, even as overall STEM employment only increased 44.5% during that time, it said.
MOVE COULD DETER GLOBAL TALENT 
Adding new fees ""creates disincentive to attract the world's smartest talent to the US,"" said Deedy Das, partner at venture capital firm Menlo Ventures, on X. ""If the US ceases to attract the best talent, it drastically reduces its ability to innovate and grow the economy.""","The sentence discusses how adding new fees could deter global talent from coming to the US, which directly relates to the theme of how a proposed tax may hinder recruitment of skilled H-1B visa workers. It emphasizes the negative impact on the ability to attract top talent, which is crucial for innovation and economic growth.",New tax may hinder recruitment of skilled H-1B visa workers.,Donald Trump,,PEOP,related,"The sentence discusses the potential negative impact of introducing new fees on H-1B visas, specifically mentioning that it could deter global talent from coming to the US. This directly relates to the theme of 'Introduction of a high fee on H-1B visas' as it highlights the consequences of such a fee on attracting skilled workers.","Donald Trump is mentioned in relation to an executive order he signed, but the sentence does not quote anything he explicitly said. It discusses actions taken by Trump rather than his words.",narrative
Sep 2025,2025-09-20,5AF9D6D69BCD5CC5EF0995E24928D6FE,5AF9D6D69BCD5CC5EF0995E24928D6FE-1,"H1-B visa price hike: How this will impact Indian engineers, technicians and others who want to work in the US","A new policy signed by President Trump imposes a hefty $100,000 annual fee on companies sponsoring H-1B visas, disproportionately affecting Indian tech workers who constitute the majority of recipients. Major tech firms like Amazon and Microsoft are scrambling to adjust hiring strategies, potentially reducing opportunities for entry-level Indian professionals and impacting international travel for current visa holders. Indian professionals, especially engineers and other tech workers, who want to work in the US are now facing a very different situation as President Donald Trump signed an order that puts a high annual fee of $100,000 on companies that want to sponsor H-1B visas.","The sentence discusses a new policy that imposes a significant fee on companies sponsoring H-1B visas, which directly relates to the theme of a proposed tax impacting companies employing H-1B visa holders. It highlights the financial burden on companies and the potential consequences for hiring practices, particularly affecting Indian tech workers.",A proposed tax impacting companies employing H-1B visa holders.,Donald Trump,,PEOP,related,"The sentence explicitly discusses a new policy that imposes a $100,000 annual fee on companies sponsoring H-1B visas, which directly relates to the theme of 'Introduction of a high fee on H-1B visas'. It also highlights the impact on Indian tech workers and major tech firms, reinforcing the connection to the high fee introduction.","Donald Trump is mentioned as having signed a policy that imposes a fee on H-1B visas, but the sentence describes an action he has taken rather than quoting something he has explicitly said.",narrative
Sep 2025,2025-09-20,64987144D548CF0DAF7CA3A660B0198D,64987144D548CF0DAF7CA3A660B0198D-1,H-1B Visas Have Been Transformed. Here's What You Need to Know About the Changes,"The Trump Administration said it would charge companies $100,000 per year for H-1B visas, a policy that will likely to hire skilled workers from around the world.
The move comes amid a widespread effort by the administration to crack down on both illegal and legal immigration to the United States. It was unveiled on the same day as President Donald Trump rolled out a """" that would grant U.S. residency for those willing to pay $1 million.","The sentence discusses a proposed tax of $100,000 per year for H-1B visas, which directly relates to the theme of a proposed tax impacting companies employing H-1B visa holders. It highlights the financial implications for companies hiring skilled workers under this visa category.",A proposed tax impacting companies employing H-1B visa holders.,Donald Trump,,PEOP,related,"The sentence explicitly mentions the Trump Administration's plan to charge companies $100,000 per year for H-1B visas, which directly relates to the theme of introducing a high fee on H-1B visas. This clear connection to the fee structure makes the sentence relevant to the theme.","Donald Trump is mentioned in the context of the administration's actions regarding H-1B visas, but the sentence does not quote anything that he has explicitly said. It describes actions taken by the Trump Administration rather than direct quotes from Donald Trump himself.",narrative
Sep 2025,2025-09-20,7F3EB2E092E286ED7F2945F0C8EC4BD5,7F3EB2E092E286ED7F2945F0C8EC4BD5-2,H-1B visa fee hike likely to hit Indian IT firms by $1 billion: Sandip Agarwal of Sowilo Investment Managers,"Speaking to CNBC-TV18, Agarwal explained the financial impact through a simple calculation: ""The top five Indian IT companies together clock about $80 billion in revenues. Roughly 10,000 visas come from these firms. If you multiply that by $100,000, the hit is about $1 billion."" \r He added that this $1 billion translates to nearly a 7% squeeze on operating margins, which could weigh heavily on profitability.\r According to Agarwal, the increased cost burden underscores the need for Indian IT majors to rethink workforce planning and optimize resource deployment, as such policy moves directly affect cost structures and competitiveness.\r Trump's $100,000 H-1B visa fee hike will hit Indians the hardest, says AVIC President","The sentence discusses the financial impact of increased costs associated with H-1B visas on Indian IT companies, specifically mentioning a significant squeeze on operating margins and the need to rethink workforce planning. This aligns with the theme of 'Tax increases operational costs for companies employing H-1B visa workers.'",Tax increases operational costs for companies employing H-1B visa workers.,Donald Trump,,PEOP,related,"The sentence discusses the financial impact of a proposed $100,000 fee on H-1B visas, specifically how it would affect Indian IT companies. It directly relates to the theme of the introduction of a high fee on H-1B visas by quantifying the financial burden and its implications for profitability and workforce planning.","Donald Trump is mentioned in relation to the $100,000 H-1B visa fee hike, but the sentence does not provide a direct quote from him. Instead, it discusses the implications of the fee hike attributed to him without quoting his words. Therefore, it is unclear if this is something he explicitly said.",narrative
Sep 2025,2025-09-20,7E2BA3584770F4BD5CD339E7227B464E,7E2BA3584770F4BD5CD339E7227B464E-8,H-1B Visa Fee in INR: Then Vs Now,"Brain Drain Diversion: Canada, the UK, and Australia, which offer cheaper and friendlier immigration policies, may attract the very talent the US wants to retain.
Green Card Backlog Nightmare: Indians already face a decades-long wait for permanent residency. Repeated renewals at Rs 88 lakh each could make long-term settlement nearly impossible.
Trump's Gold Card vs H-1BAlongside the H-1B hike, Trump introduced a ""Gold Card"" visa priced at:","The sentence discusses how other countries with more favorable immigration policies may attract talent away from the US, which relates to the theme of companies potentially struggling to develop a robust talent pipeline for H-1B visa roles due to the proposed tax and its implications on recruitment.",Companies may struggle to develop a robust talent pipeline for H-1B visa roles.,Donald Trump,,PEOP,related,"The sentence discusses the introduction of a high fee on H-1B visas in the context of Trump's policies, specifically mentioning a 'H-1B hike' which directly relates to the theme of high fees on H-1B visas. Therefore, it is relevant to the theme.","Donald Trump is mentioned in relation to introducing a 'Gold Card' visa, but the sentence does not provide a direct quote of something he has said. It describes an action he took rather than his words.",narrative
Sep 2025,2025-09-20,7DA42BC7B1B86F9CE2754BF2351F099D,7DA42BC7B1B86F9CE2754BF2351F099D-4,"Are you safe from Trump's $100,000 H-1B visa hit? Check here","Who is safe from Trump's latest move?
The H-1B fee is likely to face legal challenges. But if it survives, companies that hire skilled international workers would have to pay $100,000 each year for any employee working on the visa, for up to six years. This change will affect both new applicants and those renewing their visas. The H-1B visas are approved for a period of three to six years. So, those who just got their visas are safe from this for time being.","The sentence discusses the potential financial implications of a new fee associated with H-1B visas, which directly relates to the operational costs for companies employing H-1B visa workers. It highlights the significant annual fee that companies would need to pay, which aligns with the theme of increased operational costs due to H-1B visa taxes.",Tax increases operational costs for companies employing H-1B visa workers.,Donald Trump,,PEOP,related,"The sentence discusses the introduction of a high fee on H-1B visas, specifically mentioning a $100,000 fee that companies would have to pay for each employee on the visa. This directly relates to the theme of the article, which is about the implications of this fee. Therefore, the connection to the theme is clear.","Donald Trump is mentioned in the context of a move related to H-1B visas, but the sentence does not quote anything that he has explicitly said. It discusses the implications of a fee increase without providing a direct quote from Trump.",narrative
Sep 2025,2025-09-20,7DA42BC7B1B86F9CE2754BF2351F099D,7DA42BC7B1B86F9CE2754BF2351F099D-1,"Are you safe from Trump's $100,000 H-1B visa hit? Check here","The Trump administration said on Friday it would ask companies to pay $100,000 per year for H-1B worker visas, potentially dealing a big blow to the technology sector that relies heavily on skilled workers from India as well as China.","The sentence discusses a proposed tax of $100,000 per year for H-1B worker visas, which directly relates to the theme of a proposed tax impacting companies employing H-1B visa holders. It highlights the potential negative impact on the technology sector that relies on these skilled workers.",A proposed tax impacting companies employing H-1B visa holders.,Donald Trump,,PEOP,related,"The sentence directly discusses the Trump administration's proposal to impose a $100,000 fee for H-1B worker visas, which is clearly related to the theme of introducing a high fee on H-1B visas. It highlights the potential impact on the technology sector, reinforcing the connection to the theme.","Donald Trump is mentioned in the context of the administration's actions regarding H-1B visas, but the sentence does not quote something that he explicitly said. It describes a decision made by the Trump administration rather than a direct statement from Donald Trump himself.",narrative
Sep 2025,2025-09-20,7C8499C84CDED794243D47E01D50DE95,7C8499C84CDED794243D47E01D50DE95-4,"America's loss will be India's gain: Kant on $100,000 H-1B visa fee","US asks firms to pay $100,000 for H-1B visas
Trump on Friday signed an executive order requiring companies to pay $100,000 annually for each H-1B visa worker, along with stricter wage requirements, to curb programme abuse and prioritise hiring American workers. The policy applies to new and renewal applications and introduces a 'gold card' programme for wealthy investors, offering expedited visas for up to $2 million.","The sentence discusses a new executive order that requires companies to pay a significant fee for H-1B visas, which directly relates to the proposed tax impacting companies employing H-1B visa holders. It highlights the financial burden placed on companies due to the new requirements.",A proposed tax impacting companies employing H-1B visa holders.,Donald Trump,,PEOP,related,"The sentence directly discusses the introduction of a $100,000 fee for H-1B visas as mandated by an executive order, which is clearly related to the theme of 'Introduction of a high fee on H-1B visas'.","Donald Trump signed an executive order requiring companies to pay $100,000 annually for each H-1B visa worker, which indicates an action he has taken rather than something he has explicitly said.",narrative
Sep 2025,2025-09-20,793FFD52AB11BD84825BB16AD823A670,793FFD52AB11BD84825BB16AD823A670-1,"Trump's $100,000 H-1B fee: India gains, US economy may suffer, say experts","Experts say US companies may accelerate establishing global capability centers in India, leveraging remote work, and cultural adaptation to outsourcing
The new H-1B visa cost of $100,000 per employee decreed by the Trump administration may lead to greater opportunity for Indian businesses, at the cost of crushed dreams of individual Indians and near-term uncertainty among the Indian diaspora, said experts.","The sentence discusses how the new H-1B visa cost may influence US companies to establish global capability centers in India, which relates to the theme of companies rethinking global strategies to attract H-1B visa talent. It highlights the operational shifts companies may make in response to increased costs associated with H-1B visas.",Companies may need to rethink global strategies to attract H-1B visa talent.,Donald Trump,,PEOP,related,"The sentence directly discusses the new H-1B visa cost of $100,000, which is the central theme of the article. It highlights the implications of this high fee on both US companies and Indian businesses, making it clearly related to the introduction of a high fee on H-1B visas.","Donald Trump is mentioned in relation to the decree of the new H-1B visa cost, but the sentence does not quote something he explicitly said. It describes an action taken by the Trump administration rather than a direct quote from him.",narrative
Sep 2025,2025-09-20,6F107CA1BE9510C5D80ADE5CBA02CA87,6F107CA1BE9510C5D80ADE5CBA02CA87-1,H-1B visa fee hike disruptive but may boost local hiring: Ex-Nasscom chief,"The move is a protectionist measure by the US government and it would also affect American companies as it would be difficult to get talented manpower into the US, he said
US President Donald Trump's decision to raise H1-B visa fee to USD 1,00,000 annually poses significant cost challenges to Indian IT companies and will be disruptive in near term, said Former Chairman of Nasscom BVR Mohan Reddy on Saturday.","The sentence discusses the increase in H-1B visa fees and its impact on American companies, particularly highlighting the challenges in recruiting talented manpower. This aligns with the theme of a proposed tax impacting companies employing H-1B visa holders and the potential hindrance to recruitment of skilled H-1B visa workers.",A proposed tax impacting companies employing H-1B visa holders.,Donald Trump,,PEOP,related,"The sentence explicitly mentions the increase in H-1B visa fees to USD 100,000 annually and discusses its impact on Indian IT companies, which directly relates to the theme of 'Introduction of a high fee on H-1B visas'.","Donald Trump is mentioned in the context of a decision regarding the H-1B visa fee, but the sentence does not quote him directly. Instead, it reports on what a former chairman of Nasscom said about Trump's decision. Therefore, it does not contain a direct quote from Donald Trump.",narrative
Sep 2025,2025-09-20,6E39696A07400CFD5DF7E9A81821A2FA,6E39696A07400CFD5DF7E9A81821A2FA-4,"New US H-1B visa fee could disrupt Indian IT operations, says industry body","It also said the new policy could have ""ripple effects"" on the U.S. innovation ecosystem and on global job markets, pointing out that for companies, ""additional cost will require adjustments"".
Microsoft, JPMorgan and Amazon responded to the announcement by advising employees holding H-1B visas to remain in the United States, according to internal emails reviewed by Reuters.
Since taking office in January, President Donald Trump has launched a broad crackdown on immigration, including efforts to limit certain forms of legal immigration.","The sentence discusses how the new policy may lead to adjustments for companies due to additional costs, which aligns with the theme of how tax increases operational costs for companies employing H-1B visa workers. It also hints at broader implications for innovation and job markets, which connects to the potential impact on innovation driven by H-1B visa talent.",Tax increases operational costs for companies employing H-1B visa workers.,Donald Trump,,PEOP,related,"The sentence discusses the potential impacts of a new policy related to H-1B visas, including increased costs for companies and adjustments they may need to make. This aligns with the theme of introducing a high fee on H-1B visas, as it implies that the fee could disrupt operations and affect the job market. Therefore, it is related to the theme.","Donald Trump is mentioned in the context of actions he has taken regarding immigration policy, but the sentence does not quote anything he has explicitly said.",narrative
Sep 2025,2025-09-20,6D5ACB37A81B5A31E0F966EBA7B20DAD,6D5ACB37A81B5A31E0F966EBA7B20DAD-15,"$100,000 fee on H-1B to force hiring, strategy rethink for cos: Law firm JSA on US visa shocker","The Trump administration said that the USD 100,000 fee is aimed at ensuring that the people being brought into the country are ""actually very highly skilled"" and do not replace American workers.
The H-1B programme allows employers in the US to temporarily employ foreign workers in occupations that require the theoretical and practical application of a body of highly specialized knowledge and a bachelor's degree or higher in the specific specialty, or its equivalent.","The sentence discusses the intention behind the USD 100,000 fee imposed by the Trump administration, which is to ensure that foreign workers brought into the country are highly skilled and do not replace American workers. This relates to the theme of the proposed tax impacting companies employing H-1B visa holders, as it highlights the regulatory environment surrounding H-1B visa employment.",A proposed tax impacting companies employing H-1B visa holders.,Donald Trump,,PEOP,related,"The sentence discusses the USD 100,000 fee imposed by the Trump administration on H-1B visas, explaining its purpose and context. This directly relates to the theme of 'Introduction of a high fee on H-1B visas'.","Donald Trump is mentioned in the context of the Trump administration's statement, but the sentence does not quote anything that Donald Trump has explicitly said. Instead, it describes the administration's position on the fee without direct quotes from him.",narrative
Sep 2025,2025-09-20,699611A6707A500B0E372791FCAE1E05,699611A6707A500B0E372791FCAE1E05-2,"$100,000 H-1B visa fee to hit US tech firms hardest: Govt sources","""In a positive sense, more companies will be setting up global capability centres (GCCs) to meet the shortage of talent,"" the official added.\r The government also expects that the proclamation could face legal challenges in the United States, given its sweeping impact on employers and foreign workers alike.\r On Friday, US President Donald Trump a proclamation restricting the entry of H-1B visa holders and sharply increasing the application fee to $100,000.\r The H-1B program allows U.S. companies to hire foreign workers for high-skilled roles that cannot be easily filled by American citizens or permanent residents. Under the new order, employers seeking to sponsor foreign workers must now pay $100,000 per visa annually, a drastic rise from previous costs.\r Also read","The sentence discusses the proclamation that restricts the entry of H-1B visa holders and significantly increases the application fee, which directly relates to the proposed tax impacting companies employing H-1B visa holders. The mention of the increased costs and its implications for employers aligns with the theme of how such a tax affects companies' operations and hiring practices.",A proposed tax impacting companies employing H-1B visa holders.,Donald Trump,,PEOP,related,"The sentence explicitly mentions a sharp increase in the application fee for H-1B visas to $100,000, which directly relates to the theme of 'Introduction of a high fee on H-1B visas'. It discusses the implications of this fee increase on employers and foreign workers, making the connection clear.","Donald Trump is mentioned in the context of a proclamation he made regarding H-1B visa holders and the associated fee increase. However, the sentence does not quote anything he explicitly said; it only states what he did (issued a proclamation). Therefore, it does not meet the criteria for a direct quote.",narrative
Sep 2025,2025-09-20,D09061218F5439E248105141E52CAF2C,D09061218F5439E248105141E52CAF2C-2,Here's how Trump is changing the H-1B visa program,"President Donald Trump is overhauling a visa program intended for high-skilled workers by hiking the application fee to $100,000 annually from $215. It's the latest step from the Trump administration aimed at limiting legal immigration. The move could shake up hiring strategies in major industries like technology, finance, health care and higher education. The H-1B visa program aims to bring in foreign workers for high-skilled, hard-to-fill jobs. Historically, these visas have been awarded through a lottery system. Opponents argue that businesses are abusing the program to pay overseas workers lower wages. At a press conference on Friday, Commerce Secretary Howard Lutnick said the steeper application fee will incentivize companies to hire Americans instead.","The sentence discusses the increase in application fees for the H-1B visa program, which directly relates to the proposed tax impacting companies employing H-1B visa holders. It highlights how the fee hike could influence hiring strategies and potentially lead companies to prioritize domestic candidates over H-1B visa applicants.",A proposed tax impacting companies employing H-1B visa holders.,Donald Trump,,PEOP,related,"The sentence explicitly discusses the increase in the application fee for the H-1B visa program from $215 to $100,000, which directly relates to the theme of 'Introduction of a high fee on H-1B visas'. It also provides context about the implications of this fee increase on hiring strategies and the administration's goals regarding immigration.","Donald Trump is mentioned as the President who is overhauling the visa program, but the sentence does not quote anything he has explicitly said. It describes actions taken by his administration rather than direct quotes from him.",narrative
Sep 2025,2025-09-20,B148ABB0CFCBEFADC514D6D6BD230433,B148ABB0CFCBEFADC514D6D6BD230433-1,"New H-1B visa rules to choke US innovation, turbocharge India's growth: Amitabh Kant","New H-1B visa rules to choke US innovation, turbocharge India's growth: Amitabh Kant
New Delhi, Sep 20 (IANS) US President Donald Trump's decision to impose $100,000 annual fee on H-1B visa will choke innovation in America, while benefitting Indian IT and tech firms, former G20 Sherpa Amitabh Kant said on Saturday.
In a major setback for Indian tech professionals working in the United States and top tech companies, Trump has signed a proclamation to significantly curtail the H-1B visa programme.","The sentence discusses the imposition of a $100,000 annual fee on H-1B visas and its potential negative impact on innovation in the US, which aligns with the theme of how tax may impact innovation driven by H-1B visa talent.",Tax may impact innovation driven by H-1B visa talent.,Donald Trump,,PEOP,related,"The sentence explicitly mentions the imposition of a $100,000 annual fee on H-1B visas, which directly relates to the theme of 'Introduction of a high fee on H-1B visas'. It discusses the implications of this fee on US innovation and Indian tech firms, making the connection clear.","Donald Trump is mentioned in the context of a decision he made regarding the H-1B visa, but the sentence does not quote something he explicitly said. Instead, it describes an action he took (signing a proclamation) and includes a statement from Amitabh Kant about the implications of that decision.",narrative
Sep 2025,2025-09-20,DFDA46715896C285258940C974C6DAA9,DFDA46715896C285258940C974C6DAA9-1,"'If foreign worker valuable enough': Lutnick backs Trump's H-1B crackdown, says US only wants 'top, valuable people'","Commerce Secretary Lutnick says the new policy ensures only ""top, top people"" gain entry, urging companies to prioritize hiring Americans.
US President Donald Trump
US President Donald Trump signed a proclamation imposing a $100,000 annual fee on H-1B visa applications. This move has sent shockwaves through the US tech sector and raised questions about American immigration priorities.","The sentence discusses a new policy that includes a significant fee on H-1B visa applications, which directly relates to the proposed tax impacting companies employing H-1B visa holders. It also implies that this policy may lead companies to prioritize hiring Americans over H-1B visa applicants due to the increased costs associated with the new fee.",A proposed tax impacting companies employing H-1B visa holders.,Donald Trump,,PEOP,related,"The sentence explicitly mentions the introduction of a $100,000 annual fee on H-1B visa applications, which directly relates to the theme of 'Introduction of a high fee on H-1B visas'. Additionally, it discusses the implications of this fee on the US tech sector and immigration priorities, reinforcing the connection.","Donald Trump is mentioned in the context of signing a proclamation, which indicates an action he has taken rather than something he has explicitly said. Therefore, the sentence does not contain a direct quote from Donald Trump.",narrative
Sep 2025,2025-09-20,DCBC2F808DED01CC30E4AC74C10A5B8D,DCBC2F808DED01CC30E4AC74C10A5B8D-1,"White House clarifies $100,000 H-1B fee only for new applicants: Reports","The H-1B fee is likely to face legal challenges. But if it survives, companies that hire skilled international workers would have to pay $100,000 each year
The H1-B visa fee of $100,000 would be applicable only to new applicants, a White House official clarified on Saturday, a day after President Donald Trump signed a proclamation raising the fee on the visas used by companies to hire workers, including from India, to live and work in the US.","The sentence discusses the new fee imposed on H-1B visas and its implications for companies hiring skilled international workers, which directly relates to the proposed tax impacting companies employing H-1B visa holders.",A proposed tax impacting companies employing H-1B visa holders.,Donald Trump,,PEOP,related,"The sentence discusses the introduction of a $100,000 fee on H-1B visas, specifically mentioning that it would apply to new applicants and is a result of a proclamation signed by President Trump. This directly relates to the theme of 'Introduction of a high fee on H-1B visas'.","Donald Trump signed a proclamation raising the fee on the visas, but the sentence does not quote anything that he explicitly said.",narrative
Sep 2025,2025-09-20,DCB4CED4BE66FCD846380F2E87A79DB2,DCB4CED4BE66FCD846380F2E87A79DB2-1,"""Startups may face hiring challenges,"" says former advisor Ajay Bhutoria on $100,000 H-1B visa fee","The Trump administration has imposed a US $100,000 annual fee on H-1B visas, that is expected to reshape how US companies hire foreign skilled workers. According to a PTI report, the decision, announced on September 21, 2025, is likely to affect Indian IT firms the most, as they are among the largest users of the programme.","The sentence discusses a new fee imposed on H-1B visas that is expected to reshape hiring practices for US companies, particularly affecting how they recruit foreign skilled workers. This aligns with the theme of a proposed tax impacting companies employing H-1B visa holders.",A proposed tax impacting companies employing H-1B visa holders.,Donald Trump,,PEOP,related,"The sentence explicitly states that the Trump administration has imposed a $100,000 annual fee on H-1B visas, which directly relates to the theme of the introduction of a high fee on H-1B visas. It also discusses the implications of this fee on US companies and Indian IT firms, reinforcing the connection to the theme.","Donald Trump is mentioned in relation to the actions of the Trump administration, but the sentence does not quote anything that Donald Trump has explicitly said. It describes a decision made by the administration rather than a statement from Trump himself.",narrative
Sep 2025,2025-09-20,DCB4CED4BE66FCD846380F2E87A79DB2,DCB4CED4BE66FCD846380F2E87A79DB2-4,"""Startups may face hiring challenges,"" says former advisor Ajay Bhutoria on $100,000 H-1B visa fee","ALSO READ: Microsoft, Amazon, TCS, Apple: Tech giants that could be hit hardest by Trump's $100,000 H-1B visa fee
Commerce Secretary Howard Lutnick explained the fee as a strategic measure. During a press call, he said the hike was designed to eliminate what the administration considers lower-skilled training positions while safeguarding opportunities for highly skilled workers.",The sentence discusses a proposed fee related to H-1B visas that aims to impact the hiring of lower-skilled positions while protecting opportunities for highly skilled workers. This aligns with the theme of a proposed tax impacting companies employing H-1B visa holders.,A proposed tax impacting companies employing H-1B visa holders.,Donald Trump,,PEOP,related,"The sentence discusses the $100,000 H-1B visa fee and its implications, which directly relates to the theme of the introduction of a high fee on H-1B visas. It explains the rationale behind the fee and its intended impact on the job market for skilled workers.","Donald Trump is mentioned in relation to the $100,000 H-1B visa fee, but the sentence does not quote anything that he has explicitly said. Instead, it discusses comments made by Commerce Secretary Howard Lutnick regarding the fee. Therefore, it does not meet the criteria for a direct quote from Donald Trump.",narrative
Sep 2025,2025-09-20,DCB4CED4BE66FCD846380F2E87A79DB2,DCB4CED4BE66FCD846380F2E87A79DB2-6,"""Startups may face hiring challenges,"" says former advisor Ajay Bhutoria on $100,000 H-1B visa fee","ALSO READ: Decoding Trump's $100,000 move on H-1B visas
The higher cost could make H-1B hiring financially viable only for positions requiring advanced expertise. Analysts believe the change will particularly affect Indian IT service providers like Infosys, TCS, and Wipro, which often deploy junior and mid-level engineers to US client sites.","The sentence discusses how higher costs associated with H-1B hiring may limit the financial viability of hiring for certain positions, particularly those that do not require advanced expertise. This aligns with the theme of 'Higher costs may deter companies from hiring H-1B visa candidates.'",Higher costs may deter companies from hiring H-1B visa candidates.,Donald Trump,,PEOP,related,"The sentence discusses the implications of a higher cost associated with H-1B visas, specifically mentioning how it could impact hiring practices and the types of positions that may be financially viable. This directly relates to the theme of 'Introduction of a high fee on H-1B visas'.",Donald Trump is not quoted in the sentence; it discusses the implications of a fee increase without directly stating anything he has said.,narrative
Sep 2025,2025-09-20,E84797F5EF826E5650B0557DC333191B,E84797F5EF826E5650B0557DC333191B-2,"White House plan reshapes foreign worker visas with new $100,000 annual fee","""The whole idea is no more will these big tech companies or other big companies train foreign workers. They have to pay the government $100,000, then they have to pay the employee, so it's just not [economical],"" Commerce Secretary Howard Lutnick told reporters on Friday as Trump signed the order. He added, ""All of the big companies are on board.""","The sentence discusses the financial burden imposed on companies due to the requirement to pay a significant amount to the government, which directly relates to the theme of increased operational costs for companies employing H-1B visa workers. It highlights how this new tax makes it economically unfeasible for companies to train foreign workers, aligning with the narrative of tax increasing costs and affecting hiring practices.",Tax increases operational costs for companies employing H-1B visa workers.,Donald Trump,,PEOP,related,"The sentence discusses the financial implications of a new $100,000 fee that companies must pay for foreign workers, which directly relates to the introduction of a high fee on H-1B visas. It highlights the economic burden this fee places on companies, indicating a clear connection to the theme.","Donald Trump is mentioned in the context of signing an order, but the sentence does not quote anything he explicitly said. Instead, it quotes Commerce Secretary Howard Lutnick's comments about the implications of the order. Therefore, it does not meet the criteria for a direct quote from Donald Trump.",narrative
Sep 2025,2025-09-20,E84797F5EF826E5650B0557DC333191B,E84797F5EF826E5650B0557DC333191B-1,"White House plan reshapes foreign worker visas with new $100,000 annual fee","Commerce Secretary says big tech companies are 'on board' despite negative responses
President Donald Trump signed a proclamation on Friday that imposes a $100,000 annual fee on H-1B visas, thereby changing how foreign workers get hired within the U.S.","The sentence discusses a proclamation that imposes a fee on H-1B visas, which directly relates to the theme of a proposed tax impacting companies employing H-1B visa holders. The mention of the fee indicates a financial burden that could affect hiring practices.",A proposed tax impacting companies employing H-1B visa holders.,Donald Trump,,PEOP,related,"The sentence explicitly mentions the introduction of a $100,000 annual fee on H-1B visas, which directly relates to the theme of the article about the high fee on H-1B visas. It clearly establishes a connection to the topic.","Donald Trump signed a proclamation regarding the H-1B visa fee, but this sentence does not quote something he explicitly said. It describes an action he took rather than a statement he made.",narrative
Sep 2025,2025-09-20,FA5A9E9BEFEA65065074BC8665822EA8,FA5A9E9BEFEA65065074BC8665822EA8-3,Big Tech and finance companies are telling H-1B employees to get to the US in under 24 hours,"Amazon, Microsoft, JPMorgan, and Meta are among those companies, per employees and internal communications reviewed by Business Insider.
On Friday, Trump signed an executive order requiring companies to pay a $100,000 fee for each H-1B application or renewal. The order, which takes effect on September 21 at 12:01 a.m. ET, effectively bars H-1B workers from reentering the country after that deadline unless their sponsoring employer pays the fee.","The sentence discusses an executive order that imposes a fee on companies for H-1B applications or renewals, which directly relates to the proposed tax impacting companies employing H-1B visa holders.",A proposed tax impacting companies employing H-1B visa holders.,Donald Trump,,PEOP,related,"The sentence explicitly mentions an executive order signed by Trump that requires companies to pay a $100,000 fee for each H-1B application or renewal, which directly relates to the theme of 'Introduction of a high fee on H-1B visas'.","Donald Trump signed an executive order regarding H-1B visa fees, but the sentence does not quote something he explicitly said. It describes an action he took rather than a statement he made.",narrative
Sep 2025,2025-09-20,F6144EC54B8DF3EA94D748AB93040FB0,F6144EC54B8DF3EA94D748AB93040FB0-2,"H-1B visa holders: Don't leave US, warn Amazon, Microsoft, JPMorgan","The reason is linked to US President Donald Trump's latest move. On Friday, Trump signed a proclamation imposing a $100,000 (about Rs 88 lakh) fee on H-1B visa applicants. The fee, which takes effect from September 21, could sharply raise costs for employers who rely on skilled workers from India and China.","The sentence discusses a new fee imposed on H-1B visa applicants, which directly relates to the theme of a proposed tax impacting companies employing H-1B visa holders. It highlights the financial implications for employers who depend on these skilled workers, indicating how this fee could affect their operational costs.",A proposed tax impacting companies employing H-1B visa holders.,Donald Trump,,PEOP,related,"The sentence explicitly mentions a proclamation signed by President Trump that imposes a $100,000 fee on H-1B visa applicants, directly relating to the theme of introducing a high fee on H-1B visas. It also discusses the potential impact on employers, which reinforces the connection to the theme.","Donald Trump is mentioned in the context of signing a proclamation, which relates to an action he has taken rather than something he has explicitly said. Therefore, the sentence does not quote anything that Donald Trump has said.",narrative
Sep 2025,2025-09-20,EBAF5C2720F1859741F54378476FF6B4,EBAF5C2720F1859741F54378476FF6B4-16,"H-1B rule change imposes $100,000 annual fee on US employers hiring foreign workers","Therefore, Trump's proclamation order aims to impose higher costs on companies seeking to use the H-1B program in order to address the abuse of that program while still permitting companies to hire the best of the best temporary foreign workers.","The sentence discusses Trump's proclamation order that aims to impose higher costs on companies using the H-1B program, which directly relates to the theme of 'Tax increases operational costs for companies employing H-1B visa workers.' It highlights the intention to raise costs for companies, which aligns with the narrative of how such taxes impact operational expenses.",Tax increases operational costs for companies employing H-1B visa workers.,Donald Trump,,PEOP,related,"The sentence discusses Trump's proclamation order that aims to impose higher costs on companies using the H-1B program, which directly relates to the introduction of a high fee on H-1B visas as mentioned in the title.","Donald Trump is mentioned in relation to a proclamation order, but the sentence does not quote something he has explicitly said. Instead, it describes an action he has taken regarding the H-1B program.",narrative
Sep 2025,2025-09-20,EBAF5C2720F1859741F54378476FF6B4,EBAF5C2720F1859741F54378476FF6B4-1,"H-1B rule change imposes $100,000 annual fee on US employers hiring foreign workers","A big change has been made to the H-1B visa program, which will transform how US companies hire foreign workers. President Donald Trump has signed a proclamation to extensively overhaul the foreign work permit program, imposing a $100,000 fee for H-1B visa petitions starting September 21, 2025.","The sentence discusses a significant change to the H-1B visa program, specifically mentioning the imposition of a fee for H-1B visa petitions, which directly relates to the theme of a proposed tax impacting companies employing H-1B visa holders.",A proposed tax impacting companies employing H-1B visa holders.,Donald Trump,,PEOP,related,"The sentence explicitly states that a $100,000 fee will be imposed for H-1B visa petitions, which directly relates to the theme of 'Introduction of a high fee on H-1B visas'.","Donald Trump has signed a proclamation, which indicates an action he has taken rather than something he has explicitly said. Therefore, this sentence does not quote something he has said.",narrative
Sep 2025,2025-09-20,EB59F02AEA5C3F6065D58D38F19692CE,EB59F02AEA5C3F6065D58D38F19692CE-1,"New H-1B visa rules to choke US innovation, turbocharge India's growth: Amitabh Kant","New Delhi, Sep 20 US President Donald Trump's decision to impose $100,000 annual fee on H-1B visa will choke innovation in America, while benefitting Indian IT and tech firms, former G20 Sherpa Amitabh Kant said on Saturday. In a major setback for Indian tech professionals working in the United States and top tech companies, Trump has signed a proclamation to significantly curtail the H-1B visa programme.","The sentence discusses the imposition of a fee on H-1B visas and its potential negative impact on innovation in America, which aligns with the theme of how tax may impact innovation driven by H-1B visa talent.",Tax may impact innovation driven by H-1B visa talent.,Donald Trump,,PEOP,related,"The sentence directly discusses the imposition of a $100,000 annual fee on H-1B visas, which is a clear reference to the introduction of a high fee on H-1B visas. It also mentions the implications of this fee on innovation in the US and its benefits for Indian tech firms, aligning well with the theme.","Donald Trump is mentioned in the context of a decision and a proclamation he has signed, but the sentence does not quote anything he has explicitly said. Therefore, it does not meet the criteria for a direct quote.",narrative
Sep 2025,2025-09-20,EB59F02AEA5C3F6065D58D38F19692CE,EB59F02AEA5C3F6065D58D38F19692CE-2,"New H-1B visa rules to choke US innovation, turbocharge India's growth: Amitabh Kant","""Donald Trump's $100,000 H-1B fee will choke US innovation, and turbocharge India's. By slamming the door on global talent, America pushes the next wave of labs, patents, innovation and startups to Bangalore and Hyderabad, Pune and Gurgaon,"" Kant posted on X social media platform. He further stated that India's finest doctors, engineers, scientists and innovators have an opportunity to contribute to India's growth and progress towards Viksit Bharat. ""America's loss will be India's gain,"" he noted. Entrepreneur and investor Kunal Bahl said that because of the new H1-B rules, a tremendous number of talented individuals are going to be headed back to India.","The sentence discusses how the proposed H-1B fee will negatively impact US innovation by driving talent away, which aligns with the theme of tax impacting innovation driven by H-1B visa talent. It highlights the potential loss of skilled individuals to other countries, particularly India, which directly relates to the narrative of reduced H-1B visa hiring limiting innovation and technological advancements in the US.",Tax may impact innovation driven by H-1B visa talent.,Donald Trump,,PEOP,related,"The sentence discusses the implications of a high fee on H-1B visas, specifically mentioning Donald Trump's $100,000 fee and its impact on US innovation and India's growth. It directly relates to the theme of the introduction of a high fee on H-1B visas.","Donald Trump is mentioned in the context of a fee he has set, but the sentence does not quote something he has explicitly said. Instead, it discusses the implications of his actions regarding the H-1B fee. Therefore, it does not meet the criteria for a direct quote from Donald Trump.",narrative
Sep 2025,2025-09-20,E9C6DAC675540E7BBEA61928B6124269,E9C6DAC675540E7BBEA61928B6124269-1,"Can you make it back to US from India before Trump's $100,000 deadline?","The Trump administration said on Friday it would ask companies to pay $100,000 per year for H-1B worker visas, potentially dealing a big blow to the technology sector that relies heavily on skilled workers from India as well China. Tech giants Amazon and Microsoft have already advised their foreign employees holding H-1B and H-4 visas to immediately return to the United States and urged the H-1B holders to stay in the US ""for the foreseeable future"", according to internal communications seen by Reuters.","The sentence discusses a proposed tax of $100,000 per year for H-1B worker visas, which directly relates to the theme of a proposed tax impacting companies employing H-1B visa holders. It highlights the potential negative impact on the technology sector that relies on skilled workers, aligning with the narrative of how such a tax could affect companies' operations and workforce strategies.",A proposed tax impacting companies employing H-1B visa holders.,Donald Trump,,PEOP,related,"The sentence explicitly mentions the Trump administration's proposal to ask companies to pay $100,000 per year for H-1B worker visas, which directly relates to the theme of introducing a high fee on H-1B visas. It discusses the implications of this fee on the technology sector and foreign employees, making the connection clear.","Donald Trump is mentioned in the context of the administration's actions regarding H-1B visas, but the sentence does not quote anything that he has explicitly said. It describes what the administration plans to do rather than providing a direct quote from Donald Trump himself.",narrative
Sep 2025,2025-09-20,C68DC6E2C4C320C59A681AAD032F6EDA,C68DC6E2C4C320C59A681AAD032F6EDA-2,Trump Is Making It $100K More Expensive to Hire H1-B Visa Workers,"The order contains imposing an H1-B utility payment of $100,000. The chief order mentioned the payment would must be paid to ensure that purposes to be thought-about.
Commerce Secretary Howard Lutnick, who spoke alongside Trump within the Oval Workplace, mentioned it could be a yearly payment for firms that rent H1-B staff. Officers mentioned the payment would assist make sure the visa is used to herald staff who're really very extremely expert and to not exchange American staff.","The sentence discusses a proposed payment related to H-1B visa holders, indicating a financial obligation for companies that hire H-1B workers. This aligns with the theme of a proposed tax impacting companies employing H-1B visa holders.",A proposed tax impacting companies employing H-1B visa holders.,Donald Trump,,PEOP,related,"The sentence discusses the introduction of a $100,000 fee for H-1B visa applications, which directly relates to the theme of 'Introduction of a high fee on H-1B visas'. It explains the purpose of the fee and its implications for companies hiring H-1B workers, aligning well with the title of the article.","Donald Trump is mentioned in the context of a discussion about an order, but the sentence does not quote anything he has explicitly said. It describes actions and statements made by others, including Commerce Secretary Howard Lutnick, rather than directly quoting Trump himself.",narrative
Sep 2025,2025-09-20,CEFDCE706D69DB6E76BCDFA818D75F4F,CEFDCE706D69DB6E76BCDFA818D75F4F-2,NewWhite House scrambles to clarify Trump plan to add $100K fee to visas for highly skilled workers,"On Friday, Trump signed a proclamation that would require payment of a $100,000 annual fee for the visa, meant for highly skilled jobs that technology companies find hard to fill.
""Those who already hold H-1B visas and are currently outside of the country right now will NOT be charged $100,000 to re-enter,"" White House press secretary Karoline Leavitt said in a posting on X, formerly Twitter. ""This applies only to new visas, not renewals, and not current visa holders.""","The sentence discusses a new fee associated with H-1B visas, which directly relates to the proposed tax impacting companies employing H-1B visa holders. The fee is intended for highly skilled jobs, indicating a financial burden on companies that rely on H-1B visa workers.",A proposed tax impacting companies employing H-1B visa holders.,Donald Trump,,PEOP,related,"The sentence directly discusses the introduction of a $100,000 annual fee for H-1B visas, which is the central theme of the article. It provides specific details about the fee and its implications for new visa applicants, making the connection clear.","Donald Trump is mentioned as having signed a proclamation, but the sentence does not quote something he explicitly said. Instead, it includes a statement from the White House press secretary. Therefore, it does not meet the criteria for a direct quote from Donald Trump.",narrative
Sep 2025,2025-09-20,B84BD1570C3E36D4549D3512C39039BC,B84BD1570C3E36D4549D3512C39039BC-1,"Trump administration finally targets H-1B, set to impose $100,000 for coveted visas","A move critics call an ""economic wrecking ball"" could devastate the tech workforce, with Indian professionals hardest hit.
It's the Big Daddy of all crackdowns - a move so seismic that, if implemented, it threatens to flatten an entire workforce that has powered America's tech backbone for decades. President Trump is poised to sign an executive order imposing a jaw-dropping $100,000 fee on every H-1B visa application. The shocking development was first reported Friday morning by Bloomberg, sending everyone from H-1B hopefuls to tech industry insiders to immigration attorneys into a tizzy. The news was later confirmed by a White House official to the New York Post.","The sentence discusses a proposed executive order that would impose a significant fee on H-1B visa applications, which directly relates to the theme of a proposed tax impacting companies employing H-1B visa holders. The mention of the potential devastation to the tech workforce and the specific impact on Indian professionals highlights the broader implications of this tax on the industry.",A proposed tax impacting companies employing H-1B visa holders.,Donald Trump,,PEOP,related,"The sentence explicitly mentions the introduction of a $100,000 fee on H-1B visa applications, which directly relates to the theme of 'Introduction of a high fee on H-1B visas'.","Donald Trump is mentioned as poised to sign an executive order, but the sentence does not contain a direct quote of something he has explicitly said. Therefore, it is unclear if this is a direct statement from him.",narrative
Sep 2025,2025-09-20,DB10190C1B2B0DEB45780B0480E97A72,DB10190C1B2B0DEB45780B0480E97A72-4,H-1B visa fee hike: Indian tech firms could face disruption; 'timeline for implementation is a concern' says NASSCOM,"While developments are underway, we will continue to monitor developments closely, engage with industry stakeholders on the potential implications, and seek further clarity on the discretionary waiver process, to be granted by the Secretary of DHS,"" Nasscom said, as cited by PTI. The fee hike follows a proclamation signed by US President Donald Trump on Friday. The new fee is a steep $100,000 per year, compared with the current range of $2,000 to $5,000 depending on the employer. Indian tech professionals are among the main beneficiaries of the H-1B programme, which attracts top global talent. The US Congress allows 650,000 H-1B visas each year, with an extra 20,000 reserved for those holding advanced US degrees.","The sentence discusses a significant fee increase related to the H-1B visa program, which directly ties into the theme of a proposed tax impacting companies employing H-1B visa holders. The mention of the fee hike and its implications for industry stakeholders indicates a direct impact on companies that rely on H-1B visa workers.",A proposed tax impacting companies employing H-1B visa holders.,Donald Trump,,PEOP,related,"The sentence discusses a significant increase in the fee for H-1B visas, specifically mentioning a new fee of $100,000 compared to the previous range of $2,000 to $5,000. This directly relates to the theme of 'Introduction of a high fee on H-1B visas'.","Donald Trump is mentioned in relation to a proclamation he signed, but the sentence does not quote anything he explicitly said. Therefore, it does not meet the criteria for a direct quote.",narrative
Sep 2025,2025-09-20,DA1BC184E407AA4D15B5F2F57FDF6A6D,DA1BC184E407AA4D15B5F2F57FDF6A6D-5,"Trump imposes $100,000 annual fee on H-1B visas","India's top trade body Nasscom said technology companies would be hit because ""business continuity will be disrupted for onshore projects"". It was also concerned by the short timeline, with the new fees under Trump's order coming into effect on Sunday. ""A one-day deadline creates considerable uncertainty for businesses, professionals, and students across the world,"" Nasscom said in a statement. ""Policy changes of this scale are best introduced with adequate transition periods, allowing organizations and individuals to plan effectively and minimize disruption,"" it said. It also said the new policy could have ""ripple effects"" on the US innovation ecosystem and on global job markets, pointing out that for companies, ""additional cost will require adjustments"".","The sentence discusses the impact of new fees on technology companies, highlighting disruptions to business continuity and the need for adjustments due to additional costs. This aligns with the theme of how tax increases operational costs for companies employing H-1B visa workers and may affect their competitiveness.",Tax increases operational costs for companies employing H-1B visa workers.,Donald Trump,,PEOP,related,"The sentence discusses the impact of new fees on H-1B visas, specifically mentioning the disruption to businesses and the additional costs that companies will face due to the introduction of these fees. This directly relates to the theme of 'Introduction of a high fee on H-1B visas'.","Donald Trump is mentioned in relation to an order that imposes new fees, but the sentence does not quote anything that he has explicitly said. Instead, it discusses the implications of his order and the concerns raised by Nasscom.",narrative
Sep 2025,2025-09-20,D9F31614739584D1E9CC0B063D10B482,D9F31614739584D1E9CC0B063D10B482-1,H-1B Visa Costs Surge: Bad News For US Employers - How Much Will They Pay?,"The Trump administration has introduced a significant $100,000 fee for H-1B visa sponsorships, reshaping the hiring landscape for foreign workers in the US. The Trump administration has delivered a major shake-up to America's foreign worker landscape by introducing a $100,000 fee for H-1B visa sponsorships. This move, announced through an executive order, is set to drastically increase the costs for companies seeking global talent and could reshape hiring strategies across the US. Current H-1B Fees vs. the New ProposalUntil now, employers paid relatively modest fees to sponsor foreign talent:","The sentence discusses the introduction of a significant fee for H-1B visa sponsorships, which directly relates to the proposed tax impacting companies employing H-1B visa holders. It highlights how this fee will reshape the hiring landscape and increase costs for companies, aligning with the narrative of operational cost increases due to new tax implications.",A proposed tax impacting companies employing H-1B visa holders.,Donald Trump,,PEOP,related,"The sentence explicitly mentions the introduction of a significant $100,000 fee for H-1B visa sponsorships, which directly relates to the theme of 'Introduction of a high fee on H-1B visas'. It discusses the implications of this fee on hiring practices and costs for companies, making the connection clear.","Donald Trump is mentioned in the context of the actions taken by the Trump administration, but the sentence does not quote anything that Donald Trump has explicitly said. It describes actions taken by the administration rather than direct quotes from Trump himself.",narrative
Sep 2025,2025-09-20,D9F31614739584D1E9CC0B063D10B482,D9F31614739584D1E9CC0B063D10B482-4,H-1B Visa Costs Surge: Bad News For US Employers - How Much Will They Pay?,"American workers: Companies may be nudged to prioritize US graduates and local hires, particularly for entry-level roles that were previously filled through H-1B hiring.
Foreign workers: The new cost barrier could significantly reduce application volumes, limiting pathways to employment in the US tech and STEM sectors.
Employers: Hiring foreign talent at lower wages was often a way to cut costs. With a $100,000 fee, the financial advantage disappears, making sponsorship less attractive.
The H-1B program has long faced criticism for being misused as a cheap labor pipeline, particularly in entry-level tech jobs. The Trump administration has repeatedly pushed to:","The sentence discusses how companies may be encouraged to prioritize US graduates and local hires over H-1B visa applicants due to new cost barriers, which aligns with the theme of companies prioritizing domestic candidates over H-1B visa applicants.",Companies may prioritize domestic candidates over H-1B visa applicants.,Donald Trump,,PEOP,related,"The sentence discusses the implications of a high fee on H-1B visas, specifically how it could reduce application volumes and make hiring foreign talent less financially attractive for employers. This directly relates to the theme of the introduction of a high fee on H-1B visas.","Donald Trump is mentioned in the context of the Trump administration's actions regarding the H-1B program, but the sentence does not quote anything that Donald Trump has explicitly said. Therefore, it is unclear if this relates to a direct quote from him.",narrative
Sep 2025,2025-09-20,D358F03563CF55049C1E869D04695A9A,D358F03563CF55049C1E869D04695A9A-2,"South Korea to assess US changes to H-1B visa for impact on companies, workforce","The Trump administration said on Friday it would ask companies to pay $100,000 per year for H-1B worker visas, prompting some big tech companies to warn visa holders to stay in the US or return quickly if they were out of the country.","The sentence discusses a proposed tax of $100,000 per year for H-1B worker visas, which directly relates to the theme of a proposed tax impacting companies employing H-1B visa holders.",A proposed tax impacting companies employing H-1B visa holders.,Donald Trump,,PEOP,related,"The sentence explicitly mentions the Trump administration's proposal for a $100,000 annual fee for H-1B worker visas, which directly relates to the theme of introducing a high fee on H-1B visas. It also discusses the implications for tech companies and visa holders, reinforcing the connection to the theme.","Donald Trump is mentioned in relation to the actions of the Trump administration, but the sentence does not quote anything that Donald Trump has explicitly said. It describes a decision made by the administration rather than a direct quote from him.",narrative
Sep 2025,2025-09-20,1B72193A2F105847B5CD031CFD6107EF,1B72193A2F105847B5CD031CFD6107EF-1,Trump hikes H-1B visa fee to $100k to protect US jobs: What this could mean for Indian workers,"President Trump has raised the H-1B visa sponsorship fee to $100,000 to prioritise American jobs and curb outsourcing. Indian professionals, who form the majority of H-1B holders, may face reduced opportunities, especially in junior roles. The change pressures companies like Amazon, Microsoft, and TCS to reconsider hiring strategies, shifting focus to highly specialised, high-wage talent and domestic graduates. United States President Donald Trump signed a proclamation on Friday introducing a steep $100,000 fee for companies sponsoring H-1B visas, the programme that allows foreign professionals to work in specialised roles in the United States. The change could reshape opportunities for foreign professionals, especially from India, across multiple sectors in the US.","The sentence discusses the increase in H-1B visa sponsorship fees and its implications for hiring strategies, particularly how it may lead companies to prioritize domestic candidates and highly specialized talent over H-1B visa applicants. This aligns with the theme of companies potentially altering their recruitment strategies due to the new tax implications.",Companies may alter recruitment strategies to minimize H-1B visa reliance.,Donald Trump,,PEOP,related,"The sentence explicitly states that President Trump has raised the H-1B visa sponsorship fee to $100,000, which directly relates to the theme of 'Introduction of a high fee on H-1B visas'. It discusses the implications of this fee increase on American jobs and foreign professionals, particularly Indian workers, making the connection clear.","Donald Trump is mentioned as having signed a proclamation introducing a fee for H-1B visas, which indicates an action he has taken rather than something he has explicitly said.",narrative
Sep 2025,2025-09-20,198B68F5B16D3FB14F70733760426B42,198B68F5B16D3FB14F70733760426B42-4,"Trump H-1 B visa fee increase: TCS, Wipro, Cognizant, NVIDIA to Tesla - how India-US tech stocks may react on Monday?","On how Trump's H-1 visa fee hike would impact the tech companies of both countries, Sandeep Pandey, Co-founder of Basav Capital, said, ""After the H-1B visa fee hike, employees' cost for both Indian and US tech companies is expected to go up, irrespective of the country those employees belong to. The idea behind this US administration move is to increase the job opportunities for the American unemployed. However, they would ask for a higher salary, and hence, the input cost of the companies would go northward. Most importantly, they are not as efficient as the Indian and other countries' techies these companies have been hiring. So, companies will pay higher and their output will be lower, which is expected to hit the business volume and margins.""","The sentence discusses the expected increase in employee costs for tech companies due to the H-1B visa fee hike, which aligns with the theme of 'Tax increases operational costs for companies employing H-1B visa workers.' It also touches on how this could affect profit margins and business volume, further supporting the connection to increased operational costs.",Tax increases operational costs for companies employing H-1B visa workers.,Donald Trump,,PEOP,related,"The sentence discusses the impact of the H-1B visa fee hike on tech companies, specifically mentioning how it will increase employee costs and affect business operations. This directly relates to the theme of the introduction of a high fee on H-1B visas.","Donald Trump is mentioned in relation to the H-1B visa fee hike, but the sentence does not quote anything that he has explicitly said. Instead, it discusses the implications of the fee hike as interpreted by Sandeep Pandey. Therefore, it does not meet the criteria for a direct quote from Donald Trump.",narrative
Sep 2025,2025-09-20,198B68F5B16D3FB14F70733760426B42,198B68F5B16D3FB14F70733760426B42-2,"Trump H-1 B visa fee increase: TCS, Wipro, Cognizant, NVIDIA to Tesla - how India-US tech stocks may react on Monday?","According to stock market experts, Indian IT and tech companies, depending on the H-1B Visa, may have to face the talent pool crisis. Still, some US-based tech companies like Apple, Meta, Amazon, Google, NVIDIA, Tesla, etc. may face the same issue, as they will hire American techies after Trump's H-1B visa fee hike. In that case, companies will have to face the challenge of rising input costs. They said these American techs ask for higher salaries than Indians, who are better equipped than the American workforce. This may put the company's margins under pressure soon, and markets may try to discount that when Dalal Street resumes trading on Monday.","The sentence discusses the potential challenges faced by companies, particularly in the context of rising input costs and the impact of hiring American tech workers due to increased H-1B visa fees. This aligns with the theme of 'Increased costs from H-1B visa taxes may reduce profit margins.'",Increased costs from H-1B visa taxes may reduce profit margins.,Donald Trump,,PEOP,related,"The sentence discusses the implications of the H-1B visa fee hike introduced by Trump, specifically how it affects Indian IT companies and US tech companies. It directly relates to the theme of the introduction of a high fee on H-1B visas by mentioning the fee hike and its consequences on hiring practices and costs.","Donald Trump is mentioned in relation to the H-1B visa fee hike, but the sentence does not quote anything he has explicitly said. It discusses the implications of his actions rather than providing a direct quote.",narrative
Sep 2025,2025-09-20,18A2E4CC31547ED43209A2BD06AE0BD6,18A2E4CC31547ED43209A2BD06AE0BD6-1,"Trump Shouldn't Impose a $100,000 Fee on H-1B Visas","President Trump is imposing a $100,000 fee to obtain an H-1B visa, the primary visa for skilled foreign workers. To be clear, this $100,000 fee is in addition to the salary, lawyer fees, and other costs of hiring an H-1B worker. This fee would effectively end the H-1B visa category by making it prohibitive for most businesses to hire H-1B workers. This would force leading technology companies out of the United States, reduce demand for US workers, reduce innovation, have severe second-order economic effects, and lower the supply of goods and services in everything from IT and education to manufacturing and medicine.","The sentence discusses the imposition of a significant fee for obtaining an H-1B visa, which directly relates to the proposed tax impacting companies employing H-1B visa holders. It highlights how this fee could deter businesses from hiring H-1B workers, thereby affecting recruitment and the overall workforce landscape.",A proposed tax impacting companies employing H-1B visa holders.,Donald Trump,,PEOP,related,"The sentence explicitly discusses the imposition of a $100,000 fee for obtaining an H-1B visa, detailing its implications and consequences. This directly relates to the theme of 'Introduction of a high fee on H-1B visas'.","Donald Trump is mentioned as imposing a fee, but this sentence describes an action he has taken rather than something he has explicitly said. Therefore, it does not qualify as a quote.",narrative
Sep 2025,2025-09-20,15310F5F72D281C813D9B1CB317409B4,15310F5F72D281C813D9B1CB317409B4-3,"$100K H-1B visa fee to hit India's IT sector; Nasscom flags cost surge, project disruptions","ALSO READ: Are you safe from Trump's $100,000 H-1B visa hit?
The change could deal a big blow to the technology sector that relies heavily on skilled workers from India and China.
Since taking office in January, Trump has kicked off a wide-ranging immigration crackdown, including moves to limit some forms of legal immigration. The step to reshape the H-1B visa program represents his administration's most high-profile effort yet to rework temporary employment visas.","The sentence discusses the potential negative impact of a proposed change to the H-1B visa program, particularly on the technology sector that relies on skilled workers. This aligns with the theme of a proposed tax impacting companies employing H-1B visa holders, as it highlights the broader implications of changes to the visa program.",A proposed tax impacting companies employing H-1B visa holders.,Donald Trump,,PEOP,related,"The sentence discusses the potential impact of a high fee on H-1B visas, specifically mentioning a $100,000 fee and its implications for the technology sector. This directly relates to the theme of the introduction of a high fee on H-1B visas.","Donald Trump is mentioned in the context of actions taken by his administration regarding immigration policy, but the sentence does not quote anything he has explicitly said. Therefore, it does not meet the criteria for a direct quote.",narrative
Sep 2025,2025-09-20,13136D6175159D7AE82432604B05DACE,13136D6175159D7AE82432604B05DACE-1,H-1B Visas Have Been Transformed. What You Need to Know,"The Trump Administration said it would charge companies $100,000 per year for H-1B visas, a policy that will likely hamper the ability of American tech companies to hire skilled workers from around the world.
The move comes amid a widespread effort by the administration to crack down on both illegal and legal immigration to the United States. It was unveiled on the same day as President Donald Trump rolled out a ""gold card"" that would grant U.S. residency for those willing to pay $1 million.","The sentence discusses a proposed tax of $100,000 per year for H-1B visas, which directly relates to the theme of a proposed tax impacting companies employing H-1B visa holders. It also indicates that this policy will likely hinder American tech companies' ability to hire skilled workers, aligning with the narrative of the new tax hindering recruitment of skilled H-1B visa workers.",A proposed tax impacting companies employing H-1B visa holders.,Donald Trump,,PEOP,related,"The sentence explicitly states that the Trump Administration would charge companies $100,000 per year for H-1B visas, which directly relates to the theme of introducing a high fee on H-1B visas. It also discusses the implications of this policy on American tech companies' ability to hire skilled workers, reinforcing the connection to the theme.","Donald Trump is mentioned in the context of actions taken by the Trump Administration, but the sentence does not quote anything that he has explicitly said. Therefore, it does not meet the criteria for a quote.",narrative
Sep 2025,2025-09-20,1BE4FC8341E57A4D46C714ED324E691D,1BE4FC8341E57A4D46C714ED324E691D-3,H-1B visa shock first in double blow? Indian IT spooked already by tax proposed on outsourcing from US,"Called the Halting International Relocation of Employment  HIRE  Act, it has the same argument as Trump's move to put a prohibitive $100,000 fee on H-1B visa: that foreign workers or companies are taking away American jobs and dollars.","The sentence discusses the HIRE Act, which proposes a significant fee on H-1B visas, aligning with the theme of a proposed tax impacting companies employing H-1B visa holders. It highlights the rationale behind such a tax, which is to protect American jobs and economic interests.",A proposed tax impacting companies employing H-1B visa holders.,Donald Trump,,PEOP,related,"The sentence discusses a proposed $100,000 fee on H-1B visas, which directly relates to the theme of 'Introduction of a high fee on H-1B visas'. It also connects this fee to the argument that foreign workers are taking away American jobs, reinforcing the relevance to the topic.","Donald Trump is mentioned in relation to a move to impose a fee on H-1B visas, but the sentence does not quote something he explicitly said. Instead, it describes the argument behind the fee, which is not a direct quote from Trump.",narrative
Sep 2025,2025-09-20,247B4260A2CC5EE314A698EDE994A6D0,247B4260A2CC5EE314A698EDE994A6D0-1,H-1B Visa Hike: Trump's $100K Fee Puts Smaller Indian Firms at a Disadvantage,"US President Donald Trump has imposed a $100,000 annual fee on companies hiring H-1B workers, arguing the visa program undermines American wages and jobs. The move is expected to hit Indian IT firms hard while favouring big corporations like Google, Microsoft, and Tesla that can afford the steep fee. TOI's US correspondent Chidanand Rajghatta explains how this order not only disrupts outsourcing but also risks shutting out young talent who later drive innovation. He points out that leaders like Satya Nadella, Sundar Pichai, and Elon Musk all began their journeys as students and H-1B visa holders. Critics call Trump's plan ""a poppycock theory.""","The sentence discusses the imposition of a fee on companies hiring H-1B workers, which directly relates to the proposed tax impacting companies employing H-1B visa holders. It highlights the financial burden this fee places on companies, particularly smaller firms, and suggests that it may hinder the recruitment of skilled H-1B visa workers, thus connecting to multiple themes regarding the impact of such a tax.",A proposed tax impacting companies employing H-1B visa holders.,Donald Trump,,PEOP,related,"The sentence directly discusses the imposition of a $100,000 annual fee on companies hiring H-1B workers, which is the central theme of the article. It explains the implications of this fee on various companies and the broader impact on the H-1B visa program.","Donald Trump is mentioned as having imposed a fee on H-1B workers, but this sentence describes an action he has taken rather than quoting something he has explicitly said.",narrative
Sep 2025,2025-09-20,222E60C3591E4A92F4C665AF82592493,222E60C3591E4A92F4C665AF82592493-5,"Ex-Infosys CFO says $100,000 H-1B visa fee will dampen fresh applications by companies","ALSO READ: Microsoft, Amazon, TCS, Apple: Tech giants that could be hit hardest by Trump's $100,000 H-1B visa fee
Meanwhile, Pai pointed out that the impact will be ""limited"" for now, as it only affects new applications, and existing H-1B visas are ""safe"".","The sentence discusses the limited impact of a proposed fee on new H-1B visa applications, indicating that existing visas are not affected. This suggests that the proposed tax is not currently hindering recruitment or altering hiring strategies significantly, which aligns with the theme of a proposed tax impacting companies employing H-1B visa holders.",A proposed tax impacting companies employing H-1B visa holders.,Donald Trump,,PEOP,related,"The sentence discusses the $100,000 H-1B visa fee and its impact on new applications, which directly relates to the theme of the introduction of a high fee on H-1B visas. It mentions the fee amount and the implications for companies, making the connection clear.","Donald Trump is mentioned in relation to the $100,000 H-1B visa fee, but the sentence does not quote anything he has explicitly said. It discusses the impact of the fee and mentions Pai's comments, which do not reflect Trump's words.",narrative
Sep 2025,2025-09-20,222E60C3591E4A92F4C665AF82592493,222E60C3591E4A92F4C665AF82592493-3,"Ex-Infosys CFO says $100,000 H-1B visa fee will dampen fresh applications by companies","ALSO READ: Amazon advises H-1B, H-4 workers to return to US ASAP to avoid Trump's $100,000 fee diktat
Dismissing the notion that companies use H-1B visas to send cheap labour to the US, Pai pointed out that the average salary paid by the top 20 H-1B employers exceeds USD 100,000, and criticised what he termed as misplaced ""rhetoric carrying on.""","The sentence discusses the average salary paid by top H-1B employers, which counters the argument that H-1B visas are used for cheap labor. This relates to the narrative about the proposed tax impacting companies employing H-1B visa holders, as it highlights the financial implications and the value of H-1B workers, suggesting that the tax may not be justified based on salary levels.",A proposed tax impacting companies employing H-1B visa holders.,Donald Trump,,PEOP,related,"The sentence discusses the $100,000 fee associated with H-1B visas, which is directly related to the theme of the introduction of a high fee on H-1B visas. It mentions the fee as a 'diktat' and implies its impact on H-1B workers and companies, aligning with the article's title.","Donald Trump is mentioned in the context of a fee he has imposed, but the sentence does not quote anything he has explicitly said. Instead, it discusses the implications of his actions regarding the H-1B visa fee.",narrative
Sep 2025,2025-09-20,1E8E1779AD1053AE019D90B862669848,1E8E1779AD1053AE019D90B862669848-2,Indians on H-1B visas need not rush back: US official's big clarification after tech giants caution employees,"The clarification comes in light of the Trump administration imposing $100,000 annual fee on US companies on each H-1B visa worker. The move severely impacts Indians as they account for 70% of these visa holders.","The sentence discusses the imposition of a $100,000 annual fee on US companies for each H-1B visa worker, which directly relates to the proposed tax impacting companies employing H-1B visa holders. It highlights the financial burden this tax places on companies and its specific impact on Indian visa holders, making it relevant to the theme.",A proposed tax impacting companies employing H-1B visa holders.,Donald Trump,,PEOP,related,"The sentence directly discusses the imposition of a $100,000 annual fee on H-1B visa workers by the Trump administration, which is clearly related to the theme of 'Introduction of a high fee on H-1B visas'.","Donald Trump is mentioned in relation to the actions of the Trump administration imposing a fee, but the sentence does not quote anything that Donald Trump has explicitly said.",narrative
Sep 2025,2025-09-20,1C7A76F80CAD034AC7DF0C5ECED37421,1C7A76F80CAD034AC7DF0C5ECED37421-3,"H1-B Fee Hike Called 'Reckless,' Likely To Hit IT Industry: US Lawmakers, Community","Former advisor to president Joe Biden and Asian-American community leader on immigration policy, Ajay Bhutoria, warned of a potential crisis for the US technology sector's competitive edge with Trump's new plan to impose the 'staggering' H1-B fee. ""The H-1B programme, a lifeline for innovation that has attracted top talent from around the world, faces unprecedented barriers with this massive jump from the current USD 2000-USD 5000 total fee, which will crush small businesses and startups reliant on diverse talent,"" Bhutoria said. Bhutoria added that the move will drive away skilled professionals who power Silicon Valley and contribute billions to the US economy. He said the move may backfire by pushing talent to competitors like Canada or Europe.","The sentence discusses the potential negative impact of increased H-1B fees on the US technology sector's competitiveness and its ability to attract skilled professionals, which aligns with the theme of how tax may affect companies' competitiveness in the global market and the recruitment of skilled H-1B visa workers.",Tax may affect companies' competitiveness in the global market.,Donald Trump,,PEOP,related,"The sentence discusses the potential impact of a new plan to impose a high fee on H-1B visas, specifically mentioning the increase from USD 2000 to USD 5000. It highlights concerns about how this fee hike could affect the technology sector and small businesses, directly relating to the theme of 'Introduction of a high fee on H-1B visas'.","Donald Trump is mentioned in relation to a new plan to impose a fee, but the sentence does not quote anything that he has explicitly said. It discusses the implications of his plan rather than his words.",narrative
Sep 2025,2025-09-20,1BE4FC8341E57A4D46C714ED324E691D,1BE4FC8341E57A4D46C714ED324E691D-1,H-1B visa shock first in double blow? Indian IT spooked already by tax proposed on outsourcing from US,"India's $283-billion information technology sector has thrived for more than three decades exporting mostly software services
US President Donald Trump's sudden and potentially fatal blow to the H-1B visa regime - by which mostly Indian techies and other high-skilled employees fulfilled their American dreams - may just be the first punch in a double blow.","The sentence discusses the impact of changes to the H-1B visa regime on India's IT sector, which relies heavily on skilled workers, particularly from India. This aligns with the theme of a proposed tax impacting companies employing H-1B visa holders, as it suggests that such changes could have significant repercussions for the recruitment and employment of H-1B visa workers.",A proposed tax impacting companies employing H-1B visa holders.,Donald Trump,,PEOP,related,"The sentence discusses the impact of US President Trump's actions on the H-1B visa regime, which is directly related to the theme of introducing a high fee on H-1B visas. It highlights the significance of the H-1B visa for Indian tech workers and suggests a negative consequence of potential changes to the visa system.","Donald Trump is mentioned in the context of taking action against the H-1B visa regime, but the sentence does not quote anything he has explicitly said. It describes his actions rather than providing a direct quote.",narrative
Sep 2025,2025-09-20,12D705721989C7C2236FDC6E203539F5,12D705721989C7C2236FDC6E203539F5-1,"H1-B visa price hike: Applicants who will be exempted from paying $100,000 fee","President Trump's new executive order imposes a $100,000 fee on many H-1B visa applications, impacting companies hiring foreign workers. Exemptions exist for healthcare and engineering roles. The order grants the Homeland Security Secretary power to waive fees for vital national interest roles. Concerns persist that the H-1B program displaces American workers, prompting stricter requirements for highly skilled applicants. US President Donald Trump has signed a new executive order that imposes a $100,000 fee on all H-1B visa applications, a move that will reshape the future of the visa program. The new fee is to be paid by companies hiring these workers to live and work in the United States. While the order has caused concern, it does include some exemptions.","The sentence discusses a new executive order that imposes a significant fee on H-1B visa applications, which directly relates to the proposed tax impacting companies employing H-1B visa holders. The mention of the fee and its implications for companies hiring foreign workers aligns with the theme of how such a tax affects recruitment and operational costs.",A proposed tax impacting companies employing H-1B visa holders.,Donald Trump,,PEOP,related,"The sentence explicitly states that President Trump's executive order imposes a $100,000 fee on H-1B visa applications, which directly relates to the theme of 'Introduction of a high fee on H-1B visas'. It discusses the implications of this fee on companies hiring foreign workers and mentions exemptions, which are relevant details within the context of the title.","Donald Trump has signed a new executive order that imposes a $100,000 fee on all H-1B visa applications, which is a direct quote of his action. However, the sentence primarily discusses what he has done rather than what he has explicitly said. Therefore, it does not meet the criteria for a quote.",narrative
Sep 2025,2025-09-20,0543395055E47734004282C61CE999E3,0543395055E47734004282C61CE999E3-1,Big tech firms in US advise H1B visa holders to return before Sunday,"The top story focuses on Amazon's recommendation for H-1B and H-4 visa holders to return to the United States by 21st September, following a $1,001 lakh fee levied on H-1B visas through an executive order signed by President Donald Trump. The administration states this move aims to prioritise American workers in the tech industry. Companies, including Amazon, are advising employees and their families on H-1B and H-4 visas to avoid travelling abroad and remain in the US to prevent complications. There is uncertainty about how the new rules will be implemented and enforced, leading to concerns and questions among visa holders and legal experts. The lack of clarity and the short window before the new policy takes effect has created chaos among affected individuals and companies.","The sentence discusses a new fee levied on H-1B visas and the implications of this fee on visa holders, which aligns with the theme of a proposed tax impacting companies employing H-1B visa holders. It also touches on the prioritization of American workers, which relates to the potential impact on recruitment and hiring strategies for H-1B visa workers.",A proposed tax impacting companies employing H-1B visa holders.,Donald Trump,,PEOP,related,"The sentence discusses a high fee of $1,001 lakh levied on H-1B visas, which is directly related to the theme of 'Introduction of a high fee on H-1B visas'. It also mentions the implications of this fee on visa holders and the actions of companies like Amazon in response to the new policy. Therefore, it clearly establishes a connection to the theme.","Donald Trump is mentioned in the context of an executive order he signed, but the sentence does not quote anything he explicitly said. It describes an action he took rather than a statement he made.",narrative
Sep 2025,2025-09-20,02119104CE2C3D9DD042EA82AF70D59C,02119104CE2C3D9DD042EA82AF70D59C-2,"H-1B Visa Fee Will Choke US, Turbocharge India's Innovation: Amitabh Kant","The move appears to slam the door on global talent and will only help generate the ""next wave of labs, patents, innovation and startups to Bangalore and Hyderabad, Pune and Gurgaon"", he added.
The former G-20 Sherpa's remarks came hours after Trump signed a proclamation restricting entry of certain non-immigrant workers and imposing a staggering annual $100,000 fee on visas used by companies to hire workers, including from India, to live and work in the US.","The sentence discusses the impact of a new proclamation that restricts entry for certain non-immigrant workers and imposes a significant fee on visas, which aligns with the theme of a proposed tax impacting companies employing H-1B visa holders. It highlights how this move could deter global talent and shift innovation to other countries, reflecting the broader implications of the tax on recruitment and operational strategies.",A proposed tax impacting companies employing H-1B visa holders.,Donald Trump,,PEOP,related,"The sentence discusses the imposition of a $100,000 fee on visas, which directly relates to the theme of 'Introduction of a high fee on H-1B visas'. It highlights the impact of this fee on global talent and innovation, making the connection clear.","Donald Trump is mentioned in the context of signing a proclamation, but the sentence does not quote anything he explicitly said. Therefore, it does not meet the criteria for a direct quote.",narrative
Sep 2025,2025-09-20,02119104CE2C3D9DD042EA82AF70D59C,02119104CE2C3D9DD042EA82AF70D59C-5,"H-1B Visa Fee Will Choke US, Turbocharge India's Innovation: Amitabh Kant","According to the US President, it is necessary to impose higher costs on companies seeking to use the H-1B programme in order to address the abuse of that programme while still permitting companies to hire the best of the best temporary foreign workers.","The sentence discusses the necessity of imposing higher costs on companies using the H-1B program, which directly relates to the theme of 'Tax increases operational costs for companies employing H-1B visa workers.' It highlights the intention behind the tax as a means to regulate the program while still allowing for the hiring of skilled workers.",Tax increases operational costs for companies employing H-1B visa workers.,Donald Trump,,PEOP,related,"The sentence discusses the necessity of imposing higher costs on companies using the H-1B program, which directly relates to the theme of introducing a high fee on H-1B visas. It indicates a connection to the topic by mentioning the imposition of higher costs as a means to address issues within the program.","Donald Trump is referenced as the US President, but the sentence does not quote anything he has explicitly said. It discusses a necessity attributed to him without direct quotation.",narrative
Sep 2025,2025-09-20,02119104CE2C3D9DD042EA82AF70D59C,02119104CE2C3D9DD042EA82AF70D59C-4,"H-1B Visa Fee Will Choke US, Turbocharge India's Innovation: Amitabh Kant","""India's finest Doctors, engineers, scientists, innovators have an opportunity to contribute to India's growth & progress towards #ViksitBharat. America's loss will be India's gain,"" he added.
Donald Trump's 100,000 H-1B fee will choke U.S. innovation, and turbocharge India's. By slamming the door on global talent, America pushes the next wave of labs, patents, innovation and startups to Bangalore and Hyderabad, Pune and Gurgaon . India's finest Doctors, engineers,...","The sentence discusses how the proposed H-1B fee by Donald Trump could negatively impact U.S. innovation by limiting access to global talent, which aligns with the theme of how tax may impact innovation driven by H-1B visa talent. It suggests that the loss of skilled workers to India will hinder U.S. innovation, thus connecting directly to the narrative about the consequences of reduced H-1B visa hiring on innovation.",Tax may impact innovation driven by H-1B visa talent.,Donald Trump,,PEOP,related,"The sentence discusses the impact of a high H-1B visa fee on U.S. innovation and how it may benefit India's growth, directly relating to the theme of the introduction of a high fee on H-1B visas.","Donald Trump is mentioned in the context of a fee he has set, but the sentence does not quote something he has explicitly said. Instead, it discusses the implications of his actions regarding the H-1B visa fee.",narrative
Sep 2025,2025-09-20,05D9825EF7143BBD686DB247AF87D4CB,05D9825EF7143BBD686DB247AF87D4CB-2,"Trump's US Visa Fee Hike Opens Door for India, Others to Attract Skilled IT Talent","Trump's US Visa Fee Hike: The news emanating from the US never ceases to surprise India and Indians. The latest salvo being the 100k visa fee for H 1b professionals. Now, what are the problems facing? Immediately, it's going to be a cost shock for employers, companies like TCS, Wipro and others use H, 1b very substantially. And this cost jump is exceptional, and it is bound to have an impact on the delivery model entirely.","The sentence discusses the significant increase in visa fees for H-1B professionals, which will create a cost shock for employers, particularly companies that rely heavily on H-1B visa workers. This aligns with the theme of increased operational costs for companies employing H-1B visa workers.",Tax increases operational costs for companies employing H-1B visa workers.,Donald Trump,,PEOP,related,"The sentence discusses the introduction of a high fee for H-1B visas, specifically mentioning a 100k visa fee for H-1B professionals. It highlights the implications of this fee increase on employers and companies that rely on H-1B visas, which directly relates to the theme of 'Introduction of a high fee on H-1B visas'.","Donald Trump is mentioned in the context of a visa fee hike, but the sentence does not quote anything he has explicitly said. It discusses the implications of the fee increase rather than providing a direct quote from him.",narrative
Sep 2025,2025-09-20,0CFC05976473958B770A4715CBBE3A96,0CFC05976473958B770A4715CBBE3A96-8,"Donald Trump to impose $100K fee per year for H-1B visas; what to know about this visa (what it is, eligibility, validity, and more)","President Trump's proclamation introduces a requirement that companies pay $100,000 per year for H-1B visa applications, which applies to first-time applicants as well as renewals. The aim, according to the administration, is to reduce hiring of foreign workers for lower wages, encourage companies to hire US graduates, and discourage what is described as ""trainee-level"" hiring under the program. The changes are expected to face legal and political challenges, especially about whether a president has the authority to impose such fees without congressional legislation. However, there's no denying that a fee of $100,000 per year for each H-1B visa could dramatically increase costs for companies that employ many foreign skilled workers, particularly in tech, research, healthcare, and education.","The sentence discusses a new requirement for companies to pay a significant fee for H-1B visa applications, which directly relates to the theme of a proposed tax impacting companies employing H-1B visa holders. The mention of increased costs for companies employing foreign skilled workers aligns with the narrative of how such a tax could affect operational costs and hiring practices.",A proposed tax impacting companies employing H-1B visa holders.,Donald Trump,,PEOP,related,"The sentence clearly discusses the introduction of a $100,000 fee for H-1B visa applications, which directly relates to the theme of 'Introduction of a high fee on H-1B visas'. It outlines the implications of this fee on companies and the administration's rationale behind it.","Donald Trump is mentioned in the context of a proclamation regarding H-1B visa fees, but the sentence does not quote anything he has explicitly said. It describes actions taken by his administration rather than direct quotes from him.",narrative
Sep 2025,2025-09-20,12EC2155D372722F4D2D1F0CDC09A8C5,12EC2155D372722F4D2D1F0CDC09A8C5-1,"Trump to impose $100,000 yearly H-1B visa fee to prioritise Americans over foreign hires","The change could deal a blow to technology sector that relies heavily on Indian & Chinese workers. Microsoft & Amazon responded by advising employees holding H-1B visas to remain in the US.
San Francisco: The Trump administration said on Friday it would ask companies to pay $100,000 per year for H-1B worker visas, prompting some big tech companies to warn visa holders to stay in the U.S. or quickly return.","The sentence discusses a proposed tax that would require companies to pay $100,000 per year for H-1B worker visas, which directly relates to the theme of 'A proposed tax impacting companies employing H-1B visa holders.' It highlights the implications of this tax on the technology sector and the actions taken by companies in response to it.",A proposed tax impacting companies employing H-1B visa holders.,Donald Trump,,PEOP,related,"The sentence discusses the introduction of a high fee for H-1B visas, specifically mentioning the $100,000 yearly fee proposed by the Trump administration. This directly relates to the theme of the introduction of a high fee on H-1B visas.","Donald Trump is mentioned in the context of the Trump administration's actions regarding H-1B visa fees, but the sentence does not quote something that Donald Trump has explicitly said. It describes a decision made by the administration rather than a direct quote from him.",narrative
Sep 2025,2025-09-20,10414EA1BAF5BBFF0261761CD0AF4669,10414EA1BAF5BBFF0261761CD0AF4669-12,"View: Trump's $100,000 H-1B visa fee is a gamble that could protect US jobs","Yes, Trump's policy carries risk. The H-1B overhaul dramatically escalates costs at a time when companies are already struggling to find the skilled labor they need. If companies can't find competitive labor sources, expansion plans may slow, resulting in fewer jobs overall. Frustrated companies could move such jobs overseas.","The sentence discusses how the H-1B policy changes lead to increased costs for companies, which may hinder their ability to find skilled labor and could result in job losses or relocation of jobs overseas. This aligns with the themes of increased operational costs and the potential impact on hiring and competitiveness.",Tax increases operational costs for companies employing H-1B visa workers.,Donald Trump,,PEOP,related,"The sentence discusses the impact of Trump's policy on H-1B visas, specifically mentioning the escalation of costs associated with the H-1B overhaul. This directly relates to the theme of 'Introduction of a high fee on H-1B visas' as it highlights the financial implications for companies and the potential consequences on job availability.","Donald Trump is mentioned in relation to a policy, but the sentence does not quote anything he has explicitly said. It discusses the implications of his policy rather than providing a direct quote.",narrative
Sep 2025,2025-09-20,4D608F0E88E4FC8778A1E74932510347,4D608F0E88E4FC8778A1E74932510347-1,"US To Impose $100,000 Annual Fee On H-1B Visas As Analysts Warn Trump Risks 'Taxing Away' America's Innovation Edge","On Friday, the Donald Trump administration said it would require companies to pay $100,000 per year for each H-1B visa, a dramatic increase that could reshape tech hiring and trigger broader consequences for the U.S. position in the global artificial intelligence race.
Administration Pushes To Overhaul H-1B Program
The new rule, announced by U.S. Commerce Secretary Howard Lutnick, is part of President Trump's broader crackdown on immigration since taking office in January, reported Reuters.","The sentence discusses a proposed tax of $100,000 per year for each H-1B visa, which directly relates to the theme of a proposed tax impacting companies employing H-1B visa holders. This tax is expected to have significant implications for tech hiring and the U.S. position in the global market, aligning with the narrative of how such a tax could reshape hiring practices.",A proposed tax impacting companies employing H-1B visa holders.,Donald Trump,,PEOP,related,"The sentence explicitly states that the Trump administration will require companies to pay $100,000 per year for each H-1B visa, which directly relates to the introduction of a high fee on H-1B visas. It also discusses the implications of this fee on tech hiring and the U.S. position in the global market, reinforcing the connection to the theme.","Donald Trump is mentioned in the context of the administration's actions, but the sentence does not quote something he explicitly said. It describes a decision made by his administration rather than a direct quote from him.",narrative
Sep 2025,2025-09-20,46EBFA752460341A03227311537381A8,46EBFA752460341A03227311537381A8-3,US tech firms urge H-1B visa workers to return before Sunday deadline,"There was no official statement yet from either Microsoft or JPMorgan.
President Trump expects the revised fee-based visa programme to generate over $100 billion for the US Treasury, designated for national debt reduction and tax cuts. Critics, however, argued that the new fee hinders talent mobility and stifles innovation.
Approximately 71 per cent of H-1B visa holders are from India, primarily working for technology companies including Infosys, Wipro, Cognisant, and Tata Consultancy Services.","The sentence discusses the implications of a revised fee-based visa program, which critics argue hinders talent mobility and stifles innovation. This aligns with the theme that tax may impact innovation driven by H-1B visa talent, as it suggests that the new fee could negatively affect the ability of skilled workers to move and contribute to innovation.",Tax may impact innovation driven by H-1B visa talent.,Donald Trump,,PEOP,related,"The sentence discusses the implications of a revised fee-based visa program, which directly relates to the introduction of a high fee on H-1B visas. It mentions the expected revenue generation from the new fee and the criticisms regarding its impact on talent mobility, which are relevant to the theme.","Donald Trump is mentioned in relation to his expectations about the revised fee-based visa programme, but the sentence does not provide a direct quote of something he has explicitly said. Instead, it summarizes his expectations, which does not meet the criteria for a direct quote.",narrative
Sep 2025,2025-09-20,4409E55FAA0DF897E49A7E3064113055,4409E55FAA0DF897E49A7E3064113055-2,"With a $100k price tag on H1-B visas, is it the end of Indians' American dream?","US President Donald Trump has signed an executive order which requires that companies hiring overseas talent through the H1-B visa pay $100,000 a year for each H-1B worker visa, a move which will impact tech companies who have come to rely on hiring skilled people from India and China.","The sentence discusses an executive order that imposes a financial requirement on companies hiring H-1B visa workers, which directly relates to the proposed tax impacting companies employing H-1B visa holders. It highlights the financial implications for tech companies that rely on skilled overseas talent, aligning with the theme of the tax's impact.",A proposed tax impacting companies employing H-1B visa holders.,Donald Trump,,PEOP,related,"The sentence directly discusses the requirement for companies to pay $100,000 a year for each H-1B worker visa, which clearly relates to the introduction of a high fee on H-1B visas. It highlights the financial implications of this policy on tech companies and overseas talent, specifically mentioning the H-1B visa.","Donald Trump is mentioned in the context of signing an executive order, which relates to an action he has taken rather than something he has explicitly said. Therefore, the sentence does not quote something that Donald Trump has said.",narrative
Sep 2025,2025-09-20,4E682EB372B8F5C4238F417786A3141D,4E682EB372B8F5C4238F417786A3141D-4,"H-1B costs soar by $100,000. How much will employers really pay?","For American tech workers, the change may be beneficial as companies might prioritize hiring US talent over foreign employees.
ALSO READ: Trump imposes new $100,000 fee for H-1B visas in sweeping overhaul","The sentence suggests that companies may prioritize hiring US talent over foreign employees due to the proposed changes, which aligns with the theme of companies prioritizing domestic candidates over H-1B visa applicants.",Companies may prioritize domestic candidates over H-1B visa applicants.,Donald Trump,,PEOP,related,"The sentence discusses the potential benefits for American tech workers due to changes in hiring practices, which may be influenced by the introduction of a high fee on H-1B visas. The mention of a new $100,000 fee directly relates to the theme of high fees on H-1B visas, indicating a clear connection.","Donald Trump is mentioned in the context of imposing a new fee for H-1B visas, but the sentence does not quote something that he has explicitly said. It describes an action he has taken instead.",narrative
Sep 2025,2025-09-20,59D8E8DAB9283BD79690DD3AB7C92AB8,59D8E8DAB9283BD79690DD3AB7C92AB8-7,Trump's $100K H-1B visa fee: How much money will employers really pay? Explaining the bombshell move's fallout,"The limitation will be in place for a twelve months duration, but it may be extended following a review from federal authorities.
Trump's new move fallout
The hefty cost, according to experts, may deter firms from applying for H-1B visas, particularly start-ups and smaller enterprises that would find it difficult to pay. There may be fewer applications submitted, which might mean less prospects for international workers.","The sentence discusses how the hefty cost associated with the new tax may deter firms, especially start-ups and smaller enterprises, from applying for H-1B visas. This directly relates to the theme of 'Higher costs may deter companies from hiring H-1B visa candidates.'",Higher costs may deter companies from hiring H-1B visa candidates.,Donald Trump,,PEOP,related,"The sentence discusses the potential impact of a high fee on H-1B visas, specifically mentioning that the hefty cost may deter firms, particularly start-ups and smaller enterprises, from applying for these visas. This directly relates to the theme of the introduction of a high fee on H-1B visas.","Donald Trump is mentioned in the context of a new move, but the sentence does not quote anything he has explicitly said. It discusses the implications of a fee increase without providing a direct quote from him.",narrative
Sep 2025,2025-09-20,500C46B8D16ECB97730209E5F519E757,500C46B8D16ECB97730209E5F519E757-2,After H-1B visa fee hike - can employees return to US in 24 hours as demanded by companies? Here's the probability,"The Trump administration said on Friday it would ask companies to pay $100,000 per year for H-1B worker visas, prompting some big tech companies to warn visa holders to stay in the U.S. or quickly return. They advised employees on the H-1B visas who were outside the U.S. to return before midnight on Saturday (0400 GMT on Sunday), when the new fee structures are set to take effect.","The sentence discusses a proposed tax (fee) that companies would need to pay for H-1B worker visas, which directly relates to the theme of a proposed tax impacting companies employing H-1B visa holders.",A proposed tax impacting companies employing H-1B visa holders.,Donald Trump,,PEOP,related,"The sentence directly discusses the introduction of a high fee ($100,000 per year) for H-1B worker visas, which is the central theme of the article. It also mentions the implications of this fee on visa holders, making the connection clear.","Donald Trump is mentioned in the context of the administration's actions, but the sentence does not quote anything that Donald Trump has explicitly said. It describes what the Trump administration is doing rather than providing a direct quote from Donald Trump himself.",narrative
Sep 2025,2025-09-20,5281EA93F05E448ED0A50FC2DCDD873F,5281EA93F05E448ED0A50FC2DCDD873F-1,"Trump's $100,000 H-1B Fee Invites Immediate Legal Challenges","President Donald Trump's new $100,000 fee for H-1B visas flouts clear requirements of federal immigration law and will invite immediate lawsuits, attorneys said.
The fee, which takes effect Sunday, could also have devastating effects on businesses that expected to add workers through the specialty occupation visa program this fall. It would be imposed as a condition of US entry for foreign workers hired through the H-1B program popular with the tech sector, although it's unclear what it would mean for visa holders already in the country.","The sentence discusses a new fee for H-1B visas that could impact businesses relying on this visa program, indicating potential challenges in hiring skilled H-1B visa workers. This aligns with the theme of how a new tax may hinder recruitment of skilled H-1B visa workers.",New tax may hinder recruitment of skilled H-1B visa workers.,Donald Trump,,PEOP,related,"The sentence directly discusses the introduction of a $100,000 fee for H-1B visas, which is the central theme of the article. It highlights the implications of this fee on federal immigration law and businesses, clearly establishing a connection to the theme.","Donald Trump is mentioned in the context of imposing a new fee for H-1B visas, but the sentence does not quote something he has explicitly said. Instead, it describes an action taken by him, which does not meet the criteria for a direct quote.",narrative
Sep 2025,2025-09-20,52461C63BA0CED81C4B8EC488EFE079C,52461C63BA0CED81C4B8EC488EFE079C-9,"Spotlight on IT companies as Trump imposes USD 100,000 fee for H1B visas","Critics of the proclamation warn that while efforts to eliminate fraud are welcome, such sweeping financial barriers may deter legitimate talent and hinder innovation, especially in industries where foreign expertise has been central to the US's technological dominance.
Whether the measure delivers on its promises to protect American jobs or ends up driving talent and investment elsewhere remains to be seen. But one thing is clear: the Trump administration is betting that a more restrictive, high-cost immigration policy will force a reset in how the US balances foreign expertise with domestic job security.","The sentence discusses how financial barriers may deter legitimate talent and hinder innovation, which aligns with the theme of 'New tax may hinder recruitment of skilled H-1B visa workers.' It also touches on the potential impact on industries reliant on foreign expertise, indicating a broader concern about the implications of such policies on recruitment and innovation.",New tax may hinder recruitment of skilled H-1B visa workers.,Donald Trump,,PEOP,related,"The sentence discusses the implications of a high-cost immigration policy, specifically mentioning a USD 100,000 fee for H-1B visas, which directly relates to the theme of introducing a high fee on H-1B visas. It highlights concerns about the impact of such fees on attracting foreign talent and innovation, making the connection clear.","Donald Trump is mentioned in the context of the actions taken by his administration regarding immigration policy, but the sentence does not quote anything that he has explicitly said. Therefore, it does not meet the criteria for a direct quote.",narrative
Sep 2025,2025-09-20,58738A3796713EF7342CD03E4694ECB4,58738A3796713EF7342CD03E4694ECB4-7,"US Move on H-1B Visa Could Have Humanitarian Consequences, Says MEA; Full Implications Under Review","Framed as a crackdown on ""systemic abuse"", it places strict financial and compliance burdens on companies seeking to hire skilled foreign workers, especially in the technology and IT sectors. With 71-72% of H1B visas going to Indians, the $100,000 annual fee imposed by Trump effectively prices out many Indian professionals. This could lead to a significant drop in remittances, which were $125 billion in 2023, affecting families and economies back home. Indian IT giants like TCS, Infosys, and Wipro rely heavily on H1B visas. The new fee could cost them billions, potentially leading to reduced hiring or shifting jobs back to India. H1B visas have been a key pathway for upward mobility for many Indian families. This change might close this avenue, impacting social and economic progress.","The sentence discusses the financial burdens imposed by a new fee on companies hiring skilled foreign workers, particularly affecting H-1B visa holders. It highlights how this could lead to reduced hiring and a shift of jobs back to India, which aligns with the theme of increased operational costs and the potential impact on recruitment strategies for H-1B visa workers.",Tax increases operational costs for companies employing H-1B visa workers.,Donald Trump,,PEOP,related,"The sentence discusses the introduction of a high fee on H-1B visas, specifically mentioning the $100,000 annual fee imposed by Trump and its implications for Indian professionals and companies. It clearly connects the fee to the financial burdens on companies and the potential impact on hiring and remittances, which aligns with the theme of the introduction of a high fee on H-1B visas.","Donald Trump is mentioned in relation to the $100,000 annual fee imposed, but the sentence does not quote something he explicitly said. Instead, it describes the consequences of the fee attributed to him without providing a direct quote.",narrative
Sep 2025,2025-09-20,3E858015500E707BBBF1E9AA4DFFB4FB,3E858015500E707BBBF1E9AA4DFFB4FB-1,"$1,00,000 on H-1B Visa rattles India's IT industry, sparks fear of job losses","India accounts for around 70 per cent of the H-1B visas issued to technical talent by the US to foreign workers.
US president Donald Trump's decision to impose a $1,00,000  fee on the H-1B visa has led industry experts to believe that the move would have both immediate and lasting consequences. In the short term, companies fear job losses and a freeze in hiring; in the long term, they see a deeper restructuring of the outsourcing model, with more work being shifted back to India and the industry recalibrating its dependence on onsite roles.","The sentence discusses the implications of a new fee on H-1B visas, indicating that companies fear job losses and hiring freezes, which aligns with the theme of a proposed tax impacting companies employing H-1B visa holders. Additionally, it suggests a potential shift in recruitment strategies and operational models, which relates to the broader consequences of the tax on H-1B visa employment.",A proposed tax impacting companies employing H-1B visa holders.,Donald Trump,,PEOP,related,"The sentence directly discusses the introduction of a $1,00,000 fee on H-1B visas and its implications for the industry, making it clearly related to the theme of 'Introduction of a high fee on H-1B visas'.","Donald Trump is mentioned in relation to a decision he made regarding the H-1B visa fee, but the sentence does not quote something he explicitly said. Instead, it describes an action he took.",narrative
Sep 2025,2025-09-20,509B1D82EBF8BDC04641DA46E89A1F9F,509B1D82EBF8BDC04641DA46E89A1F9F-2,"Trump adds $100,000-a-year fee to visas for skilled workers","The executive order, set to be come into force on September 21, could see entry into the country restricted for those unable to make the hefty payment. H-1B visas, which require at least a bachelor's degree to obtain, are designed for high-skilled jobs which companies are struggling to fill. While critics have argued that the visa is damaging to the American workforce, its supporters, including Elon Musk, have claimed that it is vital for attracting high-skilled global talent. Trump's new order, signed on Friday, will only be applicable for new visa requests, with the annual payment for each applicant required by companies for up to six years.","The sentence discusses an executive order that could restrict entry for H-1B visa applicants based on payment requirements, which relates to the theme of a proposed tax impacting companies employing H-1B visa holders. It highlights the challenges companies face in filling high-skilled jobs, which connects to the broader implications of the tax on recruitment and hiring practices.",A proposed tax impacting companies employing H-1B visa holders.,Donald Trump,,PEOP,related,"The sentence discusses an executive order that introduces a hefty payment for H-1B visa applicants, which directly relates to the theme of 'Introduction of a high fee on H-1B visas'. It mentions the specific fee amount and the implications for new visa requests, clearly establishing a connection to the theme.","Donald Trump is mentioned in relation to a new order he signed, but the sentence does not quote anything he has explicitly said. It describes an action he has taken rather than a statement he has made.",narrative
Sep 2025,2025-09-20,32CB874BE7ABDD868503B8140438D8D8,32CB874BE7ABDD868503B8140438D8D8-1,"Trump imposes $100,000 H-1B visa fee; Indian IT firms could be hit hard","The move will likely impact smaller Indian IT firms, GCC companies, and US startups that rely on H-1B talent, while benefiting big tech firms hiring high-salary specialists.
In a move to make the H1B visa regime more stringent, US President Donald Trump on Friday signed a proclamation that imposed $100,000 annual fee on H-1B visas. Companies that wish to employ foreign workers on H-1B visas must now pay the additional fee for the entry of such workers in the US.","The sentence discusses the imposition of a new fee on H-1B visas, which directly relates to the proposed tax impacting companies employing H-1B visa holders. It highlights how this fee will affect smaller firms and startups while benefiting larger tech companies, indicating a clear connection to the narrative about the financial implications of the tax on H-1B visa employment.",A proposed tax impacting companies employing H-1B visa holders.,Donald Trump,,PEOP,related,"The sentence explicitly mentions the introduction of a $100,000 annual fee on H-1B visas, which directly relates to the theme of the article. It discusses the implications of this fee on various companies, making the connection clear.","Donald Trump is mentioned as having signed a proclamation that imposed a fee on H-1B visas, which indicates an action he has taken rather than something he has explicitly said.",narrative
Sep 2025,2025-09-20,30A57AEABF7323F5CA525994E5BBCAF5,30A57AEABF7323F5CA525994E5BBCAF5-1,"Trump H-1B Visa Hike: Why UAE, Saudi, Qatar might be better options for Indians looking to go abroad","Trump's $100,000 H-1B visa fee has slammed the door on average Indian tech talent, making the U.S. dream increasingly elusive. Meanwhile, the Gulf is rolling out the red carpet, offering tax-free income, long-term visas, and booming tech ecosystems. For skilled Indians, the future may no longer lie in Silicon Valley, but in Dubai, Riyadh, and Doha. When Donald Trump first came back to the White House in January 2025, many in Silicon Valley hoped he would go easier on the H-1B visa programme. Instead, by September, he dropped a bombshell: any U.S. company hiring a foreign H-1B worker from abroad would now have to pay a $100,000 fee per visa.","The sentence discusses the introduction of a $100,000 fee for H-1B visas, which directly relates to the proposed tax impacting companies employing H-1B visa holders. This fee is a financial burden that could deter companies from hiring H-1B visa workers, aligning with the theme of increased operational costs and its implications for recruitment.",A proposed tax impacting companies employing H-1B visa holders.,Donald Trump,,PEOP,related,"The sentence explicitly discusses the introduction of a $100,000 fee on H-1B visas, which is directly related to the theme of the article. It highlights the impact of this fee on Indian tech talent and mentions the context of Trump's policy change regarding H-1B visas.","Donald Trump is mentioned in the context of actions taken regarding the H-1B visa fee, but the sentence does not quote anything he has explicitly said. It describes what he did instead of what he said.",narrative
Sep 2025,2025-09-20,2F923D66B09E0A1FD9202324E167AED4,2F923D66B09E0A1FD9202324E167AED4-1,H-1B visa: Do all applicants have to pay the $100K fee? Here are the exemptions,"US President Donald Trump has signed a new executive order that will now reshape the future of H-1B visas. The new order imposes a $100,000 fee on companies hiring these workers to live and work in the United States.","The sentence discusses a new executive order that imposes a fee on companies hiring H-1B visa workers, which directly relates to the theme of a proposed tax impacting companies employing H-1B visa holders.",A proposed tax impacting companies employing H-1B visa holders.,Donald Trump,,PEOP,related,"The sentence clearly states that a new executive order has been signed which imposes a $100,000 fee on companies hiring H-1B visa workers. This directly relates to the theme of 'Introduction of a high fee on H-1B visas'.","Donald Trump has signed a new executive order, which indicates an action he has taken rather than something he has explicitly said. Therefore, it does not qualify as a quote.",narrative
Sep 2025,2025-09-20,2E1773AE64FCF6A8436C9BBE52081365,2E1773AE64FCF6A8436C9BBE52081365-2,'India needs to give them a career or...': Expert warns of global shift with new H-1B visa overhaul,"In a move that could shake the foundations of Silicon Valley's hiring model, the Trump administration has proposed a $100,000 annual fee for H-1B visas, which is expected to significantly impact both U.S. tech giants and India's IT workforce. Industry experts are voicing concerns about the long-term consequences for talent recruitment and innovation.","The sentence discusses a proposed fee for H-1B visas and its expected significant impact on hiring practices in Silicon Valley, which aligns with the theme of a proposed tax impacting companies employing H-1B visa holders. It also hints at potential hindrances to recruitment and innovation, which connects to several other themes regarding the effects of such a tax.",A proposed tax impacting companies employing H-1B visa holders.,Donald Trump,,PEOP,related,"The sentence explicitly mentions a proposed $100,000 annual fee for H-1B visas, directly relating to the theme of 'Introduction of a high fee on H-1B visas'. It discusses the potential impact of this fee on hiring practices and the tech industry, which aligns with the context provided by the title of the news article.","Donald Trump is mentioned in relation to the actions of the Trump administration proposing a fee, but the sentence does not quote anything that Donald Trump has explicitly said.",narrative
Sep 2025,2025-09-20,2B9FB0AD108894BA52592A5E9E79B6C1,2B9FB0AD108894BA52592A5E9E79B6C1-1,"'America's loss will be India's gain': Amitabh Kant reacts to Trump's $ 100,000 H-1B visa fee","Amitabh Kant said restricting global talent will shift labs, patents, and startups to Indian cities, making America's loss India's gain.
Former NITI Aayog CEO Amitabh Kant on Saturday said that US President Donald Trump's proposal to impose a $100,000 annual fee on H-1B visas would stifle American innovation while boosting India's talent-driven growth.","The sentence discusses how the proposed fee on H-1B visas could negatively impact American innovation and suggests that this could lead to a shift of talent and resources to India, which aligns with the theme of how tax may impact innovation driven by H-1B visa talent.",Tax may impact innovation driven by H-1B visa talent.,Donald Trump,,PEOP,related,"The sentence directly references the proposal to impose a $100,000 annual fee on H-1B visas, which is the central theme of the article. It discusses the implications of this fee on American innovation and India's growth, clearly establishing a connection to the introduction of a high fee on H-1B visas.","Donald Trump is mentioned in relation to a proposal about H-1B visas, but the sentence does not quote something he explicitly said. Instead, it reports on what Amitabh Kant said regarding Trump's proposal.",narrative
Sep 2025,2025-09-20,2865FFD4E0F9760D3E5A699E3D44E795,2865FFD4E0F9760D3E5A699E3D44E795-3,"H-1B visa fee hike will choke U.S. innovation, push next wave of patents to Indian cities: Amitabh Kant","Donald Trump's 100,000 H-1B fee will choke U.S. innovation, and turbocharge India's. By slamming the door on global talent, America pushes the next wave of labs, patents, innovation and startups to Bangalore and Hyderabad, Pune and Gurgaon . India's finest Doctors, engineers,...","The sentence discusses how the proposed fee for H-1B visas could negatively impact U.S. innovation by driving talent and innovation to India, which aligns with the theme of how tax may impact innovation driven by H-1B visa talent.",Tax may impact innovation driven by H-1B visa talent.,Donald Trump,,PEOP,related,"The sentence explicitly discusses a high fee on H-1B visas proposed by Donald Trump and its negative impact on U.S. innovation, directly relating to the theme of 'Introduction of a high fee on H-1B visas'.","Donald Trump is mentioned in the context of a fee he has set, but the sentence does not quote something he has explicitly said. It discusses the implications of the fee rather than providing a direct quote from him.",narrative
Sep 2025,2025-09-20,2642895400675A1E047310C715793B90,2642895400675A1E047310C715793B90-1,"Trump Shouldn't Impose a $100,000 Fee on H-1B Visas","President Trump is imposing a $100,000 fee to obtain an H-1B visa, the primary visa for skilled foreign workers. To be clear, this $100,000 fee is in addition to the salary, lawyer fees, and other costs of hiring an H-1B worker. This fee would effectively end the H-1B visa category by making it prohibitive for most businesses to hire H-1B workers. This would force leading technology companies out of the United States , reduce demand for US workers , reduce innovation , have severe second-order economic effects, and lower the supply of goods and services in everything from IT and education to manufacturing and medicine .","The sentence discusses a proposed fee that would significantly increase the costs associated with hiring H-1B visa workers, which aligns with the theme of a proposed tax impacting companies employing H-1B visa holders. It also highlights the potential negative consequences of this fee on businesses and the economy, reinforcing the narrative of how such a tax could deter companies from hiring H-1B visa candidates and impact innovation.",A proposed tax impacting companies employing H-1B visa holders.,Donald Trump,,PEOP,related,"The sentence explicitly discusses the imposition of a $100,000 fee for H-1B visas, detailing its implications and consequences. This directly relates to the theme of 'Introduction of a high fee on H-1B visas'.","Donald Trump is mentioned as imposing a fee, but this refers to an action he has taken rather than something he has explicitly said. Therefore, it does not qualify as a quote.",narrative
Sep 2025,2025-09-20,3726DC0F3DE8CDB6F67D941E61DF52CE,3726DC0F3DE8CDB6F67D941E61DF52CE-10,"Trump plans $100,000 H-1B visa fee to combat program exploitation and wage suppression","Reform aims to prioritize American workers over foreign hiring
The H-1B visa fee increase and wage adjustments represent efforts to prioritize American worker employment over foreign recruitment. The Trump administration's H-1B visa reform targets companies using the program to reduce labor costs at domestic workers' expense.","The sentence discusses reforms aimed at prioritizing American workers over foreign hiring, which aligns with the theme that companies may prioritize domestic candidates over H-1B visa applicants. It explicitly mentions efforts to reduce foreign recruitment in favor of American employment.",Companies may prioritize domestic candidates over H-1B visa applicants.,Donald Trump,,PEOP,related,"The sentence discusses the H-1B visa fee increase as part of reforms aimed at prioritizing American workers, which directly relates to the theme of introducing a high fee on H-1B visas. It clearly connects the fee increase to the broader context of the reform efforts mentioned in the title.","Donald Trump is mentioned in relation to the H-1B visa reform, but the sentence does not quote anything he has explicitly said. It describes actions taken by the Trump administration rather than direct quotes from him.",narrative
Sep 2025,2025-09-20,38ED2C6A7220CC5B44C9380C486FEFE8,38ED2C6A7220CC5B44C9380C486FEFE8-10,India says to have humanitarian consequences on US' new H-1B visa fee impact,"The US President further added that higher fees for companies using the H-1B program were necessary to curb its misuse, while still allowing firms to hire the most skilled temporary foreign workers.
From Sunday, entry into the United States will be denied to any H-1B non-immigrant whose prospective employer has not made the required payment. Major US-based companies are already advising their H-1B and H-4 visa-holding employees to return to the US before the new rules take effect.","The sentence discusses higher fees for companies using the H-1B program, indicating an increase in operational costs associated with employing H-1B visa workers. This aligns with the theme of 'Tax increases operational costs for companies employing H-1B visa workers.'",Tax increases operational costs for companies employing H-1B visa workers.,Donald Trump,,PEOP,related,"The sentence discusses the necessity of higher fees for companies using the H-1B program, which directly relates to the theme of 'Introduction of a high fee on H-1B visas'. It also mentions the implications of these fees on employers and employees, reinforcing the connection to the theme.","Donald Trump is mentioned as the US President, but the sentence does not quote anything he has explicitly said. It discusses actions and policies related to the H-1B program without direct quotes from him.",narrative
Sep 2025,2025-09-20,38045319D218B44B292EE1A111889523,38045319D218B44B292EE1A111889523-4,'Stop bringing people to take our jobs': Trump aide explains reason behind H1B fee hike; calls the raise 'non-economic',"The $100,000 fee is annual, meaning companies will have to pay this amount each year per H-1B employee - a move expected to drastically limit usage of the visa for junior or mid-level positions. Legal experts have raised questions about the legality of such a steep administrative fee, as US law typically restricts visa fees to costs of processing and enforcement. However, the Trump team argues it is within presidential authority on immigration matters. While further details are awaited, including how the change will apply to current visa holders or renewals, the announcement marks a significant shift in how the US approaches high-skilled foreign workers - especially in the tech and IT sectors, which have traditionally relied heavily on Indian talent.","The sentence discusses the introduction of a significant annual fee for H-1B visa holders, which is expected to limit the usage of the visa for junior or mid-level positions. This aligns with the theme of a proposed tax impacting companies employing H-1B visa holders, as it highlights the financial implications of the fee on hiring practices.",A proposed tax impacting companies employing H-1B visa holders.,Donald Trump,,PEOP,related,"The sentence discusses a $100,000 annual fee for H-1B visas, indicating a direct connection to the introduction of a high fee on H-1B visas. It elaborates on the implications of this fee and the legal debates surrounding it, which are relevant to the theme.","Donald Trump is mentioned in relation to the arguments made by his team regarding the fee increase, but the sentence does not quote anything that he has explicitly said. Therefore, it does not meet the criteria for a direct quote from Donald Trump.",narrative
Sep 2025,2025-09-20,38045319D218B44B292EE1A111889523,38045319D218B44B292EE1A111889523-1,'Stop bringing people to take our jobs': Trump aide explains reason behind H1B fee hike; calls the raise 'non-economic',"President Trump has implemented a $100,000 annual fee for companies sponsoring H-1B visa holders, a substantial increase intended to discourage the replacement of American workers with foreign labor. This policy shift aims to prioritize American graduates and limit H-1B visas to high-value roles, potentially reshaping skilled worker hiring, especially in the tech and IT sectors. In a sweeping policy shift, US President Donald Trump has imposed a $100,000 annual fee on companies sponsoring H-1B visa holders - a dramatic increase from the current $1,000. The move is aimed at discouraging companies from using foreign workers as replacements for Americans, according to Trump aide secretary of commerce Howard Lutnick, who explained the administration's reasoning.""","The sentence discusses a new annual fee imposed on companies sponsoring H-1B visa holders, which is a direct reference to a proposed tax impacting companies employing H-1B visa holders. The intent of the fee is to discourage the hiring of foreign labor in favor of American workers, aligning with the narrative of a proposed tax impacting H-1B visa employment.",A proposed tax impacting companies employing H-1B visa holders.,Donald Trump,,PEOP,related,"The sentence explicitly discusses the implementation of a $100,000 annual fee for companies sponsoring H-1B visa holders, which is a direct reference to the introduction of a high fee on H-1B visas. It also provides context about the intention behind this fee increase, linking it to discouraging the replacement of American workers with foreign labor. Therefore, it is clearly related to the theme.","Donald Trump is mentioned as having implemented a fee, but the sentence does not quote something he explicitly said. Instead, it describes an action taken by him and includes a statement from a Trump aide. Therefore, it does not meet the criteria for a direct quote from Donald Trump.",narrative
Sep 2025,2025-09-20,37AB832C3F704BC0ABEEFBADC9E2CE98,37AB832C3F704BC0ABEEFBADC9E2CE98-3,"$100K H-1B shocker: 10 implications for companies, workers and markets","Increased cost of hiring foreign talent
A few weeks ago, the Trump administration unveiled the HIRE Act to boost US jobs by taxing companies that favour foreign labour over American workers. Coupled with the $100,000 H-1B fee proposal, this makes sponsoring H-1B workers viable mainly for senior or highly specialised roles. Companies could see profitability pressures, as hiring in the US is significantly more expensive than in countries like India.","The sentence discusses the increased costs associated with hiring foreign talent, particularly in the context of the proposed tax and fees for H-1B workers. This aligns with the theme of 'Tax increases operational costs for companies employing H-1B visa workers.' as it highlights how these financial burdens could affect companies' hiring decisions and profitability.",Tax increases operational costs for companies employing H-1B visa workers.,Donald Trump,,PEOP,related,"The sentence discusses the proposed $100,000 fee on H-1B visas, which directly relates to the theme of introducing a high fee on H-1B visas. It highlights the financial implications for companies hiring foreign talent, making the connection clear.","Donald Trump is mentioned in relation to the actions of the Trump administration, but the sentence does not quote anything that Donald Trump has explicitly said. It discusses the HIRE Act and the implications of the H-1B fee proposal without direct quotes from Trump.",narrative
Sep 2025,2025-09-21,B0E2F0D6D064DBEC6BF6E26B36211BAB,B0E2F0D6D064DBEC6BF6E26B36211BAB-1,$100k fees imposed to obtain H1-B visa: Indian tech stocks take hit in US,"Following President Trump's executive order imposing additional fees on H-1B visas, Indian IT firms experienced a decline in their US-listed shares, with Infosys and Cognizant taking the biggest hit. Experts foresee immediate margin impacts, especially if the rule applies to existing visa holders, potentially reducing sector-wide EBITDA margins by 1% to 2%. Indian IT firm's US-listed shares fell overnight following American President Donald Trump's executive order slapping an additional fee on H-1B visa holders. Infosys ADRs dropped 4%, while Wipro slipped 2% on Friday. Nasdaq-listed Cognizant declined 4.7% on Friday, reflecting investor concerns over stricter immigration policies. Experts warn of an immediate impact on profit margins. ""The immediate impact might be on margin.","The sentence discusses the impact of additional fees on H-1B visas imposed by an executive order, which directly relates to the operational costs for companies employing H-1B visa workers. The mention of declining shares and profit margins indicates how these new costs may affect financial viability and operational strategies.",Tax increases operational costs for companies employing H-1B visa workers.,Donald Trump,,PEOP,related,"The sentence discusses the impact of President Trump's executive order that imposes additional fees on H-1B visas, which directly relates to the theme of 'Introduction of a high fee on H-1B visas'. It mentions the decline in shares of Indian IT firms as a consequence of this fee, indicating a clear connection to the theme.","Donald Trump is mentioned in relation to an executive order, but the sentence does not quote anything he explicitly said. It describes actions taken by him rather than his words.",narrative
Sep 2025,2025-09-21,B05D7D5D1173EF2403EF915006CCBBB9,B05D7D5D1173EF2403EF915006CCBBB9-6,"USD 100,000 fee on H-1B to force hiring, strategy rethink for cos: Law firm JSA on USA visa shocker","""This shift is a result of our ongoing strategy to hire more locally, invest in automation, and enhance our global delivery models. While visa fees may change, the impact on our business will be minimal, as we've already adapted to this evolving landscape,"" he said.
White House staff secretary Will Scharf has said the H-1B non-immigrant visa programme is one of the ""most abused visa"" systems in the country's current immigration system, and it is supposed to allow highly skilled labourers, who work in fields that Americans don't work in, to come into the United States.
The Trump administration said that the USD 100,000 fee is aimed at ensuring that the people being brought into the country are ""actually very highly skilled"" and do not replace American workers.","The sentence discusses a shift towards hiring locally and investing in automation, which suggests a strategy to minimize reliance on H-1B visa workers. This aligns with the theme of companies altering recruitment strategies to reduce dependence on H-1B visa candidates.",Companies may alter recruitment strategies to minimize H-1B visa reliance.,Donald Trump,,PEOP,related,"The sentence discusses the introduction of a USD 100,000 fee on H-1B visas and its intended purpose, which is to ensure that only highly skilled workers are brought into the country. This directly relates to the theme of 'Introduction of a high fee on H-1B visas'.","Donald Trump is mentioned in the context of the administration's stance on the H-1B visa fees, but the sentence does not quote something that he explicitly said. Instead, it refers to the administration's position. Therefore, it is unclear if this is a direct quote from Donald Trump himself.",narrative
Sep 2025,2025-09-21,A8A2824B2662AFF0F9090CC8B09D1B35,A8A2824B2662AFF0F9090CC8B09D1B35-3,"White House on H-1B visa price hike: US companies replaced over 40,000 American tech workers with foreigners","The number of foreign STEM workers in the United States has more than doubled between 2000 and 2019, while overall STEM employment only increased 44.5% during that time. American companies are laying off their American technology workers and seemingly replacing them with H-1B workers:American IT workers have even been reportedly forced to train their foreign replacements under nondisclosure agreements. The H-1B program is creating disincentives for future American workers to choose STEM careers, which threatens our national security. President Trump is imposing higher costs on companies seeking to use the H-1B program in order to address the abuse of the program, stop the undercutting of wages, and protect our national security.","The sentence discusses the implications of the H-1B program on American workers and the potential disincentives for future American workers to pursue STEM careers, which aligns with the theme of how the tax may limit diversity by reducing H-1B visa hiring. It also touches on the broader impact of the H-1B program on the workforce and national security, indicating a concern about the reliance on foreign workers over domestic candidates.",Tax may limit diversity by reducing H-1B visa hiring.,Donald Trump,,PEOP,related,"The sentence discusses the impact of the H-1B program on American workers and mentions President Trump's actions to impose higher costs on companies using the H-1B program, which directly relates to the theme of introducing a high fee on H-1B visas.","Donald Trump is mentioned in the context of imposing higher costs on companies seeking to use the H-1B program, but this is describing an action he has taken rather than something he has explicitly said. Therefore, it does not qualify as a quote.",narrative
Sep 2025,2025-09-21,97C89AFA573DB59B971FDF7212532EC0,97C89AFA573DB59B971FDF7212532EC0-1,"What is the H-1B visa program, and what changes is Donald Trump making?","The H-1B visa program, a key US skilled immigration pathway, allows employers to hire foreign professionals in tech, education, and STEM fields. President Donald Trump's new policy introduces a $100,000 fee for new applicants, aiming to prioritize domestic talent. The move sparks debate over opportunity, wage equity, and the future of global skilled workers in the US. In a move that has sent ripples across tech corridors and boardrooms alike, President Donald Trump turned his focus Friday to the H-1B visa program, a cornerstone of the United States' skilled immigration framework. Designed to attract talent where domestic labor falls short, the program has long been a flashpoint in debates over globalization, workforce protection, and the role of foreign talent in America's economy.","The sentence discusses a new policy introduced by President Trump that imposes a fee on H-1B visa applicants, which directly relates to the proposed tax impacting companies employing H-1B visa holders. It highlights the implications of this policy on the recruitment of foreign professionals and the broader debate surrounding the H-1B visa program.",A proposed tax impacting companies employing H-1B visa holders.,Donald Trump,,PEOP,related,"The sentence explicitly mentions President Trump's introduction of a $100,000 fee for new H-1B visa applicants, which directly relates to the theme of 'Introduction of a high fee on H-1B visas'.","Donald Trump is mentioned in relation to a new policy regarding the H-1B visa program, but the sentence does not quote anything he has explicitly said. It describes actions taken by him rather than his words.",narrative
Sep 2025,2025-09-21,92DA56485B491391AA50EC5D473BB22B,92DA56485B491391AA50EC5D473BB22B-13,Tech companies warn H-1B visa holders to avoid travel,"The Trump administration cast the changes as part of a broader plan to bolster legitimate applications while weeding out abuses. However, companies are quietly worried that the US$100,000 price tag would prove unsustainable for their hiring needs.","The sentence discusses concerns from companies regarding the financial implications of a $100,000 cost associated with hiring, which aligns with the theme of increased costs from H-1B visa taxes potentially reducing profit margins and affecting hiring decisions.",Increased costs from H-1B visa taxes may reduce profit margins.,Donald Trump,,PEOP,related,"The sentence discusses the concerns of companies regarding the high cost associated with H-1B visas, specifically mentioning a US$100,000 price tag. This directly relates to the theme of 'Introduction of a high fee on H-1B visas' as it highlights the financial implications of the changes being implemented.","Donald Trump is mentioned in relation to the actions of the Trump administration, but the sentence does not quote anything that Donald Trump has explicitly said. It discusses the administration's stance rather than a direct quote from him.",narrative
Sep 2025,2025-09-21,93D9E54ED07A03C24CF05728BE57D985,93D9E54ED07A03C24CF05728BE57D985-2,"Amid H-1B visa fee news, Trump's old promise to give green cards to college graduates goes viral","On Saturday, Trump signed a proclamation imposing a $100,000 annual fee on new H-1B visas. The measure, which takes effect from today  September 21 , has sparked global anxiety, especially in the tech sector, where companies heavily rely on H-1B professionals. Amid the uproar, the White House clarified that the new rule applies only to new applicants, not renewals or current visa holders. But the policy has already triggered urgent advisories from top US tech firms. Microsoft urged employees travelling abroad to return before the fee deadline, while Amazon, Alphabet, Meta, and JPMorgan issued similar guidance.","The sentence discusses a new fee imposed on H-1B visas, which directly relates to the proposed tax impacting companies employing H-1B visa holders. It highlights the immediate effects of this tax on companies in the tech sector, indicating a significant change in the landscape for H-1B visa hiring.",A proposed tax impacting companies employing H-1B visa holders.,Donald Trump,,PEOP,related,"The sentence explicitly states that Trump signed a proclamation imposing a $100,000 annual fee on new H-1B visas, which directly relates to the theme of introducing a high fee on H-1B visas. It also discusses the implications of this fee on the tech sector and companies that rely on H-1B professionals, further reinforcing the connection to the theme.","Donald Trump is mentioned in the context of signing a proclamation, which indicates an action he has taken rather than something he has explicitly said. Therefore, the sentence does not quote anything that Donald Trump has said.",narrative
Sep 2025,2025-09-21,941B852E9A2521A010A4D49E03905677,941B852E9A2521A010A4D49E03905677-1,Trump's new H-1B visa rule hits Indian IT stocks,"Business
A new executive order from President Trump now imposes an additional $100,000 in fees on H-1B visas, and it's already shaking up Indian tech companies listed in the US.
Infosys shares dropped 4% and Cognizant declined 4.7% on Friday as investors worried about how these higher costs could hurt profits-especially with US immigration rules getting tighter.","The sentence discusses the imposition of additional fees on H-1B visas and how these higher costs are affecting the stock prices of Indian tech companies, indicating a direct impact on operational costs and profit margins. This aligns with the theme of increased costs from H-1B visa taxes potentially reducing profit margins for companies.",Increased costs from H-1B visa taxes may reduce profit margins.,Donald Trump,,PEOP,related,"The sentence explicitly mentions an additional $100,000 in fees on H-1B visas, which directly relates to the theme of 'Introduction of a high fee on H-1B visas'. It also discusses the impact of this fee on Indian tech companies, reinforcing the connection to the theme.","Donald Trump is mentioned as the source of the executive order imposing fees on H-1B visas, but the sentence describes an action he has taken rather than something he has explicitly said.",narrative
Sep 2025,2025-09-21,9710730B36312A70D1E863B2D6A822E9,9710730B36312A70D1E863B2D6A822E9-2,Trump proposes H-1B visa changes affecting California firms,"President Donald Trump has launched a sweeping overhaul of the U.S. visa system, imposing a $100,000 annual fee on H-1B applications - a move that could reshape how California's tech giants hire foreign talent. The fee marks a dramatic increase from the current $215 charge and is part of a broader immigration crackdown aimed at curbing reliance on overseas workers.","The sentence discusses a new annual fee imposed on H-1B applications, which directly relates to the proposed tax impacting companies employing H-1B visa holders. It highlights the significant increase in costs associated with hiring foreign talent, which aligns with the theme of how such a tax could reshape hiring practices.",A proposed tax impacting companies employing H-1B visa holders.,Donald Trump,,PEOP,related,"The sentence explicitly mentions the introduction of a $100,000 annual fee on H-1B applications, which is a clear connection to the theme of 'Introduction of a high fee on H-1B visas'. It also discusses the implications of this fee on hiring practices, reinforcing its relevance.","Donald Trump is mentioned as having launched a sweeping overhaul of the U.S. visa system, but the sentence does not quote anything he has explicitly said. Instead, it describes actions he has taken regarding H-1B visa fees.",narrative
Sep 2025,2025-09-21,97C89AFA573DB59B971FDF7212532EC0,97C89AFA573DB59B971FDF7212532EC0-8,"What is the H-1B visa program, and what changes is Donald Trump making?","A crossroads for US talent and global ambition
Trump's latest move encapsulates the broader debate over the balance between protecting domestic labor and attracting global talent. For companies reliant on specialized skills, the fee introduces both financial and operational hurdles. For aspiring foreign professionals, it raises questions about access, opportunity, and long-term planning for families who make the US their home. The H-1B program has always been more than a visa, it is a symbol of America's capacity to harness global intellect, a conduit through which talent meets opportunity. As the new rules take effect, students, professionals, and policymakers alike will be watching closely to see how this recalibration reshapes the future of work in the United States.","The sentence discusses the implications of a new fee on companies that rely on specialized skills, highlighting the operational hurdles and the impact on foreign professionals. This aligns with the theme of how a proposed tax impacts companies employing H-1B visa holders, as well as the broader implications for recruitment and workforce planning.",A proposed tax impacting companies employing H-1B visa holders.,Donald Trump,,PEOP,related,"The sentence discusses the implications of a fee related to the H-1B visa program, highlighting the financial and operational hurdles it introduces for companies and the impact on aspiring foreign professionals. This directly relates to the theme of 'Introduction of a high fee on H-1B visas'.","Donald Trump is mentioned in the title of the news article, but the sentence does not quote anything that he has explicitly said. It discusses the implications of his actions without providing a direct quote.",narrative
Sep 2025,2025-09-21,97C89AFA573DB59B971FDF7212532EC0,97C89AFA573DB59B971FDF7212532EC0-5,"What is the H-1B visa program, and what changes is Donald Trump making?","Trump's $100,000 fee
The new policy, announced in the Oval Office, imposes a $100,000 fee for new H-1B visa applicants. Howard Lutnick, Secretary of Commerce, framed the fee as a corrective measure against what he described as the ""most abused visa,"" arguing that it will discourage companies from training foreign workers at the expense of domestic talent. ""If you're going to train somebody, you're going to train one of the recent graduates from one of the great universities across our land,"" Lutnick said. Confusion quickly followed. While Lutnick indicated the fee would be annual, White House press secretary Karoline Leavitt clarified that it would be a one-time payment. Legal challenges are expected, and the fee is slated to take effect Sunday, applying only to new applicants.","The sentence discusses a new policy imposing a $100,000 fee for new H-1B visa applicants, which directly relates to the proposed tax impacting companies employing H-1B visa holders. The framing of the fee as a corrective measure against the perceived abuse of the visa system indicates its potential impact on companies' hiring practices and costs associated with H-1B visa workers.",A proposed tax impacting companies employing H-1B visa holders.,Donald Trump,,PEOP,related,"The sentence explicitly discusses the introduction of a $100,000 fee for new H-1B visa applicants, which directly relates to the theme of 'Introduction of a high fee on H-1B visas'. It provides details about the fee, its purpose, and the context in which it was announced, making the connection clear.","Donald Trump is mentioned in the title of the news article, but the sentence does not quote anything that he has explicitly said. Instead, it discusses a policy announced by the Secretary of Commerce and includes statements from other individuals. Therefore, it does not meet the criteria for a quote from Donald Trump.",narrative
Sep 2025,2025-09-21,9D054614DE39F8F871152C8093912F1C,9D054614DE39F8F871152C8093912F1C-7,H-1B visa fee: Indian Woman's viral post sparks heated bebate,"New H1B visa changes
US President Donald Trump signed an order imposing a $100,000 fee on new H-1B visa applications. This fee is required from employers sponsoring foreign employees for the first time and aims to encourage hiring American workers instead by making it more costly for companies to employ foreign talent. The fee does not apply to existing H-1B visa holders or those seeking renewals, and it is a one-time charge rather than an annual tax. This move represents a significant tightening of immigration policy targeting the popular skilled worker visa program.","The sentence discusses a new fee imposed on H-1B visa applications, which directly relates to the proposed tax impacting companies employing H-1B visa holders. It highlights the financial burden placed on employers and the intention behind the fee to encourage hiring American workers, aligning with the narrative of how such a tax affects companies' hiring practices.",A proposed tax impacting companies employing H-1B visa holders.,Donald Trump,,PEOP,related,"The sentence explicitly states that a $100,000 fee has been imposed on new H-1B visa applications, which directly relates to the theme of 'Introduction of a high fee on H-1B visas'. It discusses the implications of this fee and its purpose, making the connection clear.","Donald Trump signed an order imposing a $100,000 fee on new H-1B visa applications, which indicates an action he has taken rather than something he has explicitly said.",narrative
Sep 2025,2025-09-21,A4BF643626F561C75D00241F65BE8D79,A4BF643626F561C75D00241F65BE8D79-1,"H-1B, maybe: On Donald Trump and the H-1B visa fees hike","President Donald Trump's decision to charge new applicants for the H-1B highly skilled non-immigrant visa $100,000, nearly six times the current fee, has caused widespread consternation that not only might the lives of tens of thousands of potential visa applicants in the tech space be impacted, leading to ""humanitarian consequences"" for families, as mentioned by India's Ministry of External Affairs, but there will also be widespread disruption among major tech companies in the U.S. that rely on hiring skilled workers under this visa.","The sentence discusses the significant increase in fees for H-1B visa applicants and the potential impact on both individuals and tech companies that rely on these skilled workers. This aligns with the theme of a proposed tax impacting companies employing H-1B visa holders, as it highlights the financial burden and disruption caused by the new fee structure.",A proposed tax impacting companies employing H-1B visa holders.,Donald Trump,,PEOP,related,"The sentence directly discusses President Trump's decision to impose a significantly higher fee on H-1B visas, specifically mentioning the new fee of $100,000 and its implications for applicants and tech companies. This clearly relates to the theme of 'Introduction of a high fee on H-1B visas'.","Donald Trump is mentioned in the context of a decision he made regarding H-1B visa fees, but the sentence does not quote anything he explicitly said. It describes an action taken by him rather than a statement he made.",narrative
Sep 2025,2025-09-21,A4D174BF899A8D6FEB05BEB308FCA72D,A4D174BF899A8D6FEB05BEB308FCA72D-2,'New H-1B visa fees likely to hurt US more than India',"That means fewer H-1B petitions, less local hiring, higher project costs for US clients, and slower innovation,"" GTRI Founder Ajay Srivastava said.
He added that India must plan to benefit from fee hikes by using the returning talent to build domestic capacity in software, cloud, and cybersecurity - turning a US protectionist step into a long-term boost for India's digital ""Swaraj Mission"".
""President Trump's September 19 decision to raise H-1B visa fees is likely to hurt the US more than India,"" he said.
President Donald Trump on Friday signed a proclamation raising the fee on the visas used by companies to hire workers, including from India, to live and work in the US.
The H-1B visa fee of $100,000 would be applicable only to new applicants, a White House official clarified on Saturday.","The sentence discusses the implications of raising H-1B visa fees, which directly relates to the theme of a proposed tax impacting companies employing H-1B visa holders. It highlights the potential consequences such as fewer H-1B petitions and higher project costs, indicating how the tax could affect hiring and operational costs for companies.",A proposed tax impacting companies employing H-1B visa holders.,Donald Trump,,PEOP,related,"The sentence discusses the introduction of higher fees on H-1B visas, specifically mentioning President Trump's decision to raise these fees and the implications of this decision. It directly relates to the theme of 'Introduction of a high fee on H-1B visas'.","Donald Trump is mentioned in relation to a decision he made regarding H-1B visa fees, but the sentence does not quote him directly. Instead, it describes an action he took (signing a proclamation) rather than something he explicitly said.",narrative
Sep 2025,2025-09-21,A729128C50D810BBAC350F314BE57D8F,A729128C50D810BBAC350F314BE57D8F-6,"$100,000 H-1B fees higher than salaries of many professionals! Cost too high for companies to sponsor; L-1 visas an alternative?","""Companies would consider moving more jobs out; L-1 visas will also be in demand."" A staff member at a prominent US technology firm described the widespread concern among H-1B holders following Trump's announcement. ""Some are cancelling their winter trips; some are saying how it would make sense to go back home rather than face this constant uncertainty and growing wave of protectionism."" ""Indians currently outside the US and planning for H-1B will find it difficult to find many employers willing to pay this additional fee,"" said Piyush Kumar, regional director for South Asia, Canada and Latin America at education consultancy IDP.","The sentence discusses the potential for companies to move jobs out of the US and the impact on H-1B visa holders, indicating that the tax may influence decisions to offshore roles typically filled by H-1B visa workers. This aligns with the theme of how the tax could affect companies' operational strategies regarding H-1B visa employment.",Tax may influence decisions to onshore or offshore roles typically filled by H-1B visa workers.,Donald Trump,,PEOP,related,"The sentence discusses the impact of a high fee on H-1B visas, mentioning that it creates uncertainty for H-1B holders and affects employers' willingness to sponsor these visas. This directly relates to the theme of the introduction of a high fee on H-1B visas.","Donald Trump is mentioned in the context of an announcement, but the sentence does not quote anything that he explicitly said. Instead, it reflects the reactions and concerns of others regarding his announcement.",narrative
Sep 2025,2025-09-21,A729128C50D810BBAC350F314BE57D8F,A729128C50D810BBAC350F314BE57D8F-5,"$100,000 H-1B fees higher than salaries of many professionals! Cost too high for companies to sponsor; L-1 visas an alternative?","H-1B visa fee hike: Panic grips major technology firms
In the wake of Trump's executive order, widespread anxiety and disorder prevailed regarding its impact, with major technology firms urging H-1B and H4 visa holders to return to the United States before the cutoff date."" The current proclamation has created a lot of uncertainty among employees, and medium and small-sized employers in particular,"" said immigration lawyer Sukanya Raman, country head for India at global immigration-focused law firm Davies & Associates LLC. Raman told ET that legal challenges to the order might be filed in the US."" Many employees don't even get $100,000 as their annual salary; for most employers, it doesn't make sense to train an employee and pay this huge amount as application fees,"" said Raman.","The sentence discusses the anxiety and disorder among technology firms due to a fee hike related to H-1B visas, indicating that the increased costs may deter companies from hiring H-1B visa candidates. This aligns with the theme of higher costs impacting recruitment strategies.",Higher costs may deter companies from hiring H-1B visa candidates.,Donald Trump,,PEOP,related,"The sentence discusses the impact of a fee hike on H-1B visas, specifically mentioning the high application fees and the concerns of employers regarding the financial burden. This directly relates to the theme of 'Introduction of a high fee on H-1B visas'.","Donald Trump is mentioned in relation to an executive order, but the sentence does not quote anything that he has explicitly said. It discusses the impact of his actions rather than his words.",narrative
Sep 2025,2025-09-21,A729128C50D810BBAC350F314BE57D8F,A729128C50D810BBAC350F314BE57D8F-1,"$100,000 H-1B fees higher than salaries of many professionals! Cost too high for companies to sponsor; L-1 visas an alternative?","The Trump administration's $100,000 H-1B visa fee hike is poised to significantly impact the Indian IT sector. Companies may explore L-1 visas, but these face limitations and increased scrutiny. Experts warn of workforce departures, offshore job movement, and a potential boost for countries like India. The Donald Trump administration's move to hike the one-time fee for H-1B visas to a whopping $100,000 is expected to hit the Indian IT sector hard. The approximately Rs 88 lakh cost for an H1-B will exceed the annual salaries of most professionals, making it impossible for companies to afford the sponsorship. Trump's proclamation has established a new one-time fee of $100,000 (approximately Rs 88 lakh) for bringing qualified overseas workers into the United States.","The sentence discusses the significant financial impact of the proposed $100,000 fee hike for H-1B visas, which directly relates to the theme of a proposed tax impacting companies employing H-1B visa holders. It highlights how this fee will affect the affordability of sponsorship for companies, particularly in the Indian IT sector.",A proposed tax impacting companies employing H-1B visa holders.,Donald Trump,,PEOP,related,"The sentence explicitly discusses the introduction of a $100,000 fee for H-1B visas, detailing its impact on the Indian IT sector and the financial implications for companies. It directly relates to the theme of 'Introduction of a high fee on H-1B visas'.","Donald Trump is mentioned in relation to the administration's decision to hike the H-1B visa fee, but the sentence does not contain a direct quote of something he has explicitly said. Instead, it describes actions taken by his administration.",narrative
Sep 2025,2025-09-21,B8AE5691FFE0C8066FD4D648A326DB7E,B8AE5691FFE0C8066FD4D648A326DB7E-1,H1B rules: Salaries of coders mean it might be more economical for US tech firms to open offices outside,"US President Donald Trump has introduced a one-time $100,000 fee on new H-1B visa petitions. This move could reshape global tech hiring and prompt Indian firms to reconsider their US operations.
In a move that could reshape the global tech landscape, US President Donald Trump has introduced a steep fee for companies sponsoring new H-1B visa applicants, $100,000 per petition. Though intended to protect American workers, the new regulation has set off alarm bells among Indian tech firms and overseas workers, weighed down by uncertainty about travel, renewals, and whether the fees could apply retroactively.","The sentence discusses a new fee introduced for H-1B visa petitions, which directly relates to the proposed tax impacting companies employing H-1B visa holders. It highlights the potential consequences of this fee on global tech hiring and the operations of Indian firms in the US, aligning with the theme of how such a tax could affect companies and their hiring strategies.",A proposed tax impacting companies employing H-1B visa holders.,Donald Trump,,PEOP,related,"The sentence explicitly mentions the introduction of a one-time $100,000 fee on new H-1B visa petitions, which directly relates to the theme of 'Introduction of a high fee on H-1B visas'. It discusses the implications of this fee on global tech hiring and Indian firms, reinforcing the connection to the theme.","Donald Trump is mentioned as having introduced a fee on H-1B visa petitions, which indicates an action he has taken rather than something he has explicitly said. Therefore, the sentence does not quote something he has said.",narrative
Sep 2025,2025-09-21,E9FC0910087715AF780481670CEAD254,E9FC0910087715AF780481670CEAD254-1,Trump Administration's $100K H-1B Fee To Hit Indian IT Firms By $1 Billion Annually,"Indian IT services firms blindsided by the Trump Administration's sudden move to impose a $100,000 fee for H-1B visa petitions are expected to be impacted by about $750 million - $1 billion annually, amounting to a 7 per cent hit on operating margins in the medium term. The margin pressure will come from both cost increase and emergency visa sponsorship, which the IT companies may be forced to absorb to retain key US projects.","The sentence discusses the financial impact of a new fee on H-1B visa petitions, specifically highlighting the increase in operational costs and its effect on profit margins for Indian IT services firms. This aligns with the theme of 'Tax increases operational costs for companies employing H-1B visa workers.'",Tax increases operational costs for companies employing H-1B visa workers.,Donald Trump,,PEOP,related,"The sentence discusses the impact of the Trump Administration's decision to impose a $100,000 fee on H-1B visa petitions, specifically how it affects Indian IT services firms financially. This directly relates to the theme of the introduction of a high fee on H-1B visas.","Donald Trump is mentioned in the context of the Trump Administration's actions, but the sentence does not quote anything that Donald Trump has explicitly said. It discusses the implications of a fee imposed by his administration rather than a direct quote from him.",narrative
Sep 2025,2025-09-21,D8D5934B53B7DCF1475C651E2A3150D8,D8D5934B53B7DCF1475C651E2A3150D8-23,Trump unveils $100k yearly fee on H-1B visas in clampdown on legal immigration,"Bier said Trump's new H-1B requirements could effectively undercut the value of hiring them and convince companies to move their operations outside the United States.
Depending on how it is structured, ""this would effectively end the H-1B program,"" said Bier, who favors significantly expanding the cap on H-1B visas or eliminating the cap altogether. ""This is further evidence that companies will use to assess their operations in the future.""","The sentence discusses how Trump's new H-1B requirements could lead companies to reconsider their operations, potentially moving them outside the U.S. This aligns with the theme of the tax influencing decisions to onshore or offshore roles typically filled by H-1B visa workers.",Tax may influence decisions to onshore or offshore roles typically filled by H-1B visa workers.,Donald Trump,,PEOP,related,"The sentence discusses Trump's new H-1B requirements and their potential impact on the H-1B program, which is directly related to the introduction of a high fee on H-1B visas as mentioned in the title. It highlights concerns about the value of hiring H-1B workers and the possibility of companies moving operations abroad, linking back to the implications of the high fee.","Donald Trump is mentioned in the context of new H-1B requirements, but the sentence does not quote something that he has explicitly said. Instead, it reflects the opinion of Bier regarding the implications of Trump's actions. Therefore, it does not meet the criteria for a direct quote from Donald Trump.",narrative
Sep 2025,2025-09-21,E225A30BB5B897E9AA8FE7654BFB21B3,E225A30BB5B897E9AA8FE7654BFB21B3-2,"From shock to scramble: How a $100,000 H-1B fee rattled US big tech for 24 hours","The Friday announcement
The proclamation declared that companies hiring foreign professionals under the H-1B route would need to pay $100,000 per worker. The Trump administration argued the change would ensure only ""extraordinarily skilled"" individuals enter the country and reduce reliance on foreign talent to replace American workers.","The sentence discusses a new tax imposed on companies hiring H-1B visa workers, which directly relates to the theme of a proposed tax impacting companies employing H-1B visa holders.",A proposed tax impacting companies employing H-1B visa holders.,Donald Trump,,PEOP,related,"The sentence discusses a proclamation that requires companies hiring foreign professionals under the H-1B route to pay a fee of $100,000 per worker, which directly relates to the introduction of a high fee on H-1B visas. The context provided by the title reinforces this connection, indicating that the fee has significant implications for the tech industry.","Donald Trump is mentioned in relation to the actions of the Trump administration, but the sentence does not quote anything that Donald Trump has explicitly said. It discusses a proclamation and the administration's argument without direct quotes from Trump himself.",narrative
Sep 2025,2025-09-21,E225A30BB5B897E9AA8FE7654BFB21B3,E225A30BB5B897E9AA8FE7654BFB21B3-10,"From shock to scramble: How a $100,000 H-1B fee rattled US big tech for 24 hours","The clarification offered some relief to companies and professionals already in the United States, though uncertainty remains for future hires.
The steep H-1B fee is part of the Trump administration's wider effort to tighten immigration, which has included travel bans and visa bond requirements. Legal experts have questioned whether such a high fee, far beyond application costs, could withstand court challenges.","The sentence discusses the implications of a steep H-1B fee as part of immigration policy changes, indicating that it may affect future hires and the overall recruitment landscape for H-1B visa workers. This aligns with the theme of how a proposed tax impacts companies employing H-1B visa holders.",A proposed tax impacting companies employing H-1B visa holders.,Donald Trump,,PEOP,related,"The sentence discusses the high H-1B fee and its implications for companies and professionals, directly relating to the theme of the introduction of a high fee on H-1B visas. It mentions the fee as part of a broader immigration effort and raises questions about its legality, which ties back to the theme.","Donald Trump is mentioned in relation to the actions of the Trump administration regarding immigration policies, but the sentence does not quote anything that Donald Trump has explicitly said. It discusses the administration's efforts rather than a direct quote from Trump himself.",narrative
Sep 2025,2025-09-21,ECD3CF2A85113DE1ED27D564878FE929,ECD3CF2A85113DE1ED27D564878FE929-1,IT industry's profit pool at a 5-year low. Will a wave of new visa fees drown the sector?,"A massive H-1B visa fee hike compounds existing woes for Indian IT, pushing an already shrinking profit pool to new lows and darkening the industry's outlook
Uncertainty continues to dog the Indian IT sector, which is facing one of its toughest phases in years. On top of a slowing growth, US President Donald Trump has signed a proclamation hiking the H-1B visa fee to a staggering $100,000. The Trump administration later clarified that this is not an annual fee and is only applicable to new visas and not existing visa holders.","The sentence discusses a significant increase in H-1B visa fees, which directly relates to the theme of 'Tax increases operational costs for companies employing H-1B visa workers.' The mention of the fee hike compounding existing issues for the Indian IT sector indicates that the increased costs are affecting the industry's profitability and outlook.",Tax increases operational costs for companies employing H-1B visa workers.,Donald Trump,,PEOP,related,"The sentence explicitly discusses a significant increase in H-1B visa fees, specifically mentioning a fee hike to $100,000, which directly relates to the theme of 'Introduction of a high fee on H-1B visas'.","Donald Trump signed a proclamation hiking the H-1B visa fee, which indicates an action he has taken rather than something he has explicitly said.",narrative
Sep 2025,2025-09-21,EEFD06F252C996D24D889BD8AB3CFF20,EEFD06F252C996D24D889BD8AB3CFF20-1,The $100K Visa Fee That Could Redefine U.S. Business Education,"In a sweeping move that has stunned employers, immigrants, and universities alike, President Donald Trump has signed a proclamation imposing a $100,000 annual fee on H-1B visa applications - an extraordinary escalation in costs for companies seeking to hire high-skilled foreign talent.","The sentence discusses the imposition of a $100,000 annual fee on H-1B visa applications, which directly relates to the theme of a proposed tax impacting companies employing H-1B visa holders. This fee represents a significant increase in operational costs for companies looking to hire H-1B visa workers.",A proposed tax impacting companies employing H-1B visa holders.,Donald Trump,,PEOP,related,"The sentence explicitly mentions the introduction of a $100,000 annual fee on H-1B visa applications, which directly relates to the theme of 'Introduction of a high fee on H-1B visas'.","Donald Trump has signed a proclamation imposing a fee, which indicates an action he has taken rather than something he has explicitly said.",narrative
Sep 2025,2025-09-21,F3315520EB43D230545ED4AE8FBC6538,F3315520EB43D230545ED4AE8FBC6538-3,Techies' 'ghar wapsi' will be boon for offshoring: Experts after $100k fees imposed on H1-B visa,"Indian engineers have been trapped in limbo for years because of endless visa backlogs. Trump has just pushed them to make the obvious choice: return home where opportunities are greater."" Wadhwa added that the reverse talent flow would benefit India enormously. ""They will bring capital, networks, and the knowhow of scaling companies globally."" Phil Fersht, CEO of US-based HfS Research, said while the new policy's practical longevity is questionable, there would be impacts to track. ""This policy may not survive in court or Congress, but the damage is already done. It has jolted the industry into fast-tracking automation and near-shoring. Even if the $100,000 fee is overturned, providers and clients will lock in new strategies that reduce reliance on H-1Bs. In effect, the policy acts as a catalyst.","The sentence discusses how the new policy, which includes a significant fee, is prompting companies to rethink their reliance on H-1B visa workers and to adopt new strategies such as automation and near-shoring. This aligns with the theme of companies altering recruitment strategies to minimize H-1B visa reliance.",Companies may alter recruitment strategies to minimize H-1B visa reliance.,Donald Trump,,PEOP,related,"The sentence discusses the implications of a $100,000 fee imposed on H-1B visas, indicating that it has already affected the industry and prompted changes in strategy. This directly relates to the theme of the introduction of a high fee on H-1B visas.","Donald Trump is mentioned in the context of having pushed Indian engineers to return home, but the sentence does not provide a direct quote of something he has explicitly said. Instead, it describes an action attributed to him without quoting his words.",narrative
Sep 2025,2025-09-21,FB3CE6C708FCDDB9283CD8B0A385A387,FB3CE6C708FCDDB9283CD8B0A385A387-4,"Industry leaders urge single-window clearance for GCCs, startups amid US H1B visa policy changes","US President Donald Trump on Friday made a major overhaul to the H-1B visa programme, imposing a steep USD 100,000 annual fee on H-1B visa applications, raising fresh questions about whether this is a much-needed correction or a potentially crippling blow to America's tech talent pipeline.","The sentence discusses a significant change to the H-1B visa program, specifically mentioning a new annual fee imposed on H-1B visa applications. This directly relates to the theme of 'A proposed tax impacting companies employing H-1B visa holders.' as it highlights the financial implications of the new fee on the hiring process for H-1B visa workers.",A proposed tax impacting companies employing H-1B visa holders.,Donald Trump,,PEOP,related,"The sentence explicitly mentions the imposition of a steep USD 100,000 annual fee on H-1B visa applications, which directly relates to the theme of 'Introduction of a high fee on H-1B visas'.","Donald Trump is mentioned as having made a major overhaul to the H-1B visa programme, but the sentence describes an action he took rather than something he explicitly said.",narrative
Sep 2025,2025-09-21,FD7ED87060F06A11E5B843B947BE1CDC,FD7ED87060F06A11E5B843B947BE1CDC-15,Trump's H-1B visa crackdown upends Indian IT industry's playbook,"Silicon Valley-based Constellation Research founder and chairman Ray Wang expects Mr Trump's move to lead to more GCCs in India, more local hiring in the US, more pressure to deliver automation and AI at the same time, less outsourcing, fewer H-1B visas and less job mobility.","The sentence discusses the potential consequences of Mr. Trump's move, including fewer H-1B visas, which directly relates to the theme of how a proposed tax may limit H-1B visa hiring. This aligns with the narrative that tax may limit diversity by reducing H-1B visa hiring.",Tax may limit diversity by reducing H-1B visa hiring.,Donald Trump,,PEOP,related,"The sentence discusses the implications of Trump's actions on H-1B visas, specifically mentioning 'fewer H-1B visas', which directly relates to the theme of introducing a high fee on H-1B visas. It indicates a reduction in the availability of these visas, which aligns with the context of the article.","Donald Trump is mentioned in the context of a move he is expected to make, but the sentence does not quote anything he has explicitly said. It discusses the implications of his actions rather than providing a direct quote.",narrative
Sep 2025,2025-09-21,D65B7CA9524343AA42E86F78B8163B23,D65B7CA9524343AA42E86F78B8163B23-1,"Trump's H-1B shock: Winners, losers, and what it means for your portfolio","The Indian IT services industry will bear the brunt of US President Donald Trump's latest H-1B visa proclamation.
Following months of tariff pains on goods exports, rumours had been circulating that something similar was being planned for services as well. The HIRE (Halting International Relocation of Employment) Act proposed a 25% tax on payments made for services outsourced by the US. That has not gone through yet, but the fears have materialized elsewhere.","The sentence discusses a proposed tax (the HIRE Act) that would impose a 25% tax on payments for outsourced services, which directly relates to the theme of a proposed tax impacting companies employing H-1B visa holders. It highlights the potential financial burden on the Indian IT services industry due to this tax, indicating a clear connection to the narrative about the impact of such a tax on companies that rely on H-1B visa workers.",A proposed tax impacting companies employing H-1B visa holders.,Donald Trump,,PEOP,related,"The sentence discusses the impact of a proposed tax related to H-1B visas, which aligns with the theme of introducing high fees on H-1B visas. It mentions the HIRE Act, which proposes a tax on outsourced services, indicating a financial burden similar to high visa fees.","Donald Trump is mentioned in relation to his latest H-1B visa proclamation, but the sentence does not quote anything he has explicitly said. It discusses the implications of his actions rather than providing a direct quote.",narrative
Sep 2025,2025-09-21,D3849914D552B37547BA508268688E20,D3849914D552B37547BA508268688E20-7,Clarity on H-1B visa rules to ease pressure on IT stocks: Analysts,"President Trump expects the revised fee-based visa program to generate over $100 billion for the US Treasury, designated for national debt reduction and tax cuts. Critics, however, argued that the new fee hinders talent mobility and stifles innovation.","The sentence discusses how the new fee-based visa program is criticized for hindering talent mobility, which relates to the theme of 'New tax may hinder recruitment of skilled H-1B visa workers.' The mention of stifling innovation also connects to the theme 'Tax may impact innovation driven by H-1B visa talent.' However, the primary focus on hindering talent mobility aligns best with the recruitment aspect.",New tax may hinder recruitment of skilled H-1B visa workers.,Donald Trump,,PEOP,related,"The sentence discusses a revised fee-based visa program, which implies a connection to the introduction of high fees on visas, including H-1B visas. It mentions the expected financial impact and critiques of the fee, which aligns with the theme of high fees on H-1B visas.","Donald Trump is mentioned in the context of expectations regarding a visa program, but the sentence does not quote anything he has explicitly said. It describes his expectations rather than providing a direct quote.",narrative
Sep 2025,2025-09-21,C36CECFC9498BBD2F9B1EE5768063D0B,C36CECFC9498BBD2F9B1EE5768063D0B-4,"Overnight disruption sets off panic wave at home, abroad","Trump's proclamation on Saturday made companies sponsoring H-1B workers liable to pay the $100,000 annual fee for their petitions.
This has left most Indians seeking the visa in a state of uncertainty. Recent reports suggest that the $100,000 fee is applicable only for fresh H-1B visas and will not affect existing holders. However, Indians stuck in India are still awaiting clarity.","The sentence discusses a new fee imposed on companies sponsoring H-1B workers, which directly relates to the proposed tax impacting companies employing H-1B visa holders. It highlights the financial implications for companies and the uncertainty faced by potential visa applicants, aligning with the theme of a proposed tax affecting H-1B visa employment.",A proposed tax impacting companies employing H-1B visa holders.,Donald Trump,,PEOP,related,"The sentence discusses a $100,000 annual fee for companies sponsoring H-1B workers, which directly relates to the theme of 'Introduction of a high fee on H-1B visas'. It also mentions the implications for Indians seeking the visa, indicating the impact of this fee. Therefore, it is clearly connected to the theme.","Donald Trump is mentioned in relation to a proclamation, but the sentence does not quote anything he explicitly said. It describes an action he took regarding H-1B visa fees.",narrative
Sep 2025,2025-09-21,CE7F06C0A3F3A067E7711AFD1F77FC84,CE7F06C0A3F3A067E7711AFD1F77FC84-3,"How Trump's new $100,000 H-1B visa fee could affect China and global tech dynamics","Trump's administration framed the fee as a mechanism to encourage US companies to train and hire American graduates. ""The company must decide if the individual justifies paying $100,000 annually or whether to hire an American worker instead,"" Howard Lutnick, Commerce Secretary, said during the press briefing.","The sentence discusses the framing of a fee by Trump's administration as a way to encourage companies to hire American workers over foreign workers, which aligns with the theme of companies prioritizing domestic candidates over H-1B visa applicants.",Companies may prioritize domestic candidates over H-1B visa applicants.,Donald Trump,,PEOP,related,"The sentence discusses the rationale behind the high fee on H-1B visas, specifically how it is intended to encourage companies to hire American workers over foreign workers. This directly relates to the theme of the introduction of a high fee on H-1B visas.","Donald Trump is mentioned in the context of his administration's framing of the fee, but the sentence does not quote anything that Donald Trump has explicitly said. Instead, it quotes Howard Lutnick, the Commerce Secretary.",narrative
Sep 2025,2025-09-21,CE7F06C0A3F3A067E7711AFD1F77FC84,CE7F06C0A3F3A067E7711AFD1F77FC84-1,"How Trump's new $100,000 H-1B visa fee could affect China and global tech dynamics","US President Donald Trump, on September 19, signed an order imposing a $100,000 fee for new H-1B visa applications. The Trump administration said the one-time fee is meant to reduce the number of skilled foreign workers legally coming to the US, adding that the US prioritises ""top, valuable talent"". This led some big tech firms to issue advisories to H-1B visa holders to either stay in the US or return before the September 21 deadline.","The sentence discusses a new fee imposed on H-1B visa applications, which directly relates to the proposed tax impacting companies employing H-1B visa holders. It highlights the intention behind the fee to reduce the number of skilled foreign workers, aligning with the narrative of how such a tax could affect recruitment and employment of H-1B visa workers.",A proposed tax impacting companies employing H-1B visa holders.,Donald Trump,,PEOP,related,"The sentence directly discusses the introduction of a $100,000 fee for new H-1B visa applications, which is the central theme of the article. It explains the purpose of the fee and its implications for skilled foreign workers, clearly establishing a connection to the theme.","Donald Trump is mentioned as having signed an order imposing a fee, but this sentence does not quote something he explicitly said. It describes an action taken by him rather than a statement he made.",narrative
Sep 2025,2025-09-21,CF625447B32607C87D4258A15BC34B5C,CF625447B32607C87D4258A15BC34B5C-17,Tech companies warn H-1B visa holders to avoid foreign travel todayheadline,"The Trump administration cast the changes as part of a broader plan to bolster legitimate applications while weeding out abuses. But companies are quietly worried that the $100,000 price tag will prove unsustainable for their hiring needs.","The sentence discusses concerns from companies regarding the financial implications of a $100,000 cost associated with hiring, which aligns with the theme of increased costs potentially deterring companies from hiring H-1B visa candidates.",Higher costs may deter companies from hiring H-1B visa candidates.,Donald Trump,,PEOP,related,"The sentence discusses the financial implications of a $100,000 fee related to H-1B visas, indicating concerns from companies about the sustainability of this cost for hiring. This directly relates to the theme of 'Introduction of a high fee on H-1B visas'.","Donald Trump is mentioned in relation to the actions of the Trump administration, but the sentence does not quote anything that Donald Trump has explicitly said. It discusses the administration's stance and the implications of the fee without direct quotes from Trump himself.",narrative
Sep 2025,2025-09-21,D05143DA827B6CACC7765055D8CD199B,D05143DA827B6CACC7765055D8CD199B-1,H-1B ticket to US now costs Rs 88 lacs extra - All you need to know,"Announcing a sweeping overhaul of the H-1B visa system that, effectively, targets skilled Indians more than any other group, US President Donald Trump signed a proclamation Friday that will raise the fee for these visas to $100,000 (Rs 88 lakh) annually-making it prohibitively expensive for companies to hire Indian professionals in the US.","The sentence discusses a significant increase in fees for H-1B visas, which directly relates to the proposed tax impacting companies employing H-1B visa holders. The mention of the fee being prohibitively expensive indicates how this change may deter companies from hiring skilled workers, particularly from India.",A proposed tax impacting companies employing H-1B visa holders.,Donald Trump,,PEOP,related,"The sentence explicitly states that the fee for H-1B visas will be raised to $100,000, which directly relates to the theme of 'Introduction of a high fee on H-1B visas'. It discusses the implications of this fee increase on hiring Indian professionals, making the connection clear.","Donald Trump is mentioned as having signed a proclamation regarding the H-1B visa system, but the sentence does not quote anything he explicitly said. It describes an action he took rather than a statement he made.",narrative
Sep 2025,2025-09-21,D05143DA827B6CACC7765055D8CD199B,D05143DA827B6CACC7765055D8CD199B-12,H-1B ticket to US now costs Rs 88 lacs extra - All you need to know,"Infosys and Wipro's US-listed shares slipped overnight after President Donald Trump signed the order. While Infosys' ADR fell 4%, Wipro's declined 2% on Friday.
For now, industry watchers expect companies to protect existing client contracts by shifting more work to India while stepping up US hiring where feasible. But the sharp escalation in visa costs, combined with the absence of a transition window, signals a near-term freeze on new applications and an inevitable tilt towards offshore delivery. The longer-term risk, experts warn, is that the US itself may lose its edge in innovation as global talent looks elsewhere.","The sentence discusses the impact of increased visa costs and the potential shift towards offshore delivery, which aligns with the theme of how tax may influence decisions to onshore or offshore roles typically filled by H-1B visa workers. It also touches on the risk of losing innovation due to global talent seeking opportunities outside the US, which relates to the impact on innovation driven by H-1B visa talent.",Tax may influence decisions to onshore or offshore roles typically filled by H-1B visa workers.,Donald Trump,,PEOP,related,"The sentence discusses the impact of increased visa costs on companies and their hiring practices, which directly relates to the theme of 'Introduction of a high fee on H-1B visas'. It mentions the sharp escalation in visa costs and the implications for new applications, indicating a clear connection to the topic.","Donald Trump is mentioned in the context of signing an order, but the sentence does not quote anything he explicitly said. Therefore, it does not meet the criteria for a direct quote.",narrative
Sep 2025,2025-09-21,9156E2E97358B66F222F4F36DA8E264E,9156E2E97358B66F222F4F36DA8E264E-4,Trump's Pricey H-1B Visas Rattle Prospects Seeking to Work in US,"President Donald Trump framed the new six-figure fee as part of his effort to protect American jobs and national security. But his announcement jolted companies that have long relied on the program to bring in global talent, especially in California's tech-heavy economy that relies on trained computer programmers, data analysts and engineers.","The sentence discusses the impact of a new fee on companies that rely on H-1B visa workers, indicating that it may affect their ability to recruit global talent, which aligns with the theme of a proposed tax impacting companies employing H-1B visa holders.",A proposed tax impacting companies employing H-1B visa holders.,Donald Trump,,PEOP,related,"The sentence discusses President Trump's introduction of a high fee for H-1B visas and its impact on companies that depend on this program, directly relating to the theme of 'Introduction of a high fee on H-1B visas'.","Donald Trump is mentioned in the context of framing a fee, but the sentence does not quote something he explicitly said. It describes his actions and the impact of his announcement rather than providing a direct quote.",narrative
Sep 2025,2025-09-21,2F920A871D62CDBBB6B4B0B982C56EA5,2F920A871D62CDBBB6B4B0B982C56EA5-1,"Companies urge workers back to U.S. due to H-1B visa fee, WSJ reports","Following the announcement on Friday that the Trump administration is planning to add a new $100,000 annual fee for H-1B visa applications beginning Sunday, Amazon (AMZN), Google (GOOGL), Microsoft (MSFT), and others warned H-1B holders to not leave the U.S. and urged employees overseas on visa to return as soon as possible, Chip Cutter, Amrith Ramkumar, and Ray Smith of The Wall Street Journal reports, citing notes sent to staff and people familiar with their contents. Many companies now worry they could be liable for fee payments due to how many of their employes use this type of visa.","The sentence discusses a new fee for H-1B visa applications and the concerns of companies regarding their liability for these fees, which directly relates to the proposed tax impacting companies employing H-1B visa holders.",A proposed tax impacting companies employing H-1B visa holders.,Donald Trump,,PEOP,related,"The sentence directly discusses the introduction of a new $100,000 annual fee for H-1B visa applications, which is the central theme of the article. It also mentions the implications of this fee on companies and their employees, reinforcing the connection to the theme.","Donald Trump is mentioned in the context of the administration's plans, but the sentence does not quote anything that he has explicitly said. It describes an action taken by the Trump administration rather than a direct quote from Donald Trump himself.",narrative
Sep 2025,2025-09-21,33306BB21209C80CEBE432ED449989E0,33306BB21209C80CEBE432ED449989E0-9,"Trump's $100,000 H-1B visa fee sparks confusion among companies, workers","But executives and industry trade groups said they worried about how the steep fee would affect businesses' ability to fill critical positions.
A spokesman for the US Chamber of Commerce said the group was working with the Trump administration and its members to ""understand the full implications and the best path forward."" Amazon, Meta, Google, Apple and Walmart, which are among the biggest users of H-1B visas, either declined to comment or did not respond to a request for comment.","The sentence discusses concerns from executives and industry groups about the impact of a steep fee on businesses' ability to fill critical positions, which relates to the theme of how a proposed tax may hinder recruitment of skilled H-1B visa workers.",New tax may hinder recruitment of skilled H-1B visa workers.,Donald Trump,,PEOP,related,"The sentence discusses concerns from executives and industry trade groups regarding the impact of a steep fee on businesses' ability to fill critical positions, which directly relates to the introduction of a high fee on H-1B visas. It also mentions major companies that utilize H-1B visas, reinforcing the connection to the theme.","Donald Trump is mentioned in relation to the administration's actions, but the sentence does not quote anything that he has explicitly said. It discusses the concerns of executives and a spokesman's comments without providing a direct quote from Trump himself.",narrative
Sep 2025,2025-09-21,3440AA386D573EE92237D2188E02B695,3440AA386D573EE92237D2188E02B695-1,"Rs 50,000 crore man urges IT workers not to be saddened by US's H-1B visa rule: 'Do not live in fear'","The H-1B visa program has once again become a subject of debate after the Trump administration announced a major change. According to the new rule, companies in the United States that intend to employ foreign professionals will now be required to pay a hefty fee of $100,000, which amounts to nearly Rs 85 lakh. This sudden hike in costs left many Indian IT professionals, who had been preparing to move to the US, disheartened and anxious about their future opportunities.","The sentence discusses a significant fee increase for companies employing foreign professionals under the H-1B visa program, which directly relates to the theme of increased operational costs for companies employing H-1B visa workers. The mention of the hefty fee indicates a financial burden that could impact hiring decisions.",Tax increases operational costs for companies employing H-1B visa workers.,Donald Trump,,PEOP,related,"The sentence discusses a significant increase in fees associated with the H-1B visa program, specifically mentioning a new rule that requires companies to pay a hefty fee of $100,000. This directly relates to the theme of 'Introduction of a high fee on H-1B visas'.","Donald Trump is mentioned in relation to the administration's actions, but the sentence does not quote anything that he has explicitly said. It discusses a change made by the Trump administration without providing a direct quote from him.",narrative
Sep 2025,2025-09-21,34B85EE0765A0FDB8206589294686A90,34B85EE0765A0FDB8206589294686A90-10,Relief for current H-1B employees but a blow to future hiring,"Cyrus D. Mehta, immigration lawyer, told TOI: ""The USCIS memo does nothing for the future of the H-1B program. Cap-exempt employers will be hit with the $100,000 fee when they file new petitions. After next year's H-1B lottery in 2026, even cap-subject employers will have to pay the same fee. It will be impossible for US employers to hire talented students graduating from American universities. The imposition of this fee will, in effect, kill the H-1B visa program. US companies will instead flee overseas to hire this talent. By imposing this atrocious fee, Trump has killed the goose that laid the golden eggs.""","The sentence discusses the negative impact of a new fee on the H-1B visa program, indicating that it will hinder US employers from hiring talented graduates, which aligns with the theme of a proposed tax impacting companies employing H-1B visa holders. It also suggests that companies may seek talent overseas due to the financial burden imposed by the fee.",A proposed tax impacting companies employing H-1B visa holders.,Donald Trump,,PEOP,related,"The sentence discusses the impact of a high fee on H-1B visas, specifically mentioning a $100,000 fee that will affect both cap-exempt and cap-subject employers. It clearly connects to the theme of the introduction of a high fee on H-1B visas and its implications for hiring practices in the US.","Donald Trump is mentioned in the context of having imposed a fee that negatively impacts the H-1B visa program, but the sentence does not quote something he explicitly said. Instead, it describes an action attributed to him. Therefore, it does not meet the criteria for a direct quote.",narrative
Sep 2025,2025-09-21,3DA8904ED91DA2F0AD7570A57BE64D1A,3DA8904ED91DA2F0AD7570A57BE64D1A-2,Trump's H-1B visa fee prompts emergency guidance from companies,"US President Donald Trump on Friday signed a proclamation that would introduce a $100,000 application fee for the visa, but did not clarify whether the change would apply to existing H1-B holders.
Companies including Amazon and Microsoft issued emergency guidance to employees, urging H-1B holders not to leave the country until the new rules were clarified. They also asked staff currently overseas to return to the US before measures entered force on Sunday.","The sentence discusses a new application fee for the H-1B visa, which directly relates to the proposed tax impacting companies employing H-1B visa holders. It highlights the financial implications of the new fee and the urgency for companies to manage their H-1B workforce in light of this change.",A proposed tax impacting companies employing H-1B visa holders.,Donald Trump,,PEOP,related,"The sentence discusses the introduction of a $100,000 application fee for the H-1B visa, which directly relates to the theme of 'Introduction of a high fee on H-1B visas'. It also mentions the implications of this fee on H-1B holders, further establishing the connection.","Donald Trump is mentioned as having signed a proclamation, but the sentence does not quote anything he explicitly said. It describes an action he took rather than a statement he made.",narrative
Sep 2025,2025-09-21,3E8F566BFCA8BCFCB18759AE849AEEF9,3E8F566BFCA8BCFCB18759AE849AEEF9-1,"New $100,000 H-1B fee sends Indian IT firms scrambling","India's tech industry is scrambling for ways forward after President Donald Trump dealt it a massive jolt by hiking the price of H-1B visas to a staggering $100,000.
The timing could not be worse for the world's largest outsourcing market, which is already grappling with slower hiring due to the rise of artificial intelligence automating many entry-level tasks. At the same time, major US tech firms have been laying off staff, a trend that has hit both American and H-1B workers.","The sentence discusses the impact of increased H-1B visa costs on India's tech industry, highlighting the challenges faced in hiring and the broader implications for companies relying on H-1B visa workers. This aligns with the theme of 'Tax increases operational costs for companies employing H-1B visa workers.'",Tax increases operational costs for companies employing H-1B visa workers.,Donald Trump,,PEOP,related,"The sentence explicitly mentions the hike in the price of H-1B visas to $100,000, which directly relates to the theme of 'Introduction of a high fee on H-1B visas'. It discusses the impact of this fee increase on India's tech industry, making the connection clear.","Donald Trump is mentioned in the context of having taken action by hiking the price of H-1B visas, but the sentence does not quote anything he explicitly said. Therefore, it does not meet the criteria for a direct quote.",narrative
Sep 2025,2025-09-21,45FB05AE7D234E93E5C2A03AFAA32CED,45FB05AE7D234E93E5C2A03AFAA32CED-1,"Companies urge workers back to U.S. due to H-1B visa fee, WSJ reports","Following the announcement on Friday that the Trump administration is planning to add a new $100,000 annual fee for H-1B visa applications beginning Sunday, Amazon (AMZN), Google (GOOGL), Microsoft (MSFT), and others warned H-1B holders to not leave the U.S. and urged employees overseas on visa to return as soon as possible, Chip Cutter, Amrith Ramkumar, and Ray Smith of The Wall Street Journal reports, citing notes sent to staff and people familiar with their contents. Many companies now worry they could be liable for enormous fee payments due to how many of their employes use this type of visa.","The sentence discusses the introduction of a new fee for H-1B visa applications and the concerns of companies regarding the financial implications of this fee, which aligns with the theme of a proposed tax impacting companies employing H-1B visa holders.",A proposed tax impacting companies employing H-1B visa holders.,Donald Trump,,PEOP,related,"The sentence directly discusses the introduction of a new $100,000 annual fee for H-1B visa applications, which is the central theme of the article. It also mentions the implications of this fee on companies and their employees, reinforcing the connection to the theme.","Donald Trump is mentioned in the context of the administration's plans, but the sentence does not quote anything that he has explicitly said. It describes actions taken by the Trump administration rather than direct quotes from Donald Trump himself.",narrative
Sep 2025,2025-09-21,4710E748CC27FF60EE02AC0B09C94245,4710E748CC27FF60EE02AC0B09C94245-13,"What is American H-1B visa system & why Trump's $100,000 fee proclamation triggered panic","While Trump has argued that only the ""truly valuable"" hires would justify the investment, critics have warned that the policy could shrink the talent pipeline for American firms, already facing skill shortages.","The sentence discusses concerns that a proposed policy could reduce the talent pipeline for American firms, which aligns with the theme of 'Tax may exacerbate shortages in specialized skills from H-1B visa workers.'",Tax may exacerbate shortages in specialized skills from H-1B visa workers.,Donald Trump,,PEOP,related,"The sentence discusses Trump's argument regarding the value of hires in relation to a high fee on H-1B visas, as well as the potential negative impact on the talent pipeline for American firms. This directly relates to the theme of the introduction of a high fee on H-1B visas and its implications.","Donald Trump is mentioned in the context of arguing about the value of hires, but the sentence does not provide a direct quote from him. Therefore, it does not strictly quote something that Donald Trump has said.",narrative
Sep 2025,2025-09-21,226F93D1EE4C8CA31F8E7B975B008483,226F93D1EE4C8CA31F8E7B975B008483-7,Trump's H-1B visa crackdown upends Indian IT industry's playbook,"More in Business
FUTURE H1-B VISAS FOR CRITICAL ROLES ONLY
Immigration lawyers, who received frantic calls over the weekend due to the chaos and confusion created by Trump's proclamation, in which he accused the IT sector of manipulating the H-1B system, said the new visa fee was steep.
""We expect that companies will become far more selective in deciding which candidates to sponsor, reserving H-1B filings for only the most business-critical roles,"" Vic Goel, managing partner at U.S. law firm Goel & Anderson said. ""This would significantly reduce access to the H-1B program for many skilled foreign nationals and could reshape employer demand.""","The sentence discusses how the new visa fee will lead companies to be more selective in sponsoring H-1B candidates, which aligns with the theme of a new tax hindering recruitment of skilled H-1B visa workers. It indicates that access to the H-1B program will be significantly reduced for many skilled foreign nationals, directly relating to the narrative of recruitment challenges.",New tax may hinder recruitment of skilled H-1B visa workers.,Donald Trump,,PEOP,related,"The sentence discusses the new steep visa fee and its implications on the H-1B program, indicating a direct connection to the theme of 'Introduction of a high fee on H-1B visas'.","Donald Trump is mentioned in the context of a proclamation he made, but the sentence does not include a direct quote from him. Instead, it discusses the reactions of immigration lawyers to his actions. Therefore, it does not strictly quote something that Donald Trump has said.",narrative
Sep 2025,2025-09-21,201A29D19001E0176FDF5F74420F25CD,201A29D19001E0176FDF5F74420F25CD-2,"New visa fee a mistake, says US Congressman Bera","The development comes a day after Trump imposed a $100,000 annual application fee on the H-1B visa programme, effectively shutting the door on tens of thousands of skilled Indian employees, especially in the technology sector.","The sentence discusses the imposition of a significant application fee on the H-1B visa program, which directly relates to the proposed tax impacting companies employing H-1B visa holders. It highlights the financial barrier created by the tax, which could deter skilled workers from applying, thus aligning with the narrative of how such a tax affects recruitment and employment of H-1B visa holders.",A proposed tax impacting companies employing H-1B visa holders.,Donald Trump,,PEOP,related,"The sentence directly mentions the imposition of a $100,000 annual application fee on the H-1B visa program, which is clearly related to the theme of 'Introduction of a high fee on H-1B visas'.","Donald Trump is mentioned as having imposed a fee, which indicates an action he has taken rather than something he has explicitly said. Therefore, the sentence does not quote something that Donald Trump has said.",narrative
Sep 2025,2025-09-21,052EBCD7A3E678B08743C2FBC3D67FF2,052EBCD7A3E678B08743C2FBC3D67FF2-5,"Will the $100,000 H-1B fee affect you? Three key points from the US clarification","The proclamation declared that companies hiring foreign professionals under the H-1B route would need to pay $100,000 per worker. The Trump administration argued the change would ensure only ""extraordinarily skilled"" individuals enter the country and reduce reliance on foreign talent to replace American workers.","The sentence discusses a proclamation that imposes a financial burden on companies hiring H-1B visa workers, which aligns with the theme of a proposed tax impacting companies employing H-1B visa holders. It also touches on the intention behind the tax to limit foreign talent, which relates to the broader implications of the tax on recruitment and reliance on H-1B workers.",A proposed tax impacting companies employing H-1B visa holders.,Donald Trump,,PEOP,related,"The sentence directly discusses a proclamation that mandates companies to pay a high fee of $100,000 for H-1B workers, which is clearly related to the theme of 'Introduction of a high fee on H-1B visas'.","Donald Trump is mentioned in relation to the actions of the Trump administration, but the sentence does not quote anything that Donald Trump has explicitly said. It discusses the administration's argument rather than a direct quote from Trump himself.",narrative
Sep 2025,2025-09-21,058C102C631665A01E5D691C7FBF8B88,058C102C631665A01E5D691C7FBF8B88-7,Trump's H-1B Visa Crackdown Upends Indian IT Industry's Playbook,"FUTURE H1-B VISAS FOR CRITICAL ROLES ONLY
Immigration lawyers, who received frantic calls over the weekend due to the chaos and confusion created by Trump's proclamation, in which he accused the IT sector of manipulating the H-1B system, said the new visa fee was steep.
""We expect that companies will become far more selective in deciding which candidates to sponsor, reserving H-1B filings for only the most business-critical roles,"" Vic Goel, managing partner at U.S. law firm Goel & Anderson said. ""This would significantly reduce access to the H-1B program for many skilled foreign nationals and could reshape employer demand.""","The sentence discusses how the new visa fee will lead companies to be more selective in sponsoring H-1B candidates, which aligns with the theme of the tax hindering recruitment of skilled H-1B visa workers. It indicates that only critical roles will be filled, thereby limiting access to the H-1B program for many skilled foreign nationals.",New tax may hinder recruitment of skilled H-1B visa workers.,Donald Trump,,PEOP,related,"The sentence discusses the impact of a new steep visa fee on H-1B visas, indicating that it will lead to companies being more selective in their sponsorship decisions. This directly relates to the theme of 'Introduction of a high fee on H-1B visas' as it highlights the consequences of such a fee on the H-1B program and its accessibility for skilled foreign nationals.","Donald Trump is mentioned in the context of his proclamation, but the sentence does not contain a direct quote from him. Instead, it discusses the reactions of immigration lawyers to his actions. Therefore, it is unclear if this relates to something he explicitly said.",narrative
Sep 2025,2025-09-21,08B77CAE4DA965B4EC1581E535ECC1A4,08B77CAE4DA965B4EC1581E535ECC1A4-1,The American workforce has a new challenge Show all,"President Donald Trump's latest effort to overhaul America's legal immigration system - raising the annual fee on H-1B visa applicants from $215 to $100,000 - could deal a major blow to some US industries that rely on skilled foreign workers.","The sentence discusses a proposed increase in fees for H-1B visa applicants, which directly relates to the theme of a proposed tax impacting companies employing H-1B visa holders. The mention of a significant fee increase suggests potential negative consequences for industries that depend on these skilled workers.",A proposed tax impacting companies employing H-1B visa holders.,Donald Trump,,PEOP,related,"The sentence explicitly mentions raising the annual fee on H-1B visa applicants from $215 to $100,000, which directly relates to the theme of 'Introduction of a high fee on H-1B visas'.","Donald Trump is mentioned in the context of an action he is taking regarding the H-1B visa fees, but the sentence does not quote something he has explicitly said. Therefore, it does not meet the criteria for a direct quote.",narrative
Sep 2025,2025-09-21,0C499431EA3EB7D1F6A4642E445721AC,0C499431EA3EB7D1F6A4642E445721AC-1,"Trump's H-1B visa salvo: Costly for US firms, boon for India's economy","Students in the US on F-1 visas may be spared if they convert to H-1Bs without leaving - a strong incentive to remain in the country and push for permanent residency
On September 19, United States (US) President Donald Trump dropped yet another bombshell. He ordered that all new petitions for H-1B visas filed on behalf of workers outside the US would now carry a $100,000 fee. The measure, which will last a year unless renewed, is aimed at deterring firms from sponsoring foreign workers, particularly in entry-level roles. The immediate impact will be felt disproportionately by Indians, who form roughly three-quarters of all H-1B recipients.","The sentence discusses a new fee imposed on H-1B visa petitions, which directly relates to the proposed tax impacting companies employing H-1B visa holders. It highlights the financial burden that this fee represents for firms sponsoring foreign workers, aligning with the theme of increased operational costs and potential deterrents to hiring H-1B visa candidates.",A proposed tax impacting companies employing H-1B visa holders.,Donald Trump,,PEOP,related,"The sentence explicitly mentions the introduction of a $100,000 fee for new H-1B visa petitions, which directly relates to the theme of 'Introduction of a high fee on H-1B visas'. It discusses the implications of this fee on firms and foreign workers, particularly highlighting its impact on Indian H-1B recipients.","Donald Trump is mentioned as having ordered a new fee for H-1B visas, which indicates an action he has taken rather than something he has explicitly said. Therefore, the sentence does not quote him directly.",narrative
Sep 2025,2025-09-21,13B147E25D756A8E34963385C0AD19AA,13B147E25D756A8E34963385C0AD19AA-5,US new H-1B visa fee won't apply to existing holders Indian IT firms may face disruptions due to new fee and tech giants advise H-1B holders to stay in US,"The White House said the fee was being imposed to level the playing field for American workers which it said are being ""replaced with lower-paid foreign labour.""
The executive order imposing the new fee on H-1B visa applications, which was signed by President Donald Trump on Friday night, could disrupt the global operations of Indian technology services companies that deploy skilled professionals to the United States, Indian IT industry body Nasscom said early on Saturday.","The sentence discusses the imposition of a new fee on H-1B visa applications, which is directly related to the proposed tax impacting companies employing H-1B visa holders. It highlights the intention behind the fee and its potential impact on companies, particularly in the context of Indian technology services.",A proposed tax impacting companies employing H-1B visa holders.,Donald Trump,,PEOP,related,"The sentence discusses the imposition of a new fee on H-1B visa applications as part of an executive order, which directly relates to the theme of 'Introduction of a high fee on H-1B visas'. It also mentions the implications for American workers and Indian technology companies, reinforcing the connection to the high fee introduction.","Donald Trump is mentioned in the context of signing an executive order, but the sentence does not quote anything he explicitly said. Therefore, it does not meet the criteria for a direct quote.",narrative
Sep 2025,2025-09-21,14E815ABBD7B91D8FA061AF6E331BEC0,14E815ABBD7B91D8FA061AF6E331BEC0-3,Trump's H-1B visa fee hike triggers chaos in US among Indian travellers,"ALSO READ: IT professional hit hardest by Trump's H-1B move: Cost to company too high for sponsoring (most) staff
Tech firms such as Amazon and Microsoft advised their H-1B and H-4 visa employees in India to return before the cutoff, while those already in the US were told to stay put, prompting Indian travel agencies and airlines to expect cancellations ahead of the upcoming festive and wedding seasons.","The sentence discusses the impact of a policy change on H-1B visa employees, specifically mentioning the high costs associated with sponsoring staff. This aligns with the theme of how a proposed tax may impact companies employing H-1B visa holders.",A proposed tax impacting companies employing H-1B visa holders.,Donald Trump,,PEOP,related,"The sentence discusses the impact of Trump's H-1B visa fee hike on tech firms and their employees, indicating a direct connection to the introduction of a high fee on H-1B visas. It highlights the consequences of this fee increase, which aligns with the theme.","Donald Trump is mentioned in relation to his H-1B move, but the sentence does not quote anything he has explicitly said. It discusses the impact of his actions rather than his words.",narrative
Sep 2025,2025-09-21,1B489BEB3B0EAA3159BA3252220BDF43,1B489BEB3B0EAA3159BA3252220BDF43-2,"$100,000 H-1B visa is a gamble that could protect US jobs","The overhaul, signed by the president Friday night, escalates the price of entry to $100,000 per worker, to be paid by the company. And the costs don't stop there. Trump also wants a revision of prevailing wage rules to ensure that visa-holders get paid the same as Americans - a change that should further discourage companies from importing foreign labor.
The plan - which may face legal challenges - preserves H-1B visas as a last resort in fields where talent is scarce, but tilts the playing field toward American workers, answering critics in and out of MAGA who complain that companies are addicted to hiring cheaper foreign workers.","The sentence discusses a new tax and changes to wage rules that will increase costs for companies employing H-1B visa workers, which aligns with the theme of higher costs deterring companies from hiring H-1B visa candidates and prioritizing domestic candidates over H-1B visa applicants.",Higher costs may deter companies from hiring H-1B visa candidates.,Donald Trump,,PEOP,related,"The sentence discusses the introduction of a high fee of $100,000 for H-1B visas, which directly relates to the theme of 'Introduction of a high fee on H-1B visas'. It also mentions the implications of this fee on companies and the labor market, reinforcing the connection to the theme.","Donald Trump is mentioned in the context of wanting a revision of prevailing wage rules, but the sentence does not quote something he explicitly said. Instead, it describes actions and intentions attributed to him.",narrative
Sep 2025,2025-09-21,1FF0B74C1BCA000D5F4BAAEE04485400,1FF0B74C1BCA000D5F4BAAEE04485400-1,Rising paywall may push more US jobs to Indian shores,"US-based multinationals stung by the hefty fee imposed on H-1B visas by the Trump administration could step up hiring in India at either their third-party service providers, which are the domestic IT services firms, or at their own global capability centres (GCCs) based in the country, said experts.","The sentence discusses how US-based multinationals may respond to the increased costs associated with H-1B visas by hiring more in India, which relates to the theme of companies altering their recruitment strategies to minimize reliance on H-1B visa workers.",Companies may alter recruitment strategies to minimize H-1B visa reliance.,Donald Trump,,PEOP,related,"The sentence explicitly mentions the 'hefty fee imposed on H-1B visas' and discusses its impact on US-based multinationals, which directly relates to the theme of 'Introduction of a high fee on H-1B visas'.","Donald Trump is mentioned in relation to the actions of the Trump administration regarding the fee imposed on H-1B visas, but the sentence does not quote something that Donald Trump has explicitly said.",narrative
Sep 2025,2025-09-21,200B3C5BC4EA55FAA64CD067DB4DA337,200B3C5BC4EA55FAA64CD067DB4DA337-6,Relief for current H-1B employees but a blow to future hiring,"The imposition of this fee will, in effect, kill the H-1B visa program. US companies will instead flee overseas to hire this talent. By imposing this atrocious fee, Trump has killed the goose that laid the golden eggs.""","The sentence discusses the negative impact of a fee on the H-1B visa program, suggesting that it will lead to companies hiring talent overseas instead of utilizing H-1B visa workers. This aligns with the theme of how a proposed tax impacts companies employing H-1B visa holders and may influence decisions to offshore roles typically filled by H-1B visa workers.",A proposed tax impacting companies employing H-1B visa holders.,Donald Trump,,PEOP,related,The sentence discusses the imposition of a fee on H-1B visas and its negative impact on the visa program and US companies. It directly relates to the theme of 'Introduction of a high fee on H-1B visas' by highlighting the consequences of such a fee.,"Donald Trump is mentioned in the context of having imposed a fee, but the sentence does not quote something he has explicitly said. Instead, it describes an action attributed to him.",narrative
Sep 2025,2025-09-21,4DDA44C1997FE6959A5F0ABBCECACD83,4DDA44C1997FE6959A5F0ABBCECACD83-30,"Understanding Donald Trump's $100,000 Immigration Fee On H-1B Visas","Trump officials are likely to continue their efforts to dismantle the current immigrant talent pipeline by, among other things, making it more difficult for international students to obtain H-1B status. The effort will include finalizing the recently proposed rule to require fixed periods of admission for students, rulemaking to curtail or eliminate, in practice, Optional Practical Training and STEM OPT, a new H-1B selection process expected to disadvantage international students and an H-1B rule that will likely introduce new restrictions for companies.","The sentence discusses efforts by Trump officials to make it more difficult for international students to obtain H-1B status, which directly relates to the theme of a proposed tax impacting companies employing H-1B visa holders. The mention of new restrictions for companies aligns with the narrative of how such policies may hinder recruitment and affect the overall landscape for H-1B visa workers.",A proposed tax impacting companies employing H-1B visa holders.,Donald Trump,,PEOP,related,"The sentence discusses efforts by Trump officials to make it more difficult for international students to obtain H-1B status, which aligns with the theme of introducing high fees and restrictions on H-1B visas. It mentions a new H-1B rule that is expected to introduce new restrictions, which is directly related to the theme of high fees on H-1B visas.",Donald Trump is not directly quoted in this sentence; it discusses actions taken by his officials rather than statements made by him.,narrative
Sep 2025,2025-09-21,4F0B2B3D3B5CDD793BFBFBED54581691,4F0B2B3D3B5CDD793BFBFBED54581691-6,"H-1B visa rules: Will Trump's $100,000 visa fee hike boost remote hiring, what does it mean for Indian workers?","H-1B Visa: Why Trump imposed $100,000 fee for highly skilled foreign workers?
Major impact on Indian workers
The proposed visa fee could significantly affect India's tech talent, prompting companies to rethink resource allocation. It may even lead to a reverse brain drain, attracting senior professionals back to India.","The sentence discusses the proposed visa fee and its potential impact on companies' resource allocation regarding H-1B visa workers, which aligns with the theme of how a proposed tax impacts companies employing H-1B visa holders.",A proposed tax impacting companies employing H-1B visa holders.,Donald Trump,,PEOP,related,"The sentence discusses the proposed $100,000 fee for H-1B visas and its potential impact on Indian workers, which directly relates to the theme of the introduction of a high fee on H-1B visas.","Donald Trump is mentioned in the context of imposing a fee, but the sentence does not quote anything he has explicitly said. It discusses the implications of the fee rather than a direct statement from him.",narrative
Sep 2025,2025-09-21,74A18908D3A0318C3D2060D85F184883,74A18908D3A0318C3D2060D85F184883-5,"Panic Over, Reality Hits: Trump's H-1B fee spares current workers but crushes new dreams","According to the New York Times, if the fee structure survives potential legal challenges, companies hiring skilled foreign workers will need to pay $100,000 for each new petition, and this could apply for up to six years of the visa holder's stay in the US.
Political Context Behind the Move
This move aligns with the Trump administration's broader stance on immigration. A month ago, US Commerce Secretary Howard Lutnick called the H-1B programme a ""scam"" and argued that companies should hire Americans instead of foreigners. Lutnick's views are backed by key Trump advisors like Stephen Miller, who helps shape Trump's immigration policies. However, some prominent figures like Elon Musk and Vivek Ramaswamy support the H-1B programme, arguing it brings top global talent to America.","The sentence discusses a proposed fee structure that companies hiring skilled foreign workers, specifically H-1B visa holders, would need to pay, which directly relates to the theme of a proposed tax impacting companies employing H-1B visa holders.",A proposed tax impacting companies employing H-1B visa holders.,Donald Trump,,PEOP,related,"The sentence discusses a specific fee structure for H-1B visas, indicating that companies will need to pay a high fee of $100,000 for each new petition. This directly relates to the theme of 'Introduction of a high fee on H-1B visas' as it outlines the financial implications of the new fee on hiring skilled foreign workers.","Donald Trump is mentioned in relation to the broader stance of his administration on immigration, but the sentence does not quote anything that he has explicitly said. Therefore, it is unclear if this relates directly to a quote from Donald Trump.",narrative
Sep 2025,2025-09-21,751EA65C7A8EF0FE11E2CA2D6BB89618,751EA65C7A8EF0FE11E2CA2D6BB89618-4,American dream re-coded,"The numbers illustrate the relationship. In FY25 alone, Amazon had more than 10,000 H-1B approvals, with Tata Consultancy Services close behind, followed by Microsoft, Meta, and Google. Barring TCS, these are all major US technology and innovation giants that dominate global tech, and that rely on H-1B talent, mostly sourced from India, to power their product launches, and new research. Trump's rhetoric may be about protecting American jobs, but in reality, the H-1B fee hike hits hardest at the ambitions of US-based firms that depend on global skill mobility to remain competitive. The move signals the closing of what has long been the world's premier magnet for global talent, a system that transformed the US into the hub of the digital revolution.","The sentence discusses how the H-1B fee hike impacts US-based firms that rely on global talent, indicating that the tax may affect companies' competitiveness in the global market. It highlights the reliance of major US technology companies on H-1B visa workers and suggests that the fee increase could hinder their ability to remain competitive.",Tax may affect companies' competitiveness in the global market.,Donald Trump,,PEOP,related,"The sentence discusses the impact of a high fee on H-1B visas, specifically mentioning how the fee hike affects US-based firms that rely on H-1B talent. It connects the fee increase to the ambitions of these companies and the broader implications for global talent mobility, which aligns with the theme of the introduction of a high fee on H-1B visas.","Donald Trump is mentioned in relation to his rhetoric about protecting American jobs, but the sentence does not quote anything he has explicitly said. It discusses the implications of a fee hike associated with H-1B visas rather than providing a direct quote from Donald Trump.",narrative
Sep 2025,2025-09-21,753701EA43E6D278040A0DB8EC37BE02,753701EA43E6D278040A0DB8EC37BE02-1,World's largest investment bank Goldman Sachs tells H-1B visa holders to exercise caution on international travel,"Goldman Sachs has issued an advisory to its employees holding H-1B visas, acknowledging the uncertainty created by the recent US policy shift. The guidance follows President Donald Trump's order mandating companies to pay $100,000 annually for each foreign worker on an H-1B visa.","The sentence discusses a recent US policy shift regarding H-1B visas and mentions a specific financial requirement imposed on companies, which directly relates to the proposed tax impacting companies employing H-1B visa holders.",A proposed tax impacting companies employing H-1B visa holders.,Donald Trump,,PEOP,related,"The sentence discusses a recent US policy shift related to H-1B visas, specifically mentioning President Trump's order that mandates companies to pay $100,000 annually for each foreign worker on an H-1B visa. This directly relates to the theme of introducing a high fee on H-1B visas.","Donald Trump is mentioned in relation to an order he issued regarding H-1B visa fees, but the sentence does not quote his exact words. Therefore, it does not strictly meet the criteria for a quote.",narrative
Sep 2025,2025-09-21,7646AAF61BDC3A6C2705010A531DA54D,7646AAF61BDC3A6C2705010A531DA54D-2,Trump delivers hammer blow to US tech industry,"The change could deal a big blow to the technology sector that relies heavily on skilled workers from India and China.
Since taking office in January, Trump has kicked off a wide-ranging immigration crackdown, including moves to limit some forms of legal immigration. The step to reshape the H-1B visa programme represents his administration's most high-profile effort yet to rework temporary employment visas.","The sentence discusses the impact of changes to the H-1B visa program on the technology sector, which heavily relies on skilled workers from India and China. This aligns with the theme of a proposed tax impacting companies employing H-1B visa holders, as it highlights the potential negative consequences of immigration policy changes on the availability of skilled labor.",A proposed tax impacting companies employing H-1B visa holders.,Donald Trump,,PEOP,related,"The sentence discusses the impact of changes to the H-1B visa program, which is directly related to the introduction of high fees on these visas. It highlights the administration's efforts to reshape the program, indicating a connection to the theme.","Donald Trump is mentioned in relation to actions taken by his administration regarding immigration and the H-1B visa program, but the sentence does not quote anything he has explicitly said.",narrative
Sep 2025,2025-09-21,779D6CAA8E325D0EFADD5048F1C7E38A,779D6CAA8E325D0EFADD5048F1C7E38A-1,"Trump's $100k H-1B visa fee clarified: Who really needs to pay, and who doesn't?","President Trump's proclamation raising the H-1B visa petition fee to $100,000 caused panic among Indian IT professionals and global firms. Confusion stemmed from fears it applied to renewals and re-entry. A White House clarification confirmed the charge is a one-time fee only for new applications. While current visa holders are unaffected, experts warn the hike could deter talent mobility and strain US-India tech ties. In a move that shook the global technology and immigration ecosystem, United States President Donald Trump announced a dramatic increase in the cost of the H-1B visa, sparking immediate confusion and concern among workers, companies, and policymakers.","The sentence discusses the increase in the H-1B visa petition fee and its potential impact on talent mobility and US-India tech ties, which aligns with the theme of how a proposed tax (or fee increase) may hinder recruitment of skilled H-1B visa workers and affect companies' competitiveness.",New tax may hinder recruitment of skilled H-1B visa workers.,Donald Trump,,PEOP,related,"The sentence discusses President Trump's proclamation that raised the H-1B visa petition fee to $100,000, which directly relates to the theme of 'Introduction of a high fee on H-1B visas'. It also mentions the implications of this fee increase on various stakeholders, confirming its relevance to the topic.","Donald Trump is mentioned as having announced a dramatic increase in the cost of the H-1B visa, which indicates a direct quote of his action or statement regarding the fee. However, the sentence primarily describes the consequences and reactions to this announcement rather than quoting his exact words.",narrative
Sep 2025,2025-09-21,779D6CAA8E325D0EFADD5048F1C7E38A,779D6CAA8E325D0EFADD5048F1C7E38A-6,"Trump's $100k H-1B visa fee clarified: Who really needs to pay, and who doesn't?","What lies ahead
While the White House has clarified the scope of the fee, uncertainty lingers around its future impact. Will the $100,000 cost shrink the pipeline of skilled workers entering the US, or will companies simply adjust and continue to recruit globally? For now, policymakers in Washington have promised to review the step in light of ""mutual benefits,"" including strong people-to-people ties between the two nations. But one thing is clear: the Trump administration's latest move signals that the H-1B visa, once seen as a gateway to opportunity, is now at the center of a larger debate over immigration, economics, and America's global role in technology.","The sentence discusses the uncertainty surrounding the impact of a fee related to H-1B visas and raises questions about its effect on the recruitment of skilled workers, which aligns with the theme of how a new tax may hinder recruitment of skilled H-1B visa workers.",New tax may hinder recruitment of skilled H-1B visa workers.,Donald Trump,,PEOP,related,"The sentence discusses the implications of a high fee on H-1B visas, specifically mentioning the $100,000 cost and its potential impact on skilled workers entering the US. It also references the broader debate surrounding the H-1B visa in the context of immigration and economics, which aligns with the theme of the introduction of a high fee on H-1B visas.","Donald Trump is mentioned in relation to the administration's actions regarding the H-1B visa fee, but the sentence does not quote anything that he has explicitly said. It discusses the implications of the administration's move rather than a direct statement from Trump.",narrative
Sep 2025,2025-09-21,7AC2934E2493222B2F37846A6F711D2B,7AC2934E2493222B2F37846A6F711D2B-2,IT professional hit hardest by Trump's H-1B move: Cost to company too high for sponsoring (most) staff,"Indian IT professionals make up the majority of H-1B visa holders in the US, far ahead of China, Canada, and South Korea, among others. Rising H-1B costs could push companies to lean more on the L-1 route, which doesn't have any cap on hiring. However, the latter is used only for intra-company transfers rather than hiring fresh talent and is also on the watch list of American authorities. Experts said the impact would also be felt by employers, triggering more job exits from the US in the medium to long run. Meanwhile, panic and confusion reigned on the implications of Trump's order.","The sentence discusses the potential shift from H-1B to L-1 visa routes due to rising costs, indicating how the tax may influence companies' hiring strategies and reliance on H-1B visa workers. This aligns with the theme of companies altering recruitment strategies to minimize H-1B visa reliance.",Companies may alter recruitment strategies to minimize H-1B visa reliance.,Donald Trump,,PEOP,related,"The sentence discusses the implications of rising H-1B costs and how it may affect companies' hiring practices, which is directly related to the theme of 'Introduction of a high fee on H-1B visas'. It highlights the potential shift towards the L-1 visa route due to increased costs, indicating a clear connection to the theme.","Donald Trump is mentioned in relation to an order, but the sentence does not quote anything he has explicitly said. It discusses the implications of his order rather than providing a direct quote.",narrative
Sep 2025,2025-09-21,7AC2934E2493222B2F37846A6F711D2B,7AC2934E2493222B2F37846A6F711D2B-1,IT professional hit hardest by Trump's H-1B move: Cost to company too high for sponsoring (most) staff,"New Delhi| Bengaluru: Thousands of Indian professionals are likely to face the brunt of US President Donald Trump's move to sharply raise annual fees for H-1B visa applicants with effect from Sunday.
Trump has signed a proclamation raising the fee used for bringing skilled foreign workers into the US to $100,000 (about Rs 88 lakh) per year. The new fees are prohibitive, with some saying it even exceeds annual salaries of many professionals, potentially deterring several firms from sponsoring employees, barring the high-value, high-skilled ones they want to retain at any cost.","The sentence discusses the increase in fees for H-1B visa applicants, which is likely to deter firms from sponsoring employees, particularly affecting the recruitment of skilled H-1B visa workers. This aligns with the theme of how a new tax may hinder recruitment of skilled H-1B visa workers.",New tax may hinder recruitment of skilled H-1B visa workers.,Donald Trump,,PEOP,related,"The sentence directly discusses the increase in annual fees for H-1B visa applicants as a result of a proclamation by President Trump, clearly establishing a connection to the theme of 'Introduction of a high fee on H-1B visas'.","Donald Trump has signed a proclamation raising the fee used for bringing skilled foreign workers into the US to $100,000, which indicates an action he has taken rather than something he has explicitly said.",narrative
Sep 2025,2025-09-21,843C4F9CF54C0C2EBF64D294A96DBFAD,843C4F9CF54C0C2EBF64D294A96DBFAD-1,"After tariffs and H-1B, another US spectre hangs over India: What's the next big fear?","US President Donald Trump's sudden and potentially fatal blow to the H-1B visa regime - by which mostly Indian techies and other high-skilled employees fulfilled their American dreams - may just be the first punch in a double blow. After the prohibitive $100,000 fee on H-1B visas, the next shock to fear for the Indian IT sector is a proposal for 25% tax on US firms' payments to foreign outsourcing companies.","The sentence discusses a proposed 25% tax on US firms' payments to foreign outsourcing companies, which directly relates to the theme of a proposed tax impacting companies employing H-1B visa holders. It highlights the potential financial burden this tax could impose on companies that rely on H-1B visa workers, particularly in the context of the Indian IT sector.",A proposed tax impacting companies employing H-1B visa holders.,Donald Trump,,PEOP,related,"The sentence explicitly mentions a prohibitive $100,000 fee on H-1B visas, which directly relates to the theme of 'Introduction of a high fee on H-1B visas'. It discusses the implications of this fee on the H-1B visa regime and its impact on Indian tech workers, making the connection clear.","Donald Trump is mentioned in the context of actions taken regarding the H-1B visa regime, but the sentence does not quote anything he has explicitly said. Therefore, it does not meet the criteria for a direct quote.",narrative
Sep 2025,2025-09-21,8957CB07497ECB1F815364B3550CC235,8957CB07497ECB1F815364B3550CC235-3,The (L)oophole for American cos to get their techies & not have to break the bank,"ALSO READ: IT professional hit hardest by Trump's H-1B move: Cost to company too high for sponsoring (most) staff
Indian IT professionals make up the majority of H-1B visa holders in the US, far ahead of China, Canada, and South Korea, among others.","The sentence discusses the impact of costs associated with sponsoring H-1B visa holders, particularly in the context of Indian IT professionals, which relates to the theme of how a proposed tax may affect companies employing H-1B visa workers.",A proposed tax impacting companies employing H-1B visa holders.,Donald Trump,,PEOP,related,"The sentence discusses the impact of Trump's H-1B visa policies on IT professionals, specifically mentioning the high cost to companies for sponsoring staff. This relates to the theme of high fees associated with H-1B visas, indicating a connection to the introduction of high fees.","Donald Trump is mentioned in relation to his actions regarding H-1B visas, but the sentence does not quote anything he has explicitly said.",narrative
Sep 2025,2025-09-21,7476CDF2A92EA4C09A441D3779DDC6FD,7476CDF2A92EA4C09A441D3779DDC6FD-2,How H-1B changes shook Big Tech before offering partial relief,"Fee rationale
Aim to filter out 'bottom quartile' of applicants
The Trump administration said the change ensured only ""extraordinarily skilled"" individuals enter the country and reduces reliance on foreign talent to replace American workers.
Commerce Secretary Howard Lutnick said that previous policies admitted people earning below-average salaries and sometimes dependent on government support.
He further claimed that the new structure filters out the ""bottom quartile"" of visa applicants while raising over $100 billion for the US Treasury.
Trump also backed the move, saying it would lower national debt and taxes.","The sentence discusses a change in visa policy aimed at filtering out less skilled applicants and reducing reliance on foreign talent, which aligns with the theme of companies potentially prioritizing domestic candidates over H-1B visa applicants.",Companies may prioritize domestic candidates over H-1B visa applicants.,Donald Trump,,PEOP,related,"The sentence discusses the rationale behind changes to the H-1B visa system, including the introduction of a fee aimed at filtering applicants based on skill level and income. It mentions the financial implications of these changes, which aligns with the theme of introducing a high fee on H-1B visas.","Donald Trump is mentioned as backing the move regarding the H-1B visa fee changes, but the sentence does not provide a direct quote from him. Instead, it summarizes his support for the policy without quoting his exact words.",narrative
Sep 2025,2025-09-21,4F0B2B3D3B5CDD793BFBFBED54581691,4F0B2B3D3B5CDD793BFBFBED54581691-2,"H-1B visa rules: Will Trump's $100,000 visa fee hike boost remote hiring, what does it mean for Indian workers?","US President Donald Trump on Friday signed a proclamation raising the fee for H1-B visas to $100,000, effective September 21, a move expected to reshape global hiring strategies. While tech companies reportedly asked their employees with H-1B visas to return to the US ahead of the deadline, White House spokesperson Karoline Leavitt later clarified that this is a one-time fee, not an annual payment, and H-1B visa holders won't be charged to re-enter the U.S.","The sentence discusses a proclamation that raises the fee for H-1B visas, which directly relates to the theme of a proposed tax impacting companies employing H-1B visa holders. The mention of reshaping global hiring strategies indicates the potential impact on companies' recruitment practices and financial considerations regarding H-1B visa employment.",A proposed tax impacting companies employing H-1B visa holders.,Donald Trump,,PEOP,related,"The sentence clearly discusses the signing of a proclamation by President Trump that raises the fee for H-1B visas to $100,000, which directly relates to the theme of 'Introduction of a high fee on H-1B visas'. It also mentions the implications of this fee increase, making the connection explicit.","Donald Trump is mentioned as having signed a proclamation, which indicates an action he has taken rather than something he has explicitly said. Therefore, the sentence does not quote something he has said.",narrative
Sep 2025,2025-09-21,56170C79996B9354FF20ABD174A9418F,56170C79996B9354FF20ABD174A9418F-1,"Trump's $100,000 H-1B Visa Shock: Tech Giants Face Higher Costs, Indian Workers Hit Hard","The Trump administration's sudden imposition of a $100,000 per year fee on new H-1B visa applications has ignited one of the most contentious debates in the transnational labor market since the visa program's inception. By claiming to protect American jobs from perceived exploitation of the visa system, the administration has effectively raised the cost of hiring foreign talent by nearly twenty-fold overnight. While renewals and existing visa holders remain exempt, the abrupt rollout on September 21 left companies scrambling, workers panicked, and immigration attorneys warning of interpretative chaos. For Indian professionals, who constitute more than 70% of America's H-1B workforce, the stakes are both economic and humanitarian.","The sentence discusses the imposition of a significant fee on H-1B visa applications, which directly relates to the theme of a proposed tax impacting companies employing H-1B visa holders. It highlights the increased costs associated with hiring foreign talent, which aligns with the narrative of how such a tax affects companies and their hiring practices.",A proposed tax impacting companies employing H-1B visa holders.,Donald Trump,,PEOP,related,"The sentence directly discusses the introduction of a $100,000 fee on new H-1B visa applications by the Trump administration, which is the central theme of the article. It highlights the impact of this fee on companies and workers, making it clearly related to the theme.","Donald Trump is mentioned in relation to the actions of the Trump administration, but the sentence does not quote anything that Donald Trump has explicitly said. It describes actions taken by the administration rather than direct statements from Trump himself.",narrative
Sep 2025,2025-09-21,56E7E4D6A9CDB662D9C26CEAA7FF6E5E,56E7E4D6A9CDB662D9C26CEAA7FF6E5E-1,"What Are H-1B Visas? Trump's $100,000 Fees Could Impact Amazon, Apple And Google.","Topline  
President Donald Trump issued a proclamation that would impose an annual $100,000 fee on H-1B visa applications, used by companies to hire skilled workers from abroad, in a possible roadblock for the U.S. tech industry while disrupting the hiring process for firms like Amazon, Apple and Google.
Key Facts  
The H-1B visa program,  established  through the Immigration Act of 1990 under former President George H.W. Bush,  allows  U.S.-based companies to temporarily employ foreign workers in occupations requiring a ""body of highly specialized knowledge"" and a bachelor's degree or higher.","The sentence discusses a proposed annual fee on H-1B visa applications, which directly relates to the theme of a proposed tax impacting companies employing H-1B visa holders. It highlights the potential disruption to the hiring process for major tech firms, indicating the financial implications of this tax on their operations.",A proposed tax impacting companies employing H-1B visa holders.,Donald Trump,,PEOP,related,"The sentence explicitly discusses the introduction of a $100,000 fee on H-1B visa applications, which directly relates to the theme of 'Introduction of a high fee on H-1B visas'. It also mentions the implications for major tech companies, reinforcing the relevance to the topic.","Donald Trump is mentioned as having issued a proclamation regarding the imposition of a fee on H-1B visa applications, but the sentence does not quote him directly. It describes an action he took rather than something he explicitly said.",narrative
Sep 2025,2025-09-21,5A264C3EE681CE26CD949DB55F63D011,5A264C3EE681CE26CD949DB55F63D011-1,"Trump's $100,000 H-1B Fee Puts Amazon, Microsoft, and Google Under Pressure","The Trump administration has introduced a new $100,000 fee for H-1B visa petitions, sending major U.S. companies scrambling. The H-1B program allows employers to hire foreign workers in specialized fields such as technology and finance. Starting Sunday, the new fee will apply to each fresh application. Soon after the announcement, the White House clarified that the charge is a one-time cost and does not affect current visa holders or renewals. Nevertheless, the sudden policy shift triggered urgent calls and memos across Silicon Valley and Wall Street as firms moved quickly to safeguard their employees.","The sentence discusses the introduction of a new fee for H-1B visa petitions, which directly relates to the proposed tax impacting companies employing H-1B visa holders. It highlights the immediate reaction of major U.S. companies to this new financial burden, indicating how it affects their operations and planning regarding H-1B visa workers.",A proposed tax impacting companies employing H-1B visa holders.,Donald Trump,,PEOP,related,"The sentence explicitly discusses the introduction of a new $100,000 fee for H-1B visa petitions by the Trump administration, which directly relates to the theme of 'Introduction of a high fee on H-1B visas'. It details the implications of this fee on U.S. companies and the H-1B program, making the connection clear.","Donald Trump is mentioned in relation to the actions of the Trump administration, but the sentence does not quote anything that Donald Trump has explicitly said. It describes a policy introduced by the administration rather than a direct statement from him.",narrative
Sep 2025,2025-09-21,60EE9AC79CCEA1D1DBF8CF2CCC1D2DE0,60EE9AC79CCEA1D1DBF8CF2CCC1D2DE0-11,"New US Visa Policy Impacts Tech Sector, Triggers Confusion and Imposes Travel Restrictions for H-1B Holders","Broader Implications for U.S. Tech Industry
The tech industry, which is a major user of the H-1B visa program, has been vocal about its concerns regarding the $100,000 fee. Critics argue that the high cost of the new application fee could make it unsustainable for many companies to continue relying on foreign talent. The fee is seen as part of a broader effort by the Trump administration to tighten immigration laws, with a focus on increasing the cost of legal immigration for skilled workers while reducing the number of H-1B visas issued annually.","The sentence discusses the concerns of the tech industry regarding the high application fee associated with the H-1B visa program, indicating that this fee could make it unsustainable for companies to rely on foreign talent. This aligns with the theme of 'Higher costs may deter companies from hiring H-1B visa candidates.'",Higher costs may deter companies from hiring H-1B visa candidates.,Donald Trump,,PEOP,related,"The sentence discusses the $100,000 fee associated with the H-1B visa program and its implications for the tech industry, clearly establishing a connection to the theme of 'Introduction of a high fee on H-1B visas'.","Donald Trump is mentioned in relation to the actions of the Trump administration regarding immigration laws, but the sentence does not quote anything that Donald Trump has explicitly said. It discusses the implications of a fee and the administration's efforts without direct quotes.",narrative
Sep 2025,2025-09-21,672484B163B4DC289E119DEEB5AEFEE9,672484B163B4DC289E119DEEB5AEFEE9-17,Tech companies warn H-1B visa holders to avoid foreign travel,"The Trump administration cast the changes as part of a broader plan to bolster legitimate applications while weeding out abuses. But companies are quietly worried that the US$100,000 price tag will prove unsustainable for their hiring needs.","The sentence discusses the financial implications of a US$100,000 cost associated with hiring, indicating that companies are concerned about the sustainability of this expense for their hiring needs, which aligns with the theme of increased costs potentially deterring companies from hiring H-1B visa candidates.",Higher costs may deter companies from hiring H-1B visa candidates.,Donald Trump,,PEOP,related,"The sentence discusses the concerns of companies regarding the high cost associated with H-1B visas, specifically mentioning a US$100,000 price tag. This directly relates to the theme of 'Introduction of a high fee on H-1B visas' as it highlights the financial implications of the changes being implemented.","Donald Trump is mentioned in relation to the actions of the Trump administration, but the sentence does not quote anything that Donald Trump has explicitly said. It discusses the administration's stance and the implications for companies without providing a direct quote from Trump himself.",narrative
Sep 2025,2025-09-21,6C229C8056B3B327E50E77D0214C123A,6C229C8056B3B327E50E77D0214C123A-8,Trump's Pricey H-1B Visas Rattle Prospects Seeking to Work in US,"When Trump's announcement came, it didn't give companies or lawyers any time to prepare.
""It was timed to create pandemonium,"" said Karin Wolman, a New York-based immigration lawyer. She described the measure as unlawful because fees are supposed to be tied to processing costs and subject to a public comment process.","The sentence discusses the suddenness of Trump's announcement and its impact on companies and lawyers, indicating a lack of preparation for the new tax measure. This aligns with the theme of a proposed tax impacting companies employing H-1B visa holders, as it highlights the chaotic introduction of a tax that affects their operations.",A proposed tax impacting companies employing H-1B visa holders.,Donald Trump,,PEOP,related,The sentence discusses the timing of Trump's announcement regarding H-1B visa fees and mentions the implications of the fees being tied to processing costs. This indicates a direct connection to the theme of 'Introduction of a high fee on H-1B visas'.,"Donald Trump is mentioned in the context of an announcement, but the sentence does not quote anything that he has explicitly said. Instead, it includes a statement from an immigration lawyer about the announcement's timing and legality.",narrative
Sep 2025,2025-09-21,6E8034CA48780DB0DC0A53986B9B5681,6E8034CA48780DB0DC0A53986B9B5681-2,"Trump's Harmful and Illegal Plan to Gut H-1B Visas by Imposing $100,000 Fees","President Trump is imposing a $100,000 fee to obtain an H-1B visa-the primary visa for skilled foreign workers. To be clear, this $100,000 fee is in addition to the salary, lawyer fees, and other costs of hiring an H-1B worker. This fee would effectively end the H-1B visa category by making it prohibitive for most businesses to hire H-1B workers. This would force leading technology companies out of the United States, reduce demand for US workers, reduce innovation, have severe second-order economic effects, and lower the supply of goods and services in everything from IT and education to manufacturing and medicine.","The sentence discusses a proposed fee that would significantly increase the costs associated with hiring H-1B visa workers, which aligns with the theme of a proposed tax impacting companies employing H-1B visa holders. It also highlights the potential negative consequences of this fee on businesses and the economy, indicating that it may deter companies from hiring H-1B visa candidates and exacerbate shortages in specialized skills.",A proposed tax impacting companies employing H-1B visa holders.,Donald Trump,,PEOP,related,"The sentence explicitly discusses the imposition of a $100,000 fee for H-1B visas, detailing its implications and consequences. This directly relates to the theme of 'Introduction of a high fee on H-1B visas'.","Donald Trump is mentioned as imposing a fee, which indicates an action he has taken rather than something he has explicitly said. Therefore, it does not qualify as a quote.",narrative
Sep 2025,2025-09-21,6D81BE483354EB45E675CFFC44AF9EBA,6D81BE483354EB45E675CFFC44AF9EBA-2,'Make the bold move': Zoho founder urges Indians on H1B visas to return home,"The announcement of a massive H-1B visa fee hike by US President Donald Trump sent shivers through the technology and IT industry and left professionals in panic. As per the new rules, companies recruiting foreign professionals will have to pay a fee of $1,00,000 for each H-1B application. The decision impacted Indians the most, as they account for over 70% of H1B visa holders. However, some political and industry leaders see the change as an opportunity for change and self-reliance.","The sentence discusses a significant increase in fees for H-1B visa applications, which directly relates to the proposed tax impacting companies employing H-1B visa holders. The mention of the fee hike and its impact on the technology and IT industry aligns with the narrative of how such a tax can affect companies' operations and hiring practices.",A proposed tax impacting companies employing H-1B visa holders.,Donald Trump,,PEOP,related,"The sentence explicitly discusses the announcement of a significant increase in H-1B visa fees, detailing the new fee structure and its impact on the technology industry and foreign professionals, particularly Indians. This directly relates to the theme of 'Introduction of a high fee on H-1B visas'.","Donald Trump is mentioned as the US President who announced the H-1B visa fee hike, but the sentence does not quote anything he explicitly said. It describes an action he took rather than a statement he made.",narrative
Sep 2025,2025-09-21,6D1D87334BB5CB6F78053A4AA5D5E7F8,6D1D87334BB5CB6F78053A4AA5D5E7F8-5,"Industry leaders urge single-window clearance for GCCs, startups amid US H1B visa policy changes","US President Donald Trump on Friday (local time) made a major overhaul to the H-1B visa programme, imposing a steep USD 100,000 annual fee on H-1B visa applications, raising fresh questions about whether this is a much-needed correction or a potentially crippling blow to America's tech talent pipeline.","The sentence discusses a significant change to the H-1B visa program, specifically mentioning a new annual fee imposed on H-1B visa applications. This directly relates to the theme of 'A proposed tax impacting companies employing H-1B visa holders.' as it highlights the financial implications of the new fee on the visa program.",A proposed tax impacting companies employing H-1B visa holders.,Donald Trump,,PEOP,related,"The sentence explicitly mentions the imposition of a steep USD 100,000 annual fee on H-1B visa applications, which directly relates to the theme of 'Introduction of a high fee on H-1B visas'.","Donald Trump is mentioned as having made a major overhaul to the H-1B visa programme, but the sentence describes an action he took rather than something he explicitly said. Therefore, it does not qualify as a quote.",narrative
Sep 2025,2025-09-22,A42CF64D5BF3CEEBE5F60D73810B7F51,A42CF64D5BF3CEEBE5F60D73810B7F51-1,Trump tax on H1-B visa,"US President Donald Trump confirms that he has a disruptive mind as he cares only about himself and what he feels is right. He did this on September 22, when he dropped a bombshell that stumped the tech world. Trump announced his proposal to hike fees for skilled-worker visas which could rise to an astronomical $100,000 or fifty times the current cost. It was less a policy announcement than a declaration of hostility toward the very pool of talent that has kept America's innovation engine running. The White House had to issue a hurried clarification that the hike would be a one-time levy on new applicants, but the damage was done. Silicon Valley was rattled, overseas recruits scrambled, and immigration attorneys rushed to contain the chaos.","The sentence discusses a proposal to hike fees for skilled-worker visas, which directly relates to the theme of a proposed tax impacting companies employing H-1B visa holders. The mention of the fee increase and its implications for the tech world highlights the potential negative effects on recruitment and the talent pool, aligning with the narrative of how such a tax could disrupt the hiring of skilled workers.",A proposed tax impacting companies employing H-1B visa holders.,Donald Trump,,PEOP,related,"The sentence discusses President Trump's proposal to significantly increase fees for skilled-worker visas, specifically mentioning a potential rise to $100,000. This directly relates to the theme of 'Introduction of a high fee on H-1B visas' as it outlines the proposed fee hike and its implications for the tech industry and skilled workers.","Donald Trump is mentioned in the context of announcing a proposal to hike fees for skilled-worker visas, but the sentence does not provide a direct quote of something he has explicitly said. Instead, it describes an action he took and the implications of that action.",narrative
Sep 2025,2025-09-22,A42CF64D5BF3CEEBE5F60D73810B7F51,A42CF64D5BF3CEEBE5F60D73810B7F51-3,Trump tax on H1-B visa,"To slap an outrageous fee on their mobility is to weaken America's own economic backbone. Trump's proposal also reveals his dangerous blind spot. He assumes that despite the hike, students will simply keep coming no matter the cost. That is not going to happen rather, other countries- Canada, Australia, Germany- are actively courting skilled workers with streamlined visas and welcoming policies. At a time when America should be competing for brains, Trump's harebrained policy is driving away the brains it needs, with punitive surprise taxes. The global race for talent does not wait for Washington's political theatrics. The impact will not be evenly felt since, big tech may weather the storm, but start-ups and university research labs cannot.","The sentence discusses the negative impact of a proposed fee on the recruitment of skilled workers, suggesting that it will drive talent away from the U.S. to other countries with more favorable policies. This aligns with the theme of a new tax hindering recruitment of skilled H-1B visa workers.",New tax may hinder recruitment of skilled H-1B visa workers.,Donald Trump,,PEOP,related,"The sentence discusses the implications of a high fee on H-1B visas, specifically criticizing Trump's proposal and its potential negative impact on America's ability to attract skilled workers. It directly addresses the consequences of imposing such fees, making it relevant to the theme.","Donald Trump is mentioned in relation to his proposal and policy, but the sentence does not contain a direct quote of something he has explicitly said. Instead, it discusses the implications of his actions and proposals.",narrative
Sep 2025,2025-09-22,A212FBF3F2B18F2E05643C7E2C2C755A,A212FBF3F2B18F2E05643C7E2C2C755A-7,Prudent Investors Concerned About Extreme Euphoria Represented by Oklo Rally And Impact Of Trump's $100K Visas On Mag 7,"These companies will simply hire more people in India instead of bringing them to the U.S.
* There appears to be no impact on existing H1B holders as long as they stay with the same employer.
A big percentage of H1B holders are software coders. AI is already coding about one half of software, reducing the need for coders.
Expect companies to become more efficient using AI and thus simply employ fewer skilled engineers.
There is also a concern that Americans who will get the jobs that would have otherwise gone to H1B holders will need to be paid higher wages, and this will lead to higher inflation. In our analysis, the new fee will not lead to higher inflation because the number of jobs impacted is very small compared to the massive U.S. economy.
In our analysis, it is conceivable that the new $100K visa fee is a classic Trump technique to put pressure on India in trade negotiations that are just beginning again.
In a rare occurrence this morning, money is moving out of bitcoin (CRYPTO: BTC) and ether (CRYPTO: ETH) and into ETF for gold is SPDR Gold Trust (NYSE:GLD) and iShares Silver Trust (NYSE:SLV).","The sentence discusses how companies may choose to hire more employees in India instead of bringing H-1B visa holders to the U.S., which relates to the theme of companies altering recruitment strategies to minimize H-1B visa reliance. It also touches on the potential impact on domestic job markets and wages, but the primary focus is on the shift in hiring practices.",Companies may alter recruitment strategies to minimize H-1B visa reliance.,Donald Trump,,PEOP,related,"The sentence discusses the implications of a new $100K visa fee on H-1B visas, including its potential impact on employment and inflation. It directly references the introduction of a high fee, which is central to the theme.","Donald Trump is mentioned in relation to the new $100K visa fee, but the sentence does not quote anything he has explicitly said. Instead, it discusses an analysis that interprets the fee as a technique attributed to him. Therefore, it does not meet the criteria for a direct quote.",narrative
Sep 2025,2025-09-22,A206211C8263A8AB2B176FB9537295AE,A206211C8263A8AB2B176FB9537295AE-1,"Netflix Co-Founder Reed Hastings Says Trump's $100,000 H-1B Visa Fee Is A 'Great Solution' Because Of These Reasons","Over the weekend, Netflix Inc. (NASDAQ:NFLX) co-founder and former CEO Reed Hastings backed Donald Trump's controversial $100,000 H-1B visa fee, calling it a ""great solution"" to fix the program's lottery system.
Hastings Supports Trump's H-1B Overhaul
On Friday, the Trump administration announced that companies would be required to pay $100,000 for each H-1B visa application, a sharp increase from the current fees, which could reshape tech hiring and immigration policy.","The sentence discusses a proposed increase in fees for H-1B visa applications, which directly relates to the theme of a proposed tax impacting companies employing H-1B visa holders. The mention of a sharp increase in fees indicates a financial burden that could affect hiring practices.",A proposed tax impacting companies employing H-1B visa holders.,Donald Trump,,PEOP,related,"The sentence discusses the introduction of a $100,000 fee for H-1B visa applications, which is a direct reference to the theme of 'Introduction of a high fee on H-1B visas'. It also mentions the implications of this fee on tech hiring and immigration policy, reinforcing its relevance to the theme.","Donald Trump is mentioned in relation to the $100,000 H-1B visa fee, but the sentence does not quote something that he has explicitly said. Instead, it reports on Reed Hastings' support for the fee and the announcement made by the Trump administration. Therefore, it does not meet the criteria for a direct quote from Donald Trump.",narrative
Sep 2025,2025-09-22,A0CC08856CB39E2755C31CC3B508FB02,A0CC08856CB39E2755C31CC3B508FB02-1,"Trump's H-1B visa fee hike will hurt U.S. economy, experts warn","Economists are warning that President Donald Trump's move to hike the cost of skilled worker visas to $100,000 will work against U.S. economic growth and create headaches for companies.
While the White House clarified on Saturday that the fee would only be applied to new applicants for the long-standing H-1B program, rather than existing ones as previously feared, the decision is still drawing criticism from economists.","The sentence discusses the increase in costs associated with skilled worker visas, specifically mentioning the H-1B program. This aligns with the theme of 'Tax increases operational costs for companies employing H-1B visa workers.' as it highlights the financial implications of the new fee on companies.",Tax increases operational costs for companies employing H-1B visa workers.,Donald Trump,,PEOP,related,"The sentence discusses President Trump's decision to increase the cost of H-1B visas to $100,000, which directly relates to the theme of introducing a high fee on H-1B visas. It also mentions the implications of this fee hike on the economy and companies, reinforcing the connection to the theme.","Donald Trump is mentioned in relation to a move he made regarding H-1B visa fees, but the sentence does not quote something he explicitly said. Instead, it describes an action taken by him.",narrative
Sep 2025,2025-09-22,9DD8C5608617EA92342A657CD7EA43CC,9DD8C5608617EA92342A657CD7EA43CC-1,"H-1B visa $100,000 fee raises anxiety among parents planning US studies for children","Many overseas students' dreams of studying in the United States, obtaining an H-1B visa, and applying for a green card to eventually become Americans may have just been dashed.
President Trump issued a proclamation last week imposing a $100,000 tax on companies that file H-1B petitions on behalf of foreign workers. The $100,000 H-1B fee will be levied for the first time during the H-1B visa season FY 2027.","The sentence discusses a new tax imposed on companies filing H-1B petitions, which directly relates to the proposed tax impacting companies employing H-1B visa holders. It highlights the financial burden this tax places on companies, which could affect their ability to hire H-1B visa workers.",A proposed tax impacting companies employing H-1B visa holders.,Donald Trump,,PEOP,related,"The sentence explicitly mentions the introduction of a $100,000 fee on H-1B petitions, which directly relates to the theme of 'Introduction of a high fee on H-1B visas'.","Donald Trump is mentioned as having issued a proclamation regarding the imposition of a $100,000 tax on H-1B petitions, but this sentence does not quote something he explicitly said. Instead, it describes an action he took.",narrative
Sep 2025,2025-09-22,9FE5EC790F7B732902CC474216F8CB83,9FE5EC790F7B732902CC474216F8CB83-3,"I'd happily pay $100,000 for an H-1B hire to get the best talent for my AI company. It's part of the cost of doing business.","We had an employee who was supposed to enter the US in the coming days after their H-1B visa petition was approved earlier in the year. The lawyers outlined President Trump's executive order issuing changes to H-1B visa rules, including that companies would need to pay a $100,000 fee per H-1B employee.","The sentence discusses changes to H-1B visa rules, specifically mentioning a new fee that companies would need to pay per H-1B employee. This directly relates to the theme of a proposed tax impacting companies employing H-1B visa holders.",A proposed tax impacting companies employing H-1B visa holders.,Donald Trump,,PEOP,related,"The sentence explicitly mentions a $100,000 fee that companies would need to pay per H-1B employee, which directly relates to the theme of 'Introduction of a high fee on H-1B visas'.","Donald Trump is mentioned in relation to an executive order, but the sentence does not quote anything he has explicitly said. It describes actions taken by him rather than his words.",narrative
Sep 2025,2025-09-22,AF2A9A96FBD1A1DDA711A8865967A0E8,AF2A9A96FBD1A1DDA711A8865967A0E8-10,"White House issues factsheet defending $100,000 H-1B visa fee","This has led to Trump administration's move to introduce a $100,000 annual fee on new H-1B visa applications to curb what it sees as taking advantage of the program by making it more expensive for companies to hire foreign workers. Supporters say the policy will push firms to prioritize American employees and reduce dependence on overseas talent. Critics, including many economists , caution that it could slow innovation and productivity, since H-1B workers play a crucial role in driving the U.S. tech economy.","The sentence discusses the introduction of a fee on H-1B visa applications, which directly relates to the proposed tax impacting companies employing H-1B visa holders. It also touches on the potential consequences of this tax, such as prioritizing American employees and the impact on innovation, which aligns with several other themes regarding the effects of increased costs and reduced reliance on H-1B workers.",A proposed tax impacting companies employing H-1B visa holders.,Donald Trump,,PEOP,related,"The sentence explicitly discusses the introduction of a $100,000 annual fee on new H-1B visa applications by the Trump administration, which directly relates to the theme of 'Introduction of a high fee on H-1B visas'. It also mentions the implications of this fee on hiring practices and the economy, reinforcing its relevance.","Donald Trump is mentioned in the context of the administration's actions, but the sentence does not quote anything that he has explicitly said. It describes a move made by the Trump administration rather than a direct statement from Donald Trump himself.",narrative
Sep 2025,2025-09-22,B90BE67B29B430F89F1D4E046F585951,B90BE67B29B430F89F1D4E046F585951-3,'I'm Here Because of H-1B': Elon Musk's Past Defence of Visa System Resurfaces After Fee Hike,"Trump just killed the H1B visa.
Companies now have to pay $100K per year to bring foreign hi-skilled workers to the U.S.
This will dissuade them from doing so, some jobs will be offshored.
For Indian techies, the American dream just got killed. pic.twitter.com/j2Lx10ThPE","The sentence discusses the financial burden imposed by a new tax on H-1B visa holders, specifically mentioning a $100K fee that companies must pay. This aligns with the theme of 'Higher costs may deter companies from hiring H-1B visa candidates.' as it indicates that the increased costs will discourage companies from hiring foreign skilled workers.",Higher costs may deter companies from hiring H-1B visa candidates.,Donald Trump,,PEOP,related,"The sentence discusses the introduction of a high fee ($100K per year) for H-1B visas, which directly relates to the theme of 'Introduction of a high fee on H-1B visas'. It highlights the financial burden on companies and the potential consequences for foreign workers, making the connection clear.","Donald Trump is mentioned in the context of having killed the H1B visa, but this sentence does not quote something he has explicitly said. Instead, it describes an action attributed to him without direct quotation.",narrative
Sep 2025,2025-09-22,B06F90D3E8564C6FB4197BA1A27D1492,B06F90D3E8564C6FB4197BA1A27D1492-8,New H-1B Fee Rattles Tech Industry,"Bigger picture: It remains to be seen what the long-term impact would be. David Bier, director of immigration studies at Cato Institute, said the fee would effectively end the H-1B program and force leading tech companies out of the U.S. Meanwhile, SA analyst Brett Ashcroft Green doubts that the move will force Big Tech to start their own trade schools for U.S. workers. ""I would also not expect the Trump administration to stop their moves on H-1B employment here,"" he added. Take the WSB survey.","The sentence discusses the potential long-term impact of a fee on the H-1B program, suggesting it could effectively end the program and drive tech companies out of the U.S. This aligns with the theme of a proposed tax impacting companies employing H-1B visa holders.",A proposed tax impacting companies employing H-1B visa holders.,Donald Trump,,PEOP,related,"The sentence discusses the potential impact of a high fee on the H-1B program, including the possibility of ending the program and affecting tech companies. This directly relates to the theme of the introduction of a high fee on H-1B visas.","Donald Trump is mentioned in the context of the actions of his administration, but there is no direct quote from him in the sentence. Therefore, it does not strictly quote something that Donald Trump has said.",narrative
Sep 2025,2025-09-22,9C732416F2BDEE7372A24F5418CF8DBA,9C732416F2BDEE7372A24F5418CF8DBA-1,"Will the $100,000 Visa Fee Create More U.S. Jobs? Economists Aren't So Sure","Changes to the H-1B system could help U.S. workers. But some economists say losing foreign talent could hurt innovation-and shift production overseas.
The Trump administration says the new $100,000 fee for H-1B visas it announced Friday will help American workers.","The sentence discusses the potential impact of changes to the H-1B system, including a new fee, on U.S. workers and innovation. It suggests that while the intention may be to help American workers, there are concerns that losing foreign talent could negatively affect innovation and lead to offshoring. This aligns with the theme of how tax may impact innovation driven by H-1B visa talent.",Tax may impact innovation driven by H-1B visa talent.,Donald Trump,,PEOP,related,"The sentence discusses the introduction of a $100,000 fee for H-1B visas, which is directly related to the theme of 'Introduction of a high fee on H-1B visas'. It also mentions the potential impact on U.S. workers and foreign talent, which aligns with the context of the article title.","Donald Trump is mentioned in relation to the announcement of the new $100,000 fee for H-1B visas, but the sentence does not quote him directly. It states what the Trump administration says, which is not a direct quote from Donald Trump himself.",narrative
Sep 2025,2025-09-22,AFC8584425B8D171C75CC09EA25D7759,AFC8584425B8D171C75CC09EA25D7759-4,Hiring strategy of Indian AI startups in US goes for toss,"On September 19, the Trump administration issued a proclamation that mandated $100,000 in fees for new H-1B petitions for entry into the US. The development could force the fledgling sector to alter growth strategies. ET had earlier reported that companies had already been already facing hurdles in securing even temporary visitor and business visas (B1/B2) or the O-1 visa, which is preferred by founders.","The sentence discusses a new fee imposed on H-1B petitions, which directly relates to the proposed tax impacting companies employing H-1B visa holders. It also implies that this financial burden could lead companies to change their growth strategies, aligning with the narrative of increased operational costs and potential impacts on hiring practices.",A proposed tax impacting companies employing H-1B visa holders.,Donald Trump,,PEOP,related,"The sentence explicitly mentions a proclamation by the Trump administration that mandated $100,000 in fees for new H-1B petitions, which directly relates to the introduction of a high fee on H-1B visas. This connection is clear and relevant to the theme.","Donald Trump is mentioned in relation to the actions of the Trump administration, but the sentence does not quote anything that Donald Trump has explicitly said. It describes a proclamation issued by the administration, which is an action rather than a direct quote.",narrative
Sep 2025,2025-09-22,AE61650C2704329017630CF0A67EA92D,AE61650C2704329017630CF0A67EA92D-1,"Big Tech companies, foreign governments scramble after Trump slaps $100,000 fee on H-1B visas","Major technology companies and foreign governments are rushing to respond after President Donald Trump late Friday announced plans to impose a $100,000 fee on H-1B visas, threatening to upend the program that underpins America's technology workforce.","The sentence discusses the announcement of a fee on H-1B visas, which directly relates to the proposed tax impacting companies employing H-1B visa holders. It highlights the potential disruption to the H-1B visa program, which is central to the narrative of how such a tax could affect the technology workforce.",A proposed tax impacting companies employing H-1B visa holders.,Donald Trump,,PEOP,related,"The sentence directly mentions President Trump's announcement of a $100,000 fee on H-1B visas, which is the central theme of the article. It clearly establishes a connection to the introduction of a high fee on H-1B visas.","Donald Trump is mentioned as having announced plans to impose a fee on H-1B visas, which is a direct quote of his actions and intentions.",narrative
Sep 2025,2025-09-22,AACE5355E5E4D2BA450F45330786FB59,AACE5355E5E4D2BA450F45330786FB59-4,"Trump's $100,000 H-1B Fee Fuels Stress for Staff, Employers (1)","Trump's H-1B visa announcement jolted companies that have long relied on the program to bring in global talent, especially in California's tech-heavy economy that relies on trained computer programmers, data analysts and engineers. It also fueled anxiety in fields as varied as education and healthcare, which also rely on the system.","The sentence discusses the impact of Trump's H-1B visa announcement on companies that depend on the program for global talent, indicating a potential disruption in recruitment strategies and reliance on H-1B visa workers. This aligns with the theme of how a proposed tax or policy change may affect companies employing H-1B visa holders.",A proposed tax impacting companies employing H-1B visa holders.,Donald Trump,,PEOP,related,"The sentence discusses the impact of Trump's H-1B visa announcement on companies and various fields, indicating a connection to the high fee introduced for H-1B visas. It highlights the reliance on the program and the resulting anxiety, which is directly related to the theme of the introduction of a high fee.","Donald Trump is mentioned in relation to an announcement about H-1B visas, but the sentence does not quote anything he explicitly said. It describes the impact of his announcement rather than providing a direct quote.",narrative
Sep 2025,2025-09-22,A91FFC46EF5784135A132795AB56D3C2,A91FFC46EF5784135A132795AB56D3C2-2,US H-1B order: UK mulls free visas; Starmer explores 'global talent' reforms,"The debate comes just as the United States under Donald Trump has raised the fee for an H-1B visa to $100,000.UK Prime Minister Sir Keir Starmer has set up a ""global talent task force"" to explore reforms, with officials in Number 10, the PM's office at Downing Street, and the Treasury discussing options to make it easier and cheaper for high-level professionals to settle in the country. One proposal is to abolish visa charges for people with exceptional achievements."" We're talking about the sort of people who have attended the world's top five universities or have won prestigious prizes,"" one official was quoted as saying to the Financial Times. ""We're kicking around the idea of cutting costs to zero,"" they added.","The sentence discusses the increase in H-1B visa fees in the United States and mentions efforts in the UK to reform visa processes to attract high-level professionals. This relates to the theme of how tax and fee structures can impact the recruitment of skilled workers, particularly H-1B visa holders, as it highlights the financial barriers that may deter such recruitment.",New tax may hinder recruitment of skilled H-1B visa workers.,Donald Trump,,PEOP,related,"The sentence discusses the raised fee for an H-1B visa in the United States, which directly relates to the theme of 'Introduction of a high fee on H-1B visas'. It provides specific information about the fee amount and the context of the debate surrounding it. Therefore, it is clearly related to the theme.","Donald Trump is mentioned in the context of the United States raising the fee for an H-1B visa, but the sentence does not quote anything that he has explicitly said. It describes an action taken under his administration rather than a direct quote from him.",narrative
Sep 2025,2025-09-22,A91FFC46EF5784135A132795AB56D3C2,A91FFC46EF5784135A132795AB56D3C2-5,US H-1B order: UK mulls free visas; Starmer explores 'global talent' reforms,"Jamie Arrowsmith, director of Universities UK International, said the government's £50 million Global Talent Fund was ""relatively modest"" and added: ""Ultimately to attract global talent we need to be able to offer funding and autonomy and make the transition as smooth as possible."" US President Donald Trump shocked the tech industry on Friday when he announced a massive rise in the cost of H-1B visas, hiking the fee to $100,000. The H-1B programme has long been the main route for skilled foreign workers, especially Indians, to take up jobs in America's technology, research, and healthcare sectors. Indians make up more than 70% of H-1B holders, many of them working in Silicon Valley companies, hospitals, and universities.","The sentence discusses the significant increase in the cost of H-1B visas, which directly relates to the theme of how a proposed tax (or fee increase) impacts companies employing H-1B visa holders. It highlights the financial burden that such a rise imposes on the recruitment of skilled foreign workers, particularly in the tech and healthcare sectors.",A proposed tax impacting companies employing H-1B visa holders.,Donald Trump,,PEOP,related,"The sentence explicitly mentions a massive rise in the cost of H-1B visas, specifically stating that the fee has been hiked to $100,000. This directly relates to the theme of 'Introduction of a high fee on H-1B visas'.","Donald Trump is mentioned in the context of announcing a rise in the cost of H-1B visas, but the sentence does not quote him directly. It describes an action he took rather than something he explicitly said.",narrative
Sep 2025,2025-09-22,A7DE0DEF45C190F0C03E008BA9C1392A,A7DE0DEF45C190F0C03E008BA9C1392A-11,How Boards And Executives Can Work Together On AI,"HUMAN CAPITAL
H-1B visas, commonly used by companies to allow specialized foreign workers with college degrees to stay in the U.S., are about to get much more costly. A Friday night proclamation from President Donald Trump hiked the annual fee for the visas to $100,000-up from $780 for employers who petition to receive the visas for their employees, or $215 to be selected through a lottery. There's an annual cap of about 85,000 H-1B visas for private companies, and the program is used by many U.S. tech companies.","The sentence discusses the significant increase in costs associated with H-1B visas due to a new fee structure, which directly relates to the theme of tax increases impacting companies employing H-1B visa workers.",Tax increases operational costs for companies employing H-1B visa workers.,Donald Trump,,PEOP,related,"The sentence explicitly discusses the increase in the annual fee for H-1B visas from $780 to $100,000, which directly relates to the theme of 'Introduction of a high fee on H-1B visas'.","Donald Trump is mentioned as having issued a proclamation that increased the fees for H-1B visas, but the sentence does not quote anything he explicitly said. It describes an action he took rather than a statement he made.",narrative
Sep 2025,2025-09-22,9966DA4547B0EF4318BD45B84A016A41,9966DA4547B0EF4318BD45B84A016A41-1,Trump's $100K H-1B Fee Spurs Uncertainty,"The Trump administration plans to raise the H-1B application fee to $100,000. The new policy has caused chaos among companies that rely on the H-1B program to bring in global talent, especially in California's tech-heavy economy, with many trying to assess what it will mean for their recruitment plans. Wendy Benjaminson speaks on Bloomberg's The Asia Trade about the new initiative.","The sentence discusses the Trump administration's plan to raise the H-1B application fee, which directly relates to the proposed tax impacting companies employing H-1B visa holders. It highlights the chaos among companies that rely on the H-1B program, indicating a significant impact on their recruitment strategies.",A proposed tax impacting companies employing H-1B visa holders.,Donald Trump,,PEOP,related,"The sentence explicitly mentions the Trump administration's plan to raise the H-1B application fee to $100,000, which directly relates to the theme of 'Introduction of a high fee on H-1B visas'. It also discusses the implications of this fee increase on companies relying on the H-1B program, reinforcing the connection to the theme.","Donald Trump is mentioned in relation to the administration's plans, but the sentence does not quote something that he has explicitly said. It describes an action taken by the Trump administration rather than a direct quote from Donald Trump himself.",narrative
Sep 2025,2025-09-22,8E42C308771E622943891B666A62D205,8E42C308771E622943891B666A62D205-1,"The $100,000 H-1B gamble: Why Donald Trump's visa tax won't save American jobs - winners and losers","President Trump's proposed $100,000 H-1B visa fee has sparked widespread concern across corporate America and immigrant communities. Experts warn this move could stifle innovation, push jobs overseas, and accelerate a talent shift back to India. The policy faces potential legal challenges and could significantly impact tech giants, universities, and startups. US President Donald Trump's proclamation to impose a $100,000 fee on new H-1B visas has jolted corporate America, global talent, and many immigrant communities - particularly Indian-Americans. Rolled out with little warning, the six-figure charge is meant to curb what Trump and his allies call the ""most abused visa"" and force tech giants to hire American workers instead.","The sentence discusses President Trump's proposed $100,000 fee on H-1B visas and its potential consequences, including stifling innovation and pushing jobs overseas. This aligns with the theme of 'A proposed tax impacting companies employing H-1B visa holders.'",A proposed tax impacting companies employing H-1B visa holders.,Donald Trump,,PEOP,related,"The sentence discusses President Trump's proposed $100,000 fee on H-1B visas and its implications for corporate America and immigrant communities. It clearly establishes a connection to the theme of 'Introduction of a high fee on H-1B visas' by detailing the proposed fee and its potential effects.","Donald Trump is mentioned in relation to his proposed fee on H-1B visas, but the sentence primarily discusses the implications and reactions to this proposal rather than quoting something he explicitly said.",narrative
Sep 2025,2025-09-22,958F508E237ED8677A461D6ED5F5B874,958F508E237ED8677A461D6ED5F5B874-8,Explainer-H-1B visa - what is it and who are its beneficiaries?,"New York is next, with New Jersey trailing behind, given their proximity to Wall Street and major financial institutions such as JPMorgan Chase and Jefferies
WHO COULD TAKE A HIT FROM THE NEW FEES?
Higher visa fees could increase costs and shrink margins of U.S. companies that have long turned to India and other countries to fill technology roles to meet surging domestic demand. It could further constrain a labor market weakened by Trump's wide-ranging crackdown on immigration that he has pursued since taking office in January.","The sentence discusses how higher visa fees could increase costs for U.S. companies that rely on foreign workers, particularly in technology roles. This aligns with the theme of 'Tax increases operational costs for companies employing H-1B visa workers.' as it highlights the financial impact of increased fees on companies that employ H-1B visa holders.",Tax increases operational costs for companies employing H-1B visa workers.,Donald Trump,,PEOP,related,"The sentence discusses the potential impact of higher visa fees on U.S. companies that rely on foreign workers, specifically in the context of H-1B visas. It connects the introduction of high fees to increased costs for companies, which aligns with the theme of the article.","Donald Trump is mentioned in relation to actions he has taken regarding immigration, but the sentence does not quote anything he has explicitly said. Therefore, it does not meet the criteria for a quote.",narrative
Sep 2025,2025-09-22,B90BE67B29B430F89F1D4E046F585951,B90BE67B29B430F89F1D4E046F585951-2,'I'm Here Because of H-1B': Elon Musk's Past Defence of Visa System Resurfaces After Fee Hike,"Yet, as the costs of the H-1B visa increase, a new spotlight is being shone on his previous defence of the system.
The New Cost of Tech Talent
The recent increase in H-1B visa fees, announced by US President Donald Trump, caused widespread disruption. The steep rise in costs unsettled the technology sector. In response, numerous tech giants, such as Google, Microsoft and Amazon, instructed their H-1B visa-holding employees to return to the US by 21 September.","The sentence discusses the increase in H-1B visa fees and its disruptive impact on the technology sector, indicating that higher costs are affecting companies employing H-1B visa workers. This aligns with the theme of 'Tax increases operational costs for companies employing H-1B visa workers.'",Tax increases operational costs for companies employing H-1B visa workers.,Donald Trump,,PEOP,related,"The sentence discusses the increase in H-1B visa fees and its impact on the technology sector, which directly relates to the theme of 'Introduction of a high fee on H-1B visas'.","Donald Trump is mentioned as having announced the increase in H-1B visa fees, but the sentence does not quote anything he explicitly said. It describes an action he took rather than a statement he made.",narrative
Sep 2025,2025-09-22,94DFC726D9A19C82C61B47286912EDE6,94DFC726D9A19C82C61B47286912EDE6-1,Will the H-1B $100k visa fee affect F-1 students? What is the process of switching from H-1B to Green Card?,"The H-1B conundrum has triggered speculations that other visa categories also will face some heat from the Donald Trump administration -- limiting the entry of foreigners in the United States. In a major H-1B overhaul, the administration announced $100k fee, an astronomical hike in the H-1B visa fee. The fee will have to be paid by the companies that apply to hire H-1Bs and won't affect existing H-1B visa holders. But international students in the US are now losing their sleep as their future of getting hired by companies once they finish their courses will become bleak once they become H-1Bs.","The sentence discusses the implications of a significant fee increase for H-1B visas, which directly relates to the proposed tax impacting companies employing H-1B visa holders. It highlights how this fee may affect companies' ability to hire H-1B visa workers, thus connecting to the narrative of increased operational costs and potential deterrents to hiring skilled workers.",A proposed tax impacting companies employing H-1B visa holders.,Donald Trump,,PEOP,related,"The sentence explicitly discusses the introduction of a $100k fee for H-1B visas, which is a direct reference to the theme of 'Introduction of a high fee on H-1B visas'. It also mentions the implications of this fee on companies and international students, reinforcing the connection to the theme.","Donald Trump is mentioned in relation to the administration's actions, but the sentence does not quote anything that he has explicitly said. It discusses actions taken by the administration rather than direct quotes from Donald Trump.",narrative
Sep 2025,2025-09-22,9135EFAF0509254727F975FD1D58716B,9135EFAF0509254727F975FD1D58716B-1,Muted equities amid Trump's H-1B visa fee hike contribute to INR weakness,"The Indian rupee depreciated around 15 paise to close at 88.31 (provisional) against the US dollar on Monday, as investors weighed Trump's H-1B visa fee hike impact on Indian remittances amid heightened risk-averse sentiment. Indian shares fell on Monday, contributing to rupee decline with IT stocks pacing the declines after the Trump administration announced sweeping changes to the H-1B visa regime, including a steep $100,000 fee for new applications. It is feared that the steep hike in H-1B visa fees will raise offshore deployment costs and could squeeze profit margins on existing contracts, particularly in cost-sensitive areas like application development and consulting. At the interbank foreign exchange, the rupee opened at 88.20, then touched an intra-day low of 88.34 and a high of 88.12 against the greenback. The domestic unit finally settled at 88.31 (provisional), lower by 15 paise over its previous close.","The sentence discusses the impact of the H-1B visa fee hike on Indian remittances and offshore deployment costs, which relates to the increased operational costs for companies employing H-1B visa workers. It highlights how the fee increase could squeeze profit margins, particularly in cost-sensitive areas, aligning with the theme of tax increases operational costs for companies employing H-1B visa workers.",Tax increases operational costs for companies employing H-1B visa workers.,Donald Trump,,PEOP,related,"The sentence discusses the impact of Trump's H-1B visa fee hike on the Indian rupee and mentions a specific steep fee of $100,000 for new applications. This clearly relates to the theme of 'Introduction of a high fee on H-1B visas' as it directly addresses the fee increase and its implications.","Donald Trump is mentioned in relation to the H-1B visa fee hike, but the sentence does not quote something he has explicitly said. Instead, it discusses the impact of his administration's actions regarding the H-1B visa regime. Therefore, it does not meet the criteria for a direct quote.",narrative
Sep 2025,2025-09-22,90398A27F2AD6F530C453C0C96023C77,90398A27F2AD6F530C453C0C96023C77-17,"America's $100,000 talent tax vs China's free welcome mat","Trump's $100,000 H-1B fee may ultimately be remembered as one of the most effective policies China never had to implement. By pricing Asian talent out of American markets while Beijing opens new pathways for the same professionals, America risks accelerating its own relative decline in the global innovation race.","The sentence discusses how the high fee associated with H-1B visas may deter skilled Asian talent from entering the U.S. market, which aligns with the theme of 'Higher costs may deter companies from hiring H-1B visa candidates.' It also implies that this could lead to a decline in innovation, connecting to the theme 'Tax may impact innovation driven by H-1B visa talent.' However, the primary focus is on the deterrent effect of the fee on hiring H-1B candidates.",Higher costs may deter companies from hiring H-1B visa candidates.,Donald Trump,,PEOP,related,The sentence discusses a specific high fee on H-1B visas proposed by Trump and its implications for American competitiveness in relation to China. It directly relates to the theme of 'Introduction of a high fee on H-1B visas' by highlighting the financial impact on Asian talent and the broader consequences for the U.S. economy.,"Donald Trump is mentioned in relation to a fee he has set, but the sentence does not quote something he has explicitly said. It discusses the implications of the fee rather than providing a direct quote from him.",narrative
Sep 2025,2025-09-22,90398A27F2AD6F530C453C0C96023C77,90398A27F2AD6F530C453C0C96023C77-1,"America's $100,000 talent tax vs China's free welcome mat","President Trump's decision to impose a US$100,000 annual fee on new H-1B visa applicants represents more than immigration policy-it's a strategic miscalculation that risks accelerating America's decline in the global competition for talent while inadvertently strengthening China's hand in the very contest the US seeks to win.","The sentence discusses the implications of a proposed tax (the US$100,000 annual fee) on H-1B visa applicants, highlighting how it could negatively affect the US's competitiveness in the global market for talent. This aligns with the theme of how a tax may affect companies' competitiveness in the global market.",Tax may affect companies' competitiveness in the global market.,Donald Trump,,PEOP,related,"The sentence explicitly discusses President Trump's decision to impose a $100,000 annual fee on new H-1B visa applicants, directly relating to the theme of 'Introduction of a high fee on H-1B visas'.","Donald Trump is mentioned in the context of a decision he made regarding H-1B visa fees, which does not reflect something he explicitly said. Therefore, it does not qualify as a quote.",narrative
Sep 2025,2025-09-22,8FBDB5C3C67898F02EEEE1D876B54D00,8FBDB5C3C67898F02EEEE1D876B54D00-7,"JPMorgan calls India a 'bright spot' even as tariffs and $100,000 H-1B fee bite","While it is too early to gauge the full impact of the proposed H-1B changes, Leenart said it was reassuring that the fee does not affect existing H-1B visa holders.
Global technology and financial services companies are rapidly expanding their so-called global capability centres in India, attracted by the country's deep talent pool and cost advantages. While Trump's rules aim to protect US jobs by limiting immigration, executives warn the policy could backfire and raise costs for American firms, prompting them to accelerate the growth of these centres.","The sentence discusses the potential impact of proposed changes to H-1B visa regulations and how they may affect companies' operations and costs, particularly in relation to hiring and expanding in global centers. This aligns with the theme of a proposed tax impacting companies employing H-1B visa holders.",A proposed tax impacting companies employing H-1B visa holders.,Donald Trump,,PEOP,related,"The sentence discusses the proposed changes to H-1B visas, including a high fee, and mentions the potential impact on existing visa holders. It connects to the theme by addressing the fee and its implications for companies and the job market.","Donald Trump is mentioned in relation to his rules aiming to protect US jobs, but the sentence does not quote something he has explicitly said. Instead, it discusses the implications of his policies as interpreted by others.",narrative
Sep 2025,2025-09-22,F18B7AA5DAA41CC35E328E484FA6119E,F18B7AA5DAA41CC35E328E484FA6119E-2,Skilled workers: Will the $100k fee on H-1B visas help U.S. workers?,"President Trump signed an executive order Friday to raise H-1B visa costs by $100,000 for each new visa recipient.
The Trump administration announced Friday that companies trying to hire foreign workers through the H-1B visa program would have to pay $100,000 per worker. It caused chaos over the weekend: Current H-1B visa holders abandoned flights out of the country, fearful they'd have to pay $100k to return, or renew their visas. Foreign students stressed over whether they'll have job prospects in the U.S. at all after graduation.","The sentence discusses the increase in costs associated with H-1B visas due to an executive order, which directly relates to the theme of tax increases impacting companies employing H-1B visa workers. The mention of companies needing to pay $100,000 per worker highlights the operational cost increase and its potential effects on hiring practices.",Tax increases operational costs for companies employing H-1B visa workers.,Donald Trump,,PEOP,related,"The sentence explicitly discusses President Trump's executive order to raise H-1B visa costs by $100,000 for each new visa recipient, which directly relates to the theme of introducing a high fee on H-1B visas. It also describes the immediate impact of this fee on current visa holders and foreign students, reinforcing the connection to the theme.","Donald Trump signed an executive order, which is an action he took, rather than something he explicitly said. Therefore, it does not qualify as a quote.",narrative
Sep 2025,2025-09-22,BBC3B52D582DEE54313A9ED8F85B7792,BBC3B52D582DEE54313A9ED8F85B7792-9,"HSBC says $100,000 H-1B visa fee is 'manageable' for the bank","Who it affects: New H-1B visa applicants only. Existing visa holders and renewals are not affected.
Purpose: The Trump administration says the fee will protect American jobs and strengthen national security. It is also intended to prevent companies from replacing US workers with lower-paid foreign employees.
Cost impact: Each new H-1B application will now cost $100,000, up from the previous fee of around $1,500-$2,500.
Industries affected: Technology companies, finance, and consulting firms that hire skilled foreign workers. Firms with fewer visa holders, like HSBC, are less impacted.
Implementation: The fee applies in the upcoming H-1B lottery cycle, following clarification that it is not retroactive.","The sentence discusses a new fee for H-1B visa applications, which directly relates to the proposed tax impacting companies employing H-1B visa holders. The significant increase in application costs may deter companies from hiring H-1B visa candidates, aligning with the narrative of higher costs affecting recruitment.",A proposed tax impacting companies employing H-1B visa holders.,Donald Trump,,PEOP,related,"The sentence discusses the introduction of a high fee of $100,000 for new H-1B visa applications, which is a direct reference to the theme of 'Introduction of a high fee on H-1B visas'. It also provides context on the purpose of the fee and its impact on various industries, reinforcing its relevance to the theme.","Donald Trump is mentioned in the context of the administration's stance on the fee, but the sentence does not quote anything that he has explicitly said. It describes the administration's position rather than a direct quote from Donald Trump.",narrative
Sep 2025,2025-09-22,EBD28B90407D9AB7D677D010401B57D6,EBD28B90407D9AB7D677D010401B57D6-1,"Netflix cofounder Reed Hastings is a fan of Trump's $100,000 H-1B plan, and says it will ensure visas only go to 'very high value jobs'","Reed Hastings backed Trump's $100,000 H-1B fee as a fix for the lottery system.
The Netflix cofounder said the tax would bring more certainty for high-value jobs.
Big Tech may absorb costs, but startups warn they'll be priced out of hiring talent.","The sentence discusses the potential impact of a proposed H-1B fee on hiring practices, particularly highlighting how startups may struggle to afford the costs associated with hiring H-1B visa workers. This aligns with the theme of 'Higher costs may deter companies from hiring H-1B visa candidates.'",Higher costs may deter companies from hiring H-1B visa candidates.,Donald Trump,,PEOP,related,"The sentence discusses Reed Hastings' support for a high fee on H-1B visas, specifically mentioning a $100,000 fee and its implications for the lottery system and job certainty. This directly relates to the theme of the introduction of a high fee on H-1B visas.","Donald Trump is mentioned in relation to the $100,000 H-1B fee, but the sentence does not quote something that he has explicitly said. Instead, it discusses Reed Hastings' support for Trump's plan.",narrative
Sep 2025,2025-09-22,EA0A987EFA8CE279CD1FF1CA8E24013D,EA0A987EFA8CE279CD1FF1CA8E24013D-11,Morning Bid: High Price to Pay for a H-1B Visa,"CHART OF THE DAY
After the Trump administration said on Friday that it would ask companies to pay $100,000 per year for H-1B working visas, some big tech companies and banks, including Microsoft, Amazon, Alphabet and Goldman Sachs, warned employees to stay in the U.S. or quickly return. However, the White House on Saturday clarified that this is a one time, not an annual fee, and that it will not be applied to existing visa holders re-entering the country.","The sentence discusses a proposed fee related to H-1B working visas, which directly relates to the theme of a proposed tax impacting companies employing H-1B visa holders. The mention of companies warning employees about the fee indicates a potential impact on their operations and workforce planning.",A proposed tax impacting companies employing H-1B visa holders.,Donald Trump,,PEOP,related,"The sentence discusses the introduction of a high fee for H-1B visas, specifically mentioning the proposed $100,000 fee and the subsequent clarification from the White House. This directly relates to the theme of 'Introduction of a high fee on H-1B visas'.","Donald Trump is mentioned in the context of the administration's actions regarding H-1B visa fees, but the sentence does not quote anything that he explicitly said. It describes what the administration stated, which is not a direct quote from Donald Trump himself.",narrative
Sep 2025,2025-09-22,E8B60F2CDF2DA5D98D44A0CC10C29586,E8B60F2CDF2DA5D98D44A0CC10C29586-14,"Trump's $100,000 H-1B fee jolts India's IT outsourcing model","Silicon Valley-based Constellation Research founder and chairman Ray Wang expects Trump's move to lead to more GCCs in India, more local hiring in the US, more pressure to deliver automation and AI at the same time, less outsourcing, fewer H-1B visas and less job mobility.","The sentence discusses the expected outcomes of a political move, including fewer H-1B visas, which directly relates to the theme of how a proposed tax may limit H-1B visa hiring. It implies that the changes will lead to a reduction in the availability of H-1B visa workers, aligning with the narrative of tax impacts on H-1B visa employment.",Tax may limit diversity by reducing H-1B visa hiring.,Donald Trump,,PEOP,related,"The sentence discusses the implications of Trump's move, which includes fewer H-1B visas. This directly relates to the theme of the introduction of a high fee on H-1B visas, as it suggests a consequence of that policy. Therefore, it is relevant to the theme.","Donald Trump is mentioned in the context of a move he is associated with, but the sentence does not quote anything he has explicitly said. It discusses expectations and implications of his actions rather than his words.",narrative
Sep 2025,2025-09-22,E1183FB821F4C26343A8C668FA794618,E1183FB821F4C26343A8C668FA794618-12,"Trump's $100,000 H-1B visa shock: Why US may lose more than India","H-1B: Visa row under Trump fuels anxiety for Indian dreamers
IT industry body Nasscom believes the visa fee hike could ""disrupt business continuity for certain onshore projects"". Clients are likely to push for repricing or delay projects until legal uncertainties are cleared, while companies may rethink staffing models - shifting work offshore, reducing onshore roles and becoming far more selective in sponsorship decisions.","The sentence discusses how the visa fee hike could lead companies to rethink their staffing models, which aligns with the theme of companies altering recruitment strategies to minimize reliance on H-1B visa workers. It also touches on the potential impact on operational decisions, such as shifting work offshore and reducing onshore roles, which relates to the theme of tax influencing decisions to onshore or offshore roles typically filled by H-1B visa workers.",Companies may alter recruitment strategies to minimize H-1B visa reliance.,Donald Trump,,PEOP,related,"The sentence discusses the potential impact of a visa fee hike on business operations and staffing models, which directly relates to the theme of 'Introduction of a high fee on H-1B visas'. It highlights concerns from the IT industry regarding how increased fees could affect project timelines and staffing decisions.","Donald Trump is mentioned in the context of the visa row, but the sentence does not quote anything he has explicitly said. It discusses the implications of the visa fee hike without providing a direct quote from him.",narrative
Sep 2025,2025-09-22,DDAC95E36E0C9021EED35AD6ABDFCBEC,DDAC95E36E0C9021EED35AD6ABDFCBEC-4,"H-1B visa hike fuels anxieties: JPMorgan asked employees to return to US by September 21; tech giants scramble to comply with $100,000 visa fee increase","Companies such as Infosys, Wipro, Cognizant, and Tata Consultancy Services (TCS) face operational and financial pressure due to the new $100,000 annual fee, which could drastically increase the cost of sending engineers to the US for client projects. In addition to the financial burden, the fee hike complicates workforce planning, recruitment, and deployment strategies. Many firms are now evaluating alternative solutions, including remote work, client-side training in India, and renegotiation of contracts to absorb higher costs, all while trying to maintain competitiveness in the global tech sector. The Trump administration has emphasized that the H-1B visa system is designed to supplement, not replace, American workers.","The sentence discusses the operational and financial pressures faced by companies due to a new fee associated with H-1B visas, which directly relates to the increased operational costs for companies employing H-1B visa workers. It also touches on the impact on workforce planning and recruitment strategies, aligning with the theme of how taxes and fees affect companies' financial viability and competitiveness.",Tax increases operational costs for companies employing H-1B visa workers.,Donald Trump,,PEOP,related,"The sentence discusses the impact of a new $100,000 annual fee on companies that utilize H-1B visas, highlighting the financial and operational challenges they face due to this fee increase. This directly relates to the theme of 'Introduction of a high fee on H-1B visas'.","Donald Trump is mentioned in relation to the H-1B visa system, but the sentence does not quote anything he has explicitly said. It describes the administration's stance without direct quotes from Trump himself.",narrative
Sep 2025,2025-09-22,FDDD3061FB2849F6CAF00671D05AC133,FDDD3061FB2849F6CAF00671D05AC133-12,"Jaishankar, Piyush Goyal meet US officials to steady ties","Over 70% of approved H-1B visas go to Indian professionals, making them disproportionately affected by the fee hike. Indian companies including Infosys and Tata Consultancy Services rank among the programme's top sponsors. The visa pathway has allowed foreign workers to join American companies since 1990, creating a pipeline that built much of Silicon Valley's workforce but which Trump's administration argues displaces American workers.","The sentence discusses the impact of H-1B visa policies on Indian professionals and mentions the historical context of the visa program, which relates to the broader narrative of how proposed taxes or fees may affect companies employing H-1B visa holders. It highlights the disproportionate effect on a specific group, which can be tied to the theme of how taxes may limit diversity by reducing H-1B visa hiring.",Tax may limit diversity by reducing H-1B visa hiring.,Donald Trump,,PEOP,related,"The sentence discusses the impact of a fee hike on H-1B visas, specifically mentioning that Indian professionals are disproportionately affected. This directly relates to the theme of 'Introduction of a high fee on H-1B visas' as it highlights the consequences of such a fee increase on a specific demographic and the companies involved.","Donald Trump is mentioned in the context of his administration's argument regarding the H-1B visa program, but the sentence does not quote anything he has explicitly said. It discusses actions and arguments attributed to his administration rather than direct quotes from him.",narrative
Sep 2025,2025-09-22,FD16CF1DF76094C4F6F1590BC6C020D0,FD16CF1DF76094C4F6F1590BC6C020D0-5,Trump's H-1B visa fee hike to backfire? Wall Street banks set to rely more on Indian GCCs; may deepen presence in India,"Banks would be calibrating a new strategy for the global capability centers. It appears, there will be onshoring of jobs to India adding new job functions,"" said Abizer Diwanji, founder of NeoStart Advisors LLP, a financial advisory firm. ""However, none will jump the gun amid evolving situations. They will wait for more clarity,"" he was quoted as saying. Also Read | Alternatives to H-1B visas: After fee hike by Trump to $100,000, O1 & L1 visas gain traction; check cost, approval ratesResearch published in the Management Science journal indicates that companies typically respond to skilled immigration restrictions by increasing overseas recruitment. The 2023 study reveals that highly internationalised companies typically employ one overseas worker for each visa application rejection.","The sentence discusses how companies are adapting their strategies in response to immigration restrictions, which aligns with the theme of 'Tax may influence decisions to onshore or offshore roles typically filled by H-1B visa workers.' It highlights the potential onshoring of jobs and the shift in recruitment strategies due to evolving immigration policies.",Tax may influence decisions to onshore or offshore roles typically filled by H-1B visa workers.,Donald Trump,,PEOP,related,"The sentence discusses the impact of a fee hike on H-1B visas and mentions alternatives to H-1B visas, indicating a direct connection to the theme of high fees on H-1B visas. It also references the response of companies to immigration restrictions, which is relevant to the context of the fee increase.","Donald Trump is mentioned in the context of a fee hike related to H-1B visas, but the sentence does not quote anything that he has explicitly said. Instead, it refers to the fee increase as an action taken by Trump, which does not meet the criteria for a direct quote.",narrative
Sep 2025,2025-09-22,C03277C9DBA2D76F236739E429ADC414,C03277C9DBA2D76F236739E429ADC414-1,Trump proposes a work visa for foreign workers that looks like a tax to hire skilled labor,"President Donald Trump has abruptly transformed the landscape of skilled immigration in the United States by signing a decree that imposes a substantial fee of US$100,000 on H-1B visa applications. This measure, presented as an effort to curb the excessive use of the program, feels less like regulation and more like a direct tax on hiring specialized foreign talent. The proclamation restricts entry under the program unless accompanied by this significant payment.","The sentence discusses a new decree that imposes a substantial fee on H-1B visa applications, which directly relates to the theme of a proposed tax impacting companies employing H-1B visa holders. It highlights the financial burden placed on companies seeking to hire specialized foreign talent, aligning with the narrative of increased operational costs due to H-1B visa taxes.",A proposed tax impacting companies employing H-1B visa holders.,Donald Trump,,PEOP,related,"The sentence explicitly discusses the introduction of a substantial fee of US$100,000 on H-1B visa applications, which directly relates to the theme of 'Introduction of a high fee on H-1B visas'. It also describes the implications of this fee as a tax on hiring specialized foreign talent, reinforcing the connection to the theme.","Donald Trump is mentioned as having signed a decree, which indicates an action he has taken rather than something he has explicitly said. Therefore, the sentence does not quote anything that Donald Trump has said.",narrative
Sep 2025,2025-09-22,BECB5ED12AF8192FED69DCCA0A337150,BECB5ED12AF8192FED69DCCA0A337150-1,$100K H-1B visa fee: Why Indian IT sector may see minimal margin impact and more local hiring,"The US President Donald Trump signed an executive order on September 19, raising the fee for new applications for H-1B visa from around $1,500 to $100,000. Brokrages believes that the impact will be limited as they will have to pay only once in six years. The brokerages also believes that Indian IT companies can mitigate this by higher near-shoring/off-shoring and/or hiring local talent","The sentence discusses the increase in fees for H-1B visa applications, which directly relates to the proposed tax impacting companies employing H-1B visa holders. It also touches on how companies might adjust their strategies in response to this fee increase, which aligns with the narrative of companies altering recruitment strategies to minimize reliance on H-1B visa workers.",A proposed tax impacting companies employing H-1B visa holders.,Donald Trump,,PEOP,related,"The sentence explicitly states that the US President signed an executive order raising the fee for new applications for H-1B visas from around $1,500 to $100,000, which directly relates to the theme of 'Introduction of a high fee on H-1B visas'.","Donald Trump is mentioned in the context of signing an executive order, which relates to an action he has taken rather than something he has explicitly said. Therefore, the sentence does not quote anything he has said.",narrative
Sep 2025,2025-09-22,BE2F287083969CCA5171B6EA13E3354D,BE2F287083969CCA5171B6EA13E3354D-1,"Trump's $100,000 H-1B fee sparks a global race to grab top talent","U.S. President Donald Trump's surprise move to raise the H-1B visa application fee to $100,000 has left companies - and major economies - scrambling to make sense of the potential implications.
For some global talent hubs, particularly those in Europe, the Middle East and Asia, however, experts say it could offer a valuable opportunity.","The sentence discusses a significant increase in the H-1B visa application fee, which directly relates to the proposed tax impacting companies employing H-1B visa holders. The mention of companies scrambling to understand the implications indicates a direct connection to the operational challenges posed by such a tax.",A proposed tax impacting companies employing H-1B visa holders.,Donald Trump,,PEOP,related,"The sentence explicitly mentions President Trump's decision to raise the H-1B visa application fee to $100,000, which directly relates to the theme of 'Introduction of a high fee on H-1B visas'.","Donald Trump is mentioned in the context of a decision he made regarding the H-1B visa application fee, but the sentence does not quote something he explicitly said.",narrative
Sep 2025,2025-09-22,BE2F287083969CCA5171B6EA13E3354D,BE2F287083969CCA5171B6EA13E3354D-3,"Trump's $100,000 H-1B fee sparks a global race to grab top talent","Alongside financial companies, Big Tech firms have long counted on H-1B visas to fill highly skilled roles with personnel recruited from India and China, among other countries.
India, for its part, hit back at the Trump administration over the new visa fee, saying the policy ""is likely to have humanitarian consequences.""","The sentence discusses the reliance of Big Tech firms on H-1B visas to fill skilled roles, which relates to the theme of how a proposed tax may impact companies employing H-1B visa holders. It highlights the importance of H-1B visa workers in the context of recruitment and operational needs of these companies.",A proposed tax impacting companies employing H-1B visa holders.,Donald Trump,,PEOP,related,"The sentence discusses the impact of a new visa fee on H-1B visas and mentions India's response to the policy, which directly relates to the theme of the introduction of a high fee on H-1B visas.","Donald Trump is mentioned in relation to the new visa fee, but the sentence does not quote anything he has explicitly said. Instead, it discusses India's response to the policy. Therefore, it does not meet the criteria for a direct quote from Donald Trump.",narrative
Sep 2025,2025-09-22,BCBCA4C49796E13D3860BFCB85911636,BCBCA4C49796E13D3860BFCB85911636-12,Trump's $100K H-1B Fee Sends Shockwaves Through Tech And Cybersecurity,"Why This Could Be Beneficial
The Trump administration views this move as a way to accomplish multiple goals. It forces companies to prioritize U.S. citizens and laid-off federal workers. It raises the cost of relying on foreign labor and discourages abuse of the H-1B system. It strengthens national security by ensuring that cyber roles are staffed by U.S. citizens on U.S. soil where clearance processes are more reliable and insider threats are less likely.","The sentence discusses how the proposed tax encourages companies to prioritize U.S. citizens over foreign labor, which aligns with the theme of companies potentially prioritizing domestic candidates over H-1B visa applicants.",Companies may prioritize domestic candidates over H-1B visa applicants.,Donald Trump,,PEOP,related,"The sentence discusses the implications of a high fee on H-1B visas, specifically how it raises costs for companies relying on foreign labor and encourages prioritization of U.S. citizens. This directly relates to the theme of introducing a high fee on H-1B visas.","Donald Trump is mentioned in relation to the actions of the Trump administration, but the sentence does not quote anything that Donald Trump has explicitly said. It describes the administration's views and actions rather than providing a direct quote from him.",narrative
Sep 2025,2025-09-22,C594C12B65D652784C34D3076EE88312,C594C12B65D652784C34D3076EE88312-3,Contra view: H1-B visa blow can be margin boon for IT companies. What's next for tech stocks?,"The stock fell on fears of onsite revenues of Indian IT companies taking a hit while the visa fee raising the cost.
Trump's proclamation on H-1B imposes will come into effect from next year and not impact renewals and is a one-time fee.
Investec sees no near term impact on margins even as it sees no direct impact on it. ""Considering the existing stock of H-1B's aren't impacted as this fee does not apply to renewals, existing contracts with clients aren't impacted. Only new contracts that require onsite resources in the future will now bake in additional costs in the price of the contract, it noted. ""The only potential impact is the cost of refilling existing H-1B holders who complete 6 years. This is more likely done through local hiring vs filing incremental H-1B petitions. Considering higher potential costs for this, invoking force majeure clauses are likely,"" the brokerage noted.","The sentence discusses the implications of a new visa fee on the costs associated with hiring H-1B visa workers, particularly in relation to onsite resources and future contracts. It highlights how the fee may lead to increased costs for new contracts and potentially influence hiring strategies, which aligns with the theme of 'Tax increases operational costs for companies employing H-1B visa workers.'",Tax increases operational costs for companies employing H-1B visa workers.,Donald Trump,,PEOP,related,"The sentence discusses the implications of a new fee on H-1B visas and how it affects costs for Indian IT companies, particularly in relation to new contracts and onsite resources. It directly addresses the introduction of a high fee on H-1B visas and its potential impact on the industry, making the connection clear.","Donald Trump is mentioned in relation to a proclamation about H-1B visas, but the sentence does not quote anything he explicitly said. It describes the implications of his proclamation rather than providing a direct quote.",narrative
Sep 2025,2025-09-22,C594C12B65D652784C34D3076EE88312,C594C12B65D652784C34D3076EE88312-1,Contra view: H1-B visa blow can be margin boon for IT companies. What's next for tech stocks?,"While Indian IT stocks fell sharply on Monday reacting to US President Donald Trump's executive order that raised the annual H-1B visa application fee from $1,000 to $100,000 per applicant, brokerage Motilal Oswal Financial Services (MOFSL) sees the shift to be beneficial for domestic tech companies, leading to improvement in their operating margins. In its view, the on-site cost will go down helping the off-shore work which is structurally more profitable.","The sentence discusses the increase in H-1B visa application fees and its impact on Indian IT stocks, suggesting that the higher costs may lead to a shift in operational strategies that could benefit domestic tech companies. This aligns with the theme of 'Tax increases operational costs for companies employing H-1B visa workers.'",Tax increases operational costs for companies employing H-1B visa workers.,Donald Trump,,PEOP,related,"The sentence explicitly discusses the increase in the H-1B visa application fee from $1,000 to $100,000, which directly relates to the theme of 'Introduction of a high fee on H-1B visas'. It also provides context on how this change affects Indian IT stocks and domestic tech companies, reinforcing the connection to the high fee introduction.","Donald Trump is mentioned in relation to an executive order, but the sentence does not quote anything he has explicitly said. It describes an action he took rather than a statement he made.",narrative
Sep 2025,2025-09-22,DB518F920BEE8D1AD0E5D65675661519,DB518F920BEE8D1AD0E5D65675661519-3,"IT pack drags down equity market, loses Rs 83K crore over H-1B visa fee hike concerns","The sell-off in the IT pack came after Trump signed an executive order hiking the H-1B visa fee from $1,000 to $100,000 per applicant, a hundredfold increase, for fresh applications. This move is likely to impact the earnings of firms that derive a large chunk of their revenue from the US market.","The sentence discusses the significant increase in H-1B visa fees and its potential impact on the earnings of firms reliant on the US market, which aligns with the theme of 'Tax increases operational costs for companies employing H-1B visa workers.'",Tax increases operational costs for companies employing H-1B visa workers.,Donald Trump,,PEOP,related,"The sentence explicitly mentions the increase in the H-1B visa fee from $1,000 to $100,000, which directly relates to the theme of 'Introduction of a high fee on H-1B visas'. It also discusses the implications of this fee hike on firms, reinforcing the connection to the theme.","Donald Trump is mentioned in relation to signing an executive order, which indicates an action he has taken rather than something he has explicitly said. Therefore, the sentence does not quote something that Donald Trump has said.",narrative
Sep 2025,2025-09-22,D99FB19BE2395C6288EBBCF6CA794A8B,D99FB19BE2395C6288EBBCF6CA794A8B-3,How Trump's H-1B fee threatens India's IT firms and Big Tech business models,"The outsourcing reckoning
After a back and forth over the weekend, the Trump administration has confirmed that the fee will apply only to new visa applications. Still, this will devastate India's IT services industry. Companies like Tata Consultancy Services, Infosys and Wipro have built empires on a simple arbitrage: import Indian engineers willing to work for substantially less than their American counterparts. Their business model depended on H-1B visas costing a few thousand dollars in filing fees, making it economical to flood the system with applications and cherry-pick the most cost-effective workers.","The sentence discusses the impact of new fees on H-1B visa applications, specifically highlighting how it will affect companies that rely on importing skilled workers from India. This aligns with the theme of a proposed tax impacting companies employing H-1B visa holders, as it emphasizes the financial burden that new fees will impose on these companies.",A proposed tax impacting companies employing H-1B visa holders.,Donald Trump,,PEOP,related,"The sentence discusses the implications of a new fee on H-1B visas, specifically how it affects India's IT services industry and the business model of companies reliant on these visas. It clearly relates to the theme of 'Introduction of a high fee on H-1B visas'.","Donald Trump is mentioned in the context of the administration's actions regarding the H-1B visa fee, but the sentence does not quote anything that he has explicitly said. It discusses the implications of the fee rather than a direct statement from him.",narrative
Sep 2025,2025-09-22,D968ACE96DE4456F3229442733D41DB1,D968ACE96DE4456F3229442733D41DB1-2,Indian tech stocks decline on US changes to H-1B visa program,"Trump's overhaul of the program, by mandating a $100,000 fee for new applications, may disrupt projects of Indian outsources like Tata Consultancy Services Ltd. and Infosys Ltd. that derive a large chunk of revenue from the US.","The sentence discusses a fee imposed on new applications that could impact companies like Tata Consultancy Services and Infosys, which rely on H-1B visa workers for revenue generation in the US. This aligns with the theme of a proposed tax impacting companies employing H-1B visa holders.",A proposed tax impacting companies employing H-1B visa holders.,Donald Trump,,PEOP,related,"The sentence directly mentions a $100,000 fee for new applications as part of Trump's overhaul of the H-1B visa program, which clearly relates to the theme of 'Introduction of a high fee on H-1B visas'.","Donald Trump is mentioned in relation to an action he has taken regarding the H-1B visa program, but the sentence does not quote something he has explicitly said.",narrative
Sep 2025,2025-09-22,BBC3B52D582DEE54313A9ED8F85B7792,BBC3B52D582DEE54313A9ED8F85B7792-4,"HSBC says $100,000 H-1B visa fee is 'manageable' for the bank","The H-1B visa program allows US companies to employ highly skilled foreign workers, particularly in technology, finance, and consulting sectors. Trump's administration argued that the fee hike would prevent abuse of the program, which critics say has sometimes been used to replace American workers with lower-paid foreign employees.","The sentence discusses the H-1B visa program and mentions the fee hike proposed by Trump's administration, which relates to the broader implications of a tax impacting companies employing H-1B visa holders. It highlights concerns about the program's use and its effects on American workers, which connects to the narrative of how such a tax could influence hiring practices and the employment landscape.",A proposed tax impacting companies employing H-1B visa holders.,Donald Trump,,PEOP,related,"The sentence discusses the H-1B visa program and mentions a fee hike, which directly relates to the theme of 'Introduction of a high fee on H-1B visas'. It also touches on the implications of the fee increase, indicating a clear connection to the topic.","Donald Trump is mentioned in relation to his administration's argument about the fee hike, but the sentence does not quote anything that he explicitly said.",narrative
Sep 2025,2025-09-22,D0006EFE6AFAC780B2B329DCE0CAEB65,D0006EFE6AFAC780B2B329DCE0CAEB65-2,"'We need the smartest people': Nvidia, OpenAI CEOs react to Trump's H-1B visa fee","Nvidia CEO Jensen Huang and OpenAI CEO Sam Altman on Monday commented on President Donald Trump's decision to increase the cost of hiring overseas workers on visas.
Trump on Friday announced that he would raise the fee for an H-1B visa to $100,000, leaving companies scrambling. Employers now must have documentation of the payment prior to filing an H-1B petition on behalf of a worker. Applicants will have their petitions restricted for 12 months until the payment is made, according to the White House.","The sentence discusses President Trump's decision to increase the cost of hiring overseas workers on H-1B visas, which directly relates to the proposed tax impacting companies employing H-1B visa holders. It highlights the financial implications for companies and the new requirements they must meet, aligning with the theme of a proposed tax affecting H-1B visa employment.",A proposed tax impacting companies employing H-1B visa holders.,Donald Trump,,PEOP,related,"The sentence directly discusses President Trump's decision to increase the cost of H-1B visas, specifying the new fee of $100,000 and the implications for employers and applicants. This clearly relates to the theme of 'Introduction of a high fee on H-1B visas'.","Donald Trump is mentioned in relation to his decision to increase the cost of hiring overseas workers on visas, but the sentence does not quote him directly. It describes an action he has taken rather than something he has explicitly said.",narrative
Sep 2025,2025-09-22,4538CB67176FF8DFE091CE1C392033BE,4538CB67176FF8DFE091CE1C392033BE-1,"AssessmentsSep 22, 2025 The H-1B Fee Will Undermine U.S. Innovation and Competitiveness","If the $100,000 fee for H-1B visas for the United States remains in place for a sustained period of time, it will undermine U.S. innovative competitiveness and hurt job growth in science and technology-intensive industries. On Sept. 19, U.S. President Donald Trump signed a presidential proclamation restricting the entry of foreign citizens under the H-1B visa program, except for those ''whose petitions are accompanied or supplemented by a payment of $100,000,'' effective just two days later at 12:01 a.m. eastern daylight time, Sept. 21. The executive order's broad language and quick implementation period triggered technology companies employing large numbers of H-1B visa holders to urge visa holders to remain in the United States and for those abroad to try to return before Sept. 21.","The sentence discusses the impact of a $100,000 fee for H-1B visas on U.S. innovative competitiveness and job growth in technology sectors, which aligns with the theme of how tax may impact innovation driven by H-1B visa talent.",Tax may impact innovation driven by H-1B visa talent.,Donald Trump,,PEOP,related,"The sentence discusses the $100,000 fee for H-1B visas and its implications on U.S. competitiveness and job growth, directly relating to the theme of 'Introduction of a high fee on H-1B visas'.","Donald Trump is mentioned in the context of signing a presidential proclamation, but the sentence does not quote anything he explicitly said. It describes an action he took rather than a statement he made.",narrative
Sep 2025,2025-09-22,44B4B9CD826726D450A40C85B6278A03,44B4B9CD826726D450A40C85B6278A03-1,"$100,000 H-1B fee leaves US companies staring at $14 billion annual cost","US employers could face an annual cost of $14billion for hiring foreign professionals after President Donald Trump introduced a $100,000 application fee for new H-1B visas, according to a report by the Financial Times. The order, signed late on Friday, will apply only to new applications starting with the February lottery, not to existing visa holders, the White House clarified.","The sentence discusses the introduction of a significant application fee for new H-1B visas, which directly relates to the theme of a proposed tax impacting companies employing H-1B visa holders. The mention of the annual cost of $14 billion highlights the financial implications for employers, aligning with the narrative of increased operational costs due to the new tax.",A proposed tax impacting companies employing H-1B visa holders.,Donald Trump,,PEOP,related,"The sentence directly discusses the introduction of a $100,000 application fee for new H-1B visas and its financial implications for US employers, which is clearly related to the theme of 'Introduction of a high fee on H-1B visas'.","Donald Trump is mentioned in relation to introducing a $100,000 application fee for new H-1B visas, but the sentence describes an action he has taken rather than quoting something he has explicitly said.",narrative
Sep 2025,2025-09-22,408C2D7E265A1355DB91CFAA5A03EAB0,408C2D7E265A1355DB91CFAA5A03EAB0-3,"UK considers plan to scrap visa fees for top global talent, FT reports","The idea of cutting visa costs to zero is for people who have attended the world's top five universities or have won prestigious prizes, an official told the newspaper.
According to the report, the reforms were being discussed in Number 10 and the Treasury before the Trump administration announced its decision to impose a $100,000 fee for new H-1B visas, which are widely used by U.S. tech companies, from Sunday.","The sentence discusses proposed reforms related to visa costs, specifically mentioning the context of H-1B visas and the financial implications of a new fee imposed by the Trump administration. This relates to the theme of a proposed tax impacting companies employing H-1B visa holders.",A proposed tax impacting companies employing H-1B visa holders.,Donald Trump,,PEOP,related,"The sentence discusses a proposed plan to cut visa costs to zero for top talent, while also mentioning a $100,000 fee for new H-1B visas imposed by the Trump administration. This indicates a direct connection to the theme of high fees on H-1B visas.","Donald Trump is mentioned in relation to the decision to impose a fee, but the sentence does not quote anything he has explicitly said. It discusses actions taken by his administration rather than his words.",narrative
Sep 2025,2025-09-22,3C3922A31E9BD3F494F9C984785EA7BE,3C3922A31E9BD3F494F9C984785EA7BE-3,"From $1,000 to $100,000: 100x surge in H-1B visa fee to dent IT sector earnings in FY27","The U.S. President Donald Trump's administration move to raise the annual H-1B visa fee from $1,000 to $100,000, a 100-fold increase, is expected to weigh on the profitability of Indian IT services companies in FY27, analysts said. They opined that no immediate earnings risks are likely, as H-1B lotteries and petitions are usually processed in Q4-Q1, meaning the financial impact would start reflecting only from the next fiscal year.","The sentence discusses the significant increase in the H-1B visa fee and its expected impact on the profitability of companies, particularly Indian IT services. This aligns with the theme of 'Tax increases operational costs for companies employing H-1B visa workers.' as it highlights how the fee increase will affect financial outcomes for these companies.",Tax increases operational costs for companies employing H-1B visa workers.,Donald Trump,,PEOP,related,"The sentence explicitly discusses the increase in the H-1B visa fee from $1,000 to $100,000, which directly relates to the theme of 'Introduction of a high fee on H-1B visas'. It also mentions the expected impact on Indian IT services companies, reinforcing the relevance to the topic.","Donald Trump is mentioned in the context of his administration's actions regarding the H-1B visa fee increase, but the sentence does not quote anything that he has explicitly said. It describes an action taken by his administration rather than a statement made by him.",narrative
Sep 2025,2025-09-22,39397C00B58A5767D15448B7983BA802,39397C00B58A5767D15448B7983BA802-8,"Asian Shares Advance as Japan Rallies, Oil Gains: Markets Wrap","On Friday, Trump also called for a sweeping overhaul of the H-1B visa program, including a $100,000 application fee. The move rattled companies that have long depended on the program to recruit global talent, particularly in California's tech-heavy economy, where employers rely on skilled computer programmers, data analysts and engineers.","The sentence discusses a proposed overhaul of the H-1B visa program, specifically mentioning a significant application fee that would impact companies relying on H-1B visa workers. This aligns with the theme of 'A proposed tax impacting companies employing H-1B visa holders.'",A proposed tax impacting companies employing H-1B visa holders.,Donald Trump,,PEOP,related,"The sentence explicitly mentions a proposed $100,000 application fee for the H-1B visa program, which directly relates to the theme of 'Introduction of a high fee on H-1B visas'.","Donald Trump is mentioned in the context of calling for an overhaul of the H-1B visa program, but the sentence does not provide a direct quote of something he has said. Instead, it describes an action he has taken, which is not the focus of the task.",narrative
Sep 2025,2025-09-22,37B02856D49B5F80E484B0B8C48CA84E,37B02856D49B5F80E484B0B8C48CA84E-1,H-1B visa fee could cost US firms $14 billion annually: Report,"US companies may have to pay $14 billion a year to hire skilled foreign workers after US President Donald Trump introduced a $100,000 fee for H-1B visas, which allow foreign employees to work in the country, a Financial Times report said.","The sentence discusses the introduction of a significant fee for H-1B visas, which directly relates to the proposed tax impacting companies employing H-1B visa holders. It highlights the financial burden that companies may face due to this new fee, aligning with the theme of increased operational costs for companies employing H-1B visa workers.",A proposed tax impacting companies employing H-1B visa holders.,Donald Trump,,PEOP,related,"The sentence directly discusses the introduction of a $100,000 fee for H-1B visas and its financial implications for US companies, clearly relating to the theme of 'Introduction of a high fee on H-1B visas'.","Donald Trump is mentioned in relation to introducing a fee for H-1B visas, but the sentence does not quote something he explicitly said. It describes an action he took rather than a statement he made.",narrative
Sep 2025,2025-09-22,37B02856D49B5F80E484B0B8C48CA84E,37B02856D49B5F80E484B0B8C48CA84E-8,H-1B visa fee could cost US firms $14 billion annually: Report,"Gary Cohn, a former economic adviser to Trump, said the White House's clarification helps current visa holders understand their status. He added that higher fees could make companies more selective, applying only for highly skilled workers they cannot find in the US.","The sentence discusses how higher fees associated with H-1B visas may lead companies to become more selective in their hiring practices, specifically focusing on highly skilled workers that are not available domestically. This aligns with the theme of 'Higher costs may deter companies from hiring H-1B visa candidates.'",Higher costs may deter companies from hiring H-1B visa candidates.,Donald Trump,,PEOP,related,"The sentence discusses the potential impact of higher fees on companies' hiring practices regarding H-1B visa holders. It implies a connection to the introduction of high fees by mentioning that these fees could lead to companies being more selective in their hiring of foreign workers, which relates directly to the theme of high fees on H-1B visas.","Donald Trump is mentioned as a former economic adviser, but the sentence does not quote anything that he has explicitly said. It discusses the views of Gary Cohn instead.",narrative
Sep 2025,2025-09-22,48B7E0C869E8D261550E99B7FE21E424,48B7E0C869E8D261550E99B7FE21E424-7,"Trump's $100,000 H-1B visa fee sparks a worldwide scramble for skilled workers: Here's who stands to gain","Tajbakhsh expressed scepticism about the efforts of some international firms to lure talent away from the US, calling such moves ""a bit desperate."" He added that for Metaview, the $100,000 fee is ""a rounding error compared to the value each member of our team creates."" The Trump administration's $100,000 fee for H-1B visa applications is poised to reshape the global competition for skilled professionals.","The sentence discusses the $100,000 fee for H-1B visa applications and its potential impact on global competition for skilled professionals, which aligns with the theme of how a proposed tax (or fee) may affect companies employing H-1B visa holders and their competitiveness in the global market.",A proposed tax impacting companies employing H-1B visa holders.,Donald Trump,,PEOP,related,"The sentence discusses the $100,000 fee for H-1B visa applications introduced by the Trump administration and its implications for global competition for skilled professionals. This directly relates to the theme of the introduction of a high fee on H-1B visas.","Donald Trump is mentioned in relation to the $100,000 fee for H-1B visa applications, but the sentence does not quote anything he has explicitly said. Instead, it describes the fee as a policy of the Trump administration without direct quotes from him.",narrative
Sep 2025,2025-09-22,48B7E0C869E8D261550E99B7FE21E424,48B7E0C869E8D261550E99B7FE21E424-1,"Trump's $100,000 H-1B visa fee sparks a worldwide scramble for skilled workers: Here's who stands to gain","The Trump administration's hike of the H-1B visa fee to $100,000 has triggered a global scramble for top talent. While US companies face higher costs, countries like the UK, Europe, and the Middle East are positioning themselves to attract skilled professionals. The UK is considering visa fee cuts to become a tech magnet, as experts warn the fee increase may hinder US innovation and prompt a shift in the global talent landscape. The Trump administration's decision to increase the H-1B visa application fee to $100,000 has generated significant shifts in the global race for highly skilled professionals.","The sentence discusses the impact of the increased H-1B visa fee on US companies and the global competition for skilled talent, indicating that higher costs may deter companies from hiring H-1B visa candidates and may affect innovation driven by H-1B visa talent.",Higher costs may deter companies from hiring H-1B visa candidates.,Donald Trump,,PEOP,related,"The sentence explicitly discusses the Trump administration's increase of the H-1B visa fee to $100,000, which directly relates to the theme of 'Introduction of a high fee on H-1B visas'. It also mentions the implications of this fee increase on global talent competition, further reinforcing its relevance to the theme.","Donald Trump is mentioned in relation to the actions of the Trump administration regarding the H-1B visa fee increase, but the sentence does not quote anything that Donald Trump has explicitly said. It describes actions taken by the administration rather than direct statements from Trump himself.",narrative
Sep 2025,2025-09-22,5740A47EC337510CEC31BD227B36121E,5740A47EC337510CEC31BD227B36121E-1,"Trump's $100,000 H-1B fee could choke off startups' access to AI talent and widen Big Tech's dominance","As the global AI arms race heats up, the Trump administration has introduced a new obstacle for U.S. startups: a $100,000 H-1B visa fee.
The move, which is part of a wider immigration crackdown from the Trump administration, could be a blow to the U.S. tech sector, which relies heavily on skilled workers from India and China, and could put pressure on the already-strained AI talent pool.","The sentence discusses the introduction of a $100,000 H-1B visa fee by the Trump administration, which is likely to hinder the recruitment of skilled H-1B visa workers, particularly in the tech sector that relies on talent from India and China. This aligns with the theme of how a new tax may hinder recruitment of skilled H-1B visa workers.",New tax may hinder recruitment of skilled H-1B visa workers.,Donald Trump,,PEOP,related,"The sentence explicitly mentions the introduction of a $100,000 H-1B visa fee by the Trump administration, which directly relates to the theme of 'Introduction of a high fee on H-1B visas'. It also discusses the implications of this fee on U.S. startups and the tech sector, reinforcing the connection to the theme.","Donald Trump is mentioned in relation to the actions of the Trump administration, but the sentence does not quote anything that he has explicitly said. It describes a policy introduced by the administration rather than a direct statement from Donald Trump.",narrative
Sep 2025,2025-09-22,537EFA462C94618EDF7F674DA649BFA3,537EFA462C94618EDF7F674DA649BFA3-6,TCS or Infosys? Which IT company has the highest share of H-1B visa employees,"With Trump's $100,000 fee effectively wiping out five to six years of profits from a single visa holder, the math no longer works. Given H-1B visas are capped at six years maximum, ""IT firms are likely to shift away from H1B visas,"" Jefferies concluded.","The sentence discusses the financial implications of a high fee associated with H-1B visas, indicating that the costs outweigh the benefits for IT firms. This aligns with the theme that companies may reassess the financial viability of hiring H-1B visa workers due to increased operational costs.",Companies may reassess the financial viability of hiring H-1B visa workers.,Donald Trump,,PEOP,related,"The sentence discusses a specific high fee of $100,000 on H-1B visas and its impact on the profitability for visa holders, which directly relates to the theme of the introduction of a high fee on H-1B visas. It also mentions the potential shift away from H-1B visas due to this fee, reinforcing the connection.","Donald Trump is mentioned in relation to a fee he has set, but the sentence does not quote something he has explicitly said. Instead, it discusses the implications of the fee and includes a conclusion from Jefferies, which does not reflect a direct quote from Trump.",narrative
Sep 2025,2025-09-22,51E0D0CD6EEB36D2B7A841FA9049D20D,51E0D0CD6EEB36D2B7A841FA9049D20D-2,"$100,000 fee on H-1B to force hiring, strategy rethink for companies: Law firm JSA on US visa shocker","In a move that is bound to impact Indian tech professionals adversely, US President Donald Trump on Friday signed a proclamation that will raise the fee for H1-B visas to a steep USD 100,000 annually. The H-1B visa fee ranges from about USD 2,000 to USD 5,000, depending on employer size and other costs.","The sentence discusses a significant increase in the fee for H-1B visas, which directly relates to the proposed tax impacting companies employing H-1B visa holders. This increase in fees can be seen as a financial burden on companies that hire H-1B visa workers.",A proposed tax impacting companies employing H-1B visa holders.,Donald Trump,,PEOP,related,"The sentence explicitly states that the fee for H-1B visas will be raised to USD 100,000 annually, which directly relates to the theme of 'Introduction of a high fee on H-1B visas'.","Donald Trump signed a proclamation regarding the H-1B visa fee, which indicates an action he has taken rather than something he has explicitly said.",narrative
Sep 2025,2025-09-22,11E625FFF21D774383C9E4A2D0697AD7,11E625FFF21D774383C9E4A2D0697AD7-1,Trump's H-1B fee hike could upend Big Tech and IT outsourcing giants' hiring models,"President Donald Trump's H-1B visa crackdown pressures Big Tech and IT outsourcing giants.
Amazon, Google, and Infosys face staffing challenges amid geopolitical and economic issues.
Firms may shift hiring to Canada and Latin America to mitigate H-1B cost impacts, analysts say.",The sentence discusses how companies are facing staffing challenges due to the H-1B visa crackdown and may shift hiring strategies to other countries to mitigate costs associated with H-1B visas. This aligns with the theme of companies altering recruitment strategies to minimize reliance on H-1B visa workers.,Companies may alter recruitment strategies to minimize H-1B visa reliance.,Donald Trump,,PEOP,related,"The sentence discusses the pressures faced by Big Tech and IT outsourcing companies due to President Trump's H-1B visa policies, which implies a connection to the introduction of high fees on H-1B visas. It mentions the potential shift in hiring strategies as a response to these costs, directly relating to the theme.","Donald Trump is mentioned in the context of a crackdown on H-1B visas, but the sentence does not quote anything he has explicitly said. It describes actions and pressures related to his policies rather than direct quotes from him.",narrative
Sep 2025,2025-09-22,0B0E5CBC2979B767517CACE599E46AD4,0B0E5CBC2979B767517CACE599E46AD4-1,"Sensex, Nifty End Lower As IT Stocks Plunge After Trump's H-1B Visa Fee Hike","Indian shares fell on Monday, with IT stocks pacing the declines after the Trump administration announced sweeping changes to the H-1B visa regime, including a steep $100,000 fee for new applications.
It is feared that the steep hike in H-1B visa fees will raise offshore deployment costs and could squeeze profit margins on existing contracts, particularly in cost-sensitive areas like application development and consulting.","The sentence discusses the impact of increased H-1B visa fees on offshore deployment costs and profit margins, which directly relates to the theme of 'Tax increases operational costs for companies employing H-1B visa workers.'",Tax increases operational costs for companies employing H-1B visa workers.,Donald Trump,,PEOP,related,"The sentence discusses the announcement of a steep $100,000 fee for new H-1B visa applications, which directly relates to the theme of 'Introduction of a high fee on H-1B visas'. It also mentions the potential impact of this fee increase on offshore deployment costs and profit margins, reinforcing the connection to the theme.","Donald Trump is mentioned in relation to the announcement of changes to the H-1B visa regime, but the sentence does not quote anything he explicitly said. It describes actions taken by the Trump administration rather than direct quotes from him.",narrative
Sep 2025,2025-09-22,0A8F8F468B4DBDC1FE6CD2ABDEF843DB,0A8F8F468B4DBDC1FE6CD2ABDEF843DB-4,"America's loss, Europe's gain? The scramble for Indian talent","However, the Trump administration's recent decision to impose a $100,000 fee on H-1B applications marks a significant departure from past practices. U.S. officials argue that the fee will deter tech companies from over-relying on foreign workers, forcing them to hire more American talent. While the intention behind this policy is to prioritise American workers, its impact on Indian tech professionals could be profound. As companies in the U.S. face new barriers to hiring foreign talent, Indian professionals may find it more difficult to secure opportunities in the U.S., pushing them to seek alternatives elsewhere.","The sentence discusses the imposition of a fee on H-1B applications and its intended effect of deterring tech companies from relying on foreign workers, which aligns with the theme of the tax impacting companies employing H-1B visa holders. It also highlights the potential consequences for recruitment and hiring practices, particularly regarding American versus foreign talent.",A proposed tax impacting companies employing H-1B visa holders.,Donald Trump,,PEOP,related,"The sentence explicitly discusses the Trump administration's decision to impose a $100,000 fee on H-1B applications, which directly relates to the theme of 'Introduction of a high fee on H-1B visas'. It also elaborates on the implications of this fee for tech companies and foreign workers, particularly Indian professionals, reinforcing the connection to the theme.","Donald Trump is mentioned in relation to the actions of the Trump administration, but the sentence does not quote anything that Donald Trump has explicitly said. It describes a decision made by the administration rather than a direct statement from Trump himself.",narrative
Sep 2025,2025-09-22,0A5FAFE94D1C7DB4E515EB1D5E17F4D1,0A5FAFE94D1C7DB4E515EB1D5E17F4D1-15,Trump's H-1B visa crackdown upends Indian IT industry's playbook,"Silicon Valley-based Constellation Research founder and chairman Ray Wang expects Trump's move to lead to more GCCs in India, more local hiring in the U.S., more pressure to deliver automation and AI at the same time, less outsourcing, fewer H-1B visas and less job mobility.","The sentence discusses the expected outcomes of Trump's move, including fewer H-1B visas, which directly relates to the theme of how tax may limit diversity by reducing H-1B visa hiring. It implies a reduction in the availability of H-1B visa workers, which aligns with the narrative of limiting H-1B visa hiring.",Tax may limit diversity by reducing H-1B visa hiring.,Donald Trump,,PEOP,related,"The sentence discusses the implications of Trump's actions on H-1B visas, specifically mentioning 'fewer H-1B visas', which directly relates to the theme of the introduction of a high fee on H-1B visas. It indicates a reduction in the availability of these visas, which aligns with the context of the article.","Donald Trump is mentioned in the context of a move he is associated with, but the sentence does not quote anything he has explicitly said. It discusses expectations and implications of his actions rather than his words.",narrative
Sep 2025,2025-09-22,07011D229E1EB5715C3BD1E1DC0C2DA8,07011D229E1EB5715C3BD1E1DC0C2DA8-1,What you need to know about changes to the H-1B visa program,"Friday's announcement by the Trump administration that it would charge companies $100,000 for H-1B visas set off a series of panicked moves by many companies, who hurried to recall visa-holding workers to the U.S. amid conflicting information about what the executive order would mean .","The sentence discusses the announcement of a new tax (or fee) for H-1B visas, which directly relates to the proposed tax impacting companies employing H-1B visa holders. It highlights the immediate reaction of companies to the announcement, indicating the tax's potential impact on their operations and workforce decisions.",A proposed tax impacting companies employing H-1B visa holders.,Donald Trump,,PEOP,related,"The sentence directly discusses the announcement of a $100,000 fee for H-1B visas, which is clearly related to the theme of introducing a high fee on H-1B visas. It describes the immediate impact of this fee on companies and their actions in response to the announcement.","Donald Trump is mentioned in relation to an announcement made by the Trump administration, but the sentence does not quote something that Donald Trump has explicitly said. Instead, it describes an action taken by the administration.",narrative
Sep 2025,2025-09-22,030A2D2C425EA6B402BE8D0963EAD424,030A2D2C425EA6B402BE8D0963EAD424-3,"Will doctors not pay $100,000 fee on H-1B visas? Report claims 'exemptions'","The development comes amid concerns that the unprecedented fee could severely impact high-skilled professionals in the US technology and medical industry.
After Trump announced imposing a $100,000 fee on the H-1B visas, the move was criticised by tech entrepreneurs in the US, including billionaire Elon Musk, who warned that the US does not have enough talent in the country to fill vacancies for important jobs in the tech sector. Major tech firms rely on Indian workers for such jobs.","The sentence discusses the imposition of a significant fee on H-1B visas and highlights concerns from tech entrepreneurs about its impact on high-skilled professionals, particularly in the technology sector. This aligns with the theme of a proposed tax impacting companies employing H-1B visa holders, as it directly addresses the financial implications of the fee on recruitment and the availability of skilled workers.",A proposed tax impacting companies employing H-1B visa holders.,Donald Trump,,PEOP,related,"The sentence discusses the introduction of a $100,000 fee on H-1B visas and its potential impact on high-skilled professionals, which directly relates to the theme of the introduction of a high fee on H-1B visas.","Donald Trump is mentioned in relation to announcing a fee on H-1B visas, but the sentence does not quote his exact words. It describes an action he took rather than something he explicitly said.",narrative
Sep 2025,2025-09-22,030579DF5B84380AA5DC40194678446C,030579DF5B84380AA5DC40194678446C-2,"Trump's $100k visa fee 'puts US at risk of recession,' analysts warn","The White House confirmed over the weekend the US would immediately start charging the levy every time a company makes a request to bring in a skilled worker from another country via the H-1B visa. The move could have a serious impact on the country's all-important technology sector, which heavily relies on importing talent from overseas. And, when combined with Trump's other attempts to wean the US off foreign labour, the President's new H-1B fee could put the brakes on the country's economic output, according to investment bank Berenberg. Berenberg on Monday slashed US growth forecasts for this year from 2 to 1.5 per cent, as economist Atakan Bakiskan decried 'yet another policy mistake' and more 'anti-growth policymaking' from the Trump administration.","The sentence discusses the introduction of a new levy on companies requesting H-1B visas, indicating a direct impact on companies employing H-1B visa holders. It highlights the potential negative effects on the technology sector and the overall economic output, aligning with the theme of a proposed tax impacting companies employing H-1B visa holders.",A proposed tax impacting companies employing H-1B visa holders.,Donald Trump,,PEOP,related,"The sentence discusses the introduction of a new fee for H-1B visa applications, confirming the government's action and its potential impact on the economy and technology sector. This directly relates to the theme of 'Introduction of a high fee on H-1B visas'.","Donald Trump is mentioned in relation to his administration's policies, but the sentence does not quote anything he has explicitly said. It discusses actions taken by the White House and the implications of those actions, rather than providing a direct quote from Trump himself.",narrative
Sep 2025,2025-09-22,2C722C56B73577CED583F1BF5494C643,2C722C56B73577CED583F1BF5494C643-1,"Alternatives to H-1B visas: After fee hike by Trump to $100,000, O1 & L1 visas gain traction; check cost, approval rates","Following the surge in H-1B visa fees, legal experts predict a rise in L1 and O1 visa applications, presenting financially viable alternatives. While O1 and L1 visas have stringent eligibility criteria, organizations are expected to steer recruits toward these options. The Donald Trump administration's H-1B visa fee hike to $100,000 may lead to companies opting for cheaper alternatives such as L1 and O1 visa categories. Despite having more rigorous qualification requirements and not being complete substitutes for H-1B visas, organisations are likely to develop strategies to prepare candidates for these alternative visa categories, according to experts.","The sentence discusses the impact of increased H-1B visa fees on recruitment strategies, suggesting that companies may shift their focus to alternative visa categories like L1 and O1. This aligns with the theme of companies altering recruitment strategies to minimize reliance on H-1B visas due to higher costs.",Companies may alter recruitment strategies to minimize H-1B visa reliance.,Donald Trump,,PEOP,related,"The sentence discusses the increase in H-1B visa fees and its impact on the application rates for L1 and O1 visas, directly linking to the theme of the introduction of a high fee on H-1B visas. It mentions the specific fee hike to $100,000 and how it influences organizational strategies regarding visa applications.","Donald Trump is mentioned in relation to the H-1B visa fee hike, but the sentence does not quote something he has explicitly said. Instead, it describes an action taken by his administration. Therefore, it does not meet the criteria for a direct quote.",narrative
Sep 2025,2025-09-22,24F54F87D615E07B59BD1E67839F1650,24F54F87D615E07B59BD1E67839F1650-1,New H-1B Visa Fees Could Undercut U.S. Tech Edge,"Researchers warn that adding a $100,000 fee for H-1B visa applicants could compromise national security, harm the U.S. tech sector, and discourage skilled workers from working for American companies.
The fee, the subject of an executive order from President Trump, is scheduled to take effect on September 28, and would be 60 times the current cost of obtaining the visa, which is relied upon heavily by major U.S. tech companies to recruit foreign talent. According to the Guardian, Amazon had more than 10,000 H-1B visas approved in the first half of 2025 alone, while Microsoft and Meta each had more than 5,000 approved over that same period. India has been the biggest benefactor of H-1B visas in recent years, accounting for more than 70% of approvals in 2024.","The sentence discusses the potential negative impacts of a new fee for H-1B visa applicants, specifically mentioning that it could discourage skilled workers from working for American companies. This aligns with the theme 'New tax may hinder recruitment of skilled H-1B visa workers.'",New tax may hinder recruitment of skilled H-1B visa workers.,Donald Trump,,PEOP,related,"The sentence discusses the introduction of a $100,000 fee for H-1B visa applicants, which is directly related to the theme of 'Introduction of a high fee on H-1B visas'. It also mentions the implications of this fee on national security and the tech sector, reinforcing its relevance to the topic.","Donald Trump is mentioned in relation to an executive order regarding the fee for H-1B visa applicants, but the sentence does not quote anything he has explicitly said. It discusses an action he has taken rather than a statement he has made.",narrative
Sep 2025,2025-09-22,18F7A039E1381EDF67DB17F55B48E326,18F7A039E1381EDF67DB17F55B48E326-5,"H-1B Visa Fee Hike: TCS, Infosys Better Equipped To Absorb Costs, Says Moody's","Indian companies have steadily pared back their dependence on H-1B visas since Trump threatened to raise immigration barriers in his first term. They have also stepped up local hiring in the US.
Patodia said the steep rise in H-1B visa fees will raise operating costs for Indian IT services companies that have the US as their largest and most important market. This adds to a possible 25% tax under the proposed 'HIRE Act', if US companies outsource to foreign entities.","The sentence discusses the increase in H-1B visa fees and the potential tax under the proposed 'HIRE Act', which directly relates to the operational costs for companies employing H-1B visa workers. This aligns with the theme of how tax increases operational costs for companies employing H-1B visa workers.",Tax increases operational costs for companies employing H-1B visa workers.,Donald Trump,,PEOP,related,"The sentence discusses the impact of rising H-1B visa fees on Indian IT services companies, indicating a direct connection to the theme of 'Introduction of a high fee on H-1B visas'. It highlights how these fees will affect operating costs, which is relevant to the topic.","Donald Trump is mentioned in the context of threatening to raise immigration barriers, but the sentence does not quote anything he explicitly said. It discusses actions and consequences related to his policies rather than direct quotes from him.",narrative
Sep 2025,2025-09-22,872BA77A2893258CB39913306B7B7E5B,872BA77A2893258CB39913306B7B7E5B-2,Market Minute 9/22/25: Tech Sector Scrambles Amid H1-B Policy Shift,"Top US technology companies - and Indian outsourcing firms they work with - scrambled to figure out what to do on the staffing front over the weekend. The catalyst: New Trump Administration rules that would charge companies $100,000 each to bring in specialist foreign workers on H-1B visas. Companies like Amazon.com Inc. (AMZN), Microsoft Corp. (MSFT), and Meta Platforms Inc. (META) are the heaviest US users of the program.","The sentence discusses new rules from the Trump Administration that impose a significant charge on companies for hiring foreign workers on H-1B visas, indicating a direct impact on companies employing H-1B visa holders.",A proposed tax impacting companies employing H-1B visa holders.,Donald Trump,,PEOP,related,"The sentence explicitly mentions new rules from the Trump Administration that would impose a $100,000 fee on companies for bringing in foreign workers on H-1B visas. This directly relates to the theme of 'Introduction of a high fee on H-1B visas'.","Donald Trump is mentioned in relation to new rules implemented by his administration, but the sentence does not quote anything he explicitly said. It describes actions taken by the administration rather than direct statements from Donald Trump.",narrative
Sep 2025,2025-09-22,83BA370C7C3C10D58B40B07987A89B73,83BA370C7C3C10D58B40B07987A89B73-1,Trump's H-1B visa fee sparks chaos and confusion among Chinese talents in the U.S.,"The Trump administration said last Friday that it would ask companies to pay $100,000 for new H-1B visa petitions.
The latest measures would push employers toward ""using the program not for bulk recruitment, but for a narrow band of elite, high-compensation jobs,"" said an immigration lawyer.
Many of those affected had to cut short their vacation plans or canceled their trips altogether, fearing that they may not be allowed back into the U.S. once the new rules took effect.","The sentence discusses a proposed tax related to H-1B visa petitions, indicating a direct impact on companies employing H-1B visa holders. It highlights the administration's intention to impose a fee, which aligns with the theme of a proposed tax impacting companies employing H-1B visa holders.",A proposed tax impacting companies employing H-1B visa holders.,Donald Trump,,PEOP,related,"The sentence discusses the Trump administration's proposal for a $100,000 fee for new H-1B visa petitions, which directly relates to the introduction of a high fee on H-1B visas. It also mentions the implications of this fee on employers and affected individuals, reinforcing the connection to the theme.","Donald Trump is mentioned in the context of the administration's actions, but the sentence does not quote anything that he has explicitly said. It describes actions taken by the Trump administration rather than direct quotes from Donald Trump himself.",narrative
Sep 2025,2025-09-22,7FD1457A192D8A1A7E0AEE02CFEDCFEE,7FD1457A192D8A1A7E0AEE02CFEDCFEE-5,Morning Bid: High Price to Pay,"Chart of the day
After the Trump administration said on Friday that it would ask companies to pay $100,000 per year for H-1B working visas, some big tech companies and banks, including Microsoft, Amazon, Alphabet and Goldman Sachs, warned employees to stay in the U.S. or quickly return. However, the White House on Saturday clarified that this is a one time, not an annual fee, and that it will not be applied to existing visa holders re-entering the country.","The sentence discusses a proposed fee for H-1B working visas, which directly relates to the theme of a proposed tax impacting companies employing H-1B visa holders. It highlights the financial implications for companies and their employees regarding H-1B visas.",A proposed tax impacting companies employing H-1B visa holders.,Donald Trump,,PEOP,related,"The sentence discusses the introduction of a high fee for H-1B visas, specifically mentioning the proposed $100,000 fee and the subsequent clarification from the White House. This directly relates to the theme of 'Introduction of a high fee on H-1B visas'.","Donald Trump is mentioned in the context of the administration's actions regarding H-1B visas, but the sentence does not quote something that he explicitly said. Instead, it describes actions taken by the Trump administration.",narrative
Sep 2025,2025-09-22,7F9CF9E12A47218F819F0D908D4F5E48,7F9CF9E12A47218F819F0D908D4F5E48-1,Drastic US visa fee hike,"The United States, long considered a land of opportunity, is now erecting new barriers in the name of national interest. The latest blow comes in the form of an unprecedented increase in the H-1B visa application fee, from $1,000 to an eye-watering $100,000 per applicant. This 100-fold jump, enacted by the Trump administration, is not a minor adjustment but a calculated move to deter foreign professionals from entering the U.S. job market, particularly in the high-demand fields of science, technology, engineering and mathematics (STEM).","The sentence discusses the significant increase in the H-1B visa application fee, which is a direct action that impacts companies employing H-1B visa holders. This aligns with the theme of a proposed tax impacting companies employing H-1B visa holders, as the fee increase serves as a financial barrier for hiring foreign professionals.",A proposed tax impacting companies employing H-1B visa holders.,Donald Trump,,PEOP,related,"The sentence explicitly discusses an unprecedented increase in the H-1B visa application fee, detailing the jump from $1,000 to $100,000. This directly relates to the theme of 'Introduction of a high fee on H-1B visas' as it describes the fee increase and its implications for foreign professionals.","Donald Trump is mentioned in relation to the actions taken by the Trump administration regarding the H-1B visa application fee, but the sentence does not quote anything that Donald Trump has explicitly said.",narrative
Sep 2025,2025-09-22,7F084B6D57F40BC9A3135E7E9A99D7CA,7F084B6D57F40BC9A3135E7E9A99D7CA-15,"The $100,000 H-1B gamble: Why Donald Trump's visa tax won't save American jobs - winners and losers","Trump's $100,000 H-1B fee might win applause from immigration hardliners, but the economic evidence suggests it won't protect most American workers. Instead, it risks exporting US jobs, draining talent, and undermining competitiveness - while giving India's tech sector an unexpected boost.","The sentence discusses the potential negative economic impacts of a proposed H-1B fee, including the risk of exporting US jobs and undermining competitiveness, which aligns with the theme of how tax may affect companies' competitiveness in the global market.",Tax may affect companies' competitiveness in the global market.,Donald Trump,,PEOP,related,"The sentence discusses a proposed $100,000 fee on H-1B visas and its implications, which directly relates to the theme of 'Introduction of a high fee on H-1B visas'. It highlights the potential consequences of such a fee on American jobs and the tech sector, making the connection clear.","Donald Trump is mentioned in relation to a fee he proposed, but the sentence does not quote anything he has explicitly said. It discusses the implications of his proposal rather than providing a direct quote.",narrative
Sep 2025,2025-09-22,7F084B6D57F40BC9A3135E7E9A99D7CA,7F084B6D57F40BC9A3135E7E9A99D7CA-1,"The $100,000 H-1B gamble: Why Donald Trump's visa tax won't save American jobs - winners and losers","TL;DR: Driving the news
US President Donald Trump's proclamation to impose a $100,000 fee on new H-1B visas has jolted corporate America, global talent, and many immigrant communities - particularly Indian-Americans. Rolled out with little warning, the six-figure charge is meant to curb what Trump and his allies call the ""most abused visa"" and force tech giants to hire American workers instead.","The sentence discusses a proposed fee on new H-1B visas, which directly relates to the theme of a proposed tax impacting companies employing H-1B visa holders. It highlights the intention behind the fee and its potential effects on corporate America and the hiring of foreign talent.",A proposed tax impacting companies employing H-1B visa holders.,Donald Trump,,PEOP,related,"The sentence explicitly discusses President Trump's proclamation to impose a $100,000 fee on new H-1B visas, which directly relates to the theme of 'Introduction of a high fee on H-1B visas'. It also mentions the implications of this fee on corporate America and immigrant communities, reinforcing the connection to the theme.","Donald Trump is mentioned in the context of his proclamation regarding the imposition of a fee on H-1B visas, but the sentence describes an action he has taken rather than quoting something he has explicitly said.",narrative
Sep 2025,2025-09-22,8B22D6B4C27C8B9DDCC3F82C6227EE0C,8B22D6B4C27C8B9DDCC3F82C6227EE0C-8,"Tech firms hit out at Trump's new visa rules, industry majors stay silent","Economists warn the policy could exacerbate strains in the US labour market. Analysts at Berenberg said while advances in artificial intelligence may fill some staffing gaps, the visa hike would create additional pressure on companies already navigating the fallout of Trump-era trade disputes.
India caught napping by Trump's H-1B visa blow 
""By making it very expensive for companies to attract foreign talent, and by forcing some international students to leave the country after graduation, the brain drain will weigh heavily on productivity,"" the bank's economists wrote.","The sentence discusses how the policy could create additional pressure on companies and exacerbate strains in the labor market, particularly by making it expensive to attract foreign talent, which aligns with the theme of the tax impacting companies employing H-1B visa holders and potentially leading to shortages in specialized skills from H-1B visa workers.",Tax may exacerbate shortages in specialized skills from H-1B visa workers.,Donald Trump,,PEOP,related,"The sentence discusses the implications of a visa fee increase on companies' ability to attract foreign talent and its potential impact on productivity, which directly relates to the theme of 'Introduction of a high fee on H-1B visas'.","Donald Trump is mentioned in the context of the impact of his policies, but the sentence does not quote anything that he has explicitly said. Instead, it discusses the consequences of his actions regarding H-1B visas.",narrative
Sep 2025,2025-09-22,8E42C308771E622943891B666A62D205,8E42C308771E622943891B666A62D205-15,"The $100,000 H-1B gamble: Why Donald Trump's visa tax won't save American jobs - winners and losers","Business adaptation: Tech firms and universities may accelerate offshore hiring, automation, or near-shoring to Mexico and Canada.
Talent shift: If the fee survives, expect a sharper ""ghar wapsi"" wave - Indian engineers leaving the US to build startups at home.
Trump's $100,000 H-1B fee might win applause from immigration hardliners, but the economic evidence suggests it won't protect most American workers. Instead, it risks exporting US jobs, draining talent, and undermining competitiveness - while giving India's tech sector an unexpected boost. (With inputs from agencies)","The sentence discusses the potential consequences of a proposed fee on H-1B visas, including the acceleration of offshore hiring and the departure of Indian engineers from the US, which aligns with the theme of how tax or fees may influence decisions to offshore roles typically filled by H-1B visa workers. It also touches on the broader implications for competitiveness and talent distribution, which are relevant to the narratives about the impact of such taxes on companies' operational strategies and workforce planning.",Tax may influence decisions to onshore or offshore roles typically filled by H-1B visa workers.,Donald Trump,,PEOP,related,"The sentence discusses the potential consequences of a high fee on H-1B visas, specifically mentioning Trump's proposed $100,000 fee and its implications for American jobs and the tech sector. This directly relates to the theme of the introduction of a high fee on H-1B visas.","Donald Trump is mentioned in relation to the $100,000 H-1B fee, but the sentence does not quote something he has explicitly said. Instead, it discusses the implications of his proposed fee and the reactions to it.",narrative
Sep 2025,2025-09-22,8E42C308771E622943891B666A62D205,8E42C308771E622943891B666A62D205-8,"The $100,000 H-1B gamble: Why Donald Trump's visa tax won't save American jobs - winners and losers","""Trump's $100,000 H-1B fee is economic suicide for America,"" Vivek Wadhwa, a former fellow at Harvard Law School, told the TOI. ""It will force Indian talent to go home ... driving innovation out of the US and handing India an economic gift.""","The sentence discusses the negative impact of a proposed fee on H-1B visas, suggesting it will drive talent away from the US and hinder innovation, which aligns with the theme of how tax may impact innovation driven by H-1B visa talent.",Tax may impact innovation driven by H-1B visa talent.,Donald Trump,,PEOP,related,"The sentence directly discusses a proposed high fee on H-1B visas, specifically mentioning a $100,000 fee and its implications for American innovation and talent retention. This clearly relates to the theme of 'Introduction of a high fee on H-1B visas'.","Donald Trump is mentioned in the context of a fee he has set, but the sentence does not quote something he has explicitly said. Instead, it quotes Vivek Wadhwa's opinion on Trump's actions regarding the H-1B fee.",narrative
Sep 2025,2025-09-22,730D73D8F1B2AC43D4712AF6C9B299A1,730D73D8F1B2AC43D4712AF6C9B299A1-1,H1B visa fees surge: Which companies are most dependent on US-based employees?,"The proposed $100,000 H-1B visa fee threatens to disrupt the U.S. tech ecosystem, where companies like Amazon, Microsoft, and TCS rely heavily on foreign talent. With Indians making up over 70% of beneficiaries, both American corporations and Indian IT firms face strategic recalibrations, potentially reshaping global innovation, accelerating automation, and shifting the balance of technological power. In the world of global technology, talent is both fuel and compass. Yet, the United States now stands at a crossroads where policy shifts threaten to reroute this flow of expertise. The Trump administration's proposed $100,000 annual fee on H-1B visas is not merely an immigration adjustment, it is a tectonic movement with the power to reshape global tech hierarchies.","The sentence discusses the proposed $100,000 fee on H-1B visas and its potential impact on the U.S. tech ecosystem, highlighting how it threatens to disrupt reliance on foreign talent and reshape global innovation. This aligns with the theme of 'A proposed tax impacting companies employing H-1B visa holders.'",A proposed tax impacting companies employing H-1B visa holders.,Donald Trump,,PEOP,related,"The sentence explicitly discusses the proposed $100,000 fee on H-1B visas and its implications for the tech ecosystem, making a clear connection to the theme of 'Introduction of a high fee on H-1B visas'.","Donald Trump is mentioned in relation to the proposed fee on H-1B visas, but the sentence does not quote anything he has explicitly said. Instead, it describes a proposal attributed to the Trump administration without direct quotes.",narrative
Sep 2025,2025-09-22,71E6B6BE87374D0A07219CF55296CADC,71E6B6BE87374D0A07219CF55296CADC-3,"I'd happily pay $100,000 for an H-1B hire to get the best talent for my AI company. It's part of the cost of doing business.","I woke up around 5:30 a.m. on Saturday in London and saw an email from lawyers with ""urgent notice"" in the subject line.
We had an employee who was supposed to enter the US in the coming days after their H-1B visa petition was approved earlier in the year. The lawyers outlined President Trump's executive order issuing changes to H-1B visa rules, including that companies would need to pay a $100,000 fee per H-1B employee.","The sentence discusses changes to H-1B visa rules, specifically mentioning a new fee that companies would need to pay per H-1B employee, which directly relates to the proposed tax impacting companies employing H-1B visa holders.",A proposed tax impacting companies employing H-1B visa holders.,Donald Trump,,PEOP,related,"The sentence discusses an email from lawyers regarding changes to H-1B visa rules, specifically mentioning a $100,000 fee per H-1B employee. This directly relates to the theme of 'Introduction of a high fee on H-1B visas'.","Donald Trump is mentioned in relation to an executive order, but the sentence does not quote anything he has explicitly said. It describes actions taken by him rather than his words.",narrative
Sep 2025,2025-09-22,6DE502EE3F454C72071C50E905B50A08,6DE502EE3F454C72071C50E905B50A08-4,Hiring strategy of Indian AI startups in US goes for toss,"On September 19, the Trump administration issued a proclamation that mandated $100,000 in fees for new H-1B petitions for entry into the US.
The development could force the fledgling sector to alter growth strategies. ET had earlier reported that companies had already been already facing hurdles in securing even temporary visitor and business visas (B1/B2) or the O-1 visa, which is preferred by founders.","The sentence discusses a new fee imposed on H-1B petitions, which directly relates to the theme of a proposed tax impacting companies employing H-1B visa holders. It indicates that this financial burden could lead companies to change their growth strategies, aligning with the narrative of increased operational costs and potential impacts on hiring practices.",A proposed tax impacting companies employing H-1B visa holders.,Donald Trump,,PEOP,related,"The sentence explicitly mentions a proclamation by the Trump administration that mandated $100,000 in fees for new H-1B petitions, which directly relates to the introduction of a high fee on H-1B visas. This connection is clear and relevant to the theme.","Donald Trump is mentioned in relation to the actions of the Trump administration, but the sentence does not quote anything that Donald Trump has explicitly said. It describes a proclamation issued by the administration, which is an action rather than a direct quote from Donald Trump.",narrative
Sep 2025,2025-09-22,67F08CD737311E2500AC7DA40D50EA0C,67F08CD737311E2500AC7DA40D50EA0C-1,H-1B Visa Fee Hike Threatens Tech Industry's Talent Pool,"The Trump administration's proposed $100,000 fee for H-1B visas could significantly impact tech companies reliant on foreign talent, primarily from India. Analysts predict this fee increase may prompt companies to seek local resources or shift operations overseas, affecting innovation in the U.S. tech industry.","The sentence discusses a proposed fee for H-1B visas and its potential impact on tech companies, indicating that it may lead to companies seeking local resources or shifting operations overseas. This aligns with the theme of how a tax (or fee) may influence decisions to onshore or offshore roles typically filled by H-1B visa workers.",Tax may influence decisions to onshore or offshore roles typically filled by H-1B visa workers.,Donald Trump,,PEOP,related,"The sentence discusses a proposed $100,000 fee for H-1B visas and its potential impact on tech companies, which directly relates to the theme of 'Introduction of a high fee on H-1B visas'.","Donald Trump is mentioned in relation to the administration's proposed fee, but the sentence does not quote anything that he has explicitly said. It discusses the administration's actions rather than direct statements from Donald Trump.",narrative
Sep 2025,2025-09-22,641AEFD02006ABCF773A7E53C7517E7C,641AEFD02006ABCF773A7E53C7517E7C-4,"H-1B visa shakeup: Doctors may avoid $100,000 fee amid backlash","Tech Industry Braces for Impact
The Trump administration announced last Friday that companies would be required to pay $100,000 per year for H-1B worker visas. Big tech firms warned that the fee could drive skilled workers to leave the U.S. or deter them from coming altogether, potentially affecting companies heavily reliant on talent from India and China.","The sentence discusses the announcement of a new fee for H-1B worker visas and the potential consequences for skilled workers, which aligns with the theme of how a new tax may hinder recruitment of skilled H-1B visa workers.",New tax may hinder recruitment of skilled H-1B visa workers.,Donald Trump,,PEOP,related,"The sentence directly discusses the introduction of a $100,000 fee for H-1B worker visas, which is the central theme of the article. It also highlights the potential impact of this fee on the tech industry and skilled workers, making it clearly related to the theme.","Donald Trump is mentioned in the context of the administration's actions, but the sentence does not quote anything that he has explicitly said. It describes a decision made by the Trump administration rather than a direct quote from Donald Trump himself.",narrative
Sep 2025,2025-09-22,6223E5791BD70F948F76CB6E60FC2B7B,6223E5791BD70F948F76CB6E60FC2B7B-1,"'Extremely chaotic.' Tech industry rattled by Trump's $100,000 H-1B visa fee",President Trump's new sky-high visa fees have shaken Silicon Valley's tech giants as they contemplate a surge in the cost of hiring global talent and a new tactic the White House can use to keep Silicon Valley in line.,"The sentence discusses the impact of increased visa fees on the cost of hiring global talent, which aligns with the theme of higher costs deterring companies from hiring H-1B visa candidates. It highlights the financial implications for tech giants in Silicon Valley, indicating that the new fees may lead to reconsideration of hiring practices.",Higher costs may deter companies from hiring H-1B visa candidates.,Donald Trump,,PEOP,related,"The sentence discusses President Trump's high visa fees, specifically mentioning the impact on Silicon Valley and the cost of hiring global talent, which directly relates to the introduction of a high fee on H-1B visas.","Donald Trump is mentioned in relation to the new visa fees, but the sentence does not quote anything he has explicitly said. It describes actions taken by his administration rather than direct quotes from him.",narrative
Sep 2025,2025-09-22,5BBE3A198754F41F7DBFC40747506B71,5BBE3A198754F41F7DBFC40747506B71-1,"Will the $100,000 visa fee create more US jobs? Economists aren't so sure","Changes to the H-1B system could help U.S. workers. But some economists say losing foreign talent could hurt innovation-and shift production overseas.
President Trump's administration set the new fee for the visas.","The sentence discusses the potential negative impact of losing foreign talent on innovation and production, which aligns with the theme of how tax or changes to the H-1B system may impact innovation driven by H-1B visa talent. It also hints at the broader implications of such changes on the workforce and economic strategies.",Tax may impact innovation driven by H-1B visa talent.,Donald Trump,,PEOP,related,"The sentence mentions the new fee for H-1B visas set by President Trump's administration, which directly relates to the theme of 'Introduction of a high fee on H-1B visas'.","Donald Trump is mentioned in relation to his administration setting a new fee for the visas, but this does not reflect something he explicitly said. Therefore, it does not qualify as a quote.",narrative
Sep 2025,2025-09-22,75B1AD3BFF2B3C2E357EA8974748AF6C,75B1AD3BFF2B3C2E357EA8974748AF6C-3,"How higher H-1B fees threaten jobs, profits, India's IT outlook","Fee implications
Visa fee hike may disrupt traditional export models
The Donald Trump administration recently raised H-1B visa fees significantly, from the previous range of $1,500-$4,000 to $100,000.
While this change doesn't affect existing visa holders or renewals, it could have a major impact on Indian IT companies that rely heavily on new on-site visas.
Emkay's Chief Economist Madhavi Arora said if these higher fees persist they could disrupt traditional export models and pressurize project margins in the long run.","The sentence discusses the significant increase in H-1B visa fees and its potential impact on companies, particularly Indian IT firms, which rely on new visas. This aligns with the theme of 'Tax increases operational costs for companies employing H-1B visa workers.' as the fee hike represents an operational cost increase that could affect project margins.",Tax increases operational costs for companies employing H-1B visa workers.,Donald Trump,,PEOP,related,"The sentence explicitly discusses the significant increase in H-1B visa fees, detailing the previous fee range and the new fee amount. It also addresses the potential impact of these fees on Indian IT companies, which is directly related to the theme of 'Introduction of a high fee on H-1B visas'.","Donald Trump is mentioned in relation to the administration's actions regarding H-1B visa fees, but the sentence does not quote anything that he has explicitly said. It describes an action taken by his administration rather than a statement made by him.",narrative
Sep 2025,2025-09-22,7696E711B65B7F9C8996DE69C033786E,7696E711B65B7F9C8996DE69C033786E-1,Trump's New H-1B Visa Cost Could Hurt US Tech Companies,"US tech companies could have a harder time attracting foreign workers after President Donald Trump raised the application fee for H-1B visa's to $100,000. After Trump made the announcement late Friday, some companies had to tell affected employees to return to the US right away and to not travel overseas. Bloomberg's Michael Shepard reports.","The sentence discusses the increase in application fees for H-1B visas, which directly relates to the theme of a proposed tax impacting companies employing H-1B visa holders. The mention of companies having a harder time attracting foreign workers due to the fee increase aligns with the narrative of how financial burdens can affect recruitment strategies.",A proposed tax impacting companies employing H-1B visa holders.,Donald Trump,,PEOP,related,"The sentence directly discusses the increase in the application fee for H-1B visas to $100,000, which is a clear reference to the introduction of a high fee on H-1B visas. It also mentions the implications of this fee increase on US tech companies and foreign workers, reinforcing the connection to the theme.","Donald Trump is mentioned in relation to raising the application fee for H-1B visas, but the sentence describes an action he took (raised the fee) rather than quoting something he explicitly said.",narrative
Sep 2025,2025-09-22,7C3F68D6561BA3C1036078372D129B6C,7C3F68D6561BA3C1036078372D129B6C-1,Don't panic: H-1B visas will cost companies $100K only for new petitions,"However, the changes could lead to more offshoring
In a surprise announcement on Friday, President Trump issued a proclamation, sparking panic among many visa holders, leading the White House to issue a clarification. Only new applicants will cost their companies $100K a pop.","The sentence discusses potential changes that could lead to more offshoring, which relates to the theme of how tax may influence decisions to onshore or offshore roles typically filled by H-1B visa workers. The mention of costs associated with new applicants also hints at financial considerations that could drive companies to offshore instead of hiring H-1B visa workers.",Tax may influence decisions to onshore or offshore roles typically filled by H-1B visa workers.,Donald Trump,,PEOP,related,"The sentence discusses the cost implications of H-1B visas, specifically mentioning that new applicants will incur a fee of $100K. This directly relates to the theme of 'Introduction of a high fee on H-1B visas'.","Donald Trump is mentioned as having issued a proclamation, but the sentence does not quote anything he explicitly said. Instead, it describes an action he took, which does not meet the criteria for a quote.",narrative
Sep 2025,2025-09-22,7A27EACF50CE11EC836831F692CA01E0,7A27EACF50CE11EC836831F692CA01E0-1,H-1B visa fee hike: How it could rewrite the rules of IT power for India and America,"The Trump administration's proposed $100,000 H-1B visa fee threatens to disrupt the flow of Indian talent underpinning U.S. tech innovation. While American firms risk higher costs and constrained innovation, Indian IT companies may pivot from service exports to product-driven growth. This policy could recalibrate global technology power, reshaping talent, investment, and the future of innovation worldwide. This is more than about costs. At its heart lies a question of capacity: Can the U.S. maintain its technological dominance if barriers rise for foreign specialists? Can Indian IT firms accelerate their evolution from service exporters into innovation originators?","The sentence discusses the proposed H-1B visa fee and its potential impact on the flow of talent, particularly from India, which is crucial for U.S. tech innovation. It highlights how higher costs could constrain innovation and affect the competitiveness of American firms, aligning with the theme of how tax may impact innovation driven by H-1B visa talent.",Tax may impact innovation driven by H-1B visa talent.,Donald Trump,,PEOP,related,"The sentence discusses the proposed $100,000 fee on H-1B visas and its implications for U.S. tech innovation and Indian IT companies. It directly addresses the introduction of a high fee on H-1B visas and its potential impact, making the connection clear.","Donald Trump is mentioned in relation to the administration's proposed fee, but the sentence does not quote anything that Donald Trump has explicitly said. It discusses the implications of the proposed fee rather than providing a direct quote from him.",narrative
Sep 2025,2025-09-22,77708FB209E4C57B0C4B36B5BDF835A7,77708FB209E4C57B0C4B36B5BDF835A7-3,"""I've worked on H1-B politics for 30 years,"" Netflix co-founder says US' $100k H-1B tax is...","White House Press Secretary Karoline Leavitt clarified Saturday that it's a one-time payment for new petitions only, not renewals or existing visa holders."" This is NOT an annual fee,"" Leavitt posted on X, explaining the policy applies to new visas starting with the March 2026 lottery cycle. The weekend brought chaos across Silicon Valley after Trump signed the executive order Friday. Companies including Amazon, Microsoft, Google, and Tesla urged H-1B employees to stay in the U.S. or return before the Sunday deadline. At San Francisco airport, passengers reportedly deplaned from India-bound flights after learning about the new rules.","The sentence discusses a new policy regarding H-1B visa payments and its implications for companies and employees, indicating a change in the landscape of H-1B visa applications. This relates to the proposed tax impacting companies employing H-1B visa holders, as it introduces a new financial consideration for companies involved in the H-1B visa process.",A proposed tax impacting companies employing H-1B visa holders.,Donald Trump,,PEOP,related,"The sentence discusses a new policy regarding H-1B visas, specifically mentioning a one-time payment for new petitions, which relates directly to the introduction of a high fee on H-1B visas. It provides context about the fee structure and its implications for new visa applications, aligning with the theme.","Donald Trump is mentioned in the context of having signed an executive order, but the sentence does not quote anything that he has explicitly said. Therefore, it does not meet the criteria for a quote.",narrative
Sep 2025,2025-09-23,B63F2AA27CFE8D74D6645CA4609C4D8A,B63F2AA27CFE8D74D6645CA4609C4D8A-1,"IT companies likely to reduce H-1B visa impact by nearshoring, hiring local talent: Nuvama","The IT companies are expected to find ways to soften the blow of the recent hike in H-1B visa fees announced by the U.S. administration, according to a report by Nuvama.
On Friday, September 19, US President Donald Trump passed an executive order imposing a USD 100,000 fee for new H-1B visa applications, a sharp increase from the current level of about USD 1,500.","The sentence discusses the recent increase in H-1B visa fees and how IT companies are expected to adapt to this change, which directly relates to the theme of 'Tax increases operational costs for companies employing H-1B visa workers.' The mention of a significant fee hike indicates an increase in operational costs for these companies.",Tax increases operational costs for companies employing H-1B visa workers.,Donald Trump,,PEOP,related,"The sentence discusses the recent hike in H-1B visa fees, specifically mentioning the new fee of USD 100,000 imposed by the U.S. administration. This directly relates to the theme of 'Introduction of a high fee on H-1B visas'.","Donald Trump is mentioned in the context of passing an executive order, which is an action he has taken, rather than something he has explicitly said. Therefore, the sentence does not quote him directly.",narrative
Sep 2025,2025-09-23,B54C5F355B6B4C35D35B504D1E9A29ED,B54C5F355B6B4C35D35B504D1E9A29ED-1,Trump's $100K H-1B fee has Wall Street weighing new global talent strategies,"JPMorgan CEO Jamie Dimon says the surprise change to foreign worker policy ""caught everyone off guard,"" with implications reverberating out to the tech sector and beyond.
The $100,000 fee suddenly imposed on new H-1B visa petitions by President Donald Trump's administration has left Wall Street firms scrambling to assess the impact on their workforce and global operations, according to reports.","The sentence discusses the sudden imposition of a $100,000 fee on new H-1B visa petitions, which directly relates to the proposed tax impacting companies employing H-1B visa holders. It highlights the immediate concern and operational implications for firms like JPMorgan, indicating how this policy change affects their workforce and global operations.",A proposed tax impacting companies employing H-1B visa holders.,Donald Trump,,PEOP,related,"The sentence explicitly mentions the $100,000 fee imposed on new H-1B visa petitions, which directly relates to the theme of 'Introduction of a high fee on H-1B visas'. It discusses the implications of this fee on Wall Street firms and their workforce, clearly establishing a connection to the theme.","Donald Trump is mentioned in relation to the $100,000 fee imposed on new H-1B visa petitions, but the sentence does not quote something he explicitly said. Instead, it describes an action taken by his administration. Therefore, it does not meet the criteria for a direct quote.",narrative
Sep 2025,2025-09-23,B4C5E2AAB07FFE270C8FA7303901AE13,B4C5E2AAB07FFE270C8FA7303901AE13-1,"Indian IT firms to tackle H-1B visa fee hike with local hiring, offshoring and nearshoring: Report","New Delhi, Sep 23: Indian IT companies are expected to adjust their strategies to deal with the recent sharp hike in H-1B visa fees announced by the US administration, a new report said on Tuesday.
On September 19, US President Donald Trump signed an executive order imposing a fee of $100,000 for new H-1B visa applications, a steep jump from the existing cost of around $1,500.","The sentence discusses the adjustment of strategies by Indian IT companies in response to the significant increase in H-1B visa fees, which directly relates to the theme of companies altering recruitment strategies to minimize H-1B visa reliance due to increased costs.",Companies may alter recruitment strategies to minimize H-1B visa reliance.,Donald Trump,,PEOP,related,"The sentence explicitly discusses the recent sharp hike in H-1B visa fees, including the specific amount of the new fee and the context of the announcement by the US administration. This directly relates to the theme of 'Introduction of a high fee on H-1B visas'.","Donald Trump signed an executive order imposing a fee of $100,000 for new H-1B visa applications, which indicates an action he took rather than something he explicitly said.",narrative
Sep 2025,2025-09-23,B37EFDE00AD5E496D028B73CCAD5CE92,B37EFDE00AD5E496D028B73CCAD5CE92-2,Europe's work-life balance a key talent draw as Trump revamps H-1B visa,"U.S. President Donald Trump's revamp of the H-1B visa program has rekindled the scramble to hire top global talent, with some touting Europe's work-life balance as a key competitive advantage.
The Trump administration recently raised the H-1B visa application fee to $100,000, seeking to protect American jobs and prevent ""abuse"" of the program that it says has undermined economic and national security.","The sentence discusses the increase in H-1B visa application fees and the implications of this change, which aligns with the theme of a proposed tax impacting companies employing H-1B visa holders. The mention of the scramble to hire global talent also connects to the potential hindrance in recruitment of skilled H-1B visa workers due to increased costs.",A proposed tax impacting companies employing H-1B visa holders.,Donald Trump,,PEOP,related,"The sentence explicitly mentions that the Trump administration raised the H-1B visa application fee to $100,000, which directly relates to the theme of 'Introduction of a high fee on H-1B visas'.","Donald Trump is mentioned in relation to the actions taken by his administration regarding the H-1B visa program, but the sentence does not quote anything he has explicitly said. It describes actions taken rather than direct quotes.",narrative
Sep 2025,2025-09-23,AE5A11DDFAFB39BE7601DD880456AD9E,AE5A11DDFAFB39BE7601DD880456AD9E-1,Global Trump's Visa Fee Hike: A Boon or Bane for Tech Innovation?,"The Trump administration's new $100,000 fee for H-1B visas impacts tech recruitment, pushing companies to consider outsourcing. While intended to open jobs for U.S. workers, experts predict it will challenge startups, alter recruitment practices, and may diminish immigrant-driven innovation in the tech industry.","The sentence discusses the new fee for H-1B visas and its impact on tech recruitment, indicating that companies may consider outsourcing as a result. This aligns with the theme of how the tax influences recruitment strategies and may limit the hiring of H-1B visa workers, as well as its potential effect on innovation driven by H-1B visa talent.",Tax may influence decisions to onshore or offshore roles typically filled by H-1B visa workers.,Donald Trump,,PEOP,related,"The sentence directly discusses the introduction of a $100,000 fee for H-1B visas and its implications on tech recruitment and innovation, clearly relating to the theme of 'Introduction of a high fee on H-1B visas'.","Donald Trump is mentioned in relation to the actions of the Trump administration, but the sentence does not quote anything that Donald Trump has explicitly said. It discusses the implications of a fee increase rather than a direct statement from him.",narrative
Sep 2025,2025-09-23,A8B092A8D7520A753ECDCAE24C3D17C5,A8B092A8D7520A753ECDCAE24C3D17C5-1,U.S. Plans H-1B Lottery Shift To Prioritize High-Wage Jobs As Tech Firms Warn Of Disruption,"The Trump administration released a proposal on Tuesday that would rework the H-1B visa selection process to favor higher-skilled and better-paid workers, according to a related Federal Register notice, a move that follows a White House proclamation on Friday introducing a $100,000 fee for the visas.","The sentence discusses a proposal from the Trump administration that aims to change the H-1B visa selection process, which directly relates to the theme of a proposed tax impacting companies employing H-1B visa holders. The mention of a $100,000 fee indicates a financial impact on companies that hire H-1B visa workers.",A proposed tax impacting companies employing H-1B visa holders.,Donald Trump,,PEOP,related,"The sentence discusses a proposal by the Trump administration that includes a specific mention of a $100,000 fee for H-1B visas, which directly relates to the theme of introducing a high fee on H-1B visas. The context provided by the title also supports this connection, as it indicates a shift in the H-1B visa process that is relevant to the fee discussion.","Donald Trump is mentioned in relation to the actions of the Trump administration, but the sentence does not quote anything that Donald Trump has explicitly said. It describes a proposal and a proclamation without direct quotes.",narrative
Sep 2025,2025-09-23,BCDFAC1A8C116635F2C012CFC8DEC80E,BCDFAC1A8C116635F2C012CFC8DEC80E-1,Technology sector based mutual funds lose 4% in 1 year. Will Trump's H1-B visa policy add more pressure?,"Technology sector based mutual funds have lost about 4.40% over the past one year, and with the U.S. President Donald Trump sharply increasing the one-time cost of H1-B visas, experts caution that global economic slowdown led to reduced IT spending and affected the performance and this increase in visa cost will further worsen the performance of tech funds.
""Tech based funds invest majorly into stocks of Indian software companies which have faced significant challenges in the last 1 year resulting in fall of their stock prices. Global economic slowdown, mainly in the US and Europe has led to reduce IT spending and has affected the growth of Indian software companies,"" Pallav Agarwal, Certified Financial Planner, Bhava Services LLP told ETMutualFunds.","The sentence discusses the impact of increased H-1B visa costs on the performance of technology sector mutual funds, linking it to broader economic factors and challenges faced by Indian software companies. This aligns with the theme of how tax or cost increases related to H-1B visas may affect companies' financial viability and competitiveness.",Tax increases operational costs for companies employing H-1B visa workers.,Donald Trump,,PEOP,related,"The sentence discusses the increase in the one-time cost of H-1B visas as part of the broader context of its impact on technology sector mutual funds and the performance of Indian software companies. This directly relates to the theme of the introduction of a high fee on H-1B visas, as it highlights the consequences of that fee increase.","Donald Trump is mentioned in the context of increasing the cost of H1-B visas, but the sentence does not quote him directly. It describes an action he has taken rather than something he has explicitly said.",narrative
Sep 2025,2025-09-23,BA578414445AC3AD76F9BCDE91E20CC0,BA578414445AC3AD76F9BCDE91E20CC0-6,"Top News Today: Tech Giants Challenge Nvidia, Veridox Secures £1M For Explainable AI","$100K H-1B Fee Disrupts Indian Talent
President Trump's decision to raise the H-1B visa sponsorship fee to $100,000 is reshaping opportunities for Indian STEM graduates and early-career professionals. While tech giants like Nvidia and OpenAI can absorb the cost, startups and mid-sized firms may reduce hiring. The policy adds stricter documentation requirements and delays, creating intense competition and threatening career timelines, internships, and sponsorship opportunities for thousands of Indian tech workers entering the U.S. workforce.","The sentence discusses the impact of a significant increase in the H-1B visa sponsorship fee, which may hinder recruitment of skilled H-1B visa workers, particularly affecting startups and mid-sized firms. It highlights how the increased costs and stricter requirements could lead to reduced hiring and competition for opportunities, aligning with the theme of hindering recruitment.",New tax may hinder recruitment of skilled H-1B visa workers.,Donald Trump,,PEOP,related,"The sentence explicitly discusses President Trump's decision to raise the H-1B visa sponsorship fee to $100,000, which directly relates to the theme of 'Introduction of a high fee on H-1B visas'. It also outlines the implications of this fee increase on various stakeholders, making the connection clear.","Donald Trump is mentioned in relation to a decision he made regarding the H-1B visa fee, but the sentence does not quote something he explicitly said. It describes an action taken by him rather than a direct quote.",narrative
Sep 2025,2025-09-23,B66E55DDAF3F218DA4760450327E6E04,B66E55DDAF3F218DA4760450327E6E04-12,"$100,000 H-1B Trump card may've just dealt India's $60 billion industry a winning hand","In other words, Trump's visa squeeze could redirect the flow of work back to India, through GCCs.
Enter the HIRE Act
Alongside the visa fee, Trump's allies in the Senate have introduced the Halting International Relocation of Employment (HIRE) bill, which seeks to impose a 25% tax on payments to foreign companies for services consumed in the US.","The sentence discusses a proposed tax (25% tax on payments to foreign companies) that directly relates to the theme of a tax impacting companies employing H-1B visa holders. It highlights the introduction of the HIRE Act, which aligns with the narrative of how such taxes can affect employment and recruitment strategies.",A proposed tax impacting companies employing H-1B visa holders.,Donald Trump,,PEOP,related,"The sentence discusses the introduction of a visa fee and mentions a related bill (HIRE Act) that seeks to impose a tax on payments to foreign companies, which connects to the theme of high fees on H-1B visas. However, the primary focus is on the broader implications of these policies rather than directly on the introduction of a high fee itself.","Donald Trump is mentioned in relation to actions taken regarding visa policies, but the sentence does not quote anything he has explicitly said.",narrative
Sep 2025,2025-09-23,BD6931021CF5260FCBCA327A4D9BE28C,BD6931021CF5260FCBCA327A4D9BE28C-1,"Trump administration to rework H-1B visas in favour of higher-skilled, better-paid workers","This comes days after the Trump administration said Friday it would ask companies to pay $100,000 per year for H-1B visas in a push to protect Americans from unfair wage competition from foreign workers.
Washington: The Trump administration on Tuesday released a proposal that would rework the H-1B visa selection process to favor higher-skilled and better-paid workers, according to a related Federal Register notice, a move that follows a White House proclamation on Friday introducing a $100,000 fee for the visas.","The sentence discusses a proposed tax of $100,000 per year for H-1B visas, which directly relates to the theme of a proposed tax impacting companies employing H-1B visa holders. It also touches on the implications of this tax in terms of wage competition and the selection process for H-1B visas.",A proposed tax impacting companies employing H-1B visa holders.,Donald Trump,,PEOP,related,"The sentence explicitly mentions the Trump administration's proposal to introduce a $100,000 fee for H-1B visas, which directly relates to the theme of 'Introduction of a high fee on H-1B visas'.","Donald Trump is mentioned in the context of the Trump administration's actions, but the sentence does not quote something that Donald Trump has explicitly said. Instead, it describes actions taken by the administration regarding H-1B visas.",narrative
Sep 2025,2025-09-23,9595FB8D52E71BA8F8CB4DCE2E653C60,9595FB8D52E71BA8F8CB4DCE2E653C60-2,Trump administration proposes overhauling H-1B visa process for higher-paid workers,"The proposed policy changes could reignite the debate over the use of foreign labor by U.S. employers.
The move comes as President Donald Trump has taken aim at H-1B visas, a program used widely by Big Tech and outsourcing companies to hire foreign workers, announcing Friday that companies would be required to pay a $100,000 fee with new applications submitted after Sept. 21.","The sentence discusses proposed policy changes that would require companies to pay a fee for H-1B visa applications, which directly relates to the theme of a proposed tax impacting companies employing H-1B visa holders.",A proposed tax impacting companies employing H-1B visa holders.,Donald Trump,,PEOP,related,"The sentence discusses a proposed policy change that includes a specific fee requirement for H-1B visa applications, directly relating to the theme of introducing a high fee on H-1B visas. It mentions the fee amount and the context of the policy change, making the connection clear.","Donald Trump is mentioned in the context of actions taken regarding H-1B visas, but the sentence does not quote anything he has explicitly said. It describes a policy change associated with him rather than a direct quote.",narrative
Sep 2025,2025-09-23,90FEDB320C32E9A8802485352074B35D,90FEDB320C32E9A8802485352074B35D-4,"Trump Administration Hikes H-1B Visa Fees 100-Fold, Impacting Korean Firms","The Trump administration's decision to raise the H-1B visa threshold is interpreted as a response to the perception that foreign workers under this visa have reduced job opportunities for Americans.
H-1B visas have been primarily used by U.S. advanced IT companies to attract global talent. Major tech firms like Amazon, Microsoft (MS), Google, Apple, and Meta have heavily recruited engineering graduates from India and China through this visa. Analysts suggest the Trump administration expects that raising fees will reduce foreign hiring and increase American employment.","The sentence discusses the Trump administration's decision to raise the H-1B visa threshold and its expected impact on foreign hiring, which aligns with the theme of how a proposed tax or fee increase may hinder recruitment of skilled H-1B visa workers. It suggests that the intention behind the fee increase is to reduce foreign hiring and promote American employment, directly relating to the narrative of hindering recruitment.",New tax may hinder recruitment of skilled H-1B visa workers.,Donald Trump,,PEOP,related,The sentence discusses the Trump administration's decision to raise the H-1B visa threshold and mentions the expectation that raising fees will reduce foreign hiring. This directly relates to the theme of introducing a high fee on H-1B visas.,"Donald Trump is mentioned in relation to the actions of the Trump administration, but the sentence does not quote anything that he has explicitly said. It discusses decisions made by the administration rather than direct quotes from Donald Trump himself.",narrative
Sep 2025,2025-09-23,8CDD66BC9ABE2D698968D42553479238,8CDD66BC9ABE2D698968D42553479238-1,Silicon Valley's Visa Dilemma: New Fees Spur Offshore Moves,"The Trump administration's new $100,000 fee for H-1B visas is causing Silicon Valley firms to consider moving jobs overseas. Though designed to protect U.S. tech jobs, the policy impacts startups heavily reliant on foreign talent. Companies like Accenture are expanding in countries like India due to lower costs.","The sentence discusses how the new fee for H-1B visas is prompting companies to consider moving jobs overseas, which directly relates to the theme of tax influencing decisions to offshore roles typically filled by H-1B visa workers.",Tax may influence decisions to onshore or offshore roles typically filled by H-1B visa workers.,Donald Trump,,PEOP,related,"The sentence directly discusses the introduction of a $100,000 fee for H-1B visas and its impact on Silicon Valley firms, making it clearly related to the theme of 'Introduction of a high fee on H-1B visas'.","Donald Trump is mentioned in relation to the administration's actions, but the sentence does not quote anything that he has explicitly said. It discusses the policy and its effects rather than a direct statement from him.",narrative
Sep 2025,2025-09-23,87A915577760C9297F08742573F8792D,87A915577760C9297F08742573F8792D-2,Here's Who Trump's H-1B Visa Fee Will Hurt More Than Startups,"While startup and industry leaders in tech, finance, and healthcare worried the new rule would hurt their ability to hire foreign workers, the Trump administration argued the new rule would help U.S. Citizenship and Immigration Services (USCIS) reduce visa fraud and prioritize high-skilled immigrants for whom companies are willing to pay the exorbitant new fees.","The sentence discusses concerns from industry leaders about the new rule's impact on hiring foreign workers, which aligns with the theme of a proposed tax impacting companies employing H-1B visa holders. It highlights the tension between the administration's goals and the industry's needs, indicating that the new rule may hinder recruitment of skilled H-1B visa workers.",New tax may hinder recruitment of skilled H-1B visa workers.,Donald Trump,,PEOP,related,"The sentence discusses the concerns of industry leaders regarding a new rule that includes high fees for H-1B visas, which directly relates to the theme of the introduction of a high fee on H-1B visas. It highlights the impact of these fees on hiring foreign workers and the justification provided by the Trump administration.","Donald Trump is mentioned in relation to the actions of the Trump administration, but the sentence does not quote anything that Donald Trump has explicitly said. It describes the administration's argument rather than a direct quote from him.",narrative
Sep 2025,2025-09-23,87203984005395F970C336FFF3CA6A89,87203984005395F970C336FFF3CA6A89-3,"A $100,000 per worker visa fee tips the balance to Big Tech","The different responses show how the Trump administration's visa change is rippling through the tech industry - which uses H-1Bs to hire thousands of software engineers, AI specialists and others - in a way that may create haves and have-nots. While the biggest tech companies have the money to absorb the new fee, startups are concerned about their ability to attract and pay for talent, particularly when they have limited funding and agonize over every dollar spent.","The sentence discusses the impact of visa changes on the tech industry, particularly highlighting how larger companies can absorb new costs while startups struggle. This aligns with the theme of 'Tax may limit diversity by reducing H-1B visa hiring' as it suggests that the financial burden may disproportionately affect smaller companies, potentially limiting their ability to hire H-1B visa workers and thus reducing diversity in the workforce.",Tax may limit diversity by reducing H-1B visa hiring.,Donald Trump,,PEOP,related,"The sentence discusses the impact of a new visa fee on the tech industry, specifically mentioning how the Trump administration's visa change affects the ability of startups to attract talent due to financial constraints. This directly relates to the theme of 'Introduction of a high fee on H-1B visas' as it highlights the implications of such a fee on different sectors within the industry.","Donald Trump is mentioned in relation to the administration's visa change, but the sentence does not quote anything that he has explicitly said. It discusses the impact of the visa change rather than a direct statement from him.",narrative
Sep 2025,2025-09-23,8626DE0ECFE466C087FF811D2A01D368,8626DE0ECFE466C087FF811D2A01D368-1,"Startups and founders could be hardest hit by $100,000 H-1B visas","U.S. President Donald Trump's plans to place $100,000 fees on H-1B visa applications will disproportionately harm America's startup and venture space, founders and venture capitalists said.
H-1B visas - which allow companies to temporarily hire foreign workers in skilled occupations such as IT, healthcare and engineering - were already difficult to secure for U.S. startups, due to limited annual quotas.","The sentence discusses the proposed fees on H-1B visa applications and how they will negatively impact startups and venture capitalists, indicating that the tax will hinder recruitment of skilled H-1B visa workers, especially in the startup sector where securing these visas is already challenging.",New tax may hinder recruitment of skilled H-1B visa workers.,Donald Trump,,PEOP,related,"The sentence directly discusses President Trump's plans to impose a $100,000 fee on H-1B visa applications, which is clearly related to the theme of introducing a high fee on H-1B visas. It also highlights the impact of this fee on startups and venture capitalists, reinforcing the connection to the theme.","Donald Trump is mentioned in the context of his plans regarding H-1B visa fees, but the sentence does not quote him directly. It describes what he plans to do rather than what he has explicitly said.",narrative
Sep 2025,2025-09-23,849ED8119BCA1B93DD83EA720189C335,849ED8119BCA1B93DD83EA720189C335-2,"JPMorgan to engage with stakeholders on H-1B visa fee, Indian media say","Some big tech companies warned visa holders to stay in the United States or return quickly after the Trump administration said last week it would ask companies to pay the fee for such visas.
""For us, visas matter because we move people around globally - experts who get promoted to new jobs in different markets,"" Dimon told the paper.","The sentence discusses the implications of the Trump administration's request for companies to pay visa fees, which relates to the broader theme of how such a tax impacts companies employing H-1B visa holders. It highlights the importance of visas for companies that rely on global mobility of their workforce, indicating potential challenges in recruitment and operational strategies.",A proposed tax impacting companies employing H-1B visa holders.,Donald Trump,,PEOP,related,"The sentence discusses the implications of a fee for H-1B visas as mentioned by the Trump administration, indicating a direct connection to the introduction of a high fee on H-1B visas. It highlights the concerns of tech companies regarding visa holders in relation to this fee.","Donald Trump is mentioned in the context of the administration's actions regarding H-1B visa fees, but there is no direct quote from him in the sentence. Therefore, it does not strictly quote something that Donald Trump has said.",narrative
Sep 2025,2025-09-23,817E4DF2851F04C77E47B07618466C06,817E4DF2851F04C77E47B07618466C06-2,"The $100,000 H-1B visa fee is a hindrance to the competitiveness of key US industries","The change introduced by the Donald Trump administration, which included the payment of a $100,000 fee for H-1B visas, has been presented primarily as a way for U.S.-born workers to qualify for jobs in the IT sector and to reduce salary abuses involving highly skilled foreign workers accepting lower wages than local employees. But many economists - including one of the co-authors of the report that the government relied on to impose this practically prohibitive fee - point to the net positive contribution these visas have in attracting talent to key sectors, the labor market, and the immigration system. And they warn that the measure complicates the country's future competitiveness in key industries.","The sentence discusses the introduction of a fee for H-1B visas and its implications for U.S. competitiveness and the labor market. It highlights concerns from economists about the negative impact of such fees on attracting skilled foreign workers, which aligns with the theme of how tax may affect companies' competitiveness in the global market.",Tax may affect companies' competitiveness in the global market.,Donald Trump,,PEOP,related,"The sentence discusses the introduction of a $100,000 fee for H-1B visas, which is directly related to the theme of 'Introduction of a high fee on H-1B visas'. It also mentions the implications of this fee on U.S. workers and the economy, reinforcing its relevance to the topic.","Donald Trump is mentioned in relation to the administration's actions regarding the H-1B visa fee, but the sentence does not quote anything that he explicitly said. It describes actions taken by his administration rather than direct statements from him.",narrative
Sep 2025,2025-09-23,A68D4E6D00FC4B802CE3F93176F4AD94,A68D4E6D00FC4B802CE3F93176F4AD94-1,"Silicon Valley hiring in turmoil after new H-1B visa fees, move spurs offshoring talk","While the $100,000 levy applies only to new applicants - not current holders as first announced - the confusion around its roll-out and steep cost are already leading companies to pause recruitment, budgeting and workforce plans The Trump administration's hefty new visa fees for H-1B workers have prompted high-level talks inside companies in Silicon Valley and beyond on the possibility of moving more jobs overseas - precisely the outcome the policy was meant to stop.","The sentence discusses how the new $100,000 levy on H-1B visa applicants is causing companies to pause their recruitment and workforce planning, which directly relates to the theme of a proposed tax impacting companies employing H-1B visa holders. Additionally, it mentions the potential shift of jobs overseas, which aligns with the narrative of companies altering their strategies due to the tax.",A proposed tax impacting companies employing H-1B visa holders.,Donald Trump,,PEOP,related,"The sentence discusses the introduction of a $100,000 levy on new H-1B visa applicants and its implications on recruitment and workforce planning, directly relating to the theme of high fees on H-1B visas. It also mentions the impact of these fees on companies considering offshoring jobs, which aligns with the consequences of the high fee policy.","Donald Trump is mentioned in relation to the administration's actions regarding visa fees, but the sentence does not quote anything that he has explicitly said. It discusses the effects of the policy rather than a direct statement from him.",narrative
Sep 2025,2025-09-23,93439D9C2304D429A9514D510F766FC9,93439D9C2304D429A9514D510F766FC9-1,"As White House issues clarification, door opens for laid-off H-1B techies","There may be a silver lining to the H-1B visa rule changes. The $100,000 one-time fee imposed by US President Donald Trump for new applications under the skilled worker programme could prompt recruiters to consider hiring the H-1B visa holders who were recently laid off by technology companies such as Microsoft, Oracle, Intel and AWS, said experts.","The sentence discusses how the new fee for H-1B visa applications might lead recruiters to consider hiring recently laid-off H-1B visa holders, which relates to the theme of companies potentially altering their recruitment strategies in response to changes in H-1B visa regulations.",Companies may alter recruitment strategies to minimize H-1B visa reliance.,Donald Trump,,PEOP,related,"The sentence discusses a $100,000 one-time fee imposed for new H-1B visa applications, which directly relates to the theme of 'Introduction of a high fee on H-1B visas'. It also mentions the potential impact of this fee on hiring practices, further establishing the connection.","Donald Trump is mentioned in relation to a fee he imposed, but the sentence does not quote something he explicitly said. Instead, it describes an action he took regarding the H-1B visa fee.",narrative
Sep 2025,2025-09-23,93F7E12D8571C38D4DF7993842325277,93F7E12D8571C38D4DF7993842325277-1,"New $100,000 fee for H1-B visas could hurt teacher recruitment for NC schools","A new $100,000 fee on H-1B work visas could make it harder for North Carolina schools to fill teaching positions during a time when thousands of vacancies still exist statewide.
The Trump administration says it's protecting American jobs by raising the permit fee for companies to bring in new overseas workers on an H-1B visa. But schools that have come to rely on the H-1B visas say they need to be exempted because the $100,000 fee per worker is too high for them.","The sentence discusses a new fee on H-1B work visas that could hinder the ability of schools to fill teaching positions, which directly relates to the theme of a proposed tax impacting companies employing H-1B visa holders. It highlights the financial burden imposed by the fee and its implications for recruitment.",A proposed tax impacting companies employing H-1B visa holders.,Donald Trump,,PEOP,related,"The sentence discusses a new $100,000 fee on H-1B work visas and its impact on North Carolina schools, clearly establishing a connection to the theme of 'Introduction of a high fee on H-1B visas'.","Donald Trump is mentioned in relation to the actions of the Trump administration regarding the H-1B visa fee, but the sentence does not quote anything that Donald Trump has explicitly said. It discusses the administration's stance rather than a direct quote from him.",narrative
Sep 2025,2025-09-23,9F6FCF24F6F42DAEF76CF1CEAB16A4B6,9F6FCF24F6F42DAEF76CF1CEAB16A4B6-1,"Trump's new visa fees spur offshoring talks, hiring turmoil",SAN FRANCISCO/NEW YORK :The Trump administration's hefty new visa fees for H-1B workers have prompted high-level talks inside companies in Silicon Valley and beyond on the possibility of moving more jobs overseas - precisely the outcome the policy was meant to stop.,"The sentence discusses how the new visa fees for H-1B workers are leading companies to consider moving jobs overseas, which directly relates to the theme of how tax influences decisions to onshore or offshore roles typically filled by H-1B visa workers.",Tax may influence decisions to onshore or offshore roles typically filled by H-1B visa workers.,Donald Trump,,PEOP,related,The sentence directly discusses the new visa fees for H-1B workers introduced by the Trump administration and its impact on companies considering moving jobs overseas. This clearly relates to the theme of 'Introduction of a high fee on H-1B visas'.,"Donald Trump is mentioned in relation to the administration's actions, but the sentence does not quote anything that he has explicitly said. It discusses the implications of the policy rather than a direct statement from him.",narrative
Sep 2025,2025-09-23,9D807DA566A60CAC70AF2689C0A55122,9D807DA566A60CAC70AF2689C0A55122-1,H-1B Fee Hike: Indian IT Turns to Local Talent,"Indian IT companies are expected to adjust their strategies to deal with the recent sharp hike in H-1B visa fees announced by the US administration, a new report said on Tuesday.
On September 19, US President Donald Trump signed an executive order imposing a fee of $100,000 for new H-1B visa applications, a steep jump from the existing cost of around $1,500.","The sentence discusses how Indian IT companies are expected to adjust their strategies in response to the significant increase in H-1B visa fees, which directly relates to the theme of companies altering recruitment strategies to minimize reliance on H-1B visa workers due to increased operational costs.",Companies may alter recruitment strategies to minimize H-1B visa reliance.,Donald Trump,,PEOP,related,"The sentence explicitly mentions the recent sharp hike in H-1B visa fees and provides specific details about the new fee imposed by the US administration, which directly relates to the theme of 'Introduction of a high fee on H-1B visas'.","Donald Trump signed an executive order imposing a fee of $100,000 for new H-1B visa applications, which indicates an action he took rather than something he explicitly said.",narrative
Sep 2025,2025-09-23,9BC9C5EE42F42CF395E6E18DDD4A760A,9BC9C5EE42F42CF395E6E18DDD4A760A-6,"Trump admin plans H1-B overhaul to favour 'higher-skilled, higher-paid aliens' through weighted selection","The latest attack has been on the H-1B programme, which mostly concerns tech and outsourcing companies, which hire skilled foreign workers.
On Friday, the Trump administration had announced it would ask companies to pay $100,000 per year for H-1B visas, sparking panic among workers and companies alike. Some big tech companies warned visa holders to stay in the U.S. or return quickly. However, the White House later clarified that the fee would apply only to new visas.","The sentence discusses a proposed tax (fee) that companies would need to pay for H-1B visas, which directly relates to the theme of a proposed tax impacting companies employing H-1B visa holders.",A proposed tax impacting companies employing H-1B visa holders.,Donald Trump,,PEOP,related,"The sentence explicitly discusses the announcement by the Trump administration regarding a $100,000 fee for H-1B visas, which directly relates to the theme of introducing a high fee on H-1B visas. It also mentions the implications of this fee on workers and companies, reinforcing the connection to the theme.","Donald Trump is mentioned in relation to the actions of the Trump administration, but the sentence does not quote anything that he has explicitly said. It describes an announcement made by the administration rather than a direct quote from Donald Trump himself.",narrative
Sep 2025,2025-09-23,96CA111D45E14890DBC201A918783526,96CA111D45E14890DBC201A918783526-3,"Newsdeck: Silicon Valley hiring in turmoil after new H-1B visa fees, move spurs offshoring talk","U.S. President Donald Trump on Friday announced the change to the visa program that has long been a recruitment pathway for tech firms and encouraged international students to pursue postgraduate courses in the United States.
While the $100,000 levy applies only to new applicants - not current holders as first announced - the confusion around its roll-out and steep cost are already leading companies to pause recruitment, budgeting and workforce plans, according to Reuters interviews of founders, venture capitalists and immigration lawyers who work with technology companies.","The sentence discusses how the announced change to the visa program, specifically the $100,000 levy, is causing companies to pause their recruitment and workforce plans. This directly relates to the theme of a new tax hindering the recruitment of skilled H-1B visa workers.",New tax may hinder recruitment of skilled H-1B visa workers.,Donald Trump,,PEOP,related,"The sentence discusses the announcement of a change to the H-1B visa program, specifically mentioning a $100,000 levy that applies to new applicants. This directly relates to the theme of 'Introduction of a high fee on H-1B visas' as it highlights the financial implications of the new fee and its impact on recruitment and workforce planning in tech firms.","Donald Trump is mentioned as having announced a change to the visa program, but the sentence does not provide a direct quote of something he said. Instead, it describes an action he took regarding the visa program.",narrative
Sep 2025,2025-09-23,BDA6133822E1D195D89368D5D72817F1,BDA6133822E1D195D89368D5D72817F1-1,Lerer Hippeau's Eric Hippeau: Raising H-1B visa fees will hurt U.S. startups and innovation,"Eric Hippeau, Lerer Hippeau managing partner, joins CNBC's 'Money Movers' to discuss the Trump administration's proposed $100,000 annual fee for H-1B visas, why he believes it could stifle startups, push jobs overseas, and weaken America's ability to attract top tech talent.","The sentence discusses a proposed fee for H-1B visas and its potential negative impacts on startups and the ability to attract tech talent, which aligns with the theme of a proposed tax impacting companies employing H-1B visa holders.",A proposed tax impacting companies employing H-1B visa holders.,Donald Trump,,PEOP,related,"The sentence directly discusses the proposed $100,000 annual fee for H-1B visas and its potential negative impacts on startups and the tech industry, which is clearly related to the theme of 'Introduction of a high fee on H-1B visas'.","Donald Trump is mentioned in relation to the proposed fee for H-1B visas, but the sentence does not quote anything that he has explicitly said. It discusses the implications of the proposal rather than a direct statement from Donald Trump.",narrative
Sep 2025,2025-09-23,BECA1DA76E3F4634E03A6D603F508828,BECA1DA76E3F4634E03A6D603F508828-7,"Eyes on EA, UK, and US PMIs","Trump's new USD 100,000 H-1B visa fee drew backlash from the tech industry, with critics warning it could hurt start-ups, reduce talent inflow, and weaken US productivity. Some executives, however, praised the focus on high-value roles, while others predicted firms may shift hiring abroad.","The sentence discusses the potential negative impacts of a new H-1B visa fee on the tech industry, including reduced talent inflow and weakened productivity, which aligns with the theme of a proposed tax impacting companies employing H-1B visa holders. Additionally, it mentions the possibility of firms shifting hiring abroad, which relates to the narrative about companies altering recruitment strategies due to increased costs.",A proposed tax impacting companies employing H-1B visa holders.,Donald Trump,,PEOP,related,"The sentence explicitly mentions a new USD 100,000 fee on H-1B visas and discusses the implications of this fee, which directly relates to the theme of 'Introduction of a high fee on H-1B visas'.","Donald Trump is mentioned in relation to a new fee on H-1B visas, but the sentence does not quote anything he has explicitly said. It discusses the reactions to the fee rather than a direct statement from him.",narrative
Sep 2025,2025-09-23,FC361B5AFC4759786E74987ACD2E2197,FC361B5AFC4759786E74987ACD2E2197-6,This Research Lab Is Giving AI A Better Memory,"President Donald Trump imposed a $100,000 annual fee on new H1-B visa applications, which companies like Google, Amazon and Apple have relied on for years to recruit skilled and talented employees from outside the U.S. The move, part of the Trump administration's larger crackdown on immigration, could stifle American AI companies' ability to access top talent, especially those who cannot afford to pay the exorbitant fees that bigger tech companies can absorb. Y Combinator CEO Garry Tan said the fee ""kneecaps startups"" and companies that provide IT workers on a contractual basis, amid the AI race. It may also prevent future tech giants from ever getting off the ground, as many companies, such as Zoom and Snowflake, were founded by immigrants who first came to the country on H1-B visas.","The sentence discusses the imposition of a significant fee on H-1B visa applications, which directly relates to the proposed tax impacting companies employing H-1B visa holders. It highlights how this fee could hinder recruitment of skilled workers and affect the ability of companies, especially startups, to access talent, aligning with the narrative of the tax's impact on hiring practices.",A proposed tax impacting companies employing H-1B visa holders.,Donald Trump,,PEOP,related,"The sentence explicitly discusses the imposition of a $100,000 annual fee on new H-1B visa applications, directly relating to the theme of 'Introduction of a high fee on H-1B visas'. It also highlights the implications of this fee on companies and the tech industry, reinforcing the connection to the theme.","Donald Trump imposed a fee on H1-B visa applications, which indicates an action he took rather than something he explicitly said. Therefore, it does not qualify as a quote.",narrative
Sep 2025,2025-09-23,F8C977F6CAF7C1CEA1E75D437F4E56C9,F8C977F6CAF7C1CEA1E75D437F4E56C9-4,Trump's H-1B visa fee hike: Which countries could benefit?,"Trump's move could lead to weaker economic growth in the US, experts have warned, since higher costs for employers will make it harder to retain foreign talent. It could also lead to a near-term ""brain drain"", as skilled university graduates are forced to leave the US in favour of other countries.","The sentence discusses how higher costs for employers may make it harder to retain foreign talent, which directly relates to the theme of 'New tax may hinder recruitment of skilled H-1B visa workers.' Additionally, the mention of a potential 'brain drain' aligns with the idea that the tax could exacerbate shortages in specialized skills from H-1B visa workers.",New tax may hinder recruitment of skilled H-1B visa workers.,Donald Trump,,PEOP,related,"The sentence discusses the potential economic impact of higher costs for employers due to the introduction of a high fee on H-1B visas, specifically mentioning the difficulty in retaining foreign talent and the possibility of a brain drain. This directly relates to the theme of the introduction of a high fee on H-1B visas.","Donald Trump is mentioned in relation to a move he made, but the sentence does not quote anything he has explicitly said. It discusses the potential consequences of his actions rather than his words.",narrative
Sep 2025,2025-09-23,F4F80F99876F3CF3D38A417D9CC3D229,F4F80F99876F3CF3D38A417D9CC3D229-1,"Trump's $100,000 H-1B Visa Levy May Weaken US Innovation, Boost India And China","The Trump administration's move to impose a $100,000 charge on every new H-1B visa application is set to undermine America's technological leadership and global competitiveness, while creating opportunities for rival economies such as India and China, according to Nigel Green, Chief Executive of global financial advisory firm deVere Group.","The sentence discusses the imposition of a charge on H-1B visa applications and its potential negative impact on America's technological leadership and global competitiveness, which aligns with the theme of how tax may affect companies' competitiveness in the global market.",Tax may affect companies' competitiveness in the global market.,Donald Trump,,PEOP,related,"The sentence directly discusses the Trump administration's decision to impose a $100,000 fee on H-1B visa applications, which is clearly related to the theme of 'Introduction of a high fee on H-1B visas'.","Donald Trump is mentioned in relation to the actions of the Trump administration, but the sentence does not quote anything that Donald Trump has explicitly said. It discusses a move made by the administration rather than a direct statement from Trump himself.",narrative
Sep 2025,2025-09-23,F143052AC55BA79503FCF60AA0EB0EE2,F143052AC55BA79503FCF60AA0EB0EE2-5,"Silicon Valley hiring in turmoil after new H-1B visa fees, move spurs offshoring talk","FIRMS WILL CUT H-1B WORKERS
The Trump administration and critics of the H-1B program have said that it has been used to suppress wages and curbing it opens more jobs for U.S. tech workers. The H-1B visa program has also made it more challenging for college graduates trying to find IT jobs, Trump's announcement on Friday said.
The visa previously cost employers only a few thousand dollars. But the new $100,000 fee would flip the equation, making hiring talent in countries like India - where wages are lower and Big Tech now builds innovation hubs instead of back offices - more attractive, experts and executives told Reuters.","The sentence discusses the implications of a new fee on the H-1B visa program, suggesting that the increased costs may lead firms to cut H-1B workers and prioritize hiring domestic tech workers instead. This aligns with the theme of companies potentially prioritizing domestic candidates over H-1B visa applicants due to higher costs associated with hiring H-1B visa workers.",Companies may prioritize domestic candidates over H-1B visa applicants.,Donald Trump,,PEOP,related,"The sentence discusses the introduction of a new $100,000 fee for H-1B visas, which directly relates to the theme of 'Introduction of a high fee on H-1B visas'. It highlights the impact of this fee on hiring practices and the attractiveness of hiring talent from countries with lower wages, which is central to the topic.","Donald Trump is mentioned in relation to an announcement, but the sentence does not provide a direct quote of something he has explicitly said. Instead, it describes the implications of his announcement without quoting his words directly.",narrative
Sep 2025,2025-09-23,F143052AC55BA79503FCF60AA0EB0EE2,F143052AC55BA79503FCF60AA0EB0EE2-6,"Silicon Valley hiring in turmoil after new H-1B visa fees, move spurs offshoring talk","""We probably have to reduce the number of H-1B visa workers we can hire,
"" said Sam Liang, co-founder and CEO of popular artificial intelligence transcription start-up Otter.
""Some companies may have to outsource some of their workforce. Hire maybe in India or other countries just to walk around this H-1B problem.
BAD FOR STARTUPS
While conservatives have long applauded Trump's wide-ranging immigration crackdown, the H-1B move has drawn support from some liberal quarters as well.",The sentence discusses the potential need for companies to reduce their hiring of H-1B visa workers and suggests outsourcing as a solution to the challenges posed by the H-1B visa situation. This aligns with the theme of companies altering recruitment strategies to minimize reliance on H-1B visa workers.,Companies may alter recruitment strategies to minimize H-1B visa reliance.,Donald Trump,,PEOP,related,"The sentence discusses the potential impact of new H-1B visa fees on hiring practices, specifically mentioning the need to reduce the number of H-1B visa workers and the possibility of outsourcing. This directly relates to the theme of 'Introduction of a high fee on H-1B visas' as it highlights the consequences of such fees on employment strategies.","Donald Trump is mentioned in the context of his immigration policies being applauded, but the sentence does not quote anything he has explicitly said. It discusses opinions and reactions from others regarding the H-1B visa situation.",narrative
Sep 2025,2025-09-23,EFAAE38D465D22C7C4E437189AF5FFC3,EFAAE38D465D22C7C4E437189AF5FFC3-4,"Trump administration proposes H-1B overhaul, favours higher-paid skilled workers","The Trump administration said on Friday it would ask companies to pay $100,000 per year for H-1B visas. Some big tech companies warned visa holders to stay in the U.S. or quickly return, sparking a chaotic scramble to get back to the U.S. The White House later clarified that the fee would apply only to new visas.","The sentence discusses a proposed fee for H-1B visas, which directly relates to the theme of a proposed tax impacting companies employing H-1B visa holders. The mention of companies needing to pay a fee aligns with the narrative of increased operational costs due to taxation on H-1B visa employment.",A proposed tax impacting companies employing H-1B visa holders.,Donald Trump,,PEOP,related,"The sentence explicitly mentions the Trump administration proposing a fee of $100,000 per year for H-1B visas, which directly relates to the theme of introducing a high fee on H-1B visas. The context provided by the title supports this connection as it discusses an overhaul of the H-1B visa system with a focus on higher fees.","Donald Trump is mentioned in the context of the Trump administration's actions, but the sentence does not quote anything that Donald Trump has explicitly said. It describes a proposal made by the administration rather than a direct statement from Trump himself.",narrative
Sep 2025,2025-09-23,ED2D0E5B1AB6C629659DA4266B211FF1,ED2D0E5B1AB6C629659DA4266B211FF1-1,Indian IT firms all set to adapt even as $100k H-1B visa fee poses short-term pressure: Report,"Indian IT companies are all set to face the impact of a steep hike in H-1B visa fees, but analysts say the sector is already well-positioned to navigate the change, according to a report by Nuvama.
On Friday, September 19, US President Donald Trump signed an executive order imposing a USD 100,000 fee for new H-1B visa applications, up sharply from the previous USD 1,500. While the move could affect operational and financial dynamics, analysts believe Indian IT firms' reduced reliance on H-1B visas over the past eight years will help mitigate the shock, as per the report stated by ANI.",The sentence discusses the impact of a significant increase in H-1B visa fees and how it may affect operational and financial dynamics for Indian IT companies. This aligns with the theme of 'Tax increases operational costs for companies employing H-1B visa workers.',Tax increases operational costs for companies employing H-1B visa workers.,Donald Trump,,PEOP,related,"The sentence explicitly discusses the introduction of a high fee on H-1B visas, detailing the increase from USD 1,500 to USD 100,000. It also mentions the impact this fee will have on Indian IT companies, which is directly related to the theme.","Donald Trump signed an executive order imposing a fee for new H-1B visa applications, which is an action he took rather than something he explicitly said. Therefore, it does not qualify as a quote.",narrative
Sep 2025,2025-09-23,E5792A05A1738255D49E76CC89800B2F,E5792A05A1738255D49E76CC89800B2F-1,"Donald Trump's $100,000 visa fees spur offshoring talks, hiring turmoil","About 141,000 new applications for H-1B were approved in 2024, according to Pew Research
The Trump administration's hefty new visa fees for H-1B workers have prompted high-level talks inside companies in Silicon Valley and beyond on the possibility of moving more jobs overseas - precisely the outcome the policy was meant to stop.","The sentence discusses the impact of new visa fees on companies' considerations to move jobs overseas, which relates to the theme of how tax may influence decisions to onshore or offshore roles typically filled by H-1B visa workers.",Tax may influence decisions to onshore or offshore roles typically filled by H-1B visa workers.,Donald Trump,,PEOP,related,"The sentence discusses the introduction of hefty new visa fees for H-1B workers under the Trump administration and its impact on job relocation discussions, which directly relates to the theme of 'Introduction of a high fee on H-1B visas'.","Donald Trump is mentioned in relation to the actions of his administration regarding visa fees, but the sentence does not quote anything that he has explicitly said.",narrative
Sep 2025,2025-09-23,CCFD12A25F457F593FC526D45261B334,CCFD12A25F457F593FC526D45261B334-4,"America's loss, Europe's gain? The scramble for Indian talent","However, the Trump administration's recent decision to impose a $100,000 fee on H-1B applications marks a significant departure from past practices. U.S. officials argue that the fee will deter tech companies from over-relying on foreign workers, forcing them to hire more American talent. While the intention behind this policy is to prioritise American workers, its impact on Indian tech professionals could be profound. As companies in the U.S. face new barriers to hiring foreign talent, Indian professionals may find it more difficult to secure opportunities in the U.S., pushing them to seek alternatives elsewhere. This policy shift could have far-reaching consequences for the American tech industry.","The sentence discusses the imposition of a fee on H-1B applications and its intended effect of deterring companies from relying on foreign workers, which aligns with the theme of a proposed tax impacting companies employing H-1B visa holders. It also touches on the potential consequences for recruitment and hiring practices, particularly regarding American versus foreign talent.",A proposed tax impacting companies employing H-1B visa holders.,Donald Trump,,PEOP,related,"The sentence explicitly discusses the introduction of a $100,000 fee on H-1B applications by the Trump administration, which directly relates to the theme of 'Introduction of a high fee on H-1B visas'. It also elaborates on the implications of this fee for both American companies and Indian tech professionals, reinforcing the connection to the theme.","Donald Trump is mentioned in relation to the actions of the Trump administration, but the sentence does not quote anything that Donald Trump has explicitly said. It describes a decision made by the administration rather than a direct statement from Trump himself.",narrative
Sep 2025,2025-09-23,CB4D965031AE78C77A7D0E66289AC86A,CB4D965031AE78C77A7D0E66289AC86A-2,Can H-1B visa fee hike actually be a blessing for laid-off techies?,"There may be a silver lining to the H-1B visa rule changes. The $100,000 one-time fee imposed by US President Donald Trump for new applications under the skilled worker programme could prompt recruiters to consider hiring the H-1B visa holders who were recently laid off by technology companies such as Microsoft, Oracle, Intel and AWS, said experts.
""Some of the ones laid off might be getting a call back,"" said Navneet S Chugh, attorney at US-based immigration law firm Chugh LLC. He said existing workers under H-1B visa, renewals, reentries and employer transfers are not subject to the fee as per the clarification issued by the White House on September 21.","The sentence discusses the potential positive impact of the H-1B visa rule changes, specifically how the imposed fee might lead recruiters to consider hiring recently laid-off H-1B visa holders. This relates to the theme of how tax or fees may influence recruitment strategies regarding H-1B visa workers.",New tax may hinder recruitment of skilled H-1B visa workers.,Donald Trump,,PEOP,related,"The sentence discusses the $100,000 one-time fee imposed on new H-1B visa applications, which is directly related to the theme of 'Introduction of a high fee on H-1B visas'. It also mentions the implications of this fee on hiring practices, indicating a clear connection to the topic.","Donald Trump is mentioned as the one who imposed the $100,000 one-time fee, but the sentence does not quote anything he explicitly said. It describes an action he took rather than a statement he made.",narrative
Sep 2025,2025-09-23,D453014B85163E7399AE3DA6A52AD351,D453014B85163E7399AE3DA6A52AD351-1,"Small, mid-sized IT firms shrug off impact of US visa fee hike on business","Indian technology firms are playing down fears over US President Donald Trump's order on a big hike in H-1B visa fees that could make recruitment of Indian workers in the US almost prohibitive, even as share prices of several IT and software firms slipped after the announcement. Over a dozen small and mid-sized information technology (IT) and software firms said this week that the $100,000 fee on fresh work visas will not materially affect their operations.","The sentence discusses the potential impact of a significant increase in H-1B visa fees on the recruitment of Indian workers in the US, indicating that it could make hiring these workers almost prohibitive. This aligns with the theme of how a new tax may hinder recruitment of skilled H-1B visa workers.",New tax may hinder recruitment of skilled H-1B visa workers.,Donald Trump,,PEOP,related,"The sentence discusses the impact of a significant increase in H-1B visa fees as ordered by US President Donald Trump, specifically mentioning the $100,000 fee and its implications for Indian technology firms. This directly relates to the theme of 'Introduction of a high fee on H-1B visas'.","Donald Trump is mentioned in relation to an order regarding H-1B visa fees, but the sentence does not quote something he explicitly said. It discusses the reaction of Indian technology firms to his order rather than providing a direct quote from him.",narrative
Sep 2025,2025-09-23,C7BB740E9C07033DCCE30E2CDCEE6AF6,C7BB740E9C07033DCCE30E2CDCEE6AF6-1,"Canada hopes Trump's $100,000 visa fee redirects talent north","For years, Canada's highly-skilled industries such as technology and health care have suffered a brain drain to the US. Some executives believe President Donald Trump's move to make H-1B visas more expensive will change the dynamic.
Trump signed an executive order Friday imposing $100,000 fees on new H-1Bs, creating confusion and frustration for companies that rely on the program to bring in global talent in computer programming, engineering and other roles.","The sentence discusses the impact of increased fees on H-1B visas, which aligns with the theme of how a proposed tax (in this case, fees) may hinder recruitment of skilled H-1B visa workers. It highlights the confusion and frustration for companies that depend on H-1B visas to attract global talent, indicating a direct relationship to the narrative of recruitment challenges.",New tax may hinder recruitment of skilled H-1B visa workers.,Donald Trump,,PEOP,related,"The sentence discusses President Trump's decision to impose a $100,000 fee on new H-1B visas, which directly relates to the theme of introducing a high fee on H-1B visas. It highlights the impact of this fee on companies that depend on the H-1B program, making the connection clear.","Donald Trump is mentioned in relation to his action of signing an executive order, but the sentence does not quote something he has explicitly said. Therefore, it does not meet the criteria for a quote.",narrative
Sep 2025,2025-09-23,BF59464DDFA3E9D4BADCE76F602C6BAD,BF59464DDFA3E9D4BADCE76F602C6BAD-4,Key business groups are hesitant to criticize Trump's H-1B visa rule,"It underscores the soft touch of many business leaders in dealing with the Trump administration. They remain wary of publicly pushing the White House in ways that risk inviting retaliation.
Business executives have scrambled to ensure their firms won't get hit with the steep fee, which experts say risk locking out smaller companies in their efforts to attract top global talent.","The sentence discusses business executives' concerns about a steep fee that could impact their ability to attract top global talent, which aligns with the theme of a proposed tax impacting companies employing H-1B visa holders. It highlights the potential negative consequences of such fees on recruitment efforts, particularly for smaller companies.",New tax may hinder recruitment of skilled H-1B visa workers.,Donald Trump,,PEOP,related,"The sentence discusses business executives' concerns about a steep fee associated with H-1B visas, indicating a direct connection to the theme of 'Introduction of a high fee on H-1B visas'.","Donald Trump is mentioned in the context of the administration's policies, but the sentence does not quote anything that he has explicitly said. It discusses the reactions of business leaders and the implications of the fee without providing a direct quote from Trump.",narrative
Sep 2025,2025-09-23,DB2F9E2C853EFA033ED5684AE312978B,DB2F9E2C853EFA033ED5684AE312978B-1,Could Trump's new H-1B visa fees push highly skilled workers to Canada?,"Canada could be on the verge of having more highly skilled workers come here after U.S. President Donald Trump added a $100,000 fee for H-1B visa applications.
This most recent move is aimed at making it harder for businesses to bring in top-skilled candidates from outside the U.S. by increasing the fee on new H-1B visa applications to US$100,000.","The sentence discusses the impact of a new fee on H-1B visa applications, indicating that it may hinder the ability of U.S. businesses to recruit skilled workers. This aligns with the theme of a proposed tax impacting companies employing H-1B visa holders, as the fee effectively acts as a tax on hiring these workers.",A proposed tax impacting companies employing H-1B visa holders.,Donald Trump,,PEOP,related,"The sentence explicitly discusses the introduction of a $100,000 fee for H-1B visa applications, which directly relates to the theme of 'Introduction of a high fee on H-1B visas'. It also mentions the implications of this fee increase on businesses and skilled workers, reinforcing the connection to the theme.","Donald Trump is mentioned in relation to the action of adding a fee for H-1B visa applications, but the sentence does not quote something he explicitly said. It describes an action he took rather than a statement he made.",narrative
Sep 2025,2025-09-23,D9DA5A6D2C0771FE3D45622D31E2B7B6,D9DA5A6D2C0771FE3D45622D31E2B7B6-1,INR tumbles to record low amid heightened risk-averse sentiment,"The Indian rupee tumbled further against the dollar in opening trades on Tuesday to record low levels as investors weighed Trump's H-1B visa fee hike impact on Indian remittances amid heightened risk-averse sentiment. INR commenced at Rs 88.41 per dollar and slumped to a low of 88.50 so far during the day. Indian shares fell on Monday, contributing to rupee decline with IT stocks pacing the declines after the Trump administration announced sweeping changes to the H-1B visa regime, including a steep $100,000 fee for new applications. It is feared that the steep hike in H-1B visa fees will raise offshore deployment costs and could squeeze profit margins on existing contracts, particularly in cost-sensitive areas like application development and consulting.","The sentence discusses the impact of a proposed fee hike on H-1B visas, specifically how it affects the Indian rupee and Indian remittances. It highlights concerns about increased costs for offshore deployment and profit margins, which directly relates to the theme of 'Tax increases operational costs for companies employing H-1B visa workers.'",Tax increases operational costs for companies employing H-1B visa workers.,Donald Trump,,PEOP,related,"The sentence discusses the impact of a high fee on H-1B visas, specifically mentioning a steep $100,000 fee for new applications and its potential effects on Indian remittances and profit margins. This clearly relates to the theme of 'Introduction of a high fee on H-1B visas'.","Donald Trump is mentioned in relation to the H-1B visa fee hike, but the sentence does not quote anything he has explicitly said. Instead, it discusses the impact of actions taken by the Trump administration regarding the H-1B visa regime.",narrative
Sep 2025,2025-09-23,D986F6DF6BC26F7A9C6F34AD728533D6,D986F6DF6BC26F7A9C6F34AD728533D6-1,"Apple, Microsoft, Google, Amazon and 16 other tech giants that may be most affected by $100,000 H-1B visa fee","President Trump's decision to increase the H-1B application fee to $100,000 has rattled the global tech industry. Major companies like Google, Amazon, and Meta are urging their H-1B employees to return to the US. The White House defends the move as a measure to combat program abuse and prioritize American workers, impacting numerous tech firms. US President Donald Trump recently announced the decision to impose an increased fee of $1,00,000 on the new H-1B application. The revised regulation sent shockwaves in the global technology sector and many tech giants such as Google, Amazon, Meta and others asked their employees with H-1B visa to return to US as soon as possible. The H-1B visa program has been long used by the US companies to hire skilled foreign workers majorly from China and India.","The sentence discusses President Trump's decision to increase the H-1B application fee, which directly relates to the proposed tax impacting companies employing H-1B visa holders. The mention of major companies urging their H-1B employees to return to the US indicates the potential consequences of this fee increase on recruitment and employment strategies.",A proposed tax impacting companies employing H-1B visa holders.,Donald Trump,,PEOP,related,"The sentence explicitly discusses President Trump's decision to increase the H-1B application fee to $100,000, which directly relates to the theme of 'Introduction of a high fee on H-1B visas'. It also mentions the impact on the tech industry and responses from major companies, reinforcing the connection to the high fee on H-1B visas.","Donald Trump is mentioned in the context of announcing a decision regarding the H-1B application fee, but the sentence primarily describes an action he has taken rather than quoting something he has explicitly said.",narrative
Sep 2025,2025-09-23,D61768697347BD8AB1249CC92E4D6FBB,D61768697347BD8AB1249CC92E4D6FBB-4,"New H-1B Visas Would Favor Higher-Skilled, Better-Paid Workers","The Trump administration said on Friday it would ask companies to pay $100,000 per year for H-1B visas. Some big tech companies warned visa holders to stay in the U.S. or quickly return, sparking a chaotic scramble to get back to the U.S.","The sentence discusses a proposed tax of $100,000 per year for H-1B visas, which directly relates to the theme of 'A proposed tax impacting companies employing H-1B visa holders.'",A proposed tax impacting companies employing H-1B visa holders.,Donald Trump,,PEOP,related,"The sentence directly mentions the Trump administration's proposal for companies to pay $100,000 per year for H-1B visas, which clearly relates to the theme of introducing a high fee on H-1B visas.","Donald Trump is mentioned in relation to the actions of the Trump administration, but the sentence does not quote anything that Donald Trump has explicitly said. It describes a decision made by the administration rather than a direct quote from him.",narrative
Sep 2025,2025-09-23,D5B4649C342FEC63C6B2FD67C0B73ADA,D5B4649C342FEC63C6B2FD67C0B73ADA-1,"US H-1B visa fee hike hurts India, but which countries could benefit from it? Find out here","New Delhi: US President Donald Trump has significantly increased the application fee for US companies hiring foreign workers on H-1B visas. The Trump administration says the $100,000 increase in H-1B visa fees is intended to encourage US companies to prioritise American workers over foreign skilled workers. However, it is being considered a major blow, especially to large US tech companies that rely heavily on foreign skilled workers.","The sentence discusses the increase in application fees for H-1B visas and the intention behind it, which is to encourage companies to prioritize American workers over foreign skilled workers. This aligns with the theme of companies potentially prioritizing domestic candidates over H-1B visa applicants due to increased costs.",Companies may prioritize domestic candidates over H-1B visa applicants.,Donald Trump,,PEOP,related,"The sentence explicitly states that the application fee for H-1B visas has been significantly increased, which directly relates to the theme of 'Introduction of a high fee on H-1B visas'. It also discusses the implications of this fee increase on US companies and foreign workers, reinforcing the connection to the theme.","Donald Trump is mentioned in the context of the actions taken by his administration regarding H-1B visa fees, but the sentence does not quote anything he has explicitly said.",narrative
Sep 2025,2025-09-23,D453014B85163E7399AE3DA6A52AD351,D453014B85163E7399AE3DA6A52AD351-4,"Small, mid-sized IT firms shrug off impact of US visa fee hike on business","On Friday, Trump signed an executive order requiring companies to pay $100,000 annually for every new foreign worker under the H-1B visa, up from about $1,000 earlier. The White House clarified on Sunday that the one-time fee would apply only to new applications, not to existing visa holders. H-1B visas allow highly skilled non-immigrants to work in the US on a temporary basis.","The sentence discusses a new executive order that significantly increases the cost associated with hiring foreign workers under the H-1B visa program, which directly relates to the proposed tax impacting companies employing H-1B visa holders.",A proposed tax impacting companies employing H-1B visa holders.,Donald Trump,,PEOP,related,"The sentence explicitly discusses the increase in fees for H-1B visas, detailing the new annual fee of $100,000 compared to the previous fee of about $1,000. This directly relates to the theme of 'Introduction of a high fee on H-1B visas'.","Donald Trump is mentioned in the context of signing an executive order, which relates to an action he has taken rather than something he has explicitly said. Therefore, the sentence does not quote something that Donald Trump has said.",narrative
Sep 2025,2025-09-23,32E967ABD307770BE6AC6137314AC01A,32E967ABD307770BE6AC6137314AC01A-1,"H-1B visa fee hike sparks reactions from Nvidia's Jensen Huang and OpenAI's Sam Altman: ""Immigration is the foundation of the American Dream...""","The Trump administration increased H-1B visa fees to $100,000. Nvidia CEO Jensen Huang and OpenAI CEO Sam Altman supported the move. They believe it will attract top global talent. Indian IT companies face higher costs. This could lead to a reverse brain drain. The policy impacts new applications only. Some see it as raising the bar for US immigration. The Donald Trump administration's decision to raise the H-1B visa application fee to an unprecedented $100,000 has triggered swift reactions across the technology sector. While many companies expressed concern about the seismic impact on global hiring and talent flows, two of Silicon Valley's most influential leaders, Nvidia CEO Jensen Huang and OpenAI CEO Sam Altman, struck a surprisingly supportive tone.","The sentence discusses the increase in H-1B visa fees and its implications for global hiring and talent flows, which aligns with the theme of how a proposed tax (in this case, increased fees) impacts companies employing H-1B visa holders.",A proposed tax impacting companies employing H-1B visa holders.,Donald Trump,,PEOP,related,"The sentence explicitly discusses the increase of H-1B visa fees to $100,000, which directly relates to the theme of 'Introduction of a high fee on H-1B visas'. It also mentions the reactions from influential figures in the tech industry regarding this fee hike, further establishing the connection.","Donald Trump is mentioned in the context of the administration's actions, but the sentence does not quote anything that he has explicitly said. It describes actions taken by the Trump administration rather than direct quotes from Donald Trump himself.",narrative
Sep 2025,2025-09-23,3094A68D8A5C7937FF969C8718346FE6,3094A68D8A5C7937FF969C8718346FE6-8,Indian Origin Executives Appointed CEOs At 2 Major US Companies Amid H-1B Fee Hike,"Trump's H-1B Visa Fee Hike
Last week, the Trump administration introduced a $100,000 one-time fee for new H-1B visa applications. Effective September 21, it aimed to prioritise American workers over foreign labour. The fee applies only to new applicants within a year and does not affect existing visa holders or renewals, though exemptions may be granted if hiring a foreign worker serves the national interest.","The sentence discusses a new fee introduced by the Trump administration for H-1B visa applications, which directly relates to the proposed tax impacting companies employing H-1B visa holders. It highlights the intention to prioritize American workers, which aligns with the narrative of companies potentially altering their hiring practices due to increased costs associated with H-1B visa applications.",A proposed tax impacting companies employing H-1B visa holders.,Donald Trump,,PEOP,related,"The sentence directly discusses the introduction of a high fee for new H-1B visa applications, which is the central theme of the article. It provides specific details about the fee amount, its effective date, and its implications for American workers and foreign labor, clearly establishing a connection to the theme.","Donald Trump is mentioned in relation to the actions taken by his administration regarding the H-1B visa fee, but the sentence does not quote anything that he has explicitly said.",narrative
Sep 2025,2025-09-23,2DB4AA796CCD6ACBF685E7C025FFEFC2,2DB4AA796CCD6ACBF685E7C025FFEFC2-2,"Commentary | $100,000 H-1B visa is a gamble that could protect US jobs","The overhaul, signed by the president Friday night, escalates the price of entry to $100,000 per worker, to be paid by the company. And the costs don't stop there. Trump also wants a revision of prevailing wage rules to ensure that visa-holders get paid the same as Americans - a change that should further discourage companies from importing foreign labor.","The sentence discusses the increase in costs associated with hiring H-1B visa workers due to a new tax and changes in wage rules, which aligns with the theme of higher costs deterring companies from hiring H-1B visa candidates.",Higher costs may deter companies from hiring H-1B visa candidates.,Donald Trump,,PEOP,related,"The sentence discusses the introduction of a high fee of $100,000 for H-1B visas, which directly relates to the theme of 'Introduction of a high fee on H-1B visas'. It also mentions additional changes that could impact the hiring of foreign workers, reinforcing the connection to the theme.","Donald Trump is mentioned in the context of wanting a revision of prevailing wage rules, but the sentence does not quote something he has explicitly said. It describes actions and intentions rather than direct quotes.",narrative
Sep 2025,2025-09-23,27D36223A9A1D6B631ADC609C0701B3D,27D36223A9A1D6B631ADC609C0701B3D-1,The future of tech in WA amid H1-B visa changes,"President Trump is making it more expensive for all U.S. companies to hire international workers after signing an executive order enforcing a $100,000 fee for new H1-B visa applicants.","The sentence discusses the introduction of a fee for H-1B visa applicants, which directly relates to the theme of increased operational costs for companies employing H-1B visa workers. This aligns with the narrative that a proposed tax (or fee) impacts companies financially when hiring international workers.",Tax increases operational costs for companies employing H-1B visa workers.,Donald Trump,,PEOP,related,"The sentence explicitly states that President Trump signed an executive order enforcing a $100,000 fee for new H-1B visa applicants, which directly relates to the theme of introducing a high fee on H-1B visas.","Donald Trump is mentioned in the context of signing an executive order, which relates to an action he has taken rather than something he has explicitly said. Therefore, the sentence does not quote him directly.",narrative
Sep 2025,2025-09-23,2017C9219BD36EF00A2ED790CA4C7ED3,2017C9219BD36EF00A2ED790CA4C7ED3-2,JPMorgan to engage with stakeholders on H-1B visa fee,"Some big tech companies warned visa holders to stay in the United States or return quickly after the Trump administration said last week it would ask companies to pay the fee for such visas.
""For us, visas matter because we move people around globally experts who get promoted to new jobs in different markets,"" Dimon told the paper.","The sentence discusses the implications of visa policies on the movement of skilled workers within companies, which relates to the potential impact of a proposed tax on companies employing H-1B visa holders. It highlights the importance of visas for global mobility and recruitment strategies, aligning with the theme of how a tax may influence companies' reliance on H-1B visa workers.",A proposed tax impacting companies employing H-1B visa holders.,Donald Trump,,PEOP,related,"The sentence discusses the implications of a fee for H-1B visas as mentioned by the Trump administration, indicating a direct connection to the introduction of a high fee on H-1B visas. It highlights the concerns of tech companies regarding visa holders and the potential impact of the fee on their operations.","Donald Trump is mentioned in the context of the administration's actions regarding H-1B visa fees, but the sentence does not quote anything that Donald Trump has explicitly said. It describes what the administration said, not a direct quote from Trump himself.",narrative
Sep 2025,2025-09-23,1F592155927C3111E3108EB5187E1CDF,1F592155927C3111E3108EB5187E1CDF-1,"Indian IT braces for $100,000 H-1B visa fee; firms look to offshoring, local hires to absorb shock - Report","NEW DELHI: Indian IT companies are preparing to cushion the impact of the US administration's steep hike in H-1B visa fees, with analysts saying the blow, while sharp, is unlikely to be fatal for the sector. On September 19, President Donald Trump signed an executive order raising the fee for new H-1B applications to $100,000, a staggering jump from the current $1,500. The move is expected to squeeze firms that rely on sending tech talent to the US, though many have already reduced their dependence on such visas. A report by Nuvama said most Indian IT companies are unlikely to pay the new fee. With median H-1B salaries in the $80,000-120,000 range, adding another $100,000 would make these roles uneconomical. Instead, companies are expected to pivot.","The sentence discusses the significant increase in H-1B visa fees and its impact on Indian IT companies, indicating that the new tax will increase operational costs and may lead companies to reassess their reliance on H-1B visa workers. This aligns with the theme of 'Tax increases operational costs for companies employing H-1B visa workers.'",Tax increases operational costs for companies employing H-1B visa workers.,Donald Trump,,PEOP,related,"The sentence discusses the significant increase in H-1B visa fees, specifically mentioning the new fee of $100,000 and its implications for Indian IT companies. This directly relates to the theme of the introduction of a high fee on H-1B visas.","Donald Trump signed an executive order raising the fee for new H-1B applications to $100,000, which is a direct quote of his action. However, the sentence does not provide a direct quote of something he has said, but rather describes an action he has taken.",narrative
Sep 2025,2025-09-23,33F91BC124BF2A8BCAF2BA36B54D602B,33F91BC124BF2A8BCAF2BA36B54D602B-14,Nvidia and OpenAI cheer Trump's $100K visa fee to lure the smartest minds,"The Prime Minister now believes the time may be right to waive all fees for Global Talent visas. The move comes just days after US President Donald Trump imposed a hefty $100,000 fee for America's H-1B visas, a change expected to deter elite recruits considering jobs at US tech companies.","The sentence discusses the potential waiver of fees for Global Talent visas in response to the hefty fee imposed on H-1B visas in the US, indicating a competitive landscape for attracting skilled workers. This relates to the theme of how new tax or fee structures may hinder recruitment of skilled H-1B visa workers.",New tax may hinder recruitment of skilled H-1B visa workers.,Donald Trump,,PEOP,related,"The sentence discusses the imposition of a $100,000 fee for H-1B visas by US President Donald Trump, which directly relates to the theme of 'Introduction of a high fee on H-1B visas'. It highlights the impact of this fee on elite recruits considering jobs in the US, making the connection clear.","Donald Trump is mentioned in relation to imposing a fee for H-1B visas, but the sentence does not quote something he explicitly said. It describes an action he took rather than a statement he made.",narrative
Sep 2025,2025-09-23,3B3C7D598654210F85CA5734D7AB5E77,3B3C7D598654210F85CA5734D7AB5E77-1,Trump H-1B Fees Pose Threats to AI Startups' Access to Talent,"The Trump administration's new steep fees on high-skilled foreign workers threaten to hamstring American startups competing in the artificial intelligence talent war.
Small tech companies are likely to be disadvantaged by the policy-which requires a $100,000 one-time payment for most new H-1B visa applications-because they can less easily absorb extra costs than bigger competitors like Amazon, Meta Platforms Inc., and Alphabet Inc.'s Google, according to industry officials and lobbyists in Washington. Startups could struggle to access specialized labor as a result of the new fees, officials said.","The sentence discusses how the new steep fees imposed by the Trump administration on high-skilled foreign workers, particularly H-1B visa applications, may hinder American startups' ability to compete for talent in the artificial intelligence sector. This aligns with the theme of how a new tax may hinder recruitment of skilled H-1B visa workers, as the fees create a financial barrier for startups to hire specialized labor.",New tax may hinder recruitment of skilled H-1B visa workers.,Donald Trump,,PEOP,related,"The sentence explicitly discusses the introduction of steep fees on H-1B visas, detailing the financial burden it places on small tech companies and how it affects their ability to compete for talent. This directly relates to the theme of 'Introduction of a high fee on H-1B visas'.","Donald Trump is mentioned in relation to the administration's actions, but the sentence does not quote anything that he has explicitly said. It discusses the implications of a policy rather than a direct statement from him.",narrative
Sep 2025,2025-09-23,3B051368C66E7384D8AB29E55D40B687,3B051368C66E7384D8AB29E55D40B687-5,"Trump administration proposes new H-1B visa process favoring higher-skilled, better-paid workers","The Trump administration said on Friday it would ask companies to pay US$100,000 per year for H-1B visas. Some big tech companies warned visa holders to stay in the US or quickly return, sparking a chaotic scramble to get back to the US. The White House later clarified that the fee would apply only to new visas.","The sentence discusses a proposed fee for H-1B visas, which directly relates to the theme of a proposed tax impacting companies employing H-1B visa holders. The mention of companies needing to pay a specific amount for H-1B visas indicates a financial burden that aligns with the narrative of a tax affecting these companies.",A proposed tax impacting companies employing H-1B visa holders.,Donald Trump,,PEOP,related,"The sentence explicitly mentions the Trump administration proposing a fee of US$100,000 per year for H-1B visas, which directly relates to the theme of 'Introduction of a high fee on H-1B visas'.","Donald Trump is mentioned in the context of the Trump administration's actions, but the sentence does not quote anything that Donald Trump has explicitly said. It describes a decision made by the administration rather than a direct quote from him.",narrative
Sep 2025,2025-09-23,3721C4A5BEC22C7536137F462F0EE8BF,3721C4A5BEC22C7536137F462F0EE8BF-2,Minnesota companies brace for hit from Trump's $100K work visa fees,"President Donald Trump on Friday signed an executive order meant to reduce companies' reliance on the H-1B visa program - the nation's mechanism for hiring foreign workers for specialty jobs, like computer science engineers and doctors - by increasing a company's sponsorship fee from a few thousand dollars to $100,000.",The sentence discusses an executive order signed by President Trump that aims to reduce companies' reliance on the H-1B visa program by significantly increasing the sponsorship fee. This directly relates to the theme of companies altering their strategies regarding H-1B visa workers due to increased costs.,Companies may alter recruitment strategies to minimize H-1B visa reliance.,Donald Trump,,PEOP,related,"The sentence explicitly discusses President Trump's executive order that increases the sponsorship fee for H-1B visas to $100,000, which directly relates to the theme of introducing a high fee on H-1B visas.","Donald Trump is mentioned as having signed an executive order, which relates to an action he has taken rather than something he has explicitly said. Therefore, the sentence does not quote something he has said.",narrative
Sep 2025,2025-09-23,36C901B42C2C4169CBEE53809600024F,36C901B42C2C4169CBEE53809600024F-2,Markets plummet as H-1B visa fee shock hits IT stocks,"However, Eternal, Bajaj Finance, Adani Ports and UltraTech Cement were among the gainers.
President Trump on Friday signed a proclamation raising the fee on the visas used by companies to hire workers, including from India, to live and work in the US.
The H-1B visa fee of $1,00,000 would be applicable only to new applicants, a White House official clarified on Saturday.
""The domestic market traded on a lower note amid a sharp increase in H-1B visa costs, which weighed on the IT index, while mid and smallcap stocks saw profit-booking following recent gains. GST rationalisation, a normal monsoon, lower interest rates, and tax incentives are expected to support consumption, narrowing the gap between valuations and growth prospects.","The sentence discusses the increase in H-1B visa costs and its impact on the domestic market, particularly mentioning how it weighed on the IT index. This aligns with the theme of 'Tax increases operational costs for companies employing H-1B visa workers.'",Tax increases operational costs for companies employing H-1B visa workers.,Donald Trump,,PEOP,related,"The sentence discusses the increase in H-1B visa fees, specifically mentioning the new fee of $1,00,000 for new applicants, which directly relates to the theme of 'Introduction of a high fee on H-1B visas'. Additionally, it highlights the impact of this fee increase on the IT market, reinforcing the connection to the theme.","Donald Trump signed a proclamation raising the fee on H-1B visas, which is an action he took rather than something he explicitly said. Therefore, it does not qualify as a quote.",narrative
Sep 2025,2025-09-23,366D5AEBC2FAFD1DD76B13843B505033,366D5AEBC2FAFD1DD76B13843B505033-2,How Trump's H-1B Reform Could Harm American Tech Innovation,"Many experts agree that the H-1B system is flawed and needs amending. But TIME spoke with three professors in economics or business who believe that Trump's new fee system could be counterproductive: that it might push talent overseas; render universities and nonprofits unable to recruit foreign experts; and harm American tech innovation, including in the rapidly emerging field of AI.
The idea that the H-1B visa program has on net taken jobs from U.S. workers is ""empirically opposite to the truth,"" says Giovanni Peri, an economics professor at the University of California, Davis. ""Foreign STEM workers have been an incredible engine of growth,"" he says, noting that multiple studies have found that their presence tends to increase job creation and wealth for America writ large.","The sentence discusses the potential negative impacts of a new fee system on the H-1B visa program, including hindering recruitment of foreign experts and harming American tech innovation. This aligns with the theme that a new tax may hinder recruitment of skilled H-1B visa workers and may impact innovation driven by H-1B visa talent.",New tax may hinder recruitment of skilled H-1B visa workers.,Donald Trump,,PEOP,related,"The sentence discusses the potential negative impacts of Trump's new fee system on the H-1B visa program, which directly relates to the theme of introducing a high fee on H-1B visas. It highlights concerns from experts about how the fee could affect talent retention and innovation in the U.S., making it relevant to the topic.","Donald Trump is mentioned in relation to a new fee system, but the sentence does not quote something he has explicitly said. Instead, it discusses expert opinions on the implications of his policy. Therefore, it is unclear if this is a direct quote from Donald Trump.",narrative
Sep 2025,2025-09-23,366D5AEBC2FAFD1DD76B13843B505033,366D5AEBC2FAFD1DD76B13843B505033-7,How Trump's H-1B Reform Could Harm American Tech Innovation,"During his first term, Trump imposed restrictions on the program, with rejection rates of applications spiking. He also tried to ban H-1B visas, but was unsuccessful in federal court.
Trump is now trying a different tactic: A $100,000 payment for new applicants. The announcement caused a panic in Silicon Valley, with tech companies advising their H-1B employees not to leave the country lest they not be allowed back in. However, White House officials said on Saturday that the changes would only apply to new applications, not renewals.","The sentence discusses the imposition of a new payment requirement for H-1B visa applicants, which directly relates to the proposed tax impacting companies employing H-1B visa holders. It highlights the financial implications for new applicants and the reaction from tech companies, indicating how this could affect their operations and workforce planning.",A proposed tax impacting companies employing H-1B visa holders.,Donald Trump,,PEOP,related,"The sentence discusses a proposed $100,000 payment for new H-1B visa applicants, which directly relates to the theme of introducing a high fee on H-1B visas. It also mentions the implications of this change for tech companies and employees, reinforcing the connection to the theme.","Donald Trump is mentioned in the context of actions he has taken regarding H-1B visas, but the sentence does not quote anything he has explicitly said. Therefore, it does not meet the criteria for a quote.",narrative
Sep 2025,2025-09-23,33F91BC124BF2A8BCAF2BA36B54D602B,33F91BC124BF2A8BCAF2BA36B54D602B-3,Nvidia and OpenAI cheer Trump's $100K visa fee to lure the smartest minds,"Trump announced plans to increase the H-1B visa fee to $100,000, prompting companies to scramble and reassess their hiring strategies. Under the new rules, employers must provide proof of payment before filing an H-1B petition on behalf of a worker.","The sentence discusses the announcement of an increase in the H-1B visa fee, which directly relates to the operational costs for companies employing H-1B visa workers. This increase in fees will likely lead companies to reassess their hiring strategies, aligning with the theme of tax increases operational costs for companies employing H-1B visa workers.",Tax increases operational costs for companies employing H-1B visa workers.,Donald Trump,,PEOP,related,"The sentence explicitly mentions Trump's plans to increase the H-1B visa fee to $100,000, which directly relates to the theme of 'Introduction of a high fee on H-1B visas'. It also discusses the implications of this fee increase on companies' hiring strategies, reinforcing the connection to the theme.","Donald Trump is mentioned in the context of announcing plans regarding the H-1B visa fee, but the sentence does not quote something he explicitly said. Instead, it describes an action he took.",narrative
Sep 2025,2025-09-23,1CF0AF13A83ACF9D134098406C7423E6,1CF0AF13A83ACF9D134098406C7423E6-5,"Expert view: Nifty 50 may hit a record high by FY26-end; H-1B visa fee hike, HIRE Act key risks, says HDFC Tru head","Expert view: Sneha Poddar of Motilal Oswal on Nifty outlook, valuations and more
Do you see some risks that investors should not overlook?
The ""Make America Great Again"" (MAGA) constituency has been discussing action against the outsourcing of jobs in the services sector. Peter Navarro, Donald Trump's trade advisor, has also supported a call to ""tariff"" foreign remote workers.
The H-1B visa fees, the HIRE Act (which proposes a 25 per cent tax on outsourcing payments), or other such measures could meaningfully impact India's IT sector and its future growth.","The sentence discusses potential measures, including H-1B visa fees and a proposed tax on outsourcing payments, that could significantly affect the IT sector in India. This aligns with the theme of a proposed tax impacting companies employing H-1B visa holders, as it highlights the financial implications of such policies on the industry.",A proposed tax impacting companies employing H-1B visa holders.,Donald Trump,,PEOP,related,"The sentence discusses the potential impact of H-1B visa fees and related measures on India's IT sector, which directly connects to the theme of 'Introduction of a high fee on H-1B visas'.","Donald Trump is mentioned in relation to his trade advisor's support for a call to action, but the sentence does not quote anything that Donald Trump has explicitly said. Instead, it discusses actions and opinions associated with his administration without direct quotes from him.",narrative
Sep 2025,2025-09-23,0B7106D57BB9BF3AD6AEB0D1CACB0EB8,0B7106D57BB9BF3AD6AEB0D1CACB0EB8-1,"UK, China, Canada and More Seek Skilled Talent Displaced From US As H-1B Visa Hike Sparks Global Rush: What You Need to Know","President Donald Trump's decision to impose a dollar one hundred thousand application fee for new H-1B visas has sent ripples through the global technology and skilled worker landscape. As the US introduces its most expensive and restrictive fee for skilled immigration, industry analysts, economists, and government officials worldwide are assessing both the challenges for US-based sectors and the resulting opportunities for other nations such as UK, China, South Korea and Canada seeking top international talent. While the policy is meant to protect American jobs by discouraging companies from hiring foreign workers, it is already prompting major tech players and skilled workers to reassess their global mobility, and may rapidly accelerate skilled migration to more welcoming destinations.","The sentence discusses the implications of a new application fee for H-1B visas, highlighting how it may discourage companies from hiring foreign workers and lead to a reassessment of global mobility for skilled workers. This aligns with the theme of a proposed tax impacting companies employing H-1B visa holders, as it addresses the financial burden and its effects on recruitment and competition.",A proposed tax impacting companies employing H-1B visa holders.,Donald Trump,,PEOP,related,"The sentence explicitly discusses President Trump's decision to impose a high application fee for new H-1B visas, which directly relates to the theme of 'Introduction of a high fee on H-1B visas'. It also outlines the implications of this fee on the global technology landscape and skilled worker mobility, reinforcing the connection to the theme.","Donald Trump is mentioned in the context of a decision he made regarding H-1B visa fees, but the sentence does not quote anything he explicitly said. It describes an action taken by him rather than a statement he made.",narrative
Sep 2025,2025-09-23,0842ED9F27B45FFF8314A2C28F0D871E,0842ED9F27B45FFF8314A2C28F0D871E-3,Trump administration to get tough on companies that misuse the H-1B visa,"The move follows a Trump administration announcement that employers would be charged a $100,000 fee for new foreign workers applying for the H-1B visa to work in the United States. The policy change does not affect those with current visas or those seeking visa renewals.","The sentence discusses a new fee imposed on employers for hiring foreign workers under the H-1B visa program, which directly relates to the proposed tax impacting companies employing H-1B visa holders.",A proposed tax impacting companies employing H-1B visa holders.,Donald Trump,,PEOP,related,"The sentence explicitly mentions a $100,000 fee for new foreign workers applying for the H-1B visa, which directly relates to the theme of 'Introduction of a high fee on H-1B visas'.","Donald Trump is mentioned in relation to the actions of the Trump administration, but the sentence does not quote anything that Donald Trump has explicitly said. It describes a policy change rather than a direct statement from him.",narrative
Sep 2025,2025-09-23,04B7FA8CF208872EB698FB10EF2951FF,04B7FA8CF208872EB698FB10EF2951FF-2,"Indian IT Firms Brace for H-1B Visa Fee Hike With Local Hiring, Offshoring","On Sept. 19, President Donald Trump signed an executive order imposing a $100,000 fee for new H-1B visa applications, a massive jump from the current cost of about $1,500. The steep hike poses a direct challenge to Indian IT services firms, which for years used the visa program to send skilled workers to the United States.","The sentence discusses the imposition of a significant fee increase for H-1B visa applications, which directly relates to the proposed tax impacting companies employing H-1B visa holders. It highlights the financial burden this new fee creates for companies, particularly Indian IT services firms, that rely on the H-1B visa program.",A proposed tax impacting companies employing H-1B visa holders.,Donald Trump,,PEOP,related,"The sentence explicitly states that President Trump signed an executive order imposing a $100,000 fee for new H-1B visa applications, which directly relates to the theme of 'Introduction of a high fee on H-1B visas'. It also discusses the implications of this fee increase on Indian IT services firms, reinforcing the connection to the theme.","Donald Trump is mentioned as having signed an executive order, which indicates an action he took rather than something he explicitly said. Therefore, this does not qualify as a quote.",narrative
Sep 2025,2025-09-23,17BA845653DD9CD2DEA48FDFF7DF3B4F,17BA845653DD9CD2DEA48FDFF7DF3B4F-2,H-1B visa fees spur offshoring talk,"US President Donald Trump on Friday announced the change to the visa program that has long been a recruitment pathway for tech firms and encouraged international students to pursue postgraduate courses in the U.S. While the $100,000 levy applies only to new applicants - not current holders as first announced - the confusion around its roll-out and steep cost are already leading companies to pause recruitment, budgeting and workforce plans, according to Reuters interviews of founders, venture capitalists and immigration lawyers who work with technology companies.","The sentence discusses the announcement of a new levy on the visa program, which is causing confusion and leading companies to pause their recruitment and workforce plans. This directly relates to the theme of how a new tax may hinder recruitment of skilled H-1B visa workers, as it highlights the impact of the levy on companies' hiring strategies.",New tax may hinder recruitment of skilled H-1B visa workers.,Donald Trump,,PEOP,related,"The sentence discusses a change to the visa program, specifically mentioning a $100,000 levy that applies to new applicants, which directly relates to the introduction of a high fee on H-1B visas. It also highlights the impact of this fee on recruitment and workforce planning, reinforcing the connection to the theme.","Donald Trump is mentioned as having announced a change to the visa program, but the sentence does not provide a direct quote of something he said. Instead, it describes an action he took regarding the visa program.",narrative
Sep 2025,2025-09-23,17BA845653DD9CD2DEA48FDFF7DF3B4F,17BA845653DD9CD2DEA48FDFF7DF3B4F-1,H-1B visa fees spur offshoring talk,The Trump administration's hefty new visa fees for H-1B workers have prompted high-level talks inside companies in Silicon Valley and beyond on the possibility of moving more jobs overseas - precisely the outcome the policy was meant to stop.,"The sentence discusses how the new visa fees for H-1B workers are leading companies to consider moving jobs overseas, which directly relates to the theme of tax influencing decisions to onshore or offshore roles typically filled by H-1B visa workers.",Tax may influence decisions to onshore or offshore roles typically filled by H-1B visa workers.,Donald Trump,,PEOP,related,"The sentence discusses the introduction of hefty new visa fees for H-1B workers and its impact on companies considering moving jobs overseas, which directly relates to the theme of 'Introduction of a high fee on H-1B visas'.","Donald Trump is mentioned in relation to the actions of the Trump administration regarding visa fees, but the sentence does not quote anything that Donald Trump has explicitly said. It discusses the implications of the policy rather than a direct statement from him.",narrative
Sep 2025,2025-09-23,134C521055F7232BCFF2700813AC3CB9,134C521055F7232BCFF2700813AC3CB9-1,Trump administration proposes overhauling H-1B visa process for higher-paid workers,"The proposal comes after Trump announced plans for companies to pay a new $100,000 fee on H-1B visas, which are used by companies to hire foreign workers. After announcing a new $100,000 fee on H-1B visas, on Tuesday proposed overhauling the visa's lottery selection process to prioritize higher-paid and higher-skilled foreign employees.","The sentence discusses a proposed tax (a new $100,000 fee) impacting companies that employ H-1B visa holders, which directly relates to the theme of a proposed tax impacting companies employing H-1B visa holders.",A proposed tax impacting companies employing H-1B visa holders.,Donald Trump,,PEOP,related,"The sentence explicitly mentions a new $100,000 fee on H-1B visas, which directly relates to the theme of 'Introduction of a high fee on H-1B visas'. It also discusses the context of the proposal and its implications for hiring foreign workers, making the connection clear.","Donald Trump is mentioned in the context of announcing plans for a new fee on H-1B visas, but the sentence does not provide a direct quote of what he said. Instead, it describes actions taken by him and his administration.",narrative
Sep 2025,2025-09-23,0F8833F46165680EDBF2E34F71646D0A,0F8833F46165680EDBF2E34F71646D0A-10,"What is the H-1B visa, who uses it and how new US fees could affect global tech","New York is next, with New Jersey trailing behind, given their proximity to Wall Street and major financial institutions such as JPMorgan Chase and Jefferies
Who could take a hit from the new fees?
Higher visa fees could increase costs and shrink margins of US companies that have long turned to India and other countries to fill technology roles to meet surging domestic demand. It could further constrain a labour market weakened by Trump's wide-ranging crackdown on immigration that he has pursued since taking office in January.","The sentence discusses how higher visa fees could increase costs for US companies that rely on foreign workers, particularly in technology roles. This aligns with the theme of 'Higher costs may deter companies from hiring H-1B visa candidates.' as it highlights the financial impact of increased fees on hiring practices.",Higher costs may deter companies from hiring H-1B visa candidates.,Donald Trump,,PEOP,related,"The sentence discusses the potential impact of higher visa fees on US companies that rely on foreign workers, specifically in the context of H-1B visas. It connects the introduction of high fees to increased costs for companies and the labor market, which aligns with the theme of the article.","Donald Trump is mentioned in relation to actions he has taken regarding immigration, but the sentence does not quote anything he has explicitly said. Therefore, it does not meet the criteria for a quote.",narrative
Sep 2025,2025-09-23,3E58254B8F1AAC4754AD6A32804F4272,3E58254B8F1AAC4754AD6A32804F4272-1,H-1B visa jolt: Why Jensen Huang and Sam Altman are welcoming the $100K fee while Indian tech talent faces a struggle,"A significant disruption looms for Indian STEM graduates in the U.S. as President Trump's $100,000 H-1B visa fee sparks concern. While tech giants can manage the cost, startups may struggle, limiting opportunities for early-career professionals. This shift intensifies competition, demands proactive strategies, and may delay career progression for Indian talent seeking U.S. Indian STEM graduates and early-career tech professionals in the U.S. are facing one of the most significant disruptions in decades. President Donald Trump's decision to raise the H-1B visa sponsorship fee to $100,000 has sent shockwaves across the tech landscape.","The sentence discusses the significant disruption caused by the increase in H-1B visa fees, particularly affecting Indian STEM graduates and early-career professionals. This aligns with the theme of how a proposed tax (or fee increase) impacts companies employing H-1B visa holders, as it highlights the financial burden on startups and the resulting limitations on opportunities for these professionals.",A proposed tax impacting companies employing H-1B visa holders.,Donald Trump,,PEOP,related,"The sentence explicitly discusses President Trump's decision to raise the H-1B visa fee to $100,000, which directly relates to the theme of 'Introduction of a high fee on H-1B visas'. It highlights the impact of this fee increase on Indian STEM graduates and the tech industry, making the connection clear.","Donald Trump is mentioned in relation to his decision to raise the H-1B visa sponsorship fee, which is a direct quote of his action rather than his words. However, the sentence does not provide a direct quote of something he has explicitly said.",narrative
Sep 2025,2025-09-23,5E3D9330B5B74CE9D133738D85E45553,5E3D9330B5B74CE9D133738D85E45553-1,H-1B Visa Fee Hike Could Become A Boon For Workers - How It Opens Doors Back To America,"U.S. President Donald Trump has raised the H-1B visa fee to $100,000, making it harder for new applicants. Experts say the move could benefit professionals recently laid off by major tech companies.
New Delhi: The recent steep hike in H-1B visa fees in the United States may provide unexpected relief to some high-skilled professionals. President Donald Trump has raised the fee to $100,000, creating hurdles for new applicants.","The sentence discusses the increase in H-1B visa fees, which directly relates to the theme of a proposed tax impacting companies employing H-1B visa holders. The mention of making it harder for new applicants aligns with the narrative of how such fees can hinder recruitment of skilled H-1B visa workers.",A proposed tax impacting companies employing H-1B visa holders.,Donald Trump,,PEOP,related,"The sentence explicitly states that President Trump has raised the H-1B visa fee to $100,000, which directly relates to the theme of 'Introduction of a high fee on H-1B visas'. It discusses the implications of this fee increase on new applicants and mentions the context of the fee hike, making the connection clear.","Donald Trump is mentioned as having raised the H-1B visa fee, but this is an action he has taken, not a direct quote of something he has said.",narrative
Sep 2025,2025-09-23,7E25656C5D1D22076FAD6C44E9077320,7E25656C5D1D22076FAD6C44E9077320-1,Top 20 Companies Hiring The Most Foreign Workers Under US H-1B Visas,"President Trump has signed a proclamation imposing a $100,000 application fee for H-1B visas.
This new fee could significantly impact foreign professionals and companies that depend on them.
The announcement has sparked extensive discussion in the technology and business sectors.","The sentence discusses a new application fee for H-1B visas, which directly relates to the proposed tax impacting companies employing H-1B visa holders. The mention of the fee's potential impact on foreign professionals and companies indicates a clear connection to the financial implications of hiring H-1B visa workers.",A proposed tax impacting companies employing H-1B visa holders.,Donald Trump,,PEOP,related,"The sentence explicitly states that President Trump has signed a proclamation imposing a $100,000 application fee for H-1B visas, which directly relates to the theme of 'Introduction of a high fee on H-1B visas'. The mention of the impact on foreign professionals and companies further emphasizes the relevance of the fee introduction.","Donald Trump is mentioned in the context of signing a proclamation, which indicates an action he has taken rather than something he has explicitly said. Therefore, it does not qualify as a quote.",narrative
Sep 2025,2025-09-23,7DFE5BCACEBBAEAFB263A9727955ED36,7DFE5BCACEBBAEAFB263A9727955ED36-1,Trump's Visa Tax and Gold Card Pivot Threaten AI's Growth Engine,"Over one weekend, Donald Trump rewrote the rules of US immigration. With two executive orders, he simultaneously choked the supply of foreign talent and opened the gates for foreign capital. The first move: a $100,000 fee on every new H-1B visa, the work permit Silicon Valley has relied on for decades.","The sentence discusses a new fee imposed on H-1B visas, which directly relates to the proposed tax impacting companies employing H-1B visa holders. It highlights the financial burden that this fee represents for companies that depend on H-1B visa workers.",A proposed tax impacting companies employing H-1B visa holders.,Donald Trump,,PEOP,related,"The sentence explicitly mentions a '$100,000 fee on every new H-1B visa', which directly relates to the theme of 'Introduction of a high fee on H-1B visas'. It discusses the impact of this fee on the H-1B visa program, making the connection clear.","Donald Trump is mentioned as having rewritten the rules of US immigration and implementing a $100,000 fee on H-1B visas, but the sentence does not provide a direct quote of something he has explicitly said. Instead, it describes actions taken by him.",narrative
Sep 2025,2025-09-23,7DFE5BCACEBBAEAFB263A9727955ED36,7DFE5BCACEBBAEAFB263A9727955ED36-4,Trump's Visa Tax and Gold Card Pivot Threaten AI's Growth Engine,"By slapping a $100,000 toll on every new application, Trump has effectively turned the visa into a tax on innovation. Existing H-1Bs and renewals are exempt, but the pipeline of new talent - the oxygen of the AI boom - is being cut off.","The sentence discusses the financial burden imposed by a new toll on H-1B visa applications, which can be interpreted as a tax that impacts the recruitment of skilled workers. It highlights how this toll affects the influx of new talent necessary for innovation, particularly in the AI sector.",New tax may hinder recruitment of skilled H-1B visa workers.,Donald Trump,,PEOP,related,"The sentence discusses the introduction of a $100,000 fee on new H-1B visa applications, which directly relates to the theme of 'Introduction of a high fee on H-1B visas'. It highlights the impact of this fee on innovation and the influx of new talent, making the connection clear.","Donald Trump is mentioned in the context of having implemented a fee on H-1B visas, which indicates an action he has taken rather than something he has explicitly said. Therefore, the sentence does not quote something he has said.",narrative
Sep 2025,2025-09-23,78973BA6B9BFEBDA07CA82C9CF71AECD,78973BA6B9BFEBDA07CA82C9CF71AECD-1,"US H-1B visa fee hike hurts India, but which countries could benefit from it? Find out here","American tech companies are the largest employers of skilled workers on H-1B visas.
New Delhi: US President Donald Trump has significantly increased the application fee for US companies hiring foreign workers on H-1B visas. The Trump administration says the $100,000 increase in H-1B visa fees is intended to encourage US companies to prioritise American workers over foreign skilled workers. However, it is being considered a major blow, especially to large US tech companies that rely heavily on foreign skilled workers.",The sentence discusses the increase in application fees for H-1B visas and its intended effect of encouraging companies to prioritize American workers over foreign skilled workers. This aligns with the theme of companies potentially prioritizing domestic candidates over H-1B visa applicants due to increased costs associated with hiring H-1B visa workers.,Companies may prioritize domestic candidates over H-1B visa applicants.,Donald Trump,,PEOP,related,"The sentence explicitly mentions a significant increase in the application fee for H-1B visas, which directly relates to the theme of 'Introduction of a high fee on H-1B visas'. It discusses the implications of this fee hike on American tech companies and foreign skilled workers, making the connection clear.","Donald Trump is mentioned in relation to the increase in application fees for H-1B visas, but the sentence does not quote something he has explicitly said. It describes an action taken by his administration rather than a direct quote from him.",narrative
Sep 2025,2025-09-23,74D506A75FA1E681A448A860E7A26A52,74D506A75FA1E681A448A860E7A26A52-1,"Apple, Microsoft, Google, Amazon and 16 other tech giants that may be most affected by $100,000 H-1B visa fee","US President Donald Trump recently announced the decision to impose an increased fee of $1,00,000 on the new H-1B application. The revised regulation sent shockwaves in the global technology sector and many tech giants such as Google, Amazon, Meta and others asked their employees with H-1B visa to return to US as soon as possible. The H-1B visa program has been long used by the US companies to hire skilled foreign workers majorly from China and India. The White House has defended the move as a way to curb ""systemic abuse"" of the program and to prioritize American workers.","The sentence discusses the announcement of an increased fee on H-1B applications, which directly relates to the proposed tax impacting companies employing H-1B visa holders. It highlights the implications of this fee on tech companies and their workforce, aligning with the theme of how such a tax affects companies that rely on H-1B visa workers.",A proposed tax impacting companies employing H-1B visa holders.,Donald Trump,,PEOP,related,"The sentence explicitly discusses the announcement of a $100,000 fee on H-1B applications, which directly relates to the theme of 'Introduction of a high fee on H-1B visas'. It also mentions the impact on tech companies and the rationale behind the fee, reinforcing its relevance.","Donald Trump is mentioned as having announced the decision to impose an increased fee on H-1B applications, but the sentence does not quote him directly. It describes an action he took rather than something he explicitly said.",narrative
Sep 2025,2025-09-23,6C8AD667507046E6FA20D72D86F056D0,6C8AD667507046E6FA20D72D86F056D0-2,Adani Group Shares Add Almost $20 Billion As Rally Extends,"IT analysts split as stocks tumble
IT stocks shed $10 billion on Monday after President Donald Trump unveiled steep new fees for fresh H-1B visa applications, deepening what was already a difficult year for the sector. Opinions differ on whether the selloff is a warning or a buying opportunity. InCred says the fee adds a new layer of uncertainty just as client decision-making slows. Motilal Oswal counters that while on-site revenues may shrink, on-site costs could fall, helping protect profit margins. Nomura views any sharp correction as a chance to accumulate, saying the changes in the H1B visa program will have little impact over the next year.","The sentence discusses the impact of new fees for H-1B visa applications on IT stocks, indicating that the proposed tax is creating uncertainty in the market. This aligns with the theme of 'A proposed tax impacting companies employing H-1B visa holders.'",A proposed tax impacting companies employing H-1B visa holders.,Donald Trump,,PEOP,related,"The sentence discusses the introduction of steep new fees for H-1B visa applications and its impact on IT stocks, which directly relates to the theme of 'Introduction of a high fee on H-1B visas'.","Donald Trump is mentioned in the context of unveiling new fees for H-1B visa applications, but the sentence does not provide a direct quote of something he has said. Instead, it describes an action he took. Therefore, it does not meet the criteria for a quote.",narrative
Sep 2025,2025-09-23,6AA31F81B05A189954F264177C0EB993,6AA31F81B05A189954F264177C0EB993-1,"H-1B visa fee hike: What is H-1B visa, who it affects, what it means for foreign workers in the US, and other FAQs","The US has significantly increased H-1B visa fees to $100,000, impacting foreign workers and tech companies. This move, framed as protecting American jobs, disproportionately affects Indian and Chinese applicants. Critics fear it will deter global talent, benefiting countries like Canada and Australia. The United States has announced a steep increase in fees for H-1B visa applications, sparking concern among foreign workers, students, and tech companies alike. The cost for new visa petitions has been raised to USD 100,000, up from the previous range of roughly USD 2,000 to USD 5,000. The move, described by the Trump administration as a measure to ""protect American jobs,"" is expected to disproportionately affect Indian and Chinese applicants, who make up the majority of H-1B holders.","The sentence discusses the significant increase in H-1B visa fees and its impact on foreign workers and tech companies, which aligns with the theme of a proposed tax impacting companies employing H-1B visa holders. It highlights how the increased costs may deter global talent and affect recruitment strategies, particularly for Indian and Chinese applicants.",A proposed tax impacting companies employing H-1B visa holders.,Donald Trump,,PEOP,related,"The sentence clearly discusses the significant increase in H-1B visa fees to $100,000, detailing its impact on foreign workers and tech companies. It directly relates to the theme of the introduction of a high fee on H-1B visas, as it provides specific figures and context regarding the fee hike and its implications.","Donald Trump is mentioned in relation to the description of the fee increase as a measure to 'protect American jobs,' but the sentence does not provide a direct quote from him. Therefore, it is unclear if this reflects his exact words or just the administration's framing.",narrative
Sep 2025,2025-09-23,55699CF59A7184B49AA18B6E9D8D8F6E,55699CF59A7184B49AA18B6E9D8D8F6E-1,"Amid Trump's H-1B visa fee shock, Silicon Valley hiring in turmoil as companies eye offshoring","The Trump administration's hefty $100,000 fee, which applies to new H-1B visa applicants, has stirred high-level talks in Silicon Valley and beyond, as the sharp jump from just a few thousand dollars triggered panic.","The sentence discusses a significant fee imposed by the Trump administration on new H-1B visa applicants, which indicates a proposed tax impacting companies employing H-1B visa holders. The mention of 'high-level talks' and 'panic' suggests that this fee is causing concern among companies that rely on H-1B visa workers.",A proposed tax impacting companies employing H-1B visa holders.,Donald Trump,,PEOP,related,"The sentence directly discusses the introduction of a high fee ($100,000) on new H-1B visa applicants, which is the central theme of the article. It highlights the impact of this fee on discussions in Silicon Valley, indicating a clear connection to the theme.","Donald Trump is mentioned in relation to the administration's actions, but the sentence does not quote anything that he has explicitly said. It describes a fee implemented by the Trump administration rather than a statement made by Donald Trump himself.",narrative
Sep 2025,2025-09-23,4307517FEBF4DAC41A04E6A64A9DAFDB,4307517FEBF4DAC41A04E6A64A9DAFDB-2,H-1B Visa Clampdown: China K visa opens door to foreign STEM talent without sponsor employer requirement,"China's launch of the K Visa comes at a time when the Trump administration is making it tougher for US companies to hire foreign workers via the H-1B visa program.
Starting the 2026 H-1B visa season, US companies will be required to pay a one-time fee of $100,000 for filing a petition to hire a worker from overseas.","The sentence discusses the introduction of a new fee for US companies hiring foreign workers through the H-1B visa program, which aligns with the theme of a proposed tax impacting companies employing H-1B visa holders. The mention of the fee indicates an increase in operational costs for these companies, which is a direct consequence of the proposed tax.",A proposed tax impacting companies employing H-1B visa holders.,Donald Trump,,PEOP,related,"The sentence explicitly mentions a new fee of $100,000 for filing a petition to hire a worker under the H-1B visa program, which directly relates to the theme of 'Introduction of a high fee on H-1B visas'.","Donald Trump is mentioned in relation to the actions of his administration regarding the H-1B visa program, but the sentence does not quote anything that he has explicitly said.",narrative
Sep 2025,2025-09-23,55699CF59A7184B49AA18B6E9D8D8F6E,55699CF59A7184B49AA18B6E9D8D8F6E-10,"Amid Trump's H-1B visa fee shock, Silicon Valley hiring in turmoil as companies eye offshoring","Immigration lawyers confident Trump's H-1B blow will run into judicial obstacles
Deedy Das, a partner at venture capital firm Menlo Ventures that has invested in startups such as AI firm Anthropic, said, ""For larger companies, the cost is not material. For smaller companies, those with fewer than 25 employees, it's much more significant,"" adding that big tech CEOs were already prepared for this and will pay as for them, fewer small competitors is an advantage.","The sentence discusses the varying impact of H-1B visa costs on larger versus smaller companies, indicating that smaller companies may face more significant challenges due to these costs. This aligns with the theme of 'Higher costs may deter companies from hiring H-1B visa candidates.'",Higher costs may deter companies from hiring H-1B visa candidates.,Donald Trump,,PEOP,related,"The sentence discusses the impact of H-1B visa costs on different company sizes, indicating that larger companies may not be significantly affected by the high fees, while smaller companies will feel a more substantial impact. This relates to the theme of 'Introduction of a high fee on H-1B visas' as it directly addresses the consequences of such fees on hiring practices and competition in the tech industry.","Donald Trump is mentioned in the context of the impact of his policies on H-1B visas, but the sentence does not quote anything that he has explicitly said. It discusses the opinions of immigration lawyers and a partner at a venture capital firm instead.",narrative
Sep 2025,2025-09-23,4ACA0D452CBD1B43EAF7241167664E85,4ACA0D452CBD1B43EAF7241167664E85-1,"IT companies likely to reduce H-1B visa impact by nearshoring, hiring local talent: Nuvama","The move is likely to affect the operations and financials of Indian IT firms, but analysts believe the overall impact will remain limited
The IT companies are expected to find ways to soften the blow of the recent hike in H-1B visa fees announced by the US administration, according to a report by Nuvama. On Friday, September 19, US President Donald Trump passed an executive order imposing a $100,000 fee for new H-1B visa applications, a sharp increase from the current level of about $1,500.","The sentence discusses the impact of a recent hike in H-1B visa fees on Indian IT firms, indicating that it will affect their operations and financials. This aligns with the theme of 'Tax increases operational costs for companies employing H-1B visa workers.'",Tax increases operational costs for companies employing H-1B visa workers.,Donald Trump,,PEOP,related,"The sentence discusses the recent hike in H-1B visa fees, specifically mentioning the new $100,000 fee imposed by the US administration, which directly relates to the theme of 'Introduction of a high fee on H-1B visas'.","Donald Trump is mentioned in relation to passing an executive order imposing a fee, which indicates an action rather than a direct quote of something he has said.",narrative
Sep 2025,2025-09-23,55EA0B9F5ABA779E97390843C3B7D2CB,55EA0B9F5ABA779E97390843C3B7D2CB-1,"Trump's $100K H-1B visa fee could cripple startup hiring, founders and VCs warn","On September 19, the Trump administration announced a sweeping overhaul of the high-skill visa (H-1B) program. At the center is a proposed $100,000 annual fee, a change that immediately set off alarms among immigration lawyers, multinational companies, and visa holders across the globe.","The sentence discusses a proposed $100,000 annual fee related to the H-1B visa program, which directly aligns with the theme of 'A proposed tax impacting companies employing H-1B visa holders.' This proposed fee is a significant change that affects companies that utilize H-1B visa workers.",A proposed tax impacting companies employing H-1B visa holders.,Donald Trump,,PEOP,related,"The sentence discusses a proposed $100,000 annual fee for the H-1B visa program, which directly relates to the theme of 'Introduction of a high fee on H-1B visas'. It highlights the implications of this fee on various stakeholders, making the connection clear.","Donald Trump is mentioned in relation to the actions of the Trump administration, but the sentence does not quote anything that Donald Trump has explicitly said. It describes a proposed fee and the reaction to it, rather than a direct statement from him.",narrative
Sep 2025,2025-09-23,45E559B8A55EBA5B4DE18D251C564596,45E559B8A55EBA5B4DE18D251C564596-12,Explainer: H-1B visa - What is it and who are its beneficiaries?,Higher visa fees could increase costs and shrink margins of U.S. companies that have long turned to India and other countries to fill technology roles to meet surging domestic demand. It could further constrain a labor market weakened by Trump's wide-ranging crackdown on immigration that he has pursued since taking office in January.,"The sentence discusses how higher visa fees could lead to increased costs for U.S. companies, which directly relates to the theme of 'Tax increases operational costs for companies employing H-1B visa workers.' Additionally, it implies that these increased costs could shrink profit margins, aligning with the theme 'Increased costs from H-1B visa taxes may reduce profit margins.'",Tax increases operational costs for companies employing H-1B visa workers.,Donald Trump,,PEOP,related,"The sentence discusses the potential impact of higher visa fees on U.S. companies that rely on foreign workers, specifically in the context of H-1B visas. It connects the introduction of high fees to increased costs for these companies, which aligns with the theme of the introduction of a high fee on H-1B visas.","Donald Trump is mentioned in relation to actions he has taken regarding immigration, but the sentence does not quote anything he has explicitly said. Therefore, it does not meet the criteria for a quote.",narrative
Sep 2025,2025-09-23,45C4067758ECB5D553673FA374896A05,45C4067758ECB5D553673FA374896A05-2,"UAE set to draw more Indian talents, investors after new US H-1B fee hike","Trump's proclamation, signed on Friday, introduces a hefty $100,000 fee for new H-1B visas - the work permits long prized by Indian engineers, doctors and IT professionals. The move, effective Sunday, will not affect current visa holders or renewals for now, but it is expected to drastically curtail the number of skilled workers seeking to enter the US. A companion measure unveiled at the White House includes a ""gold-card visa"" costing $1 million for wealthy individuals, with a platinum version priced at $5 million that offers extended residency without US tax liabilities.","The sentence discusses a new fee for H-1B visas that is expected to drastically reduce the number of skilled workers seeking to enter the US, which directly relates to the theme of how a new tax may hinder recruitment of skilled H-1B visa workers.",New tax may hinder recruitment of skilled H-1B visa workers.,Donald Trump,,PEOP,related,"The sentence explicitly mentions the introduction of a $100,000 fee for new H-1B visas, which directly relates to the theme of 'Introduction of a high fee on H-1B visas'. It discusses the implications of this fee on skilled workers and provides context about the new policy, making the connection clear.","Donald Trump is mentioned in relation to a proclamation he signed, but the sentence does not quote anything he explicitly said. It describes an action he took rather than a statement he made.",narrative
Sep 2025,2025-09-24,B13C93689DC0C122594049591DF8BDA9,B13C93689DC0C122594049591DF8BDA9-5,"Microsoft, Salesforce, Oracle and Intel among tech giants that have cut jobs in 2025","Meanwhile, US President Donald Trump signed a new executive order that significantly increases the fees for H-1B visas, a move that can shake up hirings in the tech industry. The fee for new H-1B visas has been hiked by to $100,000, a measure aimed at discouraging major tech companies like Amazon, Apple, Microsoft, and Meta from hiring foreign workers. For Indian IT professionals, who have long relied on H-1B sponsorships for US jobs, this new policy presents a dual crisis: fewer available positions and substantially higher barriers to entry. According to the new order, the increased fees and rules will not apply to current H-1B visa holders or those seeking to renew their visas; they will only impact future applicants.","The sentence discusses the significant increase in fees for H-1B visas, which directly relates to the proposed tax impacting companies employing H-1B visa holders. It highlights how this increase can discourage major tech companies from hiring foreign workers, thus linking to the narrative of higher costs deterring companies from hiring H-1B visa candidates.",A proposed tax impacting companies employing H-1B visa holders.,Donald Trump,,PEOP,related,"The sentence explicitly discusses the signing of an executive order that increases the fees for H-1B visas, detailing the new fee amount and its implications for hiring in the tech industry. This directly relates to the theme of 'Introduction of a high fee on H-1B visas'.","Donald Trump signed a new executive order that significantly increases the fees for H-1B visas, but this sentence describes an action he took rather than something he explicitly said.",narrative
Sep 2025,2025-09-24,AE12D84B3855785059646C90643CC18C,AE12D84B3855785059646C90643CC18C-1,H-1B Visa Fee Hike To Impact Indian IT Firms? Macquarie's Ravi Menon Bullish On THESE Stocks Despite Risk,"Ravi Menon, IT Services Analyst at Macquarie Capital said that he does not see an impact on the margins of Indian software services majors due to the H-1B visa fee hike.
Indian information technology services (IT) companies will likely see an impact on margins and operating expenses in the medium term after US President Donald Trump issued a proclamation to hike the visa fee of H-1B, according to domestic brokerages. D-Street analysts have said that Indian IT companies will also increase offshoring and local hirings.","The sentence discusses the potential impact of the H-1B visa fee hike on the margins and operating expenses of Indian IT companies, indicating that increased costs may affect their financial viability and operational strategies. This aligns with the theme of 'Tax increases operational costs for companies employing H-1B visa workers.'",Tax increases operational costs for companies employing H-1B visa workers.,Donald Trump,,PEOP,related,"The sentence discusses the impact of the H-1B visa fee hike on Indian IT companies, indicating that there will be an effect on margins and operating expenses. This directly relates to the theme of the introduction of a high fee on H-1B visas.","Donald Trump is mentioned in relation to issuing a proclamation about the H-1B visa fee hike, but the sentence does not quote anything he has explicitly said. It describes an action he took rather than a statement he made.",narrative
Sep 2025,2025-09-24,AFEAE8C37D206B6F0DB266A0FD73105D,AFEAE8C37D206B6F0DB266A0FD73105D-4,Trump's H-1B chaos is Europe's opportunity to steal tech talent,"With the US tech industry scrambling to contain the fallout of Donald Trump's latest assault against immigrants, Europe senses blood in the water. Trump blindsided American businesses late last week with a new $100,000-a-year fee on all H-1B visas, which are used to bring tens of thousands of skilled workers to the country's tech sector. Giants like Amazon, Google, and Microsoft spent the weekend rushing existing H-1B visa holders back from abroad and urging them to cancel future travel plans. Rivals across the pond spent it mounting a charm offensive to lure disillusioned foreign workers their way.","The sentence discusses a new fee on H-1B visas and its immediate impact on American tech companies, highlighting the urgency to manage existing visa holders and the competitive response from European rivals. This aligns with the theme of a proposed tax impacting companies employing H-1B visa holders.",A proposed tax impacting companies employing H-1B visa holders.,Donald Trump,,PEOP,related,"The sentence explicitly mentions a new $100,000-a-year fee on all H-1B visas, directly relating to the theme of 'Introduction of a high fee on H-1B visas'. It discusses the implications of this fee on the US tech industry and foreign workers, making the connection clear.","Donald Trump is mentioned in the context of a new fee on H-1B visas, but the sentence does not quote something he has explicitly said. It describes an action he took regarding the fee, which does not meet the criteria for a quote.",narrative
Sep 2025,2025-09-24,BFBCF55E3828ED63E8856BC8850F11E8,BFBCF55E3828ED63E8856BC8850F11E8-3,Trump's H-1B overhaul could kneecap startups in the talent wars.,"The Trump administration unveiled a new proposal for the H-1B program on Tuesday that bases selection on skill level and wages.
The policy and the fee increase could eventually be overturned by courts, but the ambiguity makes it hard for companies to make hiring decisions, according to Matt Hoffman, head of talent at the venture firm M13. He has been busy fielding calls from startup founders.","The sentence discusses a new proposal for the H-1B program that introduces ambiguity in hiring decisions, which relates to the theme of how a new tax may hinder recruitment of skilled H-1B visa workers. The uncertainty created by the proposal affects companies' ability to make informed hiring choices regarding H-1B visa candidates.",New tax may hinder recruitment of skilled H-1B visa workers.,Donald Trump,,PEOP,related,"The sentence discusses a new proposal for the H-1B program that includes a fee increase, which directly relates to the theme of 'Introduction of a high fee on H-1B visas'. The mention of the fee increase indicates a connection to the topic.","Donald Trump is mentioned in relation to the actions of the Trump administration, but the sentence does not quote anything that Donald Trump has explicitly said. It discusses a proposal and its implications rather than a direct statement from him.",narrative
Sep 2025,2025-09-24,AAD0D51B9C936A9208BC6A3EB63E8012,AAD0D51B9C936A9208BC6A3EB63E8012-4,"Kevin O'Leary Says Trump's $100,000 H1B Visa Will Push Innovation Abroad, Points Out Apple, Google Started In A Garage Once","Trump Administration Defends The Policy
The Trump administration announced Friday that companies would now be charged $100,000 for each H-1B visa petition, a sharp increase from current fees.
Press Secretary Karoline Leavitt later clarified that the charge is a one-time filing fee for new applicants, not an annual tax. Renewals and existing visa holders will not be affected.
Administration officials say the move will prioritize American workers and reduce reliance on immigrant labor. They also announced a new $1 million ""gold card"" residency program for wealthy investors.","The sentence discusses a new fee structure for H-1B visa petitions, which aligns with the theme of a proposed tax impacting companies employing H-1B visa holders. The increase in fees is a direct financial impact on companies that hire H-1B visa workers, suggesting a shift in policy that could affect their hiring practices.",A proposed tax impacting companies employing H-1B visa holders.,Donald Trump,,PEOP,related,"The sentence clearly discusses the introduction of a $100,000 fee for H-1B visa petitions, which directly relates to the theme of 'Introduction of a high fee on H-1B visas'. It provides specific details about the fee increase and its implications, making the connection explicit.","Donald Trump is mentioned in the context of the Trump administration's actions regarding H-1B visa fees, but the sentence does not quote anything that Donald Trump has explicitly said. It describes actions taken by the administration rather than direct statements from Trump himself.",narrative
Sep 2025,2025-09-24,C4B87B8EA00FF381473D917FFBFB70B0,C4B87B8EA00FF381473D917FFBFB70B0-1,Trump's H-1B Visa Fee Will Hurt America in the Long Run,"On Friday afternoon, President Donald Trump signed a proclamation prohibiting the entry and approval of skills-based H-1B visa holders unless their employer pays a $100,000-per-visa fee. If allowed to stand, this move would diminish the high-skilled immigration pipeline that has allowed the American medical, technology, and higher-education sectors to flourish. It would ignite a rush to move labor offshore and leave American workers worse off than before.","The sentence discusses a new proclamation that imposes a fee on employers hiring H-1B visa holders, which directly relates to the proposed tax impacting companies employing H-1B visa workers. It also highlights the potential negative consequences on high-skilled immigration and the labor market, aligning with themes of hindering recruitment and altering operational strategies.",A proposed tax impacting companies employing H-1B visa holders.,Donald Trump,,PEOP,related,"The sentence directly discusses the introduction of a high fee on H-1B visas, specifically mentioning a $100,000-per-visa fee imposed by President Trump. It also addresses the implications of this fee on high-skilled immigration and the American workforce, which aligns with the theme of the article.","Donald Trump is mentioned as having signed a proclamation, but the sentence does not quote anything he explicitly said. It describes an action he took rather than a statement he made.",narrative
Sep 2025,2025-09-24,BFBCF55E3828ED63E8856BC8850F11E8,BFBCF55E3828ED63E8856BC8850F11E8-1,Trump's H-1B overhaul could kneecap startups in the talent wars.,"For US startups, the past few days have felt like whiplash. President Donald Trump's $100,000 H-1B fee threw founders and their employees into chaos, and a fresh proposal to overhaul the visa lottery has left founders fearing they can't compete with deep-pocketed Big Tech companies for talent. Now, some young companies have frozen hiring as they scramble for clarity.","The sentence discusses the impact of a proposed fee on H-1B visas and how it has caused startups to freeze hiring, indicating a direct connection to the theme of how a new tax may hinder recruitment of skilled H-1B visa workers.",New tax may hinder recruitment of skilled H-1B visa workers.,Donald Trump,,PEOP,related,"The sentence directly discusses President Trump's introduction of a $100,000 fee on H-1B visas and its impact on US startups, indicating a clear connection to the theme of 'Introduction of a high fee on H-1B visas'.","Donald Trump is mentioned in relation to the $100,000 H-1B fee, but the sentence does not quote something he has explicitly said. Instead, it describes the impact of his actions on startups. Therefore, it does not meet the criteria for a direct quote.",narrative
Sep 2025,2025-09-24,BDC8D2D7600C0B8256D5594E20C47B60,BDC8D2D7600C0B8256D5594E20C47B60-4,Trump administration proposes overhaul of H-1B selection process,"The Trump administration said on Friday it would ask companies to pay $100,000 per year, opens new tab for H-1B visas. Some big tech companies warned visa holders to stay in the US or quickly return, sparking a chaotic scramble to get back to the US The White House later clarified, opens new tab that the fee would apply only to new visas.","The sentence discusses a proposed fee that companies would need to pay for H-1B visas, which directly relates to the theme of a proposed tax impacting companies employing H-1B visa holders.",A proposed tax impacting companies employing H-1B visa holders.,Donald Trump,,PEOP,related,"The sentence discusses a proposed fee of $100,000 for H-1B visas, which directly relates to the theme of 'Introduction of a high fee on H-1B visas'. It also mentions the implications for visa holders and the clarification from the White House, reinforcing the connection to the high fee proposal.","Donald Trump is mentioned in the context of the Trump administration's actions, but the sentence does not quote anything that Donald Trump has explicitly said. It describes actions taken by the administration rather than direct quotes from Trump himself.",narrative
Sep 2025,2025-09-24,BAE97BAE15F8332F768CA1B1CDDA88A1,BAE97BAE15F8332F768CA1B1CDDA88A1-1,H-1B visa hike alert: $100K fee could drive top IIT graduates away from US startups; warns Yale scholar,"Global experts are criticizing the US decision to raise H1B visa fees to $100,000, fearing it will deter top international talent. Scholar Gautam Mukunda warns this move could harm America's innovation edge, especially regarding IIT graduates. India's Minister Piyush Goyal highlights India's skilled workforce and growing startup ecosystem, offering global solutions as the US potentially limits access to this talent. The recent decision by US President Donald Trump to raise the H1B visa fee to $100,000 has sparked criticism from global education and policy experts.","The sentence discusses the increase in H1B visa fees and the potential negative impact on attracting international talent, which aligns with the theme of how a new tax may hinder recruitment of skilled H-1B visa workers.",New tax may hinder recruitment of skilled H-1B visa workers.,Donald Trump,,PEOP,related,"The sentence explicitly discusses the US decision to raise H-1B visa fees to $100,000 and the implications of this increase, which directly relates to the theme of 'Introduction of a high fee on H-1B visas'.","Donald Trump is mentioned in the context of a decision he made regarding H-1B visa fees, but the sentence does not quote anything he explicitly said. It describes an action taken by him rather than a direct quote.",narrative
Sep 2025,2025-09-24,A37D4DCDFE33E119C08D5C8C6886549F,A37D4DCDFE33E119C08D5C8C6886549F-1,"Kevin O'Leary Says Trump's $100,000 H1B Visa Will Push Innovation Abroad, Points Out Apple, Google Started In A Garage Once","On Tuesday, investor Kevin O'Leary warned that President Donald Trump's new $100,000 H-1B visa fee could drive top talent abroad and stifle the creation of the next generation of American startups.
O'Leary Warns Of An Innovation Exodus
In a post on X, O'Leary said companies like Apple Inc. (NASDAQ:AAPL), Oracle Corp (NYSE:ORCL) and Alphabet Inc.'s (NASDAQ:GOOG) (NASDAQ:GOOGL) Google - all of which started in garages - might never have taken off under today's immigration rules.","The sentence discusses how the new H-1B visa fee could drive top talent abroad, which directly relates to the theme of a proposed tax impacting companies employing H-1B visa holders and its potential consequences on innovation and startup creation.",A proposed tax impacting companies employing H-1B visa holders.,Donald Trump,,PEOP,related,"The sentence discusses a specific high fee of $100,000 on H-1B visas proposed by President Trump and its potential negative impact on innovation and talent retention in the U.S. This directly relates to the theme of the introduction of a high fee on H-1B visas.","Donald Trump is mentioned in relation to a new $100,000 H-1B visa fee, but the sentence does not quote something that he has explicitly said. Instead, it reports on Kevin O'Leary's warning about the implications of Trump's policy. Therefore, it does not meet the criteria for a direct quote from Donald Trump.",narrative
Sep 2025,2025-09-24,A5EA8877800FB9CD0BFB90FDF043539B,A5EA8877800FB9CD0BFB90FDF043539B-1,"Trump's H-1B visa changes could 'kneecap startups,' drive talent elsewhere, experts say","Experts say President Donald Trump's changes to the H-1B program could deter startups from securing top foreign talent and drive those workers elsewhere.
Trump sparked widespread panic Friday after announcing employers will pay a new $100,000 fee for H-1B visas, which are temporary work visas granted to highly skilled foreign professionals.
""We need American Little Tech to win-not $100K toll booths,"" wrote Garry Tan, CEO Y Combinator, the popular startup accelerator.","The sentence discusses how the new fee for H-1B visas could deter startups from hiring skilled foreign talent, which directly relates to the theme of hindering recruitment of skilled H-1B visa workers.",New tax may hinder recruitment of skilled H-1B visa workers.,Donald Trump,,PEOP,related,"The sentence explicitly mentions a new $100,000 fee for H-1B visas introduced by President Trump, which directly relates to the theme of 'Introduction of a high fee on H-1B visas'.","Donald Trump is mentioned in the context of announcing a new fee for H-1B visas, but the sentence does not provide a direct quote from him. Instead, it describes the reaction to his announcement and includes a quote from another individual. Therefore, it does not strictly quote something that Donald Trump has said.",narrative
Sep 2025,2025-09-24,A5EA8877800FB9CD0BFB90FDF043539B,A5EA8877800FB9CD0BFB90FDF043539B-9,"Trump's H-1B visa changes could 'kneecap startups,' drive talent elsewhere, experts say","""A big firm like Microsoft or Google, even though it's not ideal for them, they have workarounds,"" said Wharton's Hernandez. ""They can offshore jobs, or they're the ones who can make acquisitions.""
Garry Tan, the CEO of the popular startup accelerator Y Combinator, criticized the Trump administration's new fee, writing in a LinkedIn post that ""it kneecaps startups"" and is a ""massive gift"" to overseas tech hubs.","The sentence discusses how large firms like Microsoft or Google can adapt to new challenges, such as offshoring jobs or making acquisitions, which relates to the theme of companies altering their strategies in response to new taxes affecting H-1B visa workers. Additionally, the criticism from Garry Tan about the new fee impacting startups aligns with the narrative of how such taxes may influence decisions to offshore roles typically filled by H-1B visa workers.",Tax may influence decisions to onshore or offshore roles typically filled by H-1B visa workers.,Donald Trump,,PEOP,related,"The sentence discusses the impact of a new fee related to H-1B visas, specifically criticizing it as detrimental to startups. This directly connects to the theme of 'Introduction of a high fee on H-1B visas'.","Donald Trump is mentioned in relation to the new fee, but the sentence does not quote anything that he has explicitly said. Instead, it reflects criticism from Garry Tan about the administration's actions. Therefore, it does not meet the criteria for a direct quote from Donald Trump.",narrative
Sep 2025,2025-09-24,A37D4DCDFE33E119C08D5C8C6886549F,A37D4DCDFE33E119C08D5C8C6886549F-4,"Kevin O'Leary Says Trump's $100,000 H1B Visa Will Push Innovation Abroad, Points Out Apple, Google Started In A Garage Once","The Trump administration announced Friday that companies would now be charged $100,000 for each H-1B visa petition, a sharp increase from current fees.
Press Secretary Karoline Leavitt later clarified that the charge is a one-time filing fee for new applicants, not an annual tax. Renewals and existing visa holders will not be affected.
Administration officials say the move will prioritize American workers and reduce reliance on immigrant labor. They also announced a new $1 million ""gold card"" residency program for wealthy investors.","The sentence discusses a new fee structure for H-1B visa petitions, which directly relates to the proposed tax impacting companies employing H-1B visa holders. The increase in fees may influence companies' hiring practices and their reliance on H-1B visa workers.",A proposed tax impacting companies employing H-1B visa holders.,Donald Trump,,PEOP,related,"The sentence explicitly states that the Trump administration announced a new fee of $100,000 for each H-1B visa petition, which directly relates to the theme of 'Introduction of a high fee on H-1B visas'. The context provided in the title also supports this connection, as it discusses the implications of the high fee on innovation and companies like Apple and Google.","Donald Trump is mentioned in the context of the administration's announcement regarding the H-1B visa fees, but the sentence does not quote anything that he has explicitly said. It describes actions taken by the Trump administration without direct quotes from him.",narrative
Sep 2025,2025-09-24,A1DD33A0C3DE000E48CABE9E4A48B4D6,A1DD33A0C3DE000E48CABE9E4A48B4D6-2,The 20 financial firms that could be hardest hit from Trump's new H-1B fee - from Goldman Sachs to Citi,"Silicon Valley isn't the only industry reeling from President Donald Trump's plans to charge companies hiring skilled foreign workers $100,000 for visas.
Wall Street banks and other financial firms also stand to be hit hard by the new H-1B visa application fee, scheduled to go into effect on October 1st. No one was prepared for the rapid change to this program, which firms use to fill an array of roles, from computer programmers to traders and even investment bankers.","The sentence discusses the impact of a new H-1B visa application fee on various industries, including Silicon Valley and Wall Street, indicating that the proposed tax will affect companies employing H-1B visa holders. This aligns with the theme of a proposed tax impacting companies employing H-1B visa holders.",A proposed tax impacting companies employing H-1B visa holders.,Donald Trump,,PEOP,related,"The sentence discusses the impact of President Trump's plans to introduce a high fee for H-1B visas, specifically mentioning the $100,000 charge and its effect on various industries, including financial firms. This directly relates to the theme of the introduction of a high fee on H-1B visas.","Donald Trump is mentioned in relation to his plans regarding the H-1B visa fees, but the sentence does not quote him directly. It describes his plans rather than providing a direct statement from him.",narrative
Sep 2025,2025-09-24,C8CA7CA603BDDEFFAB822E2EA999CB8A,C8CA7CA603BDDEFFAB822E2EA999CB8A-1,H-1B Visa Paradox: A Hidden Lifeline for Laid-Off Indian Tech Workers in the US?,"The recent announcement of a $100,000 fee for new H-1B visa applicants may inadvertently benefit laid-off professionals already in the US. The shock announcement of a $100,000 H-1B visa fee for new applicants under Donald Trump's administration has sent ripples through the US tech industry. But for thousands of Indian professionals already in the United States on valid H-1B status, the move may unexpectedly work in their favor. Why the Visa Fee Hike May Help Laid-Off WorkersFor laid-off H-1B holders, the new rule could tilt employer preferences in their direction. Since current H-1B workers, transfers, renewals, and re-entries remain exempt from the $100,000 fee, companies can save time and money by rehiring professionals already in the system.""","The sentence discusses how the new $100,000 fee for H-1B visa applicants may lead companies to prefer rehiring laid-off H-1B workers already in the US, which relates to the theme of companies potentially prioritizing domestic candidates over new H-1B visa applicants.",Companies may prioritize domestic candidates over H-1B visa applicants.,Donald Trump,,PEOP,related,"The sentence discusses the introduction of a $100,000 fee for new H-1B visa applicants, which is directly related to the theme of 'Introduction of a high fee on H-1B visas'. It also explores the implications of this fee on laid-off professionals, indicating a clear connection to the topic.","Donald Trump is mentioned in relation to the announcement of the $100,000 H-1B visa fee, but the sentence does not quote anything he has explicitly said. It describes the impact of a decision made during his administration rather than providing a direct quote from him.",narrative
Sep 2025,2025-09-24,A5EA8877800FB9CD0BFB90FDF043539B,A5EA8877800FB9CD0BFB90FDF043539B-2,"Trump's H-1B visa changes could 'kneecap startups,' drive talent elsewhere, experts say","It's been a chaotic few days for the tech sector, and industry executives and experts are still assessing how U.S. President Donald Trump's latest immigration crackdown could shape the future of their workforces.
The Trump administration sparked widespread panic Friday after announcing employers will pay a new $100,000 fee for H-1B visas, which are temporary work visas granted to highly skilled foreign professionals. These visas have underpinned the U.S. tech workforce for decades.","The sentence discusses a new fee for H-1B visas, which directly relates to the proposed tax impacting companies employing H-1B visa holders. It highlights the implications of this fee on the tech sector's workforce, indicating a significant change in the hiring landscape for skilled foreign professionals.",A proposed tax impacting companies employing H-1B visa holders.,Donald Trump,,PEOP,related,"The sentence explicitly mentions the introduction of a new $100,000 fee for H-1B visas, which directly relates to the theme of 'Introduction of a high fee on H-1B visas'. It discusses the implications of this fee on the tech sector and the workforce, making the connection clear.","Donald Trump is mentioned in relation to his administration's actions regarding immigration and H-1B visas, but the sentence does not quote something he has explicitly said. Instead, it describes the impact of his administration's announcement.",narrative
Sep 2025,2025-09-24,A8EFAEF690AA79B90D172016E522FD58,A8EFAEF690AA79B90D172016E522FD58-1,'15 of my 17 teammates were H-1B': Former Meta techie says Americans now face no real rivals,"A former Meta employee has ignited controversy by claiming Donald Trump's new H-1B visa fee hike will wipe out 80% of the competition in top tech jobs-and give American workers their ""moment.""
Zach Wilson, who previously worked in Meta's Data Analytics team, said on X that the Trump administration's proposed $100,000 fee per H-1B application will effectively price out most foreign talent, especially in high-demand tech roles.","The sentence discusses a proposed fee increase for H-1B visa applications that is expected to significantly reduce the competition for tech jobs by making it financially unfeasible for many foreign workers to apply. This aligns with the theme of a proposed tax impacting companies employing H-1B visa holders, as it highlights the financial implications of the fee hike on foreign talent in the tech industry.",A proposed tax impacting companies employing H-1B visa holders.,Donald Trump,,PEOP,related,"The sentence discusses a proposed $100,000 fee per H-1B application, which directly relates to the theme of 'Introduction of a high fee on H-1B visas'. It highlights the impact of this fee on competition for tech jobs and foreign talent, making the connection clear.","Donald Trump is mentioned in relation to a proposed fee hike on H-1B visas, but the sentence does not contain a direct quote from him. Instead, it reports on claims made by a former Meta employee about Trump's actions. Therefore, it does not strictly quote something that Donald Trump has said.",narrative
Sep 2025,2025-09-24,A876C98ABD9E657B28AAC5691524F040,A876C98ABD9E657B28AAC5691524F040-2,Trump's $100K H-1B visa overhaul could hit tech giants like Amazon and Microsoft hardest,"Issued by the Department of Homeland Security, H-1B visas are temporary work permits that have become a vital pathway for U.S. tech companies to recruit global talent.
The proposal is designed to nudge employers toward offering higher salaries or reserving H-1B petitions for jobs that require advanced skills. The rule change, formally published in the Federal Register, comes just days after President Donald Trump signed a proclamation introducing a $100,000 fee for H-1B visa applications.","The sentence discusses a proposal related to H-1B visas and mentions a new fee for applications, which directly connects to the theme of a proposed tax impacting companies employing H-1B visa holders.",A proposed tax impacting companies employing H-1B visa holders.,Donald Trump,,PEOP,related,"The sentence explicitly mentions a $100,000 fee for H-1B visa applications, which directly relates to the theme of 'Introduction of a high fee on H-1B visas'.","Donald Trump is mentioned in relation to signing a proclamation, but the sentence does not quote anything he explicitly said. It describes an action he took rather than a statement he made.",narrative
Sep 2025,2025-09-24,A756F4B4CA48770A8B090F48DEE894A7,A756F4B4CA48770A8B090F48DEE894A7-2,New York's finance sector faces risks from Trump visa crackdown,"And hundreds of them depend on the H-1B skilled worker visa, recently targeted by the Trump administration for a dramatic overhaul.
A September 19 order by President Donald Trump mandates $100,000 payments from companies for every new hire through the program.",The sentence discusses the H-1B skilled worker visa and mentions a specific order by President Trump that imposes a financial requirement on companies hiring through this program. This relates to the theme of a proposed tax impacting companies employing H-1B visa holders.,A proposed tax impacting companies employing H-1B visa holders.,Donald Trump,,PEOP,related,"The sentence discusses the H-1B visa program and mentions a specific order by President Trump that mandates a $100,000 payment from companies for every new hire through the program. This directly relates to the introduction of a high fee on H-1B visas.","Donald Trump is mentioned as having issued a September 19 order that mandates payments related to the H-1B visa program, which indicates an action he has taken rather than something he has explicitly said.",narrative
Sep 2025,2025-09-24,C8FFDC7D041C4AD3374C78C338BFD5FF,C8FFDC7D041C4AD3374C78C338BFD5FF-2,"Trump's $100,000 H-1B fee could eliminate 140,000 jobs in US a year, Indians to take biggest hit: Expert","The executive order, signed by President Donald Trump last week, marks a dramatic increase from the previous H-1B application fees that ranged between $215 and $5,000 depending on company size. The administration says the hike is intended to curb ""program misuse,"" ensure that only highly skilled foreign workers are selected, and encourage companies to prioritise American hires.","The sentence discusses an executive order that increases H-1B application fees, which relates to the proposed tax impacting companies employing H-1B visa holders. It also mentions the intention to encourage companies to prioritize American hires, which aligns with the narrative that companies may prioritize domestic candidates over H-1B visa applicants.",A proposed tax impacting companies employing H-1B visa holders.,Donald Trump,,PEOP,related,"The sentence discusses a significant increase in H-1B application fees, which directly relates to the theme of 'Introduction of a high fee on H-1B visas'. It mentions the previous fee range and the intention behind the hike, aligning with the context of the article's title about a $100,000 fee. ","Donald Trump is mentioned as the signer of the executive order, but the sentence does not quote anything he has explicitly said. It describes an action he took rather than a statement he made.",narrative
Sep 2025,2025-09-24,F2837CD757F5D1E1C6EFF62B808FAC2F,F2837CD757F5D1E1C6EFF62B808FAC2F-3,New York's finance sector faces risks from Trump visa crackdown,"A September 19 order by President Donald Trump mandates $100,000 payments from companies for every new hire through the programme.
Though the major impact will be on the tech sector - the largest source of H-1B hiring - financial companies like Goldman Sachs will also be forced to re-evaluate their practice of hiring from abroad.","The sentence discusses a mandate that requires companies to make significant payments for each new hire through the H-1B program, which directly relates to the proposed tax impacting companies employing H-1B visa holders. It highlights the financial implications for companies, particularly in the tech sector, which aligns with the theme of how such a tax affects hiring practices.",A proposed tax impacting companies employing H-1B visa holders.,Donald Trump,,PEOP,related,"The sentence discusses a mandate by President Trump that requires companies to make significant payments for new hires through a program, which implies a financial burden related to hiring H-1B visa workers. This connects to the theme of introducing high fees on H-1B visas, particularly as it highlights the impact on sectors that rely on H-1B hiring.","Donald Trump is mentioned as having issued an order, but the sentence does not quote anything he explicitly said. It describes an action he took rather than a statement he made.",narrative
Sep 2025,2025-09-24,F0D7B366D68137F6E8060BFB0B4312F7,F0D7B366D68137F6E8060BFB0B4312F7-3,Trump's $100K H-1B visa overhaul could hit tech giants like Amazon and Microsoft hardest,"The proposal is designed to nudge employers toward offering higher salaries or reserving H-1B petitions for jobs that require advanced skills. The rule change, formally published in the Federal Register, comes just days after President Donald Trump signed a proclamation introducing a $100,000 fee for H-1B visa applications.","The sentence discusses a proposal that aims to influence employers regarding H-1B visa applications, specifically mentioning a new fee associated with these applications. This aligns with the theme of a proposed tax impacting companies employing H-1B visa holders.",A proposed tax impacting companies employing H-1B visa holders.,Donald Trump,,PEOP,related,"The sentence explicitly mentions a $100,000 fee for H-1B visa applications, which directly relates to the theme of 'Introduction of a high fee on H-1B visas'.","Donald Trump is mentioned in relation to signing a proclamation, but the sentence does not quote anything he explicitly said. It describes an action he took rather than a statement he made.",narrative
Sep 2025,2025-09-24,EEDAC0A0F044A880A3A53C4A01550D16,EEDAC0A0F044A880A3A53C4A01550D16-6,New $100K Fee For H-1B Visas Causes Travel Chaos,"While employees with H-1Bs scrambled to return home, employers will bear the brunt of President Trump's new proclamation. Especially popular in the tech sector, tech leaders are already debating whether the fee is a net gain or loss in their race to hire top talent. Nvidia's Jensen Huang, OpenAI's Sam Altman and Netflix chairman Reed Hastings have expressed optimism about the higher fee, reports the Wall Street Journal, while startup founders worry about the high cost on already small talent budgets.","The sentence discusses the implications of a new fee related to H-1B visa holders, particularly how it affects employers in the tech sector. It highlights the debate among tech leaders regarding the financial impact of this fee on their ability to hire top talent, which aligns with the theme of increased operational costs and the financial viability of hiring H-1B visa workers.",Tax increases operational costs for companies employing H-1B visa workers.,Donald Trump,,PEOP,related,"The sentence discusses the implications of a new fee on H-1B visas, mentioning how it affects employers and the tech sector's response to the fee. This directly relates to the theme of 'Introduction of a high fee on H-1B visas'.","Donald Trump is mentioned in relation to a new proclamation, but the sentence does not quote anything he has explicitly said. It discusses the implications of his actions rather than his words.",narrative
Sep 2025,2025-09-24,FB0F542C9D5F8A78213D17D2FAA3DFF9,FB0F542C9D5F8A78213D17D2FAA3DFF9-1,"The Long-Term Impact Of The $100,000 H-1B Fee? Higher IT Service Prices And More Offshore","On Friday, the Trump administration issued an executive order imposing a $100,000 fee on new H-1B visa applications. This directly impacts IT service providers' practice of bringing offshore IT talent on H-1B visas to serve US companies. They aren't the only ones impacted, though - it also challenges the similar talent model followed by tech giants such as Amazon, Google, Meta, and Microsoft. Even the US university system relies heavily on employees with H-1B visas. For IT service providers, it directly impacts their operating models and might potentially impact margins.","The sentence discusses the imposition of a fee on H-1B visa applications and its direct impact on IT service providers and tech giants, indicating an increase in operational costs and potential effects on profit margins. This aligns with the theme of 'Tax increases operational costs for companies employing H-1B visa workers.'",Tax increases operational costs for companies employing H-1B visa workers.,Donald Trump,,PEOP,related,"The sentence explicitly discusses the introduction of a $100,000 fee on new H-1B visa applications, which is directly related to the theme of 'Introduction of a high fee on H-1B visas'. It also outlines the implications of this fee on various sectors, reinforcing the connection to the theme.","Donald Trump is mentioned in the context of the Trump administration issuing an executive order, but the sentence does not quote anything that Donald Trump has explicitly said. It describes an action taken by his administration rather than a statement made by him.",narrative
Sep 2025,2025-09-24,FB0F542C9D5F8A78213D17D2FAA3DFF9,FB0F542C9D5F8A78213D17D2FAA3DFF9-3,"The Long-Term Impact Of The $100,000 H-1B Fee? Higher IT Service Prices And More Offshore","IT service delivery costs will go up. If providers are to maintain current visa-dependent staffing models, the $100K fee will significantly inflate costs, and most will respond by sharply curtailing new H-1B petitions, effectively removing a key talent channel. This reduction in foreign talent supply, combined with the Trump administration's directive to the Department of Labor to raise prevailing wage thresholds, will drive up employee costs across the board. Buyers should expect a 2-3% increase in onsite billing rates for new contracts as providers pass through higher labor costs and restructure delivery models.","The sentence discusses how the increase in costs due to the $100K fee for H-1B petitions will lead to a reduction in new H-1B applications, which directly relates to the theme of higher costs deterring companies from hiring H-1B visa candidates. It also touches on the impact of these costs on operational models and pricing, aligning with the narrative of increased operational costs for companies employing H-1B visa workers.",Higher costs may deter companies from hiring H-1B visa candidates.,Donald Trump,,PEOP,related,"The sentence discusses the impact of a $100,000 fee on H-1B visas, specifically how it will inflate costs for IT service providers and lead to a reduction in new H-1B petitions. This directly relates to the theme of the introduction of a high fee on H-1B visas.","Donald Trump is mentioned in relation to the administration's directive, but the sentence does not quote anything that he has explicitly said. It discusses actions taken by the Trump administration rather than direct quotes from him.",narrative
Sep 2025,2025-09-24,EBDFD9B0BA1C8B6E259858CCEEF9B9B3,EBDFD9B0BA1C8B6E259858CCEEF9B9B3-1,Billionaire VC Mike Moritz slams new H-1B visa fee as 'brutish extortion scheme',"The Trump administration last Friday announced a new $100,000 annual levy on H-1B visas, which allow 85,000 skilled foreign workers to enter the U.S. each year. The fee applies to companies hiring these workers, primarily in tech.","The sentence discusses a new levy specifically targeting companies that employ H-1B visa holders, which directly relates to the proposed tax impacting these companies.",A proposed tax impacting companies employing H-1B visa holders.,Donald Trump,,PEOP,related,"The sentence explicitly mentions a new $100,000 annual levy on H-1B visas, directly relating to the introduction of a high fee on these visas. It provides specific details about the fee and its application, making the connection clear.","Donald Trump is mentioned in relation to the actions of the Trump administration, but the sentence does not quote anything that Donald Trump has explicitly said. It describes a decision made by the administration rather than a statement from Trump himself.",narrative
Sep 2025,2025-09-24,D9D05F1DA7EBD2280C950268132A6E0D,D9D05F1DA7EBD2280C950268132A6E0D-1,Opinion  The High Cost Of Talent: How Trump's H-1B Fee Undermines America's Future,"American policymakers should rethink this barrier before innovation and prosperity slips away
A few months ago, I shared a late-night WhatsApp conversation with one of my friends, an Indian software engineer, on an H-1B visa. He had left his family in India to build algorithms that power our daily lives - from the apps that navigate our commutes to the AI. ""America gave me wings to fly and I am satisfied and happy here,"" he said. But now, with President Donald Trump's recent executive order imposing a $100,000 fee on H-1B visas, could deal a major blow to people like my Indian software engineer friend and some US industries that rely on skilled foreign workers. This is not just about visas, it is about the lifeblood of innovation in a world where talent knows no borders.","The sentence discusses the impact of a proposed fee on H-1B visas, highlighting how it could negatively affect skilled foreign workers and industries that depend on them. This aligns with the theme of a proposed tax impacting companies employing H-1B visa holders, as well as the potential hindrance to innovation due to the increased costs associated with hiring H-1B visa workers.",A proposed tax impacting companies employing H-1B visa holders.,Donald Trump,,PEOP,related,"The sentence explicitly mentions President Trump's executive order imposing a $100,000 fee on H-1B visas, directly relating to the theme of the introduction of a high fee on H-1B visas. It discusses the implications of this fee on skilled foreign workers and innovation, which aligns with the theme.","Donald Trump is mentioned in relation to a recent executive order imposing a fee on H-1B visas, but the sentence does not quote something he has explicitly said. It describes an action he has taken instead.",narrative
Sep 2025,2025-09-24,D68C9586442C2DB77EA8E07F244A9EA6,D68C9586442C2DB77EA8E07F244A9EA6-10,Explainer: H-1B visa - What is it and who are its beneficiaries?,"New York is next, with New Jersey trailing behind, given their proximity to Wall Street and major financial institutions such as JPMorgan Chase JPM.N Who could take a hit from the new fees?
Higher visa fees could increase costs and shrink margins of U.S. companies that have long turned to India and other countries to fill technology roles to meet surging domestic demand. It could further constrain a labor market weakened by Trump's wide-ranging crackdown on immigration that he has pursued since taking office in January.","The sentence discusses how higher visa fees could increase costs for U.S. companies that rely on foreign workers, particularly in technology roles. This aligns with the theme of 'Tax increases operational costs for companies employing H-1B visa workers.'",Tax increases operational costs for companies employing H-1B visa workers.,Donald Trump,,PEOP,related,"The sentence discusses the potential impact of higher visa fees on U.S. companies that rely on foreign workers, specifically in the context of H-1B visas. It connects the introduction of high fees to increased costs for companies, which aligns with the theme of the article.","Donald Trump is mentioned in relation to his actions regarding immigration, but the sentence does not quote anything he has explicitly said. Therefore, it does not meet the criteria for a quote.",narrative
Sep 2025,2025-09-24,D54FBFB6EB83557EEE43EE57B5CC166D,D54FBFB6EB83557EEE43EE57B5CC166D-4,"Coforge, Wipro and other tech stocks slide up to 2.5% amid US plans to revamp H-1B visa selection","The change, along with the $100,000 H-1B visa fee hike announced by President Donald Trump last Friday, is expected to make it harder for entry-level talent, particularly Indians, to secure US work visas.
After $100,000 H-1B visa fee, US plans to scrap lottery: How will it work?
DHS has invited public comments on the proposal. Under the new system, the 85,000 visa cap remains, but applications from employers offering higher wages will receive greater preference if annual requests exceed the limit.","The sentence discusses a proposed increase in the H-1B visa fee and its expected impact on entry-level talent, particularly indicating that it will make it harder for them to secure work visas. This aligns with the theme of a new tax hindering recruitment of skilled H-1B visa workers.",New tax may hinder recruitment of skilled H-1B visa workers.,Donald Trump,,PEOP,related,"The sentence explicitly mentions a $100,000 fee hike on H-1B visas, which directly relates to the theme of 'Introduction of a high fee on H-1B visas'. It discusses the implications of this fee increase on entry-level talent and the overall visa application process, making the connection clear.","Donald Trump is mentioned as the person who announced the $100,000 H-1B visa fee hike, which is a direct quote of his action. However, the sentence does not provide a direct quote of something he has said, but rather describes an action he took.",narrative
Sep 2025,2025-09-24,CCE70701F786495B1A7A7D543C9E6745,CCE70701F786495B1A7A7D543C9E6745-4,"K-visa tempts, H-1B tests patience: Where should STEM grads head next?","The H-1B once symbolised a ticket into Silicon Valley's meritocracy. Today, it is framed as an economic burden. The Trump administration's proclamation to slap a $100,000 levy on new H-1B petitions has fundamentally altered cost equations for employers. For Indian IT firms and research universities, the annual hiring of global graduates has suddenly become punitive. This is not merely about numbers. The narrative in Trump's America paints H-1B workers as job stealers. Campaign speeches now routinely fold the visa into the larger rhetoric of protecting ""American jobs for Americans."" International students-who arrive on F-1 visas, invest in U.S. degrees, and hope to transition into OPT and then H-1B-find themselves walking into a narrowing corridor. For many, patience is running thin.","The sentence discusses the significant financial burden imposed by the proposed tax on H-1B petitions, which alters the cost dynamics for employers, particularly affecting their hiring strategies. This aligns with the theme of 'Tax increases operational costs for companies employing H-1B visa workers.'",Tax increases operational costs for companies employing H-1B visa workers.,Donald Trump,,PEOP,related,"The sentence discusses the introduction of a $100,000 levy on new H-1B petitions, which directly relates to the theme of 'Introduction of a high fee on H-1B visas'. It highlights the economic impact of this fee on employers and the perception of H-1B workers in the current political climate, making the connection clear.","Donald Trump is mentioned in relation to the administration's proclamation regarding the H-1B visa fee, but the sentence does not quote something that he has explicitly said. Instead, it describes actions taken by his administration and the narrative surrounding H-1B workers. Therefore, it does not meet the criteria for a direct quote.",narrative
Sep 2025,2025-09-24,DBA7186F7B976BE82F0F6FDEC7B14F30,DBA7186F7B976BE82F0F6FDEC7B14F30-8,New York's finance sector faces risks from Trump visa crackdown,"""A visa fee of this scale is likely to drastically curtail the use of H-1B visas,"" Ethan G. Lewis, Professor of Economics at Dartmouth College, told AFP.
""It will lead to reduced hires of US workers and slower productivity growth, and, longer term, discourage people [from other countries] from going to college and beyond in the US, because many tend to rely on H-1B visas for their first job out of studies."" In the tech industry the announcement of the visa fee has caused consternation, with many entrepreneurs-among them Trump's ally Elon Musk-warning that the US will not be able to fill highly skilled roles with only homegrown talent. Others have speculated that, rather than being offered to American workers, some jobs will simply be outsourced overseas.","The sentence discusses the potential impact of a high visa fee on the hiring of H-1B visa workers, suggesting it will lead to reduced hires and discourage international students from pursuing education in the US, which aligns with the theme of a proposed tax impacting companies employing H-1B visa holders.",A proposed tax impacting companies employing H-1B visa holders.,Donald Trump,,PEOP,related,"The sentence discusses the implications of a high visa fee on H-1B visas, including its potential impact on hiring practices and the tech industry. It directly relates to the theme of the introduction of a high fee on H-1B visas by highlighting the consequences of such a fee.","Donald Trump is mentioned in the context of a visa fee announcement, but the sentence does not quote anything that he has explicitly said. Instead, it discusses the opinions of others regarding the implications of the visa fee. Therefore, the label is 'unclear'.",narrative
Sep 2025,2025-09-24,E68694BCDB76A40CECB624B7B33A0529,E68694BCDB76A40CECB624B7B33A0529-3,"A $100,000 per worker H-1B visa fee tips the balance to Big Tech","The different responses show how the Trump administration's visa change is rippling through the tech industry -- which uses H-1Bs to hire thousands of software engineers, AI specialists and others -- in a way that may create haves and have-nots. While the biggest tech companies have the money to absorb the new fee, startups are concerned about their ability to attract and pay for talent, particularly when they have limited funding and agonize over every dollar spent.","The sentence discusses the impact of the Trump administration's visa change on the tech industry, particularly highlighting how it affects startups' ability to attract talent compared to larger companies. This aligns with the theme of 'Tax may limit diversity by reducing H-1B visa hiring,' as it suggests that the new fee may create disparities in hiring capabilities between large firms and startups, potentially limiting the diversity of talent hired through H-1B visas.",Tax may limit diversity by reducing H-1B visa hiring.,Donald Trump,,PEOP,related,"The sentence discusses the impact of a new fee on H-1B visas, particularly how it affects different sectors within the tech industry, highlighting the disparity between large tech companies and startups. This directly relates to the theme of 'Introduction of a high fee on H-1B visas'.","Donald Trump is mentioned in relation to the administration's visa change, but the sentence does not quote anything that he has explicitly said. It discusses the impact of the visa change rather than a direct statement from him.",narrative
Sep 2025,2025-09-24,E68694BCDB76A40CECB624B7B33A0529,E68694BCDB76A40CECB624B7B33A0529-1,"A $100,000 per worker H-1B visa fee tips the balance to Big Tech","After President Donald Trump signed a proclamation Friday to add a $100,000 fee for new applicants of H-1B visas for skilled foreign workers, two technology leaders reacted in opposite ways.
Selin Kocalar, 21, the chief operating officer of Delve, an artificial intelligence startup in San Francisco, learned of the change from a new employee who had just been approved for the H-1B visa. She said she was grappling with what the fee meant for hiring at her 23-person company, which has raised $35 million in funding.","The sentence discusses the introduction of a new fee for H-1B visa applicants and how it impacts the hiring considerations of a technology company, indicating a direct connection to the proposed tax affecting companies employing H-1B visa holders.",A proposed tax impacting companies employing H-1B visa holders.,Donald Trump,,PEOP,related,"The sentence directly discusses the introduction of a $100,000 fee for new applicants of H-1B visas, which is the central theme of the article. It provides specific details about the fee and its implications for hiring, clearly establishing a connection to the theme.","Donald Trump is mentioned as having signed a proclamation regarding the H-1B visa fee, but the sentence does not quote anything he explicitly said. It describes an action he took rather than a statement he made.",narrative
Sep 2025,2025-09-24,DFB3105CB31F621CF6CF2AADA51D5975,DFB3105CB31F621CF6CF2AADA51D5975-1,"Trump's $100K H-1B fee leaves techies, IT industry searching for solutions","The high cost of hiring someone on an H-1B visa, once the most sought-after working visa, means companies will have to be very selective about their onsite hires to get the best talent they need
US President Donald Trump's crack-down on immigrants has finally reached the H1-B visa programme, the most-used visa for working professionals to enter that country.","The sentence discusses the high costs associated with hiring H-1B visa holders, indicating that companies will need to be selective in their hiring processes. This aligns with the theme of 'Higher costs may deter companies from hiring H-1B visa candidates.'",Higher costs may deter companies from hiring H-1B visa candidates.,Donald Trump,,PEOP,related,"The sentence discusses the high cost associated with hiring someone on an H-1B visa, which directly relates to the theme of the introduction of a high fee on H-1B visas. It highlights the implications of this cost on companies' hiring practices, aligning with the context provided by the article title about a significant fee increase.","Donald Trump is mentioned in relation to his actions regarding the H-1B visa program, but the sentence does not quote anything he has explicitly said. Therefore, it does not meet the criteria for a quote.",narrative
Sep 2025,2025-09-24,DE7DD1F178D67E12565DE878047A453F,DE7DD1F178D67E12565DE878047A453F-2,Trump's $100K H-1B visa overhaul could hit tech giants like Amazon and Microsoft hardest,"Issued by the Department of Homeland Security, H-1B visas are temporary work permits that have become a vital pathway for U.S. tech companies to recruit global talent.
Trump Administration's $100K One-time Fee For New H-1b Visa Applications Sparks Raging Debate","The sentence discusses H-1B visas as a means for U.S. tech companies to recruit global talent, which relates to the broader theme of how proposed taxes or fees may impact companies employing H-1B visa holders. The mention of a fee specifically ties into the narrative of a proposed tax impacting these companies.",A proposed tax impacting companies employing H-1B visa holders.,Donald Trump,,PEOP,related,"The sentence discusses H-1B visas and mentions a significant fee associated with new applications, which directly relates to the theme of 'Introduction of a high fee on H-1B visas'.","Donald Trump is mentioned in the context of the administration's actions regarding H-1B visas, but the sentence does not quote anything that he has explicitly said.",narrative
Sep 2025,2025-09-24,8D9838D1714D36CFE52D077A1F4AE8EF,8D9838D1714D36CFE52D077A1F4AE8EF-1,'What just happened?': Big Tech rocked by $100K visa fee,"President Donald Trump's sudden decision to slap a price tag on a visa program for high-skill workers could upend the tech industry, which is scrambling to figure out just how forcefully to respond.
Trump's announcement of a $100,000 fee for new H-1B visa applicants blindsided Big Tech's powerful trade associations - groups that exist in large part to keep their Silicon Valley clients from being surprised by Washington. The move leaves hundreds of thousands of jobs in the balance, from cutting-edge AI researchers to workaday coders and other specialty occupations.","The sentence discusses President Trump's decision to impose a fee on the H-1B visa program, which directly relates to the proposed tax impacting companies employing H-1B visa holders. It highlights the potential disruption to the tech industry and the implications for job availability, aligning with the theme of how such a tax could affect companies and their hiring practices.",A proposed tax impacting companies employing H-1B visa holders.,Donald Trump,,PEOP,related,"The sentence discusses President Trump's decision to impose a $100,000 fee on H-1B visa applicants, which directly relates to the theme of 'Introduction of a high fee on H-1B visas'. It highlights the impact of this fee on the tech industry and job market, making the connection clear.","Donald Trump is mentioned in the context of a decision he made regarding a fee on H-1B visas, but the sentence does not quote something he explicitly said. Instead, it describes an action he took, which does not meet the criteria for a quote.",narrative
Sep 2025,2025-09-24,3FCEE244053F189368B519F9E7572E37,3FCEE244053F189368B519F9E7572E37-1,"New Visa Fees Spur Offshoring Talks, Hiring Turmoil",The Trump administration's hefty new visa fees for H-1B workers have prompted high-level talks inside companies in Silicon Valley and beyond on the possibility of moving more jobs overseas-precisely the outcome the policy was meant to stop.,"The sentence discusses how the new visa fees for H-1B workers are leading companies to consider moving jobs overseas, which directly relates to the theme of 'Tax may influence decisions to onshore or offshore roles typically filled by H-1B visa workers.'",Tax may influence decisions to onshore or offshore roles typically filled by H-1B visa workers.,Donald Trump,,PEOP,related,"The sentence directly discusses the new visa fees for H-1B workers introduced by the Trump administration and its impact on companies considering offshoring jobs, which is clearly related to the theme of 'Introduction of a high fee on H-1B visas'.","Donald Trump is mentioned in relation to the actions of the Trump administration regarding visa fees, but the sentence does not quote anything that Donald Trump has explicitly said. It discusses the implications of the policy rather than a direct statement from him.",narrative
Sep 2025,2025-09-24,3D289FBDCF07E7168A1D58261EFBCDE3,3D289FBDCF07E7168A1D58261EFBCDE3-2,'We just simply cannot continue': Silicon Valley braces for Trump's H-1B fee hike; companies consider moving jobs overseas,"US President Donald Trump announced on Friday a steep $100,000 levy for new H-1B applicants, a visa program long used by tech firms to recruit skilled workers and by international students seeking US employment after postgraduate studies.","The sentence discusses a new tax (levy) specifically targeting H-1B applicants, which directly relates to the proposed tax impacting companies employing H-1B visa holders.",A proposed tax impacting companies employing H-1B visa holders.,Donald Trump,,PEOP,related,"The sentence explicitly mentions a $100,000 levy for new H-1B applicants, which directly relates to the introduction of a high fee on H-1B visas. It also provides context about the impact on tech firms and international students, aligning with the theme.","Donald Trump is mentioned as having announced a steep $100,000 levy for new H-1B applicants, which is a direct quote of his action regarding the visa program.",narrative
Sep 2025,2025-09-24,375DE7CBF41B2653CDB30A7D63C4F1A9,375DE7CBF41B2653CDB30A7D63C4F1A9-1,From Silicon Valley to Canary Wharf: Skilled workers get new options as UK ups bet on global talent,"The UK is positioning itself to attract highly-skilled foreign workers as the US implements tougher rules on H-1B visas. US President Donald Trump recently introduced a $100,000 fee for new H-1B visa applications, a move aimed at overhauling the program used mainly by tech companies to hire foreign talent. The change makes it significantly more expensive for employers to sponsor foreign workers in the US.","The sentence discusses the introduction of a $100,000 fee for new H-1B visa applications, which directly relates to the theme of increased costs impacting companies employing H-1B visa workers. It highlights how this fee makes it more expensive for employers to sponsor foreign workers, aligning with the narrative of tax increases operational costs for companies employing H-1B visa workers.",Tax increases operational costs for companies employing H-1B visa workers.,Donald Trump,,PEOP,related,"The sentence explicitly mentions the introduction of a $100,000 fee for new H-1B visa applications, which directly relates to the theme of 'Introduction of a high fee on H-1B visas'. It discusses the financial implications for employers sponsoring foreign workers in the US, making the connection clear.","Donald Trump is mentioned in relation to introducing a fee for H-1B visa applications, but the sentence does not quote him directly. It describes an action he took rather than something he explicitly said.",narrative
Sep 2025,2025-09-24,3525DFD4DD8BD1ACACEDD43BC141979A,3525DFD4DD8BD1ACACEDD43BC141979A-1,"Who loses most if H-1B visas cost $100,000? Startups and founders in caution","U.S. President Donald Trump's plans to place $100,000 fees on H-1B visa applications will disproportionately harm America's startup space, founders and venture capitalists told CNBC this week, News.Az reports citing CNBC.","The sentence discusses the potential impact of proposed fees on H-1B visa applications, indicating that these fees may harm the startup ecosystem in the U.S. This aligns with the theme of a proposed tax impacting companies employing H-1B visa holders, as it highlights the financial burden that such fees could impose on businesses reliant on H-1B visa workers.",A proposed tax impacting companies employing H-1B visa holders.,Donald Trump,,PEOP,related,"The sentence directly discusses President Trump's plans to impose a $100,000 fee on H-1B visa applications, which is clearly related to the theme of 'Introduction of a high fee on H-1B visas'.","Donald Trump is mentioned in relation to his plans regarding H-1B visa fees, but the sentence does not quote him directly. It describes actions he plans to take rather than what he has explicitly said.",narrative
Sep 2025,2025-09-24,339212B668041C724B47B479911A5FBC,339212B668041C724B47B479911A5FBC-7,Global South must unite for tech collaboration,"Notably, the Trump administration last week also proposed a new $100,000 annual fee for H-1B visa applications, marking a big shift in US skilled worker immigration policy.
The new measure requires U.S. companies to pay $100,000 per year to sponsor each H-1B worker, a sharp increase from previous fees that typically ranged from $1,700 to $4,500. NDTV Profit","The sentence discusses a proposed new fee for H-1B visa applications, which directly relates to the theme of a proposed tax impacting companies employing H-1B visa holders. The significant increase in fees indicates a financial burden on companies that hire H-1B workers.",A proposed tax impacting companies employing H-1B visa holders.,Donald Trump,,PEOP,related,"The sentence explicitly discusses the introduction of a new $100,000 annual fee for H-1B visa applications, highlighting a significant change in the fee structure for sponsoring H-1B workers. This directly relates to the theme of 'Introduction of a high fee on H-1B visas'.","Donald Trump is mentioned in relation to the actions of the Trump administration, but the sentence does not quote something that Donald Trump has explicitly said. It describes a proposal made by the administration rather than a direct statement from Trump himself.",narrative
Sep 2025,2025-09-24,30CC66ACDE7A1F5691BE5F34B16D9276,30CC66ACDE7A1F5691BE5F34B16D9276-5,Texas companies scrambling due to visa fee hike,"She said that those who already hold H-1B visas and are currently outside of the country will not be charged $100,000 to re-enter. Leavitt added that this will only apply to new visa holders.
Commerce Secretary Howard Lutnick was standing next to Trump in the Oval Office when he made the announcement. He said this new fee is to incentivize companies to hire more people outside of college after recent reports indicate college graduates with STEM degrees are not securing STEM-focused jobs.","The sentence discusses a new fee related to H-1B visas and its implications for hiring practices, particularly focusing on incentivizing companies to hire individuals outside of college. This aligns with the theme of a proposed tax impacting companies employing H-1B visa holders, as it introduces a financial consideration that could influence hiring decisions.",A proposed tax impacting companies employing H-1B visa holders.,Donald Trump,,PEOP,related,"The sentence discusses the implications of a new fee on H-1B visas, specifically mentioning that the fee will not apply to those already holding visas. It also indicates that the fee is intended to incentivize hiring practices, which is directly related to the theme of introducing a high fee on H-1B visas.","Donald Trump is mentioned in the context of making an announcement, but the sentence does not quote anything he explicitly said. It describes an action he took rather than a direct quote.",narrative
Sep 2025,2025-09-24,2AA442A8B58D4FE2064F0325EB8E8330,2AA442A8B58D4FE2064F0325EB8E8330-1,"H-1B visa hike: US tech giants that could be worst hit from the $100,000 fee increase","President Trump's executive order imposing a $100,000 fee hike on H-1B visa applications has triggered widespread apprehension within the U.S. tech sector. This increase threatens talent acquisition, project timelines, and competitive positioning, particularly for startups. Experts warn of potential job relocation overseas, slowed innovation, and reduced access to specialized global talent, impacting U.S. competitiveness. President Donald Trump's executive order raising H-1B visa application fees to $100,000 has sparked widespread concern across the U.S. tech sector. The H-1B program, which allows companies to hire highly skilled foreign professionals, particularly engineers, AI researchers, and software developers, has long been a cornerstone of American innovation.","The sentence discusses the implications of a fee hike on H-1B visa applications, highlighting concerns about talent acquisition, innovation, and U.S. competitiveness. This aligns with the theme of how a proposed tax (or fee increase) impacts companies employing H-1B visa holders and their ability to attract skilled workers.",A proposed tax impacting companies employing H-1B visa holders.,Donald Trump,,PEOP,related,"The sentence explicitly discusses President Trump's executive order that imposes a $100,000 fee hike on H-1B visa applications, which directly relates to the theme of 'Introduction of a high fee on H-1B visas'. It outlines the implications of this fee increase on the tech sector and the H-1B program, making the connection clear.","Donald Trump is mentioned in relation to an executive order he issued, but the sentence does not quote something he explicitly said. Instead, it describes an action he took regarding H-1B visa fees.",narrative
Sep 2025,2025-09-24,40F0FA5D833AC67FFB4F92B09DF9A99C,40F0FA5D833AC67FFB4F92B09DF9A99C-1,"After visa fee hike, Trump's wage-based H-1B plan threatens to push Indian IT further offshore","Experts warn the proposal could disproportionately impact Indian IT firms and accelerate offshoring of tech jobs.
The Trump administration has proposed replacing the H-1B lottery system with a wage-based selection process, just days after imposing a record $100,000 visa fee, a move experts say could hit Indian IT staffing firms hardest and accelerate the offshoring of technology work.","The sentence discusses how the proposed changes to the H-1B visa system, including a new wage-based selection process and increased visa fees, could negatively affect Indian IT firms and lead to more offshoring of tech jobs. This aligns with the theme of how tax and policy changes may influence decisions to offshore roles typically filled by H-1B visa workers.",Tax may influence decisions to onshore or offshore roles typically filled by H-1B visa workers.,Donald Trump,,PEOP,related,"The sentence discusses the impact of a high visa fee on H-1B visas and how it relates to the proposed changes in the selection process, specifically mentioning the $100,000 visa fee. This clearly connects to the theme of 'Introduction of a high fee on H-1B visas'.","Donald Trump is mentioned in relation to the actions of his administration regarding the H-1B visa system, but the sentence does not quote anything he has explicitly said. It describes a proposal and actions taken by the administration rather than a direct quote from Donald Trump himself.",narrative
Sep 2025,2025-09-24,42C5868F229EDC7E490BFAB7CE2AE969,42C5868F229EDC7E490BFAB7CE2AE969-1,"20 startups that could be hit hardest by the new $100,000 H-1B visa fees","President Donald Trump signed an executive order hiking H-1B visa fees to $100,000.
The visas have been a lifeline for some startups to recruit skilled tech workers abroad.
Here are the startups that could take the biggest hits from the fee increase.","The sentence discusses an executive order that increases H-1B visa fees, which directly relates to the proposed tax impacting companies employing H-1B visa holders. The mention of startups relying on H-1B visas highlights the potential negative impact of the fee hike on their ability to recruit skilled workers.",A proposed tax impacting companies employing H-1B visa holders.,Donald Trump,,PEOP,related,"The sentence explicitly mentions President Trump signing an executive order that increases H-1B visa fees to $100,000, which directly relates to the theme of 'Introduction of a high fee on H-1B visas'.","Donald Trump signed an executive order, which indicates an action he took rather than something he explicitly said. Therefore, it does not qualify as a quote.",narrative
Sep 2025,2025-09-24,4BF959E0ED4CED9417AFEBE2357326FB,4BF959E0ED4CED9417AFEBE2357326FB-5,"After $100,000 annual fee, US plans to replace H-1B visa lottery system: What it may mean for Indian and foreign workers","Experts suggest that this new rule could reshape the global IT services market and will push the companies to expand operations in India or other regions of access to US visa becomes restricted.
Next steps and legal challengesThis new proposed rule of the Trump administration will now undergo a public comment period before it is finalised. The legal challenges are expected as the earlier attempt to reform the H-1B visa system have faced pushback in the US courts. If implemented, the reforms - combined with the new $100,000 annual fee - would mark one of the most dramatic shifts in U.S. skilled immigration policy in decades, with ripple effects across the global technology and outsourcing industries.","The sentence discusses how the new rule, particularly the proposed $100,000 annual fee, could lead companies to expand operations in India or other regions, indicating a shift in recruitment strategies and potentially influencing decisions to offshore roles typically filled by H-1B visa workers.",Tax may influence decisions to onshore or offshore roles typically filled by H-1B visa workers.,Donald Trump,,PEOP,related,"The sentence discusses the introduction of a $100,000 annual fee as part of proposed reforms to the H-1B visa system, which directly relates to the theme of 'Introduction of a high fee on H-1B visas'. It also mentions the potential impact of these changes on the global IT services market and the legal challenges expected, reinforcing the connection to the high fee on H-1B visas.","Donald Trump is mentioned in relation to the proposed rule of the Trump administration, but the sentence does not quote anything that he has explicitly said. It discusses actions taken by the administration rather than direct statements from Donald Trump.",narrative
Sep 2025,2025-09-24,4ACAFE3C98E65F1A12797CFB032D326C,4ACAFE3C98E65F1A12797CFB032D326C-1,"Indian IT faces $100,000 H-1B shock, but innovation may be the answer","Visa fee hike poses a major challenge for the industry, but it is also an opportunity for cash-rich firms to rethink their model
The Trump administration has massively hiked the one-time H-1B visa fee to $100,000 for new applicants, which previously ranged from $2,000 to $5,000, depending on the size of the company applying for the visa. It will significantly impact Indian information technology (IT) companies, which rely heavily on these visas for on-site professionals to execute projects. H-1B visa was introduced to fill skill gaps in the United States workforce.","The sentence discusses the significant increase in H-1B visa fees and its impact on companies, particularly in the IT sector, which heavily relies on these visas. This aligns with the theme of 'Tax increases operational costs for companies employing H-1B visa workers.' as the fee hike represents an operational cost increase that could affect hiring and business models.",Tax increases operational costs for companies employing H-1B visa workers.,Donald Trump,,PEOP,related,"The sentence explicitly discusses the significant increase in the H-1B visa fee to $100,000, which directly relates to the theme of 'Introduction of a high fee on H-1B visas'. It also mentions the impact on the industry, particularly Indian IT companies, reinforcing the connection to the high fee introduction.","Donald Trump is mentioned in relation to the actions taken by the Trump administration regarding the H-1B visa fee hike, but the sentence does not quote anything that Donald Trump has explicitly said. Therefore, it does not meet the criteria for a direct quote.",narrative
Sep 2025,2025-09-24,44E2B895BE2F40753CB0A734F5E50829,44E2B895BE2F40753CB0A734F5E50829-1,"Silicon Valley Hiring in Turmoil After New H-1B Visa Fees, Move Spurs Offshoring Talk",SAN FRANCISCO/NEW YORK (Sept 23): The Trump administration's hefty new visa fees for H-1B workers have prompted high-level talks inside companies in Silicon Valley and beyond on the possibility of moving more jobs overseas - precisely the outcome the policy was meant to stop.,"The sentence discusses how the new visa fees for H-1B workers are leading companies to consider moving jobs overseas, which directly relates to the theme of how tax influences decisions to onshore or offshore roles typically filled by H-1B visa workers.",Tax may influence decisions to onshore or offshore roles typically filled by H-1B visa workers.,Donald Trump,,PEOP,related,"The sentence discusses the introduction of hefty new visa fees for H-1B workers and its impact on companies considering moving jobs overseas, which directly relates to the theme of 'Introduction of a high fee on H-1B visas'.","Donald Trump is mentioned in relation to the administration's actions, but the sentence does not quote anything that he has explicitly said. It discusses the implications of the policy rather than a direct statement from him.",narrative
Sep 2025,2025-09-24,42C5868F229EDC7E490BFAB7CE2AE969,42C5868F229EDC7E490BFAB7CE2AE969-2,"20 startups that could be hit hardest by the new $100,000 H-1B visa fees","Startups and the tech industry have weathered a whipsawing week of foreign worker visa changes.
On Friday, President Donald Trump signed an executive order requiring new H-1B visa applications to pay a $100,000 fee. The tax seeks to ""curb abuses that displace US workers,"" the Trump administration said in a press release.","The sentence discusses a new fee imposed on H-1B visa applications, which directly relates to the proposed tax impacting companies employing H-1B visa holders. It highlights the government's intention behind the tax and its implications for the tech industry and startups.",A proposed tax impacting companies employing H-1B visa holders.,Donald Trump,,PEOP,related,"The sentence explicitly mentions the introduction of a $100,000 fee for new H-1B visa applications, which directly relates to the theme of 'Introduction of a high fee on H-1B visas'.","Donald Trump signed an executive order requiring new H-1B visa applications to pay a $100,000 fee, but this sentence does not quote something he explicitly said. It describes an action he took rather than a statement he made.",narrative
Sep 2025,2025-09-24,0AF074566615B3889FDD5ADB3F4C48E8,0AF074566615B3889FDD5ADB3F4C48E8-5,'Less H-1Bs and hire more in India': Fortune 500 companies prefer offshoring to hiring in US,"""We probably have to reduce the number of H-1B visa workers we can hire,"" said Sam Liang, co-founder and CEO of AI transcription start-up Otter. ""Some companies may have to outsource some of their workforce. Hire maybe in India or other countries just to walk around this H-1B problem."" According to Reuters, companies were already considering expansion in India before the Trump administration's new $100,000 H-1B visa fee disrupted hiring plans.
About 141,000 new H-1B applications were approved in 2024, according to Pew Research. Although Congress caps new visas at 65,000 annually, total approvals are higher because petitions from universities and other categories are excluded from the cap. Most new approvals go to computer-related jobs.",The sentence discusses the need for companies to reduce the number of H-1B visa workers they can hire and suggests outsourcing as a solution to the challenges posed by the H-1B visa problem. This aligns with the theme of companies altering recruitment strategies to minimize reliance on H-1B visa workers.,Companies may alter recruitment strategies to minimize H-1B visa reliance.,Donald Trump,,PEOP,related,"The sentence discusses the impact of a new $100,000 H-1B visa fee on hiring plans, indicating a direct connection to the theme of 'Introduction of a high fee on H-1B visas'. It highlights how companies are responding to this fee by considering reducing H-1B hires and potentially outsourcing jobs, which is relevant to the topic.","Donald Trump is mentioned in the context of the new $100,000 H-1B visa fee, but the sentence does not quote anything that he has explicitly said. It discusses the impact of his administration's actions rather than his words.",narrative
Sep 2025,2025-09-24,0A7504B48017174767A2EB64A4723D54,0A7504B48017174767A2EB64A4723D54-1,Finance industry warns of talent drain as H-1B Visa costs soar,"The Trump administration's overhaul of the H-1B system could have an outsized impact on the finance industry, which could face hiring challenges following the imposition of the new $100,000 fee.
Financial firms are among the largest users of H-1B visas, employment-based visas awarded by an annual lottery, although their usage is dwarfed by tech companies. In 2025, the 10 top US financial firms received about 12,000 H-1B visas, according to government data, with JPM the biggest by far with 2,440.","The sentence discusses the potential impact of a new fee on the hiring practices of the finance industry, specifically mentioning challenges that could arise from the imposition of this fee. This aligns with the theme of how a new tax may hinder recruitment of skilled H-1B visa workers.",New tax may hinder recruitment of skilled H-1B visa workers.,Donald Trump,,PEOP,related,"The sentence discusses the impact of a new $100,000 fee on the H-1B visa system, specifically mentioning how it could affect hiring in the finance industry. This directly relates to the theme of 'Introduction of a high fee on H-1B visas'.","Donald Trump is mentioned in relation to the administration's actions, but the sentence does not quote anything that he has explicitly said. It discusses the impact of the administration's policies rather than providing a direct quote from Donald Trump.",narrative
Sep 2025,2025-09-24,08F50DA5265C2A76AAB0867F7065757D,08F50DA5265C2A76AAB0867F7065757D-2,Trump's new visa fees spur offshoring talks and hiring turmoil,"Trump on Friday announced the change to the visa program that has long been a recruitment pathway for tech firms and encouraged international students to pursue postgraduate courses in the U.S. While the $100,000 levy applies only to new applicants - not current holders as first announced - the confusion around its roll-out and steep cost are already leading companies to pause recruitment, budgeting and workforce plans, according to interviews with founders, venture capitalists and immigration lawyers who work with technology companies.","The sentence discusses how the announced change to the visa program, specifically the $100,000 levy on new applicants, is causing confusion and leading companies to pause their recruitment and workforce planning. This directly relates to the theme of a new tax hindering recruitment of skilled H-1B visa workers.",New tax may hinder recruitment of skilled H-1B visa workers.,Donald Trump,,PEOP,related,"The sentence discusses a change to the visa program, specifically mentioning a $100,000 levy that applies to new applicants, which directly relates to the introduction of a high fee on H-1B visas. It also highlights the impact of this fee on recruitment and workforce planning, reinforcing the connection to the theme.","Donald Trump is mentioned as having announced a change to the visa program, but the sentence does not quote anything he explicitly said. It describes actions taken and the implications of those actions rather than providing a direct quote from him.",narrative
Sep 2025,2025-09-24,084857A10E4908BCFC6D03254BB0517B,084857A10E4908BCFC6D03254BB0517B-4,"US Plans Overhaul of H-1B Visa; DHS Pushes Wage-based Selection, US$100,000 Levy","DHS says the change would better align the programme with congressional intent by favouring ""higher skilled and higher paid"" workers.
The proposed changes are part of president Donald Trump's renewed focus on tightening the H-1B system, which the White House has long described as 'one of the most abused visa categories'. Last week, president Trump signed a proclamation introducing the US$100,000 fee for fresh H-1B applicants, arguing it would push US companies to 'hire American workers'.","The sentence discusses proposed changes to the H-1B visa program that aim to favor higher skilled and higher paid workers, which aligns with the narrative of a proposed tax impacting companies employing H-1B visa holders. The mention of a fee for fresh H-1B applicants also suggests a financial burden that could affect hiring practices.",A proposed tax impacting companies employing H-1B visa holders.,Donald Trump,,PEOP,related,"The sentence explicitly mentions the introduction of a US$100,000 fee for fresh H-1B applicants, which directly relates to the theme of 'Introduction of a high fee on H-1B visas'. It also discusses the context of tightening the H-1B system, aligning with the theme.","Donald Trump is mentioned in the context of actions he has taken, specifically signing a proclamation and introducing a fee, rather than quoting something he has explicitly said.",narrative
Sep 2025,2025-09-24,05B41F461B16566D6C7AA6488D4DB447,05B41F461B16566D6C7AA6488D4DB447-3,'Americans First': Trump administration to 'root out fraud and abuse' in the name of H-1B visa programme via Project Firewall,"Donald Trump's Project Firewall amid H-1B visa row
The US Labor Department said it will begin probing companies that ""abuse"" the H-1B system, as part of an initiative to prioritise Americans over foreign-born workers in the labor market. This follows the administration's earlier move to impose a $100,000 fee on employers seeking new H-1B visas for foreign workers. Current visa holders and those seeking renewals are not affected.","The sentence discusses the US Labor Department's initiative to prioritize American workers over foreign-born workers, which aligns with the theme of companies potentially prioritizing domestic candidates over H-1B visa applicants. Additionally, the mention of a $100,000 fee on employers seeking new H-1B visas directly relates to the proposed tax impacting companies employing H-1B visa holders.",Companies may prioritize domestic candidates over H-1B visa applicants.,Donald Trump,,PEOP,related,"The sentence explicitly mentions the imposition of a $100,000 fee on employers seeking new H-1B visas, which directly relates to the theme of 'Introduction of a high fee on H-1B visas'.","Donald Trump is mentioned in the context of the administration's actions regarding H-1B visas, but the sentence does not quote anything that he has explicitly said. It describes actions taken by the administration rather than direct quotes from Donald Trump.",narrative
Sep 2025,2025-09-24,0189C3AF7D16CAC81EA27678CE612710,0189C3AF7D16CAC81EA27678CE612710-9,"Powell's warning, Micron earnings, 'financial nihilism' and more in Morning Squawk","'$100K toll booths'
President Donald Trump's $100,000 H-1B visa fee is leaving startups in a tough spot.
Companies are used to paying between $2,000 and $5,000 per visa application. Experts are warning that a jump to $100,000 will particularly hamper the ability of smaller technology companies with less revenue than Big Tech firms to bring top talent to the U.S.","The sentence discusses the significant increase in the H-1B visa fee proposed by President Trump, which is expected to particularly affect smaller technology companies' ability to recruit skilled workers. This aligns with the theme of a new tax hindering recruitment of skilled H-1B visa workers.",New tax may hinder recruitment of skilled H-1B visa workers.,Donald Trump,,PEOP,related,"The sentence discusses the introduction of a $100,000 fee for H-1B visas, highlighting the impact on startups and smaller technology companies. This directly relates to the theme of 'Introduction of a high fee on H-1B visas'.","Donald Trump is mentioned in relation to the $100,000 H-1B visa fee, but the sentence does not quote something he has explicitly said. Instead, it describes the impact of a fee associated with him without providing a direct quote.",narrative
Sep 2025,2025-09-24,0AF074566615B3889FDD5ADB3F4C48E8,0AF074566615B3889FDD5ADB3F4C48E8-6,'Less H-1Bs and hire more in India': Fortune 500 companies prefer offshoring to hiring in US,"The Trump administration and critics of the H-1B program argue that it has been used to suppress wages. By curbing it, more jobs would be available to American tech workers, the administration said. Previously, the visa cost employers just a $2,000. With the $100,000 fee, hiring talent in countries like India, where wages are lower and Big Tech often builds innovation hubs instead of back offices, becomes more attractive, experts told Reuters.","The sentence discusses the implications of increased costs associated with the H-1B visa, particularly how a higher fee may make hiring foreign talent less attractive compared to domestic candidates. This aligns with the theme of companies potentially prioritizing domestic candidates over H-1B visa applicants due to increased costs.",Companies may prioritize domestic candidates over H-1B visa applicants.,Donald Trump,,PEOP,related,"The sentence discusses the implications of a high fee on H-1B visas, specifically mentioning the previous cost and the new proposed fee of $100,000. It connects the fee to the attractiveness of hiring talent from countries like India, which is directly related to the theme of introducing a high fee on H-1B visas.","Donald Trump is mentioned in relation to the administration's stance on the H-1B program, but the sentence does not quote anything that he has explicitly said. It discusses the administration's argument and the implications of the visa fee without direct quotes from Donald Trump.",narrative
Sep 2025,2025-09-24,11A3CFF22844F25D86B31EB4BD569AB7,11A3CFF22844F25D86B31EB4BD569AB7-4,"Can Trump's H-1B visa fee hike impact IT sector's Q2, Q3 results in FY26? EXPLAINED","According to Anuj Gupta, Director, Ya Wealth Research & Advisory, the immediate impact will be minimal since this fee applies only to new visa applications. However, its effect will be felt in the long run, likely becoming more noticeable a year after the fee is implemented.
""After implementation of the new $100,000 annual fee on H-1B worker visas in the United States new IT aspirants will not shift into the USA due to this fee which is approx 8800000 in Indian rupee. Now companies will rethink setting up their offices from the USA to Europe or other countries. This extra burden will impact the company's balance sheet although the Indian IT Talent will also be very challenging to shift to the USA market. So now the cost of the companies may increase due to this new Trump's policy for new visas and shifting of their offices,"" Gupta said.","The sentence discusses the long-term effects of a new fee on H-1B worker visas, indicating that companies may reconsider their operational locations and face increased costs, which aligns with the theme of companies reassessing the financial viability of hiring H-1B visa workers and potentially altering their global strategies.",Companies may need to rethink global strategies to attract H-1B visa talent.,Donald Trump,,PEOP,related,"The sentence discusses the introduction of a new $100,000 annual fee on H-1B worker visas and its potential long-term effects on IT aspirants and companies. It directly relates to the theme of 'Introduction of a high fee on H-1B visas' by explaining how this fee will influence decisions regarding visa applications and business operations.","Donald Trump is mentioned in relation to a policy, but the sentence does not quote anything he has explicitly said. Instead, it discusses the implications of a fee associated with his policy. Therefore, it is unclear if this is a direct quote from Donald Trump.",narrative
Sep 2025,2025-09-24,218A1C567D53CEC5F68579FD626712AB,218A1C567D53CEC5F68579FD626712AB-6,"US risks losing top talent with new H-1B visa fee hike, experts say","Announced recently by President Donald Trump, the new policy aims to curb excessive use of the visas and encourage companies to hire American workers.
However, critics say it risks deterring the highly skilled professionals who have long driven innovation in the US.","The sentence discusses a new policy aimed at reducing the use of H-1B visas, which aligns with the theme of a proposed tax impacting companies employing H-1B visa holders. It also highlights concerns about the potential negative impact on skilled professionals, which relates to the narrative of hindering recruitment of skilled H-1B visa workers.",A proposed tax impacting companies employing H-1B visa holders.,Donald Trump,,PEOP,related,"The sentence discusses a new policy related to H-1B visas, which is relevant to the theme of introducing a high fee on these visas. It mentions the aim of the policy to curb excessive use of the visas, which aligns with the context of a fee increase. However, it also highlights concerns about losing skilled professionals, which indirectly relates to the implications of the fee hike. Overall, the connection to the theme is present but not explicitly focused on the fee itself.","Donald Trump is mentioned as the announcer of a new policy, but the sentence does not quote anything he explicitly said. It describes the policy and its implications rather than providing a direct quote from him.",narrative
Sep 2025,2025-09-24,1EAEA3A5EFEC814335221201966013B5,1EAEA3A5EFEC814335221201966013B5-4,"IT stocks extend slide as US proposes to change H-1B visa process; Coforge, Tech Mahindra lead losses","The new process, if finalised, would give heavier weight to applications by employers who pay high wages if annual requests for the visas exceed the statutory limit of 85,000, the notice said as quoted by Reuters. The move aims to better protect Americans from unfair wage competition from foreign workers, it said.
Story continues below
US to hike fee for fresh H-1B visa applications:
This comes after Trump recently announced that the US will introduce a $100,000 fee for fresh H-1B visa applications, an unprecedented increase from the earlier fee range of $215-$5,000, depending on the company size. This move had earlier sent the IT stocks to a spin, after a brief rise following US Federal Reserve's rate cut.","The sentence discusses a proposed change in the H-1B visa application process that aims to prioritize employers who pay higher wages, which relates to the theme of a proposed tax impacting companies employing H-1B visa holders. It also mentions a significant fee increase for H-1B visa applications, which aligns with the narrative of increased operational costs for companies employing H-1B visa workers.",A proposed tax impacting companies employing H-1B visa holders.,Donald Trump,,PEOP,related,"The sentence explicitly mentions the introduction of a $100,000 fee for fresh H-1B visa applications, which directly relates to the theme of 'Introduction of a high fee on H-1B visas'. It also provides context about the previous fee range, highlighting the significant increase, thus establishing a clear connection to the theme.","Donald Trump is mentioned in relation to announcing a new fee for H-1B visa applications, but the sentence does not provide a direct quote of what he said. Instead, it describes an action he took. Therefore, it does not meet the criteria for a quote.",narrative
Sep 2025,2025-09-24,17B88625CE03C23AF5D2172DCC2C36C7,17B88625CE03C23AF5D2172DCC2C36C7-8,From lottery system to wage-based process: How Trump's new H-1B visa plan could hit India's entry-level talent,"Last week, the Trump administration also announced a $100,000 fee for new H-1B visas, initially causing confusion among companies and workers. While the White House later clarified the fee would not apply to existing holders, it still represents a dramatic cost increase for employers seeking fresh talent. Combined with the wage-based allocation proposal, the higher fee signals a broader push to restrict lower-wage foreign hiring.","The sentence discusses a new fee for H-1B visas that represents a significant cost increase for employers, which aligns with the theme of 'Tax increases operational costs for companies employing H-1B visa workers.' The mention of a broader push to restrict lower-wage foreign hiring also connects to the narrative of companies potentially altering their hiring strategies due to increased costs.",Tax increases operational costs for companies employing H-1B visa workers.,Donald Trump,,PEOP,related,"The sentence explicitly mentions a $100,000 fee for new H-1B visas, which directly relates to the theme of 'Introduction of a high fee on H-1B visas'. It discusses the implications of this fee on employers and the hiring process, making the connection clear.","Donald Trump is mentioned in the context of the actions taken by the Trump administration regarding H-1B visas, but the sentence does not quote anything that Donald Trump has explicitly said. It describes actions and policies rather than direct quotes.",narrative
Sep 2025,2025-09-24,160138E77A3FA308F0F949B057CD5B87,160138E77A3FA308F0F949B057CD5B87-1,H-1B mess is set to kill US tech's golden goose,"The H-1B programme has long been a golden goose for America, fuelling innovation, job creation, and global leadership in technology. To kill it with punitive measures would be self-destructive
Last Friday, just as Americans were winding down for the weekend, the White House dropped a shock-and-awe measure affecting many leading US businesses. On that day, President Donald Trump signed a proclamation announcing a staggering $100,000 fee on H-1B visa for each employee hired under the programme, effective September 21. This H1-B proclamation could be extremely problematic for the technology industry in the US and India and strains the already strained relationship between the two great nations. even further.","The sentence discusses the introduction of a significant fee on H-1B visas, which directly relates to the proposed tax impacting companies employing H-1B visa holders. It highlights the potential negative consequences of this tax on the technology industry and the relationship between the US and India, emphasizing the importance of the H-1B program for innovation and job creation.",A proposed tax impacting companies employing H-1B visa holders.,Donald Trump,,PEOP,related,"The sentence explicitly mentions the introduction of a $100,000 fee on H-1B visas, which directly relates to the theme of 'Introduction of a high fee on H-1B visas'. It discusses the implications of this fee on the technology industry and the relationship between the US and India, reinforcing the connection to the theme.","Donald Trump signed a proclamation regarding a fee on H-1B visas, but the sentence does not quote something he explicitly said. It describes an action he took rather than a statement he made.",narrative
Sep 2025,2025-09-24,15179E90A94292CB764DB56EA5D2FA2D,15179E90A94292CB764DB56EA5D2FA2D-2,"$100,000 H-1B visa is a gamble that could protect US jobs | Patricia Lopez","The overhaul, signed by the president recently, escalates the price of entry to $100,000 per worker, to be paid by the company. And the costs don't stop there. Trump also wants a revision of prevailing wage rules to ensure that visa-holders get paid the same as Americans - a change that should further discourage companies from importing foreign labor.","The sentence discusses the increase in costs associated with hiring foreign workers due to a new tax and wage rules, which aligns with the theme of higher costs deterring companies from hiring H-1B visa candidates.",Higher costs may deter companies from hiring H-1B visa candidates.,Donald Trump,,PEOP,related,"The sentence discusses a significant increase in the cost associated with H-1B visas, specifically mentioning a new fee of $100,000 per worker. This directly relates to the theme of 'Introduction of a high fee on H-1B visas'. Additionally, it touches on related changes to wage rules that could impact the hiring of foreign workers, reinforcing the connection to the high fee introduction.","Donald Trump is mentioned in the context of wanting a revision of prevailing wage rules, but the sentence does not quote something he has explicitly said. It describes actions and intentions rather than direct quotes.",narrative
Sep 2025,2025-09-24,0AF074566615B3889FDD5ADB3F4C48E8,0AF074566615B3889FDD5ADB3F4C48E8-1,'Less H-1Bs and hire more in India': Fortune 500 companies prefer offshoring to hiring in US,"The Trump administration's hefty new H-1B visa fees are already triggering high-level discussions in Silicon Valley and beyond about moving jobs overseas, ironically, the opposite of what the policy intended.","The sentence discusses how the new H-1B visa fees are prompting companies to consider moving jobs overseas, which aligns with the theme of 'Tax may influence decisions to onshore or offshore roles typically filled by H-1B visa workers.'",Tax may influence decisions to onshore or offshore roles typically filled by H-1B visa workers.,Donald Trump,,PEOP,related,"The sentence discusses the introduction of hefty new H-1B visa fees by the Trump administration and its impact on job discussions in Silicon Valley, directly relating to the theme of high fees on H-1B visas.","Donald Trump is mentioned in relation to the administration's actions, but the sentence does not quote anything that he has explicitly said. It discusses the implications of the policy rather than a direct statement from him.",narrative
Sep 2025,2025-09-24,5019AD4AA180B1B4D9797469810640F0,5019AD4AA180B1B4D9797469810640F0-2,Trump's visa crackdown may spur US offshoring,"US COMPANIES may offshore more technology roles to the Philippines and other low-cost markets as President Donald J. Trump's revamped visa rules raise costs for bringing in foreign talent, analysts said.
The White House last week imposed a $100,000 annual fee on new H-1B visas, the program that allows companies to hire skilled foreign workers in areas such as information technology, engineering and finance. The levy, paid by employers, adds to restrictions already making it harder to secure visas for staff.","The sentence discusses how the new $100,000 annual fee on H-1B visas may lead US companies to offshore technology roles to lower-cost markets, indicating a shift in recruitment strategies due to increased costs associated with hiring H-1B visa workers. This aligns with the theme of companies altering their recruitment strategies to minimize reliance on H-1B visa workers.",Companies may alter recruitment strategies to minimize H-1B visa reliance.,Donald Trump,,PEOP,related,"The sentence explicitly mentions the introduction of a $100,000 annual fee on new H-1B visas, which directly relates to the theme of 'Introduction of a high fee on H-1B visas'. It discusses the implications of this fee on US companies and their hiring practices, making the connection clear.","Donald Trump is mentioned in relation to the visa rules, but the sentence does not quote anything he has explicitly said. It describes actions taken by the White House without direct quotes from him.",narrative
Sep 2025,2025-09-24,8B370E10EDDB7837DA7017D020D89590,8B370E10EDDB7837DA7017D020D89590-2,"Changes to H-1B visa costs could impact dozens of businesses in the DMV, including DC Public Schools","Trump signs proclamation that adds $100K fee to H-1B visas
The intent is to force companies to invest in local workers instead of hiring foreign employees.
""The idea is no more of these big tech companies training foreign workers. They have to pay the government $100,000, then they have to pay the employee. So it's just not economic,"" Howard Lutnick, United States Secretary of Commerce, said.","The sentence discusses a proclamation that introduces a significant fee for H-1B visas, which is intended to encourage companies to invest in local workers rather than hiring foreign employees. This aligns with the theme of a proposed tax impacting companies employing H-1B visa holders, as it directly addresses the financial implications of hiring foreign workers.",A proposed tax impacting companies employing H-1B visa holders.,Donald Trump,,PEOP,related,"The sentence explicitly discusses the introduction of a $100,000 fee on H-1B visas as part of a proclamation signed by Trump. It also provides context on the intent behind this fee, which is to encourage companies to invest in local workers rather than hiring foreign employees. This directly relates to the theme of 'Introduction of a high fee on H-1B visas'.","Donald Trump is mentioned in the context of signing a proclamation, but the sentence does not quote something he has explicitly said. Instead, it includes a statement from Howard Lutnick, which does not directly reflect Trump's words.",narrative
Sep 2025,2025-09-24,7EC43FF69A2ED7B41276532C83FE044F,7EC43FF69A2ED7B41276532C83FE044F-8,Patricia Lopez: ICE raids or work permits? The White House wants it both ways,"Yet the president continues to have trouble offering clarity at a time when clarity is required. More confusion came on Friday with Trump's surprise restrictions on the H-1B visa program for skilled foreign workers that raise sponsorship costs for companies to $100,000 per worker. Such workers have become a staple of hiring in tech, engineering and other industries, and the business community panicked, not knowing whether it applied to existing workers (it doesn't) or whether the costs were actually, as Commerce Secretary Howard Lutnick initially said, per year for the three-year visas. In typical fashion, Trump's team spent the weekend on mop-up, issuing clarifications and corrections.","The sentence discusses Trump's surprise restrictions on the H-1B visa program that raise sponsorship costs for companies, which directly relates to the theme of increased operational costs for companies employing H-1B visa workers. The mention of the business community's panic over the new costs indicates a clear connection to the financial implications of hiring H-1B visa workers.",Tax increases operational costs for companies employing H-1B visa workers.,Donald Trump,,PEOP,related,"The sentence discusses Trump's surprise restrictions on the H-1B visa program that raise sponsorship costs for companies to $100,000 per worker, which directly relates to the theme of introducing a high fee on H-1B visas. The context of the article also suggests a focus on immigration and work permits, further supporting the connection.","Donald Trump is mentioned in relation to actions taken regarding the H-1B visa program, but the sentence does not quote anything he has explicitly said. Instead, it describes the confusion and restrictions imposed by his administration.",narrative
Sep 2025,2025-09-24,7EAD64F95CA7D1B99C1CB78E0B2235FA,7EAD64F95CA7D1B99C1CB78E0B2235FA-5,It's time to revamp H-1Bs,"Room for Disagreement
The administration's proposed levy is chaotic and poorly planned, longtime Silicon Valley investor Michael Moritz argues in the Financial Times. ""Like other Trump schemes, this H-1B caper will backfire,"" he writes, noting that US companies rely on foreign talent not to undercut American workers, but to fill critical skill gaps. He argues that restricting or overtaxing H-1B visas risks driving companies to shift operations overseas, depriving the country of innovation, entrepreneurship, and economic growth.","The sentence discusses the potential negative consequences of the proposed tax on H-1B visas, including the risk of companies shifting operations overseas and the impact on innovation and economic growth. This aligns with the theme of how the tax may influence decisions to onshore or offshore roles typically filled by H-1B visa workers.",Tax may influence decisions to onshore or offshore roles typically filled by H-1B visa workers.,Donald Trump,,PEOP,related,"The sentence discusses the proposed levy on H-1B visas and its potential negative consequences, which directly relates to the theme of introducing a high fee on H-1B visas. It highlights concerns about the impact of such a fee on US companies and the economy.","Donald Trump is mentioned in the context of a critique of his schemes, but the sentence does not quote anything that he has explicitly said. Instead, it reflects the opinion of Michael Moritz regarding the administration's proposed levy and its implications. Therefore, it does not meet the criteria for a direct quote from Donald Trump.",narrative
Sep 2025,2025-09-24,7D9DD1D551140C68775B392292148241,7D9DD1D551140C68775B392292148241-1,"Trump's $100K H-1B fee could cut thousands of applications monthly, JPMorgan says; Indians hit hardest","A new JPMorgan Chase report has laid out just how severe the fallout could be from President Donald Trump's executive order imposing a staggering $100,000 fee on new H-1B visa applications.
According to the bank's projections, the change could lead to 5,500 fewer applications every month, as companies balk at the exorbitant cost of hiring foreign talent.","The sentence discusses the potential impact of a new fee on H-1B visa applications, indicating that the increased costs may deter companies from applying for these visas. This aligns with the theme of 'Higher costs may deter companies from hiring H-1B visa candidates.'",Higher costs may deter companies from hiring H-1B visa candidates.,Donald Trump,,PEOP,related,"The sentence directly discusses the introduction of a $100,000 fee on new H-1B visa applications as imposed by President Trump's executive order. It also highlights the potential impact of this fee on the number of applications, which is directly related to the theme of high fees on H-1B visas.","Donald Trump is mentioned in relation to an executive order, but the sentence does not quote anything he has explicitly said. It describes an action he took rather than a statement he made.",narrative
Sep 2025,2025-09-24,7B04D823223A046C2D2C5056EA92DDF2,7B04D823223A046C2D2C5056EA92DDF2-1,"Rattled by Trump's Chaotic H-1B Policy, US Firms Quietly Wait Out Changes","(Bloomberg) - The Trump administration's steep new visa fees for highly specialized H-1B work visas have rattled US businesses, but most big companies are staying quiet as they wait to see how the policy plays out.","The sentence discusses the impact of new visa fees on US businesses, indicating that these fees are causing concern among companies. This aligns with the theme of a proposed tax impacting companies employing H-1B visa holders, as the new fees can be seen as a financial burden similar to a tax.",A proposed tax impacting companies employing H-1B visa holders.,Donald Trump,,PEOP,related,"The sentence directly discusses the introduction of steep new visa fees for H-1B work visas, which is clearly related to the theme of 'Introduction of a high fee on H-1B visas'.","Donald Trump is mentioned in relation to the administration's actions, but the sentence does not quote anything that he has explicitly said. It discusses the effects of the policy rather than a direct statement from him.",narrative
Sep 2025,2025-09-24,8B370E10EDDB7837DA7017D020D89590,8B370E10EDDB7837DA7017D020D89590-1,"Changes to H-1B visa costs could impact dozens of businesses in the DMV, including DC Public Schools","WASHINGTON (DC News Now) - Businesses across the country will be forced to make some tough decisions after the White House slapped a massive new fee on sponsoring H-1B visa applications.
In an order signed last week, President Donald Trump added a $100,000 fee for all new applications.","The sentence discusses a new fee imposed on businesses sponsoring H-1B visa applications, which directly relates to the proposed tax impacting companies employing H-1B visa holders. The mention of a 'massive new fee' indicates a financial burden that aligns with the theme of a tax affecting these companies.",A proposed tax impacting companies employing H-1B visa holders.,Donald Trump,,PEOP,related,"The sentence explicitly mentions a 'massive new fee' imposed on H-1B visa applications, which directly relates to the theme of 'Introduction of a high fee on H-1B visas'. It discusses the implications of this fee on businesses, aligning well with the context provided in the title.","Donald Trump is mentioned as having signed an order that added a fee for H-1B visa applications, but the sentence describes an action he took rather than something he explicitly said.",narrative
Sep 2025,2025-09-24,8D0471D81AE35DCC339C0CA5E9BD6827,8D0471D81AE35DCC339C0CA5E9BD6827-1,Finance Firms Brace for H-1B Visa Overhaul Impact,"The Trump administration's H-1B system overhaul, imposing a $100,000 fee, could challenge the finance industry, particularly in hiring. Financial firms, heavily reliant on H-1B visas, face increased costs that technology companies can better absorb. This fee could push banks to seek talent offshore, impacting investment banking and finance roles.","The sentence discusses the imposition of a $100,000 fee on the H-1B visa system, which directly relates to the theme of increased operational costs for companies employing H-1B visa workers. It highlights how financial firms, which rely on H-1B visas, will face challenges due to these increased costs, potentially leading them to seek talent offshore. This aligns with the narrative of how such taxes can affect hiring practices and operational strategies.",Tax increases operational costs for companies employing H-1B visa workers.,Donald Trump,,PEOP,related,"The sentence discusses the introduction of a $100,000 fee on H-1B visas and its implications for the finance industry, clearly establishing a connection to the theme of 'Introduction of a high fee on H-1B visas'.","Donald Trump is mentioned in relation to the administration's actions, but the sentence does not quote anything that he has explicitly said. It discusses the actions taken by the Trump administration rather than direct quotes from Donald Trump himself.",narrative
Sep 2025,2025-09-24,99F8D52E1674EA3673C9095EC701E592,99F8D52E1674EA3673C9095EC701E592-8,"Powell's warning, Micron earnings, 'financial nihilism' and more in Morning Squawk","President Donald Trump's $100,000 H-1B visa fee is leaving startups in a tough spot.
Companies are used to paying between $2,000 and $5,000 per visa application. Experts are warning that a jump to $100,000 will particularly hamper the ability of smaller technology companies with less revenue than Big Tech firms to bring top talent to the U.S.","The sentence discusses the significant increase in the H-1B visa fee proposed by President Trump, which is expected to particularly affect smaller technology companies. This aligns with the theme that a new tax may hinder recruitment of skilled H-1B visa workers, as the increased costs will make it more difficult for these companies to attract top talent.",New tax may hinder recruitment of skilled H-1B visa workers.,Donald Trump,,PEOP,related,"The sentence discusses the introduction of a $100,000 fee for H-1B visas and its impact on startups, clearly relating to the theme of 'Introduction of a high fee on H-1B visas'.","Donald Trump is mentioned in relation to the $100,000 H-1B visa fee, but the sentence does not quote anything he has explicitly said. It describes a situation regarding the fee he implemented rather than a direct statement from him.",narrative
Sep 2025,2025-09-24,99BADECF88F1EE5BD2794E9FC61CDCD1,99BADECF88F1EE5BD2794E9FC61CDCD1-2,H-1B visa abuse by tech giants triggers Trump's $100K petition fee,"Are the big tech US companies to blame for the misuse and abuse of the H-1B visa program?
The Trump administration has delivered a significant blow to the US companies employing workers from overseas. In a move that aims to discourage US companies from hiring foreign workers, the fee for filing H-1B visa petitions has been set at $100,000.","The sentence discusses a significant increase in the fee for filing H-1B visa petitions, which directly relates to the theme of a proposed tax impacting companies employing H-1B visa holders. The mention of discouraging US companies from hiring foreign workers aligns with the narrative of increased operational costs due to new tax implications.",A proposed tax impacting companies employing H-1B visa holders.,Donald Trump,,PEOP,related,"The sentence explicitly mentions the introduction of a $100,000 fee for filing H-1B visa petitions, which directly relates to the theme of 'Introduction of a high fee on H-1B visas'.","Donald Trump is mentioned in relation to the actions taken by the Trump administration regarding the H-1B visa program, but the sentence does not quote anything that Donald Trump has explicitly said. It describes actions taken by the administration instead.",narrative
Sep 2025,2025-09-24,92AB275DE3240671657114175F5AB8C6,92AB275DE3240671657114175F5AB8C6-1,"Yale scholar slams Donald Trump's H1B visa move, says 'every country would kill to get best IIT graduates'","Yale scholar Gautam Mukunda criticised United States President Donald Trump's decision to introduce a $100,000 fee for H-1B visa applications, warning that the move would undermine America's long-standing advantage in attracting international expertise.\r Mukunda described the measure as ""economically unsound"" and argued that it would reduce the United States' ability to draw highly qualified professionals at a time when other countries are competing vigorously for the same pool of talent.\r He stressed that top graduates from institutions such as the Indian Institutes of Technology (IITs) are in high demand globally, and suggested that Washington was discarding a key advantage without justification. ""Every country in the world would kill to get the best IIT graduates.","The sentence discusses the introduction of a fee for H-1B visa applications and its potential negative impact on the ability of the U.S. to attract international talent, which aligns with the theme of a proposed tax impacting companies employing H-1B visa holders.",A proposed tax impacting companies employing H-1B visa holders.,Donald Trump,,PEOP,related,"The sentence directly discusses the introduction of a $100,000 fee for H-1B visa applications, which is the central theme of the article. It critiques this decision and its potential negative impact on attracting international talent, clearly establishing a connection to the theme.","Donald Trump is mentioned in relation to a decision he made regarding H-1B visa fees, but the sentence does not quote anything he explicitly said. Instead, it discusses criticism of his decision by another individual.",narrative
Sep 2025,2025-09-24,91403BB5003C61AB430CC8304F6BBE5F,91403BB5003C61AB430CC8304F6BBE5F-1,"$100,000 Fee for H-1B Visas a Nuanced Issue: Panel","Companies are trying to adjust to the new $100,000 fee for H-1B visas, enacted through an executive order by President Donald Trump last Friday. The fee, which took effect on Sunday, has upended the system's long-term prospects-with Indian workers expected to be most affected. NTD discussed this with Mike Leon, NTD news contributor and host of the ""Can We Please Talk?"" podcast, and Tony Kinnett, national correspondent at The Daily Signal and host of the ""Tony Kinnett Cast"" radio show and podcast.","The sentence discusses the new $100,000 fee for H-1B visas, which directly relates to the proposed tax impacting companies employing H-1B visa holders. It highlights the immediate financial implications for companies and the broader impact on the system's long-term prospects.",A proposed tax impacting companies employing H-1B visa holders.,Donald Trump,,PEOP,related,"The sentence explicitly mentions the introduction of a $100,000 fee for H-1B visas, which is directly related to the theme of 'Introduction of a high fee on H-1B visas'. It discusses the impact of this fee on companies and workers, making the connection clear.","Donald Trump is mentioned as having enacted the $100,000 fee for H-1B visas through an executive order, but the sentence does not quote something he explicitly said. Instead, it describes an action he took.",narrative
Sep 2025,2025-09-24,908C14361FB02EB8CA9F40E544358274,908C14361FB02EB8CA9F40E544358274-7,"Global South Must Unite For Fair Trade, Tech Collaboration, Says Jaishankar At UN Meet","Notably, the Trump administration last week also proposed a new $100,000 annual fee for H-1B visa applications, marking a big shift in US skilled worker immigration policy.
The new measure requires U.S. companies to pay $100,000 per year to sponsor each H-1B worker, a sharp increase from previous fees that typically ranged from $1,700 to $4,500.","The sentence discusses a proposed new fee for H-1B visa applications, which directly relates to the theme of a proposed tax impacting companies employing H-1B visa holders. The significant increase in fees indicates a financial burden on companies that hire H-1B workers.",A proposed tax impacting companies employing H-1B visa holders.,Donald Trump,,PEOP,related,"The sentence explicitly discusses a proposed new fee of $100,000 for H-1B visa applications, which directly relates to the theme of 'Introduction of a high fee on H-1B visas'. It highlights the significant increase in costs associated with sponsoring H-1B workers, making the connection clear.","Donald Trump is mentioned in the context of the Trump administration proposing a new fee, but the sentence does not quote anything that Donald Trump has explicitly said. It describes an action taken by his administration rather than a direct quote from him.",narrative
Sep 2025,2025-09-24,8D1BF12510930E3D7B6A160150048187,8D1BF12510930E3D7B6A160150048187-1,"The Long-Term Impact Of The $100,000 H1-B Fee? Higher IT Service Prices And More Offshore","On Friday, the Trump administration issued an executive order imposing a $100,000 fee on new H-1B visa applications. This directly impacts IT service providers' practice of bringing offshore IT talent on H-1B visas to serve US companies. They are not the only one impacted through. It also challenges the similar talent model followed by tech giants like Amazon, Google, Meta, Microsoft. Even the US university system, relies heavily on employees with H1-B visas. For IT service providers however, it directly impacts their operating models and with a potential impact on margins.","The sentence discusses the imposition of a fee on H-1B visa applications and its direct impact on IT service providers and tech companies, indicating how this new tax affects operational models and profit margins. This aligns with the theme of 'Tax increases operational costs for companies employing H-1B visa workers.'",Tax increases operational costs for companies employing H-1B visa workers.,Donald Trump,,PEOP,related,"The sentence explicitly mentions the introduction of a $100,000 fee on new H-1B visa applications, which is directly related to the theme of 'Introduction of a high fee on H-1B visas'. It discusses the implications of this fee on various sectors, including IT service providers and tech giants, reinforcing the connection to the theme.","Donald Trump is mentioned in the context of the Trump administration issuing an executive order, but the sentence does not quote anything that Donald Trump has explicitly said. It describes an action taken by the administration rather than a statement made by Trump himself.",narrative
Sep 2025,2025-09-24,8D1BF12510930E3D7B6A160150048187,8D1BF12510930E3D7B6A160150048187-3,"The Long-Term Impact Of The $100,000 H1-B Fee? Higher IT Service Prices And More Offshore","IT service delivery costs will go up. If providers were to maintain current visa-dependent staffing models, the $100K fee would significantly inflate costs. However, most will respond by sharply curtailing new H-1B petitions, effectively removing a key talent channel. This reduction in foreign talent supply, combined with the Trump administration's directive to the Department of Labor to raise prevailing wage thresholds, will drive up employee costs across the board. Buyers should expect a 2% to 3% increase in onsite billing rates in new contracts, as providers pass through higher labor costs and restructure delivery models.","The sentence discusses how increased costs from H-1B visa fees will lead to a reduction in new H-1B petitions, which directly relates to the theme of higher costs deterring companies from hiring H-1B visa candidates. It also touches on the impact of these costs on overall employee expenses and billing rates, aligning with the narrative of tax increasing operational costs for companies employing H-1B visa workers.",Higher costs may deter companies from hiring H-1B visa candidates.,Donald Trump,,PEOP,related,"The sentence discusses the impact of a $100K fee on H-1B visas, specifically how it will inflate costs for IT service delivery and lead to a reduction in new H-1B petitions. This directly relates to the theme of the introduction of a high fee on H-1B visas and its consequences.","Donald Trump is mentioned in relation to the administration's directive, but the sentence does not quote anything that he has explicitly said. It discusses actions taken by the Trump administration rather than direct quotes from him.",narrative
Sep 2025,2025-09-24,7B04D823223A046C2D2C5056EA92DDF2,7B04D823223A046C2D2C5056EA92DDF2-10,"Rattled by Trump's Chaotic H-1B Policy, US Firms Quietly Wait Out Changes","""There are a ton of folks like me that come in and create massive amounts of value and then become proud citizens,"" he told Bloomberg Television.
Some business leaders have come out in support of the proposed fee. Netflix Chairman Reed Hastings took to X on Sept. 21 to say he has ""worked on H-1B politics for 30 years. Trump's $100k per year tax is a great solution. It will mean H-1B is used just for very high value jobs, which will mean no lottery needed, and more certainty for those jobs.""","The sentence discusses a proposed fee related to H-1B visa holders and mentions the support from business leaders, specifically highlighting the potential impact of the tax on the use of H-1B visas for high-value jobs. This aligns with the theme of 'A proposed tax impacting companies employing H-1B visa holders.'",A proposed tax impacting companies employing H-1B visa holders.,Donald Trump,,PEOP,related,"The sentence discusses support for a proposed fee on H-1B visas, specifically mentioning a $100k per year tax and its implications for high-value jobs. This directly relates to the theme of 'Introduction of a high fee on H-1B visas'.","Donald Trump is mentioned in the context of a proposed fee, but the sentence does not quote something he has explicitly said. Instead, it references a statement made by Reed Hastings about Trump's proposal. Therefore, it does not meet the criteria for a direct quote from Donald Trump.",narrative
Sep 2025,2025-09-24,7A4E395B42D8B700C3F6781350A37440,7A4E395B42D8B700C3F6781350A37440-3,Trump's H-1B changes face legal scrutiny in California,"Also Read| H-1B visa fee hike may block 5,500 work permits monthly
What the $100,000 H-1B fee means
The Trump administration announced last week that certain applicants for the H-1B visa program, which allows US companies to hire skilled foreign workers, would now have to pay a $100,000 fee. The move is part of Trump's broader effort to overhaul the legal immigration system and is aimed at restricting the number of high-skilled foreign workers entering the US.","The sentence discusses a new fee imposed on H-1B visa applicants, which directly relates to the proposed tax impacting companies employing H-1B visa holders. It highlights the financial burden that this fee represents for companies looking to hire skilled foreign workers.",A proposed tax impacting companies employing H-1B visa holders.,Donald Trump,,PEOP,related,"The sentence explicitly discusses the introduction of a $100,000 fee for H-1B visa applicants, which directly relates to the theme of 'Introduction of a high fee on H-1B visas'.","Donald Trump is mentioned in relation to the actions taken by his administration regarding the H-1B visa fee, but the sentence does not quote anything that he has explicitly said.",narrative
Sep 2025,2025-09-24,656933FFB62C0265D49E550E34CE1AFE,656933FFB62C0265D49E550E34CE1AFE-3,Trump Immigration Rule Shifts H-1B Lottery To Favor Older Visa Holders,"The latest move follows a presidential proclamation that imposed a $100,000 fee on the entry of H-1B visa holders. During the Oval Office signing ceremony, staff assured Trump that U.S. companies favored the $100,000 fee. However, interviews with attorneys did not find major companies that communicated prior support for the policy. Instead, many companies scrambled to bring employees back to the United States so they would not be barred from the country or subject to the fee.","The sentence discusses a presidential proclamation imposing a fee on H-1B visa holders, which directly relates to the theme of a proposed tax impacting companies employing H-1B visa holders. It highlights the financial implications and the reactions of companies regarding this new fee, indicating how it affects their operations and decisions.",A proposed tax impacting companies employing H-1B visa holders.,Donald Trump,,PEOP,related,"The sentence discusses a $100,000 fee imposed on H-1B visa holders, which directly relates to the theme of 'Introduction of a high fee on H-1B visas'. It provides specific details about the fee and its implications for companies and employees, making the connection clear.","Donald Trump is mentioned in the context of a signing ceremony, but the sentence does not quote anything he explicitly said. It discusses actions taken and reactions from staff and companies, rather than direct quotes from Trump.",narrative
Sep 2025,2025-09-24,63AC4A37A544903A1529A5FA00065D9D,63AC4A37A544903A1529A5FA00065D9D-6,DHS Proposes New H-1B Visa Process Favoring High-Skilled Workers,"White House press secretary Karoline Leavitt said the six-figure fee would only apply to new visa applications, not to renewals or current visa holders.
""Those who already hold H-1B visas and are currently outside of the country right now will NOT be charged $100,000 to re-enter,"" Leavitt stated in a social media post.A White House fact sheet on the presidential proclamation states that U.S. companies are ""laying off their American technology workers and seemingly replacing them with H-1B workers.""","The sentence discusses the implications of a fee related to H-1B visa applications and mentions the replacement of American workers with H-1B workers, which aligns with the narrative about the impact of a proposed tax on companies employing H-1B visa holders and the potential prioritization of H-1B visa applicants over domestic candidates.",A proposed tax impacting companies employing H-1B visa holders.,Donald Trump,,PEOP,related,"The sentence discusses a high fee specifically related to new H-1B visa applications, which directly connects to the theme of 'Introduction of a high fee on H-1B visas'. It also mentions the implications for current visa holders, reinforcing the focus on the new fee structure.","Donald Trump is not quoted in this sentence; it primarily discusses statements made by White House press secretary Karoline Leavitt and a fact sheet, without any direct quotes from Donald Trump himself.",narrative
Sep 2025,2025-09-24,61F9E4DE7C83BF862324C257D361ACBF,61F9E4DE7C83BF862324C257D361ACBF-2,Billionaire Silicon Valley investor says US' H-1B visa policy could backfire: 'Engineers from Indian universities are...',"The policy, announced Friday through a presidential proclamation, imposes the steep fee on new H-1B visa applications starting September 21, representing a dramatic increase from current fees of $2,000 to $5,000. The administration also proposed overhauling the lottery system to prioritise higher-paid workers, with the Trump administration claiming the program has been ""deliberately exploited to replace, rather than supplement, American workers."" The announcement triggered panic across Silicon Valley over the weekend, with companies including Amazon, Microsoft, and Google advising H-1B employees to return to the US before the Sunday deadline.","The sentence discusses a new policy that imposes a steep fee on H-1B visa applications, which directly relates to the proposed tax impacting companies employing H-1B visa holders. The mention of increased fees and the implications for companies and employees highlights the financial burden and operational changes that may arise from this tax.",A proposed tax impacting companies employing H-1B visa holders.,Donald Trump,,PEOP,related,"The sentence clearly discusses the introduction of a high fee on new H-1B visa applications, detailing the increase from $2,000 to $5,000. It also mentions the implications of this policy on companies and employees, which directly relates to the theme.","Donald Trump is mentioned in relation to the administration's claims about the H-1B visa program, but the sentence does not quote something that he explicitly said. Instead, it describes actions taken by the administration and the implications of those actions. Therefore, it does not meet the criteria for a direct quote.",narrative
Sep 2025,2025-09-24,6150542BEC08FA4804D9A5C60D8DA25A,6150542BEC08FA4804D9A5C60D8DA25A-4,"After $100,000 H-1B visa fee, Donald Trump administration plans to scrap lottery process: How will it work?","The Trump administration said on Friday it would now have companies to pay $100,000 per year for H-1B visas. Tech giants including Amazon and Meta, spooked by the news, asked their H-1B employees to stay in the US and avoid international travel. It was later clarified that the new H-1B rule applies to new candidates.","The sentence discusses a new requirement for companies to pay $100,000 per year for H-1B visas, which directly relates to the proposed tax impacting companies employing H-1B visa holders. This new financial burden is likely to affect how companies manage their H-1B visa workforce.",A proposed tax impacting companies employing H-1B visa holders.,Donald Trump,,PEOP,related,"The sentence explicitly mentions a new fee of $100,000 for H-1B visas, which directly relates to the theme of 'Introduction of a high fee on H-1B visas'. It also discusses the implications of this fee on companies and employees, reinforcing the connection to the theme.","Donald Trump is mentioned as part of the Trump administration's actions regarding H-1B visa fees, but the sentence does not quote anything that he explicitly said. It describes an action taken by the administration rather than a direct quote from Donald Trump himself.",narrative
Sep 2025,2025-09-24,60AC85D1EE97546CE814E64E23913A22,60AC85D1EE97546CE814E64E23913A22-1,Explained: Why ending OPT matters more than rising H-1B fee for US tech workers,"The Trump administration introduced a $100,000 fee for new H-1B visa applicants, aiming to reduce foreign tech workers. Critics argue this doesn't address the Optional Practical Training (OPT) program, which allows international students to work post-graduation and increases job competition. The fee primarily affects outsourcing firms and new foreign workers, while large tech companies remain largely unaffected. The Trump administration has introduced a $100,000 fee for new H-1B visa applicants. The government says the move is meant to reduce the number of foreign tech workers entering the US Critics argue that the policy does not tackle the main issue: the Optional Practical Training (OPT) program. OPT allows international students to work in the US after graduation.","The sentence discusses a proposed fee for new H-1B visa applicants, which directly relates to the theme of a proposed tax impacting companies employing H-1B visa holders. It highlights the intention behind the fee and its implications for foreign tech workers, aligning with the narrative of how such a tax could affect hiring practices and the employment landscape.",A proposed tax impacting companies employing H-1B visa holders.,Donald Trump,,PEOP,related,"The sentence explicitly mentions the introduction of a $100,000 fee for new H-1B visa applicants by the Trump administration, which directly relates to the theme of 'Introduction of a high fee on H-1B visas'. It discusses the implications of this fee and its intended purpose, making the connection clear.","Donald Trump is mentioned in the context of the administration's actions, but the sentence does not quote anything that he has explicitly said. It describes actions taken by the Trump administration rather than direct quotes from Donald Trump himself.",narrative
Sep 2025,2025-09-24,53BF967FE30F3516E318D26369D835B2,53BF967FE30F3516E318D26369D835B2-2,How Trump's H-1B toll could ricochet into college costs,"Fewer international students means fewer subsidies. And fewer subsidies mean higher costs for everyone else.
On Sept. 21, the Trump administration rolled out the six-figure fee via presidential proclamation , with immediate effect for new H-1B entrants applying from abroad. The rule doesn't apply to visa renewals, and current H-1B holders can travel without owing the fee, but the signal to employers is hard to miss: Sponsorship just got expensive.","The sentence discusses the introduction of a new fee for H-1B visa applicants, indicating that this will increase costs for employers who sponsor these workers. This aligns with the theme of 'Tax increases operational costs for companies employing H-1B visa workers.'",Tax increases operational costs for companies employing H-1B visa workers.,Donald Trump,,PEOP,related,"The sentence explicitly discusses the introduction of a high fee for new H-1B entrants, detailing its immediate effect and implications for employers. This directly relates to the theme of 'Introduction of a high fee on H-1B visas'.","Donald Trump is mentioned in relation to the action of rolling out a fee via presidential proclamation, but the sentence does not quote something he explicitly said. Therefore, it does not meet the criteria for a quote.",narrative
Sep 2025,2025-09-24,68E0C2736E5BFE79251F8B2418ED1DF4,68E0C2736E5BFE79251F8B2418ED1DF4-1,"$100,000 visa fee: Blessing in disguise for laid off H-1B tech workers? 'Highly attractive & cost efficient option'","A recent hike in H-1B visa fees, reaching $100,000 for new applicants, may paradoxically benefit laid-off tech workers. This increase could incentivize companies to hire H-1B holders already in the U.S., offering a cost-effective alternative to sponsoring new visas. Donald Trump's H-1B visa fee hike may turn out to be a blessing in disguise for techies who have recently been laid off by firms like Oracle, Intel, Microsoft, and AWS. The recent H-1B visa fee hike to $100,000 for new applicants could encourage employers to consider recruiting H-1B holders who have recently been laid off. Since the start of 2025, 533 rounds of layoffs at technology firms have affected 144,926 individuals, according to data from monitoring platform Trueup reported by ET.","The sentence discusses how the recent increase in H-1B visa fees may lead companies to hire H-1B visa holders already in the U.S. instead of sponsoring new applicants, which relates to the theme of companies altering recruitment strategies to minimize H-1B visa reliance.",Companies may alter recruitment strategies to minimize H-1B visa reliance.,Donald Trump,,PEOP,related,"The sentence discusses a recent increase in H-1B visa fees, specifically mentioning the fee reaching $100,000 for new applicants. It also explores the implications of this fee hike on hiring practices, particularly how it may benefit laid-off tech workers. This directly relates to the theme of 'Introduction of a high fee on H-1B visas'.","Donald Trump is mentioned in relation to the H-1B visa fee hike, but the sentence does not provide a direct quote of something he has said. Instead, it refers to his action regarding the fee hike. Therefore, it does not meet the criteria for a quote.",narrative
Sep 2025,2025-09-24,762808D6651482C11A21B94D1C5DC476,762808D6651482C11A21B94D1C5DC476-7,H-1B visa fee surge shuts door on Korean students' US job hopes,"""Current H-1B holders may face demands for $100,000 when applying for extensions after three years,"" Kim said. ""Some companies will simply refuse and tell employees to go back.""
The new Trump Gold Card, a visa program to be overseen by the Secretary of Commerce that will ""facilitate the entry of aliens who have demonstrated their ability and desire to advance the interests of the United States by voluntarily providing a significant financial gift to the nation"" is displayed in the Oval Office of the White House in Washington, Friday.","The sentence discusses the challenges faced by current H-1B holders regarding financial demands for visa extensions, which may lead companies to refuse to support these employees. This aligns with the theme of how a proposed tax or financial burden may hinder recruitment and retention of skilled H-1B visa workers.",New tax may hinder recruitment of skilled H-1B visa workers.,Donald Trump,,PEOP,related,"The sentence discusses the financial demands placed on current H-1B holders when applying for extensions, which relates to the theme of high fees associated with H-1B visas. It indicates that these demands could lead to companies refusing to sponsor extensions, directly connecting to the implications of high fees on H-1B visa holders.","Donald Trump is mentioned in the context of a new visa program, but the sentence does not quote anything he has explicitly said. Instead, it describes a program associated with him without direct quotes.",narrative
Sep 2025,2025-09-24,68E0C2736E5BFE79251F8B2418ED1DF4,68E0C2736E5BFE79251F8B2418ED1DF4-6,"$100,000 visa fee: Blessing in disguise for laid off H-1B tech workers? 'Highly attractive & cost efficient option'","Major US corporations including Amazon, Meta, and Google are anticipated to benefit primarily from the H-1B visa modifications, as they possess the financial capacity to accommodate increased fees for skilled professionals, according to immigration specialists. The $100,000 fee corresponds to the annual compensation of a standard employee recruited through this programme, they indicated."" The impact on companies remains uncertain at this stage,"" remarked Debarghya Das, partner at US-based Menlo Ventures. ""The expectation is that IT services organisations and employers offering lower wages will bear the brunt, accounting for approximately 40-60% of all H-1B applications."" Also Read | Trump's H-1B visa fee hike to backfire?","The sentence discusses how major corporations like Amazon, Meta, and Google are expected to benefit from H-1B visa modifications due to their financial capacity to handle increased fees, while also indicating that lower-wage employers will be more adversely affected. This relates to the theme of how the tax may impact companies employing H-1B visa workers, particularly in terms of operational costs and recruitment strategies.",A proposed tax impacting companies employing H-1B visa holders.,Donald Trump,,PEOP,related,"The sentence discusses the anticipated impact of a high fee on H-1B visas, specifically mentioning a $100,000 fee and how it affects major corporations and lower-wage employers. This directly relates to the theme of the introduction of a high fee on H-1B visas.","Donald Trump is not quoted in this sentence; it discusses the implications of H-1B visa modifications and includes remarks from immigration specialists and a partner at Menlo Ventures, but does not include any direct statements from Donald Trump.",narrative
Sep 2025,2025-09-24,6A76282C671D24ED9A15F7CA56A62ED1,6A76282C671D24ED9A15F7CA56A62ED1-18,Trump's H-1B plan is a bad solution to a real problem,"Nevertheless, Trump's fee entails far greater costs than benefits.
On the latter front, the White House's policy won't necessarily safeguard the jobs and wages of native-born IT specialists. Companies can often replace their American tech support staff with remote workers abroad. And as the Economist notes, top outsourcing companies responded to the last crackdown on their H-1B access by shifting their hiring towards India. Meanwhile, AI is enabling the rapid automation of many IT functions.","The sentence discusses the potential negative impact of a policy on native-born IT specialists, suggesting that companies may replace American workers with remote workers, which aligns with the theme of companies prioritizing domestic candidates over H-1B visa applicants. It also touches on the shift in hiring practices towards international workers, which relates to the broader implications of H-1B visa policies.",Companies may prioritize domestic candidates over H-1B visa applicants.,Donald Trump,,PEOP,related,"The sentence discusses the implications of Trump's fee on H-1B visas, indicating that it may lead to greater costs without necessarily protecting jobs for native-born IT specialists. It also mentions the shift in hiring practices in response to H-1B access changes, which relates to the broader context of the introduction of high fees on H-1B visas. Therefore, it is connected to the theme.","Donald Trump is mentioned in relation to a fee, but the sentence does not quote anything he has explicitly said. It discusses the implications of his policy rather than his words.",narrative
Sep 2025,2025-09-24,784622E575B8C5E3FB97A10F8A91100B,784622E575B8C5E3FB97A10F8A91100B-1,Financial firms to feel big impact from US visa overhaul,"The Trump administration's overhaul of the H-1B system could have an outsized impact on the finance industry in the US, which could face hiring challenges following the imposition of the new $100,000 fee.","The sentence discusses the potential hiring challenges in the finance industry due to the imposition of a new fee related to the H-1B system, which aligns with the theme of how a new tax may hinder recruitment of skilled H-1B visa workers.",New tax may hinder recruitment of skilled H-1B visa workers.,Donald Trump,,PEOP,related,"The sentence discusses the imposition of a new $100,000 fee related to the H-1B visa system, which directly connects to the theme of 'Introduction of a high fee on H-1B visas'.","Donald Trump is mentioned in relation to the actions of the Trump administration, but the sentence does not quote anything that Donald Trump has explicitly said. It discusses the administration's actions rather than direct quotes from him.",narrative
Sep 2025,2025-09-24,6A76282C671D24ED9A15F7CA56A62ED1,6A76282C671D24ED9A15F7CA56A62ED1-4,Trump's H-1B plan is a bad solution to a real problem,"Yet some companies have used the program to essentially replace US workers with immigrants - less because the latter boast exceptional skills than because they have lower wage expectations.
Trump's $100,000 fee is ostensibly meant to fix this problem. In theory, employers won't pay that hefty charge to hire a garden-variety foreign coder over an American one. Rather, a company would only be willing to foot that bill for extraordinary foreign talent.","The sentence discusses how companies may prioritize hiring foreign workers over domestic ones due to lower wage expectations, which aligns with the theme of companies potentially prioritizing domestic candidates over H-1B visa applicants. It also touches on the financial implications of hiring foreign talent versus domestic talent, which relates to the broader narrative of the proposed tax impacting companies employing H-1B visa holders.",Companies may prioritize domestic candidates over H-1B visa applicants.,Donald Trump,,PEOP,related,"The sentence discusses Trump's proposed $100,000 fee on H-1B visas and its intended purpose to discourage companies from hiring foreign workers over American workers unless they possess exceptional skills. This directly relates to the theme of introducing a high fee on H-1B visas.","Donald Trump is mentioned in relation to a fee he has set, but the sentence does not quote something he has explicitly said. It discusses the implications of his fee rather than providing a direct quote.",narrative
Sep 2025,2025-09-25,AD3AA7579F5F65691D8237F5F7891FD5,AD3AA7579F5F65691D8237F5F7891FD5-1,"As US Shuts H-1B Gates, Germany, Canada & UK Woo Indian Talent Amid Tighter Global Immigration","As the Donald Trump administration hikes H-1B visa fees and tightens rules, Germany, China, and the UK compete to attract top Indian science and tech talent.
Other nations, including Germany, China, and many others, are scrambling to lure the top talent of India in science and technology fields as the Donald Trump-led United States has begun clamping down H-1B visa as an attempt to dissuade immigration to the United States, particularly from India and China.","The sentence discusses how the actions of the Trump administration regarding H-1B visa fees and rules are leading to increased competition from other countries to attract skilled talent, particularly from India. This aligns with the theme of 'Competitors may attract H-1B visa talent by offering better conditions.'",Competitors may attract H-1B visa talent by offering better conditions.,Donald Trump,,PEOP,related,"The sentence explicitly mentions the increase in H-1B visa fees by the Trump administration, which directly relates to the theme of 'Introduction of a high fee on H-1B visas'. It also discusses the implications of this action on global competition for talent, reinforcing the connection to the theme.","Donald Trump is mentioned in the context of the administration's actions regarding H-1B visa fees and rules, but the sentence does not quote anything that he has explicitly said. It describes actions taken by his administration rather than direct quotes from him.",narrative
Sep 2025,2025-09-25,B431D28EDEDB9CE6451988337E7161D9,B431D28EDEDB9CE6451988337E7161D9-2,"Former Indian Diplomat Syed Akbaruddin criticizes Trump's H-1B visa reforms, calls it a tax on trust","In an interview with ANI, Akbaruddin likened US President Trump's recent proclamation of imposing a USD 100,000 fee hike on the H-1B visa to a barrier on a ""bridge of talent"", arguing that taxing skilled migration harms both nations and could drive opportunities elsewhere.","The sentence discusses a proposed fee hike on the H-1B visa, which directly relates to the theme of a proposed tax impacting companies employing H-1B visa holders. It highlights the negative implications of such a tax on skilled migration and opportunities, aligning with the narrative of how taxation affects the employment landscape for H-1B visa workers.",A proposed tax impacting companies employing H-1B visa holders.,Donald Trump,,PEOP,related,"The sentence directly discusses a USD 100,000 fee hike on the H-1B visa, which is clearly related to the theme of 'Introduction of a high fee on H-1B visas'. It also reflects on the implications of such a fee on skilled migration, reinforcing the connection to the topic.","Donald Trump is mentioned in the context of a proclamation regarding a fee hike on the H-1B visa, but the sentence does not quote him directly. Instead, it describes Akbaruddin's interpretation of Trump's actions. Therefore, it does not strictly quote something that Donald Trump has said.",narrative
Sep 2025,2025-09-25,D3F9A7C2CA96E0C469DB6A8C1446A1ED,D3F9A7C2CA96E0C469DB6A8C1446A1ED-4,"A Look at National Interest Exceptions and the $100,000 H-1B Fee","The Trump Administration on Sept. 19, 2025, released a presidential proclamation that imposes a $100,000 supplemental fee on new H-1B petitions (and restricts H-1B admission into the U.S. unless the fee is paid) and will substantially raise the marginal cost of hiring international medical graduates/physicians (IMGs). That cost could potentially 1) price many healthcare employers out of the IMG labor market, 2) slow recruitment of IMGs who disproportionately staff primary care and medically underserved areas (MUA) and 3) disrupt established immigration pathways (e.g., J-1 -> Conrad 30/IGA -> H-1B) that retain physicians in designated shortage communities.","The sentence discusses a new fee imposed on H-1B petitions that will increase the costs associated with hiring international medical graduates, which aligns with the theme of how a proposed tax impacts companies employing H-1B visa holders. It also highlights the potential consequences of this fee on recruitment and the healthcare labor market, which connects to the broader implications of the tax on hiring practices.",A proposed tax impacting companies employing H-1B visa holders.,Donald Trump,,PEOP,related,"The sentence explicitly discusses the introduction of a $100,000 supplemental fee on new H-1B petitions, which directly relates to the theme of 'Introduction of a high fee on H-1B visas'. It also outlines the implications of this fee on hiring international medical graduates, further reinforcing its relevance to the topic.","Donald Trump is not quoted in this sentence; instead, it describes an action taken by the Trump Administration regarding H-1B visa fees. The sentence focuses on what has been done rather than what Donald Trump has explicitly said.",narrative
Sep 2025,2025-09-25,D8DDA47F0141CCDA0E1836BA43FD98A4,D8DDA47F0141CCDA0E1836BA43FD98A4-6,How to get a $1m American gold card - or pay $5m for huge tax perks,"Trump has separately imposed a $100,000 fee on new H-1B applications, which allow companies to hire skilled foreign workers in industries such as technology and engineering. Costs had previously ranged from $2,000 to $5,000 per application.","The sentence discusses a new fee imposed on H-1B applications, which directly relates to the theme of a proposed tax impacting companies employing H-1B visa holders. It highlights the increased financial burden on companies seeking to hire skilled foreign workers, aligning with the narrative of operational costs associated with H-1B visa employment.",A proposed tax impacting companies employing H-1B visa holders.,Donald Trump,,PEOP,related,"The sentence explicitly states that Trump has imposed a $100,000 fee on new H-1B applications, which directly relates to the theme of 'Introduction of a high fee on H-1B visas'.","Donald Trump has done something by imposing a fee on H-1B applications, but the sentence does not quote anything he has explicitly said.",narrative
Sep 2025,2025-09-25,D9353BBC56497DA15BEDD4CF13A7D0D5,D9353BBC56497DA15BEDD4CF13A7D0D5-1,H-1B Visa Fee Hike and Wage-Based Selection: Indian IT Firms Face New Challenges,"Nifty Down 1.4% in Four Sessions; H-1B Wage-Based Selection Proposal Adds Pressure on IT SectorWritten By:Reviewed By:
The Trump administration's major increase in H-1B visa fees and proposal to replace the lottery with wage-based selection have rattled the Indian IT stocks. These measures of restricting foreign labor expenses and prioritizing higher-paying jobs will impact the hiring environment for Indian outsourcing companies that rely on the H-1B program.","The sentence discusses the impact of proposed changes to the H-1B visa program, specifically the increase in fees and the shift to wage-based selection, which directly relates to the proposed tax impacting companies employing H-1B visa holders. It highlights how these changes will affect hiring practices in the IT sector, particularly for companies that depend on H-1B workers.",A proposed tax impacting companies employing H-1B visa holders.,Donald Trump,,PEOP,related,"The sentence discusses the Trump administration's increase in H-1B visa fees, which directly relates to the theme of 'Introduction of a high fee on H-1B visas'. It also mentions the impact of this increase on the IT sector, reinforcing the connection to the theme.","Donald Trump is mentioned in relation to the actions taken by his administration regarding H-1B visa fees and selection proposals, but the sentence does not quote anything he explicitly said.",narrative
Sep 2025,2025-09-25,CF347CCA139E2C6610981E17598AC559,CF347CCA139E2C6610981E17598AC559-1,"Rattled by Trump's chaotic H-1B policy, US firms quietly wait out changes","By Georgia Hall and Max Rivera
The Trump administration's steep new visa fees for highly specialized H-1B work visas have rattled US businesses, but most big companies are staying quiet as they wait to see how the policy plays out.","The sentence discusses the new visa fees imposed by the Trump administration on H-1B work visas, indicating a direct impact on US businesses. This aligns with the theme of 'A proposed tax impacting companies employing H-1B visa holders.'",A proposed tax impacting companies employing H-1B visa holders.,Donald Trump,,PEOP,related,"The sentence discusses the introduction of steep new visa fees for H-1B work visas, which directly relates to the theme of 'Introduction of a high fee on H-1B visas'. It highlights the impact of these fees on US businesses, making the connection clear.","Donald Trump is mentioned in relation to the administration's actions, but the sentence does not quote anything that he has explicitly said.",narrative
Sep 2025,2025-09-25,8970A4A04DCE75794720C8A2598CA52E,8970A4A04DCE75794720C8A2598CA52E-5,"'Puts USA at risk': OPT visas, an Indian favourite, may be next in Trump's crackdown after H-1B","If implemented, this would cut off a critical pathway to U.S. employment for graduates, particularly in STEM fields where Indian students dominate.
The timing is brutal. The Trump administration just triggered outrage by hiking the H-1B visa application fee to $100,000 - a move the White House dubbed ""one-time"" but which analysts say will price out thousands of early-career tech workers, many of them Indian.","The sentence discusses the impact of a proposed tax (or fee increase) on H-1B visa applications, specifically highlighting how it would hinder employment opportunities for graduates in STEM fields, particularly affecting Indian students. This aligns with the theme of a proposed tax impacting companies employing H-1B visa holders.",A proposed tax impacting companies employing H-1B visa holders.,Donald Trump,,PEOP,related,"The sentence discusses the impact of a high fee on H-1B visas, specifically mentioning a fee increase to $100,000 and its consequences for employment opportunities for graduates, particularly in STEM fields. This directly relates to the theme of 'Introduction of a high fee on H-1B visas'.","Donald Trump is mentioned in relation to the actions taken by the Trump administration regarding the H-1B visa application fee. However, the sentence does not quote something that Donald Trump explicitly said; it describes a move made by his administration. Therefore, it does not meet the criteria for a direct quote.",narrative
Sep 2025,2025-09-25,9E509E1B7B790307243B51FADD2FD069,9E509E1B7B790307243B51FADD2FD069-1,Financial firms to feel outsized impact from US visa overhaul,"New fees may push banks to hire offshore workers, says analyst
Donald Trump administration's overhaul of the H-1B system could have an outsized impact on the US finance industry, which could face hiring challenges following the imposition of the new $100,000 (R1.7m) fee...","The sentence discusses how new fees related to the H-1B system may lead banks to hire offshore workers, indicating a shift in recruitment strategies due to increased costs. This aligns with the theme of companies altering their recruitment strategies to minimize reliance on H-1B visa workers.",Companies may alter recruitment strategies to minimize H-1B visa reliance.,Donald Trump,,PEOP,related,"The sentence discusses the potential impact of new fees on the H-1B visa system, specifically mentioning a $100,000 fee and its implications for hiring in the finance industry. This directly relates to the theme of 'Introduction of a high fee on H-1B visas'.","Donald Trump is mentioned in relation to the administration's actions, but the sentence does not quote anything that he has explicitly said. It discusses the implications of the administration's policies rather than providing a direct quote from Donald Trump.",narrative
Sep 2025,2025-09-25,77363F45E6A5D067CBA75FDC1AC834B5,77363F45E6A5D067CBA75FDC1AC834B5-2,"""If Tariffs Are Tax On Goods, Toll On H-1B Is Tax On Trust"": Ex Indian Envoy","In an interview with ANI, Syed Akbaruddin likened US President Trump's recent proclamation of imposing a USD 100,000 fee hike on the H-1B visa to a barrier on a ""bridge of talent"", arguing that taxing skilled migration harms both nations and could drive opportunities elsewhere.","The sentence discusses the implications of a fee hike on the H-1B visa, suggesting that it acts as a barrier to skilled migration, which aligns with the theme of a proposed tax impacting companies employing H-1B visa holders. It highlights the negative consequences of such a tax on talent mobility and opportunities.",A proposed tax impacting companies employing H-1B visa holders.,Donald Trump,,PEOP,related,"The sentence directly discusses a USD 100,000 fee hike on the H-1B visa, which is clearly related to the theme of 'Introduction of a high fee on H-1B visas'. It also provides a perspective on the implications of such a fee, reinforcing its relevance to the topic.","Donald Trump is mentioned in the context of a proclamation regarding a fee hike on the H-1B visa, but the sentence does not quote something that he explicitly said. Instead, it describes what Syed Akbaruddin said about Trump's actions. Therefore, it does not meet the criteria for a direct quote from Donald Trump.",narrative
Sep 2025,2025-09-25,E0F8B9A8C65AD3DB35DFF3D7EB87CE9A,E0F8B9A8C65AD3DB35DFF3D7EB87CE9A-13,"'There's no way we can afford $100,000': Small firms scramble over H-1B visa fees","In his executive order, Trump justified the new fee by referring to
"" of the H-1B programme, a nod to longstanding concern across the political spectrum that companies have used the programme to hire foreign staff at lower wages.","The sentence discusses a new fee related to the H-1B program and mentions concerns about companies hiring foreign staff at lower wages, which aligns with the theme of a proposed tax impacting companies employing H-1B visa holders.",A proposed tax impacting companies employing H-1B visa holders.,Donald Trump,,PEOP,related,"The sentence discusses an executive order by Trump that introduces a new fee related to the H-1B program, which directly connects to the theme of 'Introduction of a high fee on H-1B visas'.","Donald Trump is mentioned in relation to an executive order, but the sentence does not quote something he explicitly said. Instead, it describes his justification for the fee without providing a direct quote.",narrative
Sep 2025,2025-09-25,7C0065CA956F938EB27F38B3FA3BB5BE,7C0065CA956F938EB27F38B3FA3BB5BE-1,"H-1B Fees Soar, India's Tech Talent Finds New Homes in Europe and Canada","Indian tech professionals are reeling from the US's recent H-1B visa fee increase, now set at $100,000, prompting many to seek opportunities abroad. Countries like Germany, Canada, and the UK are positioning themselves as favourable alternatives. New Delhi: Indian technology professionals are facing a sudden jolt as US President Donald Trump's steep hike in H-1B visa fees to $100,000 shocks the market. But while the move has left many Indian techies unsettled, countries like Germany, the UK, and Canada are quickly positioning themselves as attractive alternatives for skilled talent. The fee increase is forcing organisations to rethink immigration strategies, explore alternative visa options, and scout for more predictable pathways abroad.","The sentence discusses the impact of the H-1B visa fee increase on Indian tech professionals, highlighting how it prompts them to seek opportunities in other countries. This aligns with the theme of companies needing to rethink global strategies to attract H-1B visa talent, as organizations are forced to explore alternative visa options and immigration strategies due to the increased costs.",Companies may need to rethink global strategies to attract H-1B visa talent.,Donald Trump,,PEOP,related,"The sentence explicitly discusses the increase in H-1B visa fees to $100,000 and its impact on Indian tech professionals, making it directly related to the theme of 'Introduction of a high fee on H-1B visas'.","Donald Trump is mentioned in relation to the steep hike in H-1B visa fees, but the sentence does not quote anything he explicitly said. It describes an action he took regarding the fee increase.",narrative
Sep 2025,2025-09-25,A4FAE46C025D299B428CA022905E6085,A4FAE46C025D299B428CA022905E6085-1,Trump's $100K H-1B Fee Puts A Bigger Target On South Asian Workers,"The Trump administration recently announced that a one-time $100,000 fee would now be incurred for H-1B visa applications. The H-1B visa program was created to bring highly skilled foreign workers with ""specialty occupations"" into the United States. Under the new proclamation, H-1B workers cannot enter the U.S. unless they've made the $100,000 payment. According to Quartz, tech behemoths like Google, Apple, Meta, and Microsoft are among the companies with the most H-1B visa holders. For these tech giants, $100,000 is a drop in the bucket but for smaller companies and start-ups, this new requirement could have a detrimental effect on the ability to acquire the most skilled workers, and thus could impact the competitiveness, viability and sustainability of many American companies.",The sentence discusses the introduction of a significant fee for H-1B visa applications and its potential impact on smaller companies' ability to hire skilled workers. This aligns with the theme of how a proposed tax (or fee) may hinder recruitment of skilled H-1B visa workers and affect companies' competitiveness.,New tax may hinder recruitment of skilled H-1B visa workers.,Donald Trump,,PEOP,related,"The sentence explicitly discusses the introduction of a one-time $100,000 fee for H-1B visa applications, which directly relates to the theme of 'Introduction of a high fee on H-1B visas'. It also elaborates on the implications of this fee for different companies, reinforcing the connection to the theme.","Donald Trump is mentioned in the context of the administration's announcement regarding the H-1B visa fee, but the sentence does not quote anything that he has explicitly said. It describes an action taken by the Trump administration rather than a direct quote from Donald Trump himself.",narrative
Sep 2025,2025-09-25,8FAF8C5992E2B3E35638A93983DE0645,8FAF8C5992E2B3E35638A93983DE0645-1,| New H-1B visa fees spur offshoring talk in Silicon Valley,THE Trump administration's hefty new visa fees for H-1B workers have prompted high-level talks inside companies in Silicon Valley and beyond on the possibility of moving more jobs overseas - precisely the outcome the policy was meant to stop.,"The sentence discusses how the new visa fees for H-1B workers are leading companies to consider moving jobs overseas, which directly relates to the theme of how tax influences decisions to onshore or offshore roles typically filled by H-1B visa workers.",Tax may influence decisions to onshore or offshore roles typically filled by H-1B visa workers.,Donald Trump,,PEOP,related,The sentence discusses the new visa fees for H-1B workers introduced by the Trump administration and its impact on companies considering moving jobs overseas. This directly relates to the theme of 'Introduction of a high fee on H-1B visas'.,"Donald Trump is mentioned in relation to the actions of the Trump administration regarding visa fees, but the sentence does not quote anything that Donald Trump has explicitly said. It discusses the implications of the policy rather than a direct statement from him.",narrative
Sep 2025,2025-09-25,970937163E58EE63E0911BF687E699E8,970937163E58EE63E0911BF687E699E8-8,US Chamber tests members' will to fight Trump on H-1B visas fee hike,"The policy changes would hit technology companies the hardest because they dominate the H-1B program. Amazon is the heaviest H-1B visa user, hiring 10,044 employees with H-1B visas between 2009 and June 2025, according to US Citizenship and Immigration Services. Microsoft Corp. employed 5,189 H-1B visa holders during the same time period, and Meta hired 5,123, according to the data.
The US Chamber faces a number of unknowns as it crafts a strategy to push back against the Trump administration's new policies. It's still unclear exactly how the system will work - the White House hasn't clarified which agency will be in charge of processing the $100,000 fee.","The sentence discusses how policy changes will impact technology companies that heavily utilize the H-1B program, specifically mentioning the significant number of H-1B visa holders employed by major companies like Amazon, Microsoft, and Meta. This aligns with the theme of a proposed tax impacting companies employing H-1B visa holders, as it highlights the direct effect on these companies due to their reliance on H-1B workers.",A proposed tax impacting companies employing H-1B visa holders.,Donald Trump,,PEOP,related,"The sentence discusses the impact of policy changes on technology companies that utilize H-1B visas, specifically mentioning a high fee of $100,000. This directly relates to the theme of the introduction of a high fee on H-1B visas, as it highlights the financial implications of the new policies.","Donald Trump is mentioned in relation to the administration's new policies, but the sentence does not quote anything that he has explicitly said. It discusses the impact of policies and the uncertainty surrounding them without providing a direct quote from Donald Trump.",narrative
Sep 2025,2025-09-25,E0F8B9A8C65AD3DB35DFF3D7EB87CE9A,E0F8B9A8C65AD3DB35DFF3D7EB87CE9A-1,"'There's no way we can afford $100,000': Small firms scramble over H-1B visa fees","When US President Donald Trump signed an executive order last Friday to add a $100,000 (£74,000) fee for applications for H-1B visas, a programme for skilled foreign workers, Abhishek Singh immediately worried he would have to relocate.","The sentence discusses the introduction of a new fee for H-1B visa applications, which directly relates to the proposed tax impacting companies employing H-1B visa holders. The concern expressed by Abhishek Singh about having to relocate indicates the potential personal impact of this tax on individuals involved in the H-1B visa program.",A proposed tax impacting companies employing H-1B visa holders.,Donald Trump,,PEOP,related,"The sentence directly mentions the introduction of a $100,000 fee for H-1B visa applications, which is the central theme of the article. It highlights the impact of this fee on individuals and small firms, establishing a clear connection to the theme.","Donald Trump signed an executive order regarding H-1B visa fees, which indicates an action he took rather than something he explicitly said.",narrative
Sep 2025,2025-09-25,FE32E82F3F6194C1D4AB063C69B404E7,FE32E82F3F6194C1D4AB063C69B404E7-8,"Tech layoffs: Microsoft, Salesforce, Oracle and Intel among companies that have cut jobs in 2025","Donald Trump announces H-1B visa fee hike
Meanwhile, US President Donald Trump signed a new executive order that significantly increases the fees for H-1B visas, a move that can shake up hirings in the tech industry. The fee for new H-1B visas has been hiked by to $100,000, a measure aimed at discouraging major tech companies like Amazon, Apple, Microsoft, and Meta from hiring foreign workers. For Indian IT professionals, who have long relied on H-1B sponsorships for US jobs, this new policy presents a dual crisis: fewer available positions and substantially higher barriers to entry. According to the new order, the increased fees and rules will not apply to current H-1B visa holders or those seeking to renew their visas; they will only impact future applicants.","The sentence discusses the significant increase in fees for H-1B visas, which directly relates to the proposed tax impacting companies employing H-1B visa holders. This fee hike is likely to affect hiring practices in the tech industry, aligning with the narrative of how such a tax can influence recruitment and operational costs for companies.",A proposed tax impacting companies employing H-1B visa holders.,Donald Trump,,PEOP,related,"The sentence explicitly discusses the announcement of a significant increase in fees for H-1B visas, detailing the implications of this fee hike on hiring practices in the tech industry and its impact on foreign workers, particularly Indian IT professionals. This directly relates to the theme of 'Introduction of a high fee on H-1B visas'.","Donald Trump is mentioned in the context of signing an executive order, which indicates an action he has taken rather than something he has explicitly said. Therefore, the sentence does not contain a direct quote from Donald Trump.",narrative
Sep 2025,2025-09-25,E50DD39B49E41F7DE52725FB17C880AA,E50DD39B49E41F7DE52725FB17C880AA-2,UK looks to lure talent caught by Trump's visa bombshell,"Plans to reduce or abolish ""top global talent"" visa fees, along with a targeted advertising campaign to promote Britain's existing talent routes, are on the table as the Labour government moves to capitalize on the U.S. president's bombshell plan to impose a $100,000 fee on the H-1B visa favored by Silicon Valley tech firms to hire foreign engineers and researchers.","The sentence discusses plans to reduce or abolish visa fees in response to a proposed tax on H-1B visas, indicating a direct connection to the theme of a proposed tax impacting companies employing H-1B visa holders.",A proposed tax impacting companies employing H-1B visa holders.,Donald Trump,,PEOP,related,"The sentence discusses the U.S. president's plan to impose a $100,000 fee on the H-1B visa, which is directly related to the theme of 'Introduction of a high fee on H-1B visas'. It also mentions the UK's response to this situation, indicating a clear connection to the topic.","Donald Trump is mentioned in the context of a plan he has proposed regarding H-1B visa fees, but the sentence does not quote anything he has explicitly said. It discusses actions and plans related to his proposal rather than direct quotes from him.",narrative
Sep 2025,2025-09-25,E86DFF69F540334A16B7B99E48DB91B5,E86DFF69F540334A16B7B99E48DB91B5-7,"'There's no way we can afford $100,000': Small firms scramble over H-1B visa fees","""What the Trump administration's plan doesn't seem to acknowledge is that not every company can spend $100,000 on a visa,"" he added.
Beyond the technology industry, organisations in industries such as education and healthcare, both of which employ foreign skilled workers through the H-1B programme, are also grappling with what the six-figure fee might mean.","The sentence discusses the financial burden that the proposed visa fee may impose on various industries, including education and healthcare, which rely on H-1B visa workers. This aligns with the theme of 'Tax increases operational costs for companies employing H-1B visa workers.'",Tax increases operational costs for companies employing H-1B visa workers.,Donald Trump,,PEOP,related,"The sentence discusses the financial burden of a high fee on H-1B visas, specifically mentioning the $100,000 fee and its impact on various industries that employ foreign skilled workers. This directly relates to the theme of the introduction of a high fee on H-1B visas.","Donald Trump is not directly quoted in the sentence; it discusses the implications of the Trump administration's plan without quoting his words. Therefore, it does not meet the criteria for a quote.",narrative
Sep 2025,2025-09-25,FCD4AA872AFF15DE1C9C306CC4C56FEF,FCD4AA872AFF15DE1C9C306CC4C56FEF-1,"Rattled by Trump's chaotic H-1B policy, US firms quietly wait out changes","The Trump administration's steep new visa fees for highly specialized H-1B work visas have rattled US businesses, but most big companies are staying quiet as they wait to see how the policy plays out.","The sentence discusses the impact of new visa fees on US businesses, indicating a potential concern for companies employing H-1B visa holders. This aligns with the theme of a proposed tax impacting companies employing H-1B visa holders.",A proposed tax impacting companies employing H-1B visa holders.,Donald Trump,,PEOP,related,"The sentence discusses the introduction of steep new visa fees for H-1B work visas, which directly relates to the theme of 'Introduction of a high fee on H-1B visas'.","Donald Trump is mentioned in relation to the actions of the Trump administration regarding visa fees, but the sentence does not quote anything that Donald Trump has explicitly said. It discusses the administration's actions rather than direct quotes from Trump himself.",narrative
Sep 2025,2025-09-25,2DBD8F97C23C1B4C9E2C664942A9287A,2DBD8F97C23C1B4C9E2C664942A9287A-1,"JPMorgan's top economists warn on H-1B visa fee hike: 'Could slash 5,500 work visas monthly'","JPMorgan economists foresee a potential reduction of 5,500 work authorizations monthly due to President Trump's $100,000 H-1B visa fee. This could deter foreign students and limit post-graduation opportunities. Tech and consulting firms may reconsider hiring foreign talent, impacting innovation and project timelines, disproportionately affecting Indian workers in computer-related roles. JPMorgan economists Michael Feroli and Abiel Reinhart have raised concerns over the potential impact of President Donald Trump's executive order introducing a $100,000 fee on new H-1B visa applications. Their report predicts that the policy could reduce the number of work authorisations in the US by up to 5,500 per month.","The sentence discusses the potential reduction in work authorizations due to a new H-1B visa fee, which directly relates to the theme of how a proposed tax impacts companies employing H-1B visa holders. It highlights the concerns of economists regarding the implications for hiring foreign talent and the subsequent effects on innovation and project timelines, particularly for tech and consulting firms.",A proposed tax impacting companies employing H-1B visa holders.,Donald Trump,,PEOP,related,"The sentence discusses the potential impact of a $100,000 fee on H-1B visas, specifically mentioning a reduction in work authorizations and the concerns raised by economists regarding this fee. This directly relates to the theme of the introduction of a high fee on H-1B visas.","Donald Trump is mentioned in relation to an executive order introducing a $100,000 fee on H-1B visa applications, but the sentence does not quote something he has explicitly said. Instead, it discusses the implications of his actions.",narrative
Sep 2025,2025-09-25,73BCBF144ECCAF90673069A820DE837C,73BCBF144ECCAF90673069A820DE837C-4,Trump administration to get tough on companies that 'abuse' H-1B visa,"The H-1B program allows US employers to hire foreign professionals with specialized skills, particularly in science and technology. Previously, application fees were generally below $5,000 per worker. On September 19, President Trump signed an executive order introducing a $100,000 fee for new work visa applications.","The sentence discusses the introduction of a significant fee for H-1B visa applications, which directly relates to the proposed tax impacting companies employing H-1B visa holders. The mention of the fee increase indicates a financial burden that could affect companies' hiring practices.",A proposed tax impacting companies employing H-1B visa holders.,Donald Trump,,PEOP,related,"The sentence discusses the introduction of a $100,000 fee for new work visa applications, which directly relates to the theme of 'Introduction of a high fee on H-1B visas'. It provides specific information about the fee and its context within the H-1B program.","Donald Trump is mentioned as having signed an executive order, but the sentence does not quote anything he explicitly said. It describes an action he took rather than a statement he made.",narrative
Sep 2025,2025-09-25,074516AC1A95F4EE34F8FA46693A2F7B,074516AC1A95F4EE34F8FA46693A2F7B-1,'15 IIT Grads From India Transformed Microsoft': Bill Gates' Old Video Goes Viral Amid H-1B Debate,"As Donald Trump hikes H-1B visa fees to $100,000, a viral Bill Gates video recalls how hiring Indian IIT graduates transformed Microsoft, reigniting the debate on foreign talent vs American jobs.At a time when the world is grappling with US President Donald Trump's visa crackdown, an old video of Microsoft founder Bill Gates is going viral, where he is talking about how a group of Indian techies helped him elevate his company. The old video surfaced online after the United States announced a massive hike in H-1B visa fees to $100,000, a move aimed at discouraging companies from hiring foreign nationals and giving Americans more opportunities, another initiative that aligns with Trump's MAGA (Make America great again) vision.","The sentence discusses the increase in H-1B visa fees and its intended effect of discouraging companies from hiring foreign nationals, which aligns with the theme of a proposed tax impacting companies employing H-1B visa holders. It also touches on the broader implications for American jobs and the competition between foreign talent and domestic employment.",A proposed tax impacting companies employing H-1B visa holders.,Donald Trump,,PEOP,related,"The sentence explicitly mentions the hike in H-1B visa fees to $100,000 and discusses the implications of this increase in the context of hiring foreign talent versus American jobs. This directly relates to the theme of 'Introduction of a high fee on H-1B visas'.","Donald Trump is mentioned in the context of hiking H-1B visa fees, but the sentence does not quote something he has explicitly said. Instead, it describes an action he has taken regarding visa fees.",narrative
Sep 2025,2025-09-25,5FC67D0D2199216FEEA4CCCE7B0EEFB4,5FC67D0D2199216FEEA4CCCE7B0EEFB4-6,"PH IT-BPM industry eyes growth amid literacy gaps, US policy shifts, and AI disruption","He added that IBPAP, together with DepEd and industry partners, is currently training 270,000 learners across 10,000 public schools to help address the skills gap.
Policy headwinds from the US
Global policy shifts are reshaping the outsourcing landscape. US President Donald Trump recently signed an executive order imposing a USD 100,000 fee on new H-1B visa applications for skilled foreign workers, a move that could significantly raise costs for companies dependent on global talent.","The sentence discusses a new executive order that imposes a fee on H-1B visa applications, which directly relates to the proposed tax impacting companies employing H-1B visa holders. This fee is expected to raise costs for companies that rely on skilled foreign workers, aligning with the theme of increased operational costs due to H-1B visa taxes.",A proposed tax impacting companies employing H-1B visa holders.,Donald Trump,,PEOP,related,"The sentence explicitly mentions the introduction of a USD 100,000 fee on new H-1B visa applications, which directly relates to the theme of 'Introduction of a high fee on H-1B visas'.","Donald Trump is mentioned in relation to signing an executive order, which is an action he has taken, not something he has explicitly said. Therefore, the sentence does not quote him directly.",narrative
Sep 2025,2025-09-25,55C6A1ABA992300A999E8DD0B6AAB7A7,55C6A1ABA992300A999E8DD0B6AAB7A7-1,"US Slaps $100K H-1B Fee, Britain China UAE Woo Global Talent With Open Doors","The Trump administration has stunned the world with a $100,000 fee on H-1B visa applications, shaking the global talent market. For decades, America was the dream destination for tech, healthcare, and research professionals-many from India. But now, giants like Amazon, Google, and Microsoft face major hurdles, while thousands risk losing their American dream. The vacuum is opening doors elsewhere: the UK is launching a Global Talent Taskforce, China is introducing its new K visa for science professionals, and the UAE is offering golden and blue visas at a fraction of US costs. With Britain, China, and the UAE lowering barriers, America risks losing its innovation edge as the global race for talent heats up.","The sentence discusses the significant fee imposed on H-1B visa applications and its impact on the global talent market, highlighting how it may deter skilled professionals from choosing the U.S. as their destination. This aligns with the theme of a proposed tax impacting companies employing H-1B visa holders, as it suggests that the increased costs could lead to a decline in H-1B visa hiring and ultimately affect the competitiveness of American companies.",A proposed tax impacting companies employing H-1B visa holders.,Donald Trump,,PEOP,related,"The sentence explicitly mentions a $100,000 fee on H-1B visa applications, which directly relates to the theme of 'Introduction of a high fee on H-1B visas'. It discusses the implications of this fee on the global talent market and compares it to other countries that are making it easier for professionals to migrate, reinforcing the connection to the high fee's impact.","Donald Trump is mentioned in the context of the actions taken by the Trump administration regarding the H-1B visa fee, but the sentence does not quote anything that Donald Trump has explicitly said. Therefore, it does not meet the criteria for a direct quote.",narrative
Sep 2025,2025-09-25,4E857A4DB422B12FB578524E5BAC3A14,4E857A4DB422B12FB578524E5BAC3A14-1,"Trump's H-1B visa fee hike impact: Germany, UK, Canada roll out red carpet for India's tech talent; pitch 'predictable' rules","Tightening US skilled immigration policies may drive Indian tech professionals to seek opportunities in Germany, Canada, and the UK. These countries are actively courting talent with streamlined visa programs and incentives. Simultaneously, China is launching a K-visa program for STEM professionals. US President Donald Trump's steep H-1B visa fee hike to $100,000 has left Indian techies shocked, but countries like Germany, UK and Canada are capitalizing on the opportunity to pitch their countries as alternative destinations for India's talent. Germany, Canada and the UK are emerging as viable destinations for India's technology professionals, as the US continues to restrict its skilled immigration policies.","The sentence discusses how tightening US immigration policies, including the steep H-1B visa fee hike, is prompting Indian tech professionals to consider opportunities in other countries like Germany, Canada, and the UK. This aligns with the theme of companies needing to rethink global strategies to attract H-1B visa talent, as the US's restrictive policies are pushing skilled workers to seek employment elsewhere.",Companies may need to rethink global strategies to attract H-1B visa talent.,Donald Trump,,PEOP,related,"The sentence explicitly mentions the steep H-1B visa fee hike to $100,000 introduced by US President Donald Trump, which directly relates to the theme of 'Introduction of a high fee on H-1B visas'. It discusses the impact of this fee increase on Indian tech professionals and how it influences their migration choices, making the connection clear.","Donald Trump is mentioned in relation to the steep H-1B visa fee hike, which is an action he has taken rather than something he has explicitly said. Therefore, the sentence does not quote anything that Donald Trump has said.",narrative
Sep 2025,2025-09-25,4E857A4DB422B12FB578524E5BAC3A14,4E857A4DB422B12FB578524E5BAC3A14-5,"Trump's H-1B visa fee hike impact: Germany, UK, Canada roll out red carpet for India's tech talent; pitch 'predictable' rules","Also Read | Alternatives to H-1B visas: After fee hike by Trump to $100,000, O1 & L1 visas gain traction; check cost, approval ratesThe official recommended the Home Office expand their Global Talent Fund to support engineering and founding professionals affected by US policies, whilst streamlining processing for H-1B holders seeking relocation. The organisation requested the government to broaden the ""Enterprise Management Incentive (EMI) scheme to ensure that incoming talent can be compensated with the very best equity packages available"". Dom Hallas, who leads the UK's Startup Coalition policy organisation, addressed home secretary Shabana Mahmood through an open letter, discussing potential advantages for the UK arising from the H-1B situation.","The sentence discusses alternatives to H-1B visas and the impact of US policies on talent relocation, which relates to the broader context of how companies may need to rethink global strategies to attract H-1B visa talent. It highlights the need for support and incentives for incoming talent, indicating a response to the challenges posed by H-1B visa policies.",Companies may need to rethink global strategies to attract H-1B visa talent.,Donald Trump,,PEOP,related,"The sentence discusses the impact of a fee hike on H-1B visas and mentions alternatives to H-1B visas, which directly relates to the theme of 'Introduction of a high fee on H-1B visas'.","Donald Trump is mentioned in relation to a fee hike, but the sentence does not quote anything he has explicitly said. It discusses actions and recommendations related to the fee increase without providing a direct quote from Trump.",narrative
Sep 2025,2025-09-25,33C425C2F92EF6F97155D362457C2695,33C425C2F92EF6F97155D362457C2695-1,JPMorgan CEO Jamie Dimon warns $100K H-1B visa fee could hit US businesses and students,"President Trump's new executive order introduces a $100,000 fee for H-1B visas, sparking debate among corporate leaders and immigration experts. Jamie Dimon warns this could restrict access to skilled foreign talent, impacting innovation and business growth. While some tech leaders support raising the bar, concerns arise about offshoring jobs and reduced US competitiveness. A new executive order by President Donald Trump introduces a $100,000 fee for new H-1B visas. The fee applies to foreign workers currently outside the United States. The policy has sparked strong reactions from corporate leaders, immigration experts, and education stakeholders.","The sentence discusses a new executive order that introduces a significant fee for H-1B visas, which directly relates to the proposed tax impacting companies employing H-1B visa holders. It highlights concerns about restricted access to skilled foreign talent and its potential impact on innovation and business growth, aligning with the narrative of how such a tax could hinder recruitment and affect operational costs.",A proposed tax impacting companies employing H-1B visa holders.,Donald Trump,,PEOP,related,"The sentence explicitly mentions the introduction of a $100,000 fee for H-1B visas, which directly relates to the theme of 'Introduction of a high fee on H-1B visas'. It discusses the implications of this fee on skilled foreign talent and US businesses, aligning well with the title of the article.","Donald Trump is mentioned in relation to an executive order, but the sentence does not quote anything he has explicitly said. It describes an action he has taken rather than a statement he has made.",narrative
