Entity,Date,Summary,Key_points,Quotes,Country,enhanced_summary,enhanced_key_points
Alphabet Inc.,2025-09-19,"Alphabet Inc. is positioned to face significant challenges due to the introduction of a high fee on H-1B visas, which could lead to a major reevaluation of hiring practices within the company. The fee is expected to create barriers for foreign workers seeking employment in the U.S., making access to job opportunities more difficult and exclusive. This situation is not only relevant to Alphabet but also affects other major tech companies like Google, Microsoft, and Amazon, indicating a broader impact across the industry.","['The introduction of a high fee on H-1B visas could lead to a dramatic rethink of hiring practices at Alphabet Inc.', 'The fee makes access to U.S. job opportunities harder and far more exclusive for foreign workers.', 'Alphabet Inc. is among the top tech companies that sponsor H-1B visas, which will be affected by the new fee structure.']","['For companies like Google, Microsoft, Amazon, and startups across the country, this could mean a dramatic rethink of hiring practices. For foreign workers hoping to land a U.S. job, the fee makes access harder and far more exclusive.', ""Some of the top tech companies sponsoring H1-B visas include Amazon, Microsoft, Google's parent company, Alphabet, Meta, and Apple.""]",United States,"Alphabet Inc. is positioned to face significant challenges due to the introduction of a high fee on H-1B visas, which could lead to a major reevaluation of hiring practices within the company. The fee is expected to create barriers for foreign workers seeking employment in the U.S., making access to job opportunities more difficult and exclusive. This situation is not only relevant to Alphabet but also affects other major tech companies like Google, Microsoft, and Amazon, indicating a broader impact across the industry.","['The introduction of a high fee on H-1B visas could lead to a dramatic rethink of hiring practices at Alphabet Inc.', 'The fee makes access to U.S. job opportunities harder and far more exclusive for foreign workers.', 'Alphabet Inc. is among the top tech companies that sponsor H-1B visas, which will be affected by the new fee structure.']"
Alphabet Inc.,2025-09-20,"Alphabet Inc. is positioned at the forefront of the debate surrounding the introduction of a $100,000 annual fee on H-1B visas, a move by President Donald Trump that is expected to significantly impact the tech industry. The fee is seen as a potential barrier to hiring skilled foreign workers, which could disrupt innovation and economic activity in the U.S. While large corporations like Google may have the resources to absorb the increased costs, the policy is likely to discourage smaller firms and startups from sponsoring H-1B applicants. Critics argue that this could lead to a talent shortage and push companies to offshore jobs, ultimately harming the U.S. economy. The overall sentiment reflects concern over the long-term implications for innovation and competitiveness in the tech sector, as companies may prioritize hiring for senior roles only, leaving junior and mid-level positions unfilled.","['The $100,000 annual fee on H-1B visas is expected to favor large corporations like Google while disadvantaging smaller firms and startups.', 'Critics warn that the fee could lead to a talent shortage in the U.S. tech industry, as companies may scale back or eliminate sponsorships for H-1B applicants.', 'The policy may push companies to offshore jobs, particularly in specialized fields, which could harm U.S. innovation and economic activity.', 'While major tech companies like Google can absorb the costs, the increased fees may deter hiring for junior and mid-level positions, impacting the overall talent pool.']","['US tech giants like Amazon, Microsoft, Google, Apple, and Meta also employ large numbers of H-1B professionals, largely from India, and now face substantially higher staffing expenses.', 'With companies expected to prioritize only critical or senior roles for sponsorship, junior and mid-level hiring faces a steep decline, especially among mid-sized IT firms and startups.', 'Upping the price of world-class talent is a direct headwind to innovation.', 'The implications for companies that rely heavily on H-1B talent - Amazon, Microsoft, Google, Meta, and the Indian IT giants - are immense.']",United States,"Alphabet Inc. is now at the forefront of the debate regarding the introduction of a $100,000 annual fee on H-1B visas, a policy initiated by President Donald Trump that is anticipated to have significant repercussions for the tech industry. This fee is expected to create a disparity, favoring large corporations like Google while disadvantaging smaller firms and startups, which may struggle to absorb the increased costs. Critics express concerns that this could lead to a talent shortage in the U.S. tech sector, as companies may reduce or eliminate sponsorships for H-1B applicants, potentially pushing jobs offshore and harming U.S. innovation and economic activity. Furthermore, the policy may result in companies prioritizing hiring for senior roles only, leading to a decline in junior and mid-level positions, which could adversely affect the overall talent pool in the industry.","['The introduction of a $100,000 annual fee on H-1B visas is expected to favor large corporations like Google while disadvantaging smaller firms and startups.', 'Critics warn that the fee could lead to a talent shortage in the U.S. tech industry, as companies may scale back or eliminate sponsorships for H-1B applicants.']"
Alphabet Inc.,2025-09-21,"Alphabet Inc. is significantly impacted by the introduction of a high fee on H-1B visas, as the company relies heavily on skilled foreign workers to support its operations in cloud computing, software, and artificial intelligence. The proposed $100,000 annual fee for H-1B visa applications poses a financial burden that could disrupt hiring processes and lead to increased costs for the company. Alphabet, along with other major tech firms, has advised its H-1B visa employees to remain in the U.S. and return quickly if they are overseas, indicating a proactive approach to mitigate potential disruptions caused by the new fee. The company is concerned about the implications of this fee on its ability to attract and retain talent, particularly as it competes in a rapidly evolving tech landscape.","['Alphabet Inc. is expected to face significant cost implications due to the proposed $100,000 annual fee on H-1B visa applications, which could amount to hundreds of millions of dollars.', 'The company, along with other major tech firms, has advised H-1B visa holders to avoid international travel and return to the U.S. to prevent difficulties in re-entry.', 'The introduction of the high fee is likely to disrupt the hiring process for Alphabet, as it relies on H-1B talent to support its growth in cloud, software, and artificial intelligence sectors.']","[""Amazon, Alphabet's Google, Microsoft and others warned H-1B holders not to leave the country and urged employees overseas on the visa to get back to the U.S. on Saturday because it could be difficult to re-enter."", 'For companies, the impact comes down to cost and planning. Microsoft and Alphabet face similar concerns as they continue to expand cloud, software, and artificial intelligence units.']",United States,"Alphabet Inc. is facing significant financial implications due to the proposed $100,000 annual fee on H-1B visa applications, which could amount to hundreds of millions of dollars. This fee poses a potential disruption to the hiring process, particularly as the company heavily relies on skilled foreign workers in cloud computing, software, and artificial intelligence sectors. In response to the impending changes, Alphabet, along with other major tech firms, has proactively advised its H-1B visa employees to avoid international travel and return to the U.S. quickly to mitigate potential re-entry difficulties. The company is increasingly concerned about how this fee will affect its ability to attract and retain talent in a competitive tech landscape.","['Alphabet Inc. is expected to face significant cost implications due to the proposed $100,000 annual fee on H-1B visa applications, which could amount to hundreds of millions of dollars.', 'The company has advised H-1B visa holders to avoid international travel and return to the U.S. to prevent difficulties in re-entry.']"
Alphabet Inc.,2025-09-22,"Alphabet Inc., through its subsidiary Google, is significantly impacted by the introduction of a high fee on H-1B visas, which has raised concerns among tech giants about staffing challenges and the potential stifling of innovation. The new $100,000 fee for H-1B applications is expected to create barriers for many companies, particularly startups and smaller firms, which may struggle to afford the costs. Google, along with other major tech companies, has expressed strong opposition to the measure, warning that it could shrink the talent pool in critical fields like science and technology, ultimately undermining America's global competitiveness. The company has also taken proactive steps to advise its H-1B visa holders to remain in the U.S. and return quickly if they are abroad, highlighting the urgency of the situation. Analysts predict that the fee could lead to a shift in hiring practices, with companies potentially expanding offshore to mitigate costs.","[""Alphabet Inc.'s Google, along with other tech giants, strongly opposes the new $100,000 fee for H-1B applications, warning it will shrink the available talent pool in critical fields."", 'The high fee is expected to disproportionately affect startups and smaller firms, which may abandon plans to hire skilled workers from abroad due to financial constraints.', ""Google has advised its H-1B visa holders to remain in the U.S. and return quickly if they are abroad, indicating the company's concern over the potential disruptions caused by the new fee."", 'Analysts warn that the fee could stifle innovation and lead to a shift in hiring practices, with companies potentially expanding offshore to mitigate costs.']","['Tech giants like Amazon, Google, Microsoft, and Meta strongly oppose the measure. They warn it will shrink the available talent pool in science, technology, and engineering, fields already facing U.S. labor shortages.', 'The new fee structure, however, effectively slams the door shut on thousands of engineers, scientists and researchers who once viewed the U.S. as a desirable destination.', 'In response to the announcement, tech giants including Amazon, Google, and Microsoft reportedly reached out directly to employees holding H-1B visas, advising them to remain in the United States and avoid international travel until the new rules take effect.']",United States,"Alphabet Inc., through its subsidiary Google, has expressed strong opposition to the newly introduced $100,000 fee for H-1B applications, emphasizing that it will significantly shrink the talent pool in critical fields such as science and technology. This concern is echoed by other tech giants, who warn that the fee could stifle innovation and lead to a shift in hiring practices, potentially pushing companies to expand offshore to mitigate costs. Additionally, the company has proactively advised its H-1B visa holders to remain in the U.S. and return quickly if they are abroad, highlighting the urgency of the situation and the potential disruptions caused by the new fee. Analysts predict that the high fee will disproportionately affect startups and smaller firms, which may abandon plans to hire skilled workers from abroad due to financial constraints.","['Alphabet Inc. and other tech giants have strongly opposed the new $100,000 fee for H-1B applications, warning it will shrink the available talent pool in critical fields.', 'The company has advised its H-1B visa holders to remain in the U.S. and return quickly if they are abroad, indicating heightened concern over potential disruptions caused by the new fee.']"
Alphabet Inc.,2025-09-23,"Alphabet Inc. is positioned as a significant player in the technology sector that will be impacted by the Trump administration's introduction of a $100,000 fee on new H-1B visa applications. The company, along with other tech giants like Amazon and Meta, has historically relied on H-1B visas to recruit skilled foreign workers, particularly from countries like India and China. The new fee is expected to be absorbable for large companies like Google, but it poses a substantial challenge for startups and smaller firms that depend on specialized talent to grow. The policy is seen as disruptive, potentially hampering American startups in the competitive landscape of artificial intelligence and technology. The overall sentiment reflects a concern that the increased costs could deter innovation and limit access to essential talent in the tech industry.","['Alphabet Inc. is among the tech giants that have utilized H-1B visas to recruit top talent from countries like India and China.', 'The new $100,000 fee on H-1B visas is expected to be manageable for large companies like Google but crippling for startups that rely on a few foreign specialists.', 'The introduction of the fee is viewed as disruptive, with immediate loss of confidence in the H-1B visa program as a viable option for foreign workers.', 'Industry officials indicate that the steep fees threaten to hinder American startups competing in the artificial intelligence talent war.', 'The policy could alter recruitment strategies overnight, particularly affecting smaller companies that may find it economically impossible to sponsor H-1B visas.']","['For Silicon Valley, the decision is disruptive. Amazon, Google and other giants have used H-1B visas to recruit top graduates from Bengaluru, Seoul and Shanghai. A six-figure levy per worker will be absorbable for the wealthiest companies but crippling for start-ups that rely on a handful of foreign specialists to scale.', ""The Trump administration's new steep fees on high-skilled foreign workers threaten to hamstring American startups competing in the artificial intelligence talent war. Small tech companies are likely to be disadvantaged by the policy-which requires a $100,000 one-time payment for most new H-1B visa applications-because they can less easily absorb extra costs than bigger competitors like Amazon, Meta Platforms Inc., and Alphabet Inc.'s Google."", 'A visa once seen as a practical bridge to opportunity has become a bridge too costly to cross.']",United States,"Alphabet Inc. continues to navigate the implications of the Trump administration's introduction of a $100,000 fee on new H-1B visa applications. The company, along with other major tech firms, has historically relied on H-1B visas to attract skilled foreign workers, particularly from India and China. While the new fee is expected to be manageable for large corporations like Google, it poses a significant challenge for startups and smaller firms that depend on specialized talent for growth. The policy is perceived as disruptive, potentially hampering American startups in the competitive landscape of artificial intelligence and technology. Industry officials express concern that the steep fees could deter innovation and limit access to essential talent in the tech sector, fundamentally altering recruitment strategies for smaller companies that may find it economically unfeasible to sponsor H-1B visas.","['The new $100,000 fee on H-1B visas is expected to be manageable for large companies like Google but crippling for startups that rely on a few foreign specialists.', 'Industry officials indicate that the steep fees threaten to hinder American startups competing in the artificial intelligence talent war.']"
Alphabet Inc.,2025-09-24,"Alphabet Inc. is significantly impacted by the introduction of a high fee on H-1B visas, as the company, along with other major U.S. tech firms, relies heavily on foreign talent to fill critical roles in the labor market. The new fee, which increases costs from $2,000 to $100,000 for new applications, is expected to double hiring costs and lead to a reassessment of human resources strategies. This could result in reduced applicant numbers and a greater reliance on overseas development centers, potentially slowing innovation and delaying product launches in key sectors such as artificial intelligence and cloud computing. The overall competitiveness of these companies may be affected, leading to downward pressure on stock prices. The policy is seen as particularly disruptive for Silicon Valley, where the ability to attract top talent is crucial for maintaining growth and innovation.","['Alphabet Inc. and other major U.S. tech companies depend heavily on foreign engineers and developers to fill gaps in the domestic labor market.', 'The sharp increase in H-1B visa fees will double hiring costs for Alphabet Inc., prompting a reassessment of human resources strategies.', 'The new fee structure may lead to reduced applicant numbers and a greater reliance on overseas development centers in Asia and Eastern Europe.', 'This shift could slow the pace of innovation and delay the launch of new products in key sectors like artificial intelligence and cloud computing.', ""The increased costs associated with H-1B visas could put downward pressure on Alphabet Inc.'s stock prices and overall competitiveness.""]","['The sharp increase in fees will double hiring costs and prompt a reassessment of human resources strategies, whether by reducing applicant numbers or relying more heavily on overseas development centers in Asia and Eastern Europe.', ""This shift could slow the pace of innovation and delay the launch of new products in key sectors like artificial intelligence and cloud computing, ultimately affecting these companies' ability to maintain competitiveness, which in turn puts downward pressure on their stock prices.""]",United States,"Today, Alphabet Inc. faces new challenges due to the introduction of a high fee on H-1B visas, which has increased from $2,000 to $100,000 for new applications. This significant fee hike is expected to double hiring costs, prompting a reassessment of human resources strategies within the company. The new fee structure may lead to a reduction in applicant numbers and an increased reliance on overseas development centers in Asia and Eastern Europe. This shift could potentially slow innovation and delay product launches in critical sectors such as artificial intelligence and cloud computing, ultimately affecting Alphabet's competitiveness and putting downward pressure on its stock prices. The situation is particularly disruptive for Silicon Valley, where attracting top talent is essential for growth and innovation.","['The introduction of a high fee on H-1B visas has increased costs from $2,000 to $100,000 for new applications, doubling hiring costs for Alphabet Inc.', 'The new fee structure may lead to reduced applicant numbers and a greater reliance on overseas development centers, potentially slowing innovation and delaying product launches.']"
Alphabet Inc.,2025-09-25,"Alphabet Inc. is positioned as a major player in the technology sector that will be significantly impacted by the introduction of a $100,000 fee on H-1B visa applications. While the company may have the financial capacity to absorb such costs, the new fee poses a substantial challenge for smaller and mid-sized businesses that rely on H-1B visa holders. The fee is expected to hinder the ability of these companies to hire skilled workers, potentially affecting their competitiveness and sustainability. The broader implications of this policy could lead to a shift in the global talent market, with other countries becoming more attractive destinations for skilled professionals.","['The $100,000 application fee for H-1B visas will primarily impact technology-oriented companies like Alphabet, which employ thousands of H-1B visa holders annually.', 'While major companies like Google can absorb the new costs, smaller and mid-sized businesses may struggle to manage the financial burden of hiring skilled workers.', 'The introduction of the high fee could diminish the competitiveness and viability of many American companies that depend on H-1B visa holders.']","['Major companies like Microsoft, Google, and Amazon may be able to absorb the costs, but smaller and mid-sized businesses in healthcare, engineering, and information technology may struggle to handle the potential costs of hiring new staff so frequently.', 'For these tech giants, $100,000 is a drop in the bucket but for smaller companies and start-ups, this new requirement could have a detrimental effect on the ability to acquire the most skilled workers, and thus could impact the competitiveness, viability and sustainability of many American companies.']",United States,"Today, Alphabet Inc. has been highlighted as a major player in the technology sector that will be significantly impacted by the introduction of a $100,000 fee on H-1B visa applications. While the company has the financial capacity to absorb such costs, the new fee poses a substantial challenge for smaller and mid-sized businesses that rely on H-1B visa holders. This fee is expected to hinder the ability of these companies to hire skilled workers, potentially affecting their competitiveness and sustainability. Furthermore, the broader implications of this policy could lead to a shift in the global talent market, making other countries more attractive destinations for skilled professionals. This new information emphasizes the disparity in impact between large corporations like Alphabet and smaller firms, reinforcing concerns about the overall health of the U.S. tech industry.","['The introduction of the $100,000 fee on H-1B visas is expected to significantly challenge smaller and mid-sized businesses, hindering their ability to hire skilled workers and affecting their competitiveness.', 'There are concerns that the new fee could lead to a shift in the global talent market, making other countries more attractive destinations for skilled professionals.']"
Amazon.com Inc.,2025-09-19,"Amazon.com Inc. is positioned at the center of the debate surrounding the proposed high fee on H-1B visas. The company, along with other major tech players, relies heavily on H-1B visas to secure global talent. The introduction of increased fees is seen as a potential burden that could deter foreign workers and complicate hiring practices, particularly for startups. Critics of the proposal argue that it may stifle innovation and limit access to skilled labor, while proponents believe it could protect American jobs. Despite the potential challenges, it is suggested that larger corporations like Amazon may be able to absorb these costs more easily than smaller firms.","['Amazon, along with other big tech companies, heavily depends on H-1B visas, and the proposed fee could lead to increased operational costs.', ""The introduction of high fees on H-1B visas may deter global talent and stifle innovation, impacting Amazon's ability to hire skilled workers."", 'The fee could necessitate a dramatic rethink of hiring practices for Amazon and other companies, making access to U.S. jobs harder for foreign workers.']","['The proposal has been met with mixed reviews. Critics argue it could deter global talent and stifle innovation, while advocates believe it will protect American jobs by minimizing foreign competition. Big tech players, such as Amazon and Microsoft, who heavily depend on H-1B visas, face increased operational costs.', 'For companies like Google, Microsoft, Amazon, and startups across the country, this could mean a dramatic rethink of hiring practices. For foreign workers hoping to land a U.S. job, the fee makes access harder and far more exclusive.']",United States,"Amazon.com Inc. is positioned at the center of the debate surrounding the proposed high fee on H-1B visas. The company, along with other major tech players, relies heavily on H-1B visas to secure global talent. The introduction of increased fees is seen as a potential burden that could deter foreign workers and complicate hiring practices, particularly for startups. Critics of the proposal argue that it may stifle innovation and limit access to skilled labor, while proponents believe it could protect American jobs. Despite the potential challenges, it is suggested that larger corporations like Amazon may be able to absorb these costs more easily than smaller firms.","['Amazon, along with other big tech companies, heavily depends on H-1B visas, and the proposed fee could lead to increased operational costs.', ""The introduction of high fees on H-1B visas may deter global talent and stifle innovation, impacting Amazon's ability to hire skilled workers."", 'The fee could necessitate a dramatic rethink of hiring practices for Amazon and other companies, making access to U.S. jobs harder for foreign workers.']"
Amazon.com Inc.,2025-09-20,"Amazon.com Inc. is significantly impacted by the recent introduction of a $100,000 fee on H-1B visas, as announced by President Trump. The company, along with other tech giants, has advised its employees holding H-1B and H-4 visas to remain in the U.S. or return promptly to avoid complications due to the new fee structure. This policy is seen as a major hurdle for Indian IT professionals, who make up a large portion of H-1B visa holders, potentially leading to reduced job opportunities, especially for junior roles. The increased costs may force Amazon to reconsider its hiring strategies, focusing more on high-wage, specialized talent and domestic graduates, while also impacting the company's ability to attract international talent. The overall sentiment indicates that this move could disrupt the hiring process and slow down collaborations between the U.S. and India in the tech sector.","['Amazon has warned employees on H-1B and H-4 visas to remain in or return to the U.S. amid confusion over the new $100,000 fee.', 'The introduction of the high fee is expected to reduce job opportunities for Indian professionals, particularly in junior roles.', 'The policy pressures Amazon to shift its hiring focus towards highly specialized, high-wage talent and domestic graduates.', 'The increased costs associated with H-1B sponsorship may lead to a reconsideration of hiring strategies at Amazon, potentially slowing down India-U.S. tech collaborations.']","['Amazon has warned employees on H-1B and H-4 visas to remain in or return to the U.S. amid confusion over the new $100,000 fee.', 'The introduction of the high fee is expected to reduce job opportunities for Indian professionals, particularly in junior roles.', 'The policy pressures Amazon to shift its hiring focus towards highly specialized, high-wage talent and domestic graduates.']",United States,"Amazon.com Inc. is facing significant challenges due to the recent announcement of a $100,000 fee on H-1B visas by President Trump. The company has advised its employees holding H-1B and H-4 visas to either remain in the U.S. or return promptly to avoid complications stemming from the new fee structure. This policy is particularly concerning for Indian IT professionals, who constitute a large segment of H-1B visa holders, as it is expected to reduce job opportunities, especially for junior roles. The increased costs associated with H-1B sponsorship may compel Amazon to rethink its hiring strategies, potentially shifting focus towards high-wage, specialized talent and domestic graduates. This move could disrupt the hiring process and slow down collaborations between the U.S. and India in the tech sector.","['Amazon has advised employees on H-1B and H-4 visas to remain in or return to the U.S. amid confusion over the new $100,000 fee.', 'The introduction of the high fee is expected to reduce job opportunities for Indian professionals, particularly in junior roles.']"
Amazon.com Inc.,2025-09-21,"Amazon.com Inc. is significantly impacted by the introduction of a high fee on H-1B visas, as the company has a substantial number of employees on these visas. The new $100,000 annual fee, signed into law by President Trump, has prompted Amazon to advise its H-1B and H-4 visa employees to return to the U.S. and avoid international travel. This move reflects the company's concern over the potential financial burden and operational disruptions that could arise from the fee. Amazon, along with other major tech firms, is worried that the increased costs may lead to a reduction in visa sponsorships, ultimately affecting their ability to hire skilled foreign workers and slowing innovation. The company has tens of thousands of staff in the U.S. on H-1B visas, and the fee could amount to hundreds of millions of dollars in additional costs. Overall, Amazon's response indicates a proactive approach to mitigate the risks associated with the new policy, while also highlighting the broader implications for the tech industry and global talent mobility.","['Amazon has tens of thousands of staff in the U.S. on H-1B visas, making the new $100,000 fee a significant financial concern.', 'The company has advised its H-1B and H-4 visa employees to return to the U.S. and avoid international travel due to the impending fee.', 'There is anxiety within Amazon regarding the potential for reduced visa sponsorships, which could slow innovation and complicate global talent mobility.', 'The introduction of the fee is expected to lead to project delays and cost escalations, particularly affecting major tech companies like Amazon.']","['Following the announcement, companies such as Microsoft and Amazon have advised H-1B employees to avoid international travel or return to the United States before the policy takes effect, according to media reports.', 'Amazon has tens of thousands of staff in the U.S. on H-1B visas. Even if only a fraction of new hires require sponsorship, a $100,000 fee per petition adds up to hundreds of millions of dollars.']",United States,"Amazon.com Inc. is facing significant financial implications due to the newly introduced $100,000 annual fee on H-1B visas, as the company employs tens of thousands of individuals on these visas. The company has proactively advised its H-1B and H-4 visa employees to return to the U.S. and avoid international travel to mitigate potential complications arising from the fee. This reflects Amazon's concern over the financial burden and operational disruptions that could result from the increased costs, which may lead to a reduction in visa sponsorships. The company is particularly anxious about how this could slow innovation and complicate global talent mobility, with the potential for project delays and cost escalations affecting its operations and those of other major tech firms.","['Amazon has tens of thousands of staff in the U.S. on H-1B visas, making the new $100,000 fee a significant financial concern that could amount to hundreds of millions of dollars in additional costs.', 'The company has advised its H-1B and H-4 visa employees to return to the U.S. and avoid international travel due to the impending fee, reflecting concerns over operational disruptions.']"
Amazon.com Inc.,2025-09-22,"Amazon.com Inc. is significantly impacted by the introduction of a $100,000 fee on H-1B visas, a move that has raised concerns among tech giants reliant on foreign talent. The company, which employs thousands of H-1B visa holders, is expected to face increased operational costs and potential staffing challenges as a result of this policy. Analysts predict that the fee could lead to a more selective hiring process, limiting access to skilled foreign workers and potentially stifling innovation within the tech sector. In response to the announcement, Amazon, along with other major tech firms, has advised its employees on H-1B visas to remain in the U.S. or return quickly if they are abroad, highlighting the urgency and disruption caused by the new regulations. The overall sentiment within the company reflects a deep concern about the long-term implications of this fee on its ability to attract and retain top talent, which is crucial for maintaining its competitive edge in the technology landscape.","['Amazon is one of the top sponsors of H-1B visas, employing over 14,000 visa holders by mid-2025.', 'The introduction of a $100,000 fee for H-1B visas is expected to increase operational costs and limit access to skilled foreign talent.', 'Amazon has advised employees on H-1B visas to remain in the U.S. or return quickly if they are abroad, indicating the urgency of the situation.', 'Analysts warn that the fee could lead to a more selective hiring process, potentially stifling innovation and affecting project timelines.', 'The policy may push companies like Amazon to consider expanding offshore capabilities instead of hiring in the U.S.']","['In response to the announcement, tech giants including Amazon, Google, and Microsoft reportedly reached out directly to employees holding H-1B visas. According to media reports, these companies advised staff to remain in the United States and avoid international travel until the new rules take effect.', 'Kathleen Brooks, research director at investment broker XTB, said: ""Although these companies [Amazon and Microsoft] have the money to afford the visas, other sectors who also rely on H-1B visas may struggle with future recruitment, for example the health care and education sectors.""', 'Amazon, the top H-1B sponsor in FY 2024 with over 9,000 approvals, faces the steepest cost burden.', 'The proposed $100,000 H-1B visa fee threatens to disrupt the U.S. tech ecosystem, where companies like Amazon, Microsoft, and TCS rely heavily on foreign talent.', 'The ability to attract top global talent has long been a key advantage for U.S. tech giants, but that equation is now being put to the test. A new $100,000 fee on H-1B visa applications has stirred unease among companies like Amazon, Microsoft, Apple, and Meta, which depend heavily on a global pool of expertise.']",United States,"Amazon.com Inc. continues to express significant concern regarding the newly introduced $100,000 fee on H-1B visas, which is expected to have profound implications for its hiring practices and operational costs. The company is one of the top sponsors of H-1B visas, employing over 14,000 visa holders by mid-2025, and the fee could lead to a more selective hiring process that limits access to skilled foreign talent. Analysts have noted that this policy may push Amazon and other tech firms to consider expanding their offshore capabilities instead of hiring domestically. The urgency of the situation is underscored by Amazon's advice to employees on H-1B visas to remain in the U.S. or return quickly if they are abroad, reflecting the potential disruption caused by the new regulations. The overall sentiment within Amazon indicates a deep concern about the long-term implications of this fee on its ability to attract and retain top talent, which is crucial for maintaining its competitive edge in the technology landscape.","['Amazon is one of the top sponsors of H-1B visas, employing over 14,000 visa holders by mid-2025, highlighting its reliance on foreign talent.', 'The policy may push companies like Amazon to consider expanding offshore capabilities instead of hiring in the U.S., indicating a strategic shift in response to the new fee.']"
Amazon.com Inc.,2025-09-23,"Amazon.com Inc. is significantly impacted by the recent introduction of a $100,000 fee on new H-1B visa applications, a move by the Trump administration aimed at curbing foreign hiring and prioritizing American workers. As the largest employer of H-1B visa holders, Amazon is positioned to absorb the increased costs, which may benefit the company in terms of attracting highly skilled workers despite the financial burden. However, the fee is expected to be crippling for startups that rely on foreign talent, highlighting a disparity in the tech industry. The company has advised its H-1B employees to remain in the U.S. or return immediately, reflecting the urgency and confusion surrounding the new regulations. The fee's implementation has raised concerns about its potential to stifle innovation and push work offshore, particularly affecting Indian IT professionals who constitute a significant portion of H-1B visa holders.","['Amazon is the largest employer of H-1B visa holders, with over 10,000 approved beneficiaries in the 2025 fiscal year.', 'The new $100,000 fee on H-1B visas is expected to be absorbable for Amazon but crippling for startups that rely on foreign specialists.', 'Amazon has instructed its H-1B employees to remain in the U.S. or return immediately due to the new visa fee regulations.', 'The fee is seen as a disruptive change for Silicon Valley, where companies like Amazon have relied on H-1B visas to recruit top talent from countries like India and China.', 'The introduction of the fee may lead to a loss of confidence in the H-1B visa program, which was previously viewed as a bridge to opportunity.']","['However, despite the high fee and layoff concerns, some immigration experts told ET that large American firms such as Amazon, Meta, and Google could actually benefit from the new H-1B visa fee changes, as they may be willing to pay the higher charges for highly skilled workers.', 'It likely brought relief for companies like Amazon, which reportedly instructed employees to return to the US immediately, or not leave the country to avoid any troubles.', 'The White House stresses the fee applies only to new applicants, not renewals, but the loss of confidence is immediate. A visa once seen as a practical bridge to opportunity has become a bridge too costly to cross.', 'The prohibitive one-time fee of $100,000 for each new H-1B visa is designed to curb foreign workers entering the US and force companies to hire locally.', 'Amazon has warned employees on H-1B and H-4 visas to remain in or return to the US amid confusion.']",United States,"Amazon.com Inc. is facing significant implications from the newly introduced $100,000 fee on new H-1B visa applications, which is part of the Trump administration's strategy to prioritize American workers and limit foreign hiring. As the largest employer of H-1B visa holders, Amazon is expected to absorb these costs, potentially allowing the company to attract highly skilled workers despite the financial burden. However, this fee poses a severe challenge for startups that depend on foreign talent, highlighting a disparity within the tech industry. The company has reiterated its advice to H-1B employees to remain in the U.S. or return immediately, emphasizing the urgency and confusion surrounding the new regulations. The fee's implementation raises concerns about stifling innovation and may lead to a loss of confidence in the H-1B visa program, which was once seen as a pathway to opportunity for many foreign workers, particularly Indian IT professionals.","['Amazon is the largest employer of H-1B visa holders, with over 10,000 approved beneficiaries in the 2025 fiscal year, indicating its significant reliance on this visa category.', 'The new $100,000 fee on H-1B visas is expected to be absorbable for Amazon but crippling for startups that rely on foreign specialists, highlighting a disparity in the tech industry.']"
Amazon.com Inc.,2025-09-24,"Amazon.com Inc. is significantly impacted by the recent introduction of a high fee on H-1B visas, which has been raised to $100,000 for new applicants. As one of the largest beneficiaries of professional immigration programs, Amazon relies heavily on foreign engineers and developers to fill critical roles in technology and innovation. The sharp increase in fees is expected to double hiring costs, prompting a reassessment of human resources strategies. This could lead to a reduction in applicant numbers and a greater reliance on overseas development centers, potentially slowing innovation and delaying product launches in key sectors such as artificial intelligence and cloud computing. While larger companies like Amazon can absorb these costs, the burden will disproportionately affect startups and smaller firms, which may struggle to compete for talent. The overall sentiment in the tech industry is one of disruption, with concerns that the new policy could lead to a brain drain and hinder America's innovation pipeline.","['Amazon heavily relies on H-1B visas to recruit foreign engineers and developers, which are crucial for filling gaps in the domestic labor market.', 'The new $100,000 fee for H-1B visas will double hiring costs for Amazon, prompting a reassessment of its human resources strategies.', 'The increase in fees may lead to a reduction in applicant numbers and a greater reliance on overseas development centers, potentially slowing innovation.', 'While Amazon can absorb the increased costs, smaller startups may find it crippling, affecting their ability to scale and compete for talent.', ""The policy is viewed as disruptive, with concerns that it could lead to a brain drain and negatively impact America's innovation pipeline.""]","['The sharp increase in fees will double hiring costs and prompt a reassessment of human resources strategies, whether by reducing applicant numbers or relying more heavily on overseas development centers in Asia and Eastern Europe.', ""As the world's largest e-commerce company and a leader in cloud computing through AWS, Amazon depends heavily on H-1B talent to maintain its edge in AI, logistics, and data analytics."", ""Experts caution that the policy will choke America's innovation pipeline. Berengenberg's Atakan Bakiskan has called it 'anti-growth policymaking' and said by making it prohibitively costly to import foreign talent and driving some international graduates out after completing their studies, 'the brain drain will weigh heavily on productivity.'""]",United States,"Amazon.com Inc. is facing significant challenges due to the recent increase of the H-1B visa fee to $100,000 for new applicants, which is expected to double hiring costs. This sharp increase is prompting the company to reassess its human resources strategies, potentially leading to a reduction in applicant numbers and a greater reliance on overseas development centers. The implications of this fee could slow innovation and delay product launches in critical sectors such as artificial intelligence and cloud computing. While Amazon may be able to absorb these costs, the burden is likely to disproportionately affect startups and smaller firms, which may struggle to compete for talent. The overall sentiment in the tech industry reflects concerns about a potential brain drain and the negative impact on America's innovation pipeline, with experts labeling the policy as 'anti-growth policymaking.'","['The increase in the H-1B visa fee to $100,000 is expected to double hiring costs for Amazon, prompting a reassessment of its human resources strategies.', ""Concerns have been raised that the new policy could lead to a brain drain and negatively impact America's innovation pipeline, with experts describing it as 'anti-growth policymaking.'""]"
Amazon.com Inc.,2025-09-25,"Amazon.com Inc. is positioned as a major player in the technology sector that will be significantly impacted by the introduction of a $100,000 fee on H-1B visa applications. The company, along with other tech giants like Microsoft and Google, is expected to absorb the costs associated with this new fee, which is aimed at discouraging the hiring of foreign workers. However, the policy poses a challenge for smaller and mid-sized businesses that rely on H-1B visa holders, potentially leading to a talent drain as other countries lower barriers for skilled professionals. The new fee is seen as a threat to America's status as a destination for global talent, with implications for innovation and hiring practices within the tech industry.","['Amazon, along with other major tech companies, may be able to absorb the new $100,000 application fee for H-1B visas, but smaller businesses may struggle.', 'The introduction of the high fee is expected to hit technology-oriented companies the hardest, as they sponsor and employ thousands of H-1B visa holders annually.', 'The new fee could discourage major tech companies from hiring foreign workers, impacting the availability of positions for Indian IT professionals who rely on H-1B sponsorships.', 'The policy change may lead to a talent vacuum in the U.S., as countries like the UK, China, and the UAE are creating more favorable conditions for skilled workers.']","['The new $100,000 application fee will hit technology-oriented companies, which sponsor and employ thousands of H-1B visa holders every year, the hardest. Major companies like Microsoft, Google, and Amazon may be able to absorb the costs, but smaller and mid-sized businesses in healthcare, engineering, and information technology may struggle to handle the potential costs of hiring new staff so frequently.', 'The policy changes would hit technology companies the hardest because they dominate the H-1B program. Amazon is the heaviest H-1B visa user, hiring 10,044 employees with H-1B visas between 2009 and June 2025, according to US Citizenship and Immigration Services.']",United States,"Amazon.com Inc. continues to be a significant player in the ongoing discussion regarding the $100,000 fee on H-1B visa applications. New information indicates that while Amazon and other major tech companies like Microsoft and Google may have the capacity to absorb the costs associated with this fee, smaller and mid-sized businesses are likely to face substantial challenges. This disparity could lead to a talent drain as other countries create more favorable conditions for skilled professionals. The introduction of the high fee is perceived as a threat to the U.S.'s attractiveness as a destination for global talent, which could have serious implications for innovation and hiring practices within the tech industry. Furthermore, the policy change is expected to disproportionately impact technology-oriented companies that heavily rely on H-1B visa holders, potentially limiting job opportunities for Indian IT professionals who depend on these sponsorships.","[""The introduction of the $100,000 fee on H-1B visas is expected to create a talent drain as other countries lower barriers for skilled professionals, impacting the U.S.'s status as a destination for global talent."", 'While major companies like Amazon may absorb the new fee, smaller and mid-sized businesses are likely to struggle with the increased costs, potentially leading to a significant impact on their hiring practices.']"
DBRS Ltd.,2025-09-24,"DBRS Ltd. expresses significant concern regarding the introduction of a high fee on H-1B visas, particularly its impact on hiring practices within the banking sector. The company highlights that the increased costs associated with H-1B visas may lead banks to seek offshore workers when necessary skills are not available domestically. This shift could particularly affect entry-level job opportunities, making it increasingly challenging to hire qualified candidates through the H-1B program.","['The new fee on H-1B visas may compel banks to hire more offshore workers if the required skills are not available in the U.S.', 'DBRS Ltd. indicates that hiring for entry-level jobs using H-1B visas becomes nearly impossible due to the new fee.']","[""The new fee may force banks to hire more offshore workers if the skills needed are difficult to find in the U.S., said Tim O'Brien, managing director, North American Financial Institution Ratings at Morningstar DBRS."", '""Hiring for entry-level jobs using H-1B becomes nearly impossible,"" said Dennes.']",Canada,"DBRS Ltd. expresses significant concern regarding the introduction of a high fee on H-1B visas, particularly its impact on hiring practices within the banking sector. The company highlights that the increased costs associated with H-1B visas may lead banks to seek offshore workers when necessary skills are not available domestically. This shift could particularly affect entry-level job opportunities, making it increasingly challenging to hire qualified candidates through the H-1B program.","['The new fee on H-1B visas may compel banks to hire more offshore workers if the required skills are not available in the U.S.', 'DBRS Ltd. indicates that hiring for entry-level jobs using H-1B visas becomes nearly impossible due to the new fee.']"
DBRS Ltd.,2025-09-25,"DBRS Ltd. is positioned to respond to the introduction of a high fee on H-1B visas by highlighting potential shifts in hiring practices within the banking sector. Tim O'Brien, managing director at DBRS, indicates that the new fee could compel banks to seek offshore workers when necessary skills are scarce in the U.S. This could lead to a significant reallocation of talent, with some global experts potentially relocating to countries like Canada. Additionally, there is a possibility that banks may choose to move certain technology functions offshore as a direct consequence of the increased costs associated with H-1B visas.","['The new fee may force banks to hire more offshore workers if the skills needed are difficult to find in the U.S.', 'Certain global experts may end up in jurisdictions outside the U.S., such as Canada, due to the new fee.', 'Some banks may also move certain tech functions offshore as a result of the high fee on H-1B visas.']","[""The new fee may force banks to hire more offshore workers if the skills needed are difficult to find in the U.S., said Tim O'Brien, managing director, North American Financial Institution Ratings at Morningstar DBRS."", ""One interesting unintended consequence may be that certain global experts may end up in jurisdictions outside the U.S., such as Canada, said O'Brien."", 'Some banks may also move certain tech functions offshore.']",Canada,"DBRS Ltd. has further articulated its concerns regarding the introduction of a high fee on H-1B visas, emphasizing potential shifts in hiring practices within the banking sector. Tim O'Brien, managing director at DBRS, noted that the new fee could lead banks to increasingly seek offshore workers when necessary skills are not available domestically. This shift may result in a significant reallocation of talent, with some global experts potentially relocating to countries like Canada. Additionally, the company highlighted that banks might consider moving certain technology functions offshore as a direct consequence of the increased costs associated with H-1B visas.","['DBRS Ltd. indicates that the new fee could lead to a significant reallocation of talent, with some global experts potentially relocating to countries like Canada.', 'The company highlights that banks may consider moving certain technology functions offshore as a direct consequence of the increased costs associated with H-1B visas.']"
Dewang,2025-09-21,"Dewang Neralla, the Founder & CEO of HiWiPay, has expressed significant concern regarding the proposed USD 100,000 annual fee for new H-1B visa petitions. He emphasizes that this fee reflects a troubling trend where global talent is becoming increasingly expensive and less mobile. This new reality could have profound implications for companies relying on H-1B workers, particularly in sectors like Information Technology and other US-facing industries. The introduction of such a high fee may lead to shifts in workforce deployment strategies among firms, as they navigate the financial implications of hiring international talent.","['Dewang Neralla highlighted that the proposed USD 100,000 fee for hiring H-1B workers indicates that global talent is becoming costlier and less mobile.', 'The introduction of the high fee could lead to shifts in how companies deploy their workforce, particularly in sectors like Information Technology and other US-facing industries.']","['Dewang Neralla, Founder & CEO of cross-border payments platform, HiWiPay, said the proposed USD 100,000 fee for hiring H-1B workers highlights a new reality--global talent is becoming costlier and less mobile.']",China,"Dewang Neralla, the Founder & CEO of HiWiPay, has expressed significant concern regarding the proposed USD 100,000 annual fee for new H-1B visa petitions. He emphasizes that this fee reflects a troubling trend where global talent is becoming increasingly expensive and less mobile. This new reality could have profound implications for companies relying on H-1B workers, particularly in sectors like Information Technology and other US-facing industries. The introduction of such a high fee may lead to shifts in workforce deployment strategies among firms, as they navigate the financial implications of hiring international talent.","['Dewang Neralla highlighted that the proposed USD 100,000 fee for hiring H-1B workers indicates that global talent is becoming costlier and less mobile.', 'The introduction of the high fee could lead to shifts in how companies deploy their workforce, particularly in sectors like Information Technology and other US-facing industries.']"
IBM Corp. Pty. Ltd.,2025-09-19,"IBM Corp. Pty. Ltd. is positioned within a landscape where the introduction of high fees on H-1B visas could significantly impact its operations. The company is part of a group of consultancies that employ a substantial number of foreign workers, primarily from India, to fulfill technical roles for American firms. The increased fees associated with H-1B visas are expected to raise the cost of hiring foreign workers, which could lead to further outsourcing and affect the company's ability to attract talent. Critics, including labor organizations, have noted that while the changes may be steps in the right direction, they advocate for reforms that prioritize visa allocation based on wage offers rather than random selection, a sentiment that reflects ongoing concerns about the H-1B visa process.","['IBM is among the consultancies that employ foreign workers, primarily from India, contracted to American firms.', 'The introduction of increased fees for H-1B visas could raise hiring costs for companies like IBM.', 'Critics, including the AFL-CIO, have called for reforms in the visa allocation process, suggesting it should be based on the highest wage offers.']","[""The increased fees could affect hiring foreign workers as it'll cost more for companies.""]",China,"IBM Corp. Pty. Ltd. is positioned within a landscape where the introduction of high fees on H-1B visas could significantly impact its operations. The company is part of a group of consultancies that employ a substantial number of foreign workers, primarily from India, to fulfill technical roles for American firms. The increased fees associated with H-1B visas are expected to raise the cost of hiring foreign workers, which could lead to further outsourcing and affect the company's ability to attract talent. Critics, including labor organizations, have noted that while the changes may be steps in the right direction, they advocate for reforms that prioritize visa allocation based on wage offers rather than random selection, a sentiment that reflects ongoing concerns about the H-1B visa process.","['IBM is among the consultancies that employ foreign workers, primarily from India, contracted to American firms.', 'The introduction of increased fees for H-1B visas could raise hiring costs for companies like IBM.', 'Critics, including the AFL-CIO, have called for reforms in the visa allocation process, suggesting it should be based on the highest wage offers.']"
IBM Corp. Pty. Ltd.,2025-09-20,"IBM Corp. Pty. Ltd. is significantly impacted by the introduction of a high fee on H-1B visas, which raises the cost of sponsoring a single applicant to $100,000. This dramatic increase is expected to reshape the hiring strategies of companies like IBM, which have historically relied on H-1B visas to employ foreign talent, particularly for roles that have been outsourced to countries such as India. The new fee structure poses a challenge for IBM and other major firms that depend on the program to fill critical positions, as the existing costs of H-1B visas already range from $1,700 to $4,500. The company, along with other technology giants, will need to reassess their approach to hiring foreign workers in light of these changes.","['IBM is among the major firms that employ a substantial number of H-1B visa holders across various sectors.', 'The new rules increase the cost for sponsoring a single H-1B applicant to $100,000, which is expected to reshape hiring practices.', 'IBM, along with other technology giants, has relied on the H-1B program to hire foreign workers, making them particularly vulnerable to the fee hike.']","['The additional charge would impact employers including technology giants such as Amazon, IBM, Microsoft and Google, which have relied on the program to hire foreign workers.', 'Employers who have depended on the program to hire foreign workers, including corporate behemoths like Amazon, IBM, Microsoft, and Google, would be affected the most by visa hike.']",China,"IBM Corp. Pty. Ltd. faces a significant challenge due to the introduction of a high fee on H-1B visas, which has increased the cost of sponsoring a single applicant to $100,000. This dramatic rise in fees is expected to reshape the hiring strategies of IBM, which has historically relied on H-1B visas to employ foreign talent, particularly for outsourced roles in countries like India. The new fee structure adds to the existing costs of H-1B visas, which already range from $1,700 to $4,500, compelling IBM and other major firms to reassess their approach to hiring foreign workers. The company is among several technology giants, including Amazon and Microsoft, that will be significantly impacted by these changes.","[""The cost for sponsoring a single H-1B applicant has increased to $100,000, which is expected to reshape IBM's hiring practices."", 'IBM, along with other major technology firms, will need to reassess their approach to hiring foreign workers due to the dramatic increase in H-1B visa fees.']"
IBM Corp. Pty. Ltd.,2025-09-21,"IBM Corp. Pty. Ltd. is part of the coalition Compete America, which has publicly called for the US administration to reconsider the introduction of a $100,000 fee on H-1B visas. The coalition argues that while there are exemptions for existing visa holders, the new fee could negatively impact American job growth and economic expansion by driving investment away from the country. Scott Corley, the Executive Director of Compete America, emphasizes that such policies do not protect American workers but rather limit opportunities and cede future competitiveness to other nations.","['IBM is a member of Compete America, which advocates against the $100,000 H-1B visa fee introduced by the US administration.', 'Compete America believes that the new fee could lead to a realignment of offshore and nearshore strategies for Indian IT firms.', 'Scott Corley, Executive Director of Compete America, stated that policies that inflate costs or deter investment do not protect American workers and limit job growth.']","['Scott Corley, Executive Director of Compete America, said he believes policies that artificially inflate costs or drive away investment from the country do not protect American workers; they limit opportunities for US job growth, shrink the economy, and cede the future to competitors abroad.']",China,"IBM Corp. Pty. Ltd. is actively involved in the coalition Compete America, which has publicly opposed the proposed $100,000 fee on H-1B visas. The coalition argues that this fee could hinder American job growth and economic expansion by discouraging investment in the U.S. Scott Corley, the Executive Director of Compete America, highlighted that such policies do not safeguard American workers but instead restrict opportunities and diminish the country's future competitiveness. This marks a new development in IBM's stance, emphasizing their collective advocacy against the fee and its potential negative implications for the U.S. economy.","['IBM is part of the coalition Compete America, which is advocating against the $100,000 fee on H-1B visas introduced by the US administration.', 'Scott Corley, Executive Director of Compete America, stated that policies inflating costs or deterring investment do not protect American workers and limit job growth.']"
IBM Corp. Pty. Ltd.,2025-09-22,"IBM Corp. Pty. Ltd. is actively evaluating alternative visa options in response to the introduction of a high fee on H-1B visas. The company is considering the L-1 visa route for managers and specialized employees, which necessitates prior overseas service. Gary Cohn, vice-chair at IBM, has defended the high fee, suggesting that it is a measure to ensure that H-1B visas are allocated to highly skilled individuals who are essential to the company and cannot be sourced from the domestic labor market.","['IBM is assessing other visa options, including the L-1 route for managers and specialized employees.', 'The L-1 visa requires at least one year of overseas service.', 'Gary Cohn defended the high fee on H-1B visas, stating it ensures visas are reserved for highly skilled individuals who cannot be hired in the US.']","['Companies are assessing other visa options, including the L-1 route for managers and employees with specialised knowledge, though it requires at least one year of overseas service.', ""Gary Cohn, vice-chair at IBM and former White House economic adviser, defended the decision, telling CBS that the fee would ensure visas are reserved for 'a highly skilled person who you need, who you cannot hire in the US.'""]",China,"IBM Corp. Pty. Ltd. is currently evaluating alternative visa options, particularly the L-1 visa route, in light of the high fees imposed on H-1B visas. This L-1 visa is intended for managers and specialized employees but requires at least one year of overseas service. Gary Cohn, vice-chair at IBM, has publicly defended the high fee, arguing that it is a necessary measure to ensure that H-1B visas are allocated to highly skilled individuals who are essential to the company and cannot be sourced from the domestic labor market. This marks a shift in IBM's strategy as they adapt to the new visa fee landscape while still emphasizing the need for skilled labor.","['IBM is actively considering the L-1 visa route for managers and specialized employees as an alternative to H-1B visas.', 'Gary Cohn defended the high fee on H-1B visas, stating it ensures that visas are reserved for highly skilled individuals who cannot be hired in the US.']"
IBM Corp. Pty. Ltd.,2025-09-23,"IBM Corp. Pty. Ltd. is positioned among the major tech firms that are likely to be impacted by the introduction of a high fee on H-1B visas. The company is part of a broader group of industry leaders, including Amazon, Microsoft, and Google, who collectively employ tens of thousands of H-1B visa holders. The White House has justified the fee increase as a measure to address 'systemic abuse' of the H-1B program and to prioritize American workers, which suggests that IBM, along with other tech companies, may face challenges in maintaining their workforce under the new policy.","['IBM is identified as one of the major tech firms that will feel the impact of the new high fee on H-1B visas.', 'The company is part of a collective group of industry leaders that employ tens of thousands of H-1B visa holders each year.', ""The White House's defense of the fee increase is aimed at curbing 'systemic abuse' of the H-1B program and prioritizing American workers.""]","[""The White House has defended the move as a way to curb 'systemic abuse' of the program and to prioritize American workers.""]",China,"IBM Corp. Pty. Ltd. is now recognized as one of the major tech firms that will be significantly affected by the introduction of high fees on H-1B visas, alongside other industry leaders like Amazon, Microsoft, and Google. This collective group employs tens of thousands of H-1B visa holders annually. The White House has justified the fee increase as a necessary measure to address 'systemic abuse' of the H-1B program and to prioritize American workers, indicating that IBM and its peers may encounter difficulties in maintaining their workforce under the new policy.","['IBM is now identified as part of a collective group of major tech firms, including Amazon, Microsoft, and Google, that employ tens of thousands of H-1B visa holders each year.', ""The White House has defended the fee increase as a measure to address 'systemic abuse' of the H-1B program and to prioritize American workers.""]"
IBM Corp. Pty. Ltd.,2025-09-24,"IBM Corp. Pty. Ltd. is positioned against the introduction of a high fee on H-1B visas, as it recognizes the potential negative impact on the U.S. economy and the technology sector. The company, along with other major firms, relies heavily on foreign talent, particularly from India, which is crucial for maintaining innovation and competitiveness. The increase in visa fees could deter top engineers, researchers, and programmers from joining American companies, thereby threatening the leadership roles that Indian-origin professionals currently hold in the tech industry.","[""IBM acknowledges that the H-1B visa fee increase could slow U.S. economic growth due to the technology sector's reliance on foreign talent, especially from India."", 'The company highlights that higher visa costs may discourage top engineers, researchers, and programmers from joining American firms, potentially affecting innovation and competitiveness.', 'IBM points out that Indian-origin professionals currently occupy leadership positions at major U.S. companies, emphasizing the importance of attracting and retaining world-class talent.']","[""Economists warn that the H-1B visa fee increase could slow U.S. economic growth, as the country's technology sector heavily depends on foreign talent, particularly from India."", 'Higher visa costs may discourage top engineers, researchers, and programmers from joining American firms, potentially affecting innovation and competitiveness.', 'Currently, Indian-origin professionals occupy leadership positions at major U.S. companies like Google, Microsoft, and IBM, while Indian doctors make up nearly 6% of the U.S. medical workforce.']",China,"IBM Corp. Pty. Ltd. has expressed concerns that the introduction of high fees on H-1B visas could negatively impact the U.S. economy and the technology sector. The company emphasizes its reliance on foreign talent, particularly from India, which is essential for maintaining innovation and competitiveness. IBM warns that the increased visa fees may deter top engineers, researchers, and programmers from joining American firms, thereby threatening the leadership roles that Indian-origin professionals currently hold in the tech industry. This highlights a growing recognition within IBM of the broader implications of the fee increase on the availability of skilled labor in the U.S.","[""IBM acknowledges that the H-1B visa fee increase could slow U.S. economic growth due to the technology sector's reliance on foreign talent, especially from India."", 'The company highlights that higher visa costs may discourage top engineers, researchers, and programmers from joining American firms, potentially affecting innovation and competitiveness.']"
Infosys Ltd.,2025-09-19,"Infosys Ltd. is positioned within a landscape where the introduction of high fees on H-1B visas could significantly impact its operations. The company, along with other consultancies, relies heavily on foreign workers, particularly from India, to fulfill technical roles for American firms. The increased fees associated with H-1B visa applications are seen as a potential barrier to hiring these foreign workers, as it raises the overall cost for companies. While there are calls for reforms in the visa allocation process, the current fee structure is already a concern for firms like Infosys that depend on a steady influx of skilled labor from abroad.","['The introduction of high fees on H-1B visas could affect hiring foreign workers, increasing costs for companies like Infosys.', 'Infosys, along with other consultancies, employs foreign workers primarily from India, contracted to American firms seeking cost savings.', 'Current fees for H-1B visa applications include $215 for lottery registration and $780 for the employer-sponsored petition.']","[""The increased fees could affect hiring foreign workers as it'll cost more for companies.""]",India,"Infosys Ltd. is positioned within a landscape where the introduction of high fees on H-1B visas could significantly impact its operations. The company, along with other consultancies, relies heavily on foreign workers, particularly from India, to fulfill technical roles for American firms. The increased fees associated with H-1B visa applications are seen as a potential barrier to hiring these foreign workers, as it raises the overall cost for companies. While there are calls for reforms in the visa allocation process, the current fee structure is already a concern for firms like Infosys that depend on a steady influx of skilled labor from abroad.","['The introduction of high fees on H-1B visas could affect hiring foreign workers, increasing costs for companies like Infosys.', 'Infosys, along with other consultancies, employs foreign workers primarily from India, contracted to American firms seeking cost savings.', 'Current fees for H-1B visa applications include $215 for lottery registration and $780 for the employer-sponsored petition.']"
Infosys Ltd.,2025-09-20,"Infosys Ltd. is significantly impacted by the introduction of a $100,000 fee on H-1B visas, as articulated by former CFO Mohandas Pai. He emphasized that this steep fee is likely to discourage companies from submitting new applications for H-1B visas, which could lead to an increase in offshoring. The new fee structure is expected to reshape hiring strategies, pushing firms to focus more on domestic talent rather than international recruitment, particularly affecting the Indian IT talent pool. The fee applies to all H-1B positions, making it financially viable primarily for high-value roles, which poses challenges for companies like Infosys that traditionally rely on H-1B visas for junior and mid-level engineers. The overall sentiment within the company and the industry suggests a cautious approach to future staffing in the U.S., with potential shifts in operational strategies to mitigate costs associated with the new visa regulations.","['The $100,000 fee for H-1B visas is considered very high and is likely to discourage companies from filing fresh applications, according to former Infosys CFO Mohandas Pai.', 'The introduction of the fee may accelerate offshoring as companies seek to reduce costs associated with hiring foreign talent.', 'Infosys, along with other major Indian IT firms, may need to reassess their U.S. staffing strategies due to the prohibitive costs of the new H-1B visa fee.', 'The fee applies to all H-1B positions, making it viable only for high-value roles, which could limit the hiring of junior and mid-level engineers that Infosys typically employs.', 'The new fee structure is expected to pivot hiring away from international recruitment towards domestic talent pipelines, significantly impacting the Indian IT talent landscape.']","[""'Now what will happen is everybody will work to increase offshoring...as it doesn’t make sense, first, you don’t get talent, second the costs are too high,' says Infy ex-CFO Pai."", ""'The U.S. move to impose a steep $100,000 annual fee on H-1B visa applicants will dampen fresh applications by companies and may accelerate offshoring in coming months,' said Mohandas Pai."", ""'The fee applies to all H-1B positions, regardless of salary or skill level, making it viable only for high-value roles.'"", ""'Companies like Infosys, TCS, and Wipro, which rely on H-1B visas to bring junior and mid-level engineers to the US, may face challenges.'"", ""'The higher cost could make H-1B hiring financially viable only for positions requiring advanced expertise.'""]",India,"Infosys Ltd. is facing significant challenges due to the introduction of a $100,000 fee on H-1B visas, as highlighted by former CFO Mohandas Pai. This steep fee is expected to discourage companies from submitting new applications for H-1B visas, potentially leading to an increase in offshoring as firms seek to mitigate costs. The fee applies to all H-1B positions, which means it will primarily benefit high-value roles, thereby limiting the hiring of junior and mid-level engineers that Infosys typically employs. The overall sentiment within the company suggests a cautious approach to future staffing in the U.S., with a shift towards domestic talent recruitment likely to reshape hiring strategies and impact the Indian IT talent pool significantly.","['The introduction of a $100,000 fee on H-1B visas is expected to discourage new applications and accelerate offshoring, according to former Infosys CFO Mohandas Pai.', 'The fee applies to all H-1B positions, making it financially viable primarily for high-value roles, which poses challenges for Infosys in hiring junior and mid-level engineers.']"
Infosys Ltd.,2025-09-21,"Infosys Ltd. is significantly impacted by the recent introduction of a high fee on H-1B visas, which has been set at $100,000 annually. This decision is expected to sharply increase operational costs for the company and other major Indian IT firms, potentially reducing their ability to hire new talent and maintain existing staffing levels. Analysts predict that the fee hike will lead to a further reduction in reliance on H-1B visas, as firms like Infosys may accelerate offshoring to India and increase local hiring in the U.S. The immediate market reaction has been negative, with Infosys shares dropping 4% following the announcement. Experts warn that this could disrupt business continuity for onshore projects and lead to project delays, as clients may hesitate to engage with firms that cannot provide immediate onsite presence. The long-term implications could reshape the profitability of India's IT sector, which heavily relies on H-1B visas for staffing U.S. projects.","['The introduction of a $100,000 annual fee on H-1B visas is expected to sharply increase costs for Infosys and reduce demand for Indian tech talent.', 'Infosys has already begun to reduce its dependence on H-1B visas by shifting more work to India and hiring locally in the U.S.', 'The steep fee hike is anticipated to trigger further adjustments and disrupt some onshore projects for Infosys.', 'Following the announcement, Infosys shares fell 4%, reflecting investor concerns over the impact of higher costs on profitability.', 'Experts warn that the new fee structure could lead to a near-term freeze on new H-1B applications and an inevitable tilt towards offshore delivery.']","['""This move (the US decision to hike H-1B visa application fee to $100,000) could sharply increase costs for US clients and reduce demand for Indian tech talent, directly impacting the revenue visibility of large IT exporters such as TCS, Infosys, and Wipro.""', '""Now what will happen is everybody will work to increase offshoring...because it doesn\'t make sense, first, you don\'t get talent, second the costs are too high. That will happen over the next maybe six months to one year.""']",India,"The recent introduction of a $100,000 annual fee on H-1B visas is expected to significantly increase operational costs for Infosys Ltd. and other major Indian IT firms, potentially reducing their ability to hire new talent and maintain existing staffing levels. Analysts predict that this fee hike will lead to a further reduction in reliance on H-1B visas, prompting Infosys to accelerate offshoring to India and increase local hiring in the U.S. The immediate market reaction has been negative, with Infosys shares dropping 4% following the announcement. Experts warn that this could disrupt business continuity for onshore projects and lead to project delays, as clients may hesitate to engage with firms that cannot provide immediate onsite presence. The long-term implications could reshape the profitability of India's IT sector, which heavily relies on H-1B visas for staffing U.S. projects.","['The introduction of a $100,000 annual fee on H-1B visas is expected to sharply increase costs for Infosys and reduce demand for Indian tech talent.', 'Following the announcement, Infosys shares fell 4%, reflecting investor concerns over the impact of higher costs on profitability.']"
Infosys Ltd.,2025-09-22,"Infosys Ltd. is facing significant operational and financial challenges due to the recent introduction of a $100,000 annual fee for H-1B visas. This fee is expected to drastically increase the costs associated with sending engineers to the U.S. for client projects, complicating workforce planning, recruitment, and deployment strategies. The company, along with other major Indian IT firms, is now evaluating alternative solutions such as remote work and client-side training in India to mitigate the financial burden. Analysts predict that the fee hike could reduce operating profits for Infosys by 7-15%, forcing the company to rethink its business strategy and pricing plans. The new fee structure alters the economics of deploying talent in the U.S., narrowing the cost advantage of sending Indian employees overseas compared to hiring locally. While larger firms like Infosys may absorb some of the costs due to their scale, the overall impact on the Indian IT services industry is expected to be profound, potentially leading to a talent gap and slower innovation in the sector.","['Infosys faces operational and financial pressure due to the new $100,000 annual fee for H-1B visas, which could drastically increase costs for sending engineers to the U.S.', 'The fee hike complicates workforce planning, recruitment, and deployment strategies, prompting Infosys to evaluate alternative solutions such as remote work and client-side training in India.', 'Analysts estimate that the new H-1B visa fee could reduce operating profits for Infosys by 7-15%, necessitating a reevaluation of business strategies.', 'The fee alters the economics of placing talent in the U.S., reducing the cost advantage of sending Indian employees compared to hiring locally.', 'While larger firms like Infosys may absorb some costs, the overall impact on the Indian IT services industry is expected to be significant, potentially leading to a talent gap.']","['Companies such as Infosys, Wipro, Cognizant, and Tata Consultancy Services (TCS) face operational and financial pressure due to the new $100,000 annual fee, which could drastically increase the cost of sending engineers to the US for client projects.', 'The fee hike complicates workforce planning, recruitment, and deployment strategies.', 'Many firms are now evaluating alternative solutions, including remote work, client-side training in India, and renegotiation of contracts to absorb higher costs, all while trying to maintain competitiveness in the global tech sector.', 'The new H-1B visa fee will raise operating costs for Indian IT services companies but large IT firms like Tata Consultancy Services (TCS) and Infosys are better equipped to manage these pressures because of their higher profitability, strong balance sheets and increased focus on local hiring over the last few years.', ""For India's IT services firms, the rule alters the economics of placing talent in the US, their biggest market. The cost advantage of sending Indian employees overseas compared to hiring locally will narrow considerably.""]",India,"Infosys Ltd. is currently grappling with significant operational and financial challenges stemming from the newly introduced $100,000 annual fee for H-1B visas. This fee is anticipated to drastically increase the costs associated with deploying engineers to the U.S. for client projects, complicating workforce planning, recruitment, and deployment strategies. In response, Infosys, along with other major Indian IT firms, is exploring alternative solutions such as remote work and client-side training in India to alleviate the financial burden. Analysts project that this fee hike could lead to a reduction in operating profits for Infosys by 7-15%, prompting a reevaluation of business strategies and pricing plans. The new fee structure fundamentally alters the economics of deploying talent in the U.S., diminishing the cost advantage of sending Indian employees overseas compared to local hiring. While larger firms like Infosys may be able to absorb some of the costs due to their scale, the overall impact on the Indian IT services industry is expected to be profound, potentially resulting in a talent gap and slower innovation within the sector.","['Infosys is exploring alternative solutions such as remote work and client-side training in India to mitigate the financial burden of the new $100,000 annual fee for H-1B visas.', 'Analysts predict that the new H-1B visa fee could reduce operating profits for Infosys by 7-15%, necessitating a reevaluation of business strategies and pricing plans.']"
Infosys Ltd.,2025-09-23,"Infosys Ltd. is significantly impacted by the introduction of a high fee on H-1B visas, which is expected to escalate their annual immigration costs by an estimated $150-550 million. This increase in costs is likely to erode core operating margins by 7-15%, compelling the company to restructure contracts and reassess the necessity of onsite roles. The new fee structure will push Infosys and other Indian IT firms to accelerate offshoring and local hiring strategies to mitigate the financial burden. Analysts suggest that while the new costs may shave 1-3% off net profit margins, Infosys is relatively well-positioned due to its aggressive localization strategies. However, the overall sentiment indicates that the new visa policy adds another layer of uncertainty to an already pressured sector, which is grappling with slow growth and a challenging US policy environment.","['Infosys faces an estimated $150-550 million increase in annual immigration costs due to the new H-1B visa fees.', 'The new fees are expected to erode core operating margins by 7-15%, forcing Infosys to restructure contracts and evaluate onsite role requirements.', 'The company is likely to accelerate offshoring and local hiring to offset the additional costs imposed by the new visa policy.', 'Analysts estimate that replacing one-third of H-1B employees with local hires could reduce EBIT margins by 20-50 basis points and earnings per share by 2-4%.', 'Despite the challenges, Infosys is considered relatively well-placed to absorb the changes due to its aggressive localization strategies.']","['Top Indian IT providers such as TCS, Infosys, Wipro, and HCLTech-who derive roughly 55% of their revenues from US projects-face an estimated $150-550 million escalation in annual immigration bills, with core operating margins expected to erode by 7-15%.', 'For Indian IT companies, the proclamation means higher operating costs in the medium term, as firms are forced to accelerate offshoring and local hiring to offset the additional burden.', 'Brokerages say Cyient and Tata Consultancy Services are least exposed, while Citi Research highlights HCLTech and Infosys as better placed thanks to their aggressive localisation strategies.']",India,"Infosys Ltd. is facing a significant increase in annual immigration costs due to the introduction of high fees on H-1B visas, estimated to range between $150-550 million. This surge in costs is projected to erode core operating margins by 7-15%, prompting the company to restructure contracts and reassess the necessity of onsite roles. The new fee structure is expected to accelerate offshoring and local hiring strategies as a means to mitigate the financial burden. Analysts indicate that while these new costs may reduce net profit margins by 1-3%, Infosys is relatively well-positioned to adapt due to its aggressive localization strategies. However, the overall sentiment reflects that the new visa policy adds further uncertainty to an already pressured sector, which is dealing with slow growth and a challenging U.S. policy environment.","['Infosys is expected to incur an estimated $150-550 million increase in annual immigration costs due to the new H-1B visa fees.', 'The introduction of high fees is projected to erode core operating margins by 7-15%, leading Infosys to restructure contracts and evaluate onsite role requirements.']"
Infosys Ltd.,2025-09-24,"Infosys Ltd. is significantly affected by the proposed introduction of a high fee on H-1B visas, which could lead to increased operational costs and impact hiring practices. The company, along with other Indian IT giants, relies heavily on H-1B visas for sourcing skilled foreign workers. The new fee structure is expected to exacerbate existing margin pressures in an industry already facing challenges from tighter client budgets and technological disruptions. Analysts have noted that the cost of hiring under the new regime could equate to a year's salary for each new recruit, further complicating the financial landscape for Infosys and its peers.","['Infosys relies heavily on H-1B visas for hiring skilled foreign workers, and the proposed changes could significantly increase their costs.', 'The new fee structure may lead to reduced hiring or a shift of jobs back to India for Infosys and other Indian IT companies.', 'The introduction of a $100,000 fee on new H-1B visas risks deepening margin pressures in an industry already grappling with tighter client budgets and trade policy uncertainty.', ""Every fresh recruit on an H-1B visa will now cost as much as a year's salary, increasing the cost of doing business for Infosys and impacting margins.""]","['The proposed changes to the H-1B visa program could have a significant impact on Indian IT giants, including TCS, Infosys, and Wipro.', 'The H-1B levy, which affects a program heavily used by software giants like Mumbai-based Tata Consultancy Services Ltd. and Bangalore-based Infosys Ltd., risks deepening margin pressures in an industry already grappling with tighter client budgets, disruption from artificial intelligence and unease from trade policy uncertainty.', ""With the new fee regime, every fresh recruit on an H-1B will now cost as much as a year's salary, with Citi Research cautioning it will 'increase the cost of doing business for IT services companies and end-clients in the US, impacting margins.'"", ""The $100,000 fee on new H-1B visas, as well as 50% US tariffs on India, have compounded troubles for India's IT services firms led by Tata Consultancy Services Ltd. and Infosys Ltd.""]",India,"Today, Infosys Ltd. faces heightened operational challenges due to the proposed introduction of a high fee on H-1B visas, which is expected to significantly increase hiring costs. Analysts have indicated that the new fee structure could equate to a year's salary for each new recruit, further complicating the financial landscape for Infosys and its peers. This situation is exacerbated by existing margin pressures stemming from tighter client budgets and technological disruptions. The cumulative effect of the $100,000 fee on new H-1B visas is anticipated to deepen these margin pressures, potentially leading to reduced hiring or a shift of jobs back to India for Infosys and other Indian IT companies. The overall sentiment reflects a growing concern about the sustainability of current business models in light of these changes.","[""The proposed high fee on H-1B visas could equate to a year's salary for each new recruit, significantly increasing operational costs for Infosys."", 'The new fee structure is expected to deepen existing margin pressures in the industry, potentially leading to reduced hiring or a shift of jobs back to India.']"
Infosys Ltd.,2025-09-25,"Infosys Ltd. is positioned to face significant challenges due to the introduction of a high fee on H-1B visas, which is expected to increase operational costs for IT giants like Infosys, TCS, and Wipro. The burden of these costs will likely impact not only large firms but also small and medium-sized enterprises, potentially reducing their profitability. Despite a decreasing reliance on H-1B visas in recent years, the projected increase in visa fees could elevate the overall employee cost for these companies, which generate a substantial portion of their revenue from international markets, particularly the US.","['Infosys, along with other IT giants, will face sharp cost increases due to the high fee on H-1B visas, which could severely affect small and medium-sized firms.', 'The reliance of IT companies on H-1B visas has been decreasing, but the new fee structure could increase visa costs to 1.0 percent of total employee costs.', 'Tier-1 IT companies like Infosys generate 96 percent of their revenue from international markets, with the US accounting for 53 percent.']","['The burden will fall heavily on students, startups, education providers, and healthcare companies. IT giants like TCS, Infosys, and Wipro, which are heavily reliant on H-1B visas, will face sharp cost increases. This could severely affect small and medium-sized firms, reducing their profitability.']",India,"Today, Infosys Ltd. is facing heightened operational challenges due to the introduction of a high fee on H-1B visas, which is expected to significantly increase costs not only for large firms but also for small and medium-sized enterprises (SMEs). Analysts have noted that the projected increase in visa fees could elevate the overall employee cost for these companies, potentially reducing their profitability. Despite a trend of decreasing reliance on H-1B visas in recent years, the new fee structure could result in visa costs amounting to 1.0 percent of total employee costs. Furthermore, it has been highlighted that Tier-1 IT companies like Infosys generate 96 percent of their revenue from international markets, with the US accounting for 53 percent, indicating the critical nature of these visa changes for their business models.","['The introduction of high fees on H-1B visas is expected to significantly increase operational costs for Infosys and other IT giants, impacting small and medium-sized enterprises and potentially reducing their profitability.', 'The new fee structure could increase visa costs to 1.0 percent of total employee costs, despite a decreasing reliance on H-1B visas in recent years.']"
Metaview,2025-09-22,"Metaview, a San Francisco-based tech company, is actively responding to the challenges posed by the recent introduction of a high fee on H-1B visas. Shahriar Tajbakhsh, the co-founder and CTO, has indicated that the firm is prepared to accelerate its hiring of top professionals despite the increased costs associated with the H-1B visa changes. Tajbakhsh has expressed confidence in the value that each team member brings, viewing the $100,000 fee as a minor concern in comparison. This perspective highlights Metaview's commitment to attracting and retaining skilled talent in a competitive landscape where other countries may seek to benefit from the fee hike.","['Metaview is ready to move quickly to hire top professionals despite the increased costs associated with the H-1B visa changes.', ""Shahriar Tajbakhsh views the $100,000 fee for H-1B visa applications as 'a rounding error compared to the value each member of our team creates.'"", 'The company is focused on maintaining momentum in attracting talent, even as other countries may capitalize on the H-1B fee hike.']","['We are ready to move fast to hire top professionals.', 'The $100,000 fee is a rounding error compared to the value each member of our team creates.']",China,"Metaview, a San Francisco-based tech company, is actively responding to the challenges posed by the recent introduction of a high fee on H-1B visas. Shahriar Tajbakhsh, the co-founder and CTO, has indicated that the firm is prepared to accelerate its hiring of top professionals despite the increased costs associated with the H-1B visa changes. Tajbakhsh has expressed confidence in the value that each team member brings, viewing the $100,000 fee as a minor concern in comparison. This perspective highlights Metaview's commitment to attracting and retaining skilled talent in a competitive landscape where other countries may seek to benefit from the fee hike.","['Metaview is ready to move quickly to hire top professionals despite the increased costs associated with the H-1B visa changes.', ""Shahriar Tajbakhsh views the $100,000 fee for H-1B visa applications as 'a rounding error compared to the value each member of our team creates.'"", 'The company is focused on maintaining momentum in attracting talent, even as other countries may capitalize on the H-1B fee hike.']"
Microsoft Corp.,2025-09-19,"Microsoft Corp. is positioned at the center of the debate surrounding the introduction of a high fee on H-1B visas. The company, along with other major tech players, is likely to face increased operational costs due to the proposed fee, which critics argue could deter global talent and stifle innovation. This change may necessitate a significant reevaluation of hiring practices for Microsoft and similar companies, as the fee could make it more challenging for foreign workers to secure employment in the U.S. While larger corporations like Microsoft may absorb these costs, smaller startups could experience substantial burdens, highlighting the disparity in impact across the tech industry.","['Microsoft, along with other big tech companies, faces increased operational costs due to the proposed high fee on H-1B visas.', 'The introduction of the fee could lead to a dramatic rethink of hiring practices for Microsoft and similar companies.', 'Critics of the fee argue that it could deter global talent and stifle innovation, impacting companies like Microsoft that rely on H-1B visas.', 'While major corporations like Microsoft may not be deterred by the fee, smaller startups could face significant challenges.']","['The proposal has been met with mixed reviews. Critics argue it could deter global talent and stifle innovation, while advocates believe it will protect American jobs by minimizing foreign competition. Big tech players, such as Amazon and Microsoft, who heavily depend on H-1B visas, face increased operational costs.', 'For companies like Google, Microsoft, Amazon, and startups across the country, this could mean a dramatic rethink of hiring practices. For foreign workers hoping to land a U.S. job, the fee makes access harder and far more exclusive.', ""Debate over the H-1B program has long simmered between Trump's conservative supporters, who argue it can depress wages, and industry leaders who emphasize its role in securing top-tier talent. The proposed fee hikes may not deter major corporations like Amazon or Microsoft, yet they could impose significant burdens on smaller startups.""]",United States,"Microsoft Corp. is positioned at the center of the debate surrounding the introduction of a high fee on H-1B visas. The company, along with other major tech players, is likely to face increased operational costs due to the proposed fee, which critics argue could deter global talent and stifle innovation. This change may necessitate a significant reevaluation of hiring practices for Microsoft and similar companies, as the fee could make it more challenging for foreign workers to secure employment in the U.S. While larger corporations like Microsoft may absorb these costs, smaller startups could experience substantial burdens, highlighting the disparity in impact across the tech industry.","['Microsoft, along with other big tech companies, faces increased operational costs due to the proposed high fee on H-1B visas.', 'The introduction of the fee could lead to a dramatic rethink of hiring practices for Microsoft and similar companies.', 'Critics of the fee argue that it could deter global talent and stifle innovation, impacting companies like Microsoft that rely on H-1B visas.', 'While major corporations like Microsoft may not be deterred by the fee, smaller startups could face significant challenges.']"
Microsoft Corp.,2025-09-20,"Microsoft Corp. is significantly impacted by the recent introduction of a $100,000 annual fee for H-1B visas, a move that has been described as a 'shock' to Indian IT professionals. The company, along with Amazon, has advised its employees holding H-1B and H-4 visas to remain in or return to the United States amid confusion surrounding the new policy. This fee increase is expected to disproportionately affect junior and mid-level professionals, as companies may prioritize hiring highly specialized talent over entry-level positions. The policy could lead to a reconsideration of hiring strategies within Microsoft and other tech giants, potentially slowing down India-US tech collaborations and pushing talent towards other countries. Critics argue that this move could harm the American economy, which relies heavily on skilled workers, and may stifle innovation in the tech sector.","['Microsoft has warned employees on H-1B and H-4 visas to remain in or return to the US amid confusion over the new $100,000 visa fee.', 'The introduction of the high fee is expected to disproportionately affect junior and mid-level professionals, leading to a potential decline in hiring for these roles.', 'The policy may force Microsoft to reconsider its hiring strategies, focusing more on highly specialized talent rather than entry-level positions.', 'Critics argue that the fee increase could harm the American economy and slow down India-US tech collaborations.', 'The decision risks upending the careers of many Indian tech workers and may push talent toward other countries.']","['Microsoft and Amazon have warned employees on H-1B and H-4 visas to remain in or return to the US amid confusion.', 'The policy may force IT firms to reconsider hiring and could slow India-US tech collaborations.', 'With thousands of visas affected, the decision risks upending the careers of Indian tech workers and may push talent toward other countries.']",United States,"Microsoft Corp. is facing significant challenges due to the recent introduction of a $100,000 annual fee for H-1B visas, which has been described as a 'shock' to Indian IT professionals. The company, alongside Amazon, has advised its employees holding H-1B and H-4 visas to remain in or return to the United States amid confusion regarding the new policy. This fee increase is anticipated to disproportionately impact junior and mid-level professionals, as companies may shift their focus towards hiring highly specialized talent, potentially leading to a decline in entry-level positions. Furthermore, the policy could necessitate a reevaluation of hiring strategies within Microsoft and other tech giants, which may slow down collaborations between India and the U.S. Critics have raised concerns that this move could harm the American economy, which heavily relies on skilled workers, and stifle innovation in the tech sector, while also risking the careers of many Indian tech workers and pushing talent towards other countries.","['Microsoft has warned employees on H-1B and H-4 visas to remain in or return to the US amid confusion over the new $100,000 visa fee.', 'The introduction of the high fee is expected to disproportionately affect junior and mid-level professionals, leading to a potential decline in hiring for these roles.']"
Microsoft Corp.,2025-09-21,"Microsoft Corp. has expressed significant concern regarding the introduction of a $100,000 annual fee for H-1B visa applications, as announced by the Trump administration. The company, along with other major tech firms, has advised its H-1B employees to remain in the U.S. or return quickly if they are currently overseas, highlighting the urgency of the situation. Microsoft is worried about the financial implications of the new fee, which could lead to a reduction in H-1B sponsorships and project delays due to the increased costs associated with hiring foreign talent. The company anticipates that this policy will force them to be more selective in their hiring practices, potentially reshaping the demand for skilled foreign workers. Overall, Microsoft views the fee as a significant barrier to maintaining its workforce and innovation capabilities in the U.S.","['Microsoft, along with other tech giants, has advised H-1B employees to stay in the U.S. or return quickly before the new fee takes effect.', 'The company is concerned that the $100,000 fee could lead to project delays and cost escalations due to reduced hiring of H-1B talent.', 'Microsoft expects to become more selective in H-1B sponsorships, reserving filings for only the most critical roles.', ""The introduction of the fee may significantly impact Microsoft's ability to hire foreign talent, which is crucial for its operations and innovation.""]","['Following the announcement on Friday that the Trump administration is planning to add a new $100,000 annual fee for H-1B visa applications beginning Sunday, Amazon (AMZN), Google (GOOGL), Microsoft (MSFT), and others warned H-1B holders to not leave the U.S. and urged employees overseas on visa to return as soon as possible.', 'Some companies including Microsoft JPMorgan, and Amazon, had responded to the Friday announcement by advising employees holding H-1B visas to remain in the United States.', 'Microsoft urged employees travelling abroad to return before the fee deadline, while Amazon, Alphabet, Meta, and JPMorgan issued similar guidance.', ""A Microsoft executive told Business Insider the company could simply shift more workers to Canada, where immigration laws are friendlier. 'So the US doesn't get $100,000,' they said, 'and probably loses $100,000 a year in federal and state tax revenue per immigrant. No net new US jobs will be created. They'll just move the jobs to Vancouver.'""]",United States,"Microsoft Corp. has raised significant concerns regarding the newly introduced $100,000 annual fee for H-1B visa applications, which is set to take effect imminently. The company, alongside other major tech firms, has advised its H-1B employees to remain in the U.S. or return quickly if they are currently overseas, emphasizing the urgency of the situation. Microsoft is particularly worried about the financial implications of this fee, which could lead to a reduction in H-1B sponsorships and project delays due to increased hiring costs. The company anticipates that this policy will necessitate a more selective approach to hiring, potentially reshaping the demand for skilled foreign workers. Furthermore, a Microsoft executive indicated that the company might consider relocating more workers to Canada, where immigration laws are perceived as more favorable, suggesting that the U.S. could lose out on tax revenue and job creation as a result of this fee.","['Microsoft has advised its H-1B employees to remain in the U.S. or return quickly due to the imminent implementation of the $100,000 fee.', 'The company is concerned that the new fee could lead to reduced H-1B sponsorships and project delays, prompting a more selective hiring strategy.']"
Microsoft Corp.,2025-09-22,"Microsoft Corp. is significantly impacted by the introduction of a $100,000 fee on H-1B visas, a move that has raised concerns among tech giants reliant on skilled foreign workers. The company, along with others like Amazon, has warned its employees on H-1B and H-4 visas to remain in or return to the U.S. amid confusion surrounding the new policy. This fee is seen as regressive and detrimental to the American economy, particularly affecting Indian IT professionals who constitute a large portion of H-1B visa holders. Microsoft acknowledges that the fee could force IT firms to reconsider hiring practices and may slow collaborations between India and the U.S. The company is also expected to become more selective in sponsoring candidates for H-1B visas, reserving applications for only the most critical roles, which could limit access to skilled talent and disrupt innovation pipelines.","['Microsoft and Amazon have advised employees on H-1B and H-4 visas to remain in or return to the U.S. amid confusion over the new $100,000 fee.', 'The $100,000 fee is viewed as regressive and could harm the American economy, particularly affecting Indian talent.', 'The policy may force IT firms, including Microsoft, to reconsider hiring practices and could slow India-U.S. tech collaborations.', 'Microsoft is expected to become more selective in sponsoring H-1B candidates, limiting access to skilled talent.', 'The fee could disrupt innovation pipelines and delay projects, impacting the overall tech ecosystem.']","['Microsoft and Amazon have warned employees on H-1B and H-4 visas to remain in or return to the US amid confusion.', 'The policy may force IT firms to reconsider hiring and could slow India-US tech collaborations.', 'We expect that companies will become far more selective in deciding which candidates to sponsor, reserving H-1B filings for only the most business-critical roles.']",United States,"Microsoft Corp. has expressed significant concern regarding the newly introduced $100,000 fee on H-1B visas, emphasizing its potential to harm the American economy and disrupt the tech ecosystem. The company, alongside Amazon, has reiterated the urgency for its employees on H-1B and H-4 visas to remain in or return to the U.S. due to confusion surrounding the policy. Microsoft acknowledges that the fee is regressive and detrimental, particularly for Indian IT professionals, and anticipates that it will compel IT firms to adopt more selective hiring practices, focusing on only the most critical roles for H-1B sponsorship. This shift could limit access to skilled talent and hinder innovation pipelines, further impacting collaborations between India and the U.S.","['Microsoft acknowledges that the $100,000 fee on H-1B visas is regressive and could harm the American economy, particularly affecting Indian IT professionals.', 'The company expects to adopt more selective hiring practices, reserving H-1B sponsorship for only the most critical roles, which may limit access to skilled talent.']"
Microsoft Corp.,2025-09-23,"Microsoft Corp. is significantly impacted by the introduction of a high fee on H-1B visas, as the company relies heavily on international talent to fill specialized roles. The $100,000 one-time fee imposed by President Trump for new applications under the skilled worker program is expected to create substantial new costs for major tech employers, including Microsoft. This fee disproportionately affects Indian technology workers, who make up a large percentage of H-1B visa holders. While some experts suggest that the fee could lead to opportunities for laid-off H-1B visa holders from companies like Microsoft, the overall sentiment indicates that the new fee structure may force the company to reconsider its hiring strategies. The policy is seen as regressive and could harm the American economy by limiting access to skilled workers, particularly from India, which has been a significant source of talent for the tech industry. Microsoft has advised its employees on H-1B and H-4 visas to remain in or return to the U.S. amid confusion surrounding the new regulations.","['Microsoft relies heavily on international talent, particularly from India, to fill specialized roles, making the new H-1B visa fee a significant concern.', 'The $100,000 fee imposed by President Trump for new H-1B applications is expected to create substantial new costs for Microsoft and other major tech employers.', 'Experts suggest that the new fee could prompt companies to hire laid-off H-1B visa holders from Microsoft and other tech firms.', 'The introduction of the high fee is viewed as regressive and could harm the American economy by limiting access to skilled workers.', 'Microsoft has advised employees on H-1B and H-4 visas to remain in or return to the U.S. amid confusion regarding the new visa regulations.']","['The changes pose substantial new costs for major tech employers such as Amazon, Microsoft, Google, Meta etc., which rely heavily on international talent to fill specialised roles.', 'There may be a silver lining to the H-1B visa rule changes. The $100,000 one-time fee imposed by US President Donald Trump for new applications under the skilled worker programme could prompt recruiters to consider hiring the H-1B visa holders who were recently laid off by technology companies such as Microsoft, Oracle, Intel and AWS, said experts.', ""Indian IT professionals are facing a new crisis after Trump's $100,000 H-1B visa fee shock. Microsoft and Amazon have warned employees on H-1B and H-4 visas to remain in or return to the US amid confusion.""]",United States,"Microsoft Corp. continues to express significant concern regarding the newly introduced $100,000 one-time fee for H-1B visa applications, which is expected to create substantial new costs for the company and other major tech employers. The fee disproportionately affects Indian technology workers, who constitute a large percentage of H-1B visa holders. Experts suggest that while the fee may lead to opportunities for laid-off H-1B visa holders from companies like Microsoft, the overall sentiment indicates that the new fee structure may force the company to reconsider its hiring strategies. The policy is viewed as regressive and could harm the American economy by limiting access to skilled workers, particularly from India. Microsoft has reiterated its advice for employees on H-1B and H-4 visas to remain in or return to the U.S. amid ongoing confusion regarding the new regulations.","['The $100,000 one-time fee for new H-1B applications is expected to create substantial new costs for Microsoft and other major tech employers.', 'Experts suggest that the new fee could prompt companies to hire laid-off H-1B visa holders from Microsoft and other tech firms.']"
Microsoft Corp.,2025-09-24,"Microsoft Corp. is significantly impacted by the recent introduction of a $100,000 fee on H-1B visas, a move that is expected to double hiring costs and necessitate a reassessment of human resources strategies. The company, like other major tech firms, relies heavily on foreign engineers and developers to fill critical gaps in the domestic labor market. This fee increase could lead to a reduction in applicant numbers and a greater reliance on overseas development centers, potentially slowing innovation and delaying product launches in key sectors such as artificial intelligence and cloud computing. Despite the financial burden, analysts suggest that for Microsoft, the new fees may not be a major deterrent given its substantial R&D budget. The company has already begun to respond to the situation by urging existing H-1B visa holders to return to the U.S. and cancel travel plans, indicating a proactive approach to mitigate the impact of the new policy.","['The introduction of a $100,000 fee on H-1B visas will double hiring costs for Microsoft and prompt a reassessment of human resources strategies.', 'Microsoft, along with other major tech companies, heavily relies on foreign engineers and developers to fill gaps in the domestic labor market.', 'The fee increase could slow the pace of innovation and delay product launches in key sectors like artificial intelligence and cloud computing.', 'Despite the new fees, analysts believe that for Microsoft, the financial impact may be manageable given its $30 billion R&D budget.', 'Microsoft has reportedly asked employees abroad to rush back to the U.S. and cancel travel plans in response to the new visa fee policy.']","['""The sharp increase in fees will double hiring costs and prompt a reassessment of human resources strategies, whether by reducing applicant numbers or relying more heavily on overseas development centers in Asia and Eastern Europe.""', '""Microsoft had less than 2,000 net new H-1B hires last year. Even at $100,000 per visa, that\'s just $200 million-a mere 0.6% of its $30 billion R&D budget.""', '""The fee hike sent H-1B holders into panic mode - until a quick clarification exempted existing ones. Now, with new talent becoming more expensive, current holders are in a sweet spot.""']",United States,"Microsoft Corp. is facing a significant impact from the newly introduced $100,000 fee on H-1B visas, which is expected to double hiring costs and necessitate a reassessment of human resources strategies. The company heavily relies on foreign engineers and developers to fill critical gaps in the domestic labor market, and this fee increase could lead to a reduction in applicant numbers and a greater reliance on overseas development centers, potentially slowing innovation and delaying product launches in key sectors such as artificial intelligence and cloud computing. Despite the financial burden, analysts suggest that the new fees may not be a major deterrent for Microsoft, given its substantial R&D budget. The company has proactively urged existing H-1B visa holders to return to the U.S. and cancel travel plans to mitigate the impact of the new policy.","['The introduction of a $100,000 fee on H-1B visas is expected to double hiring costs for Microsoft and prompt a reassessment of human resources strategies.', 'Microsoft has urged existing H-1B visa holders to return to the U.S. and cancel travel plans in response to the new visa fee policy.']"
Microsoft Corp.,2025-09-25,"Microsoft Corp. is significantly impacted by the recent introduction of a $100,000 application fee for H-1B visas, as the company employs a substantial number of H-1B visa holders. While Microsoft, along with other major tech companies, may have the financial capacity to absorb these costs, the new fee poses a considerable challenge for smaller and mid-sized businesses in the technology sector. The policy is expected to disrupt the hiring landscape, particularly for companies that rely heavily on foreign talent. The increase in fees is seen as a move that could diminish America's attractiveness as a destination for skilled professionals, potentially leading to a loss of innovation and talent to other countries. Microsoft has not publicly commented on the fee increase, but the implications for the company and the broader tech industry are profound, as they may face hurdles in maintaining their workforce and competitive edge in the global market.","['Microsoft employs 5,189 H-1B visa holders, making it one of the major users of the H-1B program.', 'The new $100,000 application fee for H-1B visas is expected to hit technology-oriented companies like Microsoft the hardest.', 'While Microsoft may absorb the costs of the new fee, smaller and mid-sized businesses in the tech sector may struggle to hire skilled workers.', 'The introduction of the high fee could lead to a loss of talent to countries like the UK and China, which are lowering barriers for skilled professionals.', ""The policy change is likely to shake up hirings in the tech industry, impacting Microsoft's ability to attract foreign talent.""]","['The new $100,000 application fee will hit technology-oriented companies, which sponsor and employ thousands of H-1B visa holders every year, the hardest.', 'Major companies like Microsoft, Google, and Amazon may be able to absorb the costs, but smaller and mid-sized businesses in healthcare, engineering, and information technology may struggle to handle the potential costs of hiring new staff so frequently.', 'For decades, America was the dream destination for tech, healthcare, and research professionals-many from India. But now, giants like Amazon, Google, and Microsoft face major hurdles, while thousands risk losing their American dream.', 'According to Quartz, tech behemoths like Google, Apple, Meta, and Microsoft are among the companies with the most H-1B visa holders. For these tech giants, $100,000 is a drop in the bucket but for smaller companies and start-ups, this new requirement could have a detrimental effect on the ability to acquire the most skilled workers.']",United States,"Microsoft Corp. is facing significant challenges due to the recent introduction of a $100,000 application fee for H-1B visas, as it employs a substantial number of H-1B visa holders, totaling 5,189. While the company may have the financial capacity to absorb these costs, the fee is expected to disproportionately impact smaller and mid-sized businesses in the technology sector, which may struggle to hire skilled workers. The new fee is anticipated to disrupt the hiring landscape, diminishing America's attractiveness as a destination for skilled professionals and potentially leading to a loss of talent to countries like the UK and China, which are lowering barriers for skilled professionals. Although Microsoft has not publicly commented on the fee increase, the implications for the company and the broader tech industry are profound, as they may face hurdles in maintaining their workforce and competitive edge in the global market.","['Microsoft employs 5,189 H-1B visa holders, making it one of the major users of the H-1B program.', 'The introduction of the high fee could lead to a loss of talent to countries like the UK and China, which are lowering barriers for skilled professionals.']"
Talent Fund,2025-09-22,"Talent Fund's position regarding the introduction of a high fee on H-1B visas reflects concern over the potential impact on attracting global talent. Jamie Arrowsmith, director of Universities UK International, highlighted the need for funding and autonomy to facilitate the transition for skilled workers. The significant increase in H-1B visa fees announced by President Trump, which raises the cost to $100,000, is seen as a shock to the tech industry and could hinder the ability to attract skilled foreign workers, particularly from India, who constitute a large portion of H-1B visa holders.","['The introduction of a high fee on H-1B visas to $100,000 is viewed as a shock to the tech industry.', 'The H-1B programme is crucial for skilled foreign workers, especially Indians, in the technology, research, and healthcare sectors.', 'Jamie Arrowsmith emphasized the need for funding and autonomy to attract global talent and ensure a smooth transition.']",['Ultimately to attract global talent we need to be able to offer funding and autonomy and make the transition as smooth as possible.'],Canada,"Talent Fund's position regarding the introduction of a high fee on H-1B visas reflects concern over the potential impact on attracting global talent. Jamie Arrowsmith, director of Universities UK International, highlighted the need for funding and autonomy to facilitate the transition for skilled workers. The significant increase in H-1B visa fees announced by President Trump, which raises the cost to $100,000, is seen as a shock to the tech industry and could hinder the ability to attract skilled foreign workers, particularly from India, who constitute a large portion of H-1B visa holders.","['The introduction of a high fee on H-1B visas to $100,000 is viewed as a shock to the tech industry.', 'The H-1B programme is crucial for skilled foreign workers, especially Indians, in the technology, research, and healthcare sectors.', 'Jamie Arrowsmith emphasized the need for funding and autonomy to attract global talent and ensure a smooth transition.']"
Talent Fund,2025-09-25,"Talent Fund is actively responding to the implications of the high fee on H-1B visas introduced by Donald Trump, advocating for measures to support engineering and founding professionals affected by these changes. The organization is pushing for the expansion of the Global Talent Fund and the Enterprise Management Incentive scheme to attract and retain top talent in the UK, highlighting the potential advantages for the UK in light of the H-1B situation.","['Talent Fund recommended the expansion of the Global Talent Fund to support professionals affected by US H-1B visa policies.', 'The organization requested the government to broaden the Enterprise Management Incentive scheme to offer competitive equity packages to incoming talent.', ""Dom Hallas, leading the UK's Startup Coalition, emphasized potential advantages for the UK arising from the H-1B situation in an open letter to the home secretary.""]","['The official recommended the Home Office expand their Global Talent Fund to support engineering and founding professionals affected by US policies.', ""The organisation requested the government to broaden the 'Enterprise Management Incentive (EMI) scheme to ensure that incoming talent can be compensated with the very best equity packages available.'"", ""Dom Hallas, who leads the UK's Startup Coalition policy organisation, addressed home secretary Shabana Mahmood through an open letter, discussing potential advantages for the UK arising from the H-1B situation.""]",Canada,"Talent Fund is actively advocating for measures to support engineering and founding professionals impacted by the high fee on H-1B visas introduced by Donald Trump. The organization has recommended the expansion of the Global Talent Fund to assist these professionals and has requested the government to broaden the Enterprise Management Incentive scheme to provide competitive equity packages for incoming talent. Additionally, Dom Hallas, leading the UK's Startup Coalition, highlighted potential advantages for the UK in light of the H-1B situation in an open letter to the home secretary.","['Talent Fund recommended the expansion of the Global Talent Fund to support professionals affected by US H-1B visa policies.', 'The organization requested the government to broaden the Enterprise Management Incentive scheme to offer competitive equity packages to incoming talent.']"
Tata Consultancy Services Ltd.,2025-09-20,"Tata Consultancy Services Ltd. (TCS) is significantly impacted by the introduction of a high fee on H-1B visas, which has been raised to $100,000 under President Trump's new regulations. This steep increase is expected to reshape the hiring strategies of TCS and other major firms that rely heavily on H-1B talent, particularly from India. The company may need to shift its focus towards hiring highly specialized, high-wage talent and domestic graduates, as the new fee could limit opportunities for Indian professionals, especially in junior roles. The overall sentiment indicates that TCS, along with other Indian IT companies, faces a dual challenge of increased costs and heightened scrutiny, prompting a reassessment of their staffing strategies in the U.S. market.","['The introduction of a $100,000 fee for H-1B visa sponsorship is expected to pressure TCS to reconsider its hiring strategies.', 'TCS may shift focus towards hiring highly specialized, high-wage talent and domestic graduates due to the increased costs associated with H-1B visas.', ""The new fee could reduce opportunities for Indian professionals, particularly in junior roles, impacting TCS's ability to hire talent from India."", 'TCS, along with other major firms, must reassess their U.S. staffing strategies in light of the new H-1B visa fee and heightened scrutiny.']","['President Trump has raised the H-1B visa sponsorship fee to $100,000 to prioritise American jobs and curb outsourcing. Indian professionals, who form the majority of H-1B holders, may face reduced opportunities, especially in junior roles.', 'The change pressures companies like Amazon, Microsoft, and TCS to reconsider hiring strategies, shifting focus to highly specialised, high-wage talent and domestic graduates.', 'With major firms like Amazon, Microsoft, and Tata Consultancy Services heavily reliant on H-1B talent, the question now is: Who will still make the cut under this costly new system?', 'Indian IT companies, which historically accounted for nearly 70 per cent of H-1B visas, now face a dual challenge: the fee and heightened scrutiny. Firms such as TCS, Infosys, Wipro, and Tech Mahindra must reassess their US staffing strategies.']",India,"Tata Consultancy Services Ltd. (TCS) is significantly impacted by the introduction of a high fee on H-1B visas, which has been raised to $100,000 under President Trump's new regulations. This steep increase is expected to reshape the hiring strategies of TCS and other major firms that rely heavily on H-1B talent, particularly from India. The company may need to shift its focus towards hiring highly specialized, high-wage talent and domestic graduates, as the new fee could limit opportunities for Indian professionals, especially in junior roles. The overall sentiment indicates that TCS, along with other Indian IT companies, faces a dual challenge of increased costs and heightened scrutiny, prompting a reassessment of their staffing strategies in the U.S. market.","['The introduction of a $100,000 fee for H-1B visa sponsorship is expected to pressure TCS to reconsider its hiring strategies.', 'TCS may shift focus towards hiring highly specialized, high-wage talent and domestic graduates due to the increased costs associated with H-1B visas.', ""The new fee could reduce opportunities for Indian professionals, particularly in junior roles, impacting TCS's ability to hire talent from India."", 'TCS, along with other major firms, must reassess their U.S. staffing strategies in light of the new H-1B visa fee and heightened scrutiny.']"
Tata Consultancy Services Ltd.,2025-09-21,"Tata Consultancy Services Ltd. (TCS) is significantly impacted by the introduction of a high fee on H-1B visas, which is expected to reduce access to the program for skilled foreign nationals. The company, along with other major firms, has advised its employees on H-1B visas to remain in the U.S. or return quickly before the new regulations took effect. This move reflects a broader concern within the tech industry that the fee hike will reshape employer demand and force companies to be more selective in their sponsorship of H-1B candidates. TCS, being one of the top recipients of H-1B visas, may face increased operational costs that could hinder its ability to hire new talent and maintain staffing levels. The overall sentiment suggests that the fee increase could undermine the competitive edge of U.S.-based firms that rely on global talent mobility.","['Tata Consultancy Services has expressed that the high fee on H-1B visas would significantly reduce access to the program for many skilled foreign nationals.', 'The company advised its employees on H-1B visas to stay put or return to the U.S. before the new regulations took effect, reflecting urgency and concern over the changes.', 'As one of the top recipients of H-1B visas, TCS may face increased operational costs due to the fee hike, affecting its ability to hire new talent.', 'The fee increase is expected to lead companies, including TCS, to become more selective in sponsoring H-1B candidates, reserving filings for only the most business-critical roles.']","['""This would significantly reduce access to the H-1B program for many skilled foreign nationals and could reshape employer demand.""', '""Before the White House clarified that the order applied only to new applicants and not holders of existing visas or those seeking renewals, companies including Tata Consultancy Services... advised employees on H-1B visas to stay put or return to the U.S. before Sunday...""']",India,"Tata Consultancy Services Ltd. (TCS) has expressed that the introduction of a high fee on H-1B visas will significantly reduce access to the program for many skilled foreign nationals, indicating a potential shift in employer demand. The company has advised its employees on H-1B visas to either remain in the U.S. or return quickly before the new regulations took effect, reflecting a sense of urgency and concern regarding the changes. As one of the top recipients of H-1B visas, TCS anticipates facing increased operational costs due to the fee hike, which could hinder its ability to hire new talent and maintain staffing levels. The overall sentiment suggests that the fee increase will compel TCS and other firms to be more selective in their sponsorship of H-1B candidates, focusing on only the most business-critical roles.","['TCS has indicated that the high fee on H-1B visas will significantly reduce access to the program for many skilled foreign nationals, reshaping employer demand.', 'The company has advised its employees on H-1B visas to stay in the U.S. or return quickly before the new regulations took effect, highlighting urgency and concern over the changes.']"
Tata Consultancy Services Ltd.,2025-09-22,"Tata Consultancy Services (TCS) is facing significant operational and financial challenges due to the introduction of a $100,000 annual fee on H-1B visas. This fee is expected to drastically increase the costs associated with sending engineers to the U.S. for client projects, complicating workforce planning, recruitment, and deployment strategies. TCS, along with other Indian IT firms, is urgently reassessing its strategies to comply with this unprecedented fee increase, exploring alternatives such as remote work and renegotiation of contracts. While TCS is better positioned than some smaller firms due to its profitability and focus on local hiring, the overall impact on project timelines, margins, and workforce mobility is concerning. The fee hike could lead to a talent gap that may slow innovation and disadvantage smaller U.S. companies compared to global competitors. Analysts predict that TCS and similar firms will need to redesign their pricing models to adapt to the new economic landscape created by the fee increase.","['TCS faces operational and financial pressure due to the new $100,000 annual fee on H-1B visas, which could drastically increase costs for sending engineers to the U.S.', 'The fee hike complicates workforce planning, recruitment, and deployment strategies for TCS, prompting the company to evaluate alternative solutions such as remote work and client-side training in India.', 'TCS is better equipped to manage the pressures of the fee increase compared to smaller firms, thanks to its higher profitability and strong balance sheet.', 'The new fee is expected to disrupt project timelines and margins, with potential impacts on client costs as firms may pass on the increased expenses.', 'The fee hike could create a talent gap that slows innovation and disadvantages smaller U.S. companies compared to global competitors.']","['Companies such as Infosys, Wipro, Cognizant, and Tata Consultancy Services (TCS) face operational and financial pressure due to the new $100,000 annual fee, which could drastically increase the cost of sending engineers to the US for client projects.', ""The new H-1B visa fee will raise operating costs for Indian IT services companies but large IT firms like Tata Consultancy Services (TCS) and Infosys are better equipped to manage these pressures because of their higher profitability, strong balance sheets and increased focus on local hiring over the last few years, according to Moody's."", 'The hike in H-1B fees affects employees in critical roles requiring US presence. TCS, for instance, had 5,500 employees on H-1B visas in FY25, with upcoming renewals potentially costing $90,000 per petition.']",India,"Tata Consultancy Services (TCS) is currently facing significant operational and financial challenges due to the introduction of a $100,000 annual fee on H-1B visas. This fee is expected to drastically increase the costs associated with sending engineers to the U.S. for client projects, complicating workforce planning, recruitment, and deployment strategies. TCS is urgently reassessing its strategies to comply with this unprecedented fee increase, exploring alternatives such as remote work and renegotiation of contracts. While TCS is better positioned than smaller firms due to its profitability and focus on local hiring, the overall impact on project timelines, margins, and workforce mobility is concerning. Analysts predict that TCS and similar firms will need to redesign their pricing models to adapt to the new economic landscape created by the fee increase. The fee hike could lead to a talent gap that may slow innovation and disadvantage smaller U.S. companies compared to global competitors.","['TCS is exploring alternatives such as remote work and renegotiation of contracts to adapt to the operational and financial pressures from the new $100,000 annual fee on H-1B visas.', 'Analysts predict that TCS will need to redesign its pricing models to cope with the increased costs and potential disruptions caused by the H-1B fee hike.']"
Tata Consultancy Services Ltd.,2025-09-23,"Tata Consultancy Services Ltd. (TCS) is significantly impacted by the introduction of a high fee on H-1B visas, which is expected to lead to increased operating costs and necessitate a shift towards offshoring and local hiring. The company, which employs over 5,500 H-1B visa holders, is among the major Indian IT firms that could face challenges due to the new policy. Analysts suggest that TCS may be less exposed compared to its peers, thanks to its existing strategies. However, the overall implications of the new fee structure could make it more expensive for TCS to continue hiring Indian talent in the U.S., which could affect its earnings and operational margins in the medium term.","['Tata Consultancy Services employs over 5,500 workers using H-1B visas, making it one of the top employers of H-1B visa holders.', 'The introduction of a high fee on H-1B visas is expected to increase operating costs for TCS, forcing the company to accelerate offshoring and local hiring.', ""Analysts estimate that replacing one-third of H-1B employees with local hires could reduce TCS's EBIT margins by 20-50 basis points and earnings per share by 2-4%."", 'Despite the challenges, TCS is considered to be less exposed to the new visa policy compared to other Indian IT firms.']","['For Indian IT companies, the proclamation means higher operating costs in the medium term, as firms are forced to accelerate offshoring and local hiring to offset the additional burden.', 'Analysts at Dam Capital estimate that replacing one-third of H-1B employees with local hires could shave 20-50 basis points off EBIT margins and 2-4% off earnings per share.', 'Brokerages say Cyient and Tata Consultancy Services are least exposed, while Citi Research highlights HCLTech and Infosys as better placed thanks to their aggressive localisation strategies.']",India,"Tata Consultancy Services Ltd. (TCS) is facing significant challenges due to the introduction of a high fee on H-1B visas, which is expected to lead to increased operating costs and necessitate a shift towards offshoring and local hiring. TCS employs over 5,500 H-1B visa holders, making it one of the top employers of H-1B visa holders. Analysts suggest that while TCS may be less exposed compared to its peers due to existing strategies, the new fee structure could still make it more expensive for the company to hire Indian talent in the U.S., potentially affecting its earnings and operational margins in the medium term. Specifically, estimates indicate that replacing one-third of H-1B employees with local hires could reduce TCS's EBIT margins by 20-50 basis points and earnings per share by 2-4%.","['TCS employs over 5,500 workers using H-1B visas, making it one of the top employers of H-1B visa holders.', ""Analysts estimate that replacing one-third of H-1B employees with local hires could reduce TCS's EBIT margins by 20-50 basis points and earnings per share by 2-4%.""]"
Tata Consultancy Services Ltd.,2025-09-24,"Tata Consultancy Services Ltd. (TCS) is significantly impacted by the introduction of a high fee on H-1B visas, which poses a challenge to its business model that heavily relies on the U.S. market for revenue. The new fee structure, which could amount to as much as a year's salary for each new H-1B recruit, is expected to increase operational costs for TCS and other IT services companies, thereby affecting their profit margins. The company is already facing margin pressures due to tighter client budgets and uncertainties in trade policy, compounded by the new visa fees and tariffs.","[""Over half of Tata Consultancy Services' yearly revenue comes from the U.S. market, making the new H-1B fee regime particularly impactful."", 'The introduction of a $100,000 fee on new H-1B visas is expected to increase the cost of doing business for TCS and other IT services companies, affecting their margins.', 'The H-1B levy risks deepening margin pressures in an industry already facing challenges from tighter client budgets and trade policy uncertainties.']","[""With the new fee regime, every fresh recruit on an H-1B will now cost as much as a year's salary, with Citi Research cautioning it will 'increase the cost of doing business for IT services companies and end-clients in the US, impacting margins.'"", ""The $100,000 fee on new H-1B visas, as well as 50% US tariffs on India, have compounded troubles for India's IT services firms led by Tata Consultancy Services Ltd. and Infosys Ltd."", 'The H-1B levy, which affects a program heavily used by software giants like Mumbai-based Tata Consultancy Services Ltd., risks deepening margin pressures in an industry already grappling with tighter client budgets.']",India,"Tata Consultancy Services Ltd. (TCS) is facing significant challenges due to the introduction of a high fee on H-1B visas, which is expected to amount to as much as a year's salary for each new recruit. This new fee structure is anticipated to increase operational costs for TCS and other IT services companies, thereby affecting their profit margins. TCS derives over half of its yearly revenue from the U.S. market, making the impact of the new H-1B fee regime particularly pronounced. The company is already experiencing margin pressures due to tighter client budgets and uncertainties in trade policy, which are compounded by the new visa fees and tariffs. Analysts have noted that the H-1B levy could deepen these margin pressures in an industry that is already struggling with financial constraints.","[""The new H-1B fee structure could amount to as much as a year's salary for each new recruit, significantly increasing operational costs for TCS."", ""Over half of TCS's yearly revenue comes from the U.S. market, making the impact of the new H-1B fee regime particularly significant.""]"
Thomson Reuters Corp.,2025-09-20,"Thomson Reuters Corp. highlights the significant impact that the proposed high fee on H-1B visas could have on junior and mid-sized tech companies, which often rely on these visas for essential roles. The analysis indicates that the introduction of a $100,000 annual fee could lead many of these companies to reconsider their hiring strategies, potentially offshoring jobs or delaying hiring altogether. The proposed fee is seen as a deterrent to attracting global talent, which could hinder innovation and competitiveness in the U.S. tech sector. The overall sentiment reflects concerns about the implications for America's position in the global economy, particularly in high-stakes fields like artificial intelligence.","['The proposed $100,000 annual fee for H-1B visas could severely impact junior and mid-sized tech companies that rely on these visas for hiring.', 'Startups may pull back on hiring or shift roles overseas due to the increased costs associated with the new fee structure.', ""Analysts warn that the fee could deter global talent, reducing the U.S.'s ability to innovate and compete in critical sectors like artificial intelligence.""]","['If each overseas hire or entry/travel costs $100,000 extra, many of these companies will pull back, delay, or shift roles overseas.', 'The move could add millions of dollars in costs for companies, which could hit smaller tech firms and start-ups particularly hard.']",Canada,"Thomson Reuters Corp. highlights the significant impact that the proposed high fee on H-1B visas could have on junior and mid-sized tech companies, which often rely on these visas for essential roles. The analysis indicates that the introduction of a $100,000 annual fee could lead many of these companies to reconsider their hiring strategies, potentially offshoring jobs or delaying hiring altogether. The proposed fee is seen as a deterrent to attracting global talent, which could hinder innovation and competitiveness in the U.S. tech sector. The overall sentiment reflects concerns about the implications for America's position in the global economy, particularly in high-stakes fields like artificial intelligence.","['The proposed $100,000 annual fee for H-1B visas could severely impact junior and mid-sized tech companies that rely on these visas for hiring.', 'Startups may pull back on hiring or shift roles overseas due to the increased costs associated with the new fee structure.', ""Analysts warn that the fee could deter global talent, reducing the U.S.'s ability to innovate and compete in critical sectors like artificial intelligence.""]"
Thomson Reuters Corp.,2025-09-21,"Thomson Reuters Corp. has not provided any direct comments or actions regarding the introduction of a high fee on H-1B visas. However, the broader industry response indicates that companies, including major players like Microsoft, JPMorgan, and Amazon, have advised their employees holding H-1B visas to remain in the United States following the announcement. This suggests a cautious approach among companies in the tech sector, as they anticipate that the new fee could lead to increased selectivity in H-1B sponsorships, potentially reshaping employer demand for skilled foreign nationals. The implications of this fee may also extend to project delays and staff shortages, particularly affecting U.S. tech competition with China.","['Companies including Microsoft, JPMorgan, and Amazon advised employees holding H-1B visas to remain in the United States following the announcement of the new fee.', 'The introduction of a high fee on H-1B visas is expected to make companies more selective in their sponsorship decisions, reserving H-1B filings for only the most business-critical roles.', 'The new fee could significantly reduce access to the H-1B program for many skilled foreign nationals and reshape employer demand.']",no quotes,Canada,"Thomson Reuters Corp. has not issued any direct comments regarding the introduction of a high fee on H-1B visas. However, the broader industry response indicates that major companies such as Microsoft, JPMorgan, and Amazon are advising their employees holding H-1B visas to remain in the United States. This reflects a cautious stance among tech companies, anticipating that the new fee could lead to increased selectivity in H-1B sponsorships, which may reshape employer demand for skilled foreign nationals. Additionally, the implications of the fee could result in project delays and staff shortages, further impacting U.S. tech competition with China. This new information highlights a shift in employer strategies and potential operational challenges that were not previously mentioned.","['Major companies like Microsoft, JPMorgan, and Amazon are advising H-1B visa holders to remain in the U.S., indicating a cautious approach to the new fee.', 'The introduction of the high fee is expected to increase selectivity in H-1B sponsorships, potentially reshaping employer demand for skilled foreign nationals.']"
Thomson Reuters Corp.,2025-09-22,"Thomson Reuters Corp. appears to be navigating the implications of the newly introduced high fee on H-1B visas with caution. The company, along with others in the industry, is likely to become more selective in sponsoring H-1B candidates, focusing on only the most critical roles. This shift could significantly limit access to the H-1B program for many skilled foreign nationals, reshaping employer demand in the process. The company has also indicated a strategic pivot towards local hiring and the use of AI tools to mitigate challenges associated with the H-1B visa changes. Overall, the introduction of the high fee is seen as a disruptive factor that could have ripple effects on business continuity and innovation within the sector.","['Thomson Reuters Corp. is expected to become more selective in H-1B sponsorship, focusing on business-critical roles.', 'The introduction of a high fee on H-1B visas could significantly reduce access to the program for many skilled foreign nationals.', 'The company has reduced its reliance on the H-1B program through local hiring, acquisitions, and partnerships.']","['We expect that companies will become far more selective in deciding which candidates to sponsor, reserving H-1B filings for only the most business-critical roles.', 'This would significantly reduce access to the H-1B program for many skilled foreign nationals and could reshape employer demand.', 'It added that it has reduced its reliance on the program through local hiring, acquisitions, and partnerships, and said that it plans to address any challenges on this front with AI tools.']",Canada,"Thomson Reuters Corp. is adapting to the newly introduced high fee on H-1B visas by becoming more selective in its sponsorship of candidates, focusing primarily on business-critical roles. This strategic shift is expected to significantly limit access to the H-1B program for many skilled foreign nationals, thereby reshaping employer demand. Additionally, the company has indicated a reduction in reliance on the H-1B program through increased local hiring, acquisitions, and partnerships, while also planning to leverage AI tools to address challenges arising from the visa changes. Overall, the introduction of the high fee is viewed as a disruptive factor that could impact business continuity and innovation within the tech sector.","['Thomson Reuters Corp. is expected to focus H-1B sponsorship on only the most business-critical roles, significantly limiting access for many skilled foreign nationals.', 'The company plans to reduce its reliance on the H-1B program through local hiring, acquisitions, and partnerships, while utilizing AI tools to mitigate challenges.']"
Thomson Reuters Corp.,2025-09-23,"Thomson Reuters Corp. is closely monitoring the implications of the newly introduced $100,000 fee on H-1B visas, which is expected to significantly impact recruitment strategies within the technology sector. The confusion surrounding the implementation of this fee, which applies only to new applicants, has already led many companies to reconsider their hiring and budgeting plans. Industry experts suggest that the high cost of the H-1B visa may drive companies to seek talent in countries like India, where labor costs are lower, thereby potentially reducing the number of H-1B visa workers they can hire. This shift could lead to increased outsourcing and a reevaluation of workforce strategies among tech firms, as they adapt to the new financial landscape created by the visa fee increase.","['The $100,000 fee on H-1B visas is causing confusion and leading companies to pause recruitment and workforce planning.', 'The high cost of the H-1B visa may incentivize companies to hire talent in countries like India, where wages are lower.', 'Experts predict that companies may need to reduce the number of H-1B visa workers they can hire and consider outsourcing to navigate the new fee structure.']","['""While the $100,000 levy applies only to new applicants - not current holders as first announced - the confusion around its roll-out and steep cost are already leading companies to pause recruitment, budgeting and workforce plans, according to Reuters interviews of founders, venture capitalists and immigration lawyers who work with technology companies.""', '""We probably have to reduce the number of H-1B visa workers we can hire,"" said Sam Liang, co-founder and CEO of popular artificial intelligence transcription start-up Otter. ""Some companies may have to outsource some of their workforce. Hire maybe in India or other countries just to walk around this H-1B problem.""']",Canada,"Thomson Reuters Corp. is actively monitoring the implications of the newly introduced $100,000 fee on H-1B visas, which is expected to significantly impact recruitment strategies within the technology sector. The fee's application only to new applicants has caused confusion, leading many companies to pause their recruitment and workforce planning. Industry experts indicate that the high cost may drive companies to seek talent in countries like India, where labor costs are lower, potentially reducing the number of H-1B visa workers they can hire. This shift could result in increased outsourcing and a reevaluation of workforce strategies among tech firms as they adapt to the new financial landscape created by the visa fee increase.","['The $100,000 fee on H-1B visas is causing confusion and leading companies to pause recruitment and workforce planning.', 'Experts predict that companies may need to reduce the number of H-1B visa workers they can hire and consider outsourcing to navigate the new fee structure.']"
Thomson Reuters Corp.,2025-09-24,"Thomson Reuters Corp. has reported significant concerns regarding the Trump administration's introduction of a $100,000 fee on new H-1B visa applications. The steep increase from the previous fee of just a few thousand dollars is expected to make hiring foreign talent, particularly from countries like India, more attractive for companies, potentially leading to a reduction in the number of H-1B visa workers that can be hired. This change is causing companies to pause recruitment and rethink their workforce strategies, as many are considering outsourcing to countries with lower wages to navigate the new fee structure. The confusion surrounding the rollout of this fee is further complicating hiring plans across the tech industry, with many companies expressing that the fee is unworkable in the U.S. and prompting them to look for skilled talent abroad instead.","['The new $100,000 fee for H-1B visas is expected to make hiring talent from countries like India more attractive, as it flips the cost equation for employers.', 'Companies are pausing recruitment and adjusting workforce plans due to confusion around the rollout and the steep cost of the new fee.', 'Many companies are considering outsourcing their workforce to countries with lower wages to circumvent the challenges posed by the new H-1B visa fee.']","['""We probably have to reduce the number of H-1B visa workers we can hire,"" said Sam Liang, co-founder and CEO of AI transcription start-up Otter. ""Some companies may have to outsource some of their workforce. Hire maybe in India or other countries just to walk around this H-1B problem.""', '""I have had several conversations with corporate clients ... where they have said this new fee is simply unworkable in the US, and it\'s time for us to start looking for other countries where we can have highly skilled talent,"" said Chris Thomas, immigration attorney at Colorado-based law firm Holland & Hart, as quoted by Reuters.']",Canada,"Thomson Reuters Corp. has raised significant concerns regarding the Trump administration's introduction of a $100,000 fee on new H-1B visa applications, which marks a steep increase from the previous fee of just a few thousand dollars. This new fee is expected to flip the cost equation for employers, making hiring foreign talent, particularly from countries like India, more attractive. As a result, many companies are pausing recruitment and rethinking their workforce strategies, with some considering outsourcing to countries with lower wages to navigate the new fee structure. The confusion surrounding the rollout of this fee is complicating hiring plans across the tech industry, with many expressing that the fee is unworkable in the U.S. and prompting a search for skilled talent abroad instead. Notably, Sam Liang, co-founder and CEO of AI transcription start-up Otter, indicated that companies may need to reduce the number of H-1B visa workers they can hire and may resort to outsourcing to circumvent the challenges posed by the new fee. Additionally, immigration attorney Chris Thomas highlighted that corporate clients are looking for alternatives outside the U.S. due to the unworkable nature of the new fee.","['The new $100,000 fee for H-1B visas is expected to make hiring talent from countries like India more attractive, as it flips the cost equation for employers.', 'Many companies are considering outsourcing their workforce to countries with lower wages to circumvent the challenges posed by the new H-1B visa fee.']"
Thomson Reuters Corp.,2025-09-25,"Thomson Reuters Corp. is positioned to be significantly impacted by the introduction of a high fee on H-1B visas, specifically the proposed US$100,000 levy for new applicants. This steep increase from the previous few thousand dollars is expected to alter the hiring landscape, making it more attractive for companies to seek talent in countries like India, where labor costs are lower. The confusion surrounding the implementation of this fee, along with its high cost, is already causing companies to reconsider their recruitment and workforce strategies. Experts and executives have noted that this change could lead to a pause in hiring and budgeting plans across the technology sector.","['The proposed US$100,000 fee for new H-1B visa applicants represents a significant increase from the previous cost of only a few thousand dollars.', 'This high fee is expected to make hiring talent in countries like India more attractive for companies, as they can leverage lower wages.', 'Confusion regarding the roll-out of the new fee and its steep cost is leading companies to pause their recruitment and workforce planning.']","['The visa previously cost employers only a few thousand dollars. But the new US$100,000 fee would flip the equation, making hiring talent in countries like India - where wages are lower and Big Tech now builds innovation hubs instead of back offices - more attractive, experts and executives told Reuters.', 'While the US$100,000 levy applies only to new applicants - not current holders as first announced - the confusion around its roll-out and steep cost are already leading companies to pause recruitment, budgeting and workforce plans, according to Reuters interviews of founders, venture capitalists and immigration lawyers who work with technology companies.']",Canada,"Thomson Reuters Corp. continues to express concerns regarding the introduction of the proposed US$100,000 fee on new H-1B visa applications, which marks a significant increase from the previous fee of only a few thousand dollars. This steep rise is expected to alter the hiring landscape, making it more appealing for companies to seek talent in countries like India, where labor costs are lower. The confusion surrounding the implementation of this fee, particularly its application only to new applicants, is already causing companies to pause their recruitment and workforce planning. Experts and executives have noted that this change could lead to a reevaluation of hiring strategies across the technology sector, as firms grapple with the financial implications of the new fee structure.","['The proposed US$100,000 fee for new H-1B visa applicants represents a significant increase from the previous cost of only a few thousand dollars.', 'Confusion regarding the roll-out of the new fee and its steep cost is leading companies to pause their recruitment and workforce planning.']"
Wipro Ltd.,2025-09-19,"Wipro Ltd. is positioned within a landscape where the introduction of high fees on H-1B visas could significantly impact its operations, particularly in outsourcing technical services. The company, along with other consultancies, relies heavily on foreign workers, primarily from India, to meet the demands of American firms seeking cost-effective solutions. The increased fees associated with H-1B visas are seen as a potential barrier to hiring these foreign workers, which could affect Wipro's ability to maintain its competitive edge in the market. The AFL-CIO has commented on the situation, indicating that while the changes are a step in the right direction, further reforms are necessary, particularly regarding the allocation of visas based on wage offers rather than random selection.","['Wipro relies on foreign workers, mostly from India, for outsourcing basic technical operations to American firms.', 'The introduction of high fees on H-1B visas could increase hiring costs for companies like Wipro.', 'Currently, companies pay $215 to register for the H-1B lottery and $780 for the employer-sponsored petition, which may rise with the new fees.']","[""The increased fees could affect hiring foreign workers as it'll cost more for companies.""]",India,"Wipro Ltd. is positioned within a landscape where the introduction of high fees on H-1B visas could significantly impact its operations, particularly in outsourcing technical services. The company, along with other consultancies, relies heavily on foreign workers, primarily from India, to meet the demands of American firms seeking cost-effective solutions. The increased fees associated with H-1B visas are seen as a potential barrier to hiring these foreign workers, which could affect Wipro's ability to maintain its competitive edge in the market. The AFL-CIO has commented on the situation, indicating that while the changes are a step in the right direction, further reforms are necessary, particularly regarding the allocation of visas based on wage offers rather than random selection.","['Wipro relies on foreign workers, mostly from India, for outsourcing basic technical operations to American firms.', 'The introduction of high fees on H-1B visas could increase hiring costs for companies like Wipro.', 'Currently, companies pay $215 to register for the H-1B lottery and $780 for the employer-sponsored petition, which may rise with the new fees.']"
Wipro Ltd.,2025-09-20,"Wipro Ltd. is significantly impacted by the introduction of a high fee on H-1B visas, which has been set at $100,000. This policy is expected to reshape the hiring landscape for Indian IT firms, including Wipro, which traditionally rely on H-1B visas to deploy junior and mid-level engineers to the United States. Analysts suggest that the new fee will limit H-1B hiring to only those positions that require advanced expertise, thereby reducing the number of applications and potentially forcing companies to rethink their staffing strategies. The increase in costs may lead to a shift towards offshoring high-value work, affecting the competitiveness of American firms in technology sectors. Overall, the new fee poses a dual challenge for Wipro and its peers, as they must navigate increased financial burdens while maintaining their operational capabilities in the U.S. market.","['Wipro, along with other Indian IT firms, is expected to face significant challenges due to the $100,000 fee on H-1B visas, which will limit hiring to specialized positions.', ""The new fee structure is likely to make H-1B hiring financially viable only for high-value roles, impacting Wipro's ability to deploy junior and mid-level engineers to the U.S."", 'Analysts predict that the fee could force Wipro to offshore high-value work, potentially affecting its competitiveness in the U.S. technology market.', 'The introduction of the high fee is seen as a cost shock for employers like Wipro, which heavily utilize H-1B visas for staffing.', 'The policy may lead to a significant drop in applications for H-1B visas, as firms like Wipro become more selective about which positions justify the cost.']","['The higher cost could make H-1B hiring financially viable only for positions requiring advanced expertise.', 'This cost jump is exceptional, and it is bound to have an impact on the delivery model entirely.']",India,"Wipro Ltd. is facing a significant challenge with the introduction of a high fee on H-1B visas, now set at $100,000. This new fee is expected to reshape the hiring landscape for Indian IT firms, including Wipro, which traditionally depend on H-1B visas to deploy junior and mid-level engineers to the United States. Analysts indicate that the fee will restrict H-1B hiring to specialized positions that require advanced expertise, leading to a potential reduction in applications. Consequently, Wipro may need to reconsider its staffing strategies, possibly shifting towards offshoring high-value work, which could impact the competitiveness of American firms in the technology sector. The new fee structure represents a significant cost shock for Wipro and its peers, as they navigate increased financial burdens while trying to maintain operational capabilities in the U.S. market.","[""The high fee on H-1B visas has been set at $100,000, significantly impacting Wipro's hiring strategies."", 'Analysts predict that the new fee will limit H-1B hiring to specialized positions, potentially forcing Wipro to offshore high-value work.']"
Wipro Ltd.,2025-09-21,"Wipro Ltd. is facing significant challenges following the introduction of a high fee on H-1B visas by President Donald Trump. The company's US-listed shares declined by 2% in response to the announcement, reflecting investor concerns about the impact of increased visa costs on operational strategies. Analysts predict that the new fee structure will lead to a near-term freeze on new H-1B applications and a shift towards offshoring work back to India, as companies like Wipro may prioritize protecting existing client contracts while increasing local hiring in the US where feasible. The long-term implications could hinder the US's competitive edge in innovation, as global talent may seek opportunities elsewhere. Wipro, along with other major Indian IT firms, is expected to adjust its hiring and pricing strategies to mitigate the financial impact of the new visa fees.","[""Wipro's US-listed shares fell by 2% following the announcement of the high fee on H-1B visas."", 'Industry analysts expect a near-term freeze on new H-1B applications, leading to a shift towards offshoring work to India.', 'The introduction of high visa costs may compel Wipro to increase local hiring in the US while protecting existing client contracts.', ""Experts warn that the new fee structure could diminish the US's edge in innovation as global talent may look for opportunities outside the country."", 'Wipro, along with other major Indian IT firms, is likely to rework its hiring and pricing strategies to offset the impact of the new visa fees.']","['For now, industry watchers expect companies to protect existing client contracts by shifting more work to India while stepping up US hiring where feasible.', 'The sharp escalation in visa costs, combined with the absence of a transition window, signals a near-term freeze on new applications and an inevitable tilt towards offshore delivery.', 'The longer-term risk, experts warn, is that the US itself may lose its edge in innovation as global talent looks elsewhere.', ""The new fee raised fears of prohibitive costs and threatened India's $250-billion IT services industry that relies on overseas deployment.""]",India,"Wipro Ltd. is currently grappling with the repercussions of the newly introduced high fee on H-1B visas, which has led to a 2% decline in its US-listed shares, indicating investor apprehension regarding the financial implications of increased visa costs on the company's operational strategies. Analysts foresee a near-term freeze on new H-1B applications, prompting Wipro to potentially shift more work back to India while increasing local hiring in the US to safeguard existing client contracts. This shift may have long-term consequences, as experts caution that the US could lose its competitive edge in innovation if global talent begins to seek opportunities outside the country. Wipro, along with other major Indian IT firms, is expected to revise its hiring and pricing strategies to mitigate the financial impact of the new visa fees, which have raised concerns about prohibitive costs threatening India's substantial IT services industry reliant on overseas deployment.","[""Wipro's US-listed shares fell by 2% following the announcement of the high fee on H-1B visas, reflecting investor concerns about operational impacts."", 'Analysts predict a near-term freeze on new H-1B applications, leading Wipro to potentially shift work back to India and increase local hiring in the US.']"
Wipro Ltd.,2025-09-22,"Wipro Ltd. is facing significant operational and financial challenges due to the recent introduction of a $100,000 annual fee for H-1B visas. This fee increase is expected to drastically raise the costs associated with sending engineers to the U.S. for client projects, complicating workforce planning, recruitment, and deployment strategies. The company, along with other major Indian IT firms, is evaluating alternative solutions such as remote work and client-side training in India to mitigate the financial burden. Analysts indicate that while larger firms like Wipro may absorb these costs more easily, mid-tier firms that rely heavily on fresh H-1B approvals will encounter greater difficulties. The fee hike alters the economics of deploying Indian tech workers in the U.S., narrowing the cost advantage of sending employees overseas compared to hiring locally. This situation is likely to lead to a reevaluation of pricing and hiring strategies across the industry, as the U.S. remains a critical market for Indian IT services.","['Wipro faces operational and financial pressure due to the new $100,000 annual fee for H-1B visas, which could significantly increase costs for sending engineers to the U.S.', 'The fee hike complicates workforce planning, recruitment, and deployment strategies for Wipro, prompting the company to explore alternative solutions such as remote work and client-side training in India.', 'Analysts warn that while Wipro may absorb the higher costs due to its scale, mid-tier firms that depend more on fresh H-1B approvals will face stiffer challenges.', 'The fee increase alters the economics of placing talent in the U.S., reducing the cost advantage of sending Indian employees compared to hiring locally.', 'Wipro, along with other major Indian IT firms, is expected to rethink pricing and hiring strategies in response to the new visa fee structure.']","['Companies such as Infosys, Wipro, Cognizant, and Tata Consultancy Services (TCS) face operational and financial pressure due to the new $100,000 annual fee, which could drastically increase the cost of sending engineers to the US for client projects.', 'The fee hike complicates workforce planning, recruitment, and deployment strategies.', 'Many firms are now evaluating alternative solutions, including remote work, client-side training in India, and renegotiation of contracts to absorb higher costs, all while trying to maintain competitiveness in the global tech sector.', 'Cost arbitrage between sending an Indian employee vis-à-vis hiring locally will reduce substantially.', 'While large players like TCS, Infosys, and Wipro may absorb the higher costs due to scale and diversified client bases, analysts warn that mid-tier firms-which depend more heavily on fresh H-1B approvals-will face stiffer challenges.']",India,"Wipro Ltd. is currently grappling with significant operational and financial challenges stemming from the newly introduced $100,000 annual fee for H-1B visas. This fee is expected to drastically increase the costs associated with sending engineers to the U.S. for client projects, complicating workforce planning, recruitment, and deployment strategies. In response, Wipro, along with other major Indian IT firms, is exploring alternative solutions such as remote work and client-side training in India to mitigate the financial burden. Analysts have noted that while larger firms like Wipro may be able to absorb these costs more easily, mid-tier firms that rely heavily on fresh H-1B approvals will encounter greater difficulties. The fee increase alters the economics of deploying Indian tech workers in the U.S., narrowing the cost advantage of sending employees overseas compared to hiring locally. This situation is likely to lead to a reevaluation of pricing and hiring strategies across the industry, as the U.S. remains a critical market for Indian IT services.","['Wipro is exploring alternative solutions such as remote work and client-side training in India to mitigate the financial burden of the new $100,000 annual fee for H-1B visas.', 'The fee increase is expected to significantly complicate workforce planning, recruitment, and deployment strategies for Wipro and other major Indian IT firms.']"
Wipro Ltd.,2025-09-23,"Wipro Ltd. is positioned to face significant challenges due to the introduction of a high fee on H-1B visas, which is expected to increase the cost of employing foreign talent. The company, along with other major players in the Indian IT services sector, may experience a substantial impact on their operational strategies and financial performance. Analysts suggest that while Wipro is relatively well-placed to absorb some of the changes, the new visa costs could lead to a 1-3% drag on net profits. The company will likely need to rethink its onshore-offshore strategies, potentially curbing short-term employee transfers and increasing local hiring of US citizens or green card holders. Overall, the new fee structure could escalate annual immigration costs significantly, forcing Wipro to reevaluate its business models and operational contracts.","['Wipro is expected to face a 1-3% drag on net profit due to the new high fee on H-1B visas.', ""The introduction of the steep fee will increase the cost of employing foreign talent, impacting Wipro's operational strategies."", 'Wipro may need to curb short-term employee transfers and increase local hiring of US citizens or green card holders.', 'The new visa costs could lead to an estimated $150-550 million escalation in annual immigration bills for Wipro.', 'Wipro, along with other Indian IT firms, relies heavily on H-1B workers, making the new fee structure particularly challenging.']","['According to brokerages, large-cap players such as TCS, Infosys, HCLTech and Wipro are relatively well placed to absorb the change.', 'With the new steep fee, the cost of employing foreign talent will go higher. This would also impact the $283-billion Indian IT services sector, which is among the top suppliers of H-1B workers.', 'The new cost structure may make it too expensive for companies to keep hiring Indian talent in the US.', 'Top Indian IT providers such as TCS, Infosys, Wipro, and HCLTech-who derive roughly 55% of their revenues from US projects-face an estimated $150-550 million escalation in annual immigration bills.']",India,"Wipro Ltd. is now facing an anticipated 1-3% drag on net profits due to the newly introduced high fee on H-1B visas, which is expected to significantly increase the cost of employing foreign talent. This fee could lead to an estimated escalation of $150-550 million in annual immigration costs for the company. As a result, Wipro may need to rethink its operational strategies, potentially curbing short-term employee transfers and increasing local hiring of U.S. citizens or green card holders. Analysts have noted that while Wipro is relatively well-placed to absorb some of these changes, the overall impact on operational strategies and financial performance remains substantial, necessitating a reevaluation of business models and operational contracts.","['Wipro is expected to face a 1-3% drag on net profit due to the new high fee on H-1B visas.', 'The new visa costs could lead to an estimated $150-550 million escalation in annual immigration bills for Wipro.']"
Wipro Ltd.,2025-09-24,"Wipro Ltd. is positioned to face significant challenges due to the introduction of a high fee on H-1B visas, which is expected to increase operational costs for the company. As a major player in the IT services sector, Wipro, along with other Indian IT firms, relies heavily on H-1B visas to hire skilled foreign workers. The new fee structure could lead to increased costs that may impact hiring practices and potentially shift jobs back to India, thereby affecting the company's revenue and margins in the U.S. market.","['Wipro relies heavily on H-1B visas for hiring skilled foreign workers, which is crucial for its operations.', ""The new fee regime will increase the cost of hiring fresh recruits on H-1B visas, potentially equating to a year's salary."", 'Citi Research warns that the increased costs will impact the margins of IT services companies like Wipro and their end-clients in the U.S.', 'The proposed changes to the H-1B visa program could lead to reduced hiring or a shift of jobs back to India for Wipro.']","[""With the new fee regime, every fresh recruit on an H-1B will now cost as much as a year's salary, with Citi Research cautioning it will 'increase the cost of doing business for IT services companies and end-clients in the US, impacting margins.'"", 'The proposed changes to the H-1B visa program could have a significant impact on Indian IT giants, including TCS, Infosys, and Wipro.']",India,"Wipro Ltd. continues to face significant challenges due to the introduction of a high fee on H-1B visas, which is expected to further increase operational costs. The new fee structure is projected to equate to the cost of a year's salary for every fresh recruit on an H-1B visa, as highlighted by Citi Research. This increase in costs is anticipated to impact the margins of IT services companies like Wipro and their end-clients in the U.S. market. Additionally, the proposed changes to the H-1B visa program may lead to reduced hiring or a shift of jobs back to India, which could adversely affect Wipro's revenue and operational strategies in the U.S.","[""The new fee structure for H-1B visas is expected to equate to a year's salary for every fresh recruit, significantly increasing operational costs for Wipro."", 'Citi Research warns that the increased costs will impact the margins of IT services companies like Wipro and their end-clients in the U.S.']"
Wipro Ltd.,2025-09-25,"Wipro Ltd. is positioned in a challenging landscape regarding the introduction of a high fee on H-1B visas. The company, along with other major IT firms, has seen a decrease in reliance on H-1B visas due to a shift towards offshore delivery and local hiring in the US. However, the potential increase in visa costs could significantly impact their overall employee expenses, which are already a substantial portion of their sales. The new fee structure is projected to raise visa costs to 1.0% of total employee costs, which could lead to sharp cost increases for Wipro and its peers, ultimately affecting their profitability and that of smaller firms reliant on these visas.","[""Wipro's reliance on H-1B visas has decreased as the company has expanded offshore delivery and hired locally in the US."", 'The number of Indian employees on H-1B visas at Wipro has halved from 34,507 to 17,997 between 2017 and 2025.', 'Visa expenses accounted for only 0.02% to 0.05% of total employee costs for Wipro, but the new fee structure could increase this to 1.0%.', 'The introduction of high fees on H-1B visas could lead to sharp cost increases for Wipro, impacting profitability.', 'The burden of increased visa costs will heavily affect IT giants like Wipro, as well as small and medium-sized firms.']","['The burden will fall heavily on students, startups, education providers, and healthcare companies. IT giants like TCS, Infosys, and Wipro, which are heavily reliant on H-1B visas, will face sharp cost increases.']",India,"Wipro Ltd. is currently navigating a challenging environment due to the introduction of high fees on H-1B visas, which is projected to significantly increase visa costs to 1.0% of total employee expenses. This change could lead to sharp cost increases for Wipro and its peers, ultimately affecting their profitability. Notably, Wipro's reliance on H-1B visas has decreased, with the number of Indian employees on these visas halving from 34,507 in 2017 to 17,997 by 2025, as the company has shifted towards offshore delivery and local hiring in the U.S. The burden of increased visa costs is expected to impact not only Wipro but also smaller firms that are heavily reliant on these visas, indicating a broader challenge within the IT sector.","[""Wipro's reliance on H-1B visas has decreased significantly, with the number of Indian employees on these visas halving from 34,507 in 2017 to 17,997 by 2025."", ""The new fee structure is projected to raise visa costs to 1.0% of total employee costs, leading to sharp cost increases that could impact Wipro's profitability.""]"
