RP_COMPANY_ID,COMPANY_NAME,COUNTRY,SECTOR
7B1E50,FirstEnergy Corp.,United States,Utilities
P3ATX7,Space42 PLC,United Arab Emirates,Technology
9C3136,Valeo SE,France,Consumer Goods
545FA9,Marui Group Co. Ltd.,Japan,Consumer Services
944E9A,Disc Medicine Inc.,United States,Health Care
5A4178,Weg SA,Brazil,Industrials
A247F5,Fair Isaac Corp.,United States,Technology
29CD77,LendingTree Inc.,United States,Financials
7FBEA5,Guangdong Guangzhou Daily Media Co. Ltd.,China,Consumer Services
CBE04E,Shandong Hi-Speed Co. Ltd.,China,Industrials
389E4A,KEC International Ltd.,India,Industrials
DFB60C,FAW Jiefang Group Co. Ltd.,China,Consumer Goods
824731,Shenzhen Inovance Technology Co. Ltd.,China,Industrials
105D00,Sandy Spring Bancorp Inc.,United States,Financials
7A4767,Xiamen Faratronic Co. Ltd.,China,Industrials
5C8923,H.I.S. Co. Ltd.,Japan,Consumer Services
0F00BC,Sankyo Co. Ltd.,Japan,Consumer Services
BA7E23,Woolworths Group Ltd.,Australia,Consumer Services
C4F348,Dentsu Soken Inc.,Japan,Technology
34558B,Sompo Holdings Inc.,Japan,Financials
563ECE,Crompton Greaves,India,Industrials
A52B6B,Palo Alto Networks Inc.,United States,Technology
4784D2,Wanhua Chemical Group Co. Ltd.,China,Basic Materials
6GD835,Sungeel Hitech Co. Ltd.,South Korea,Industrials
5E3C1A,Sibanye-Stillwater Ltd.,South Africa,Basic Materials
804756,MacMic Science & Technology Co. Ltd.,China,Technology
F294DD,First Bancorp. (North Carolina),United States,Financials
11034F,Formycon AG,Germany,Health Care
5DDCA3,GFT Technologies AG,Germany,Technology
0WD4OL,Jiangxi Hungpai New Material Co. Ltd.,China,Basic Materials
AC9F5D,HCL Technologies Ltd.,India,Technology
E592F0,Viavi Solutions Inc.,United States,Technology
90B96F,Minebea Mitsumi Inc.,Japan,Industrials
11A82E,Activia Properties Inc.,Japan,Real Estate
734E59,Holley Inc.,United States,Consumer Services
FB7724,Inogen Inc.,United States,Health Care
C4DF4F,Asset World Corp. PCL,Thailand,Real Estate
6B67BD,Ocular Therapeutix Inc.,United States,Health Care
0E3436,Designer Brands Inc.,United States,Consumer Services
6E61EC,OTC Markets Group Inc.,United States,Financials
44C38C,New World Development Co. Ltd.,Hong Kong SAR,Real Estate
C357A3,Hyliion Holdings Corp.,United States,Financials
GUO9MQ,Shanghai BOCHU Elec Tech Corp. Ltd.,China,Industrials
408089,Sherwin-Williams Co.,United States,Industrials
8663EE,Bank of India Ltd.,India,Financials
E134A2,AerSale Corp.,United States,Industrials
2BA977,Altria Group Inc.,United States,Consumer Goods
016DFB,Nomura Holdings Inc.,Japan,Financials
BAC6D3,Chengdu Guibao Science & Tech Co. Ltd.,China,Industrials
85219B,Changshu Bank,China,Financials
30DD76,Grand City Properties S.A.,Luxembourg,Real Estate
740E28,Focus Lightings Tech Co. Ltd.,China,Consumer Goods
8F8335,SUSE SA (Old),Luxembourg,Technology
88923D,EPAM Systems Inc.,United States,Technology
5958CC,Nautilus Biotechnology Inc.,United States,Health Care
DC4141,Soulbrain Co. Ltd.,South Korea,Technology
D0EEAC,Medley Inc.,Japan,Technology
032819,Destination XL Group Inc.,United States,Consumer Services
B8769F,Lakshmi Machine Works Ltd.,India,Industrials
1C9456,BMV Group,Mexico,Financials
83D79E,Caitong Securities Co. Ltd.,China,Financials
2YS1TP,Hunan Kylinsec Technology Co. Ltd.,China,Technology
B3ED62,Energy Recovery Inc.,United States,Industrials
6RT6KJ,Union Coop,United Arab Emirates,Consumer Services
FC1620,SEB S.A.,France,Consumer Goods
952544,Largan Precision Co. Ltd.,Taiwan,Consumer Goods
7328DE,Housing and Urban Development Corp. Ltd.,India,Financials
635B3E,Boral Ltd.,Australia,Industrials
39D282,Dajin Heavy Industry Co. Ltd.,China,Industrials
36F70C,China Baoan Group Co. Ltd.,China,Industrials
73B5E5,Shochiku Co. Ltd.,Japan,Consumer Services
6D7A6E,Shouhang High-Tech Energy Co. Ltd.,China,Industrials
6F17B2,China National Porcelain Materials,China,Basic Materials
2E98C6,GLP J-Reit,Japan,Real Estate
262C79,Jiangsu Guoxin Corp. Ltd.,China,Utilities
3C0936,Wix.com Ltd.,Israel,Technology
0AFFE3,Just Eat Takeaway.com BV,The Netherlands,Consumer Services
51CE18,PIMCO Dynamic Income Fund,United States,Financials
C2B329,Xiangtan Electrochemical Scientific,China,Basic Materials
04700D,Peab AB,Sweden,Industrials
J7QM1Z,CITIC Press Corp.,China,Consumer Services
E926C1,Foxconn Industrial Internet Co. Ltd.,China,Technology
D0BDE0,IEIT Systems Co. Ltd.,China,Technology
710B0B,Xinxing Ductile Iron Pipes Co. Ltd.,China,Basic Materials
D323FD,Askul Corp.,Japan,Industrials
D2C5C6,Full Truck Alliance Co. Ltd.,Cayman Islands,Technology
27B90F,Delek Logistics Partners LP,United States,Energy
BB0587,Compass Minerals International Inc.,United States,Basic Materials
NGGH68,Snowsky Salt Industry Group Co. Ltd.,China,Consumer Goods
36D532,Invesco Trust for Inv Grade Municipals,United States,Financials
4AC574,The Carlyle Group Inc.,United States,Financials
EECF9E,BioVie Inc.,United States,Health Care
F72DFA,EntelChile S.A.,Chile,Telecommunications
E80963,COFCO Capital Holdings Co. Ltd.,China,Basic Materials
A5DD79,Maruti Suzuki India Ltd.,India,Consumer Goods
99418B,Casio Computer Co. Ltd.,Japan,Consumer Goods
SK9C9A,SINOMACH Heavy Equipment Group Co. Ltd.,China,Industrials
04C4BE,QuantumScape Corp.,United States,Energy
SE3H2A,Ithaca Energy PLC,United Kingdom,Energy
6C709F,Aluminum Corp. of China Ltd.,China,Basic Materials
845533,Veritiv Corp.,United States,Industrials
0D0C71,ACV Auctions Inc.,United States,Consumer Services
8361A0,Tamarack Valley Energy Ltd.,Canada,Energy
ECD20B,Feilo Acoustics Co. Ltd.,China,Industrials
016150,Nissan Chemical Corp.,Japan,Basic Materials
678C6C,Royal Holdings Co. Ltd.,Japan,Consumer Services
CB9E13,Summit Materials Inc.,United States,Industrials
1E8149,Zhejiang Century Huatong Group Co. Ltd.,China,Consumer Goods
38286A,Maruha Nichiro Corp.,Japan,Consumer Goods
3DC1VM,Kunshan Huguang Auto Harness Co. Ltd.,China,Consumer Goods
G1RXK6,Tyra Biosciences Inc.,United States,Health Care
A15C71,PGT Innovations Inc.,United States,Industrials
94D329,Baidu Inc.,Hong Kong SAR,Technology
2D84AA,Astral Ltd.,India,Industrials
5CD37A,Lerøy Seafood Group ASA,Norway,Consumer Goods
C3EE99,TechTarget Holdings Inc.,United States,Consumer Services
EFDE39,Befar Group Co. Ltd.,China,Basic Materials
00FC70,Brady Corp.,United States,Industrials
20B560,Ono Pharmaceutical Co. Ltd.,Japan,Health Care
F95A72,Beijing Easpring Material Tech Co. Ltd.,China,Technology
2945AF,Intouch Holdings PCL,Thailand,Telecommunications
B49AB7,Thales S.A.,France,Industrials
935049,Jianshe Industry Group (Yunnan) Co. Ltd.,China,Consumer Goods
30B7E3,Agilon Health Inc.,United States,Health Care
AACE7A,ARB Corp. Ltd.,Australia,Consumer Services
365B30,C3.ai Inc.,United States,Technology
0E5022,Huachuang Yunxin Digital Technology Co. Ltd.,China,Financials
5D1D08,Templeton Dragon Fund Inc.,United States,Financials
A7CCD2,Dentalcorp Holdings Ltd.,Canada,Health Care
34A959,Caesars Entertainment Inc.,United States,Consumer Services
85BEAC,Herald Investment Trust PLC,United Kingdom,Financials
224DDA,Justsystems Corp.,Japan,Technology
A072C4,Codexis Inc.,United States,Health Care
1957B1,Hubei Jiuzhiyang Infrared Sys Co. Ltd.,China,Industrials
87787E,Gerresheimer AG,Germany,Industrials
E6D4C5,Cheng Fei Integration,China,Consumer Goods
BF6A03,Alumina Ltd.,Australia,Basic Materials
0012C7,Rongan Property Co. Ltd.,China,Real Estate
AFEBDE,Alps Alpine Co. Ltd.,Japan,Industrials
D60BB2,Jack Henry & Associates Inc.,United States,Industrials
CCDECF,T. Hasegawa Co. Ltd.,Japan,Basic Materials
019DE1,TCL Electronics Holdings Ltd.,Hong Kong SAR,Industrials
CC23AC,K92 Mining Inc.,Canada,Basic Materials
305625,Fletcher Building Ltd.,New Zealand,Industrials
58A62D,Royalty Pharma PLC,United Kingdom,Health Care
DB23C8,Dauch Corp.,United States,Consumer Goods
B8A704,North Navigation Control Tech Co. Ltd.,China,Industrials
C7D80A,United Malt Group Ltd.,Australia,Consumer Goods
789A7D,Ameren Corp.,United States,Utilities
694E5C,Mizuho Financial Group Inc.,Japan,Financials
4C1FA1,CVR Energy Inc.,United States,Energy
992CF2,Zhongtai Securities Co. Ltd.,China,Financials
395173,Adecco Group AG,Switzerland,Industrials
4C37C5,American Express Co.,United States,Financials
QTUAWT,Shanghai HIUV New Materials Co. Ltd.,China,Industrials
A4535A,Zhejiang Dahua Technology Co. Ltd.,China,Industrials
65FCFD,Coles Group Ltd.,Australia,Consumer Services
95F411,HMS Networks AB,Sweden,Telecommunications
4D72C8,Comstock Resources Inc.,United States,Energy
B547BE,Alm. Brand A/S,Denmark,Financials
6A6F44,Blink Charging Co.,United States,Consumer Services
228924,Albertsons Companies Inc.,United States,Consumer Services
EFBF0C,Caida Securities Co. Ltd.,China,Financials
524CE4,Integer Holdings Corp.,United States,Industrials
7QI9DN,First Citizens Group Financial Hldg Ltd.,Trinidad and Tobago,Financials
A0C645,Domino's Pizza Group PLC,United Kingdom,Consumer Services
A3316D,Krones AG,Germany,Industrials
2A8553,BlackRock MuniHoldings NY Quality Fd Inc.,United States,Financials
EA9AFA,TietoEVRY Oyj,Finland,Technology
TM1WER,Motorcomm Electronic Technology Co. Ltd.,China,Technology
C81E00,Stryker Corp.,United States,Health Care
0CE4FD,Cipla Ltd.,India,Health Care
C3DE7D,Pure Storage Inc.,United States,Technology
EF2467,BlackRock MuniHoldings Fund Inc.,United States,Financials
BA4F34,DaShenLin Pharmaceutical Group Co. Ltd.,China,Health Care
3EAEB4,China Mobile Ltd.,Hong Kong SAR,Telecommunications
D49C7B,IGM Financial Inc.,Canada,Financials
0B9E6F,MarineMax Inc.,United States,Consumer Services
F6EA2D,Hanwha Ocean Co. Ltd.,South Korea,Industrials
E50F1C,First Community Bankshares Inc.,United States,Financials
C1AEF1,Heineken Holding N.V.,The Netherlands,Consumer Goods
7CB318,Inner Mongolia Mengdian Huaneng,China,Consumer Services
B054E4,International Distribution Services Plc,United Kingdom,Industrials
0171D9,PNE AG,Germany,Utilities
E78JJ2,Innodisk Corp.,Taiwan,Technology
5C1710,Poly Property Services Co. Ltd.,China,Real Estate
8CF6DD,Comerica Inc.,United States,Financials
C5EF8D,Aon PLC,Ireland,Financials
87EC4B,Shandong Head Group Co. Ltd.,China,Basic Materials
D44D33,Zscaler Inc.,United States,Technology
66095C,Shanghai Shyndec Pharmaceutical Co. Ltd.,China,Health Care
TXZIC8,MINISO Group Holding Ltd.,Cayman Islands,Consumer Services
BA8885,Inari Amertron Bhd,Malaysia,Technology
6A31CE,Anhui Jianghuai Automobile Gp Corp. Ltd.,China,Consumer Goods
15F378,Daishi Hokuetsu Financial Group Inc.,Japan,Financials
DFCF04,Freightways Group Ltd.,New Zealand,Industrials
21139D,Hwatsing Technology Co. Ltd.,China,Technology
DB02F6,Acrel Co. Ltd.,China,Industrials
1BC12C,GM (General Motors Co.),United States,Consumer Goods
1E3D67,Montnets Cloud Technology Group Co. Ltd.,China,Industrials
6A31CF,WH Smith PLC,United Kingdom,Consumer Services
024176,Taikisha Ltd.,Japan,Industrials
46D790,Kemper Corp.,United States,Financials
2A67A5,HCIG Energy Investment Co. Ltd.,China,Industrials
9972E6,Medical Properties Trust Inc.,United States,Real Estate
UR2SDW,Diamond BioFund Inc.,Taiwan,Financials
97F832,Rubis SCA,France,Utilities
12625E,New Hope Liuhe Co. Ltd.,China,Consumer Goods
821200,Dip Corp.,Japan,Industrials
B37A67,JK Cement Ltd.,India,Industrials
F891C0,Tsubakimoto Chain Co.,Japan,Industrials
CDCH5T,Intelbras SA,Brazil,Technology
C3134B,Guangzhou Wondfo Biotech Co. Ltd.,China,Health Care
C2E686,Feng Tay Enterprises Co. Ltd.,Taiwan,Consumer Goods
C05839,ATN International Inc.,United States,Telecommunications
C0D627,Stadler Rail AG,Switzerland,Industrials
61E5D6,Loma Negra Companía Industrial Argentina S.A.,Argentina,Industrials
C74288,Siemens AG,Germany,Industrials
1D0E24,UBS Group AG,Switzerland,Financials
28878B,Damai Entertainment Holdings Ltd.,Bermuda,Consumer Services
435129,Shaanxi Coal Industry Co. Ltd.,China,Basic Materials
E7B73B,Radware Ltd.,Israel,Technology
E94E74,North Electro-Optic Co. Ltd.,China,Industrials
F6C6DC,Hua Xia Bank Co. Ltd.,China,Financials
00CA77,Suzhou Secote Precision Electronic Co. Ltd.,China,Industrials
EAA9C3,Goneo Group Co. Ltd.,China,Industrials
4B8154,By-Health Co. Ltd.,China,Consumer Goods
A3137A,Vietcombank,Vietnam,Financials
053D74,Jiangsu King's Luck Brewery JSC Ltd.,China,Consumer Goods
FAACAB,Schaeffler AG,Germany,Consumer Goods
6ED519,NiSource Inc.,United States,Utilities
946FA2,GTBank,Nigeria,Financials
1220D2,Masimo Corp.,United States,Health Care
A8JBZJ,Azelis Group NV,Belgium,Financials
9A4ECA,AppLovin Corp.,United States,Consumer Services
1DE075,Natco Pharma Ltd.,India,Health Care
03E3B6,Kailuan Energy Chemical Co. Ltd.,China,Basic Materials
D096E0,Shiseido Co. Ltd.,Japan,Consumer Goods
8D5ECB,Ashok Leyland Ltd.,India,Industrials
D267B6,XGD Inc.,China,Industrials
962E74,RLI Corp.,United States,Financials
387C16,Labrador Iron Ore Royalty Corp.,Canada,Basic Materials
J4VTTL,PolicyBazaar,India,Technology
70LKFA,Grupo de Moda Soma S.A.,Brazil,Consumer Services
E84500,Donegal Group Inc.,United States,Financials
52F3A1,Financière de Tubize S.A.,Belgium,Health Care
4FB761,CMGE Technology Group Ltd.,Cayman Islands,Consumer Goods
5B2E00,United Laboratories Intl Holdings Ltd.,Cayman Islands,Health Care
BBFD98,Gerdau S.A.,Brazil,Basic Materials
F6484F,TBC Bank Group PLC,United Kingdom,Financials
B17747,Technip Energies N.V.,The Netherlands,Industrials
LKOL7E,Nexchip Semiconductor Corp.,China,Technology
9B9DF2,Coface S.A.,France,Financials
6A6BDC,Nathan's Famous Inc.,United States,Consumer Services
90D19D,Henan Xiangyu Medical Co. Ltd.,China,Health Care
9A7469,ANTA Sports Products Ltd.,Cayman Islands,Consumer Goods
E5A1BC,Arcplus Group PLC,China,Industrials
1A2458,Scatec ASA,Norway,Energy
MQ8LHR,International Holding Co. PJSC,United Arab Emirates,Financials
83C7EC,3SBio Inc.,Cayman Islands,Health Care
F38255,Entrada Therapeutics Inc.,United States,Health Care
3RVPU1,Shenzhen BSC Technology Co. Ltd.,China,Technology
71D5G7,Shaanxi Beiyuan Chemical Group Co. Ltd.,China,Basic Materials
A9D43A,House Foods Group Inc.,Japan,Consumer Goods
2B5068,United Super Markets Holdings Inc.,Japan,Consumer Services
1B67F5,Adaptive Biotechnologies Corp.,United States,Health Care
5D0EAE,Tootsie Roll Industries Inc.,United States,Consumer Goods
B43ACE,Dialog Group Bhd,Malaysia,Energy
9A29F4,Corsair Gaming Inc.,Cayman Islands,Consumer Services
0BF528,Okta Inc.,United States,Technology
4CA01D,K Wah International Holdings Ltd.,Bermuda,Real Estate
A1A322,NAURA Technology Group Co. Ltd.,China,Industrials
BB07E4,Amphenol Corp.,United States,Industrials
BDF85E,Dave & Buster's Entertainment Inc.,United States,Consumer Services
E36CB8,Instalco AB,Sweden,Industrials
278659,Bros Eastern Co. Ltd.,China,Consumer Goods
CA6827,Nongshim Co. Ltd.,South Korea,Consumer Goods
GVO4LF,BLS International Services Ltd.,India,Technology
698BA1,Nerdy Inc.,United States,Consumer Services
758C25,L&F Co. Ltd.,South Korea,Industrials
F0B877,Tri Pointe Homes Inc.,United States,Consumer Goods
C03C8B,Zoetis Inc.,United States,Health Care
F668E5,Shenzhen Heungkong Holding Co. Ltd.,China,Real Estate
D82EF3,TripAdvisor Inc.,United States,Consumer Services
2FB440,Asia Commercial JS Bank,Vietnam,Financials
EZK4AT,Cubic Sensor & Instrument Co. Ltd.,China,Industrials
CD2FAC,Advantage Energy Ltd.,Canada,Energy
E16133,Laureate Education Inc.,United States,Consumer Services
CDE94E,Ayala Land Inc.,Philippines,Real Estate
2AE625,AdvanSix Inc.,United States,Basic Materials
1F4082,Chengdu ALD Aviation Manufacturing Corp.,China,Industrials
51A8FB,NSD Co. Ltd.,Japan,Technology
5C0D00,TUI AG,Germany,Consumer Services
FB02A2,Power Corp. of Canada Ltd.,Canada,Financials
SOKL2H,Alexander Marine Co. Ltd.,Taiwan,Consumer Goods
CD1D64,Radius Global Infrastructure Inc.,British Virgin Islands,Telecommunications
4FD8B4,Bank of ChongQing Co. Ltd.,China,Financials
6CA2EF,Bharat Forge Ltd.,India,Industrials
402CBC,KE Holdings Inc.,Cayman Islands,Financials
SUAHNX,I-Tail Corp. PCL,Thailand,Consumer Goods
729E8D,Wynn Macau Ltd.,Cayman Islands,Consumer Services
4A3724,JCHX Mining Management Co. Ltd.,China,Industrials
58D341,China Power Intl Development Ltd.,Hong Kong SAR,Utilities
F85B68,Betta Pharmaceuticals Co. Ltd.,China,Health Care
H24NTT,PepGen Inc.,United States,Health Care
VUQTBG,Hangzhou Lion Microelectronics Co. Ltd.,China,Technology
1C66D0,LPP S.A.,Poland,Consumer Goods
B189CD,Jtower Inc.,Japan,Technology
89F693,Gen Digital Inc.,United States,Technology
NJPXPW,Gores Holdings IX Inc.,United States,Financials
D5E3FF,Arbutus Biopharma Corp.,Canada,Health Care
3WNZVM,INPEX Corp.,Japan,Energy
8AM205,Kenvue Inc.,United States,Consumer Goods
1880C5,Catalyst Pharmaceuticals Inc.,United States,Health Care
C79C20,Nippon Paint Holdings Co. Ltd.,Japan,Basic Materials
0847A8,Tong Hsing Electronic Industries Ltd.,Taiwan,Industrials
0B13E8,National Vision Holdings Inc.,United States,Consumer Services
87DF93,Tingyi (Cayman Islands) Holding Corp.,Cayman Islands,Consumer Goods
7722BB,Zenith Bank PLC,Nigeria,Financials
B73F1A,Shuyu Civilian Pharmacy Chain Co. Ltd.,China,Consumer Services
9BF177,ABM Industries Inc.,United States,Industrials
8DC7AC,Unipol Gruppo S.p.A.,Italy,Financials
66B48E,Cheng Shin Rubber Industry Co. Ltd.,Taiwan,Consumer Goods
6DDA15,Green Dot Corp.,United States,Financials
9645E6,Fox Factory Holding Corp.,United States,Consumer Goods
3C8101,Great Eastern Shipping Co. Ltd.,India,Industrials
12E063,CAE Inc.,Canada,Industrials
72EF75,Peoples Financial Services Corp.,United States,Financials
AF93DE,Earthstone Energy Inc.,United States,Energy
8E8E6E,MGM Resorts International Co.,United States,Consumer Services
F83565,CNOOC Ltd.,Hong Kong SAR,Energy
D5E83B,Daifuku Co. Ltd.,Japan,Industrials
5WI20S,AESI Holdings Inc.,United States,Energy
FCB918,Sichuan Changhong Electric Co. Ltd.,China,Consumer Goods
31643A,U-Haul Holding Co.,United States,Financials
4BA0FF,Chang Wah Technology Co. Ltd.,Taiwan,Industrials
C52197,Radico Khaitan Ltd.,India,Consumer Goods
FD554E,Vector Group Ltd.,United States,Consumer Goods
766047,The Hartford Insurance Group Inc.,United States,Financials
222D38,Eiffage S.A.,France,Industrials
1100D5,John Wood Group PLC,United Kingdom,Energy
790C34,ON Semiconductor Corp.,United States,Technology
82003B,Shikoku Electric Power Co. Inc.,Japan,Utilities
D5AA98,LeapMotor,China,Consumer Goods
EFAEB1,Metlen Energy & Metals SA,Greece,Industrials
29AFF0,New China Life Insurance Co. Ltd.,China,Financials
B65D7C,Singapore Airlines Ltd.,Singapore,Consumer Services
49168D,Zhejiang Yonghe Refrigerant Co. Ltd.,China,Basic Materials
7B31BE,Fabrinet LLC,Cayman Islands,Industrials
303A3C,Vodafone Idea Ltd.,India,Telecommunications
600052,Windey Energy Technology Group Co. Ltd.,China,Industrials
4EEFDE,Sangetsu Corp.,Japan,Consumer Goods
210096,Shoucheng Holdings Ltd.,Hong Kong SAR,Basic Materials
440A72,AB Global High Income Fund Inc.,United States,Financials
27A791,Orthofix Medical Inc.,United States,Health Care
52BF94,MRC Global Inc.,United States,Energy
13ACB6,Canon Inc.,Japan,Technology
74AC09,Yonyou Network Technology Co. Ltd.,China,Technology
1272B3,Ameresco Inc.,United States,Energy
28B730,OPENLANE Inc.,United States,Consumer Services
60854E,PT Bayan Resources Tbk,Indonesia,Basic Materials
EA62FC,Regal Rexnord Corp.,United States,Industrials
D2B07F,Fukuoka Financial Group Inc.,Japan,Financials
54CA37,Wavestone S.A.,France,Technology
7AF0E6,Burford Capital Ltd.,Guernsey,Financials
C941DC,Veracyte Inc.,United States,Health Care
368557,Haitian International Holdings Ltd.,Cayman Islands,Industrials
0EBF77,Safaricom,Kenya,Telecommunications
C11C46,EverQuote Inc.,United States,Technology
U9LBTE,Shanghai QiFan Cable Co. Ltd.,China,Industrials
A16687,Osaka Titanium Technologies Co. Ltd.,Japan,Basic Materials
0454D5,Caregen Co. Ltd.,South Korea,Health Care
7B1156,Manitowoc Co. Inc.,United States,Industrials
439E01,Hengan International Group Co. Ltd.,Cayman Islands,Consumer Goods
E8E1FA,VGI PCL,Thailand,Consumer Services
D64012,Range iData Tech Group Co. Ltd.,China,Technology
E86BF1,Shanghai Fullhan Microelec Co. Ltd.,China,Technology
15B10D,Avid Technology Inc.,United States,Technology
DB9B5F,Neusoft Corp.,China,Technology
B656AE,Beijing Aosaikang Pharma Co. Ltd.,China,Health Care
E907BF,AECC Aviation Power Co. Ltd.,China,Industrials
7DA473,Daicel Corp.,Japan,Basic Materials
973981,Chengdu Spaceon Electronics Co. Ltd.,China,Technology
F1F7BF,Via Technologies Inc.,Taiwan,Technology
9298FB,Altus Power Inc.,United States,Energy
46AFA9,CJ Corp.,South Korea,Consumer Goods
CB8367,Whirlpool of India Ltd.,India,Consumer Goods
4B5054,Portland General Electric Co.,United States,Utilities
975626,Semirara Mining & Power Corp.,Philippines,Basic Materials
06AC79,BNY Mellon Strategic Muni Bond Fund Inc.,United States,Financials
2F50C5,Thunder Software Technology Co. Ltd.,China,Technology
BB20DC,PT Mayora Indah Tbk,Indonesia,Consumer Goods
52DCBD,GMO Payment Gateway Inc.,Japan,Industrials
55BF97,Huaku Development Co. Ltd.,Taiwan,Real Estate
132042,Komatsu Ltd.,Japan,Industrials
A75ABE,Wolters Kluwer N.V.,The Netherlands,Consumer Services
F451D3,Wuestenrot & Wuerttembergische AG,Germany,Financials
25017A,SBI Cards and Payment Services Ltd.,India,Financials
1216D1,Horizon Bancorp Inc.,United States,Financials
7495F1,GCL Energy Technology Co. Ltd.,China,Utilities
EF0C94,Jinxin Fertility Group Ltd.,Cayman Islands,Health Care
C56627,Brookfield Business Partners L.P.,Bermuda,Financials
24A6BD,Huaming Power Equipment Co. Ltd.,China,Industrials
65AB30,Nurix Therapeutics Inc.,United States,Health Care
8E1ED2,Petrobras,Brazil,Energy
603179,Proximus N.V.,Belgium,Telecommunications
FBD2FD,Genpact Ltd.,Bermuda,Industrials
9B35B9,Huber+Suhner AG,Switzerland,Technology
306623,Green Plains Inc.,United States,Energy
377330,Hubei Dinglong Co. Ltd.,China,Technology
F3DC2D,Elgi Equipments Ltd.,India,Industrials
A9CC8E,BlueFocus Intelligent Comms Grp Co. Ltd.,China,Consumer Services
222773,Juniper II Corp.,United States,Financials
32D016,China Longyuan Power Group Corp. Ltd.,China,Energy
B73B08,argenx SE,The Netherlands,Health Care
4E3AB2,Integral Ad Science Holding Corp.,United States,Consumer Services
A5CCBB,PT Medco Energi Internasional Tbk,Indonesia,Energy
4F728C,Shennan Circuits Co. Ltd.,China,Industrials
7B4DD3,HK Electric Inv & HK Electric Inv Ltd.,Hong Kong SAR,Utilities
C7C54E,Fukuoka REIT Corp.,Japan,Real Estate
8A104C,Shenzhen Goodix Technology Co. Ltd.,China,Technology
3B98FB,The Star Entertainment Group Ltd.,Australia,Consumer Services
5EF130,Thermon Group Holdings Inc.,United States,Industrials
AFF0EB,Lojas Renner S.A.,Brazil,Consumer Services
684556,JK Lakshmi Cement Ltd.,India,Industrials
1A5FA7,Tata Power Co. Ltd.,India,Utilities
BB6DA7,Siemens Ltd.,India,Industrials
BBBB41,AGCO Corp.,United States,Industrials
D51FB2,Soitec S.A.,France,Technology
USF06H,Vietnam Maritime Commercial JS Bank,Vietnam,Financials
OISDEM,Jinan Acetate Chemical Co. Ltd.,Cayman Islands,Basic Materials
49DB9F,Intapp Inc.,United States,Technology
434F38,ResMed Inc.,United States,Health Care
1AA450,Shanghai Stonehill Technology Co. Ltd.,China,Technology
D1C0B9,1-800-FLOWERS.COM Inc.,United States,Consumer Services
5BBCF8,Alsea S.A.B. de C.V.,Mexico,Consumer Services
89D5EF,Biprogy Inc.,Japan,Technology
C876E7,iReader Technology Co. Ltd.,China,Technology
431B74,Deere & Co.,United States,Industrials
7753DB,Schroder AsiaPacific Fund PLC,United Kingdom,Financials
3B318A,Stitch Fix Inc.,United States,Consumer Services
23699B,Dyne Therapeutics Inc.,United States,Health Care
58FA72,Changjiang Publishing & Media Co. Ltd.,China,Consumer Services
F882AF,Stantec Inc.,Canada,Industrials
12A216,Unicaja Banco S.A.,Spain,Financials
A398CB,Shinkong Synthetic Fibers Corp.,Taiwan,Consumer Goods
5242CD,CTF Services Ltd.,Bermuda,Financials
6FE5F1,Neway Valve (Suzhou) Co. Ltd.,China,Industrials
655C40,Karat Packaging Inc.,United States,Industrials
CD70A7,Qingdao Gon Technology Co. Ltd.,China,Industrials
6BEBF5,PIMCO Municipal Income Fund,United States,Financials
C27E19,Acadia Realty Trust,United States,Real Estate
47F966,Capgemini S.E.,France,Technology
128A7F,Core Lithium Ltd.,Australia,Basic Materials
61FBBB,AviChina Industry & Technology Co. Ltd.,China,Industrials
D45452,Woolworths Holdings Ltd.,South Africa,Consumer Services
ED29C6,Hero MotoCorp Ltd.,India,Consumer Goods
82B57E,Accendra Health Inc.,United States,Health Care
F7C0E5,Weilong Delicious Global Holdings Ltd.,Cayman Islands,Consumer Goods
351438,Ningbo Yunsheng Co. Ltd.,China,Basic Materials
9A281D,KRBL Ltd.,India,Consumer Goods
024205,Galp Energia SGPS S.A.,Portugal,Energy
B8C863,Great Portland Estates PLC,United Kingdom,Real Estate
AC1952,Bridgewater Bancshares Inc.,United States,Financials
NTON0H,Servyou Software Group Co. Ltd.,China,Technology
357F17,Hongmian Zhihui Science & Tech Innov Co. Ltd.,China,Consumer Goods
521317,Taylor Wimpey PLC,United Kingdom,Consumer Goods
AA329B,Jiahe Foods Industry Co. Ltd.,China,Consumer Goods
9BE5BF,Malaysian Pacific Industries Bhd,Malaysia,Technology
790D0D,Urban Edge Properties Co.,United States,Real Estate
B3C867,Nuveen PA Quality Municipal Income Fund,United States,Financials
0BD4E8,Granite Construction Inc.,United States,Industrials
BA62D6,Volution Group PLC,United Kingdom,Industrials
A76E5B,UBE Corp.,Japan,Industrials
D5AF19,BlackRock Finance Inc.,United States,Financials
F2F91D,Formosa Petrochemical Corp.,Taiwan,Energy
17D077,Postal Savings Bank of China Co. Ltd.,China,Financials
78F6FF,Vertex Inc.,United States,Technology
3WKXMP,Shenma Industry Co. Ltd.,China,Basic Materials
AE6B63,Elite Material Co. Ltd.,Taiwan,Industrials
3B37F7,BRC Group Holdings Inc.,United States,Financials
934CC3,NetApp Inc.,United States,Technology
1DB05B,IOI Properties Group Bhd,Malaysia,Real Estate
14B39F,Wonders Information Co. Ltd.,China,Technology
ACB7A7,Impax Environmental Markets PLC,United Kingdom,Financials
GVVX4I,Star CM Holdings Ltd.,Cayman Islands,Consumer Services
81BFE6,Bank of Lanzhou Co. Ltd.,China,Financials
6CBBC2,Shanghai Putailai New Energy Technology Co. Ltd.,China,Basic Materials
7F9984,Paycom Software Inc.,United States,Technology
F3788A,Kone Oyj,Finland,Industrials
3D2EC0,Capstone Copper Corp.,Canada,Basic Materials
9E1499,Ausnutria Dairy Corp. Ltd.,Cayman Islands,Consumer Goods
37B618,One Liberty Properties Inc.,United States,Real Estate
7E2703,China Merchants Energy Shipping Co. Ltd.,China,Industrials
CD2A4D,Cross Country Healthcare Inc.,United States,Industrials
DE913A,Yonchuang Intelligent Equipment,China,Industrials
E264C9,Odontoprev S/A,Brazil,Health Care
VKADCF,Chongqing Three Gorges Water Conservancy,China,Utilities
4CD068,Tasly Pharmaceutical Group Co. Ltd.,China,Health Care
5ABEC0,APA Corp.,United States,Energy
78F9ED,Molson Coors Beverage Co.,United States,Consumer Goods
0B920C,Li Auto Inc.,Cayman Islands,Consumer Goods
B7B747,Telia Co. AB,Sweden,Telecommunications
55A98B,Grindr Inc.,United States,Technology
234903,REC Ltd.,India,Utilities
FD3DD5,MRF Ltd.,India,Consumer Goods
41A93D,Insight Enterprises Inc.,United States,Technology
DAD966,Yunding Technology Co. Ltd.,China,Basic Materials
FDF28E,US Foods Inc.,United States,Consumer Goods
A8F759,DBG Technology Co. Ltd.,China,Industrials
31BC4C,Comet Holding AG,Switzerland,Industrials
33CD26,Arcellx Inc.,United States,Health Care
8A5FE8,Spin Master Corp.,Canada,Consumer Goods
253604,Kymera Therapeutics Inc.,United States,Health Care
10DDF6,CSC Financial Co. Ltd.,China,Financials
356844,Hainan Poly Pharm. Co. Ltd.,China,Health Care
954D5A,NH Foods Ltd.,Japan,Consumer Goods
5B7739,SunRun Inc.,United States,Utilities
B07C68,East Group Co. Ltd.,China,Consumer Services
9F674C,Kanematsu Electronics Ltd.,Japan,Technology
828469,Contact Energy Ltd.,New Zealand,Utilities
E6CD65,Zhejiang Shuanghuan Driveline Co. Ltd.,China,Industrials
09D680,Sichuan Chuantou Energy Co. Ltd.,China,Utilities
913121,Lindab International AB,Sweden,Industrials
C99CC8,Unisys Corp.,United States,Technology
176E01,IndiGo,India,Consumer Services
951369,Bangkok Life Assurance PCL,Thailand,Financials
D7AA3A,Huangshan Tourism Development Co. Ltd.,China,Consumer Services
DEC749,Brookfield Renewable Holdings Corp.,Canada,Energy
FDFB71,Fosun Pharma Co. Ltd.,China,Health Care
8614A2,BrightView Holdings Inc.,United States,Consumer Services
E88A70,SDIC Intelligence Information Technology Co. Ltd.,China,Technology
5D626F,Jingjia Micro,China,Industrials
5568KV,Grab Holdings Ltd.,Cayman Islands,Industrials
1151F4,Xcel Energy Inc.,United States,Utilities
C28B73,Swire Properties Ltd.,Hong Kong SAR,Real Estate
D8590F,Johnson Matthey PLC,United Kingdom,Basic Materials
2E6037,Security Bank Corp.,Philippines,Financials
DC3796,Chung-Hsin Elec & Machinery Mfg. Corp.,Taiwan,Industrials
C6B256,Cleanaway Waste Management Ltd.,Australia,Industrials
SIRG1A,Jiangsu Lianyungang Port Co. Ltd.,China,Industrials
0AA753,China Bohai Bank Co. Ltd.,China,Financials
70635D,Dowa Holdings Co. Ltd.,Japan,Basic Materials
8E10BF,BioXcel Therapeutics Inc.,United States,Health Care
ED1A74,Beam Therapeutics Inc.,United States,Health Care
3049AD,Cargojet Inc.,Canada,Industrials
4FBDFF,Hallador Energy Co.,United States,Basic Materials
11E072,Jiuzhitang Co. Ltd.,China,Health Care
417489,Adeka Corp.,Japan,Basic Materials
B651E6,Vatti Corp. Ltd.,China,Consumer Goods
B943FB,PT BFI Finance Indonesia Tbk,Indonesia,Financials
DFB511,Oriental Land Co. Ltd.,Japan,Consumer Services
1830DD,KT&G Corp.,South Korea,Consumer Goods
C9E4EC,Focus Financial Partners Inc.,United States,Financials
5CA16F,Himile Mechanical Science & Technology,China,Consumer Goods
5WXIR2,Allmed Medical Products Co. Ltd.,China,Health Care
CFC5C3,Chifeng Jilong Gold Mining Co. Ltd.,China,Basic Materials
C4A5B0,Cranswick PLC,United Kingdom,Consumer Goods
55ACCB,GoPro Inc.,United States,Consumer Goods
6858FC,SK Telecom Co. Ltd.,South Korea,Telecommunications
264C57,Lundin Gold Inc.,Canada,Basic Materials
EAB255,Alpha Group International Ltd.,United Kingdom,Financials
B092D9,Sumitomo Bakelite Co. Ltd.,Japan,Basic Materials
B595A6,Barratt Redrow PLC,United Kingdom,Consumer Goods
31CD67,Dino Polska S.A.,Poland,Consumer Services
LOPC4A,China Southern Power Grid Technology Co. Ltd.,China,Utilities
F5A6BF,Misto Holdings Corp.,South Korea,Consumer Services
CF50D1,Gujarat Narmada Valley Fert & Chem Ltd.,India,Basic Materials
ACBDD6,Jinzhou Port Co. Ltd.,China,Industrials
D0ZOJN,C5 Acquisition Corp.,United States,Financials
05881E,Shanghai Pudong Construction Co. Ltd.,China,Industrials
34E891,Open Text Corp.,Canada,Technology
1A3E1B,Truist Financial Corp.,United States,Financials
F164FH,Kyndryl Holdings Inc.,United States,Technology
5E1A6E,ABB India Ltd.,India,Industrials
1E2158,Munters Group AB,Sweden,Industrials
48E592,JinYu Bio-Technology Co. Ltd.,China,Health Care
D90F43,Uber Technologies Inc.,United States,Consumer Services
D4610A,Nokian Tyres PLC,Finland,Consumer Goods
4E6F5A,Ardelyx Inc.,United States,Health Care
527724,Tiangong International Co. Ltd.,Cayman Islands,Basic Materials
DB5CA5,Duke Energy Corp.,United States,Utilities
2EBC0B,Heartland Express Inc.,United States,Industrials
E30B53,Citizens Financial Services Inc.,United States,Financials
2443B3,Taihan Cable & Solution Co. Ltd.,South Korea,Industrials
569644,China International Capital Corp. Ltd.,China,Financials
JPEWV7,Loop Media Inc.,United States,Consumer Services
C1EF8F,Jiaze Renewables Corp. Ltd.,China,Utilities
2331BC,Ryohin Keikaku Co. Ltd.,Japan,Consumer Services
8B2C4A,Ameris Bancorp,United States,Financials
586D1B,Anhui Gujing Distillery Co. Ltd.,China,Consumer Goods
6E7317,Dongyue Group Ltd.,Cayman Islands,Basic Materials
B682B4,Rathbones Group PLC,United Kingdom,Financials
3B07C5,Bloomberry Resorts Corp.,Philippines,Consumer Services
MWM26S,Alleima AB,Sweden,Industrials
A1EDD8,Bollore SE,France,Industrials
32F24A,Clearwater Paper Corp.,United States,Basic Materials
EBD89A,OSI Systems Inc.,United States,Industrials
D74613,Snam S.p.A.,Italy,Energy
010A9F,Qiming Information Technology Co. Ltd.,China,Technology
4978F5,Shenzhen Woer Heat,China,Industrials
2068A0,Yuyue Medical Equipment,China,Health Care
62GQ9Y,Topicus.com Inc.,Canada,Technology
999BA9,Social Capital Suvretta Hldgs Corp. IV,Cayman Islands,Financials
D393DF,Bank First Corp.,United States,Financials
6DE8F9,Ningbo Shanshan Co. Ltd.,China,Industrials
180DA0,VSE Corp.,United States,Industrials
5CZAFS,NuStar Logistics LP,United States,Energy
D33623,FTAC Zeus Acquisition Corp.,United States,Financials
B8D474,BTS Group Holdings PCL,Thailand,Industrials
550D01,LGI Homes Inc.,United States,Consumer Goods
04A297,POSCO Future M Co. Ltd.,South Korea,Industrials
4FCC78,UMH Properties Inc.,United States,Real Estate
76F067,Amgen Inc.,United States,Health Care
78F776,Organogenesis Holdings Inc.,United States,Health Care
63475E,China Merchants Port Group Co. Ltd.,China,Industrials
7D63B8,SoftwareONE Holding AG,Switzerland,Technology
BAA835,Beyond Securities Public Co. Ltd.,Thailand,Financials
91F2C5,F&C Preferred Securities Income Fd Inc.,United States,Financials
DCEC26,Sichuan Haite High-Tech Co. Ltd.,China,Industrials
8377DB,Fifth Third Bancorp Co.,United States,Financials
35CE9B,Wuhan Tianyu Info Industry Co. Ltd.,China,Technology
262D73,AG Anadolu Grubu Holding A.S.,Turkey,Industrials
C144BC,CETC Digital Technology Co. Ltd.,China,Technology
B62D10,Tokai Holdings Corp.,Japan,Financials
80BE8A,Adyen N.V.,The Netherlands,Industrials
41CEAF,Interconexion Electrica S.A. E.S.P.,Colombia,Utilities
A747ED,Shanying International Holdings Co. Ltd.,China,Basic Materials
F1C69A,Palantir Technologies Inc.,United States,Technology
54A713,Armada Hoffler Properties Inc.,United States,Real Estate
01306D,PT Mitra Keluarga Karyasehat Tbk,Indonesia,Health Care
F0B2B5,Markel Group Inc.,United States,Financials
765A68,Anhui Xinhua Media Co. Ltd.,China,Consumer Services
9A3FF4,Allegion PLC,Ireland,Industrials
7ACBA4,Preformed Line Products Co.,United States,Technology
61D2A9,Golden Ocean Group Ltd.,Bermuda,Industrials
E2AD6A,Aurora Innovation Inc.,Cayman Islands,Technology
7D85A9,Cencora Inc.,United States,Consumer Services
7A5D58,MidwestOne Financial Group Inc.,United States,Financials
66749D,Timken Co.,United States,Industrials
32F1FC,East China Eng Sci & Tech Co. Ltd.,China,Industrials
2FE28F,TC Energy Corp.,Canada,Energy
591263,Vitrolife AB,Sweden,Health Care
FAE021,United Parcel Service Inc.,United States,Industrials
4618B4,Schouw & Co. A/S,Denmark,Industrials
57F354,Babcock International Group PLC,United Kingdom,Industrials
889520,Bangkok Bank PCL,Thailand,Financials
EFD406,DaVita Inc.,United States,Health Care
086F41,Shanghai Zijiang Enterprise Grp Co. Ltd.,China,Industrials
947B28,Rolls-Royce Holdings PLC,United Kingdom,Industrials
59DC38,Partners Group Holding AG,Switzerland,Financials
980796,Pfeiffer Vacuum Technology AG,Germany,Industrials
3F3D5A,LBX Pharmacy Chain JSC,China,Health Care
911AB8,Newmont Corp.,United States,Basic Materials
E6E439,Eurocommercial Properties N.V.,The Netherlands,Real Estate
7ED6E7,Essity AB,Sweden,Consumer Goods
DFBD37,Aramex PJSC,United Arab Emirates,Industrials
C6D4BE,Hamamatsu Photonics K.K.,Japan,Industrials
76BECC,Tutor Perini Corp.,United States,Industrials
5F0C0D,Cohen & Steers Infrastructure Fund Inc.,United States,Financials
7FFEFE,Shenzhen Cereals Holdings Co. Ltd.,China,Consumer Goods
4368A6,Kongsberg Gruppen ASA,Norway,Industrials
9AB670,Vats Liquor Chain Store Mngmt JSC Ltd.,China,Consumer Services
LO0YB8,Sinomach Precision Industry Group Co. Ltd.,China,Industrials
QZQNEW,IMEIK Technology Development Co. Ltd.,China,Health Care
20C4B1,Fortis Healthcare Ltd.,India,Health Care
F68D92,Obayashi Corp.,Japan,Industrials
EWG0X2,SeaDrill Ltd.,Bermuda,Energy
E9A1B1,Hugel Inc.,South Korea,Consumer Goods
6C9CF6,Chartwell Retirement Residences Co.,Canada,Real Estate
20C60F,Fu Shou Yuan International Group Ltd.,Cayman Islands,Consumer Services
WVYM05,Beijing Cuiwei Tower Co. Ltd.,China,Consumer Services
692DA6,Canadian Pacific Railway Ltd.,Canada,Industrials
85DE00,Bio-Techne Corp.,United States,Health Care
VZ67MS,HD Hyundai Heavy Industries Co. Ltd.,South Korea,Industrials
L9OVWE,PT Cemindo Gemilang Tbk,Indonesia,Industrials
9B42DD,Agnico Eagle Mines Ltd.,Canada,Basic Materials
4B604B,Terna Rete Elettrica Nazionale S.p.A.,Italy,Utilities
198E05,TFF Group Co.,France,Industrials
937AA3,Wilcon Depot Inc.,Philippines,Consumer Services
PJ8AMP,Jishi Media Co. Ltd.,China,Industrials
03BC26,LEPU ScienTech Med Tech Shanghai,China,Health Care
BD9668,United Community Banks Inc.,United States,Financials
4FC1CB,IRB Infrastructure Developers Ltd.,India,Industrials
CBCDA5,Pepkor Holdings Ltd.,South Africa,Consumer Services
2CA60F,2U LLC,United States,Technology
39274D,Duff & Phelps Utility & Infra Fund Inc.,United States,Financials
F39ECB,Global-E Online Ltd.,United States,Consumer Services
7E8C27,Zhejiang Meida Industrial Co. Ltd.,China,Consumer Goods
9AF4AD,PT Garudafood Putra Putri Jaya Tbk,Indonesia,Consumer Goods
F4104D,Hexatronic Group AB,Sweden,Industrials
3A5B52,Tongyu Communication Inc.,China,Technology
1B2C32,Greystone Housing Impact Investors LP,United States,Financials
87F1A6,Pan Jit International Inc.,Taiwan,Technology
C9732E,Allakos Inc.,United States,Health Care
B75708,Prometheus Biosciences Inc.,United States,Health Care
400AA5,Ta Chen Stainless Pipe Co. Ltd.,Taiwan,Basic Materials
A7F72D,GF Securities Co. Ltd.,China,Financials
CF7292,Ulta Beauty Inc.,United States,Consumer Services
4DBEC6,Shandong Xinchao Energy Corp. Ltd.,China,Energy
70E626,Freee KK,Japan,Technology
659C2C,JSR Corp.,Japan,Basic Materials
98CAED,Stepan Co.,United States,Basic Materials
A299B5,Vilmorin & Cie SA,France,Consumer Goods
F54279,Athabasca Oil Corp.,Canada,Energy
B3A166,Farmland Partners Inc.,United States,Real Estate
3779B4,Shenzhen Airport Co. Ltd.,China,Industrials
0FE327,Synergy Grid & Dvlp Philippines Inc.,Philippines,Basic Materials
0C0D85,Shanghai Tongji Sci & Tech Ind Co. Ltd.,China,Industrials
8BFDFF,Frontdoor Inc.,United States,Consumer Services
ED7F13,KKR Real Estate Finance Trust Inc.,United States,Real Estate
B560AF,Public Service Enterprise Group Inc.,United States,Utilities
EBC66C,Janux Therapeutics Inc.,United States,Health Care
F8C07F,Abbott India Ltd.,India,Health Care
906062,Putnam Municipal Opportunities Trust,United States,Financials
1E1374,Soho China Ltd.,Cayman Islands,Real Estate
FB706B,SES S.A.,Luxembourg,Telecommunications
179D84,Gujarat Gas Ltd.,India,Utilities
A21EC8,Guangdong Create Century,China,Technology
F7B8AC,CNH Industrial N.V.,The Netherlands,Industrials
DD394F,Ferrari N.V.,The Netherlands,Consumer Goods
9U3T56,Chengdu Gas Group Co. Ltd.,China,Utilities
DF385D,Sabine Royalty Trust Co.,United States,Energy
88350F,AutoNation Inc.,United States,Consumer Services
PNIKBH,Anhui Great Wall Military Ind Co. Ltd.,China,Industrials
1BE5D1,Venustech Group Inc.,China,Technology
CA3CB9,Berry Global Group Inc.,United States,Industrials
6A51AC,Redcare Pharmacy NV,The Netherlands,Consumer Services
30B4DA,Noevir Holdings Co. Ltd.,Japan,Consumer Goods
D388BF,Sisecam Resources LP,United States,Basic Materials
DF5503,LEG Immobilien SE,Germany,Real Estate
8CCBC9,Guangdong HEC Tech Holding Co. Ltd.,China,Industrials
72DF04,J.B. Hunt Transport Services Inc.,United States,Industrials
OBKOYV,Dongfeng Automobile Co. Ltd.,China,Industrials
B45DE7,Shanghai International Airport Co. Ltd.,China,Industrials
D3FA2C,RLJ Lodging Trust,United States,Real Estate
6272LZ,Shanghai Titan Scientific Co. Ltd.,China,Health Care
7ENKII,Kempower Oyj,Finland,Consumer Goods
BAA43F,SII S.A.,France,Technology
4F2D47,Shandong Hi-Speed New Energy Group Ltd.,Cayman Islands,Energy
9B2BB7,Food & Life Cos. Ltd.,Japan,Consumer Services
E72A60,Bank of Jiangsu Co. Ltd.,China,Financials
AE759E,Morinaga & Co. Ltd.,Japan,Consumer Goods
D63FC9,Calamos Global Dynamic Income Fund,United States,Financials
D82C89,Howden Joinery Group PLC,United Kingdom,Consumer Services
9F5997,Enviri Corp.,United States,Industrials
2ZR27X,Chengdu Xuguang Electronics Co. Ltd.,China,Industrials
108DB5,OTP Bank Nyrt.,Hungary,Financials
03B8CF,3M Co.,United States,Industrials
E19A99,Glaukos Corp.,United States,Health Care
F95726,Northwest Bancshares Inc.,United States,Financials
3FF890,Erasca Inc.,United States,Health Care
CD4DA8,Evercore Inc.,United States,Financials
FD2A69,SIA Engineering Co. Ltd.,Singapore,Industrials
F73857,Oberoi Realty Ltd.,India,Real Estate
E90C84,Globe Life Inc.,United States,Financials
97DE22,Canadian Natural Resources Ltd.,Canada,Energy
0E761F,Emirates Telecommunications Gp Co. PJSC,United Arab Emirates,Telecommunications
9F97F1,Shanghai Yuyuan Tourist Mart Grp Co. Ltd.,China,Consumer Services
025FAF,Italmobiliare S.p.A.,Italy,Financials
EB19B0,Fosun International Ltd.,China,Basic Materials
E710A6,Hengdian Entertainment Co. Ltd.,China,Consumer Services
B46796,Vietjet Aviation JSC,Vietnam,Consumer Services
AE8019,IPH Ltd.,Australia,Industrials
2AB76D,Stanley Electric Co. Ltd.,Japan,Consumer Goods
A5B0EF,Shenzhen Sinovatio Technology Co. Ltd.,China,Technology
6D1EB3,Container Corp. of India Ltd.,India,Industrials
A7A10A,HDFC Bank Ltd.,India,Financials
V2LNN4,Shanghai Qiangsheng Holding Co. Ltd.,China,Consumer Services
200D8B,ePlus Inc.,United States,Technology
0EA339,JB Financial Group Co. Ltd.,South Korea,Financials
9D366D,Technology One Ltd.,Australia,Technology
BCEF18,America Movil S.A.B. de C.V.,Mexico,Telecommunications
F1A860,Guangdong Guanhao High-Tech Co. Ltd.,China,Basic Materials
7D3E8D,PT Ciputra Development Tbk,Indonesia,Real Estate
4E5748,Georg Fischer AG,Switzerland,Industrials
8C627C,Spartan Delta Corp.,Canada,Energy
3WXNFI,Jiangsu New Energy Development Co. Ltd.,China,Utilities
2266E4,Taiwan Surface Mounting Technology Corp.,Taiwan,Industrials
64AD2E,Fluidra SA,Spain,Industrials
776207,VZ Holding AG,Switzerland,Financials
94ECB8,Fortuna Mining Corp.,Canada,Basic Materials
PVMP0I,Astor Enerji A.S.,Turkey,Industrials
DEA940,Credicorp Ltd.,Bermuda,Financials
B7E218,Greentown Management Holdings Co. Ltd.,Cayman Islands,Financials
2716D1,IKD Co. Ltd.,China,Consumer Services
6122CD,Hippo Holdings Inc.,Cayman Islands,Financials
D63B0F,National Health Investors Inc.,United States,Real Estate
F6C92D,Supalai PCL,Thailand,Real Estate
E23FB4,Safe Bulkers Inc.,Marshall Islands,Industrials
BEGR1Y,Ganyuan Foods Co. Ltd.,China,Consumer Goods
848E0A,Mirvac Group Ltd.,Australia,Real Estate
896B08,Growthpoint Properties Australia Ltd.,Australia,Real Estate
B724BF,Yunkang Group Ltd.,Cayman Islands,Health Care
4F5321,Jinchuan Group Intl Resources Co. Ltd.,Cayman Islands,Basic Materials
6A01DF,Pacific Biosciences of California Inc.,United States,Health Care
BC4876,Alexander's Inc.,United States,Real Estate
742AAB,Sally Beauty Holdings Inc.,United States,Consumer Services
152FA5,Sutro Biopharma Inc.,United States,Health Care
D92B43,Minsur S.A.,Peru,Basic Materials
7C661B,Kobayashi Pharmaceutical Co. Ltd.,Japan,Health Care
9D336D,Sequoia Economic Infra Inc Fd Ltd.,Guernsey,Financials
A968B7,Neoen SA,France,Utilities
VIR5X6,Changchun Engley Automobile Ind Co. Ltd.,China,Consumer Goods
28C448,Shenzhen Leaguer Co. Ltd.,China,Industrials
566213,Yingkou Jinchen Machinery Co. Ltd.,China,Industrials
6621D4,Banco Santander Chile S.A.,Chile,Financials
CB138D,AllianceBernstein Holding L.P.,United States,Financials
038060,Anji Food Group Co. Ltd.,China,Consumer Goods
F68D6C,Tetragon Financial Group Ltd.,Guernsey,Financials
08A775,HMC Capital Ltd.,Australia,Real Estate
A72AEF,Carvana Co.,United States,Consumer Services
252064,Blue Moon Group Holdings Ltd.,Cayman Islands,Consumer Goods
3E63AE,Qinchuan Machine Tool & Tool Group Share Co. Ltd.,China,Industrials
9044E9,Guangdong Yowant Technology Group Co. Ltd.,China,Consumer Goods
7D70FD,Monex Group Inc.,Japan,Financials
4D8313,Graco Inc.,United States,Industrials
E114F4,Modine Manufacturing Co.,United States,Consumer Goods
180B87,Compania Cervecerias Unidas S.A.,Chile,Consumer Goods
41C528,DXP Enterprises Inc.,United States,Industrials
1CD4B5,Scholar Rock Holding Corp.,United States,Health Care
499FBB,Gushengtang Holdings Ltd.,Cayman Islands,Health Care
95E7AF,Ampol Ltd.,Australia,Energy
E6E4EA,PetroChina Co. Ltd.,China,Energy
3CA981,Beijing Capital Development Co. Ltd.,China,Real Estate
4ABA59,Ovctek China Inc.,China,Health Care
DBE5BD,Golden Solar New Energy Tech Hldgs Ltd.,Cayman Islands,Consumer Goods
CED4D0,Core Natural Resources Inc.,United States,Basic Materials
BA04C8,AP (Thailand) PCL,Thailand,Real Estate
WNRFPQ,Suzhou Sushi Testing Group Co. Ltd.,China,Industrials
D8B54C,Sumitomo Pharma Co. Ltd.,Japan,Health Care
6A2868,Constellium SE,France,Basic Materials
E35610,Wayfair Inc.,United States,Consumer Services
885758,Bloom Energy Corp.,United States,Utilities
078B59,Japan Elevator Service Holding Co. Ltd.,Japan,Industrials
57A60A,Thermador Groupe S.A.,France,Industrials
7DE80D,Sixt SE,Germany,Consumer Services
E03F22,SBS Holdings Inc.,Japan,Industrials
D94AF4,Companhia Siderurgica Nacional S.A.,Brazil,Basic Materials
189CA6,Indorama Ventures PCL,Thailand,Basic Materials
6EO8N8,Hualan Biological Bacterin Inc.,China,Health Care
76B7B9,Hoshine Silicon Industry Co. Ltd.,China,Basic Materials
EAD918,PT Industri Jamu dan Farmasi Sido Muncul Tbk,Indonesia,Consumer Goods
7B492C,Adtalem Global Education Inc.,United States,Consumer Services
2088FD,Shenzhen Gongjin Electronics Co. Ltd.,China,Industrials
1FD69E,Oji Holdings Corp.,Japan,Basic Materials
D105F4,Siam Global House PCL,Thailand,Industrials
576787,World Wrestling Entertainment LLC,United States,Consumer Services
D4A02A,China Rare Earth Resources & Technology Co. Ltd.,China,Basic Materials
985506,MARR S.p.A.,Italy,Consumer Services
1FE3CB,Veritex Holdings Inc.,United States,Financials
8D43F4,Samsung Fire & Marine Insurance Co. Ltd.,South Korea,Financials
EC9820,BRP Inc.,Canada,Consumer Goods
F7893C,Petrovietnam Power Corp.,Vietnam,Utilities
765913,Pacific Premier Bancorp Inc.,United States,Financials
2A530A,Poonawalla Fincorp Ltd.,India,Financials
6807C4,Alkem Laboratories Ltd.,India,Health Care
A97UHA,Beijing Caishikou Dept Store Co. Ltd.,China,Consumer Services
CE8251,MTN Group Ltd.,South Africa,Telecommunications
72B4BC,Dongwon Industries Co. Ltd.,South Korea,Consumer Goods
B811D5,Samsung Electronics Co. Ltd.,South Korea,Technology
AE8CE0,Telenor ASA,Norway,Telecommunications
DD031B,Guangzhou Automobile Group Co. Ltd.,China,Consumer Goods
F87649,Serco Group PLC,United Kingdom,Industrials
28C499,African Gold Acquisition Corp.,Cayman Islands,Financials
81F457,Stevanato Group S.p.A.,Italy,Health Care
50A621,OPmobility S.E.,France,Consumer Goods
F24FF0,Covenant Logistics Group Inc.,United States,Industrials
AEBCE1,Xtep International Holdings Ltd.,Cayman Islands,Consumer Goods
C71AD9,Lazard Inc.,United States,Financials
274967,Jiangsu Hoperun Software Co. Ltd.,China,Technology
A2A58E,ClearBridge MLP and Midstream Fund Inc.,United States,Financials
4EB77D,Reckitt Benckiser Group PLC,United Kingdom,Consumer Goods
3E377B,China Tobacco Intl (HK) Co. Ltd.,Hong Kong SAR,Consumer Services
0077DF,ICG PLC,United Kingdom,Financials
EC6C2C,Wuchan Zhongda Group Co. Ltd.,China,Consumer Goods
F455BA,Guizhou Zhongyida Co. Ltd.,China,Basic Materials
002F3F,Cheniere Energy Partners L.P.,United States,Energy
73A213,Napco Security Technologies Inc.,United States,Industrials
A1251D,Wuhan Raycus Fiber Laser Tech Co. Ltd.,China,Technology
E4FBF5,Dubai Investments PJSC,United Arab Emirates,Financials
5A0FF1,Magnite Inc.,United States,Consumer Services
9DF37A,Fabege AB,Sweden,Real Estate
4C82D3,PT Bank Pan Indonesia Tbk,Indonesia,Financials
03CCC5,Atlas Arteria Ltd.,Australia,Industrials
3BFD92,NIB Holdings Ltd.,Australia,Financials
A8B137,Polaris Inc.,United States,Consumer Goods
982A82,Oil & Natural Gas Corp. Ltd.,India,Energy
A1EAC8,Huntington Ingalls Industries Inc.,United States,Industrials
BWKXUS,Crescent Energy Co.,United States,Utilities
2E1729,Jiangsu Zijin Rural Com Bank Co. Ltd.,China,Financials
8D1D55,Mitsui Fudosan Co. Ltd.,Japan,Real Estate
UKGNQ2,Whirlpool China Co. Ltd.,China,Consumer Goods
986AF6,NuCor Corp.,United States,Basic Materials
BD5433,JCET Group Co. Ltd.,China,Technology
7AE3F8,Vibra Energia S.A.,Brazil,Energy
7552D0,Snap Inc.,United States,Technology
E947BB,OR Royalties Inc.,Canada,Basic Materials
400885,Tsingtao Brewery Co. Ltd.,China,Consumer Goods
7CA8F6,Arko Corp.,United States,Consumer Services
6241F1,Cowell e Holdings Inc.,Cayman Islands,Industrials
53F345,Barings BDC Inc.,United States,Financials
2D8972,Gates Industrial Corp. PLC,United Kingdom,Industrials
24F29D,Riyue Heavy Industry Co. Ltd.,China,Industrials
5CC29D,Lamb Weston Holdings Inc.,United States,Consumer Goods
2COVTS,Sterling Check Corp.,United States,Industrials
7E5909,Auckland International Airport Ltd.,New Zealand,Industrials
A584AC,Orkla ASA,Norway,Consumer Goods
F56922,Orica Ltd.,Australia,Basic Materials
264398,BMW Group,Germany,Consumer Goods
8A3622,Wuxi Huaguang Environment,China,Industrials
9E4A5F,PDF Solutions Inc.,United States,Technology
3EDEAF,Ningbo Boway Alloy Material Co. Ltd.,China,Basic Materials
642229,SM Prime Holdings Inc.,Philippines,Real Estate
4B531C,Beauty Health Co.,United States,Consumer Goods
EC1AF3,The Hackett Group Inc.,United States,Technology
890255,Shell PLC,United Kingdom,Energy
F46367,Vietnam National Petroleum Group,Vietnam,Energy
DF42A0,Universal Corp.,United States,Consumer Goods
41DF38,Qingdao East Steel Tower Stock Co. Ltd.,China,Industrials
3CB95C,Recticel S.A.,Belgium,Basic Materials
641704,TEXT SA,Poland,Technology
D4CE9A,Sight Sciences Inc.,United States,Health Care
176F6E,Regis Resources Ltd.,Australia,Basic Materials
F04E37,JA Solar Technology Co. Ltd.,China,Energy
C05AB5,Bank of Ningbo Co. Ltd.,China,Financials
4FBA65,Energy Absolute PCL,Thailand,Utilities
EMLOMD,Arrail Group Ltd.,Cayman Islands,Health Care
6E2B8F,Osotspa PCL,Thailand,Consumer Goods
N7CX50,Torrid Holdings Inc.,United States,Consumer Goods
42B662,Fresnillo PLC,United Kingdom,Basic Materials
DA0A9E,Barnes Group Inc.,United States,Industrials
AB7831,Asia Aviation Public Co. Ltd.,Thailand,Consumer Services
78J1O8,AOHUA Photoelectricity Endoscope Co. Ltd.,China,Health Care
3578A2,Phison Electronics Corp.,Taiwan,Technology
D5FB71,Zhejiang Juhua Co. Ltd.,China,Basic Materials
70ABE9,SsangYong C&E Co. Ltd.,South Korea,Industrials
E20BFE,Urban Outfitters Inc.,United States,Consumer Services
14796F,Global Indemnity Group LLC,United States,Financials
39CCB8,National Aluminium Co. Ltd.,India,Basic Materials
82B309,PINFRA,Mexico,Industrials
A8403A,SinoPac Financial Holdings Co. Ltd.,Taiwan,Financials
493461,Chengdu Olymvax Biopharmaceuticals Inc.,China,Health Care
A9F430,Guangzhou Lingnan Group Hldgs Co. Ltd.,China,Consumer Services
4F51A6,Swedbank AB,Sweden,Financials
6430EA,China National Building Material Co. Ltd.,China,Industrials
65074A,Beijing Infosec Technologies Co. Ltd.,China,Technology
AAA04B,Brookfield Infrastructure Corp.,Canada,Basic Materials
945DE6,Westinghouse Air Brake Technologies Corp.,United States,Industrials
53303D,Long Yuan Construction Group Co. Ltd.,China,Industrials
56AAC4,Riot Platforms Inc.,United States,Technology
7L7LHX,Remitly Global Inc.,United States,Financials
7D082B,Shree Renuka Sugars Ltd.,India,Consumer Goods
1FB181,Shanghai Zhenhua Heavy Industries Co. Ltd.,China,Industrials
6CBBE1,Beijing United Information Tech Co. Ltd.,China,Technology
E10D31,Edison International Co.,United States,Utilities
159EE5,Camtek Ltd.,Israel,Industrials
49A9C5,Western Mining Co. Ltd.,China,Basic Materials
C1CC84,China National Chemical Eng Co. Ltd.,China,Industrials
8C579E,Huaibei Mining Holdings Co. Ltd.,China,Basic Materials
B19ED3,Henan Dayou Energy Co. Ltd.,China,Basic Materials
82AC10,Anhui Jiangnan Chem Industry Co. Ltd.,China,Industrials
129944,uniQure N.V.,The Netherlands,Health Care
4192EC,PagSeguro Digital Ltd.,Cayman Islands,Industrials
DD1BA1,News Corp.,United States,Consumer Services
B8E672,Yangzhou Yangjie Elec Tech Co. Ltd.,China,Industrials
E02163,Sichuan Jiuzhou Electronic Co. Ltd.,China,Industrials
77F01E,ASOS PLC,United Kingdom,Consumer Services
AD93CC,North Pacific Bank Ltd.,Japan,Financials
50070E,Goldman Sachs Group Inc.,United States,Financials
84DE1A,Fujian Yuanli Active Carbon Co. Ltd.,China,Basic Materials
D6CDF8,Japan Metropolitan Fund Investment Corp.,Japan,Real Estate
5AE757,Star Group L.P.,United States,Utilities
UFZO13,Leader Harmonious Drive Systems Co. Ltd.,China,Industrials
A3BFAA,Southern Missouri Bancorp Inc.,United States,Financials
D9133A,Gunma Bank Ltd.,Japan,Financials
F0538F,Sumitomo Osaka Cement Co. Ltd.,Japan,Industrials
065BE6,Nok Corp.,Japan,Consumer Goods
3E77B2,SandRidge Energy Inc.,United States,Energy
E5F6DD,Jinghua Pharmaceutical Group Co. Ltd.,China,Health Care
40ACDB,Anhui Hengyuan Coal Ind. & Elec. Pwr Co. Ltd.,China,Basic Materials
B85DCE,Acadian Asset Management Inc.,United States,Financials
7C4475,Athene Holding Ltd.,United States,Financials
6D712E,JD Sports Fashion PLC,United Kingdom,Consumer Services
8E6372,OSG Corp.,Japan,Industrials
03F610,Goldsun Building Materials Co. Ltd.,Taiwan,Industrials
675376,Telefonaktiebolaget LM Ericsson AB,Sweden,Technology
1782D5,Range Resources Corp.,United States,Energy
070B45,Zebra Technologies Corp.,United States,Industrials
373B06,Artisan Partners Asset Management Inc.,United States,Financials
8734E7,Helios Towers PLC,Mauritius,Telecommunications
66BC9D,Yamazaki Baking Co. Ltd.,Japan,Consumer Goods
5F9CE3,Quest Diagnostics Inc.,United States,Health Care
QEX74R,F&F Co. Ltd. (South Korea),South Korea,Consumer Goods
8386AB,Braskem S.A.,Brazil,Basic Materials
240709,Shenzhen Tagen Group Co. Ltd.,China,Industrials
998DD0,Reply S.p.A.,Italy,Technology
223552,Vir Biotechnology Inc.,United States,Health Care
4F9487,Banner Corp.,United States,Financials
0203A0,Huizhou CEE Technology Inc.,China,Industrials
3C6CCC,Everi Holdings Inc.,United States,Consumer Services
93284C,Fastighets AB Balder,Sweden,Real Estate
A1E3B3,Veeva Systems Inc.,United States,Technology
D9C669,Guangzhou Development Group Inc.,China,Utilities
6D3784,IRSA-Inversiones y Representaciones S.A.,Argentina,Real Estate
28DCA8,Selective Insurance Group Inc.,United States,Financials
9B64C1,Falabella S.A.,Chile,Consumer Services
C83B88,Comcast Corp.,United States,Consumer Services
A509CF,China Film Group Co. Ltd.,China,Consumer Services
9EA697,China Yangtze Power Co. Ltd.,China,Utilities
8FDB11,Anritsu Corp.,Japan,Technology
44D2DA,Visual China Group Co. Ltd.,China,Consumer Services
88A4A6,Verbio SE,Germany,Energy
EA2E0D,Saratoga Investment Corp.,United States,Financials
4A295A,Shenzhen Envicool Technology Co. Ltd.,China,Industrials
2F75E0,Koninklijke Philips N.V.,The Netherlands,Health Care
49BA4E,Top Resource Energy Co. Ltd.,China,Utilities
5B4855,MeridianLink Inc.,United States,Technology
4942D5,Suncor Energy Inc.,Canada,Energy
B8WCHP,Aurisco Pharmaceutical Co. Ltd.,China,Health Care
C1825F,China Nuclear Engineering Corp. Ltd.,China,Industrials
564D2C,Centuria Industrial REIT,Australia,Real Estate
B53C2B,Top Choice Medical Co. Inc.,China,Health Care
B77AF6,UniCredit S.p.A.,Italy,Financials
5181EA,Land & Houses PCL,Thailand,Consumer Goods
F51DB0,Floor & Decor Holdings Inc.,United States,Consumer Services
AF210D,Select Medical Holdings Corp.,United States,Health Care
37CE02,Mingchen Health Co. Ltd.,China,Consumer Goods
866963,Isetan Mitsukoshi Holdings Ltd.,Japan,Consumer Services
9D3360,Apple Hospitality REIT Inc.,United States,Real Estate
0A1HHG,Beisen Holding Ltd.,Cayman Islands,Industrials
8E4F9A,Quanterix Corp.,United States,Health Care
9AD0CC,VTECH Holdings Ltd.,Bermuda,Consumer Goods
C19491,Beijing OriginWater Technology Co. Ltd.,China,Industrials
B44BE5,Bidvest Group Ltd.,South Africa,Industrials
8C9B2E,Sanquan Food Co. Ltd.,China,Consumer Goods
AE7D16,MoneyGram International Inc.,United States,Financials
CE03DF,Helen of Troy Ltd.,Bermuda,Consumer Goods
B698E2,CK Asset Holdings Ltd.,Cayman Islands,Real Estate
4E3ACD,Toly Bread Co. Ltd.,China,Consumer Goods
A6EE1B,Petro Rio S.A.,Brazil,Energy
B435F2,Rio Tinto Ltd.,Australia,Basic Materials
6BBCBA,Schrödinger Inc.,United States,Health Care
03C700,Chengdu Hongqi Chain Co. Ltd.,China,Consumer Services
ACDCFA,Accel Entertainment Inc.,Cayman Islands,Consumer Services
17FA16,TKH Group N.V.,The Netherlands,Industrials
53C167,Bank of Nova Scotia Co.,Canada,Financials
6D6BEB,Schroders PLC,United Kingdom,Financials
9F5F78,Wihlborgs Fastigheter AB,Sweden,Real Estate
CEB9B3,Companhia Paranaense de Energia S.A.,Brazil,Utilities
2F960F,Global Medical REIT Inc.,United States,Real Estate
E21871,Williams Cos. Inc.,United States,Energy
316E5D,Ferguson Enterprises Inc.,Jersey,Consumer Services
C8923A,Cerus Corp.,United States,Health Care
3610D7,Paramount Resources Ltd.,Canada,Energy
A4B522,Jiangsu Sopo Chemical Co. Ltd.,China,Basic Materials
753E56,Tokai Rika Co. Ltd.,Japan,Consumer Goods
8C1628,Solvay S.A.,Belgium,Basic Materials
19155B,Sunwoda Electronic Co. Ltd.,China,Consumer Goods
2F6782,Enpro Inc.,United States,Industrials
83E0AC,Southwest Gas Holdings Inc.,United States,Utilities
BE048A,Jinzhou Yongshan Lithium Co. Ltd.,China,Basic Materials
RLPUXV,3D Medicines Inc.,Cayman Islands,Health Care
D1F989,Butterfly Network Inc.,United States,Health Care
64A6E2,PT Gudang Garam Tbk,Indonesia,Consumer Goods
C2609A,Voya Financial Inc.,United States,Financials
BFF54B,Huatai Securities Co. Ltd.,China,Financials
159739,Sun Communities Inc.,United States,Real Estate
22C725,Commercial Vehicle Group Inc.,United States,Consumer Goods
4B554C,Sichuan EM Technology Co. Ltd.,China,Basic Materials
E85E49,Melco International Development Ltd.,Hong Kong SAR,Consumer Services
3996A1,Dong-E E-Jiao Co. Ltd.,China,Health Care
A967EB,Cementos Argos S.A.,Colombia,Industrials
B6046C,Brunello Cucinelli S.p.A.,Italy,Consumer Goods
68329D,Goodwill E-Health Info Co. Ltd.,China,Health Care
878396,JOYY Inc.,Cayman Islands,Technology
D650A7,Allient Inc.,United States,Industrials
949BA4,Ares Capital Corp.,United States,Financials
0DB238,Hailir Pesticides & Chem Group Co. Ltd.,China,Basic Materials
601785,Highwoods Properties Inc.,United States,Real Estate
CE1002,Stanley Black & Decker Inc.,United States,Industrials
828AC6,Chongqing Afari Technology Co. Ltd.,China,Consumer Goods
EC8QA8,Zhejiang HangKe Technology Inc. Co.,China,Industrials
U44OK4,DR Corp. Ltd.,China,Consumer Goods
A7102F,Henry Schein Inc.,United States,Health Care
DC6B56,Taiwan Cooperative Finl Hldg Co. Ltd.,Taiwan,Financials
978FBC,Landis+Gyr Group AG,Switzerland,Industrials
B83179,Keppel REIT,Singapore,Real Estate
RR4ROI,Fusheng Precision Co. Ltd.,Taiwan,Consumer Goods
L0PTFW,Granite Ridge Resources Inc.,United States,Financials
C55E47,Riley Exploration Permian Inc.,United States,Energy
61A586,Freshpet Inc.,United States,Consumer Goods
F73C67,China Merchants Port Holdings Co. Ltd.,Hong Kong SAR,Industrials
F8DE55,Healthcare Services Group Inc.,United States,Health Care
BB3B90,Acea S.p.A.,Italy,Utilities
F9DED6,Foresight Environmental Infrastructure Ltd.,Guernsey,Financials
267718,Pfizer Inc.,United States,Health Care
D78CCD,VF Corp.,United States,Consumer Goods
8E4BB6,Couchbase Inc.,United States,Technology
9B88E4,Lion Finance Group PLC,United Kingdom,Financials
E5F061,Exeo Group Inc.,Japan,Industrials
1B9535,Sprouts Farmers Market Inc.,United States,Consumer Services
54B889,Mayville Engineering Co. Inc.,United States,Industrials
54A680,China Railway Group Ltd.,China,Industrials
8D00E3,Jollibee Food Corp.,Philippines,Consumer Services
A6FE1C,Four Corners Property Trust Inc.,United States,Real Estate
4XT47K,Pegavision Corp.,Taiwan,Health Care
D516C5,Michelin SCA,France,Consumer Goods
0E79BD,Shandong Hi-Speed Holdings Group Ltd.,Bermuda,Real Estate
425F50,Nsing Technologies Inc.,China,Technology
6F8443,Varta AG,Germany,Consumer Goods
DB1BC0,First Advantage Corp.,United States,Industrials
BCF89F,Beijing LeiKe Defense Technology Co. Ltd.,China,Industrials
D854DD,Hillenbrand Inc.,United States,Consumer Services
3E52E8,Shanghai Environment Group Co. Ltd.,China,Industrials
CBA489,SkyCity Entertainment Group Ltd.,New Zealand,Consumer Services
C1664D,Exchange Income Corp.,Canada,Consumer Services
5AF08A,Ingevity Corp.,United States,Basic Materials
779E45,China Sthrn Pwr Grd Enrgy Strg Co. Ltd.,China,Utilities
27270C,Kum Yang Co. Ltd.,South Korea,Basic Materials
2DA92D,Old Republic International Corp.,United States,Financials
1031B9,Vietnam Airlines JSC,Vietnam,Consumer Services
AB6138,Hainan Drinda New Energy Technology Co. Ltd.,China,Consumer Goods
33D96A,3i Group PLC,United Kingdom,Financials
88A904,HMT (Xiamen) New Technical Mats Co. Ltd.,China,Consumer Goods
EV2YXI,Zhejiang Dafeng Industrial Co. Ltd,China,Consumer Services
BE48D0,GuangYuYuan Chinese Herbal Med Co. Ltd.,China,Health Care
D32455,Hon Hai Precision Industry Co. Ltd.,Taiwan,Industrials
00067A,Humana Inc.,United States,Health Care
0AB758,Celestica Inc.,Canada,Industrials
188CAC,Unilever PLC,United Kingdom,Consumer Goods
251988,AT&T Inc.,United States,Telecommunications
4E1CFF,Woodside Energy Group Ltd.,Australia,Energy
7734AC,Utah Medical Products Inc.,United States,Health Care
D22171,Hainan Haiyao Co. Ltd.,China,Health Care
TOUQPH,Southland Holdings Inc.,United States,Industrials
E7A2A5,Woodward Inc.,United States,Industrials
702850,Nuveen Municipal Credit Income Fund,United States,Financials
DECE8F,Jinyuan EP Co. Ltd.,China,Industrials
1C9F48,Volvo AB,Sweden,Industrials
264A56,Gansu Shangfeng Cement Co. Ltd.,China,Consumer Goods
6479CD,Chongqing Water Group Co. Ltd.,China,Utilities
6137BF,Edwards Lifesciences Corp.,United States,Health Care
6C2964,Rotork PLC,United Kingdom,Industrials
42B6D6,Xinjiang Guannong Co. Ltd.,China,Consumer Goods
9E095E,Charter Hall Long WALE REIT,Australia,Real Estate
F5DD13,Klabin S.A.,Brazil,Basic Materials
C037A8,MasterCraft Boat Holdings Inc.,United States,Consumer Goods
4AEBD4,Textainer Group Holdings Ltd.,Bermuda,Industrials
60A790,Herbalife Ltd.,Cayman Islands,Consumer Goods
ED0402,CoStar Group Inc.,United States,Real Estate
21B00D,China Tianying Inc.,China,Industrials
HOUOMZ,East African Breweries PLC,Kenya,Consumer Goods
2AEEB3,Raymond Ltd.,India,Consumer Goods
7P7AI5,IONOS Group SE,Germany,Technology
83005A,Henan Ancai Hi-tech Co. Ltd.,China,Industrials
SM9C3P,Kensington Capital Acquisition Corp. V,United States,Financials
6F0E5D,Xiangpiaopiao Food Co. Ltd.,China,Consumer Goods
1086AE,ProSiebenSat.1 Media SE,Germany,Consumer Services
SK5IFO,Arhaus Inc.,United States,Industrials
09FBEC,Bowman Consulting Group Ltd.,United States,Industrials
BC3AA9,Seres Group Co. Ltd.,China,Consumer Goods
B02524,CTCI Corp.,Taiwan,Industrials
0C355F,Crocs Inc.,United States,Consumer Goods
581829,Danaos Corp.,Marshall Islands,Industrials
694BE7,Canon Marketing Japan Inc.,Japan,Technology
B83522,Revenio Group Oyj,Finland,Health Care
C6AC1A,Kingsoft Corp. Ltd.,Cayman Islands,Technology
51B920,Beijing Tiantan Bio-Products Co. Ltd.,China,Health Care
A62EF9,Carmila S.A.,France,Real Estate
1BBAB1,Hindustan Petroleum Corp. Ltd.,India,Energy
63B39E,Hyundai Mobis Co. Ltd.,South Korea,Consumer Goods
CD5A89,Hubei Yihua Chemical Industry Co. Ltd.,China,Basic Materials
9D8E5A,Hyundai Glovis Co. Ltd.,South Korea,Industrials
B0B29E,SCG Packaging Public Co. Ltd.,Thailand,Industrials
31FA6F,SOLUM Co. Ltd.,South Korea,Technology
E32E42,Masan Group Corp.,Vietnam,Financials
6A35CC,Lotte Corp.,South Korea,Consumer Goods
703530,Affle 3i Ltd.,India,Technology
0A912E,Shanghai Electric Wind Power,China,Energy
9981C6,Johnson Outdoors Inc.,United States,Consumer Goods
2A2F34,Shida Shinghwa Advanced Material Group Co. Ltd.,China,Basic Materials
8QEGZ9,Nanya New Material Technology Co. Ltd.,China,Basic Materials
72BEB6,Intesa Sanpaolo S.p.A.,Italy,Financials
385DD4,Marriott International Inc.,United States,Consumer Services
9C3D3C,Pennant Group Inc.,United States,Health Care
375335,Jiangsu Hengrui Pharmaceuticals Co. Ltd.,China,Health Care
CBA33B,Rollins Inc.,United States,Consumer Services
F9CAF8,Eagle Materials Inc.,United States,Industrials
DD3BB1,Tesla Inc.,United States,Consumer Goods
5C7601,Lincoln National Corp.,United States,Financials
20D403,Bendigo & Adelaide Bank Ltd.,Australia,Financials
673096,Central Japan Railway Co.,Japan,Consumer Services
D3F64D,Pursuit Attractions & Hospitality Inc.,United States,Consumer Services
0DE3D5,PDC Energy Inc.,United States,Energy
OTFCDU,Jiangsu Lopal Tech. Group Co. Ltd.,China,Industrials
1E4816,PT Bumi Resources Minerals Tbk,Indonesia,Basic Materials
4638EE,Assura Ltd.,United Kingdom,Real Estate
961C9D,ProKidney Corp.,United States,Health Care
B1B10C,Avient Corp.,United States,Basic Materials
35CE74,Golden Energy & Resources Pte. Ltd.,Singapore,Basic Materials
058E09,Hyundai Rotem Co.,South Korea,Industrials
F73DAC,"Hubei Radio, Film and Television",China,Consumer Services
4DE7E0,Lifestance Health Group Inc.,United States,Health Care
41D61C,United States Lime & Minerals Inc.,United States,Industrials
2D76CE,Chase Corp.,United States,Basic Materials
756F0D,Yango Group Co. Ltd.,China,Real Estate
A4386C,Healthpeak Properties Inc.,United States,Real Estate
CFF97C,S&P Global Inc.,United States,Consumer Services
64F2C1,Globant S.A.,Luxembourg,Technology
592F82,Transfar Zhilian Co. Ltd.,China,Basic Materials
O3C9UX,Guangdong Huate Gas Co. Ltd.,China,Basic Materials
57A8B7,DCM Holdings Co. Ltd.,Japan,Consumer Services
21CF1D,Huaxi Securities Co. Ltd.,China,Financials
D725D5,ST Pharm Co. Ltd.,South Korea,Health Care
FF4BA4,Weyerhaeuser Co.,United States,Basic Materials
1FCC00,Big Lots Inc.,United States,Consumer Services
2F8C46,Henan Shuanghui Inv. & Dev. Co. Ltd.,China,Consumer Goods
AE8697,Direct Line Insurance Group Plc,United Kingdom,Financials
319BE2,Comfort Systems USA Inc.,United States,Industrials
B1407D,BayCurrent Inc.,Japan,Technology
DE4FD3,Bank of Baroda Ltd.,India,Financials
94983E,Bruker Corp.,United States,Health Care
72C2CE,Bright Horizons Family Solutions Inc.,United States,Consumer Services
C80BFB,Paragon Banking Group PLC,United Kingdom,Financials
2B1628,PT Bank OCBC NISP Tbk,Indonesia,Financials
A3F598,Avista Corp.,United States,Utilities
8E79E2,Mori Hills REIT Investment Corp.,Japan,Real Estate
5D763B,Prada S.p.A.,Italy,Consumer Goods
FF9D5C,Snibe Co. Ltd.,China,Health Care
51M43D,Ziraat Gayrimenkul Yatirim Ortakligi AS,Turkey,Real Estate
507GVT,Nanning Chemical Industry Co. Ltd.,China,Basic Materials
513BDF,Arcs Co. Ltd.,Japan,Consumer Services
309922,Enterprise Financial Services Corp.,United States,Financials
11D773,PT Bank Aladin Syariah Tbk,Indonesia,Financials
E7FB14,Pimco Floating Rate Strategy Fund,United States,Financials
195A5E,Mediclinic Group Ltd.,United Kingdom,Health Care
0A059E,Spar Group Ltd.,South Africa,Consumer Services
697402,MONETA Money Bank A.S.,Czechia,Financials
5E867C,City Union Bank Ltd.,India,Financials
43D751,Comer Industries S.p.A.,Italy,Industrials
62F41C,Westpac Banking Corp.,Australia,Financials
0C93FF,Tianjin TEDA Resources Recycling Group Co. Ltd.,China,Industrials
26CC63,Jabil Inc.,United States,Industrials
3B8484,Installed Building Products Inc.,United States,Industrials
846D05,Bharti Airtel Ltd.,India,Telecommunications
5C930C,Itausa-Investimentos Itau S.A.,Brazil,Financials
DCD65C,Ming Yuan Cloud Group Holdings Ltd.,Cayman Islands,Technology
4IGDYU,Bestechnic (Shanghai) Co. Ltd.,China,Technology
E6DA7D,TotalEnergies EP Gabon S.A.,Gabon,Energy
89815B,Gansu Golden Solar Co.,China,Consumer Goods
B5BA39,Anywhere Real Estate Inc.,United States,Real Estate
6A32DB,Tamburi Investment Partners S.p.A.,Italy,Financials
65243D,Virtus Total Return Fund Inc.,United States,Financials
CD929A,China Northern Rare Earth Group,China,Basic Materials
180AD3,Zhangzhou Pientzehuang Pharma Co. Ltd.,China,Health Care
295CB7,indie Semiconductor Inc.,Cayman Islands,Technology
151F5E,Rajesh Exports Ltd.,India,Consumer Goods
E3656D,Construction Partners Inc.,United States,Industrials
DB06B0,Electronic Arts Inc.,United States,Consumer Goods
E766CA,Nagase & Co. Ltd.,Japan,Basic Materials
ADC18E,WIN Semiconductors Corp.,Taiwan,Technology
CD32ED,Warby Parker Inc.,United States,Consumer Goods
9C967C,Fujian Snowman Group Co. Ltd.,China,Industrials
0R2RQH,Northam Platinum Holdings Ltd.,South Africa,Basic Materials
1C32D1,Doximity Inc.,United States,Health Care
C4A818,BlackRock Municipal Income Trust,United States,Financials
3AAB4D,Playtech PLC,Isle of Man,Consumer Services
50B913,Jiangsu Huaxicun Co. Ltd.,China,Consumer Goods
6ADA0F,Paylocity Holding Corp.,United States,Industrials
061366,First Solar Inc.,United States,Energy
BFED7A,Guangzhou Tinci Materials Tech Co. Ltd.,China,Basic Materials
5DC409,Westlake Chemical Partners LP,United States,Basic Materials
31B0CC,East Japan Railway Co.,Japan,Consumer Services
6FZQG4,YAPP Automotive Systems Co. Ltd.,China,Consumer Goods
32221E,Chang Hwa Commercial Bank Ltd.,Taiwan,Financials
7BO060,NMDC Group PJSC,United Arab Emirates,Industrials
E20D06,Fortescue Ltd.,Australia,Basic Materials
FCFC8B,KEPCO E&C Co. Inc.,South Korea,Industrials
00DF4E,Fortune Real Estate Investment Trust,Singapore,Real Estate
0D8F49,Vietnam Dairy Products JSC,Vietnam,Consumer Goods
507566,Equatorial S.A.,Brazil,Utilities
TV66FW,Shanghai Bolex Food Technology Co. Ltd.,China,Consumer Goods
DC6EF3,Boston Omaha Corp.,United States,Consumer Services
8K67JV,Shanghai Supezet Eng Tech Corp. Ltd.,China,Technology
9C14DF,Shijiazhuang Changshan Beiming Technology Co. Ltd.,China,Consumer Goods
A463A3,Japan Material Co. Ltd.,Japan,Industrials
1DCBE3,Kyushu Railway Co.,Japan,Consumer Services
CEDF22,Far East Hospitality Trust,Singapore,Real Estate
4F94F0,Maoyan Entertainment Co.,Cayman Islands,Technology
F9089D,Lendlease Corp. Ltd.,Australia,Industrials
374152,First National Financial Corp.,Canada,Financials
FB03CA,MAG Silver Corp.,Canada,Basic Materials
D13F1C,Daseke Inc.,United States,Industrials
2B9AAB,Metro Pacific Investments Corp.,Philippines,Financials
7628CB,CIG Shanghai Co. Ltd.,China,Technology
294E57,Great Wall Motor Co. Ltd.,China,Consumer Goods
B43FD1,Jungheinrich AG,Germany,Industrials
47FCF2,SunPower Corp.,United States,Industrials
EF1AD9,Bread Financial Holdings Inc.,United States,Industrials
50784E,ZoomInfo Technologies Inc.,United States,Technology
AB7AB7,Electricite de France S.A.,France,Utilities
3383AB,Mitsubishi Estate Logistics REIT Inv Corp.,Japan,Real Estate
2AE1F9,Toyota Tsusho Corp.,Japan,Industrials
6CBF41,Progyny Inc.,United States,Health Care
2EB136,PETRONAS Chemicals Group Berhad,Malaysia,Basic Materials
B8DD94,LSI Industries Inc.,United States,Industrials
8F2A18,Hubei Century Network Tech Co. Ltd.,China,Technology
8718A6,BlackRock MuniVest Fund Inc.,United States,Financials
348CFE,Medicover AB,Sweden,Health Care
C4CB82,Kumho Petro Chemical Co. Ltd.,South Korea,Basic Materials
C76024,WH Group Ltd.,Cayman Islands,Consumer Goods
5871F4,Aberdeen Asia-Pacific Income Fund Inc.,United States,Financials
DF5F14,Ready Capital Corp.,United States,Real Estate
875F41,New York Times Co.,United States,Consumer Services
5B5717,PT Bank Negara Indonesia (Persero) Tbk,Indonesia,Financials
AE0DB4,ENI S.p.A.,Italy,Energy
A84E18,Brickworks Investment Co. Ltd.,Australia,Financials
823D23,Gubre Fabrikalari T.A.S.,Turkey,Basic Materials
17F6AD,ASE Technology Holding Co. Ltd.,Taiwan,Technology
57634F,Credit Acceptance Corp.,United States,Financials
38E4CA,77 Bank Ltd.,Japan,Financials
7431B0,Northwest Healthcare Properties Real Estate Investment Trust,Canada,Real Estate
EE675C,Ecopro BM Co. Ltd.,South Korea,Industrials
BBLW4T,HPSP Co. Ltd.,South Korea,Technology
FD3F76,Laboratorios Farmaceuticos Rovi S.A.,Spain,Health Care
1E1613,Renishaw PLC,United Kingdom,Industrials
557041,CapitaLand Ascendas REIT,Singapore,Real Estate
1CC9A8,Sappi Ltd.,South Africa,Basic Materials
01174B,Expolanka Holdings Ltd.,Sri Lanka,Industrials
B03B69,Beijing Sanyuan Foods Co. Ltd.,China,Consumer Goods
778BAF,CGN Nuclear Tech Development Co. Ltd.,China,Industrials
F2C00F,Tien Phong Commercial Joint Stock Bank,Vietnam,Financials
67DB59,Sojitz Corp.,Japan,Industrials
911A02,Home Point Capital Inc.,United States,Financials
C04C6F,PEXA Group Ltd.,Australia,Real Estate
EB2F14,American National Bankshares Inc.,United States,Financials
4E9498,Magyar Telekom Távközlési NyRt.,Hungary,Telecommunications
1AB66C,DPM Metals Inc.,Canada,Basic Materials
86A562,Cromwell Property Group Co.,Australia,Real Estate
CAFF41,Denso Corp.,Japan,Consumer Goods
8YUXLK,PT GoTo Gojek Tokopedia Tbk,Indonesia,Technology
C41C25,First Financial Bancorp,United States,Financials
88EFD3,Sopra Steria Group S.A.,France,Technology
41EC04,Under Armour Inc.,United States,Consumer Goods
984C21,WinTriX DC Group Co.,Cayman Islands,Technology
E317E0,Novo Nordisk A/S,Denmark,Health Care
D9378D,New Horizon Health Ltd.,Hong Kong SAR,Health Care
4679FC,Bpost S.A.,Belgium,Industrials
A4A612,Moelis & Co.,United States,Financials
099C88,KBR Inc.,United States,Industrials
35B907,Ennis Inc.,United States,Industrials
C1A375,Huaihe Energy (Group) Co. Ltd.,China,Industrials
9B49B3,New Wave Group AB,Sweden,Consumer Goods
8EF425,Mid-America Apartment Communities Inc.,United States,Real Estate
121F17,Shanxi Fen Wine,China,Consumer Goods
GCDKJF,Funshine Culture Group Co. Ltd.,China,Consumer Services
29ADEE,YTO Express Group Co. Ltd.,China,Industrials
723548,Global Net Lease Inc.,United States,Real Estate
9561FC,PLS Group Ltd.,Australia,Basic Materials
6A4124,Luolai Lifestyle Technology Co. Ltd.,China,Consumer Goods
BD583C,South32 Ltd.,Australia,Basic Materials
CF822B,Superior Plus Corp.,Canada,Energy
0C9258,Hill & Smith PLC,United Kingdom,Industrials
DF3CC0,Sociedad Matriz SAAM SA,Chile,Industrials
D568A1,Tata Steel Ltd.,India,Basic Materials
GK73A4,Archean Chemical Industries Ltd.,India,Basic Materials
E1D06B,Banco BBVA Perú Co.,Peru,Financials
42BE7C,Puya Semiconductor (Shanghai) Co. Ltd.,China,Technology
A80544,Japan Post Insurance Co. Ltd.,Japan,Financials
92039E,Giant Manufacturing Co. Ltd.,Taiwan,Consumer Goods
70D87E,Regional S.A.B. de C.V.,Mexico,Financials
48DC14,Zuger Kantonalbank AG,Switzerland,Financials
275XHU,Chongqing Hongjiu Fruit Co. Ltd.,China,Consumer Goods
8BFE9A,Ranpak Holdings Corp.,United States,Industrials
EA84F0,Jiangsu Xinquan Automotive Trim Co. Ltd.,China,Consumer Goods
520E1F,Nestle India Ltd.,India,Consumer Goods
7D453A,BAWAG Group AG,Austria,Financials
344D2C,Mullen Group Ltd.,Canada,Energy
0E1512,Chewy Inc.,United States,Consumer Services
24E1EC,Cousins Properties Inc.,United States,Real Estate
2896EF,HiteVision Co. Ltd.,China,Industrials
9B6F95,Bridgestone Corp.,Japan,Consumer Goods
C22C14,Soochow Securities Co. Ltd.,China,Financials
AAE218,The Navigator Co. S.A.,Portugal,Basic Materials
49311D,Japan Display Inc.,Japan,Industrials
FUBDT6,InvestCo Holding AS,Turkey,Financials
58CA9A,Citigroup Inc.,United States,Financials
2D7C30,Squarespace Inc.,United States,Technology
AD35E9,Logista Integral S.A.,Spain,Industrials
7B0CD1,The Supreme Industries Ltd.,India,Basic Materials
7934B8,Keda Industrial Group Co. Ltd.,China,Industrials
B8F71F,W.R. Berkley Corp.,United States,Financials
30F6F8,Hornbach Baumarkt AG,Germany,Consumer Services
EAEBF3,Targa Resources Corp.,United States,Energy
B43AA8,Dalian Huarui Heavy Ind Group Co. Ltd.,China,Industrials
AAEE21,OneMain Holdings Inc.,United States,Financials
6F9D9B,Tata Teleservices (Maharashtra) Ltd.,India,Telecommunications
4A4038,Kojamo Oyj,Finland,Real Estate
1E9F1C,Bid Corp. Ltd,South Africa,Consumer Services
312093,FIBRA Prologis,Mexico,Real Estate
0E3F94,Dongfang Electronics Co. Ltd.,China,Industrials
1DDA75,Innergex Renewable Energy Inc.,Canada,Utilities
A3B29C,Winall Hi-Tech Seed Co. Ltd.,China,Consumer Goods
F3AF85,Bestsun Energy Co. Ltd.,China,Energy
041889,Katitas Co. Ltd.,Japan,Consumer Goods
0638F8,Britannia Industries Ltd.,India,Consumer Goods
HYUQ3N,VisEra Technologies Co. Ltd.,Taiwan,Industrials
7FB052,Nuveen AMT-Free Muni Credit Income Fund,United States,Financials
F9996D,ChangYuan Technology Group Ltd.,China,Industrials
19B4DB,Canara Bank,India,Financials
0ABE91,Nihon M&A Center Holdings Inc.,Japan,Financials
7A2A49,Digital Turbine Inc.,United States,Technology
8F6F89,Ourpalm Co. Ltd.,China,Consumer Goods
1E169E,SBA Communications Corp.,United States,Real Estate
78AADB,Yinson Holdings Bhd,Malaysia,Industrials
AEF2C3,Community Health Systems Inc.,United States,Health Care
H24WRA,Xinjiang Ba Yi Iron & Steel Co. Ltd.,China,Basic Materials
8F3231,OceanFirst Financial Corp.,United States,Financials
175C26,Hong Kong Broadband Network Ltd.,Hong Kong SAR,Technology
0D6848,Hotel Shilla Co. Ltd.,South Korea,Consumer Services
283DE9,Macquarie Korea Infrastructure Fund,South Korea,Financials
DB08C7,H. Lundbeck A/S,Denmark,Health Care
B70EE0,Shaanxi International Trust Co. Ltd.,China,Financials
93633B,Preferred Bank Los Angeles,United States,Financials
FD2B50,Goldenmax International Group Ltd.,China,Basic Materials
QGWTC8,Borouge PLC,United Arab Emirates,Basic Materials
1494A3,Mayinglong Pharmaceutical Group Co. Ltd.,China,Health Care
A72AB6,Burlington Stores Inc.,United States,Consumer Services
45FA9B,Biocon Ltd.,India,Health Care
A504F5,Orange Polska S.A.,Poland,Telecommunications
E0207A,SS&C Technologies Holdings Inc.,United States,Technology
58BED9,Prothena Corp. PLC,Ireland,Health Care
CC983E,Chengdu Wintrue Holding Co. Ltd.,China,Basic Materials
EF5BED,Bank of New York Mellon Corp.,United States,Financials
F8D583,TBS Holdings Inc.,Japan,Consumer Services
FFAB4A,Armstrong World Industries Inc.,United States,Industrials
0B06AF,Green Plains Partners LP,United States,Energy
693411,EVT Ltd.,Australia,Consumer Services
32F943,Sarepta Therapeutics Inc.,United States,Health Care
7D97DE,ExlService Holdings Inc.,United States,Technology
A954A3,Workman Co. Ltd.,Japan,Consumer Services
342218,Pinnacle West Capital Corp.,United States,Utilities
886D3A,Shinsegae Co. Ltd.,South Korea,Consumer Services
BD8985,Indraprastha Gas Ltd.,India,Utilities
CC1047,DFDS A/S,Denmark,Industrials
4D0F57,Toyo Seikan Group Holdings Ltd.,Japan,Industrials
C64ADD,Osaka Soda Co. Ltd.,Japan,Basic Materials
F00H8L,China Marine Information Elec Co. Ltd.,China,Technology
F5349B,Sinclair Broadcast Group LLC,United States,Consumer Services
0624BE,Abercrombie & Fitch Co.,United States,Consumer Services
B21ROP,Life Insurance Corp. of India,India,Financials
71C7B9,LondonMetric Property PLC,United Kingdom,Real Estate
BB98AD,JinkoSolar Holding Co. Ltd.,Cayman Islands,Energy
CB27B4,Yuanta Financial Holding Co. Ltd.,Taiwan,Financials
E8F039,KeePer Technical Laboratory Co. Ltd.,Japan,Basic Materials
F87C3F,Shenzhen Jinjia Group Co. Ltd.,China,Industrials
34CEC9,Seazen Holdings Co. Ltd.,Cayman Islands,Real Estate
D90441,NL Industries Inc.,United States,Basic Materials
36728D,NOS SGPS S.A.,Portugal,Consumer Services
20BEEA,Steel Dynamics Inc.,United States,Basic Materials
1EC9C7,Shenzhen Senior Tech Material Co. Ltd.,China,Industrials
3A7FEF,PT Merdeka Copper Gold Tbk,Indonesia,Basic Materials
009397,LPL Financial Holdings Inc.,United States,Financials
89CA5B,MEITEC Group Holdings Inc.,Japan,Industrials
25102A,Nasdaq Inc.,United States,Financials
E92DFC,Camurus AB,Sweden,Health Care
61B614,GMO Internet Group Inc.,Japan,Technology
34C240,Stagwell Inc.,United States,Consumer Services
EA2D75,OMRON Corp.,Japan,Industrials
DDC25F,Theravance Biopharma Inc.,Cayman Islands,Health Care
BFFC6B,Nippon Prologis REIT Inc.,Japan,Real Estate
A2B922,Mahindra & Mahindra Ltd.,India,Industrials
F34FCB,Elementis PLC,United Kingdom,Basic Materials
5A1TF9,AIM Vaccine Co. Ltd.,China,Health Care
EF4224,Frontken Corp. Bhd.,Malaysia,Industrials
2D1DFF,Hanbell Precise Machinery Co. Ltd.,China,Industrials
20E094,Sichuan Injet Electric Co. Ltd.,China,Technology
AE8837,Cisen Pharmaceutical Co. Ltd.,China,Health Care
SVYAMQ,Siglent Technologies Co. Ltd.,China,Industrials
83598E,Standex International Corp.,United States,Industrials
DB53EA,People.cn Co. Ltd.,China,Technology
873885,Fugro N.V.,The Netherlands,Energy
AEF4BB,Chicony Electronics Co. Ltd.,Taiwan,Technology
6EA3DF,Shenzhen Sunlord Electronics Co. Ltd.,China,Technology
15789A,Asure Software Inc.,United States,Technology
328250,ConnectOne Bancorp Inc.,United States,Financials
BB88B6,ServiceNow Inc.,United States,Technology
5D37BB,Atrium Ljungberg AB,Sweden,Real Estate
FBD835,Wangneng Environment Co. Ltd.,China,Industrials
399728,Zhejiang Jolly Pharmaceutical Co. Ltd.,China,Health Care
BN79D2,First National Bank Alaska,United States,Financials
76BE2D,Elevra Lithium Ltd.,Australia,Basic Materials
722756,Penguin Solutions Inc.,United States,Technology
B96216,Zhejiang Jinggong Science & Tech Co. Ltd.,China,Industrials
4B49CF,H.B. Fuller Co.,United States,Basic Materials
726DDF,DigitalBridge Group Inc.,United States,Real Estate
168790,Xiamen ITG Group Corp. Ltd.,China,Industrials
B31EF8,C. Uyemura & Co. Ltd.,Japan,Basic Materials
54C679,Ferrovial SE,Spain,Industrials
416A1C,Telekom Malaysia Bhd.,Malaysia,Telecommunications
D5D09E,Longshine Technology Group Co. Ltd.,China,Technology
AFNB34,Jiayuan Science & Technology Co. Ltd.,China,Technology
3601E2,Lasertec Corp.,Japan,Technology
5D19AA,China Satellite Communications Co. Ltd.,China,Telecommunications
66C152,Yusys Technologies Co. Ltd.,China,Technology
3D2BCB,Kansai Paint Co. Ltd.,Japan,Basic Materials
9948B4,Yamato Holdings Co. Ltd.,Japan,Industrials
E28EB6,Netlist Inc.,United States,Technology
A1774D,PT Indosat Tbk,Indonesia,Telecommunications
7BD4CD,Shenzhen Sunway Communication Co. Ltd.,China,Technology
C15A25,iFAST Corp. Ltd.,Singapore,Financials
279916,Guidewire Software Inc.,United States,Technology
7507A6,Euronext N.V.,The Netherlands,Financials
3EE191,Fastly Inc.,United States,Technology
C54955,Panasonic Holdings Corp.,Japan,Consumer Goods
3EB83C,InnoCare Pharma Ltd.,Cayman Islands,Health Care
D01300,TotalEnergies SE,France,Energy
02870F,Insperity Inc.,United States,Industrials
D5431F,Towngas Smart Energy Co. Ltd.,Cayman Islands,Utilities
8EE4C0,DLF Ltd.,India,Real Estate
81741F,Quebecor Inc.,Canada,Telecommunications
D0D42B,Youngone Corp.,South Korea,Consumer Goods
AEB60A,Shenzhen Clou Electronics Co. Ltd.,China,Industrials
09810E,Daejoo Electronic Materials Co. Ltd.,South Korea,Industrials
E3E2A8,Fujian Boss Software Corp.,China,Technology
C34815,Kape Technologies PLC,Isle of Man,Technology
429598,Zhejiang Communications Tech Co. Ltd.,China,Basic Materials
590T1U,Shanghai Sanyou Medical Co. Ltd.,China,Health Care
806E1B,Isa Energia Brasil SA,Brazil,Utilities
020E33,Royal Bank of Canada Inc.,Canada,Financials
9F4497,Leonteq AG,Switzerland,Financials
7E5CB2,Ardagh Metal Packaging S.A.,United States,Industrials
78AD52,CapitaLand Ascott Trust Co.,Singapore,Real Estate
748EB6,Castle Biosciences Inc.,United States,Health Care
E2DFA6,Samsung Securities Co. Ltd.,South Korea,Financials
C080C6,TTK Prestige Ltd.,India,Consumer Goods
B63ED8,Haima Automobile Co. Ltd.,China,Consumer Goods
58E8DC,Tunghsu Optoelectronic Technology Co. Ltd.,China,Industrials
068E49,CIMB Group Holdings Bhd.,Malaysia,Financials
52JNX3,Hangzhou Huawang New Material Tech Co. Ltd.,China,Basic Materials
FA4263,Tesco PLC,United Kingdom,Consumer Services
6CBF4D,Demant A/S,Denmark,Health Care
DD9F8C,Kakao Corp.,South Korea,Technology
80E18A,Oriental Energy Co. Ltd.,China,Energy
EE7A94,Concentradora Fibra Danhos SA de CV,Mexico,Real Estate
6CNEQL,UCloud Technology Co. Ltd.,China,Technology
AADE0B,Arthur J. Gallagher & Co.,United States,Financials
AE5DAD,Guangdong Kinlong Hardware Pdts Co. Ltd.,China,Consumer Goods
AE2413,Leonardo DRS Inc.,United States,Industrials
9817E3,G-III Apparel Group Ltd.,United States,Consumer Goods
A897C0,Joyoung Co. Ltd.,China,Consumer Goods
12BB12,Fenix Outdoor International AG,Switzerland,Consumer Goods
E0F4E5,NextDecade Corp.,United States,Energy
2EE686,Jeudan A/S,Denmark,Real Estate
75768D,Enerpac Tool Group Corp.,United States,Industrials
4600FF,Shandong Sunpaper Co. Ltd.,China,Basic Materials
DAE0AF,LX Semicon Co. Ltd.,South Korea,Technology
417364,Autoliv Inc.,United States,Consumer Goods
9D56F2,McCormick & Co. Inc.,United States,Consumer Goods
28A5DB,Domain Holdings Australia Ltd.,Australia,Consumer Services
04D0A3,Hangzhou Robam Appliances Co. Ltd.,China,Consumer Goods
7DB9AC,Colt CZ Group SE,Czechia,Industrials
4A8577,Torrent Power Ltd.,India,Utilities
AA8D10,Ayvens S.A.,France,Industrials
A5358B,Zhifei Biological Products Co. Ltd.,China,Health Care
BE7730,The Sage Group PLC,United Kingdom,Technology
159AE4,Kimco Realty Corp.,United States,Real Estate
D5866E,Brenntag SE,Germany,Basic Materials
917410,Hyosung TNC Corp.,South Korea,Consumer Goods
8A999F,Hapag-Lloyd AG,Germany,Industrials
71B66E,Hg Capital Trust PLC,United Kingdom,Financials
C33644,Senko Group Holdings Co. Ltd.,Japan,Industrials
4BD385,Delhivery Ltd.,India,Industrials
E5CF11,Yang Ming Marine Transport Corp.,Taiwan,Industrials
B7F5B8,Canadian Imperial Bank of Commerce Co.,Canada,Financials
65BB06,Toyota Boshoku Corp.,Japan,Consumer Goods
C6CEC4,Amara Raja Energy & Mobility Ltd.,India,Consumer Goods
0119FA,BT Group PLC,United Kingdom,Telecommunications
839C6A,Salvatore Ferragamo S.p.A.,Italy,Consumer Goods
3D4094,Zhejiang Unifull Ind Fiber Co. Ltd.,China,Consumer Goods
920509,Central Glass Co. Ltd.,Japan,Industrials
EF5574,Zhejiang Runtu Co. Ltd.,China,Basic Materials
A49287,Future Corp.,Japan,Technology
B8EE82,Hang Lung Group Ltd.,Hong Kong SAR,Real Estate
B2CDCE,Avolta AG,Switzerland,Consumer Services
E3EDB1,Vivendi S.E.,France,Consumer Services
7AD81E,Pulmonx Corp.,United States,Health Care
K5CV7B,Nuvalent Inc.,United States,Health Care
BF4F6A,Beiersdorf AG,Germany,Consumer Goods
3217A8,Kelsian Group Ltd.,Australia,Consumer Services
421A1A,XP Inc.,Cayman Islands,Financials
F17616,Daiwa Securities Living Investment Corp.,Japan,Real Estate
A26C26,Limoneira Co.,United States,Consumer Goods
836C70,Toei Animation Co. Ltd.,Japan,Consumer Services
2C6C66,Shuangxing Color Plastic New Materials,China,Industrials
BF0AFC,Deutsche Municipal Income Trust,United States,Financials
A1BB98,Farmer Mac,United States,Financials
3A3948,Vicor Corp.,United States,Industrials
36BBC8,Guangdong Great River,China,Industrials
72904B,ENN Energy Holdings Ltd.,Cayman Islands,Utilities
6AAC4F,Hakuhodo DY Holdings Inc.,Japan,Consumer Services
CBDB4D,Natera Inc.,United States,Health Care
8FB3F4,ICICI Prudential Life Insurance Co. Ltd.,India,Financials
42EFC7,Crinetics Pharmaceuticals Inc.,United States,Health Care
0C4F5C,OFG Bancorp Co.,Puerto Rico,Financials
BA0063,Oakley Capital Investments Ltd.,Bermuda,Financials
39FB23,The Pittsburgh Paints Co.,United States,Basic Materials
A8F52E,Novoray Corp.,China,Basic Materials
KJA7Y9,THREES COMPANY MEDIA GROUP CO LTD,China,Consumer Services
FF6386,TVS Motor Co. Ltd.,India,Consumer Goods
553310,Jiugui Liquor Co. Ltd.,China,Consumer Goods
6D33DA,Zhejiang Jinke Tom Culture Ind Co. Ltd.,China,Basic Materials
FOUOG7,TPG Inc.,United States,Financials
3KP73R,Geregu Power PLC,Nigeria,Utilities
014730,Sunny Optical Technology Group Co. Ltd.,Cayman Islands,Industrials
D2E904,AAK AB,Sweden,Consumer Goods
E5A3B6,RAPT Therapeutics Inc.,United States,Health Care
CB0C08,Hefei Meyer Optoelectronic Tech Inc.,China,Industrials
D3A095,Islandsbanki hf.,Iceland,Financials
2D2095,Nippn Corp.,Japan,Consumer Goods
D50127,Chongqing Gas Group Corp. Ltd.,China,Utilities
FF9BF1,Pandora A/S,Denmark,Consumer Goods
CBB84D,ACS S.A. (Spain),Spain,Industrials
F769E9,Gold.com Inc.,United States,Basic Materials
AB9EF6,China Fortune Land Development Co. Ltd.,China,Industrials
8802B4,ONE Gas Inc.,United States,Utilities
A52060,Legrand S.A.,France,Industrials
1F464F,TPI Composites Inc.,United States,Energy
97D088,Deutsche Pfandbriefbank AG,Germany,Financials
D25249,Marriott Vacations Worldwide Corp.,United States,Consumer Services
A16DEA,Western Union Co.,United States,Consumer Services
5ADC08,Tenaga Nasional Bhd,Malaysia,Utilities
6B6D29,Aavas Financiers Ltd.,India,Financials
9507FF,Silk Road Medical Inc.,United States,Health Care
816A37,Vestas Wind Systems A/S,Denmark,Energy
E9E6FD,First Commonwealth Financial Corp.,United States,Financials
126F59,Kagome Co. Ltd.,Japan,Consumer Goods
190WY6,Franklin BSP Realty Trust Inc.,United States,Real Estate
BC327D,Anhui Jinhe Industrial Co. Ltd.,China,Basic Materials
BQNYRG,Sichuan Furong Technology Co. Ltd.,China,Technology
2D7049,Jianmin Pharmaceutical Group Co. Ltd.,China,Health Care
766517,Circuit Fablgy Mcrlctrncs Eqpmnt Co. Ltd.,China,Technology
381A78,KLN Logistics Group Ltd.,Bermuda,Industrials
8EDACA,Dycom Industries Inc.,United States,Industrials
3423CC,Guangdong Fenghua Adv Tech Hldg Co. Ltd.,China,Industrials
A95DC5,Thai Life Insurance Public Co. Ltd.,Thailand,Financials
C10F65,Home Product Center PCL,Thailand,Consumer Services
88A805,Shinko Electric Industries Co. Ltd.,Japan,Technology
FB9D0C,PSP Swiss Property AG,Switzerland,Real Estate
3003F8,Beijing Baination Pictures Co. Ltd.,China,Consumer Services
98C18B,Worley Ltd.,Australia,Energy
A948C9,GMexico Transportes S.A.B. de C.V,Mexico,Industrials
1BD492,Western Asset Managed Munis Portfolio Inc.,United States,Financials
40DBEE,China Literature Ltd.,Cayman Islands,Consumer Services
AC7AAE,Syndax Pharmaceuticals Inc.,United States,Health Care
10AE08,Amerant Bancorp Inc.,United States,Financials
B83D67,Ironwood Pharmaceuticals Inc.,United States,Health Care
BA5C14,Sana Biotechnology Inc.,United States,Health Care
C18BC7,Fujian Tianma Science & Tech Gp Co. Ltd.,China,Consumer Goods
A07DC6,Acciona S.A.,Spain,Industrials
C55353,ALS Ltd.,Australia,Industrials
69E8E1,Mohawk Industries Inc.,United States,Consumer Goods
34A67D,Far Eastern Department Stores Ltd.,Taiwan,Consumer Services
FC5C98,HD Hyundai Infracore Co. Ltd.,South Korea,Industrials
38B6C3,Meren Energy Inc.,Canada,Energy
96FF9D,West Holdings Corp.,Japan,Consumer Goods
091SXI,Luoxin Pharmaceuticals Gp Stock Co. Ltd.,China,Health Care
C15F8F,Atkore Inc.,United States,Industrials
68D4CB,North Industries Grp Red Arrow Co. Ltd.,China,Industrials
1N1LFC,Lihuayi Weiyuan Chemical Co. Ltd.,China,Basic Materials
194CD2,Vidrala S.A.,Spain,Industrials
A5151E,LKQ Corp.,United States,Consumer Goods
8B2A4F,Ito En Ltd.,Japan,Consumer Goods
4CD6BA,Gansu Energy Chemical Co. Ltd.,China,Basic Materials
50235A,Zhonghong Pulin Medical Pdts Co. Ltd.,China,Health Care
274BC2,Janus International Group Inc.,United States,Industrials
AC15C1,Tadano Ltd.,Japan,Industrials
DA3C41,Telefónica Deutschland Holding AG,Germany,Telecommunications
8CE17E,Jindal Steel & Power Ltd.,India,Basic Materials
034B61,Booking Holdings Inc.,United States,Consumer Services
EE4F1F,Angel Yeast Co. Ltd.,China,Health Care
38795D,Tortoise Energy Infrastructure Corp.,United States,Financials
CD58AC,InMode Ltd.,Israel,Health Care
7FC386,Universal Health Realty Income Trust,United States,Real Estate
622DBE,Match Group Inc.,United States,Technology
FED8EF,Yancoal Australia Ltd.,Australia,Basic Materials
8A2B52,Kaiser (China) Culture Co. Ltd.,China,Technology
MSG6WD,Sichuan Anning Iron & Titanium Co. Ltd.,China,Basic Materials
2B96D2,Shanjin International Gold Co. Ltd.,China,Basic Materials
85B3EC,Shanghai New Power Auto Tech Co. Ltd.,China,Consumer Goods
17EC61,Seiko Epson Corp.,Japan,Technology
274B8A,Retail Opportunity Investments Corp.,United States,Real Estate
E45012,Sumitomo Metal Mining Co. Ltd.,Japan,Basic Materials
8F7357,Wolong Electric Group Co. Ltd.,China,Industrials
B9CD2C,Next 15 Group PLC,United Kingdom,Consumer Services
81222C,Cutera Inc.,United States,Health Care
AA089C,Mainfreight Ltd.,New Zealand,Industrials
5C45AC,Castech Inc.,China,Industrials
6C5129,Qianhe Condiment & Food Co. Ltd.,China,Consumer Goods
458F49,Iovance Biotherapeutics Inc.,United States,Health Care
E4CE73,Keysight Technologies Inc.,United States,Industrials
CC2FAA,Hikma Pharmaceuticals PLC,United Kingdom,Health Care
B4003D,LG Uplus Corp.,South Korea,Telecommunications
1DF6BD,Luxi Chemical Group Co. Ltd.,China,Basic Materials
33A2A8,Japan Airlines Co. Ltd.,Japan,Consumer Services
611AE1,Hexin Flush Information Network Co. Ltd.,China,Consumer Services
A90720,IMCD N.V.,The Netherlands,Basic Materials
BE1CC9,Zhongjin Gold Corp. Ltd.,China,Basic Materials
9548BB,Carlisle Cos. Inc.,United States,Industrials
96D34D,Vertiv Holdings Co.,United States,Industrials
C91989,Yamaha Motor Co. Ltd.,Japan,Consumer Goods
0B2071,ACNB Corp.,United States,Financials
1159C7,ACM Research (Shanghai) Inc.,China,Technology
6B0642,Wuxi Lixin Microelectronics Co. Ltd.,China,Technology
B37FB4,TransUnion Corp.,United States,Industrials
A76CCD,Fiverr International Ltd.,Israel,Technology
2C4950,Sanlorenzo S.p.A.,Italy,Consumer Goods
72AE3C,New Found Gold Corp.,Canada,Basic Materials
93E8A7,Japan Logistics Fund Inc.,Japan,Real Estate
104975,Carborundum Universal Ltd.,India,Industrials
D437E4,Primax Electronics Ltd.,Taiwan,Technology
7F0372,Gibraltar Industries Inc.,United States,Industrials
F6604E,CITIC Offshore Helicopter Co. Ltd.,China,Industrials
E829E8,Meritage Homes Corp.,United States,Consumer Goods
0EBA3B,Baoshan Iron & Steel Co. Ltd.,China,Basic Materials
7B9212,Buckle Inc.,United States,Consumer Services
2DBC3B,Transocean Ltd.,Switzerland,Energy
629C18,Sun TV Network Ltd.,India,Consumer Services
F9DAA4,Samsung E&A Co. Ltd.,South Korea,Industrials
300469,Kamigumi Co. Ltd.,Japan,Industrials
339711,Delixi New Energy Technology Co. Ltd.,China,Industrials
05F499,Mixi Inc.,Japan,Technology
96E1F6,Guangxi Wuzhou Zhongheng Group Co. Ltd.,China,Health Care
E28432,Jiangsu Yinhe Electronics Co. Ltd.,China,Technology
8ZUALX,Sirio Pharma Co. Ltd.,China,Health Care
E0A40E,WiseTech Global Ltd.,Australia,Technology
6DAACF,Genting Malaysia Bhd,Malaysia,Consumer Services
7BBCDA,J.S. Corrugating Machinery Co. Ltd.,China,Industrials
223E0C,Asseco Poland S.A.,Poland,Technology
CTQ1YY,Ningxia Building Materials Grp Co. Ltd.,China,Industrials
7B78E0,Software GmbH,Germany,Technology
AD9800,BlueLinx Holdings Inc.,United States,Industrials
507AE7,KLA Corp.,United States,Technology
4B7399,The Watches of Switzerland Group PLC,United Kingdom,Consumer Goods
T152AA,Runjian Co. Ltd.,China,Telecommunications
3TQ8KH,Dareway Software Co. Ltd.,China,Technology
J18LUV,Beijing Huafeng Test Control Tech Co. Ltd.,China,Industrials
EFB92B,Titan Wind Energy (Suzhou) Co. Ltd.,China,Energy
3628CB,Beijing Sifang Automation Co. Ltd.,China,Industrials
830759,China XD Electric Co. Ltd.,China,Industrials
7FC061,Choice Properties REIT,Canada,Real Estate
1D43B2,Star Bulk Carriers Corp.,Marshall Islands,Industrials
2ARVQI,GuiZhou SanLi Pharmaceutical Co. Ltd.,China,Health Care
C4F5F3,GPT Group Co.,Australia,Real Estate
9BA215,Shanghai Baosight Software Co. Ltd.,China,Technology
A84DC3,Swiss Re Ltd.,Switzerland,Financials
1346C0,Shenzhen Changhong Technology Co. Ltd.,China,Industrials
CDD63A,GS Engineering & Construction Corp.,South Korea,Industrials
284833,Southeast Asia Commercial JS Bank,Vietnam,Financials
5EF905,Inner Mongolia First Machinery Grp Co. Ltd.,China,Industrials
468487,Hengdian Group DMEGC Magnetics Co. Ltd.,China,Industrials
E950F5,Brookfield Infrastructure Partners LP,Bermuda,Basic Materials
505212,Covestro AG,Germany,Basic Materials
31E04C,Henan Zhongfu Industrial Co. Ltd.,China,Industrials
419E93,Canmax Technologies Co. Ltd.,China,Industrials
B844CC,Guangzhou Sanfu New Mats Tech Co. Ltd.,China,Basic Materials
71E2EF,The Wendy's Co.,United States,Consumer Services
362335,Nantong Jiangshan Agrochemical & Chemicals Ltd.,China,Basic Materials
45D153,Amdocs Ltd.,Guernsey,Technology
A9B179,FDM Group (Holdings) PLC,United Kingdom,Industrials
113129,Skillsoft Corp.,United States,Technology
DEF0D8,St. Galler Kantonalbank AG,Switzerland,Financials
FSAQA0,Shanghai Lily&Beauty Cosmetics Co. Ltd.,China,Consumer Services
FC502A,Alimentation Couche-Tard Inc.,Canada,Consumer Services
1C77E2,Sri Trang Agro-Industry PCL,Thailand,Basic Materials
40DA5A,Fortnox AB,Sweden,Technology
33D6AE,Woori Financial Group Inc.,South Korea,Financials
D0D75E,Bloomage Biotechnology Corp. Ltd.,China,Health Care
F63D7D,AVIC Industry-Finance Holdings Co. Ltd.,China,Financials
520632,Abbott Laboratories Inc.,United States,Health Care
BE14CF,Encompass Health Corp.,United States,Health Care
736E9C,Japan Exchange Group Inc.,Japan,Financials
0554A6,Pepco Group N.V.,The Netherlands,Consumer Services
4D4DC4,Baoding Technology Co. Ltd.,China,Industrials
F6A987,Investors Title Co.,United States,Financials
FCE34A,JS Global Lifestyle Co. Ltd.,Cayman Islands,Consumer Goods
3F96D5,Verra Mobility Corp.,United States,Industrials
5E6978,Du (Emirates Integrated Telecomms Co. PJSC),United Arab Emirates,Telecommunications
CEA567,Wuhan Jingce Electronic Group Co. Ltd.,China,Technology
61B044,St. James's Place PLC,United Kingdom,Financials
C824CA,Westshore Terminals Investment Corp.,Canada,Industrials
8B9997,Seven & I Holdings Co. Ltd.,Japan,Consumer Services
BEAA99,PGIM Global High Yield Fund Inc.,United States,Financials
5AA38C,Mani Inc.,Japan,Health Care
GWWK1S,Jiayou International Logistics Co. Ltd.,China,Industrials
4E2D94,United States Steel Corp.,United States,Basic Materials
480DC5,Vivara Participações SA,Brazil,Consumer Goods
DC95B7,Taisho Pharmaceutical Holdings Co. Ltd.,Japan,Health Care
432B29,Zalando SE,Germany,Consumer Services
5RU4N0,YaGuang Technology Group Co. Ltd.,China,Consumer Goods
253B2F,Quanta Services Inc.,United States,Industrials
C4756F,Krka d.d.,Slovenia,Health Care
4144C7,Tsuburaya Fields Holdings Inc.,Japan,Consumer Services
104F9C,Nuveen Floating Rate Income Opp Fund,United States,Financials
A2FF89,Auction Technology Group PLC,United Kingdom,Technology
B31B98,China Education Group Holdings Ltd.,Cayman Islands,Consumer Services
633054,Deutsche Telekom AG,Germany,Telecommunications
7C5939,FRMO Corp.,United States,Financials
73C521,Regions Financial Corp.,United States,Financials
045393,Jiangxi Black Cat Carbon Black Co. Ltd.,China,Basic Materials
KGKUPT,Southern Publishing & Media Co. Ltd.,China,Consumer Services
349F60,Karur Vysya Bank Ltd.,India,Financials
3RX8G5,Zhejiang Xinhua Chemical Co. Ltd.,China,Basic Materials
16AD58,CRH PLC,Ireland,Industrials
0560D8,Matson Inc.,United States,Industrials
47628A,POCO Holding Co. Ltd.,China,Industrials
2FD697,Zhejiang Sunoren Solar Tech Co. Ltd.,China,Utilities
2A0FBE,Jilin Yatai (Group) Co. Ltd.,China,Industrials
091AEB,"Changchun FAWAY Group Automobile Components Co., Ltd.",China,Consumer Goods
E01AE3,Alteogen Inc.,South Korea,Health Care
9852A1,Kunlun Tech Co. Ltd.,China,Consumer Goods
C94DED,Laurus Labs Ltd.,India,Health Care
1129EA,HashiCorp Inc.,United States,Technology
EFB79B,Stanley Agricultural Group Co. Ltd.,China,Basic Materials
9E83E2,Jade Biosciences Inc.,United States,Health Care
D63DDF,HLA Group Corp. Ltd.,China,Consumer Goods
5FF3A1,FLSmidth & Co. A/S,Denmark,Industrials
CCA396,Macquarie Group Ltd.,Australia,Financials
7A41CF,LK TechNology Holdings Ltd.,Cayman Islands,Industrials
06EE79,Palomar Holdings Inc.,United States,Financials
2BA7F4,JSW Energy Ltd.,India,Utilities
8E3485,Chung Hung Steel Corp.,Taiwan,Basic Materials
4F09A2,Posco DX Co. Ltd.,South Korea,Technology
60787D,Fujian Sansteel MinGuang Co. Ltd.,China,Basic Materials
A21965,Certara Inc.,United States,Health Care
A1D352,Hong Kong Exchanges & Clearing Ltd.,Hong Kong SAR,Financials
6F39FC,Ellington Financial Inc.,United States,Real Estate
CDAB24,Kimball Electronics Inc.,United States,Industrials
5FC507,Kalaris Therapeutics Inc.,United States,Health Care
1C4FBD,Skywater Technology Inc.,United States,Technology
03F7DE,Holly Energy Partners LP,United States,Energy
39EDB7,Nongfu Spring Co. Ltd.,China,Consumer Goods
9C36AB,Greattown Holdings Ltd.,China,Real Estate
BC30F1,Cia Energetica de Minas Gerais S.A.,Brazil,Utilities
CV8TIN,Gaush Meditech Ltd.,Cayman Islands,Health Care
7ANSD3,Auren Energia SA,Brazil,Utilities
B23D1B,China Southern Airlines Co. Ltd.,China,Consumer Services
HCBJK8,Montage Technology Co. Ltd.,China,Technology
694E24,GMR Airports Ltd.,India,Industrials
275B6C,Build-A-Bear Workshop Inc.,United States,Consumer Goods
0DE1BE,Prospect Capital Corp.,United States,Financials
A204A7,Goosehead Insurance Inc.,United States,Financials
7C876A,Zhejiang Weiming,China,Industrials
L8Y2FF,Invictus Investment Co. PLC,United Arab Emirates,Consumer Goods
67A172,Vicinity Ltd.,Australia,Real Estate
EA37B2,Atco Ltd.,Canada,Utilities
DF204B,Cinemark Holdings Inc.,United States,Consumer Services
3NGI3X,Dongrui Food Group Co. Ltd.,China,Consumer Goods
1530C0,Bangkok Chain Hospital Public Co. Ltd.,Thailand,Health Care
46DE62,Commonwealth Bank of Australia,Australia,Financials
85BAAC,Vistry Group PLC,United Kingdom,Consumer Goods
WHQYZ3,Shanghai Aiko Solar Energy Co. Ltd.,China,Energy
84307F,Transurban Group Ltd.,Australia,Industrials
77A2D5,Yuhan Corp.,South Korea,Health Care
5A1AB0,TRS Information Technology Co. Ltd.,China,Technology
E12A6E,STAG Industrial Inc.,United States,Real Estate
68441E,DMG Mori AG,Germany,Industrials
EB17AC,PT Indah Kiat Pulp & Paper Corp. Tbk,Indonesia,Basic Materials
4BAF2E,Revolution Medicines Inc.,United States,Health Care
112B79,Shanghai Electric Power Co. Ltd.,China,Industrials
F091FA,Bellevue Healthcare Trust PLC,United Kingdom,Financials
38CFBF,Shenzhen Fenda Technology Co. Ltd.,China,Technology
86896F,Spectris Ltd.,United Kingdom,Industrials
0CCCB7,Chesapeake Utilities Corp.,United States,Utilities
672118,Hirogin Holdings Inc.,Japan,Financials
LFHBR7,Chongqing Fuling Elec. Pwr Indl Co. Ltd.,China,Utilities
QLEQKN,Kakao Games Corp.,South Korea,Consumer Goods
2E8AEB,Kerry Group PLC,Ireland,Consumer Goods
B0FE08,UGI Corp.,United States,Utilities
D1173F,ATI Inc.,United States,Basic Materials
11984E,Guangdong Vanward New Electric Co. Ltd.,China,Consumer Goods
80A6E5,Zhaojin Mining Industry Co. Ltd.,China,Basic Materials
4DC907,China Resources Beer (Holdings) Co. Ltd.,Hong Kong SAR,Consumer Goods
FE74B1,PT XLSMART Telecom Sejahtera Tbk,Indonesia,Telecommunications
184BCF,BlackRock Municipal Income Quality Trust,United States,Financials
447628,Zangge Mining Co. Ltd.,China,Basic Materials
B1A85D,Light & Wonder Inc.,United States,Consumer Services
C5CE3D,John Hancock Tax-Adv. Dividend Income Fd,United States,Financials
DC5299,Camden Property Trust,United States,Real Estate
A9C741,China Pacific Insurance (Group) Co. Ltd.,China,Financials
B3CB74,Raymond James Financial Inc.,United States,Financials
D65BBA,Grandblue Environment Co. Ltd.,China,Industrials
E04558,Unit Corp.,United States,Energy
E4DB49,Dongwon Systems Corp.,South Korea,Industrials
TNAUS8,Burke & Herbert Financial Services Corp.,United States,Financials
F19E78,Embla Medical hf.,Iceland,Health Care
3373FD,Dole PLC,Ireland,Consumer Goods
042F6C,Parex Resources Inc.,Canada,Energy
BCDE16,Chacha Food Co. Ltd.,China,Consumer Goods
3A6628,Premier Foods PLC,United Kingdom,Consumer Goods
08D3AB,Zhejiang Jiemei Elec & Tech Co. Ltd.,China,Industrials
C7A6A1,SJVN Ltd.,India,Utilities
810DC1,Outokumpu Oyj,Finland,Basic Materials
ADB624,Hyundai WIA Corp.,South Korea,Consumer Goods
F6A392,American Realty Investors Inc.,United States,Real Estate
HJN0U6,Radiance Holdings (Group) Co. Ltd.,Cayman Islands,Real Estate
5CCDAD,Huron Consulting Group Inc.,United States,Industrials
6C1EBC,Borr Drilling Ltd.,Bermuda,Energy
76B926,Tennant Co.,United States,Consumer Goods
EHXAF1,Enhabit Inc.,United States,Health Care
769088,Cohen & Steers Qty Inc Realty,United States,Financials
79C002,Shandong Denghai Seeds Co. Ltd.,China,Consumer Goods
D82E83,AST SpaceMobile Inc.,United States,Financials
6C8477,Dongkuk Holdings Co. Ltd.,South Korea,Basic Materials
56E3CB,Lagardère SA,France,Consumer Services
6BD2AA,Sichuan Kelun Pharmaceutical Co. Ltd.,China,Health Care
4EAA76,EQT AB,Sweden,Financials
BPGGL4,SCB X Public Co. Ltd.,Thailand,Financials
B2ECE6,Baillie Gifford Japan Trust PLC,United Kingdom,Financials
B7BBA5,RemeGen Co. Ltd.,China,Health Care
13F63E,Sealand Securities Co. Ltd.,China,Financials
C0BA36,Coherent Corp.,United States,Industrials
3FBC9B,Vista Outdoor Inc.,United States,Consumer Goods
665348,AECC Aero-Engine Control Co. Ltd.,China,Industrials
SBBYOU,Hichain Logistics Co. Ltd.,China,Industrials
876218,Shanghai Athub Co. Ltd.,China,Technology
5D02B7,NOV Inc.,United States,Energy
E30B34,Interpublic Group of Cos. Inc.,United States,Consumer Services
26C0F2,VIP Industries Ltd.,India,Consumer Goods
8D1632,Tele2 AB,Sweden,Telecommunications
417431,Equinor ASA,Norway,Energy
D4EFDE,Taiwan Secom Co. Ltd.,Taiwan,Industrials
9BE353,Sabesp,Brazil,Utilities
08E69A,Beijing Supermap Software Co. Ltd.,China,Technology
V0EXR4,Adnoc Gas PLC,United Arab Emirates,Energy
127ADA,Shenzhen Sunnypol Optoelec Co. Ltd.,China,Industrials
636639,Dover Corp.,United States,Industrials
51F99A,Fosun Tourism Group,Cayman Islands,Consumer Services
CD97D4,Winpak Ltd.,Canada,Industrials
28E322,Hokuhoku Financial Group Inc.,Japan,Financials
BE2237,NCsoft Corp.,South Korea,Consumer Goods
K2GDRD,Ajman Bank PJSC,United Arab Emirates,Financials
ED4560,Shenandoah Telecommunications Co.,United States,Telecommunications
FF8514,SAP SE,Germany,Technology
7L03OH,iRay Group,China,Health Care
921CBB,Kuehne + Nagel International AG,Switzerland,Industrials
9F62D1,CNB Financial Corp.,United States,Financials
CB3DD5,ICICI Bank Ltd.,India,Financials
C71B7B,Bank of Changsha Co. Ltd.,China,Financials
ABD23C,Primary Health Properties PLC,United Kingdom,Real Estate
AC8C66,Bio-Thera Solutions Ltd.,China,Health Care
EBE48E,Nissin Electric Co. Ltd.,Japan,Industrials
2D9188,Citizen Watch Co. Ltd.,Japan,Consumer Goods
A1A317,Luther Burbank Corp.,United States,Financials
02CEF2,Hunan Valin Steel Co. Ltd.,China,Basic Materials
450960,Invesco Quality Municipal Income Trust,United States,Financials
ECB588,Uniphar PLC,Ireland,Consumer Services
757905,Cogeco Communications Inc.,Canada,Consumer Services
954E30,McDonald's Corp.,United States,Consumer Services
AA3AC2,Protector Forsikring ASA,Norway,Financials
256DE0,HUANLEJIA Food Group Co. Ltd.,China,Consumer Goods
10PY33,Hengtong Logistics Co. Ltd.,China,Industrials
2D5F89,Autohome Inc.,Cayman Islands,Technology
5D41D5,Sanara MedTech Inc.,United States,Health Care
FF593B,Kawasaki Heavy Industries Ltd.,Japan,Industrials
21DF6F,BlackRock Enhanced Global Dividend Trust,United States,Financials
9C8BC3,AES Corp.,United States,Utilities
76959C,Surgery Partners Inc.,United States,Health Care
80933B,Eneva S.A.,Brazil,Utilities
E5DA9C,BOE Technology Group Co. Ltd.,China,Technology
CF3FF9,CymaBay Therapeutics Inc.,United States,Health Care
95SXYC,Bafang Electric (Suzhou) Co. Ltd.,China,Industrials
EDA2EF,Nippon Paper Industries Co. Ltd.,Japan,Basic Materials
7D98DB,ICICI Securities Ltd.,India,Financials
E34AB0,NetEase Cloud Music Inc.,Cayman Islands,Technology
869C44,Lancashire Holdings Ltd.,United Kingdom,Financials
33D3C9,Takashimaya Co. Ltd.,Japan,Consumer Services
76DA25,Nippon REIT Investment Corp.,Japan,Real Estate
FD610A,Beiqi Foton Motor Co. Ltd.,China,Consumer Goods
FF790E,Zhongyuan Environmental Protection Co. Ltd.,China,Utilities
60D70F,Gongwin Biopharm Holdings Co. Ltd.,Cayman Islands,Health Care
616E3B,Waste Management Inc.,United States,Industrials
440790,SMU SA,Chile,Consumer Services
27BE5E,Jiangxi Hongdu Aviation Ind Co. Ltd.,China,Industrials
D43165,Dada Nexus Ltd.,Cayman Islands,Industrials
491E56,Jones Lang LaSalle Inc.,United States,Real Estate
A80A8A,John Hancock Fin Opportunities Fund,United States,Financials
B54A74,Model N Inc.,United States,Technology
B887A5,Bankinter S.A.,Spain,Financials
3E5EF2,NetDragon Websoft Holdings Ltd.,Cayman Islands,Consumer Goods
D6144F,PAR Technology Corp.,United States,Technology
084625,National Healthcare Corp.,United States,Health Care
963A02,Foghorn Therapeutics Inc.,United States,Health Care
26008A,Heico Corp.,United States,Industrials
14DFF4,Shanghai PRET Composites Co. Ltd.,China,Basic Materials
51B899,Relo Group Inc.,Japan,Real Estate
79EE19,Sumitomo Forestry Co. Ltd.,Japan,Consumer Goods
84CC06,Guilin Sanjin Pharmaceutical Co. Ltd.,China,Health Care
A5DE22,The Global Smaller Companies Trust PLC,United Kingdom,Financials
96AAC0,Vardhman Textiles Ltd.,India,Consumer Goods
5B9E67,ESR Group Ltd.,Cayman Islands,Financials
FCA37C,PHC Holdings Corp.,Japan,Health Care
DAE4CD,Yantai Changyu Pioneer Wine Co. Ltd.,China,Consumer Goods
8043B7,China Sports Industry Group Co. Ltd.,China,Consumer Services
1065CA,Beijing Jingyuntong Technology Co. Ltd.,China,Industrials
03E7AE,Boya Bio-pharmaceutical,China,Health Care
FAB8AD,Brava Energia SA,Brazil,Energy
B2B028,Jiangsu Hongdou Industry Co. Ltd.,China,Consumer Goods
AF0CF9,Northern Star Investment Corp. III,United States,Financials
CF0DAA,Vantone Neo Development Group Co. Ltd.,China,Real Estate
94FC13,MBRF Global Foods Co. SA,Brazil,Consumer Goods
D90F7E,CITIC Guoan Info Industry Co. Ltd.,China,Consumer Services
48176B,DMCI Holdings Inc.,Philippines,Basic Materials
9E298A,Matthews International Corp.,United States,Consumer Services
45CFAA,X-Trade Brokers Dom Maklerski S.A.,Poland,Financials
E76F79,Innolux Corp.,Taiwan,Industrials
27BBA4,Anhui Construction Eng Group Corp. Ltd.,China,Industrials
B12591,Jinneng Hldg Shanxi Elec Power Co. Ltd.,China,Utilities
E99FDD,Yunnan Copper Co. Ltd.,China,Basic Materials
061A3B,Metallus Inc.,United States,Basic Materials
1EFE82,Nextdoor Holdings Inc.,United States,Technology
D18473,Bic Camera Inc.,Japan,Consumer Services
D88862,Futu Holdings Ltd.,Cayman Islands,Financials
861321,CJ Logistics Corp.,South Korea,Industrials
9A1B8A,HollySys Automation Technologies Ltd.,United States,Industrials
D01BE7,Compass Diversified Holdings,United States,Financials
F68BA1,Frasers Logistics & Commercial Trust,Singapore,Real Estate
33E9D5,The Lovesac Co.,United States,Consumer Goods
87D591,Great Lakes Dredge & Dock Corp.,United States,Industrials
8B3EA0,Sabre Corp.,United States,Consumer Services
254E15,Tata Investment Corp. Ltd.,India,Financials
A29DBD,Infinera Corp.,United States,Technology
AF8E31,Beijing Aerospace Shenzhen Intelligent Co. Ltd.,China,Industrials
C283EF,L E Lundbergfoeretagen AB,Sweden,Financials
07224E,Shanghai Intl Port (Group) Co. Ltd.,China,Industrials
B16273,Adevinta ASA,Norway,Technology
D8760C,Old National Bancorp,United States,Financials
3FABF8,Bank of Communications Co. Ltd.,China,Financials
5QS2RB,China Resources Mixc Lifestyle Svcs Ltd.,Cayman Islands,Real Estate
8AE9B1,Axiata Group Bhd.,Malaysia,Telecommunications
BB2B21,PeptiDream Inc.,Japan,Health Care
AC165D,Trinseo PLC,Luxembourg,Basic Materials
D37CA5,Industrial & Infrastructure Fd Inv Corp.,Japan,Real Estate
4P6947,Nanjing Cosmos Chemical Co. Ltd.,China,Basic Materials
6A151B,CNOOC Energy Technology & Services Ltd.,China,Energy
36DLCW,Zhongyin Babi Food Co. Ltd.,China,Consumer Goods
0F2BC9,NV5 Global Inc.,United States,Industrials
E4DCB7,Valaris Ltd.,United Kingdom,Energy
0054F9,Zhejiang Construction Inv Group Co. Ltd.,China,Industrials
VUA3RK,Organon & Co.,United States,Health Care
02EFED,Monks Investment Trust PLC,United Kingdom,Financials
C744C8,Avic Aviation High-Technology Co. Ltd.,China,Industrials
48EF53,Porton Pharma Solutions Ltd.,China,Health Care
192727,Five9 Inc.,United States,Technology
E0634F,Apollo Asset Management Inc.,United States,Financials
EA1D39,Tangrenshen Group Co. Ltd.,China,Consumer Goods
EEBC26,Empresas Copec S.A.,Chile,Energy
CCF287,Gecina S.A.,France,Real Estate
4AEF04,Ternium S.A.,Luxembourg,Basic Materials
21A365,First Majestic Silver Corp.,Canada,Basic Materials
6B5379,Parker Hannifin Corp.,United States,Industrials
13C3E0,American Airlines Group Inc.,United States,Consumer Services
E9C061,MSA Safety Inc.,United States,Industrials
467354,NuScale Power Corp.,Cayman Islands,Utilities
FF49B9,Central Plaza Hotel Public Co. Ltd.,Thailand,Consumer Services
905W3O,Wuxi DK Electronic Materials Co. Ltd.,China,Technology
AAB0F0,Techtronic Industries Co. Ltd.,Hong Kong SAR,Consumer Goods
95D593,Mayr-Melnhof Karton AG,Austria,Industrials
66A6AB,Ringkjobing Landbobank A/S,Denmark,Financials
8E6CEF,Xinyi Energy Holdings Ltd.,British Virgin Islands,Utilities
21EAA5,Anhui Zhongding Sealing Parts Co. Ltd.,China,Consumer Goods
097748,Murray International Trust PLC,United Kingdom,Financials
EEA395,Ushio Inc.,Japan,Industrials
0A3999,Lundin Mining Corp.,Canada,Basic Materials
90CCB3,Cheng Loong Corp.,Taiwan,Basic Materials
7A2CAF,Samchully Co. Ltd.,South Korea,Utilities
BLWID7,BKW AG,Switzerland,Utilities
87EB80,Insignia Financial Ltd.,Australia,Financials
RNE74X,Shanghai Moons' Electric Co. Ltd.,China,Industrials
D6489C,Oracle Corp.,United States,Technology
9C5483,Guoxin Micro,China,Technology
F59EA0,Insurance Australia Group Ltd.,Australia,Financials
D76C21,Bellus Health Inc.,Canada,Health Care
9E5C2C,Air Lease Corp.,United States,Consumer Services
4A0318,Quzhou DFP New Material Group Co. Ltd.,China,Industrials
PLSDZM,Hangzhou Raycloud Technology Co. Ltd.,China,Technology
C6D28E,PVR INOX Ltd.,India,Consumer Services
FD47F5,Hengdian Group Tospo Lighting Co. Ltd.,China,Consumer Goods
F398C2,Guizhou Panjiang Refined Coal Co. Ltd.,China,Energy
5A0700,Mitsuboshi Belting Ltd.,Japan,Basic Materials
F2DB7A,Dai Nippon Printing Co. Ltd.,Japan,Consumer Services
55CEA5,Clearbrook Group Holdings Inc.,Bermuda,Financials
DC0563,OEM-International AB,Sweden,Industrials
DDDBDC,Nissan Motor Co. Ltd.,Japan,Consumer Goods
6038EC,Oberbank AG,Austria,Financials
D33270,BAE Systems PLC,United Kingdom,Industrials
E68AE7,PIMCO Corporate & Income Opportunity Fd,United States,Financials
8DAAB9,National Bank Holdings Corp.,United States,Financials
901327,Belden Inc.,United States,Industrials
799450,SM Entertainment Co. Ltd.,South Korea,Consumer Services
7F6847,eMemory Technology Inc.,Taiwan,Technology
0A35DE,Wintime Energy Group Co. Ltd.,China,Basic Materials
AFD7DD,Evergy Inc.,United States,Utilities
B3A6A1,MFE-MediaForEurope N.V.,Italy,Consumer Services
377DDF,Suzuki Motor Corp.,Japan,Consumer Goods
F7DBIH,Skyward Specialty Insurance Group Inc.,United States,Financials
36C45C,Guizhou Bailing Group Pharma Co. Ltd.,China,Health Care
5BF450,SG Holdings Co. Ltd.,Japan,Industrials
84B0F6,Hygeia Healthcare Holdings Co. Ltd.,Cayman Islands,Health Care
93F143,Teradyne Inc.,United States,Technology
525D27,Yonghui Superstores Co. Ltd.,China,Consumer Services
837571,PT Aneka Tambang Tbk,Indonesia,Basic Materials
D62F5F,EverCommerce Inc.,United States,Technology
2AEBD2,PICC Property & Casualty Co. Ltd.,China,Financials
570E56,Sugi Holdings Co. Ltd.,Japan,Consumer Services
B5683B,Komax Holding AG,Switzerland,Industrials
0A4368,Fujian Sunner Development Co. Ltd.,China,Consumer Goods
PH3W45,Rainbow Children's Medicare Ltd.,India,Health Care
3A0C6D,MongoDB Inc.,United States,Technology
CFE641,Pop Mart International Group Ltd.,Cayman Islands,Consumer Goods
93D207,Visa Inc.,United States,Financials
6WSPL8,JZJ Chain Drugstore Corp.,China,Health Care
57B174,Vulcan Materials Co.,United States,Industrials
1E42BD,BlackRock Floating Rate Income Trust,United States,Financials
25D7D6,Temple Bar Investment Trust PLC,United Kingdom,Financials
0C44B2,Delivery Hero SE,Germany,Consumer Services
9A2760,PetIQ Inc.,United States,Health Care
96297C,Mapletree Pan Asia Commercial Trust,Singapore,Real Estate
321D95,Hapvida Participações e Investimentos SA,Brazil,Health Care
270E66,Eve Holding Inc.,United States,Industrials
C4073B,Eaton Corp. PLC,Ireland,Industrials
DC6AA0,Berry Corp.,United States,Energy
629ACD,Turkiye Is Bankasi A.S.,Turkey,Financials
D3FD6D,Balchem Corp.,United States,Basic Materials
5D0337,Columbia Sportswear Co.,United States,Consumer Goods
3BE2BD,MTU Aero Engines AG,Germany,Industrials
6B6153,Southwest Securities Co. Ltd.,China,Financials
822E25,Columbia Banking System Inc.,United States,Financials
858942,United Parks & Resorts Inc.,United States,Consumer Services
9F3AA5,China Resources Microelectronics Ltd.,Cayman Islands,Technology
23CDC7,Dabur India Ltd.,India,Consumer Goods
23CD1F,Seino Holdings Co. Ltd.,Japan,Industrials
L73KBK,Beijing Yuanliu Hongyuan Electronic Tech,China,Industrials
D4E463,Xior Student Housing NV,Belgium,Real Estate
FDAA57,Greatech Technology Bhd.,Malaysia,Technology
8MWBZ9,PT Dayamitra Telekomunikasi Tbk,Indonesia,Telecommunications
A2C979,NGM Biopharmaceuticals Inc.,United States,Health Care
8260FC,YTL Corp. Bhd.,Malaysia,Utilities
EE08E3,Polar Capital Technology Trust PLC,United Kingdom,Financials
C86C8D,UPM-Kymmene Corp.,Finland,Basic Materials
0CEB92,Compal Electronics Inc.,Taiwan,Technology
DB396B,Interface Inc.,United States,Consumer Goods
29EAB5,BlackRock Credit Allocation Income Trust,United States,Financials
CF744A,Zenkoku Hosho Co. Ltd.,Japan,Financials
5F397E,Shenzhen Desay Battery Tech Co. Ltd.,China,Industrials
88C057,Dai-ichi Life Holdings Inc.,Japan,Financials
61D7B8,Sharjah Islamic Bank PJSC,United Arab Emirates,Financials
C3C1A0,NTG Nordic Transport Group A/S,Denmark,Industrials
FE39BC,Grand Pharmaceutical Group Ltd.,Bermuda,Health Care
67529E,BOK Financial Corp.,United States,Financials
A6CBD8,Betsson AB,Sweden,Consumer Services
5A8A35,Region RE Ltd.,Australia,Real Estate
AB803B,Havells India Ltd.,India,Industrials
78E245,Sho-Bond Holdings Co. Ltd.,Japan,Industrials
96D40E,Toppan Holdings Inc.,Japan,Industrials
VJ9AWY,Suzhou Oriental Semiconductor Co. Ltd.,China,Technology
A74F6F,Weyco Group Inc.,United States,Consumer Goods
0BC76B,alstria office AG,Germany,Real Estate
D9A1FA,Navitas Semiconductor Corp.,United States,Financials
DE4924,Griffon Corp.,United States,Industrials
467DCF,Shanxi Lu'An Environmental Energy Development Co. Ltd.,China,Basic Materials
966DBE,Octave Specialty Group Inc.,United States,Financials
7805F4,Samsung Electro-Mechanics Co. Ltd.,South Korea,Industrials
CEE5D7,GoerTek Inc.,China,Technology
414626,Xiamen Bank Co. Ltd.,China,Financials
653332,Calamos Strategic Total Return Fund,United States,Financials
E002E9,China Overseas Land & Investment Ltd.,Hong Kong SAR,Real Estate
7E983D,Nisshinbo Holdings Inc.,Japan,Industrials
729368,Ultra Clean Holdings Inc.,United States,Technology
FEC475,Prudential Financial Inc.,United States,Financials
3EFE75,Uniper SE,Germany,Utilities
493621,Leon Technology Co. Ltd.,China,Technology
9F3C07,Nuveen Equity Premium Income Fund,United States,Financials
676FFD,Grand Canyon Education Inc.,United States,Consumer Services
04CCCD,Ingles Markets Inc.,United States,Consumer Services
C8257F,Omnicom Group Inc.,United States,Consumer Services
C9881C,Adobe Inc.,United States,Technology
42823F,Europris ASA,Norway,Consumer Services
095A04,Allogene Therapeutics Inc.,United States,Health Care
DC1405,Inspire Medical Systems Inc.,United States,Health Care
16900E,Tate & Lyle PLC,United Kingdom,Consumer Goods
3032A4,Banque Centrale Populaire S.A.,Morocco,Financials
2CF75A,Agthia Group PJSC,United Arab Emirates,Consumer Goods
486051,Wasu Media Holding Co. Ltd.,China,Telecommunications
EC4E82,EVI Industries Inc.,United States,Industrials
46E005,BioLife Solutions Inc.,United States,Health Care
7ACC3B,Kimberly-Clark de Mexico S.A.B. de C.V.,Mexico,Consumer Goods
E5F7B5,Xiamen Intretech Inc.,China,Consumer Goods
80B25E,APL Apollo Tubes Ltd.,India,Basic Materials
C0AD0A,Valmet Oyj,Finland,Industrials
174BC4,Asian Paints Ltd.,India,Industrials
9E4BD6,JPMorgan American Investment Trust PLC,United Kingdom,Financials
1C7543,Masonite International Corp.,Canada,Consumer Goods
47C86D,Jiangxi Zhengbang Technology Co. Ltd.,China,Consumer Goods
C7224B,Toyota Industries Corp.,Japan,Consumer Goods
284E24,Bangkok Insurance Public Co. Ltd.,Thailand,Financials
D74EB3,Desktop Metal Inc.,United States,Industrials
E05DC8,Reliance Inc.,United States,Basic Materials
22064A,Blue Dart Express Ltd.,India,Industrials
290F30,Ubisoft Entertainment S.A.,France,Consumer Goods
1096C6,Envestnet Inc.,United States,Technology
04EB2F,Diodes Inc.,United States,Technology
3M1AR3,Girisim Elektrik San. Taahhut Ve Tic. AS,Turkey,Industrials
322A44,Pentair PLC,Switzerland,Industrials
6YOHBR,Douglas Elliman Inc.,United States,Real Estate
806766,EDP Renovaveis S.A.,Spain,Utilities
D8480B,Banco BPM S.p.A.,Italy,Financials
CE69E9,Biglari Holdings Inc.,United States,Consumer Services
C74E31,Hornbach Holding AG & Co. KGaA,Germany,Consumer Services
967FE8,Haining China Leather Market Co. Ltd.,China,Consumer Goods
27A359,Les Ciments du Maroc Co.,Morocco,Industrials
D67B1A,LISI S.A.,France,Consumer Goods
5492B4,Sichuan Road & Bridge Group Co. Ltd.,China,Industrials
6166D1,U.S. Bancorp Co.,United States,Financials
08C678,Iriso Electronics Co. Ltd.,Japan,Industrials
D31EA3,Tongkun Group Co. Ltd.,China,Basic Materials
E1F8C9,MEG Energy Corp.,Canada,Energy
65F100,Ruffer Investment Co. Ltd.,United Kingdom,Financials
77CD6C,Sakura Development Co. Ltd.,Taiwan,Real Estate
15547F,EDP - Energias do Brasil S.A.,Brazil,Utilities
31F77D,iM Financial Group Co. Ltd.,South Korea,Financials
54D8C2,National Presto Industries Inc.,United States,Consumer Goods
72964F,GAIL India Ltd.,India,Energy
P5AJX9,Xinxiang Richful Lube Additive Co. Ltd.,China,Basic Materials
6BF593,Host Hotels & Resorts Inc.,United States,Real Estate
9B29E7,Komeda Holdings Co. Ltd.,Japan,Consumer Services
6FE54C,Tianshui Huatian Technology Co. Ltd.,China,Technology
BD08A7,Poongsan Corp. (New),South Korea,Basic Materials
7B40E4,ARE Holdings Inc.,Japan,Basic Materials
F14985,Shenzhen International Holdings Ltd.,Bermuda,Industrials
C8A694,Pinnacle Investment Mgmt Group Ltd.,Australia,Financials
2B9D15,OKE Precision Cutting Tools Co. Ltd.,China,Industrials
9D30A8,Teledyne Technologies Inc.,United States,Industrials
2CCC5E,Shanghai RAAS Blood Products Co.Ltd.,China,Health Care
950AB7,HBT Financial Inc.,United States,Financials
9QQJFY,Qingdao Hiron Commercial C.C. Co. Ltd.,China,Industrials
A1CC7A,Banco BBVA Argentina S.A.,Argentina,Financials
B5766D,Webster Financial Corp.,United States,Financials
755235,Verona Pharma PLC,United Kingdom,Health Care
55506D,ASX Ltd.,Australia,Financials
07D83B,Alphamab Oncology Co.,Cayman Islands,Health Care
275300,Crown Castle Inc.,United States,Real Estate
A4F67C,American Assets Trust Inc.,United States,Real Estate
DD682D,Assurant Inc.,United States,Financials
4E1AE0,Bank of Shanghai Co. Ltd.,China,Financials
93266F,Lightspeed Commerce Inc.,Canada,Technology
0ED8BD,Kyushu Electric Power Co. Inc.,Japan,Utilities
C9995B,Little Commodity City,China,Consumer Services
585653,Brederode S.A.,Luxembourg,Financials
DC1BFA,Wallenstam AB,Sweden,Real Estate
E27A89,Shaanxi Heimao Coking Co. Ltd.,China,Basic Materials
9B816C,Rightmove PLC,United Kingdom,Consumer Services
E9DBBB,Hubei Zhenhua Chemical Co. Ltd.,China,Basic Materials
41C640,Bellway PLC,United Kingdom,Consumer Goods
442587,BNP Paribas S.A.,France,Financials
39D9DA,Progress Software Corp.,United States,Technology
A8C615,Blivex Energy Technology Co. Ltd.,China,Consumer Goods
D9164D,Healthcare Realty Trust Inc.,United States,Real Estate
3C6879,Tongyu Heavy Industry Co. Ltd.,China,Industrials
5C092A,Ceconomy AG,Germany,Consumer Services
D918F8,Shandong Haihua Co. Ltd.,China,Basic Materials
BFC1B8,KCE Electronics PCL,Thailand,Industrials
3F4497,Masco Corp.,United States,Industrials
C9E107,Huntington Bancshares Inc.,United States,Financials
731675,Taylor Morrison Home Corp.,United States,Consumer Goods
A414D8,Lepu Biopharma Co. Ltd.,China,Health Care
433C42,Devyani International Ltd.,India,Consumer Goods
55DD5E,Heiwa Real Estate Co. Ltd.,Japan,Real Estate
61F356,CBL & Associates Properties Inc.,United States,Real Estate
5C19E8,Frsrs Prprty TH Ind Freehold&Leshld REIT,Thailand,Real Estate
AB9D83,San-In Godo Bank Ltd.,Japan,Financials
9173DC,X-FAB Silicon Foundries SE,Belgium,Technology
29ZBWE,Beijing Haohua Energy Resource Co. Ltd.,China,Basic Materials
EC25C0,Shanghai Lingang Holdings Corp. Ltd.,China,Real Estate
2ZBNC5,Sanhe Tongfei Refrigeration Co. Ltd.,China,Industrials
0E2992,Flagstar Financial Inc.,United States,Financials
7CA895,Youngor Fashion Co. Ltd.,China,Consumer Goods
24819F,Beijing New Building Materials PLC,China,Industrials
5DA8B3,Business First Bancshares Inc.,United States,Financials
810FAD,CSG Systems International Inc.,United States,Technology
320393,Beijing Highlander Digital Tech Co. Ltd.,China,Industrials
8AC990,Bank Millennium S.A.,Poland,Financials
14BA33,McGrath RentCorp,United States,Industrials
2118B7,Zhejiang Weixing New Building Materials Co. Ltd.,China,Industrials
D6EAA3,TEGNA Inc.,United States,Consumer Services
5A4708,Medlive Technology Co. Ltd.,Cayman Islands,Health Care
E38ZPK,Grayscale Ethereum Trust ETF,United States,Financials
D96202,Republic Services Inc.,United States,Industrials
A054B9,Modern Times Group MTG AB,Sweden,Consumer Services
833219,China Publishing & Media Hldgs Co. Ltd.,China,Consumer Services
E467C9,Borusan Birlesik Boru Fabrikalari Sanayi ve Ticaret A.S.,Turkey,Industrials
BEC6BF,Beijing Kuaishou Technology Ltd.,China,Technology
VFQXNH,Vimian Group AB,Sweden,Health Care
C54F9D,Yutong Bus Co. Ltd.,China,Industrials
K8LXDO,Sharetronic Data Technology Co. Ltd.,China,Consumer Goods
873486,Northland Power Inc.,Canada,Utilities
CD83C6,Shenzhen Infinova Ltd.,China,Industrials
B6E324,Net One Systems Co. Ltd.,Japan,Technology
8UVODR,Henan Shijia Photons Technology Co. Ltd.,China,Technology
A3D4CE,LSB Industries Inc.,United States,Basic Materials
E6593E,Bangkok Commercial Asset Management PCL,Thailand,Financials
EE04F0,WideOpenWest Inc.,United States,Technology
34B97A,HCA Healthcare Inc.,United States,Health Care
98C7CD,Bajaj Auto Ltd.,India,Consumer Goods
OKVVSD,Jiangsu Eazytec Co. Ltd.,China,Technology
5D3680,Nintendo Co. Ltd.,Japan,Consumer Goods
54A646,Arrow Financial Corp.,United States,Financials
I9VTCN,Shanghai Labway Clinical Lab Co. Ltd.,China,Health Care
A1336C,Grupo Carso S.A.B. de C.V.,Mexico,Industrials
A5A4F5,Carnival PLC,United Kingdom,Consumer Services
11C58C,Nankai Electric Railway Co. Ltd.,Japan,Consumer Services
5EF3A1,Lonza Group AG,Switzerland,Basic Materials
F55A14,Spar Nord Bank A/S,Denmark,Financials
E802CE,Whitestone REIT,United States,Real Estate
98B481,Credit Saison Co. Ltd.,Japan,Financials
65521E,Saputo Inc.,Canada,Consumer Goods
7E2DE6,Simply Good Foods Co.,United States,Consumer Goods
4AC072,Synnex Technology International Corp.,Taiwan,Technology
CF96FF,PT Telkom Indonesia (Persero) Tbk,Indonesia,Telecommunications
BNWJ7B,ProFrac Holding Corp.,United States,Energy
E9F555,Xinjiang Yilite Industry Co. Ltd.,China,Consumer Goods
305085,NGK Insulators Ltd.,Japan,Industrials
5R73I6,Fujian Foxit Software Dev. JSC Ltd.,China,Technology
2A8C4E,Formosa Plastics Corp.,Taiwan,Basic Materials
038165,TransAlta Renewables Inc.,Canada,Utilities
AC8882,New Oriental Edu & Tech Group Inc.,Cayman Islands,Consumer Services
156A99,Esquire Financial Holdings Inc.,United States,Financials
793C11,Teradata Corp.,United States,Technology
A2CAF7,Plexus Corp.,United States,Industrials
E2CF13,Serica Energy PLC,United Kingdom,Energy
9CB608,Merchants Trust PLC,United Kingdom,Financials
956DE3,Sprott Physical Silver Trust,Canada,Financials
35D67C,Lenovo Group Ltd.,Hong Kong SAR,Technology
D17F7E,Peabody Energy Corp.,United States,Basic Materials
B2E6B5,Atmos Energy Corp.,United States,Utilities
783C1B,FIGS Inc.,United States,Consumer Goods
8B23E2,Expro Group Holdings N.V.,The Netherlands,Energy
7A54FE,Givaudan S.A.,Switzerland,Consumer Goods
991B08,Nexity S.A.,France,Real Estate
8E09EA,Huabao International Holdings Ltd.,Bermuda,Basic Materials
3B0DEB,Daito Trust Construction Co. Ltd.,Japan,Real Estate
E419BB,Sunway Bhd.,Malaysia,Real Estate
CB456B,Fuji Soft Inc.,Japan,Technology
816BBF,Beijing Tongtech Co. Ltd.,China,Technology
8346F3,Nibe Industrier AB,Sweden,Industrials
2042A1,Main Street Capital Corp.,United States,Financials
4E3CE4,China Railway Construction Heavy Ind. Co. Ltd.,China,Industrials
F0210B,Shandong Longda Meishi Co. Ltd.,China,Consumer Goods
6B6375,Atara Biotherapeutics Inc.,United States,Health Care
7092E8,Cangzhou Dahua Co. Ltd.,China,Basic Materials
849FBE,West Japan Railway Co.,Japan,Consumer Services
7F9C74,Atos S.E.,France,Technology
5340D0,Champion Homes Inc.,United States,Consumer Goods
A3A22E,Seegene Inc.,South Korea,Health Care
454EB9,Persistent Systems Ltd.,India,Technology
0B632C,Airtel Africa PLC,United Kingdom,Telecommunications
180747,CCOOP Group Co. Ltd.,China,Consumer Services
3A94DF,Summit Financial Group Inc.,United States,Financials
58D16C,Yankuang Energy Group Co. Ltd.,China,Basic Materials
DA199F,Jefferies Financial Group Inc.,United States,Financials
C5F3D4,Wacker Chemie AG,Germany,Basic Materials
E8470F,Exide Industries Ltd.,India,Consumer Goods
43A74A,Tenet Healthcare Corp.,United States,Health Care
D7C2BB,Jet2 PLC,United Kingdom,Consumer Services
2CB4C9,NextEra Energy Inc.,United States,Utilities
514067,AxoGen Inc.,United States,Health Care
B721E4,Tata Elxsi Ltd.,India,Technology
4CE462,Nabtesco Corp.,Japan,Industrials
C0F70B,Varonis Systems Inc.,United States,Technology
77005F,JPMorgan Global Growth & Income PLC,United Kingdom,Financials
56B8CC,Retail Estates SA,Belgium,Real Estate
D8D311,Tongding Interconnection Information Co. Ltd.,China,Industrials
5B36F6,Lemonade Inc.,United States,Financials
65D50A,Internet Initiative Japan Inc.,Japan,Technology
FDC9C0,Zealand Pharma AS,Denmark,Health Care
C69C27,Cheng De Lolo Co. Ltd.,China,Consumer Goods
01B8D6,TransMedics Group Inc.,United States,Health Care
11E5AB,Chalice Mining Ltd.,Australia,Basic Materials
E959F3,Radius Recycling Inc.,United States,Basic Materials
24C48B,Broadridge Financial Solutions Inc.,United States,Industrials
4BF3D6,Karuna Therapeutics Inc.,United States,Health Care
0FB47C,Enterprise Products Partners LP,United States,Energy
E0339F,Textron Inc.,United States,Industrials
OAJDEB,CNGR Advanced Material Co. Ltd.,China,Industrials
DAF543,Downer EDI Ltd.,Australia,Industrials
739589,New Guomai Digital Culture Co. Ltd.,China,Technology
7262F2,e.l.f. Beauty Inc.,United States,Consumer Goods
C2E426,Seaboard Corp.,United States,Consumer Goods
UXEPLU,Noble Corp. PLC,United Kingdom,Energy
C08256,Blackstone Inc.,United States,Financials
8C77C6,General American Investors Co. Inc.,United States,Financials
7172A4,Frontier Real Estate Investment Corp.,Japan,Real Estate
1B1ED3,Stolt-Nielsen Ltd.,Bermuda,Industrials
DE89BA,Lovisa Holdings Ltd.,Australia,Consumer Goods
7B9AFA,LeMaitre Vascular Inc.,United States,Health Care
30A565,Super Micro Computer Inc.,United States,Technology
P9VZ3T,Shenzhen Farben IT Co. Ltd.,China,Technology
C13643,CK Infrastructure Holdings Ltd.,Bermuda,Utilities
9A43A9,Cathay Biotech Inc.,China,Health Care
7B8CB5,Safehold Inc.,United States,Real Estate
2MW9V9,PTT Oil & Retail Business PCL,Thailand,Energy
18A522,Marubeni Corp.,Japan,Industrials
B7B915,DNP Select Income Fund Inc.,United States,Financials
DA6722,The Renewables Infrastructure Group Ltd.,Guernsey,Financials
466760,M&A Capital Partners Co. Ltd.,Japan,Financials
B697CD,Universal Entertainment Corp.,Japan,Consumer Services
D64C6D,NIKE Inc.,United States,Consumer Goods
3DED49,Pactiv Evergreen Inc.,United States,Industrials
AD6141,Equitable Holdings Inc.,United States,Financials
DE7DD1,Aerospace Hi-Tech Holding Group Co. Ltd.,China,Consumer Goods
7080C5,Zhejiang Garden Biopharma Co. Ltd.,China,Basic Materials
QM6403,Aspire Biopharma Holdings Inc.,Cayman Islands,Financials
44E03F,Ferrexpo PLC,United Kingdom,Basic Materials
A3ABB5,Acer Inc.,Taiwan,Technology
5A28DA,Fancl Corp.,Japan,Consumer Goods
41ECBC,AJ Bell PLC,United Kingdom,Financials
1F3EB2,Eurofins Scientific S.E.,Luxembourg,Health Care
7AB1D1,Piaggio & C.S.p.A.,Italy,Consumer Goods
FDFCAD,Sumitomo Electric Industries Ltd.,Japan,Industrials
9C1C6E,KRAFTIA Corp.,Japan,Industrials
18C213,Endeavour Mining PLC,United Kingdom,Basic Materials
E3E68E,XPO Inc.,United States,Industrials
434966,Chi Trad Chi Med Hldgs Co. Ltd.,Hong Kong SAR,Health Care
FD39EB,NRG Energy Inc.,United States,Utilities
5A00D1,Beijing Tongrentang Co. Ltd.,China,Health Care
WMCRN8,Abu Dhabi Ports Co. PJSC,United Arab Emirates,Industrials
316BDF,ViaSat Inc.,United States,Technology
0FE2B4,Orchestra BioMed Holdings Inc.,United States,Health Care
F26EB5,abrdn Emerging Markets ex-China Fd,United States,Financials
BMH9R5,Traeger Inc.,United States,Consumer Goods
6B5158,Huizhou Desay SV Automotive Co. Ltd.,China,Consumer Goods
58E12E,Far East Smarter Energy Co. Ltd.,China,Industrials
PO8RAU,Beijing Balance Medical Tech Co. Ltd.,China,Health Care
31A7CC,Community Trust Bancorp Inc.,United States,Financials
521D84,Zhuhai CosMX Battery Co. Ltd.,China,Industrials
76BD96,Arbor Realty Trust Inc.,United States,Real Estate
2A6B55,Haemonetics Corp.,United States,Health Care
9327E4,Hangzhou Silan Microelectronics Co. Ltd.,China,Technology
0FB248,Flywire Corp.,United States,Financials
485D04,NOF Corp.,Japan,Basic Materials
ABAA03,Atea Pharmaceuticals Inc.,United States,Health Care
69C99E,Axsome Therapeutics Inc.,United States,Health Care
EC0748,Yifan Pharmaceutical Co. Ltd.,China,Basic Materials
C73BD6,Tri-Continental Corp.,United States,Financials
E8203F,USI Corp.,Taiwan,Basic Materials
85BBA2,Antarchile S.A.,Chile,Financials
D254C8,Blackrock MuniYield Fund Inc.,United States,Financials
F885C3,Yamato Kogyo Co. Ltd.,Japan,Basic Materials
D33488,Eramet S.A.,France,Basic Materials
5546DA,CapStar Financial Holdings Inc.,United States,Financials
56765E,Clearway Energy Inc.,United States,Energy
5FF123,China Lesso Group Holdings Ltd.,Cayman Islands,Industrials
922FFF,Teladoc Health Inc.,United States,Health Care
F83FD8,WUS Printed Circuit (Kunshan) Co. Ltd.,China,Industrials
32BBAA,Carrier Global Corp.,United States,Industrials
9C6953,Dalrymple Bay Infrastructure Ltd.,Australia,Basic Materials
9EE668,British Land Co. PLC,United Kingdom,Real Estate
2D643C,Norfolk Southern Corp.,United States,Industrials
4E45E3,SRH Total Return Fund Inc.,United States,Financials
3C2D49,UroGen Pharma Ltd.,Israel,Health Care
974921,Advantech Co. Ltd.,Taiwan,Technology
02A929,SciPlay Corp.,United States,Technology
B91DA5,Yotrio Group Co. Ltd.,China,Consumer Goods
QYYSZW,China Natl Electric Apparatus Res. Inst.,China,Industrials
ADF1B0,HealthStream Inc.,United States,Health Care
5433E5,MacroGenics Inc.,United States,Health Care
48642A,Sensirion Holding AG,Switzerland,Industrials
43E8F5,Lantheus Holdings Inc.,United States,Health Care
2FE434,Astellas Pharma Inc.,Japan,Health Care
BDFDCF,TMBThanachart Bank PCL,Thailand,Financials
886A35,Hubei Jumpcan Pharmaceutical Co. Ltd.,China,Health Care
59B705,Metro Inc.,Canada,Consumer Services
30A510,Genuit Group PLC,United Kingdom,Industrials
E6CB47,Kingboard Holdings Ltd.,Cayman Islands,Basic Materials
RFB1WZ,Guoguang Electric Co. Ltd. Chengdu,China,Technology
83A065,Adamas Trust Inc.,United States,Real Estate
E92917,Sun Art Retail Group Ltd.,Hong Kong SAR,Consumer Services
920D47,China Unicom (Hong Kong) Ltd.,Hong Kong SAR,Telecommunications
3CA8E6,Sartorius Stedim Biotech S.A.,France,Health Care
O8CBVE,ECARX Holdings Inc.,Cayman Islands,Technology
73B0E0,Turkcell Iletisim Hizmetleri A.S.,Turkey,Telecommunications
33F6BC,Robinsons Land Corp.,Philippines,Real Estate
5ED9D0,JD Logistics Inc.,Cayman Islands,Industrials
29FA8B,Big Yellow Group PLC,United Kingdom,Real Estate
6F0096,Valmont Industries Inc.,United States,Industrials
FB49DF,SSE PLC,United Kingdom,Utilities
3DA06E,SEEK Ltd.,Australia,Industrials
3DD5E2,NS Wind Down Co. Inc.,United States,Health Care
C8A059,Chuy's Holdings Inc.,United States,Consumer Services
3E63BA,Merus NV,The Netherlands,Health Care
2CFC80,ChipScreen Biosciences Ltd.,China,Health Care
7F7C87,Legacy Housing Corp.,United States,Consumer Goods
DF4423,Yuexiu Transport Infrastructure Ltd.,Bermuda,Industrials
73529F,Southwestern Energy Co.,United States,Energy
D63F73,Hyundai Motor Co. Ltd.,South Korea,Consumer Goods
78C2F0,PT Medikaloka Hermina Tbk,Indonesia,Health Care
972D61,Weir Group PLC,United Kingdom,Industrials
155902,BYD Electronic International Co. Ltd.,Hong Kong SAR,Industrials
12C339,NEC Corp.,Japan,Technology
51B442,Boot Barn Holdings Inc.,United States,Consumer Services
24289E,Sekisui House Ltd.,Japan,Consumer Goods
D757CF,Minerva S.A.,Brazil,Consumer Goods
000127,PT Bank Syariah Indonesia Tbk,Indonesia,Financials
FD64FC,Banque de Tunisie SA,Tunisia,Financials
A981F9,Hap Seng Consolidated Bhd,Malaysia,Consumer Goods
A3940D,Hong Kong & China Gas Co. Ltd.,Hong Kong SAR,Utilities
26FD8B,Diversified Energy Co.,United States,Energy
10943B,Forward Air Corp.,United States,Industrials
19973C,B2Gold Corp.,Canada,Basic Materials
A18F9C,Huhtamaki Oyj,Finland,Industrials
53C308,AlTi Global Inc.,Cayman Islands,Financials
DA1088,D¿Ieteren Group S.A.,Belgium,Consumer Services
5A423F,AtriCure Inc.,United States,Health Care
FFE543,Skechers U.S.A. Inc.,United States,Consumer Goods
EZTSX5,Shaanxi Huaqin Tech Industry Co. Ltd.,China,Basic Materials
3A4BDB,NBT Bancorp Inc.,United States,Financials
F1EB39,AeroVironment Inc.,United States,Industrials
AE3113,Upwork Inc.,United States,Consumer Services
545E5B,Shandong Linglong Tyre Co. Ltd.,China,Consumer Goods
FC1F9D,Tractor Supply Co.,United States,Consumer Services
750914,Kinaxis Inc.,Canada,Technology
420168,BXP Inc.,United States,Real Estate
024D42,YGsoft Inc.,China,Technology
3461CF,Moody's Corp.,United States,Financials
6C9IZ2,Zhejiang Lante Optics Co. Ltd.,China,Industrials
W3BKST,Presight AI Holding PLC,United Arab Emirates,Technology
43E75D,PT Tower Bersama Infrastructure Tbk,Indonesia,Technology
BC6620,Aldeyra Therapeutics Inc.,United States,Health Care
518A57,Guangzhou Great Pwr Energy & Tech,China,Industrials
4030E2,Emerson Electric Co.,United States,Industrials
74A06C,Semapa SGPS SA,Portugal,Basic Materials
32CBAF,Aimer Co. Ltd.,China,Consumer Services
463289,Chambal Fertilisers & Chemicals Ltd.,India,Basic Materials
2C7417,Yellow Cake PLC,Jersey,Basic Materials
6284B5,Iron Mountain Inc.,United States,Industrials
7D9B75,Dubai Financial Market PJSC,United Arab Emirates,Financials
82FD6D,RBC Bearings Inc.,United States,Industrials
031025,Manhattan Associates Inc.,United States,Technology
F141DA,PT Smartfren Telecom Tbk,Indonesia,Telecommunications
263216,Royal Gold Inc.,United States,Basic Materials
1CD065,Pilot Corp. (Japan),Japan,Consumer Goods
8E2082,Punjab & Sind Bank Ltd.,India,Financials
FDF0B6,Shenzhen Kstar Science & Technology Co. Ltd.,China,Industrials
E5B5A7,CVS Group PLC,United Kingdom,Consumer Services
BB127B,Salesforce Inc.,United States,Technology
0F7F8C,Cedar Fair LP,United States,Consumer Services
753FFA,Banco Itaú Chile S.A.,Chile,Financials
A3AAA5,Dynex Capital Inc.,United States,Real Estate
AB4B9A,Safran S.A.,France,Industrials
C8D69F,Lenzing AG,Austria,Basic Materials
0B1A6F,Olo Inc.,United States,Technology
103E48,Unilumin Group Co. Ltd.,China,Industrials
51888A,CTO Realty Growth Inc.,United States,Real Estate
F0CK5Z,Arctech Solar Holding Co. Ltd.,China,Industrials
793544,CESC Ltd.,India,Utilities
6A9D6A,Nan Ya Plastics Corp.,Taiwan,Industrials
38C46F,Hargreaves Lansdown Ltd.,United Kingdom,Financials
05F70B,MBSB Bhd,Malaysia,Financials
40B903,TJX Companies Inc.,United States,Consumer Services
708F84,Hua Nan Financial Holdings Co. Ltd.,Taiwan,Financials
CFF57D,GMS Inc.,United States,Consumer Services
CF6E25,Solidcore Resources PLC,Kazakhstan,Basic Materials
BBBFFB,Offcn Education Technology Co. Ltd.,China,Consumer Services
A05C43,Bristow Group Inc.,United States,Industrials
57CAAB,Vertex Pharmaceuticals Inc.,United States,Health Care
9ECAE2,Equasens S.A.,France,Technology
C7F68B,Trelleborg AB,Sweden,Industrials
526AB6,Manappuram Finance Ltd.,India,Financials
63D2BA,Kandenko Co. Ltd.,Japan,Utilities
68E3E0,B&G Foods Inc.,United States,Consumer Goods
5D093E,Aisin Corp.,Japan,Consumer Goods
43E90A,TortoiseEcofin Acquisition Corp. III,Cayman Islands,Financials
6A460B,Suofeiya Home Collection Co. Ltd.,China,Consumer Goods
DBF436,Kinsus Interconnect Technology Corp.,Taiwan,Technology
9FD2D9,Enovis Corp.,United States,Health Care
7B87F7,GungHo Online Entertainment Inc.,Japan,Consumer Goods
4398A2,Y-mAbs Therapeutics Inc.,United States,Health Care
F36E07,Adesso SE,Germany,Technology
3435D2,NetLink NBN Trust,Singapore,Technology
EB12C1,Keikyu Corp.,Japan,Consumer Services
1C599A,Encore Capital Group Inc.,United States,Financials
221AD7,Align Technology Inc.,United States,Health Care
7AB8D4,Sanoma Oyj,Finland,Consumer Services
7D77DA,Zhejiang Daily Digital Culture Group,China,Industrials
JYCOLR,CSPC Innovation Pharmaceutical Co. Ltd.,China,Health Care
94756D,Distribution Solutions Group Inc.,United States,Industrials
E47B36,Icosavax Inc.,United States,Health Care
5DAF89,Dun & Bradstreet Holdings Inc.,United States,Technology
21622F,Shanghai Vital Deeptech Co. Ltd.,China,Financials
2AAFA3,Mister Car Wash Inc.,United States,Consumer Services
16C544,HA Sustainable Infrastructure Capital Inc.,United States,Financials
56B2D3,Loncin Motor Co. Ltd.,China,Consumer Goods
33ECE5,Web Travel Group Ltd.,Australia,Consumer Services
917542,China Greatwall Technology Grp Co. Ltd.,China,Technology
E728B1,Beijing Thunisoft Corp. Ltd.,China,Technology
D8E003,TD Synnex Corp.,United States,Technology
EF71D6,Prosegur Compania de Seguridad S.A.,Spain,Industrials
EBM2J9,Piotech Inc.,China,Technology
DF5E63,SBI Shinsei Bank Ltd.,Japan,Financials
CD1A7E,Toromont Industries Ltd.,Canada,Industrials
55A6A7,Namib Minerals Co.,Cayman Islands,Basic Materials
D1887D,TX Group AG,Switzerland,Consumer Services
6232F6,ICG Enterprise Trust PLC,United Kingdom,Financials
6E8349,Carter's Inc.,United States,Consumer Goods
35FEDA,Idorsia Ltd.,Switzerland,Health Care
3CCC90,Northern Trust Corp.,United States,Financials
328876,China Gold,China,Consumer Goods
0BB903,Alibaba Group Holding Ltd.,Cayman Islands,Consumer Services
B021EB,Morimatsu International Hldgs Co. Ltd.,Hong Kong SAR,Industrials
B05000,eXp World Holdings Inc.,United States,Financials
69D9DB,Diversey Holdings Ltd. (Cayman Islands),Cayman Islands,Health Care
20D00A,Antero Resources Corp.,United States,Energy
BFEBDF,Cimpress PLC,Ireland,Industrials
9NLHGB,Shandong Pharmaceutical Glass Co. Ltd.,China,Industrials
E30F57,Yiling Pharmaceutical Co. Ltd.,China,Health Care
99C624,Kakaku.com Inc.,Japan,Technology
D21EF3,Garmin Ltd.,Switzerland,Consumer Goods
C99FEF,Create SD Holdings Co. Ltd.,Japan,Consumer Services
CFF15D,Qualcomm Inc.,United States,Technology
574634,Chengdu Xingrong Environment Co. Ltd.,China,Utilities
4410CC,Zhejiang Jiahua Energy Chem Ind Co. Ltd.,China,Basic Materials
CD1CB8,Zetrix AI Bhd.,Malaysia,Industrials
2C08B7,Jiumaojiu International Holdings Ltd.,Cayman Islands,Consumer Services
1987BE,Nuveen Municipal Value Fund Inc.,United States,Financials
33B0C5,JDE Peet's N.V.,The Netherlands,Consumer Goods
7A0683,COFCO Sugar Holding Co. Ltd.,China,Consumer Goods
DE20DF,Seritage Growth Properties LP,United States,Real Estate
9B4066,Terreno Realty Corp.,United States,Real Estate
AB85B8,Xinjiang Comms Construction Grp Co. Ltd.,China,Industrials
BBDA54,Ezaki Glico Co. Ltd.,Japan,Consumer Goods
F3D459,Evotec SE,Germany,Health Care
7E988D,CBRE Clarion Global Real Estate Income Fd,United States,Financials
A8674F,Northwest Natural Holding Co.,United States,Utilities
8C56DE,Ramkhamhaeng Hospital PCL,Thailand,Health Care
47A3AC,Taiyo Holdings Co. Ltd.,Japan,Basic Materials
C1300D,Royal Unibrew A/S,Denmark,Consumer Goods
G3AK4Q,Sinosoft Co. Ltd.,China,Technology
719B43,Aareal Bank AG,Germany,Financials
E094EB,Smith & Nephew PLC,United Kingdom,Health Care
2093B1,Merchants Bancorp Co.,United States,Financials
8782BA,Sundram Fasteners Ltd.,India,Consumer Goods
D9C07E,Croda International PLC,United Kingdom,Basic Materials
5E3910,Dream Industrial REIT,Canada,Real Estate
9E87BB,Trident Ltd.,India,Basic Materials
0DC050,Knowles Corp.,United States,Industrials
9F09C9,Halma PLC,United Kingdom,Health Care
7431D4,Hikari Tsushin Inc.,Japan,Telecommunications
E0700C,Nanya Technology Corp.,Taiwan,Technology
QMWC1R,Anhui Tongguan Copper Foil Grp Co. Ltd.,China,Basic Materials
873D9D,Imerys S.A.,France,Basic Materials
7EE31D,DocGo Inc.,United States,Health Care
QDI0GK,Beijing Tieke Shougang Rlway-Tech Co. Ltd.,China,Industrials
473232,RLX Technology Inc.,Cayman Islands,Consumer Goods
0FE503,Ambrx Biopharma Inc.,United States,Health Care
5D8797,Beijing Dahao Technology Corp. Ltd.,China,Technology
F1EE65,Nippon Gas Co. Ltd.,Japan,Utilities
B3C2C7,Perpetual Ltd.,Australia,Financials
509A43,Shanxi Zhendong Pharmaceutical Co. Ltd.,China,Health Care
59872F,Nutanix Inc.,United States,Technology
4ECD1A,Dillard's Inc.,United States,Consumer Services
A3DD45,Hubei Chutian Smart Comm Co. Ltd.,China,Industrials
47B3B5,Champion Real Estate Investment Trust,Hong Kong SAR,Real Estate
5A495A,Datang Telecom Technology Co. Ltd.,China,Technology
CEC128,Toyota Motor Corp.,Japan,Consumer Goods
22E3FB,Sangfor Technologies Inc.,China,Technology
9A3F7E,Pax Global Technology Ltd.,Bermuda,Technology
F613E8,DBS Group Holdings Ltd.,Singapore,Financials
86A1B9,The Cigna Group,United States,Health Care
WFCQA5,AREIT Inc.,Philippines,Real Estate
B9179D,Change Holdings Inc.,Japan,Technology
2F40E5,Xiaomi Corp.,China,Technology
F8E53E,Qilu Bank Co. Ltd.,China,Financials
6C6C04,eQ Oyj,Finland,Financials
24D81E,Domino's Pizza Inc.,United States,Consumer Services
DDA26D,China Conch Venture Holdings Ltd.,Cayman Islands,Energy
4A1D97,Shanghai Aerospace Automobile,China,Consumer Goods
FC6365,Bain Capital Specialty Finance Inc.,United States,Financials
ABD9F9,SISB Public Co. Ltd.,Thailand,Consumer Services
E7D47B,Marvell Technology Inc.,United States,Technology
4F1432,Manawa Energy Ltd.,New Zealand,Utilities
9CECD3,EnerVest Diversified Income Trust,Canada,Financials
9414CF,Interparfums S.A.,France,Consumer Goods
119CB6,Old Dominion Freight Line Inc.,United States,Industrials
6B7B90,Reservoir Media Inc.,United States,Financials
0MBP1V,Jenkem Technology Co. Ltd.,China,Health Care
C5C137,Macy's Inc.,United States,Consumer Services
4B7006,Workday Inc.,United States,Technology
0FF577,Hebei Hengshui Laobaigan Liquor Co. Ltd.,China,Consumer Goods
1C9E2B,ConvaTec Group PLC,United Kingdom,Health Care
9F2D98,Endava PLC,United Kingdom,Technology
C1E0E5,Inwit SpA,Italy,Telecommunications
717DB4,Cohu Inc.,United States,Technology
E61D30,Allspring Multi-Sector Income Fund,United States,Financials
54100B,Suning Universal Co. Ltd.,China,Real Estate
A57F82,BlackRock Energy & Resources Trust,United States,Financials
142762,Dian Diagnostics Group Co. Ltd.,China,Health Care
C24FAF,Deutsche Boerse AG,Germany,Financials
F2A4F7,Mirae Asset Securities Co. Ltd.,South Korea,Financials
2DD58E,Indian Oil Corp. Ltd.,India,Energy
72CFF7,China Resources Land Ltd.,Cayman Islands,Real Estate
FD83D1,BellRing Brands Inc.,United States,Consumer Services
134092,Advanced Micro-Fab Equipment Inc. (AMEC),China,Technology
C85E94,SoFi Technologies Inc.,United States,Financials
3995C3,Kakaopay Corp.,South Korea,Financials
2EB04E,Lyft Inc.,United States,Consumer Services
3E8A65,Liberty All-Star Equity Fund,United States,Financials
25A6CC,Merit Medical Systems Inc.,United States,Health Care
F0F3E1,CaixaBank S.A.,Spain,Financials
18D820,Ain Holdings Inc.,Japan,Consumer Services
054B55,Franchise Group Inc.,United States,Consumer Services
BDD12C,Whirlpool Corp.,United States,Consumer Goods
3188EC,JD.com Inc.,Cayman Islands,Consumer Services
D80QUD,Aspen Technology Inc.,United States,Technology
BBB4BB,Genting Bhd,Malaysia,Consumer Services
CEF09A,MR D.I.Y. Group (M) Sdn. Bhd.,Malaysia,Consumer Services
04BBFE,Barco N.V.,Belgium,Industrials
5C1132,Jiangsu Donghua Testing Tech Co. Ltd.,China,Industrials
1D7BE3,Capitec Bank Holdings Ltd.,South Africa,Financials
0F91FC,Forrester Research Inc.,United States,Industrials
2267AC,Nanjing Securities Co. Ltd.,China,Financials
07EC43,Cognizant Technology Solutions Corp.,United States,Technology
8BD0C7,Hartalega Holdings Bhd.,Malaysia,Health Care
60D642,NerdWallet Inc.,United States,Financials
C1114B,Kelly Services Inc.,United States,Industrials
B62545,Corbion N.V.,The Netherlands,Consumer Goods
E56330,Apollo Tyres Ltd.,India,Consumer Goods
1141E0,Hualan Biological Engineering Inc.,China,Health Care
AD0351,Guangzhou Shiyuan Electronic Tech Co. Ltd.,China,Industrials
03542C,American Vanguard Corp.,United States,Basic Materials
8B38DB,Nolato AB,Sweden,Basic Materials
8141AB,PennantPark Investment Corp.,United States,Financials
A4ACD4,Sunstone Development Co. Ltd.,China,Basic Materials
A13149,ASSA ABLOY AB,Sweden,Industrials
2C61B6,Pro Medicus Ltd.,Australia,Technology
CWTL3P,Robotechnik Intelligent Tech Co. Ltd.,China,Industrials
A4443B,TKP Corp.,Japan,Industrials
E2F130,Lindsay Corp.,United States,Industrials
966ACE,Marinus Pharmaceuticals Inc.,United States,Health Care
201465,Toray Industries Inc.,Japan,Consumer Goods
07C907,Marten Transport Ltd.,United States,Industrials
36C09B,TG Therapeutics Inc.,United States,Health Care
AECCA9,Greif Inc.,United States,Industrials
B09B1F,Stoneridge Inc.,United States,Consumer Goods
16CEB4,Yealink Network Technology Corp. Ltd.,China,Technology
7B465F,Nxera Pharma Co. Ltd.,Japan,Health Care
8B84AF,Nuvoton Technology Corp.,Taiwan,Technology
69ACD1,Deutsche EuroShop AG,Germany,Real Estate
SNKMGL,Technoprobe S.p.A.,Italy,Technology
E3F46E,TaskUs Inc.,United States,Technology
69A681,Oneness Biotech Co. Ltd.,Taiwan,Health Care
03Z35O,Beijing Elec Zone High-Tech Grp Co. Ltd.,China,Real Estate
06C826,Darling Ingredients Inc.,United States,Consumer Goods
5D5350,Suruga Bank Ltd.,Japan,Financials
1QW3DL,Ghitha Holding PJSC,United Arab Emirates,Consumer Services
5B911A,CSN Mineracao SA,Brazil,Basic Materials
28F5F2,Taiwan Cogeneration Corp.,Taiwan,Utilities
0820E6,Taiheiyo Cement Corp.,Japan,Industrials
D697DE,Rimini Street Inc.,Cayman Islands,Financials
135E12,Xinjiang Qingsong Building Mats & Chem,China,Industrials
922F0C,First Merchants Corp.,United States,Financials
0622D7,Wens Foodstuff Group Co. Ltd.,China,Consumer Goods
CEBCE8,Western Metal Materials Co. Ltd.,China,Basic Materials
2B8179,Protagonist Therapeutics Inc.,United States,Health Care
F6F77E,Bodycote PLC,United Kingdom,Industrials
B5297C,Fidelity China Special Situations PLC,United Kingdom,Financials
JXUTOB,IAT Automobile Technology Co. Ltd.,China,Consumer Goods
C3782F,TKD Science & Technology Co. Ltd.,China,Industrials
AF5058,Mercury NZ Ltd.,New Zealand,Utilities
F0F4A0,The Law Debenture Corp. PLC,United Kingdom,Financials
8665E1,Tsinghua Tongfang Co. Ltd.,China,Technology
62772E,Pressance Corp. Co. Ltd.,Japan,Real Estate
E2D55D,Immofonds Inc.,Switzerland,Real Estate
FACF19,Walgreens Boots Alliance Inc.,United States,Consumer Services
785737,Kajaria Ceramics Ltd.,India,Industrials
DM7AIQ,Northking Information Tech Co. Ltd.,China,Industrials
382EAE,Gray Media Inc.,United States,Consumer Services
5FDD76,Kenedix Retail REIT Corp.,Japan,Real Estate
57C915,PT Vale Indonesia Tbk,Indonesia,Basic Materials
1A9CAF,Dassault Aviation S.A.,France,Industrials
349751,Accent Group Ltd.,Australia,Consumer Services
747219,Uniti Group Inc.,United States,Real Estate
075C8B,Mobile World Investment Corp.,Vietnam,Consumer Services
D7EKDP,CICT Mobile Communication Tech Co. Ltd.,China,Technology
E7530B,Nanjing Pharmaceutical Group Co. Ltd.,China,Health Care
60A286,Magna International Inc.,Canada,Consumer Goods
5BF37B,Fidelity Special Values PLC,United Kingdom,Financials
D4EDBG,Hunan Goke Microelectronics Co. Ltd.,China,Technology
BD2091,Getac Holdings Corp.,Taiwan,Technology
102727,Home Bancorp Inc.,United States,Financials
CDAA9D,Lotte Fine Chemical Co. Ltd.,South Korea,Basic Materials
E0C874,Ambarella Inc.,Cayman Islands,Industrials
F67584,Inner Mongolia Berun Chemical Co. Ltd.,China,Consumer Services
01141B,HDFC Asset Management Co. Ltd.,India,Financials
F2C812,Japan Aviation Electronics Industry Ltd.,Japan,Industrials
3D965C,CP Axtra PCL (Old),Thailand,Consumer Services
E4012A,Norinco International Cooperation Ltd.,China,Industrials
DB060D,EC Healthcare Co.,Cayman Islands,Health Care
002A99,Kyntra Bio Inc.,United States,Health Care
D9770F,Chongqing Rural Commercial Bank Co. Ltd.,China,Financials
2A9078,Kansai Electric Power Co. Inc.,Japan,Utilities
8C8BF4,Mirion Technologies Inc.,United States,Financials
780B17,Taichung Commercial Bank Co. Ltd.,Taiwan,Financials
4AAOK7,Entergy Utility Enterprises Inc.,United States,Utilities
CCE807,AtkinsRéalis Group Inc.,Canada,Industrials
F6DECC,Abu Dhabi National Energy Co. PJSC,United Arab Emirates,Utilities
620DCC,Wondershare Technology Group Co. Ltd.,China,Technology
C4F34E,Otsuka Holdings Co. Ltd.,Japan,Health Care
E2D3F3,Cameco Corp.,Canada,Basic Materials
ADAC01,Chroma Ate Inc.,Taiwan,Industrials
GYSSUQ,Cadre Holdings Inc.,United States,Financials
3107A8,Malaysia Airports Holdings Bhd.,Malaysia,Industrials
71BAE0,Lanzhou Foci Pharmaceutical Co. Ltd.,China,Health Care
314E5A,Munich Re,Germany,Financials
A43176,Plaza SA,Chile,Real Estate
783E77,Cambridge Bancorp,United States,Financials
DD229A,Telecom Argentina S.A.,Argentina,Telecommunications
9CA619,General Mills Inc.,United States,Consumer Goods
9D4EC7,Leggett & Platt Inc.,United States,Consumer Goods
57428A,CKD Corp.,Japan,Industrials
3C7A39,Hensoldt AG,Germany,Industrials
3F3301,Tencent Holdings Ltd.,Cayman Islands,Technology
AA7506,Raiffeisen Bank International AG,Austria,Financials
88D6D1,Eastern Air Logistics Co. Ltd.,China,Industrials
D9CBE0,Jiangsu Boamax Tech Group Co. Ltd.,China,Industrials
EBC84C,Chemed Corp.,United States,Health Care
CA1AE3,Civeo Corp.,Canada,Energy
7F0F3A,Farmers & Merchants Bank of Long Beach,United States,Financials
E34FD4,CSG Holding Co. Ltd.,China,Industrials
0458CF,Yageo Corp.,Taiwan,Industrials
E637E9,Asia Cement Corp.,Taiwan,Industrials
CCDCF8,Basic-Fit N.V.,The Netherlands,Consumer Services
8F4F9B,ABA Chemicals Corp.,China,Basic Materials
09249F,JGC Holdings Corp.,Japan,Industrials
BEDBA7,Corticeira Amorim SGPS S.A.,Portugal,Industrials
741768,Toronto-Dominion Bank Inc.,Canada,Financials
FA3714,Chengtun Mining Group Co. Ltd.,China,Basic Materials
3E4D72,Founder Securities Co. Ltd.,China,Financials
726ADE,Enagas S.A.,Spain,Energy
D2E553,Thor Industries Inc.,United States,Consumer Goods
95FFA2,Xinjiang Zhongtai Chemical Co. Ltd.,China,Basic Materials
B68DEF,EQB Inc.,Canada,Financials
128871,Great Eagle Holdings Ltd.,Bermuda,Consumer Services
3BC466,CapitaLand Retail China Trust,Singapore,Real Estate
E68E62,Rocket Pharmaceuticals Inc.,United States,Health Care
10166A,Schweiter Technologies AG,Switzerland,Industrials
54773E,Shandong Dawn Polymer Co. Ltd.,China,Basic Materials
E61E5B,Coca-Cola Europacific Partners PLC,United Kingdom,Consumer Goods
74A84C,Semiconductor Mfg. International Corp.,Cayman Islands,Technology
3QOVKF,On Holding AG,Switzerland,Consumer Services
CB3F2D,Sok Marketler Ticaret A.S.,Turkey,Consumer Services
D42CB9,InRetail Peru Corp.,Panama,Consumer Services
8DEF95,Crystal International Group Ltd.,Cayman Islands,Consumer Goods
112F8F,SpareBank 1 SMN ASA,Norway,Financials
AEA57C,Jazz Pharmaceuticals PLC,Ireland,Health Care
CDA620,Shenzhen Gas Corp. Ltd.,China,Energy
A94637,AAON Inc.,United States,Industrials
78C90F,Drax Group PLC,United Kingdom,Utilities
DD0F15,Geron Corp.,United States,Health Care
AD0C5B,Kabel Deutschland Holding AG,Germany,Consumer Services
A31EAD,JBM Auto Ltd.,India,Basic Materials
A33BC9,Nanjing Vazyme Biotech Co. Ltd.,China,Health Care
58046D,Metcash Ltd.,Australia,Consumer Services
TFIQW2,Brookfield India Real Estate Trust,India,Real Estate
CHHQIV,Acrobiosystems Co. Ltd.,China,Health Care
6C9A4F,CAR Group Ltd.,Australia,Consumer Services
9465C9,Cogent Biosciences Inc.,United States,Health Care
676D71,Dorian LPG Ltd.,Marshall Islands,Industrials
BB0F4C,ThyssenKrupp AG,Germany,Industrials
3467C7,Austevoll Seafood ASA,Norway,Consumer Goods
GSXDU4,Yangling Metron New Material Co. Ltd.,China,Industrials
2BCFA0,Hulic Co. Ltd.,Japan,Real Estate
782ED9,Nippon Steel Trading Corp.,Japan,Basic Materials
DFEBE8,Morguard Corp.,Canada,Real Estate
AEBB80,Medifast Inc.,United States,Consumer Goods
F00AB1,Zhejiang Wolwo Bio-Pharma Co. Ltd.,China,Health Care
E91ED4,Symbotic Inc.,United States,Technology
D1BBD3,Inner Mongolia Yitai Coal Co. Ltd.,China,Basic Materials
8DDA23,Enterprise Bancorp Inc.,United States,Financials
AFED89,Hoshino Resorts REIT Inc.,Japan,Real Estate
80C400,Standard Motor Products Inc.,United States,Consumer Goods
F0D1AC,Yunnan Aluminium Co. Ltd.,China,Basic Materials
60778B,Liberty Global Ltd.,Bermuda,Consumer Services
2AE2B4,MISC Bhd,Malaysia,Industrials
1D97E0,Hudson Technologies Inc.,United States,Industrials
2336CD,Amedisys Inc.,United States,Health Care
8E75A5,Nyfosa AB,Sweden,Real Estate
9AC71E,SEMrush Holdings Inc.,United States,Technology
5F45A0,Immuneering Corp.,United States,Health Care
596116,Global Industrial Co.,United States,Technology
NG0D2H,ADNOC Drilling Co. PJSC,United Arab Emirates,Energy
07D510,Grindwell Norton Ltd.,India,Basic Materials
0E400E,Gamma Communications PLC,United Kingdom,Telecommunications
FD8AA1,AT & S Austria Tech & Systemtechnik AG,Austria,Industrials
990AD0,Bank of America Corp.,United States,Financials
804708,Stewart Information Services Corp.,United States,Financials
640C39,Tokai Carbon Co. Ltd.,Japan,Basic Materials
CFD4B6,The Shyft Group Inc.,United States,Industrials
E0E897,Allfunds Group PLC,United Kingdom,Financials
B414EC,NexPoint Real Estate Finance Inc.,United States,Real Estate
22E808,Firstgroup PLC,United Kingdom,Consumer Services
DB7014,Federal Realty Interim REIT Co.,United States,Real Estate
6A5536,Krishna Institute of Medical Sci Ltd.,India,Health Care
DF9958,HICL Infrastructure PLC,United Kingdom,Financials
FA7B20,McDonald's Holdings Co. (Japan) Ltd.,Japan,Consumer Services
75F665,Peoples Bancorp Inc.,United States,Financials
543900,The Campbell's Co.,United States,Consumer Goods
0B919D,Denka Co. Ltd.,Japan,Basic Materials
ECE1E3,PT Sarana Menara Nusantara Tbk,Indonesia,Telecommunications
2F1299,Aramark Co.,United States,Consumer Services
9C4FCD,Computershare Ltd.,Australia,Industrials
D9E490,Ginkgo Bioworks Holdings Inc.,United States,Health Care
0F3017,Tianneng Power International Ltd.,Cayman Islands,Consumer Goods
FACCF6,PAMT Corp.,United States,Industrials
FFB016,RWS Holdings PLC,United Kingdom,Industrials
FE86A5,JOEONE Co. Ltd.,China,Consumer Goods
6BD08A,ams-OSRAM AG,Austria,Technology
4101F8,Nayuki Holdings Ltd.,Cayman Islands,Consumer Goods
80F5C9,Future PLC,United Kingdom,Consumer Services
80E97F,Jiangxi Firstar Panel Tech Co. Ltd.,China,Industrials
E2085D,DesCartes Systems Group Inc.,Canada,Technology
C65735,Nuvei Corp.,Canada,Technology
843748,Mitsubishi Logistics Corp.,Japan,Industrials
63072D,BlackRock Enhanced Equity Dividend Trust,United States,Financials
A7F0A5,Emerald Holding Inc.,United States,Consumer Services
F02170,Box Inc.,United States,Technology
5208D5,Guizhou Space Appliance Co. Ltd.,China,Industrials
7677AE,Dogus Otomotiv Servis ve Ticaret A.S.,Turkey,Consumer Services
4BFD9D,Forth Corp. Public Co. Ltd.,Thailand,Technology
ECD945,Asia Pacific Telecom Co. Ltd.,Taiwan,Telecommunications
5F4F59,Metro AG,Germany,Consumer Services
364D85,Caihong Display Devices Co. Ltd.,China,Industrials
N3NI0X,Hubei Junyao Health Drink Co. Ltd.,China,Consumer Goods
C2A773,Nel ASA,Norway,Energy
244CAF,Planet Labs PBC,United States,Financials
4D800D,Inchcape PLC,United Kingdom,Consumer Services
1E83DE,REV Group Inc.,United States,Industrials
DCCE70,Rohto Pharmaceutical Co. Ltd.,Japan,Health Care
A666C8,Goodyear Tire & Rubber Co.,United States,Consumer Goods
168763,NTT Inc.,Japan,Telecommunications
F15E41,Tenaris S.A.,Luxembourg,Basic Materials
E52D34,Eastcompeace Technology Co. Ltd.,China,Industrials
82E58A,New Jersey Resources Corp.,United States,Utilities
6540FD,Cullinan Therapeutics Inc.,United States,Health Care
8817D5,West Bancorporation Inc.,United States,Financials
7B6C88,Dolby Laboratories Inc.,United States,Consumer Services
F3734B,PTT PCL,Thailand,Energy
FA84CE,Max Healthcare Institute Ltd.,India,Health Care
16F464,National Australia Bank Ltd.,Australia,Financials
9E4FA8,Credito Emiliano S.p.A.,Italy,Financials
C8BC65,Cosco Shipping Ports Ltd.,Bermuda,Industrials
F85CC0,Ingredion Inc.,United States,Consumer Goods
QOO7LB,Concentrix Corp.,United States,Technology
AEB91F,Atea ASA,Norway,Technology
4F0EEF,Scientex Bhd.,Malaysia,Industrials
EAA0A7,CarGurus Inc.,United States,Technology
A5B2C3,Beijing Gehua CATV Network Co. Ltd.,China,Consumer Services
F18844,Coty Inc.,United States,Consumer Goods
3A3447,Valvoline Inc.,United States,Consumer Goods
FC80E6,H&E Equipment Services Inc.,United States,Industrials
FA3D22,Kindred Group PLC,Malta,Consumer Services
AA6479,Cementir Holding N.V.,The Netherlands,Industrials
F0EBA3,PureCycle,United States,Basic Materials
AF1A37,POSCO International Corp.,South Korea,Industrials
EEBCEF,Summit Hotel Properties Inc.,United States,Real Estate
MAJZHY,ANZ Group Holdings Ltd.,Australia,Financials
ABB89D,Chugai Pharmaceutical Co. Ltd.,Japan,Health Care
219A11,Julius Baer Group Ltd.,Switzerland,Financials
26F31D,Blackbaud Inc.,United States,Technology
ULHXDZ,Willfar Information Technology Co. Ltd.,China,Technology
89AC21,Corporate Travel Management Ltd.,Australia,Consumer Services
556A9C,SFA Engineering Corp.,South Korea,Industrials
9AF3DC,Kellanova,United States,Consumer Goods
492117,Asbury Automotive Group Inc.,United States,Consumer Services
B3C027,Sands China Ltd.,Cayman Islands,Consumer Services
EB12DC,Sinotruk Hong Kong Ltd.,Hong Kong SAR,Industrials
CE1D0D,KEI Industries Ltd.,India,Industrials
E5F612,PT Bumi Resources Tbk,Indonesia,Basic Materials
E4AF8A,TKC Corp.,Japan,Industrials
FT99TZ,Chengdu Easton Biopharma Co. Ltd.,China,Health Care
7S8UZX,Verano Holdings Corp.,United States,Health Care
9F0B7B,Chailease Holding Co. Ltd.,Cayman Islands,Financials
B4A255,Mitsui Kinzoku Co. Ltd.,Japan,Basic Materials
537F57,Fertilizers & Chemicals Travancore Ltd.,India,Basic Materials
2AC597,Dis-Chem Pharmacies Ltd.,South Africa,Consumer Services
1DDEDA,Cavco Industries Inc.,United States,Consumer Goods
7AE0C8,Fincantieri SpA,Italy,Industrials
977CC8,HBIS Resources Co. Ltd.,China,Industrials
4FB770,Extra Space Storage Inc.,United States,Real Estate
61AC49,BB Biotech AG,Switzerland,Financials
4C17AF,RENOVA Inc.,Japan,Utilities
D77D62,Weibo Corp.,Cayman Islands,Technology
45C87C,BlackRock NY Municipal Income Trust,United States,Financials
D9286B,Nanosonics Ltd.,Australia,Health Care
B597B4,China Animal Husbandry Industry Co. Ltd.,China,Health Care
D72826,M&G PLC,United Kingdom,Financials
86606A,Prosegur Cash SA,Spain,Industrials
86170D,Spotify Technology S.A.,Luxembourg,Consumer Services
F9DD48,Ashmore Group PLC,United Kingdom,Financials
AD07D1,Spring Airlines Co. Ltd.,China,Consumer Services
02B47D,Guangzhou Port Co. Ltd.,China,Industrials
17AH7C,Jinhui Liquor Co. Ltd.,China,Consumer Goods
9DA956,Tongrentang Pharmaceutical,Hong Kong SAR,Health Care
45D146,AGC Inc.,Japan,Industrials
FC467D,Shenzhen Ysstech Info-Tech Co. Ltd.,China,Technology
B76908,Jiangsu SOHO High Hope Group Corp.,China,Consumer Goods
62EFEE,SunCoke Energy Inc.,United States,Basic Materials
E93A40,Dorman Products Inc.,United States,Consumer Goods
0C0597,SiriusPoint Ltd.,Bermuda,Financials
4E87D5,Wanda Film Holding Co. Ltd.,China,Consumer Services
E12047,Ming Yang Smart Energy Group Ltd.,China,Energy
4D371E,Zions Bancorporation N.A.,United States,Financials
C9KKH6,Goodwe Technologies Co. Ltd.,China,Industrials
0CC01F,ServisFirst Bancshares Inc.,United States,Financials
7F1E41,Sino-American Silicon Products Inc.,Taiwan,Technology
39BFF6,Texas Instruments Inc.,United States,Technology
545272,Two Harbors Investment Corp.,United States,Real Estate
2F98A5,J.M. Smucker Co.,United States,Consumer Goods
E09E2B,NVIDIA Corp.,United States,Technology
40BEEB,Montana Aerospace AG,Switzerland,Industrials
96F126,Lockheed Martin Corp.,United States,Industrials
CB6A9C,Donnelley Financial Solutions Inc.,United States,Industrials
CD3691,Nestle S.A.,Switzerland,Consumer Goods
42D154,Invesco Advantage Muni Income Trust II,United States,Financials
33A0F1,SentinelOne Inc.,United States,Technology
304E03,Beixin Road & Bridge Group Co. Ltd.,China,Industrials
253566,iFLYTEK Co. Ltd.,China,Technology
L1E5HF,Alpha Dhabi Holding PJSC,United Arab Emirates,Real Estate
DCDE04,Bank of Nanjing Co. Ltd.,China,Financials
2920D5,Pioneer Natural Resources Co.,United States,Energy
A91068,Suplet Power Co. Ltd.,China,Industrials
A39B17,Akzo Nobel N.V.,The Netherlands,Basic Materials
5B3646,C*Core Technology (Suzhou) Co. Ltd.,China,Technology
D0F24C,abrdn Total Dynamic Dividend Fund,United States,Financials
894B95,HDFC Life Insurance Co. Ltd.,India,Financials
517BED,North Copper Co. Ltd.,China,Consumer Goods
4VNY91,Orange Côte d'Ivoire SA,Ivory Coast,Telecommunications
FE45DD,Neurones S.A.,France,Technology
01478A,Financial Institutions Inc.,United States,Financials
D6AE0C,Tripod Technology Corp.,Taiwan,Industrials
98D58B,Bucher Industries AG,Switzerland,Industrials
C3E504,HMM Co. Ltd.,South Korea,Industrials
6091DD,Freedom Holding Corp.,United States,Energy
626959,HelloFresh SE,Germany,Consumer Services
4E5B5D,Luxin Venture Capital Group Co. Ltd.,China,Industrials
FC3B1E,Coca-Cola Bottlers Japan Holdings Inc.,Japan,Consumer Goods
14B9C7,Geovis Technology Co. Ltd.,China,Technology
220E61,Helens International Holdings Co. Ltd.,Cayman Islands,Consumer Services
0C9148,Mphasis Ltd.,India,Technology
49E038,Aker BP ASA,Norway,Energy
801515,Burberry Group PLC,United Kingdom,Consumer Goods
698FF9,American National Group Inc.,United States,Financials
F6A945,SouthState Bank Corp.,United States,Financials
79C50D,Strabag SE,Austria,Industrials
C825EF,Esker SA,France,Technology
DE344E,Kering S.A.,France,Consumer Services
1490F3,Digital Realty Trust Inc.,United States,Real Estate
QGTN44,Daeduck Electronics Co. Ltd.,South Korea,Industrials
FF90E5,Nankang Rubber Tire Corp. Ltd.,Taiwan,Consumer Goods
7AC86E,DTE Energy Co.,United States,Utilities
94377B,Aica Kogyo Co. Ltd.,Japan,Industrials
A9E249,International Seaways Inc.,Marshall Islands,Industrials
244BFF,Ningbo Huaxiang Electronic Co. Ltd.,China,Consumer Goods
557E80,Toto Ltd.,Japan,Industrials
A47F2E,Medpace Holdings Inc.,United States,Health Care
C7F8AC,Enerplus Corp.,Canada,Energy
76D79A,Spirit Realty Capital Inc.,United States,Real Estate
4C5BC2,Adams Diversified Equity Fund Inc.,United States,Financials
A78AF7,Amplifon S.p.A.,Italy,Health Care
82C202,Ligand Pharmaceuticals Inc.,United States,Health Care
F0EEFB,W&T Offshore Inc.,United States,Energy
4SGZDY,Xianhe Co. Ltd.,China,Basic Materials
166071,United Urban Investment Corp.,Japan,Real Estate
5283BA,Electrolux AB,Sweden,Consumer Goods
UUIMS3,Fluence Energy Inc.,United States,Utilities
2F85CD,Gentera S.A.B. de C.V.,Mexico,Financials
5F15CC,Man Group PLC,Jersey,Financials
E15736,Diamondback Energy Inc.,United States,Energy
C8C72F,Sanhua Intelligent Controls Co. Ltd.,China,Industrials
1796DC,Guizhou Xinbang Pharmaceutical Co. Ltd.,China,Health Care
270B78,Alexander & Baldwin Inc.,United States,Real Estate
465BF7,BlackRock Corporate High Yield Fund Inc.,United States,Financials
1F505C,Truworths International Ltd.,South Africa,Consumer Services
9EF918,RWE AG,Germany,Utilities
19CAC7,Badger Meter Inc.,United States,Industrials
QN1GBP,Ridgepost Capital Inc.,United States,Financials
EF3F42,Zhuhai Huafa Properties Co. Ltd.,China,Real Estate
16C5CD,ASICS Corp.,Japan,Consumer Goods
741A86,Gladstone Capital Corp.,United States,Financials
E8CB0B,Ningxia Zhongyin Cashmere Co. Ltd.,China,Consumer Goods
423279,Commerce Bancshares Inc.,United States,Financials
0E431C,Ciena Corp.,United States,Technology
4E2BFF,Silergy Corp.,Cayman Islands,Industrials
56EFC7,H&R Block Inc.,United States,Consumer Services
FCE7C0,Waldencast PLC,Jersey,Consumer Goods
A5223C,Wuhan Guide Infrared Co. Ltd.,China,Industrials
BD01D1,LG Electronics Inc.,South Korea,Consumer Goods
7BAAE7,CMS Energy Corp.,United States,Utilities
70BEA7,Invincible Investment Corp.,Japan,Real Estate
379008,Yaoko Co. Ltd.,Japan,Consumer Services
C70FD4,Solid Power Inc.,United States,Consumer Goods
ROEIHP,Anhui Yingliu Electromechanical Co. Ltd.,China,Industrials
6BC330,Guizhou Aviation Tech Dev. Co. Ltd.,China,Consumer Services
D534B1,Minth Group Ltd.,Cayman Islands,Consumer Goods
3HQ3HR,CCI Group Inc.,Japan,Financials
5A906F,MCB Group Ltd.,Mauritius,Financials
44F7C6,Manitou BF S.A.,France,Industrials
9897E7,EMS-Chemie Holding AG,Switzerland,Basic Materials
ED766C,GEPIC Energy Development Co. Ltd.,China,Utilities
01750B,Xizi Clean Energy Equipment Mfg Co. Ltd.,China,Industrials
1E7785,Sabra Health Care REIT Inc.,United States,Real Estate
1B4E20,Vincom Retail JSC,Vietnam,Real Estate
617E18,Guangdong Shenglu Telecom Tech Co. Ltd.,China,Technology
E054A8,Bumrungrad Hospital Public Co. Ltd.,Thailand,Health Care
23C3A9,Transcend Information Inc.,Taiwan,Technology
BBEE0A,Guangdong CHJ Industry Co. Ltd.,China,Consumer Goods
UA9UWI,Amlogic (Shanghai) Co. Ltd.,China,Technology
91E60A,China Union Holdings Ltd.,China,Real Estate
4BA845,Ventia Services Group Ltd.,Australia,Industrials
D131DC,3trees Group,China,Industrials
88193E,NuVasive Inc.,United States,Health Care
501E36,NHPC Ltd.,India,Utilities
024115,Emmi AG,Switzerland,Consumer Goods
6E8637,JYP Entertainment Corp.,South Korea,Technology
22B5DA,Fibra Uno Administracion S.A. de C.V.,Mexico,Real Estate
RH5H8C,Five Star Business Finance Ltd.,India,Financials
47A687,Huakai Yibai Technology Co. Ltd.,China,Industrials
DFC48A,ATOSS Software SE,Germany,Technology
418377,Harbin Hatou Investment Co. Ltd.,China,Utilities
4D6198,Elia Group S.A.,Belgium,Utilities
ED7DAB,Tibet Summit Resources Co. Ltd.,China,Basic Materials
AD23DE,Equifax Inc.,United States,Financials
6H0L6H,Blackstone Secured Lending Fund Co.,United States,Financials
CEC2BC,NewLake Capital Partners Inc.,United States,Real Estate
58B46F,CenterPoint Energy Inc.,United States,Utilities
258F8B,Satellite Chemical Co. Ltd.,China,Basic Materials
89990E,Suzlon Energy Ltd.,India,Energy
B5734D,FuelCell Energy Inc.,United States,Energy
C72B8F,Strategy Inc.,United States,Technology
FF59A5,Ficont Industry (Beijing) Co. Ltd.,China,Industrials
BB7459,Celltrion Inc.,South Korea,Health Care
BCF215,Round One Corp.,Japan,Consumer Services
AF42CC,SD Guthrie Bhd,Malaysia,Consumer Goods
56A7C2,Alphawave IP Group PLC,United Kingdom,Technology
6A7886,Tianma Bearing Group Co. Ltd.,China,Industrials
292388,Cerence Inc.,United States,Technology
94C9E4,Unipar Carbocloro SA,Brazil,Basic Materials
909577,Grupo de Inversiones Suramericana S.A.,Colombia,Financials
4163B3,BlackRock MuniHldgs NJ Quality Fund Inc.,United States,Financials
DC5803,WuXi AppTec Co. Ltd.,China,Health Care
E60613,Koei Tecmo Holdings Co. Ltd.,Japan,Technology
992380,Nuveen CA AMT-Free Quality Muni Inc Fund,United States,Financials
D1921E,ACC Ltd.,India,Industrials
12731D,Mativ Holdings Inc.,United States,Basic Materials
6056E8,Henkel AG & Co. KGaA,Germany,Consumer Goods
CE0D53,Khang Dien House Trading & Invest JSC,Vietnam,Real Estate
3814D9,GuocoLand Ltd.,Singapore,Real Estate
2C4974,Sensteed Hi-tech Group Co.,China,Consumer Goods
3E29CD,Emperador Inc.,Philippines,Consumer Goods
D30A40,Wacoal Holdings Corp.,Japan,Consumer Goods
1E0F54,Zhongmin Energy Co. Ltd.,China,Industrials
B42DCA,Daiwa Office Investment Corp.,Japan,Real Estate
59B229,Principal Financial Group Inc.,United States,Financials
6EA74C,China Grand Automotive Services Group Co. Ltd.,China,Consumer Services
AABD0E,China Zheshang Bank Co. Ltd.,China,Financials
8DBBE6,AMN Healthcare Services Inc.,United States,Industrials
02FB99,Pacific Shuanglin Bio-Pharmacy Co. Ltd.,China,Health Care
F60ACA,HAL Trust Co.,Bermuda,Financials
DE1B85,Rianlon Corp.,China,Basic Materials
E3A607,ESR-REIT,Singapore,Real Estate
A041AE,Gamuda Bhd,Malaysia,Industrials
507AA2,Hitachi Construction Machinery Co. Ltd.,Japan,Industrials
A90A20,Keisei Electric Railway Co. Ltd.,Japan,Consumer Services
12DE76,Cisco Systems Inc.,United States,Technology
JF17EJ,Sineng Electric Co. Ltd.,China,Industrials
C29715,NVR Inc.,United States,Consumer Goods
FCAB49,CSSC (Hong Kong) Shipping Co. Ltd.,Hong Kong SAR,Financials
8A509C,Getty Images Holdings Inc.,Cayman Islands,Industrials
D5895C,Symrise AG,Germany,Basic Materials
3MWZDV,Iveco Group N.V.,The Netherlands,Industrials
8D8B46,JPMorgan Japanese Investment Trust PLC,United Kingdom,Financials
03E59A,Cosco Shipping Energy Transportation Co. Ltd.,China,Industrials
FT853T,Motive Capital Corp. II,Cayman Islands,Financials
908B8D,Tessenderlo Group N.V.,Belgium,Industrials
42C4D9,Xiamen Amoytop Biotech Co. Ltd.,China,Health Care
24576F,Pan Ocean Co. Ltd.,South Korea,Industrials
CA5761,Starts Corp. Inc.,Japan,Real Estate
DBF514,Fulin Precision Co. Ltd.,China,Consumer Goods
9D45F9,Greggs PLC,United Kingdom,Consumer Services
9D6A24,WRKCo Inc.,United States,Industrials
EF4C04,Tokyo Seimitsu Co. Ltd.,Japan,Technology
51CDFC,Aristocrat Leisure Ltd.,Australia,Consumer Services
2B2EB7,NAVER Corp.,South Korea,Technology
NYYM5E,Perimeter Solutions Inc.,United States,Industrials
68DCB0,Graubuendner Kantonalbank Co.,Switzerland,Financials
304C94,Generac Holdings Inc.,United States,Industrials
B05118,Consolidated Communications Holdings Inc.,United States,Telecommunications
F3D2EB,Waterstone Financial Inc.,United States,Financials
BFB19D,Shanghai Chengtou Holding Co. Ltd.,China,Real Estate
DE4164,Colowide Co. Ltd.,Japan,Consumer Services
728737,AGNC Investment Corp.,United States,Real Estate
6104AD,State Grid Information & Comm Co. Ltd.,China,Technology
FA918D,Unitil Corp.,United States,Utilities
C32A39,F.N.B. Corp.,United States,Financials
934B70,SanYang Motor Co. Ltd.,Taiwan,Consumer Goods
9E3978,Zhejiang Tianyu Pharmaceutical Co. Ltd.,China,Health Care
984EBA,Bonheur ASA,Norway,Energy
B69148,Advanced Technology & Materials Co. Ltd.,China,Basic Materials
728F33,Vizio Holding Corp.,United States,Consumer Goods
79167B,TriMas Corp.,United States,Industrials
E1B057,Rongsheng Petrochemical Co. Ltd.,China,Basic Materials
E4F8C3,Federal Bank Ltd.,India,Financials
9B2048,Aldar Properties PJSC,United Arab Emirates,Real Estate
CE8A7B,Transcontinental Realty Investors Inc.,United States,Real Estate
6C8971,Budimex S.A.,Poland,Industrials
0KFM5T,Apex Investment Co. PJSC,United Arab Emirates,Industrials
CHFPZL,SSAW Hotels & Resorts Group Co. Ltd.,China,Consumer Services
12487C,NEXON Games Co. Ltd.,South Korea,Consumer Goods
DC486E,Harley-Davidson Inc.,United States,Consumer Goods
ABBAD1,Kirby Corp.,United States,Industrials
801A30,Paramount Group Inc.,United States,Real Estate
706136,Atom Corp.,Japan,Consumer Services
BA0D72,MakeMyTrip Ltd.,Mauritius,Consumer Services
331BD2,Diamond Offshore Drilling Inc.,United States,Energy
CB3F2F,Icon PLC,Ireland,Health Care
B62E2A,Torrent Pharmaceuticals Ltd.,India,Health Care
D8890F,Guangdong Advertising Group Co. Ltd.,China,Consumer Services
060F88,PT Indika Energy Tbk,Indonesia,Basic Materials
91181E,AUB Group Ltd.,Australia,Financials
455F4D,Cencosud SA,Chile,Consumer Services
4FB93D,CMST Development Co. Ltd.,China,Industrials
DD92E7,Bayer AG,Germany,Health Care
ADFD7C,Zhejiang Haikong Nanke Huatie Digital Intelligence & Technology Co. Ltd.,China,Industrials
BA7A45,Canada Goose Holdings Inc.,Canada,Consumer Goods
E40FB6,Lakeland Bancorp Inc.,United States,Financials
7B0BA6,Fidelity National Information (FIS),United States,Industrials
FFC922,Enka Insaat ve Sanayi A.S.,Turkey,Industrials
32231E,Zhejiang Jingxin Pharmaceutical Co. Ltd.,China,Health Care
C82BE4,BHP Group Ltd.,Australia,Basic Materials
150ED9,Monalisa Group Co. Ltd.,China,Consumer Goods
1643IQ,Zhangjiagang Guangda Spcl Matl Co. Ltd.,China,Basic Materials
A761FE,Movado Group Inc.,United States,Consumer Goods
63849D,Kotobuki Spirits Co. Ltd.,Japan,Consumer Goods
4885C8,Schneider National Inc.,United States,Industrials
7D9283,Shimadzu Corp.,Japan,Industrials
38970C,Mycronic AB,Sweden,Industrials
BF3AB4,Technogym S.p.A.,Italy,Consumer Goods
7DXEDN,China Resources Chem Innovative Mat Co. Ltd.,China,Basic Materials
2E84E8,Hitachi Ltd.,Japan,Technology
999821,Calamos Convertible & High Income Fund,United States,Financials
D81616,Mega Financial Holding Co. Ltd.,Taiwan,Financials
349974,HTC Corp.,Taiwan,Technology
018C11,Cheesecake Factory Inc.,United States,Consumer Services
C32924,Singapore Telecommunications Ltd.,Singapore,Telecommunications
7CFDEA,Grupo Aeroportuario Centro Norte,Mexico,Industrials
C2AEC9,Infosys Ltd.,India,Technology
8876D6,Adidas AG,Germany,Consumer Goods
366A08,EQT Corp.,United States,Energy
0E77C5,Luminar Technologies Inc.,United States,Consumer Goods
97B027,Clarus Corp.,United States,Consumer Goods
BEE138,Suzhou Maxwell Technologies Co. Ltd.,China,Technology
9FF5F1,Quotient Technology Inc.,United States,Consumer Services
11470C,Rohm Co. Ltd.,Japan,Technology
E2F4F2,Henan Yuneng Holdings Co. Ltd.,China,Utilities
CA1620,Philip Morris International Inc.,United States,Consumer Goods
D926A9,Chongqing Chuanyi Automation Co. Ltd.,China,Industrials
FFAD82,Daqo New Energy Corp.,Cayman Islands,Basic Materials
CE2533,Central Securities Corp.,United States,Financials
25D2F8,Shanghai Chinafortune Co. Ltd.,China,Industrials
95805E,Enerjisa Enerji A.S.,Turkey,Utilities
171DCD,China CYTS Tours Holding Co. Ltd.,China,Consumer Services
TYU6OQ,Lafarge Africa PLC,Nigeria,Industrials
TN8G7M,Jiangsu Cnano Technology Co. Ltd.,China,Industrials
002BF7,ComfortDelGro Corp. Ltd.,Singapore,Consumer Services
9B7F30,Fujimi Inc.,Japan,Basic Materials
0DAF42,ECOPRO Co. Ltd.,South Korea,Basic Materials
A1E600,SRF Ltd.,India,Basic Materials
N322X8,Jiangsu Chuanzhiboke Edu Tech Co. Ltd.,China,Industrials
E8EE10,Lakala Payment Co. Ltd.,China,Industrials
87F0AD,Zhejiang Wanfeng Auto Wheel Co. Ltd.,China,Consumer Goods
B47F2D,Zhejiang Wanma Co. Ltd.,China,Industrials
10100E,SI-BONE Inc.,United States,Health Care
FDC7E6,Marine Products Corp.,United States,Consumer Goods
4FDCEC,Tejas Networks Ltd.,India,Technology
AFF43F,Hope Bancorp Inc.,United States,Financials
1DE5CA,Shenzhen Aisidi Co. Ltd.,China,Consumer Services
8F234D,Shanxi Lanhua Sci-Tech Venture Co. Ltd.,China,Basic Materials
HGGE2U,DraftKings Inc.,United States,Consumer Services
E75D93,Budweiser Brewing Company APAC Ltd.,Cayman Islands,Consumer Goods
A10696,Ai Holdings Corp.,Japan,Technology
0AF338,Umicore S.A.,Belgium,Basic Materials
5A52D4,EIS Eczacibasi Ilac San. Ve Tic. AS,Turkey,Health Care
3190D8,Daewoo E&C Co. Ltd.,South Korea,Industrials
FD4BBE,Enova International Inc.,United States,Financials
570942,Alchip Technologies Ltd.,Cayman Islands,Technology
143C52,Dollar Tree Inc.,United States,Consumer Services
F40EE2,Corning Inc.,United States,Technology
40BEB9,Sectra AB,Sweden,Health Care
F10356,Aeon Thana Sinsap (Thailand) PCL,Thailand,Financials
221520,Bosch Ltd.,India,Consumer Goods
LFE1LT,Happiest Minds Technologies Ltd.,India,Technology
A8A146,Engie S.A.,France,Utilities
FE2610,Matterport Inc.,United States,Technology
CMJ18O,QuidelOrtho Corp.,United States,Health Care
3940BA,ZTO Express (Cayman) Inc.,Cayman Islands,Industrials
D8442A,Apple Inc.,United States,Technology
5B1011,DigitalOcean Holdings Inc.,United States,Technology
B742BB,Microbio Co. Ltd.,Taiwan,Consumer Goods
3663D8,Greencoat UK Wind PLC,United Kingdom,Financials
8VCHP2,Credo Technology Group Holding Ltd.,Cayman Islands,Telecommunications
1087B9,Hongkong & Shanghai Hotels Ltd.,Hong Kong SAR,Consumer Services
S4JBNP,Guobang Pharmaceutical Group Co. Ltd.,China,Health Care
2E0445,Cabaletta Bio Inc.,United States,Health Care
98CEBB,Itron Inc.,United States,Industrials
54D11D,Elastic N.V.,The Netherlands,Technology
7712CB,Kosmos Energy Ltd.,Bermuda,Energy
5LWDBS,Youcare Pharmaceutical Group Co. Ltd.,China,Health Care
EE0A1D,Hui Xian Real Estate Investment Trust,Hong Kong SAR,Real Estate
C4447D,Xiamen Tungsten Co. Ltd.,China,Basic Materials
416E23,China West Construction Co. Ltd.,China,Industrials
7398BE,West Fraser Timber Co. Ltd.,Canada,Basic Materials
9CA4C6,Mercantile Bank Corp.,United States,Financials
764F8D,Aditya Birla Fashion and Retail Ltd.,India,Consumer Services
AFEC35,Public Storage Inc.,United States,Real Estate
401C84,Luoniushan Co. Ltd.,China,Industrials
7F0CC5,PT Pantai Indah Kapuk Dua Tbk,Indonesia,Consumer Goods
CAB169,Comsys Holdings Corp.,Japan,Industrials
314E45,Fulton Financial Corp.,United States,Financials
714DF6,Danimer Scientific Inc.,United States,Basic Materials
40CF87,Impala Bafokeng Ltd.,South Africa,Basic Materials
852B49,Realord Group Holdings Ltd.,Bermuda,Industrials
9C82E1,Nexstar Media Group Inc.,United States,Consumer Services
ACF0B4,Middleby Corp.,United States,Industrials
3215CF,ACM Research Inc.,United States,Technology
FCA8C0,Australian Foundation Inv. Co. Ltd.,Australia,Financials
B3D0F8,Cosmo Energy Holdings Co. Ltd.,Japan,Energy
CC97CD,Worldline S.A.,France,Industrials
B4703C,A.O. Smith Corp.,United States,Industrials
B18573,Sanwa Holdings Corp.,Japan,Industrials
CB48D4,Meihua Holdings Group Co. Ltd.,China,Basic Materials
925050,Jeronimo Martins SGPS S.A.,Portugal,Consumer Services
234A5D,Fagerhult Group AB,Sweden,Industrials
E9B673,PSC Insurance Group Ltd.,Australia,Financials
73CEA4,Kissei Pharmaceutical Co. Ltd.,Japan,Health Care
EF6273,Fujian Start Group Co. Ltd.,China,Technology
O2OXVN,Equitas Small Finance Bank Ltd.,India,Financials
2838B9,Shenzhen Topray Solar Co. Ltd.,China,Technology
CA212F,Occidental Petroleum Corp.,United States,Energy
D4ADF6,Hanwha Aerospace Co. Ltd.,South Korea,Industrials
TWR249,Universal Vision Biotechnology Co. Ltd.,Taiwan,Health Care
F750A8,RELX PLC,United Kingdom,Consumer Services
376440,Lushang Freda Pharmaceutical Co. Ltd.,China,Real Estate
6B61BA,Shanghai Anlu Information Technology Co. Ltd.,China,Technology
51D03F,Vaisala Oyj,Finland,Industrials
17D4A0,MGM China Holdings Ltd.,Cayman Islands,Consumer Services
8622KR,Olaplex Holdings Inc.,United States,Consumer Goods
40FA24,NTT DATA Group Corp.,Japan,Technology
D7AA5C,Yeahka Ltd.,Cayman Islands,Financials
0C466B,UFP Industries Inc.,United States,Industrials
GHRCLS,Thoughtworks Holding Inc.,United States,Technology
9SHUOY,Biohaven Ltd.,British Virgin Islands,Health Care
8121A0,Funai Soken Holdings Inc.,Japan,Industrials
AB7471,Polenergia S.A.,Poland,Utilities
D2C33A,Solar Industries India Ltd.,India,Basic Materials
823A4A,China Resources Gas Group Ltd.,Bermuda,Utilities
777FC9,Guanghui Energy Co. Ltd.,China,Energy
122D09,Grocery Outlet Holding Corp.,United States,Consumer Services
17BF10,Trip.com Group Ltd.,Cayman Islands,Consumer Services
3A71F6,China Comms Construction Co. Ltd.,China,Industrials
3B3549,Clean Energy Fuels Corp.,United States,Consumer Services
55139A,Hundsun Technologies Inc.,China,Technology
4MKGFF,EVe Mobility Acquisition Corp.,Cayman Islands,Financials
E18222,WNC Corp.,Taiwan,Technology
31DB20,Rayonier Advanced Materials Inc.,United States,Basic Materials
B290A2,Apellis Pharmaceuticals Inc.,United States,Health Care
D37083,abrdn Life Sciences Investors Fund,United States,Financials
C75872,Jiangsu Yoke Technology Co. Ltd.,China,Basic Materials
DA47AE,Macronix International Co. Ltd.,Taiwan,Technology
8E3F58,Fulgent Genetics Inc.,United States,Health Care
E145FC,Boardwalk REIT,Canada,Real Estate
DE8B5D,ORG Technology Co. Ltd.,China,Industrials
78083F,Shenzhen Infogem Technologies Co. Ltd.,China,Technology
9DED36,Seiren Co. Ltd.,Japan,Consumer Goods
7D5384,Hilltop Holdings Inc.,United States,Financials
C3BAE7,Ziff Davis Inc.,United States,Technology
F13DEB,Aselsan Elektronik San. Ve Tic. A.S.,Turkey,Technology
AC365C,PT Unilever Indonesia Tbk,Indonesia,Consumer Goods
8NYTA4,Shenzhen Fortune Trend Tech Co. Ltd.,China,Technology
291C4E,Primo Water Corp.,Canada,Consumer Goods
332BD3,Gold Fields Ltd.,South Africa,Basic Materials
89B4BD,Nishimatsuya Chain Co. Ltd.,Japan,Consumer Services
86D5C9,TCC Group Holdings Co. Ltd.,Taiwan,Industrials
CF34D0,RHI Magnesita India Ltd.,India,Industrials
97AAF6,Consolidated Edison Inc.,United States,Utilities
E81A03,Flexium Interconnect Inc.,Taiwan,Industrials
F27D49,Beijing Strong Biotechnologies Inc.,China,Health Care
5186C8,The ONE Group Hospitality Inc.,United States,Consumer Services
5AAE75,ASR Nederland N.V.,The Netherlands,Financials
B9F07E,Hangzhou First Applied Material Co. Ltd.,China,Energy
A94718,Red Rock Resorts Inc.,United States,Consumer Services
D3901F,HiteJinro Co. Ltd.,South Korea,Consumer Goods
8808D6,Shenzhen Absen Optoelectronic Co. Ltd.,China,Industrials
3CEA3A,Aperam S.A.,Luxembourg,Basic Materials
8E4250,Elme Communities Co.,United States,Real Estate
8D9892,Chipbond Technology Corp.,Taiwan,Technology
27E2DB,NN Group N.V.,The Netherlands,Financials
4A6717,Kenedix Residential Next Inv Corp.,Japan,Real Estate
EACA06,BB Seguridade Participacoes S.A.,Brazil,Financials
90A905,Terrafina,Mexico,Real Estate
767F86,Caterpillar Inc.,United States,Industrials
705C65,Viva Goods Co. Ltd.,Cayman Islands,Consumer Services
A9593C,Sanlam Ltd.,South Africa,Financials
E5BCD8,Sinofert Holdings Ltd.,Bermuda,Basic Materials
8F67EE,Imperial Brands PLC,United Kingdom,Consumer Goods
AFEDB7,Macquarie Technology Group Ltd.,Australia,Technology
85E694,Argan S.A.,France,Real Estate
CBBFBF,Spirit AeroSystems Holdings Inc.,United States,Industrials
8G9GNM,QuantumCTek Co. Ltd.,China,Technology
F240EB,Gansu Yasheng Industrial Grp Co. Ltd.,China,Consumer Goods
E47F91,Accelink Technologies Co. Ltd.,China,Technology
02B49F,Shenzhen H&T Intelligent Control Co. Ltd.,China,Technology
423864,CTS International Logistics Corp. Ltd.,China,Industrials
98VBUD,Anhui Ronds Science & Tech Inc. Co.,China,Technology
086CE2,Salzgitter AG,Germany,Basic Materials
B290D3,Jinduicheng Molybdenum Co. Ltd.,China,Basic Materials
869969,Nitto Denko Corp.,Japan,Basic Materials
GQG45G,Beijing Zhidemai Technology Co. Ltd.,China,Consumer Services
C659EB,C.H. Robinson Worldwide Inc.,United States,Industrials
D501DC,Dime Community Bancshares Inc.,United States,Financials
B08552,Western Asset Emerging Markets Debt Fd,United States,Financials
6E7060,Entergy Corp.,United States,Utilities
678290,Jiangsu Yahong Meditech Co. Ltd.,China,Health Care
7C4784,SVG Tech Group Co. Ltd.,China,Consumer Goods
A9ED24,EPR Properties Co.,United States,Real Estate
7DA8D9,Tecan Group AG,Switzerland,Health Care
8AA0E2,Supermarket Income REIT PLC,United Kingdom,Real Estate
467D4C,Xponential Fitness Inc.,United States,Consumer Services
8C33CB,Berli Jucker Public Co. Ltd.,Thailand,Industrials
ADD337,Gevo Inc.,United States,Energy
2780C3,Endovastec,China,Health Care
21347A,PT Bukit Asam Tbk,Indonesia,Basic Materials
D84814,Kadokawa Corp.,Japan,Consumer Services
F78A01,Wangfujing Group Co. Ltd.,China,Consumer Services
180C53,RS Group PLC,United Kingdom,Industrials
18A43F,Komercni Banka A.S.,Czechia,Financials
AE79CD,Liquidia Corp.,United States,Health Care
61E975,CF Industries Holdings Inc.,United States,Basic Materials
D6E5A4,Sampo PLC,Finland,Financials
16D81F,Aeon Financial Service Co. Ltd.,Japan,Financials
4DAF5F,Borregaard ASA,Norway,Basic Materials
2AA9B9,Ganfeng Lithium Group Co. Ltd.,China,Basic Materials
DONHBA,Sitios Latinoamérica S.A.B. de C.V.,Mexico,Telecommunications
F9BA40,New India Assurance Co. Ltd.,India,Financials
528273,Keppel Ltd.,Singapore,Industrials
BD29E5,CITIC Ltd.,Hong Kong SAR,Industrials
7T7VL6,CATARC Auto Proving Ground Co. Ltd.,China,Consumer Services
BF9CFC,Hunan Fangsheng Pharmaceutical Co. Ltd.,China,Health Care
FF4C20,Etsy Inc.,United States,Consumer Services
D7EAD3,XGimi,China,Consumer Goods
EEA6B3,Coca-Cola Co.,United States,Consumer Goods
7DDDAF,Bluestar Adisseo Co.,China,Basic Materials
9C0B4D,Anhui Golden Seed Winery Co. Ltd.,China,Consumer Goods
3ED7D4,Nuh Cimento Sanayi AS,Turkey,Industrials
BBF349,Synaptics Inc.,United States,Technology
55E673,Sao Martinho S.A.,Brazil,Consumer Goods
F9AA4C,Ambuja Cements Ltd.,India,Industrials
EF77A3,Apogee Enterprises Inc.,United States,Industrials
740707,Blue Foundry Bancorp Co.,United States,Financials
1343AA,Ambu A/S,Denmark,Health Care
HOH6LF,The Vita Coco Co. Inc.,United States,Consumer Services
9DF356,Attijari Bank,Tunisia,Financials
FC9869,Verbund AG,Austria,Utilities
771985,Coeur Mining Inc.,United States,Basic Materials
6DD6BA,Helix Energy Solutions Group Inc.,United States,Energy
6CB9D8,TELUS Corp.,Canada,Telecommunications
FD8A73,HD Hyundai Mipo Co. Ltd.,South Korea,Industrials
83VOG7,Lanzhou LS Heavy Equipment Co. Ltd.,China,Industrials
9LWEVC,Bestore Co. Ltd.,China,Consumer Services
RVQ7SZ,Hangzhou Bio-sncrty Phrm-tch Co. Ltd.,China,Health Care
6F3936,Guess? Inc.,United States,Consumer Goods
D9F0B0,Ramco Cements Ltd.,India,Industrials
DA1EBD,ERG S.p.A.,Italy,Utilities
163DEF,Industrial Bank of Korea,South Korea,Financials
DF46C5,Redco Corp.,United States,Industrials
E38DD6,REN-Redes Energeticas Nacionais SGPS SA,Portugal,Utilities
F144A9,Energean PLC,United Kingdom,Energy
731DFC,Banque Cantonale Vaudoise Co.,Switzerland,Financials
BC948D,Liberty Broadband Corp.,United States,Consumer Services
714C30,Virgin Money UK PLC,United Kingdom,Financials
3C6E96,BOC International (China) Co. Ltd.,China,Financials
32FC50,Capricorn Metals Ltd.,Australia,Basic Materials
0E8846,Xin Feng Ming Group Co. Ltd.,China,Consumer Goods
D721C6,Republic Bancorp Inc. (Kentucky),United States,Financials
5A83E4,SMA Solar Technology AG,Germany,Energy
18311E,Texas Pacific Land Corp.,United States,Energy
A57E4C,Beijing Urban Cons. Inv. & Dev. Co. Ltd.,China,Real Estate
DD34A1,Webuild S.p.A.,Italy,Industrials
9581A0,Sotetsu Holdings Inc.,Japan,Industrials
7E3AFB,Air Canada Inc.,Canada,Consumer Services
05AF14,Worthington Enterprises Inc.,United States,Basic Materials
388C37,Investor AB,Sweden,Financials
DB6717,Allied Machinery Co. Ltd.,China,Industrials
B3894B,SK Innovation Co. Ltd.,South Korea,Energy
7BFF81,Fox Corp.,United States,Consumer Services
A35800,Tianqi Lithium Corp.,China,Basic Materials
E98437,Davide Campari-Milano N.V.,Italy,Consumer Goods
15F47F,Straumann Holding AG,Switzerland,Health Care
8E7629,Xintec Inc.,Taiwan,Technology
2F6A20,Tibet Huayu Mining Co. Ltd.,China,Basic Materials
4DCAC6,Emlak Konut GYO AS,Turkey,Real Estate
48EF61,Hutchison Port Holdings Trust,Singapore,Industrials
6F30F9,Physicians Realty Trust,United States,Real Estate
F80CE1,Kaga Electronics Co. Ltd.,Japan,Technology
CE5664,Vishay Intertechnology Inc.,United States,Industrials
DNNFCW,Aerospace Industrial Development Corp.,Taiwan,Industrials
2D72F9,East Money Information Co. Ltd.,China,Financials
893AAA,Black Stone Minerals LP,United States,Energy
11F402,Nissui Corp.,Japan,Consumer Goods
0CE204,Adeia Inc.,United States,Technology
0ADC4C,Sinosteel New Materials Co. Ltd.,China,Industrials
163548,DNO ASA,Norway,Energy
941866,APT Medical Inc.,China,Health Care
D17E6B,Redington (India) Ltd.,India,Technology
0BA584,Shenzhen Kingdom Sci-tech Co. Ltd.,China,Technology
E78E90,Clicks Group Ltd.,South Africa,Consumer Services
ROCG4G,ANYCOLOR Inc.,Japan,Consumer Services
F02D0A,ALLETE Inc.,United States,Utilities
2CEC15,Cosmo Pharmaceuticals N.V.,The Netherlands,Health Care
EB2ACB,CG Power and Industrial Solutions Ltd.,India,Industrials
FAEABE,WaFd Inc.,United States,Financials
9002E0,Shenzhen SDG Information Co. Ltd.,China,Technology
7F7464,Sanofi AATD Inc.,United States,Health Care
2C681C,Novavax Inc.,United States,Health Care
074CC8,Open House Group Co. Ltd.,Japan,Real Estate
192448,Iida Group Holdings Co. Ltd.,Japan,Consumer Goods
270823,National Energy Services Reunited Corp.,British Virgin Islands,Financials
145D8F,Sun-Create Electronics Co. Ltd.,China,Technology
65511F,Agricultural Bank of China Ltd.,China,Financials
32C9D3,Dubai Electricity & Water Authority PJSC,United Arab Emirates,Utilities
E27953,Shaanxi Construction Machinery Co. Ltd.,China,Industrials
130C78,Shenzhen Jufei Optoelectronics Co. Ltd.,China,Industrials
5901C2,The Yokohama Rubber Co. Ltd.,Japan,Consumer Goods
624618,Terumo Corp.,Japan,Health Care
02C30B,ArcherMind Technology (Nanjing) Co. Ltd.,China,Technology
17AA95,China South Publishing & Media Group,China,Consumer Services
42D5FB,Shenzhen Zhongjin Lingnan Nfmt Co. Ltd.,China,Basic Materials
D20C8F,Matador Resources Co.,United States,Energy
8C311A,Calix Inc.,United States,Technology
732A9B,Arvinas Holding Co. LLC,United States,Health Care
A2BA9E,Chongqing Fuling Zhacai Group Co. Ltd.,China,Consumer Goods
8557D3,Barings Corporate Investors Co.,United States,Financials
2FC203,Shihlin Electric & Engineering Corp.,Taiwan,Industrials
1559CD,Topaz Energy Corp.,Canada,Energy
66A750,Syneos Health Inc.,United States,Health Care
173C3D,Shenzhen Capchem Technology Co. Ltd.,China,Basic Materials
818072,Roblox Corp.,United States,Consumer Goods
F7DB22,361 Degrees International Ltd.,Cayman Islands,Consumer Goods
F0B540,Hiscox Ltd.,Bermuda,Financials
274B4A,Capcom Co. Ltd.,Japan,Technology
8FC941,KPJ Healthcare Bhd,Malaysia,Health Care
5AA690,Cytek Biosciences Inc.,United States,Health Care
BA2D83,Dow Inc.,United States,Basic Materials
29D49F,BayWa AG,Germany,Consumer Goods
D8VMYI,Clearwater Analytics Holdings Inc.,United States,Technology
140F00,Canadian Utilities Ltd.,Canada,Utilities
E28EC7,Nippon Sanso Holdings Corp.,Japan,Basic Materials
E73F4C,Thailand Future Fund,Thailand,Industrials
F2C21A,HS Hyosung Advanced Materials Corp.,South Korea,Basic Materials
719477,The Clorox Co.,United States,Consumer Goods
M1IY57,Anglogold Ashanti PLC,United Kingdom,Basic Materials
6C4D2F,Renasant Corp.,United States,Financials
ERSH8F,Runway Growth Finance Corp.,United States,Financials
C4E3E7,Qingdao Baheal Medical Inc.,China,Health Care
96B4FF,Replimune Group Inc.,United States,Health Care
6CDFC6,The Bancorp Inc.,United States,Financials
890C4E,TechnipFMC PLC,United Kingdom,Energy
485445,Intl Flavors & Fragrances Inc.,United States,Basic Materials
VO15L1,Agiliti Inc. (Minnesota),United States,Health Care
D5914D,Wistron Corp.,Taiwan,Technology
72C1A5,Playtika Holding Corp.,United States,Consumer Goods
9A602D,Ecolab Inc.,United States,Basic Materials
6F22E7,Jack in the Box Inc.,United States,Consumer Services
8C1238,Northeast Bank,United States,Financials
09DDC4,NatWest Group PLC,United Kingdom,Financials
DF8855,Amcor PLC,Jersey,Industrials
9E16E7,A.P. Moller-Maersk A/S,Denmark,Industrials
ACD9A4,Mueller Industries Inc.,United States,Industrials
1EBF8D,Merck & Co. Inc.,United States,Health Care
C97B2D,Boston Scientific Corp.,United States,Health Care
0789B9,Resilient REIT Ltd.,South Africa,Real Estate
F6C1C3,Iren S.p.A.,Italy,Utilities
489EC5,Bajaj Holdings & Investment Ltd.,India,Financials
F5514C,Malayan Banking Bhd.,Malaysia,Financials
4EA2B2,Yongxing Special Materials Tech Co. Ltd.,China,Basic Materials
FF3695,Fraport AG,Germany,Industrials
D58D8E,Inner Mongolia Erdos Resources Co. Ltd.,China,Consumer Goods
4ACC8D,Nishimatsu Construction Co. Ltd.,Japan,Industrials
427F32,Myers Industries Inc.,United States,Industrials
D0909F,Hess Corp.,United States,Energy
QB61BL,Jiangsu Financial Leasing Co. Ltd.,China,Financials
467F2C,Denny's Corp.,United States,Consumer Services
FBF44B,Military Commercial JSB,Vietnam,Financials
23D0A2,Simplex Holdings Inc.,Japan,Technology
AEBC67,Agrana Beteiligungs AG,Austria,Consumer Goods
705C8A,Gulfport Energy Corp.,United States,Energy
9A5712,Shandong Xiantan Group Co. Ltd.,China,Consumer Goods
D7AC6E,WD-40 Co.,United States,Consumer Goods
622037,Westamerica Bancorporation,United States,Financials
V8L49U,Zhejiang Shaoxing Ruifeng Rural Commercial Bank Co. Ltd.,China,Financials
21770E,Swedish Orphan Biovitrum AB,Sweden,Health Care
0AC25C,ITEQ Corp.,Taiwan,Industrials
B2E2BA,Takkt AG,Germany,Consumer Services
36GNV7,Beijing Wandong Medical Tech Co. Ltd.,China,Health Care
3B20AB,Ally Financial Inc.,United States,Financials
490895,Bengang Steel Plates Co. Ltd.,China,Basic Materials
4B3555,BankUnited Inc.,United States,Financials
5B4669,Zibo Qixiang Tengda Chemical Co. Ltd.,China,Basic Materials
C0030A,Somnigroup International Inc.,United States,Consumer Goods
954004,Lands' End Inc.,United States,Consumer Services
93C554,KB Financial Group Inc.,South Korea,Financials
B86353,Ruentex Development Co. Ltd.,Taiwan,Industrials
6F8870,Bestway Marine & Energy Tech Co. Ltd.,China,Industrials
DEFCFA,Makino Milling Machine Co. Ltd.,Japan,Industrials
5E1DF3,Green Brick Partners Inc.,United States,Real Estate
B4SJAG,FTAI Infrastructure Inc.,United States,Industrials
127021,Koninklijke Ahold Delhaize N.V.,The Netherlands,Consumer Services
3AF0F8,Toho Gas Co. Ltd.,Japan,Utilities
GSXA32,Ispire Technology Inc.,United States,Consumer Services
84FE65,Catcher Technology Co. Ltd.,Taiwan,Industrials
WMO7OO,Shanghai Datun Energy Resources Co. Ltd.,China,Basic Materials
81832B,Abu Dhabi Commercial Bank PJSC,United Arab Emirates,Financials
692746,Jupiter Fund Management PLC,United Kingdom,Financials
DB7FA7,UMB Financial Corp.,United States,Financials
67B267,Cielo S.A.,Brazil,Financials
163D58,Boyd Group Services Inc.,Canada,Consumer Services
680192,SL Corp.,South Korea,Consumer Goods
AB6529,Delta Electronics (Thailand) PCL,Thailand,Industrials
90F2A7,Ayala Corp.,Philippines,Real Estate
6634D9,Gogo Inc.,United States,Technology
B82F8E,Volvo Car AB,Sweden,Consumer Goods
A15D55,Grupo Mexico S.A.B. de C.V.,Mexico,Basic Materials
7FEAA5,Prestige Estates Projects Ltd.,India,Real Estate
0B73SF,Shanghai Baosteel Packaging Co. Ltd.,China,Industrials
30DE8F,Churchill Capital Corp. VI,United States,Financials
4A48BC,Godrej Properties Ltd.,India,Real Estate
1TPSTV,Guangdong Dongpeng Holdings Co. Ltd.,China,Industrials
1748F6,United Natural Foods Inc.,United States,Consumer Services
5C2851,Zhejiang Supor Co. Ltd.,China,Consumer Goods
840139,Zhefu Holding Group Co. Ltd.,China,Industrials
51111B,Zhejiang China Light&Textile Ind City Gp,China,Consumer Services
1AB6C8,Medipal Holdings Corp.,Japan,Health Care
277A9E,Yakult Honsha Co. Ltd.,Japan,Consumer Goods
C8091D,Stabilus SE,Germany,Industrials
FF98CD,Okinawa Cellular Telephone Co.,Japan,Telecommunications
A45C5D,Bank of Maharashtra,India,Financials
8DCF18,Halozyme Therapeutics Inc.,United States,Health Care
C4706C,Maximus Inc.,United States,Technology
ADFCC3,Shanghai Yaoji Technology Co. Ltd.,China,Consumer Services
B6AC39,ACEN Corp.,Philippines,Energy
DC0998,Netgear Inc.,United States,Technology
F57148,DB Insurance Co. Ltd.,South Korea,Financials
23A6F4,Yantai Eddie Precision Mach Co. Ltd.,China,Industrials
D4EBAD,Waste Connections Inc.,Canada,Industrials
597CB1,Steadfast Group Ltd.,Australia,Financials
7EEFED,XJ Electric Co. Ltd.,China,Industrials
55CD6F,Lamar Advertising Co.,United States,Real Estate
9C7F26,Pennon Group PLC,United Kingdom,Utilities
EA158F,Advanced Nano Products Co. Ltd.,South Korea,Basic Materials
A4B82A,YFY Inc.,Taiwan,Basic Materials
2BC176,Copa Holdings S.A.,Panama,Consumer Services
14C273,Zhejiang Yasha Decoration Co. Ltd.,China,Industrials
F062A9,Teekay Tankers Ltd.,Bermuda,Energy
E6C8DC,AdaptHealth Corp.,United States,Health Care
FADA95,374Water Inc.,United States,Utilities
394EB3,Coromandel International Ltd.,India,Basic Materials
F2C9CB,Haverty Furniture Cos. Inc.,United States,Consumer Services
D6F270,Industrial Bank Co. Ltd.,China,Financials
D4F61B,Scor SE,France,Financials
1FD19A,PT Bank Mandiri (Persero) Tbk,Indonesia,Financials
PDIGM0,Advanced Energy Solution Hldg Co. Ltd.,Cayman Islands,Industrials
A5374B,Zhewen Interactive Group Co. Ltd.,China,Consumer Services
478EB6,Shenzhen Overseas Chinese Town Co. Ltd.,China,Consumer Services
E7DDB9,Reliance Worldwide Corp. Ltd.,Australia,Industrials
7B27B9,Grupo Elektra S.A.B. de C.V.,Mexico,Financials
3866BC,Bandhan Bank Ltd.,India,Financials
A0F471,Oxford Lane Capital Corp.,United States,Financials
C8C716,Electric Power Development Co. Ltd.,Japan,Utilities
A9AF01,Ardmore Shipping Corp.,Marshall Islands,Industrials
FCB36B,Lightwave Logic Inc.,United States,Financials
63E83B,DLocal Ltd.,Cayman Islands,Industrials
0C2A0D,Dana Inc.,United States,Consumer Goods
72AEF1,CGN Power Co. Ltd.,China,Utilities
B09194,Nanjing Tanker Corp.,China,Industrials
E03080,MultiChoice Group Ltd.,South Africa,Consumer Services
DF59EC,Kusuri No Aoki Holdings Co. Ltd.,Japan,Consumer Services
BE9653,Hammerson PLC,United Kingdom,Real Estate
34C74D,COSCO Shipping Specialized,China,Industrials
CTWM4W,Maxscend Microelectronics Co. Ltd.,China,Technology
4F23BC,PT Bank Jago Tbk,Indonesia,Financials
CF4991,ISU Chemical Co. Ltd.,South Korea,Basic Materials
B143DF,Shanghai Mech & Elec Industry Co. Ltd.,China,Industrials
4AC005,Dongguan Development (Holdings) Co. Ltd.,China,Industrials
5D49C7,Canadian National Railway Co.,Canada,Industrials
4D42DB,IRCTC,India,Consumer Services
CDCF60,Bangkok Dusit Medical Services PCL,Thailand,Health Care
C7AE8D,Pandox AB,Sweden,Consumer Services
E610CD,nLight Inc.,United States,Technology
WXM33A,Western Superconducting Tech Co. Ltd.,China,Industrials
333997,Temenos AG,Switzerland,Technology
3239BB,Mediaset Espana Comunicacion S.A.,Spain,Consumer Services
BF8DE5,UCO Bank Ltd.,India,Financials
K741H3,BeiJing Seeyon Internet Software Corp.,China,Technology
F4DA43,Elisa Oyj,Finland,Telecommunications
BF79F5,West Pharmaceutical Services Inc.,United States,Health Care
DD2A72,HIAG Immobilien Holding AG,Switzerland,Real Estate
1ADFF4,OMGA Liquidating Inc.,United States,Health Care
7A8893,Bureau Veritas SA,France,Industrials
CB10F8,H&M Group,Sweden,Consumer Services
D2EC0C,Patanjali Foods Ltd.,India,Consumer Goods
0BA8CE,Diamond Hill Investment Group Inc.,United States,Financials
2F7A7E,Park Hotels & Resorts Inc.,United States,Real Estate
ODUH8S,Forafric Global PLC,Gibraltar,Consumer Goods
F973AB,3M India Ltd.,India,Industrials
537273,Biomea Fusion Inc.,United States,Health Care
EFD49D,Chongqing Pharscin Pharma Co. Ltd.,China,Health Care
C662EF,Shanghai Ganglian E-Comm Hldgs Co. Ltd.,China,Industrials
C99822,Singapore Exchange Ltd.,Singapore,Financials
289C8D,Shandong Hi-Speed Road&Bridge Gp Co. Ltd.,China,Industrials
331B5F,Ariake Japan Co. Ltd.,Japan,Consumer Goods
F53526,Intertek Group PLC,United Kingdom,Industrials
GXCTXC,CNSIG Inner Mongolia Chem Industry Co. Ltd.,China,Basic Materials
1CDD1C,Innospec Inc.,United States,Basic Materials
949625,Murphy Oil Corp.,United States,Energy
SDTVU0,Amylyx Pharmaceuticals Inc.,United States,Health Care
777FE7,Sofina S.A.,Belgium,Financials
H8BZV2,Guangdong Yuehai Feeds Group Co. Ltd.,China,Consumer Goods
3DE4A7,HeiLongJiang ZBD Pharmaceutical Co. Ltd.,China,Health Care
EB3149,FIBRA Macquarie México S.A. de C.V,Mexico,Real Estate
5538DF,Valiant Holding AG,Switzerland,Financials
550034,Turkiye Sise Ve Cam Fabrikalari A.S.,Turkey,Industrials
6E1E61,O'Reilly Automotive Inc.,United States,Consumer Services
4EAA7B,Shenzhen Feima Int Supply Chain Co. Ltd.,China,Industrials
1BA501,Formosa International Hotels Corp.,Taiwan,Consumer Services
E2D429,Kulicke & Soffa Industries Inc.,United States,Technology
B0E8C7,H2O Retailing Corp.,Japan,Consumer Services
3B28F7,Pengdu Agriculture & Animal Husbandry Co. Ltd.,China,Consumer Goods
A85490,Heineken N.V.,The Netherlands,Consumer Goods
K0K01V,Jiangsu Sidike New Mat Sci&Tech Co. Ltd.,China,Industrials
MUL18Q,BUA Cement Plc,Nigeria,Industrials
45BC35,Exact Sciences Corp.,United States,Health Care
4D8124,RE/Max Holdings Inc.,United States,Real Estate
LE96AZ,Jiangsu Shemar Electric Co. Ltd.,China,Industrials
6830FE,Yext Inc.,United States,Technology
0265F4,CD Projekt S.A.,Poland,Consumer Goods
FFF3BE,AXA S.A.,France,Financials
AD713F,Olav Thon Eiendomsselskap ASA,Norway,Real Estate
B78D45,PT Jasa Marga Persero Tbk,Indonesia,Industrials
A48593,SoundThinking Inc.,United States,Industrials
IHHUAJ,Definity Financial Corp.,Canada,Financials
766384,Shandong Jinjing Sci&Tech Stock Co. Ltd.,China,Industrials
932844,Nomura Research Institute Ltd.,Japan,Technology
DA12FD,Seven Bank Ltd.,Japan,Financials
70E9EF,Shanghai ShiMao Co. Ltd.,China,Real Estate
AA68F6,Morgan Advanced Materials PLC,United Kingdom,Industrials
6D064B,Brim hf.,Iceland,Consumer Goods
9D79ED,Gohigh Networks Co. Ltd.,China,Technology
24A92E,Babcock & Wilcox Enterprises Inc.,United States,Industrials
N0BM6C,Madison Square Garden Entertainment Corp.,United States,Consumer Services
D5F15B,Fuchun Technology Co. Ltd.,China,Technology
487B7A,1st Source Corp.,United States,Financials
3BA1BF,Tidewater Inc.,United States,Energy
39D3BE,Titan Co. Ltd.,India,Consumer Goods
3A9314,Interpump Group S.p.A.,Italy,Industrials
55847F,China Minsheng Banking Corp. Ltd.,China,Financials
34B411,Cadence Bank,United States,Financials
A4B04D,Zeta Global Holdings Corp.,United States,Technology
105B81,Konecranes Oyj,Finland,Industrials
896284,Fufeng Group Ltd.,Cayman Islands,Basic Materials
B67508,Konami Group Corp.,Japan,Consumer Services
1E7A0B,Wisdom Marine Lines Co. Ltd.,Cayman Islands,Industrials
EB3BAD,Link Real Estate Investment Trust,Hong Kong SAR,Real Estate
9F71E5,Intercontinental Exchange Inc.,United States,Financials
37E17C,Plains All American Pipeline L.P.,United States,Energy
17E76B,Jiangxi Ganyue Expressway Co. Ltd.,China,Industrials
FB7DEC,Array Technologies Inc.,United States,Energy
0D199C,Jiangsu Zhongnan Construction Group Co. Ltd.,China,Real Estate
1EF463,China Motor Corp.,Taiwan,Consumer Goods
B1053D,Samsung Life Insurance Co. Ltd.,South Korea,Financials
DED50F,Sonae SGPS S.A.,Portugal,Consumer Services
F1FA25,Everest Group Ltd.,Bermuda,Financials
1CF3A8,I3 Verticals Inc.,United States,Technology
BE3BCB,Western Region Gold Co. Ltd.,China,Basic Materials
511A7B,Emera Inc.,Canada,Utilities
30AB63,Brixmor Property Group Inc.,United States,Real Estate
6933DB,NEC Networks & System Integration Corp.,Japan,Technology
4A5F5F,Secure Waste Infrastructure Corp.,Canada,Energy
C42521,Summit Therapeutics Inc.,United States,Health Care
QOLK9P,Bear Electric Appliance Co. Ltd.,China,Consumer Goods
FB1B76,Hyosung Corp.,South Korea,Industrials
0157B1,Amazon.com Inc.,United States,Consumer Services
EEC4E6,WHA Corp. PCL,Thailand,Real Estate
50C117,Subsea 7 S.A.,Luxembourg,Energy
BFAEB4,Cintas Corp.,United States,Consumer Goods
8ED31E,ASMedia Technology Inc.,Taiwan,Technology
228EDC,Taiwan Mobile Co. Ltd.,Taiwan,Telecommunications
ECA42B,Longping High-Tech Agriculture Co. Ltd.,China,Consumer Goods
3CBA2A,Starbucks Corp.,United States,Consumer Services
CCA700,Mitsui Fudosan Accommodations Fund Inc.,Japan,Real Estate
2F7201,Olympus Corp.,Japan,Industrials
D58B33,Bridge Investment Group Holdings Inc.,United States,Real Estate
5539E2,TAL Education Group Inc.,Cayman Islands,Consumer Services
FCA54E,Purple Innovation Inc.,United States,Consumer Goods
A4F3D7,CS&S Co. Ltd.,China,Technology
1811B1,China Design Group Co. Ltd.,China,Industrials
1D162A,Shanghai Awinic Technology Co. Ltd.,China,Industrials
827051,Dios Fastigheter AB,Sweden,Real Estate
881190,HNI Corp.,United States,Consumer Goods
FBEF54,Vietnam Prosperity Bank,Vietnam,Financials
LZBEGC,AirSculpt Technologies Inc.,United States,Consumer Services
60DD84,MarketAxess Holdings Inc.,United States,Financials
6391C2,89bio Inc.,Israel,Health Care
AE72C2,Genting Singapore Ltd.,Singapore,Consumer Services
FFA9B9,First Financial Corp. (Indiana),United States,Financials
F22B16,Anima Holding S.p.A.,Italy,Financials
33B172,Hydro One Ltd.,Canada,Utilities
0F17B6,Arcos Dorados Holdings Inc.,British Virgin Islands,Consumer Services
08862E,Alstom S.A.,France,Industrials
742BB5,FNAC Darty S.A.,France,Consumer Services
VGTRWJ,DT Midstream Inc.,United States,Energy
A7CCF0,Hub Group Inc.,United States,Industrials
458A50,Recursion Pharmaceuticals Inc.,United States,Health Care
F931E6,PT MD Entertainment Tbk,Indonesia,Consumer Services
7437E6,Black Hills Corp.,United States,Utilities
9F8368,Balrampur Chini Mills Ltd.,India,Consumer Goods
F39A6D,InPost S.A.,Poland,Industrials
8F3BCC,Forestar Group Inc.,United States,Real Estate
FA2C75,Tianjin Troila Information Technology Co. Ltd.,China,Real Estate
R0RKMM,CWB Automotive Electronics Co. Ltd.,China,Industrials
F0AD06,Adama Ltd.,China,Basic Materials
6F6559,Paychex Inc.,United States,Industrials
A2BKRU,nCino Inc.,United States,Technology
KVNQ85,Bank Islam Malaysia Bhd.,Malaysia,Financials
A8D7FC,Ring Energy Inc.,United States,Energy
0D1EED,CP All PCL,Thailand,Consumer Services
C67AC8,NGL Energy Partners LP,United States,Consumer Services
DA02C5,Integrafin Holdings PLC,United Kingdom,Financials
26FD41,CLASSYS Inc.,South Korea,Health Care
837AE5,Victrex PLC,United Kingdom,Basic Materials
D73874,Campus Activewear Ltd.,India,Consumer Services
KL7ZWW,Qingdao Gaoce Technology Co. Ltd.,China,Industrials
CB7E89,REA Group Ltd.,Australia,Real Estate
7A10FF,Mondelez International Inc.,United States,Consumer Goods
16085B,Gaztransport & Technigaz SA,France,Energy
2D5F14,HFCL Ltd.,India,Technology
41F2FA,Element Fleet Management Corp.,Canada,Industrials
61DE17,Tokyo Electron Ltd.,Japan,Technology
92D9C9,Rithm Capital Corp.,United States,Real Estate
FD1312,1800PetMeds,United States,Consumer Services
1643D9,PT Bank Danamon Indonesia Tbk,Indonesia,Financials
E6D206,Kemira Oyj,Finland,Basic Materials
8D4486,IBM Corp.,United States,Technology
449447,Astrana Health Inc.,United States,Health Care
7IQ4BO,KakaoBank Corp.,South Korea,Financials
1A1E26,S.N.G.N. Romgaz S.A.,Romania,Energy
13E64F,Changzhou Xingyu Automotive Lighting Systems Co. Ltd.,China,Consumer Services
D38C09,Flex LNG Ltd.,Bermuda,Industrials
99B61C,Arcutis Biotherapeutics Inc.,United States,Health Care
E25DB1,HD Hyundai Electric Co. Ltd.,South Korea,Industrials
9E2ECD,KrungThai Card Public Co. Ltd.,Thailand,Financials
1F08A6,Hudson Pacific Properties Inc.,United States,Real Estate
928F59,OUE REIT,Singapore,Real Estate
3AD586,Taiwan Fertilizer Co. Ltd.,Taiwan,Basic Materials
F00879,Stem Inc.,United States,Energy
020371,Sanju Environmental Protection,China,Basic Materials
07CA6A,Brunswick Corp.,United States,Consumer Goods
616F9B,Shanghai Shibei Hi-Tech Co. Ltd.,China,Real Estate
57B6F9,China Merchants Expressway Network & Tech,China,Industrials
A41723,Shenzhen Bioeasy Biotechnology Co. Ltd.,China,Health Care
B49D0D,Korea Gas Corp.,South Korea,Utilities
64CEBB,Aptiv Irish Holdings Ltd.,Jersey,Consumer Goods
DF9081,Alten S.A.,France,Technology
3BB616,Boyd Gaming Corp.,United States,Consumer Services
726C02,Luzerner Kantonalbank AG,Switzerland,Financials
036C6F,RCI Hospitality Holdings Inc.,United States,Consumer Services
176993,Zigup PLC,United Kingdom,Consumer Services
7F523C,Power Assets Holdings Ltd.,Hong Kong SAR,Utilities
A1454C,Zimplats Holdings Ltd.,Guernsey,Basic Materials
4FDB5C,C&D International Investment Group Ltd.,Cayman Islands,Real Estate
BD72A9,HireQuest Inc.,United States,Industrials
F997C0,Nuveen &Convertible Income Fund,United States,Financials
80D76F,PDD Holdings Inc.,Cayman Islands,Consumer Services
B551BE,Gestamp Automoción S.A.,Spain,Consumer Goods
DDF6E1,Tomra Systems ASA,Norway,Industrials
9DDE5C,Trigano S.A.,France,Consumer Goods
D56D6D,Nordson Corp.,United States,Industrials
SZDZBN,Storskogen Group AB,Sweden,Financials
212151,Oriental Yuhong,China,Industrials
A19724,Heineken Malaysia Bhd.,Malaysia,Industrials
4C94EF,Jiangsu Boqian New Mats Stock Co. Ltd.,China,Basic Materials
EAFE1F,Oppein Home Group Inc.,China,Consumer Goods
3C47CF,Fuchs SE,Germany,Basic Materials
386744,Guangdong Zhongnan Iron & Steel Co. Ltd.,China,Basic Materials
07C69F,Equity Commonwealth,United States,Real Estate
9CA8F4,Kennedy-Wilson Holdings Inc.,United States,Real Estate
979203,Amplitude Inc.,United States,Technology
36E479,Anavex Life Sciences Corp.,United States,Health Care
B1D89D,ON24 Inc.,United States,Technology
1A94C7,MicroPort Scientific Corp.,Cayman Islands,Health Care
22AB4B,New Fortress Energy Inc.,United States,Energy
4BBA44,Teck Resources Ltd.,Canada,Basic Materials
3C11C4,QXO Building Products Inc.,United States,Industrials
0E5223,Permian Resources Holdings Inc.,United States,Energy
2CA529,Anhui Huilong Agrcl Mns of Prdn Co. Ltd.,China,Basic Materials
6B549D,White Mountains Insurance Group Ltd.,Bermuda,Financials
D4F5F8,Kingspan Group PLC,Ireland,Industrials
0D109A,Beijing SPC Enviro,China,Industrials
F86C0A,Can Fin Homes Ltd.,India,Financials
N2MUS6,Prime Medicine Inc.,United States,Health Care
0968A5,American Woodmark Corp.,United States,Consumer Goods
65B188,Tokyo Ohka Kogyo Co. Ltd.,Japan,Technology
86AA9C,Hecla Mining Co.,United States,Basic Materials
641F17,Valero Energy Corp.,United States,Energy
A7E438,ATS Corp.,Canada,Industrials
08B4B5,Roivant Sciences Ltd.,United States,Health Care
ES7TBX,MTN Nigeria Communications PLC,Nigeria,Telecommunications
F07F85,InvenTrust Properties Corp.,United States,Real Estate
DH2F39,Latitude Group Holdings Ltd.,Australia,Financials
642EEA,Amadeus IT Group S.A.,Spain,Technology
02AABB,Exxaro Resources Ltd.,South Africa,Basic Materials
BE3996,Centre Testing Intl Group Co. Ltd.,China,Industrials
218EC3,3i Infrastructure PLC,Jersey,Financials
F44439,Edenred SE,France,Industrials
04E0CF,Fujian Torch Electron Tech Co. Ltd.,China,Industrials
56C243,ModivCare Inc.,United States,Health Care
401072,Blueprint Medicines Corp.,Germany,Health Care
BCD037,Toyo Tire Corp.,Japan,Consumer Goods
423AD5,Tata Consultancy Services Ltd.,India,Technology
I1C1A9,Polaris Group,Cayman Islands,Health Care
4E2E56,BlackRock MuniHoldings CA Quality Fund,United States,Financials
8DB15B,General Insurance Corp. of India,India,Financials
55EDAF,Millicom International Cellular S.A.,Luxembourg,Telecommunications
F36FCB,O-Bank Co. Ltd.,Taiwan,Financials
68EB2C,Pacific Basin Shipping Ltd.,Bermuda,Industrials
F6223D,Ranger Energy Services Inc.,United States,Energy
4BAC90,Fisker Inc.,United States,Consumer Goods
591FCA,Yunnan Baiyao Group Co. Ltd.,China,Health Care
E5E9FA,Coal India Ltd.,India,Basic Materials
SCX6TB,Wuxi Paike New Materials & Tech Co. Ltd.,China,Basic Materials
EFDADF,Rexford Industrial Realty Inc.,United States,Real Estate
836B31,Country Garden Holdings Co. Ltd.,Cayman Islands,Real Estate
B0B969,World Acceptance Corp.,United States,Financials
F47871,Karyopharm Therapeutics Inc.,United States,Health Care
185B10,PICC Group of China,China,Financials
DBCD85,Suzhou Zelgen Biopharmaceutical Co. Ltd.,China,Health Care
73937E,Tokyotokeiba Co. Ltd.,Japan,Consumer Services
C4A241,Century Communities Inc.,United States,Consumer Goods
9DB8B9,Pet Valu Holdings Ltd.,Canada,Consumer Services
FBDA0F,Columbia Financial Inc.,United States,Financials
1EAAEA,ChinaLin Securities Co. Ltd.,China,Financials
0635A8,BOC Aviation Ltd.,Singapore,Industrials
E097E5,Just Group PLC,United Kingdom,Financials
80D744,First American Financial Corp.,United States,Financials
58190D,Fibocom Wireless Inc.,China,Technology
8BEF22,Nufarm Ltd.,Australia,Basic Materials
FC4EFD,Ambev S.A.,Brazil,Consumer Goods
32563A,Mitsui Fudosan Logistics Park Inc.,Japan,Real Estate
3BC360,Cactus Inc.,United States,Energy
301493,Funko Inc.,United States,Consumer Goods
GZ2CHB,China Nonferrous Mining Corp. Ltd.,Hong Kong SAR,Basic Materials
B0062F,Edgewise Therapeutics Inc.,United States,Health Care
F27410,PT Bank Tabungan Negara (Persero) Tbk,Indonesia,Financials
077721,Adani Total Gas Ltd.,India,Industrials
6474BA,East West Bancorp Inc.,United States,Financials
06EF42,D.R. Horton Inc.,United States,Consumer Goods
02E675,Xi'an Triangle Defense Co. Ltd.,China,Industrials
4806CE,California Water Service Group,United States,Utilities
1CAEDC,Mango Excellent Media Co. Ltd.,China,Consumer Services
940C3D,Baker Hughes Co.,United States,Energy
8605B0,WEX Inc.,United States,Industrials
89902A,SK Gas Co. Ltd.,South Korea,Utilities
2286E8,Samhaellsbyggnadsbolaget i Norden AB,Sweden,Real Estate
FAA4B3,1&1 AG,Germany,Telecommunications
CA7448,IWG PLC,Jersey,Industrials
10CAC8,Orion S.A.,Luxembourg,Basic Materials
C88A01,Sacyr S.A.,Spain,Real Estate
RDU3ZQ,Atlassian Corp.,United States,Technology
A6DD08,Beijing Jetsen Technology Co. Ltd.,China,Consumer Services
3C159E,Boralex Inc.,Canada,Utilities
B18E85,Fujitec Co. Ltd.,Japan,Industrials
3382D5,Cosmopolitan International Holdings Ltd.,Cayman Islands,Financials
BBAE2A,First Interstate BancSystem Inc.,United States,Financials
1F8627,Capital Southwest Corp.,United States,Financials
9B7493,PT Indocement Tunggal Prakarsa Tbk,Indonesia,Industrials
416BA2,Murata Manufacturing Co. Ltd.,Japan,Industrials
LD24MN,Cosonic Intelligent Tech Co. Ltd.,China,Consumer Goods
FB22C8,Komeri Co. Ltd.,Japan,Consumer Services
126A34,Robo.ai Inc.,British Virgin Islands,Consumer Goods
EF2573,Genco Shipping & Trading Ltd.,Marshall Islands,Industrials
11AA42,Smiths Group PLC,United Kingdom,Industrials
602912,Genomma Lab Internacional S.A.B. de C.V.,Mexico,Health Care
9A0429,APA Group Co.,Australia,Energy
0E6027,Old Second Bancorp Inc.,United States,Financials
5487B1,ProAssurance Corp.,United States,Financials
9B0864,Lifco AB,Sweden,Industrials
18DDE9,Calumet Inc.,United States,Basic Materials
ECE81C,SLC Agricola S.A.,Brazil,Consumer Goods
D3DE34,Intrepid Potash Inc.,United States,Basic Materials
B18350,Pegatron Corp.,Taiwan,Technology
4BWF2O,Dizal Jiangsu Pharmaceutical Co. Ltd.,China,Health Care
0F1750,Arc Resources Ltd.,Canada,Energy
6025FA,Haidilao International Holding Ltd.,Cayman Islands,Consumer Services
7BF277,Country Garden Services Hldgs Co. Ltd.,Cayman Islands,Real Estate
0DBB81,Rhythm Pharmaceuticals Inc.,United States,Health Care
FC01C0,Azenta Inc.,United States,Technology
D2BE57,LATAM Airlines Group S.A.,Chile,Consumer Services
2DA040,Guotai Epoint Software Co. Ltd.,China,Technology
O69Z5L,ZWSoft Co. Ltd.,China,Technology
2EF44C,FutureFuel Corp.,United States,Energy
DCFF90,Hunan Kaimeite Gases Co. Ltd.,China,Basic Materials
D620E5,Guangdong Marubi Biotechnology Co. Ltd.,China,Consumer Goods
E9C67A,Marico Ltd.,India,Consumer Goods
3DAB71,Bangchak Sriracha PCL,Thailand,Energy
452EA1,Evolution AB,Sweden,Consumer Services
Q1PF72,Mineralys Therapeutics Inc.,United States,Health Care
5O74L7,Hangzhou Anysoft Information Tech Co. Ltd.,China,Technology
C7FC95,Orange S.A.,France,Telecommunications
1FF1A1,Beneteau SA,France,Consumer Goods
80985E,Nordic Semiconductor ASA,Norway,Technology
6BC0D6,Shanghai Construction Group Co. Ltd.,China,Industrials
96A2D3,SiTime Corp.,United States,Technology
5833CD,Suzhou UIGreen Micro&Nano Tech Co. Ltd.,China,Technology
2446CF,Kajima Corp.,Japan,Industrials
B3FC35,YouGov PLC,United Kingdom,Consumer Services
WDRRXK,Big Technologies PLC,United Kingdom,Technology
CCD297,New Journey Health Tech Grp Co. Ltd.,China,Health Care
46TIL3,Powerchip Semiconductor Mfg Corp.,Taiwan,Technology
FD02A9,Asset Managers Co.,Japan,Financials
2XRFLD,Yindu Kitchen Equipment Co. Ltd.,China,Consumer Goods
35557B,Mr. Cooper Group Inc.,United States,Financials
DSG92U,OPT Machine Vision Tech Co. Ltd.,China,Health Care
191A6A,King Slide Works Co. Ltd.,Taiwan,Industrials
5D63F1,Choice Hotels International Inc.,United States,Consumer Services
PFKJKW,Lien Viet Post JS Commercial Bank,Vietnam,Financials
2C9575,Xenon Pharmaceuticals Inc.,Canada,Health Care
942165,Winmark Corp.,United States,Consumer Services
5654E7,Toread Holdings Group Co. Ltd.,China,Consumer Services
E5D914,FARO Technologies Inc.,United States,Industrials
670643,Kunshan GuoLi Electronic Tech Co. Ltd.,China,Industrials
9F6CC5,J-yuan Trust Co. Ltd.,China,Financials
493F45,Duolingo Inc.,United States,Technology
D70BD1,Amundi SA,France,Financials
25D68B,Meralco,Philippines,Utilities
861261,Humanwell Healthcare (Group) Co. Ltd.,China,Health Care
CDE42A,Swisscom AG,Switzerland,Telecommunications
7XAHQW,Al Seer Marine Supplies & Equipment PJSC,United Arab Emirates,Industrials
EDF5CA,Hanmi Financial Corp.,United States,Financials
948535,Unisem (M) Bhd.,Malaysia,Technology
FWK2CL,Dazzle Fashion Co. Ltd.,China,Consumer Services
F57F6F,Gartner Inc.,United States,Technology
8CFABC,Shanghai Industrial Holdings Ltd.,Hong Kong SAR,Industrials
8D40EC,PKO Bank Polski S.A.,Poland,Financials
3BD4B3,Knorr-Bremse AG,Germany,Industrials
3798B9,Bandwidth.com Inc.,United States,Technology
630B98,SPIC Industry-Finance Holdings Co. Ltd.,China,Utilities
7CEE8D,Nippon Kayaku Co. Ltd.,Japan,Basic Materials
7AFEEB,SKC Co. Ltd.,South Korea,Basic Materials
F21925,Toho Co. Ltd.,Japan,Consumer Services
4E907B,HLB Co. Ltd.,South Korea,Industrials
EDE2D6,Wharf Holdings Ltd.,Hong Kong SAR,Real Estate
8A44ED,Sinopec Oilfield Equipment Corp.,China,Energy
0BD586,SIASUN Robot & Automation Co. Ltd.,China,Industrials
E49AA3,Motorola Solutions Inc.,United States,Technology
4591D3,Stride Inc.,United States,Consumer Services
7906BB,Xinyi Glass Holdings Ltd.,Cayman Islands,Consumer Goods
344D75,Kura Sushi Inc.,Japan,Consumer Services
Q28HIU,Ningbo Jintian Copper (Group) Co. Ltd.,China,Basic Materials
3B37C1,Air Water Inc.,Japan,Basic Materials
B9F78F,LS Corp.,South Korea,Industrials
LWY4AI,Höegh Autoliners ASA,Norway,Industrials
373922,ZOZO Inc.,Japan,Consumer Services
682BD1,Bangkok Expressway and Metro PCL,Thailand,Industrials
423B2E,Eoptolink Technology Inc. Ltd.,China,Technology
25FBFB,Dreyfus Strategic Municipals Inc.,United States,Financials
BDE867,E.W. Scripps Co.,United States,Consumer Services
B72D2E,EssilorLuxottica SA,France,Health Care
0E3E4A,Redefine Properties Ltd.,South Africa,Real Estate
526C67,CR Pharmaceutical Group Ltd.,Hong Kong SAR,Health Care
3587B4,Cardinal Health Inc.,United States,Health Care
1CBF42,BCE Inc.,Canada,Telecommunications
CFC249,Kao Corp.,Japan,Consumer Goods
5D4908,Orient Group Inc.,China,Consumer Goods
43809A,Sai MicroElectronics Inc.,China,Technology
05461A,Ipsen S.A.,France,Health Care
9BE37F,ENGIE Brasil Energia S.A.,Brazil,Utilities
264EB3,Brookline Bancorp Inc.,United States,Financials
31154B,Hwa Create Corp.,China,Industrials
892PNW,CAERI,China,Consumer Goods
7AF5B8,Denali Therapeutics Inc.,United States,Health Care
CBE1F9,Plains GP Holdings L.P.,United States,Energy
E8541E,Vusion SA,France,Industrials
F21BD8,Hybio Pharmaceutical Co. Ltd.,China,Basic Materials
23C64F,CITIC Special Steel,China,Basic Materials
8F164A,Jinko Solar Co. Ltd.,China,Energy
E124EB,Danaher Corp.,United States,Industrials
2D6A9D,MLS Co. Ltd.,China,Technology
AA76A1,Amwell,United States,Health Care
608158,Taiwan Business Bank Ltd.,Taiwan,Financials
D2F129,Shenzhen Das Intellitech Co. Ltd.,China,Industrials
B8A47E,Tata Chemicals Ltd.,India,Basic Materials
WJEDBP,Lotus's Retail Growth Freehold and Leasehold Property Fund,Thailand,Real Estate
C0ADDE,Super Group (SGHC) Ltd.,United States,Consumer Services
7DD534,Accretion Acquisition Corp.,United States,Financials
85C059,PT Perusahaan Gas Negara Tbk,Indonesia,Utilities
CE9C17,Do & Co AG,Austria,Consumer Services
88611B,United Fire Group Inc.,United States,Financials
1DEBBE,Hilton Grand Vacations Inc.,United States,Consumer Services
FE32EA,Kato Sangyo Co. Ltd.,Japan,Consumer Goods
10F467,Hess Midstream LP,United States,Energy
513791,Enbridge Inc.,Canada,Utilities
537235,Global Top E-Commerce Co. Ltd.,China,Consumer Goods
1E48CD,Itoham Yonekyu Holdings Inc.,Japan,Consumer Goods
3E6748,Shanghai Medicilon Inc.,China,Health Care
A43906,EOG Resources Inc.,United States,Energy
E97DC9,Mercantile Investment Trust PLC,United Kingdom,Financials
4458AA,Hubspot Inc.,United States,Technology
1AF7E2,DMC Global Inc.,United States,Energy
A07F03,ABOUT YOU Holding SE,Germany,Technology
9A0452,Enstar Group Ltd.,Bermuda,Financials
B1C0EC,HannStar Display Corp.,Taiwan,Technology
E8DBE9,Jakota Capital (Holding) Group,Hong Kong SAR,Consumer Goods
D0A0A6,Refrigeration Electrical Eng Corp.,Vietnam,Industrials
D4731C,Aditya Birla Real Estate Ltd.,India,Consumer Goods
53B1D5,Brickworks Ltd.,Australia,Industrials
60306D,Kowloon Development Co. Ltd.,Hong Kong SAR,Real Estate
36E0F1,Sunshine Guojian Pharm Shanghai Co. Ltd.,China,Health Care
0CA45E,Voestalpine AG,Austria,Basic Materials
9AC79E,The Chiba Bank Ltd.,Japan,Financials
19C86C,China Everbright Ltd.,Hong Kong SAR,Financials
E07373,M6 Group,France,Consumer Services
0EC508,Innoviva Inc.,United States,Health Care
ABE8D3,Autobacs Seven Co. Ltd.,Japan,Consumer Services
E22153,Horizon Technology Finance Corp.,United States,Financials
A8583E,Goodman Group Co.,Australia,Real Estate
2AA52A,China Railway Tielong,China,Industrials
AAK0T0,Guangzhou Metro Design & Rch Inst Co. Ltd.,China,Industrials
B3VTI2,Guangdong Jia Yuan Tech Shares Co. Ltd.,China,Basic Materials
C8B096,Tokuyama Corp.,Japan,Basic Materials
A56F5A,First Financial Holding Co. Ltd.,Taiwan,Financials
2A6964,China Rare Earth Nonferrous Metals Co. Ltd.,China,Basic Materials
AD9F1D,Ryder System Inc.,United States,Industrials
EBE7C9,Hokuriku Electric Power Co.,Japan,Utilities
B9CD50,Everbridge Inc.,United States,Technology
1F9D90,Waters Corp.,United States,Health Care
6EA292,Saul Centers Inc.,United States,Real Estate
61B81B,PNC Financial Services Group Inc.,United States,Financials
LKUGSB,Orbbec Inc. (China),China,Consumer Goods
F6E248,Gilead Sciences Inc.,United States,Health Care
E7CF49,Frontier Communications Parent Inc.,United States,Telecommunications
DD0099,Valley National Bancorp.,United States,Financials
F376EA,Jeju Air Co. Ltd.,South Korea,Consumer Services
156F4F,M3 Inc.,Japan,Consumer Services
N2WO6K,Consensus Cloud Solutions Inc.,United States,Technology
41A99A,Haseko Corp.,Japan,Consumer Goods
030A2D,Chongqing Zongshen Power Mchnry Co. Ltd.,China,Consumer Goods
788CAF,Vietnam Export Import Commercial JS Bank,Vietnam,Financials
HDT5DT,DBAPPSecurity Co. Ltd.,China,Technology
E36D82,First Gen Corp.,Philippines,Utilities
D8EE79,Starz Entertainment Corp.,Canada,Consumer Services
360BCB,Pharmaron Beijing Co. Ltd.,China,Health Care
1AE4B0,Canariabio Inc.,South Korea,Health Care
FUZADC,Yantai Zhenghai Bio-Tech Co. Ltd.,China,Health Care
E5AC72,N.V. Bekaert S.A.,Belgium,Basic Materials
DA0CB8,Douglas Emmett Inc.,United States,Real Estate
9327F3,Paladin Energy Ltd.,Australia,Basic Materials
820C99,Nordex SE,Germany,Energy
AB40B3,PT Bumi Serpong Damai Tbk,Indonesia,Real Estate
JXK78V,Two Point Zero Group PJSC,United Arab Emirates,Financials
379A41,SBI Holdings Inc.,Japan,Financials
A8E2DA,Hanwha Systems Co. Ltd.,South Korea,Industrials
83CF8F,Leo Group Co. Ltd.,China,Industrials
557EAD,Suzhou Recodeal Interconnect Sys Co.,China,Technology
168B7F,Youzu Interactive Co. Ltd.,China,Consumer Goods
573CEC,Shanxi Blue Flame Holding Co. Ltd.,China,Basic Materials
94637C,Bristol-Myers Squibb Co.,United States,Health Care
83397D,SalMar ASA,Norway,Consumer Goods
B084F4,Genius Sports Ltd.,Guernsey,Technology
271B1E,Shengda Resources Co. Ltd.,China,Basic Materials
57AD32,Indra Sistemas S.A.,Spain,Technology
0F79A4,Equitrans Midstream Corp.,United States,Energy
F73AEC,Frontier Group Holdings Inc.,United States,Consumer Services
DA48E4,Air Products & Chemicals Inc.,United States,Basic Materials
09E31A,Airbnb Inc.,United States,Consumer Services
C298CD,FTAI Aviation Investors LLC,United States,Industrials
EEA734,Voyager Therapeutics Inc.,United States,Health Care
F8AC66,Keyence Corp.,Japan,Industrials
B637FA,Yantai Shuangta Food Co. Ltd.,China,Consumer Goods
7A3CB1,Bank Polska Kasa Opieki SA,Poland,Financials
E17981,Aarti Industries Ltd.,India,Basic Materials
9B235D,EQRx Inc.,United States,Financials
9D3E18,Green Development Electricity Group of Tianjin Co. Ltd.,China,Real Estate
A39361,ABC-Mart Inc.,Japan,Consumer Goods
4C7DB5,Cleveland-Cliffs Inc.,United States,Basic Materials
ED79D9,Agilent Technologies Inc.,United States,Industrials
ED2FFA,InMyShow Digital Tech (Grp) Co. Ltd.,China,Health Care
89FB28,Meinian Onehealth Hlthcr Hldgs Co. Ltd.,China,Consumer Goods
3EA49D,Avita Medical Inc.,United States,Health Care
197019,H2O America Co.,United States,Utilities
601989,Svenska Cellulosa AB,Sweden,Basic Materials
353DBB,Illinois Tool Works Inc.,United States,Industrials
9DB0EF,ABN AMRO Bank N.V.,The Netherlands,Financials
18A1E6,Jiangsu Dagang Co. Ltd.,China,Real Estate
AED763,Allegro MicroSystems Inc.,United States,Technology
4C6C63,SiriusXM Holdings Inc.,United States,Consumer Services
BDZXS3,Three Squirrels Inc.,China,Consumer Goods
2EC172,NCR Voyix Corp.,United States,Technology
12F98C,Casey's General Stores Inc.,United States,Consumer Services
65CA88,Merida Industry Co. Ltd.,Taiwan,Consumer Goods
E63821,Quectel Wireless Solutions Co. Ltd.,China,Technology
P5RO6A,Hitachi Energy India Ltd.,India,Industrials
C76EA4,Proya Cosmetics Co. Ltd.,China,Consumer Goods
EAF9AD,Pershing Square Holdings Ltd.,Guernsey,Financials
5DC022,Toei Co. Ltd.,Japan,Consumer Services
EA2446,Triple Flag Precious Metals Corp.,Canada,Basic Materials
F77342,Almirall S.A.,Spain,Health Care
80BDC0,Yokogawa Electric Corp.,Japan,Industrials
2ZR7K8,Xian Bright Laser Technologies Co. Ltd.,China,Health Care
F9FE80,Thomson Medical Group Ltd.,Singapore,Health Care
158470,Lecron Industrial Dvlp Group Co. Ltd.,China,Basic Materials
0FE695,Global Partners LP,United States,Energy
2CC71C,Seres Therapeutics Inc.,United States,Health Care
2B6CBB,China Aerospace Times Elec. Co. Ltd.,China,Industrials
N0IBBI,Hymson Laser Technology Group Co. Ltd.,China,Industrials
089035,Torex Gold Resources Ltd.,Canada,Basic Materials
6EDECD,Hainan Mining Co. Ltd.,China,Basic Materials
7C623A,Horizon Therapeutics Ltd. (Ireland),Ireland,Health Care
56A454,CARsgen Therapeutics Holdings Ltd.,Cayman Islands,Health Care
1406B8,Hayward Holdings Inc.,United States,Industrials
35F4B5,Ametek Inc.,United States,Industrials
568E3E,Jiangsu Agricultural Development,China,Consumer Goods
EED3BF,Alicorp S.A.A.,Peru,Consumer Goods
16AA46,Fujian Aonong Bio Tech Group Inc. Ltd.,China,Consumer Goods
9A51OR,Brookfield Business Corp.,Canada,Financials
F2160A,Mitsubishi Gas Chemical Co. Inc.,Japan,Basic Materials
0A59F8,iHeartMedia Inc.,United States,Consumer Services
E3AAD5,Saba Capital Income & Opportunities Fund,United States,Financials
AE7EC7,Weatherford International PLC,Ireland,Energy
TSF49C,Converge ICT Solutions Inc.,Philippines,Telecommunications
08E439,flatexDEGIRO AG,Germany,Financials
03CD7F,Pick n Pay Stores Ltd.,South Africa,Consumer Services
51527B,Pathward Financial Inc.,United States,Financials
B303A6,Exelon Corp.,United States,Utilities
8EA893,President Chain Store Corp.,Taiwan,Consumer Services
3C3427,Mitsubishi Estate Co. Ltd.,Japan,Real Estate
0BB9E5,BancFirst Corp.,United States,Financials
DE5611,Donaldson Co. Inc.,United States,Industrials
4A7131,Zhou Hei Ya Intl Holdings Co. Ltd.,Cayman Islands,Consumer Goods
A35A7E,Bytes Technology Group PLC,United Kingdom,Technology
EA0F79,WalkMe Ltd.,Israel,Technology
9C25FF,Live Nation Entertainment Inc.,United States,Consumer Services
D2B944,Bilia AB,Sweden,Consumer Services
146E4F,FTC Solar Inc.,United States,Energy
27CF0E,Tilray Brands Inc.,United States,Consumer Goods
5E30CC,Precinct Properties NZ Ltd. & Precinct Properties Investments Ltd.,New Zealand,Real Estate
E816DF,Paltac Corp.,Japan,Consumer Goods
0B73A7,Vail Resorts Inc.,United States,Consumer Services
4D3E43,Bona Film Group Ltd.,Cayman Islands,Consumer Services
5C8434,Western Asset High Income Oppor Fd Inc.,United States,Financials
ED4525,Adams Natural Resources Fund Inc.,United States,Financials
968957,Hubei Huitian New Materials Co. Ltd.,China,Basic Materials
A6CD8C,Braze Inc.,United States,Technology
CC3EC4,Harrow Inc.,United States,Health Care
003B70,Realty Income Corp.,United States,Real Estate
746373,AMERISAFE Inc.,United States,Financials
86RLSL,Core & Main Inc.,United States,Industrials
WTOBUG,Endeavour Group Ltd.,Australia,Consumer Services
D7998C,Repsol S.A.,Spain,Energy
D731FB,Criteo S.A.,France,Technology
FEE4B0,Ball Corp.,United States,Industrials
03793E,Compeq Manufacturing Co. Ltd.,Taiwan,Industrials
5A9F54,Lithia Motors Inc.,United States,Consumer Services
3D6933,Willis Lease Finance Corp.,United States,Industrials
0142B5,Minerals Technologies Inc.,United States,Basic Materials
5F3957,IG Group Holdings PLC,United Kingdom,Financials
5VVNSB,Jiangsu Hengshun Vinegar Ind Co. Ltd.,China,Consumer Goods
4EY18V,Yangmei Chemical Co. Ltd.,China,Basic Materials
4D0DAA,Evolv Technologies Holdings Inc.,United States,Technology
6D156D,iRhythm Holdings Inc.,United States,Health Care
31803E,SAGE Therapeutics Inc.,United States,Health Care
7F74AE,Suzhou Victory Precision Manufacture Co. Ltd.,China,Industrials
226F5F,Mexico Fund Inc.,United States,Financials
CCA4FE,Yisheng Livestock & Poultry Breeding,China,Consumer Goods
33AEDA,Ballard Power Systems Inc.,Canada,Energy
17E854,Shandong Xinneng Taishan Power,China,Industrials
12A3A3,FactSet Research Systems Inc.,United States,Consumer Services
900A5C,Landcadia Holdings IV Inc.,United States,Financials
9A6274,Hamburger Hafen und Logistik AG,Germany,Industrials
41B53E,LTC Properties Inc.,United States,Real Estate
1EC5C8,360 One Wam Ltd.,India,Financials
OX35RU,AutoStore Holdings Ltd.,Norway,Industrials
048781,Atlanticus Holdings Corp.,United States,Financials
5B7A25,Adani Power Ltd.,India,Utilities
546A27,Precigen Inc.,United States,Health Care
60F8A4,TE Connectivity PLC,Ireland,Industrials
2E7380,Hangzhou GreatStar Industrial Co. Ltd.,China,Consumer Goods
99ACAD,OUTFRONT Media Inc.,United States,Real Estate
6ABAC9,Nuveen Preferred & Income Securities Fd,United States,Financials
3DCECC,Q2 Holdings Inc.,United States,Technology
ACDC6E,Andritz AG,Austria,Industrials
8FCE98,transcosmos Inc.,Japan,Technology
E9VF6E,Conduit Holdings Ltd.,Bermuda,Financials
A512D4,Indivior Pharmaceuticals Inc.,United Kingdom,Health Care
D6B159,Jenoptik AG,Germany,Industrials
1986FA,Mony Group PLC,United Kingdom,Technology
F4E992,Simulations Plus Inc.,United States,Technology
B111E9,Evergreen Intl Storage & Transport Corp.,Taiwan,Industrials
3BA65E,Press Metal Aluminium Holdings Bhd,Malaysia,Basic Materials
07C9B8,Plan B Media PCL,Thailand,Consumer Services
316094,Source Capital Inc.,United States,Financials
8064F6,Kaltura Inc.,United States,Technology
627395,BPER Banca S.p.A.,Italy,Financials
26FA41,Monarch Casino & Resort Inc.,United States,Consumer Services
4H0GYR,Sinopep-Allsino Bio Pharma Co. Ltd.,China,Health Care
C711C9,Hangcha Group Co. Ltd.,China,Industrials
9E34F3,Qinghai Salt Lake Industry Co. Ltd.,China,Basic Materials
D5D251,Bank Handlowy w Warszawie S.A.,Poland,Financials
A7EF85,Jiangling Motors Corp. Ltd.,China,Consumer Goods
40E162,Evoqua Water Technologies Corp.,United States,Utilities
7B98F0,Financial Street Holding Co. Ltd.,China,Real Estate
F66B58,Quanex Building Products Corp.,United States,Industrials
FC1B88,Epiroc AB,Sweden,Industrials
0E2789,United Utilities Group PLC,United Kingdom,Utilities
925759,Ionis Pharmaceuticals Inc.,United States,Health Care
3BCF24,Camden National Corp.,United States,Financials
495459,GS Yuasa Corp.,Japan,Consumer Goods
43BCDD,Imperial Oil Ltd.,Canada,Energy
1A11D9,PLDT Inc.,Philippines,Telecommunications
14B058,Shanxi Coking Coal Energy Group Co. Ltd.,China,Basic Materials
14FD44,Remgro Ltd.,South Africa,Industrials
673B19,Banca Popolare di Sondrio S.C.A.R.L.,Italy,Financials
7FA282,Bluefield Solar Income Fund Ltd.,Guernsey,Financials
36D94D,Pushpay Holdings Ltd.,New Zealand,Industrials
71B64C,Shenzhen Salubris Pharma Co. Ltd.,China,Health Care
O4SKV4,Shenzhen Honor Electronic Co. Ltd.,China,Industrials
DEF058,Axos Financial Inc.,United States,Financials
DACCEB,Secom Co. Ltd.,Japan,Industrials
46341C,Alliance Witan PLC,United Kingdom,Financials
2AKL90,Eyebright Med Tech (Beijing) Co. Ltd.,China,Health Care
77A4A5,Yangzijiang Shipbuilding Holdings Ltd.,Singapore,Industrials
21F9CA,Corvel Corp.,United States,Health Care
41EFD4,GEA Group AG,Germany,Industrials
4382EB,Sundrug Co. Ltd.,Japan,Consumer Services
4135F7,Strategic Education Inc.,United States,Consumer Services
E8846E,Wells Fargo & Co.,United States,Financials
3E15F6,CubeSmart Co.,United States,Real Estate
A7F4E8,Summerset Group Holdings Ltd.,New Zealand,Health Care
A36466,BillerudKorsnas AB,Sweden,Basic Materials
AED6CF,Centerspace REIT,United States,Real Estate
DBF850,Vedanta Ltd.,India,Energy
CF9054,Hawaiian Electric Industries Inc.,United States,Utilities
150442,YPF S.A.,Argentina,Energy
CC339B,Gentex Corp.,United States,Consumer Goods
2E0496,Verisk Analytics Inc.,United States,Industrials
E4B173,Kohnan Shoji Co. Ltd.,Japan,Consumer Services
3CA333,China Intl Marine Containers Group,China,Industrials
ADD109,CCL Industries Inc.,Canada,Industrials
6F92A9,PennyMac Financial Services Inc.,United States,Financials
D24C5D,Eldorado Gold Corp.,Canada,Basic Materials
AACC99,Chunghwa Telecom Co. Ltd.,Taiwan,Telecommunications
6JLIJI,Shenzhen Kedali Industry Co. Ltd.,China,Consumer Goods
2C3E70,Shanghai Bright Meat Group Co. Ltd.,China,Consumer Goods
7EBC5B,Sika AG,Switzerland,Industrials
915E7B,Sunstone Hotel Investors Inc.,United States,Real Estate
C4D0D7,Yunnan Botanee Biotechnology Gp Co. Ltd.,China,Consumer Goods
5B05DB,Aeon REIT Investment Corp.,Japan,Real Estate
BFB866,Huabao Flavours & Fragrances Co. Ltd.,China,Basic Materials
4E913D,Cass Information Systems Inc.,United States,Industrials
89A823,Sam-A Aluminium Co. Ltd.,South Korea,Basic Materials
8FFD2D,London Stock Exchange Group PLC,United Kingdom,Financials
736AB6,STMicroelectronics N.V.,The Netherlands,Technology
98D33E,Weis Markets Inc.,United States,Consumer Services
A37DDC,Television Francaise 1 S.A.,France,Consumer Services
8C6C1B,Ross Stores Inc.,United States,Consumer Services
79AF3D,Asia Vital Components Co. Ltd.,Taiwan,Industrials
D3C551,Amano Corp.,Japan,Industrials
6BA735,Aotecar New Energy Technology Group Co. Ltd.,China,Consumer Goods
E9D2A2,Berner Kantonalbank AG,Switzerland,Financials
7C1C76,BioNTech SE,Germany,Health Care
F1C75C,RTL Group SA,Luxembourg,Consumer Services
6CBFF2,Talkweb Information System Co. Ltd.,China,Consumer Services
6D0CAB,Cabot Corp.,United States,Basic Materials
856E51,Beijing Career International Co. Ltd.,China,Industrials
422CE3,Nordstrom Inc.,United States,Consumer Services
1A81A1,Asia-Potash Intl Inv Guangzhou Co. Ltd.,China,Basic Materials
F7FCA4,Archrock Inc.,United States,Energy
53C864,PT Capital Financial Indonesia Tbk,Indonesia,Financials
0C6D81,Kesko Oyj,Finland,Consumer Services
2C7505,Alnylam Pharmaceuticals Inc.,United States,Health Care
0F5704,Harvey Norman Holdings Ltd.,Australia,Consumer Services
1C8492,Levima Advanced Materials Corp.,China,Basic Materials
5A6336,Trane Technologies PLC,Ireland,Industrials
CD2DA4,The Cooper Companies Inc.,United States,Health Care
15A388,Parsons Corp.,United States,Industrials
F9E182,AMMB Holdings Bhd,Malaysia,Financials
B1FD5A,Sansan Inc.,Japan,Industrials
VB8928,Tibet Rhodiola Pharma Holding Co.,China,Health Care
0F62CE,SCCC (Siam City Cement PLC),Thailand,Industrials
B0BB37,Dottikon Es Holding AG,Switzerland,Basic Materials
GPN1AM,Leshan Giantstar Farming&Husbandry,China,Consumer Goods
7999F3,Ventas Inc.,United States,Real Estate
0C8D82,Chart Industries Inc.,United States,Industrials
78C905,Jiangxi Special Electric Motor Co. Ltd.,China,Industrials
8B1ED3,Hexagon AB,Sweden,Technology
B53CC0,Sichuan Hexie Shuangma Co. Ltd.,China,Industrials
1507F4,Aptus Value Housing Finance India Ltd.,India,Financials
E3E5E9,Toyoda Gosei Co. Ltd.,Japan,Consumer Goods
8863E0,Mainstreet Equity Corp.,Canada,Real Estate
7710F3,ViewRay Inc.,United States,Health Care
797705,Compagnie de l'Odet S.A.,France,Industrials
CA3713,Pangda Automobile Trade Co. Ltd.,China,Consumer Services
9833A1,Plus Alpha Consulting Co. Ltd.,Japan,Industrials
EA46CA,Coastal Financial Corp. (Washington),United States,Financials
CDE51C,Qualys Inc.,United States,Technology
3635DE,Perion Network Ltd.,Israel,Technology
F751A4,First Quantum Minerals Ltd.,Canada,Basic Materials
3919A9,Fuji Corp. (Machinery),Japan,Industrials
672DCF,Wuxi Lead Intelligent Equipment Co. Ltd.,China,Industrials
16C7F0,Prosperity Bancshares Inc.,United States,Financials
9E575E,Revance Therapeutics Inc.,United States,Health Care
0F3A8B,S.F. Holding Co. Ltd.,China,Industrials
9EA947,Allison Transmission Holdings Inc.,United States,Industrials
W2I34Z,EuroAPI S.A.,France,Health Care
606CD3,PNB Housing Finance Ltd.,India,Financials
1A4D13,Sany Heavy Equipment Intl Hldgs Co. Ltd.,Cayman Islands,Industrials
7AA76F,Chengdu B-ray Media Co. Ltd.,China,Consumer Services
4599EA,WPG Holdings Ltd.,Taiwan,Technology
SGN2TG,Shandong Bohui Paper Industry Co. Ltd.,China,Basic Materials
8A67FB,Jiajiayue Group Co. Ltd.,China,Consumer Services
FXOOB7,Avic (Chengdu) UAS Co. Ltd.,China,Industrials
146CEC,Banpu Public Co. Ltd.,Thailand,Basic Materials
CDFCC9,Microchip Technology Inc.,United States,Technology
17AE3E,AllianceBernstein Nat Muni Income Fund Inc.,United States,Financials
PL177A,Welltower Inc.,United States,Real Estate
AA81E5,DB HiTek Co. Ltd.,South Korea,Technology
AFD1CA,BJ's Restaurants Inc.,United States,Consumer Services
C6C46B,Personal Assets Trust PLC,United Kingdom,Financials
99804D,Baosheng Sci & Tech Innovation Co. Ltd.,China,Telecommunications
21DED4,Fortune Brands Innovations Inc.,United States,Consumer Goods
O1STQ6,Wuxi NCE Power Co. Ltd.,China,Technology
094D5F,Shanghai Jin Jiang Intl Hotels Co. Ltd.,China,Consumer Services
639BD6,Kforce Inc.,United States,Industrials
1D5C51,Digimarc Corp.,United States,Technology
F46EC9,Xylem Inc.,United States,Industrials
E3FC9C,Standard Chartered PLC,United Kingdom,Financials
V9ZW6E,Instructure Holdings Inc.,United States,Financials
935DB1,HL Mando Corp.,South Korea,Consumer Goods
0EDDB4,Daido Steel Co. Ltd.,Japan,Basic Materials
C019B5,Hoya Corp.,Japan,Health Care
35E026,Wabash National Corp.,United States,Industrials
E7A0E3,GCP Infrastructure Investments Ltd.,Jersey,Financials
E1CD35,Centrus Energy Corp.,United States,Basic Materials
DB8B61,Prima Meat Packers Ltd.,Japan,Consumer Goods
AD1ACF,Tyson Foods Inc.,United States,Consumer Goods
58DAC2,Motic (Xiamen) Electric Group Co. Ltd.,China,Industrials
2227FD,BlackRock Income Trust Inc.,United States,Financials
CAB222,PTC Therapeutics Inc.,United States,Health Care
692904,STEF SA,France,Industrials
12593E,Jack Technology Co. Ltd.,China,Industrials
CC7C04,Shenyang Machine Tool Co. Ltd.,China,Industrials
4523D3,Carl Zeiss Meditec AG,Germany,Health Care
BE86A1,The First of Long Island Corp.,United States,Financials
3F81B5,GC Biopharma Corp.,South Korea,Health Care
0B9B7F,Nine Entertainment Co. Holdings Ltd.,Australia,Consumer Services
45CF4C,Bath & Body Works Inc.,United States,Consumer Services
E1E71E,Dexus Co.,Australia,Real Estate
943239,Yelp Inc.,United States,Consumer Services
GPI3KR,N-able Inc.,United States,Technology
C318CA,Aberdeen Group PLC,United Kingdom,Financials
7C790D,Addus HomeCare Corp.,United States,Health Care
83D00D,Tiandi Science & Technology Co. Ltd.,China,Industrials
36524E,Sanjiang Shopping Club Co. Ltd.,China,Consumer Services
1EEE64,CECEP Wind-Power Corp.,China,Energy
BFBFD1,Kyland Technology Co. Ltd.,China,Technology
520440,AVI Global Trust PLC,United Kingdom,Financials
B4FD89,Sino Geophysical Co. Ltd.,China,Energy
DFB81B,Latham Group Inc.,United States,Industrials
9355E8,DoHome Public Co. Ltd.,Thailand,Consumer Services
5BA1FF,FiscalNote Holdings Inc.,Cayman Islands,Technology
83002E,Metropolitan Bank & Trust Co.,Philippines,Financials
58F2D4,Curaleaf Holdings Inc.,Canada,Health Care
CD2110,Salcef Group S.p.A.,Italy,Financials
1870EA,Indian Energy Exchange Ltd.,India,Consumer Services
E66653,Huali Industrial Group Co. Ltd.,China,Consumer Goods
D397A3,Jinneng Holding Shanxi Coal Ind Co. Ltd.,China,Basic Materials
31D57B,BFF Bank S.p.A.,Italy,Financials
691BA6,Entra ASA,Norway,Real Estate
EC70EC,CNX Resources Corp.,United States,Energy
E53FB1,Veea Inc.,Cayman Islands,Technology
GDMCC4,Ascential Plc,United Kingdom,Consumer Services
2FEAF6,Henan Lingrui Pharmaceutical Co. Ltd.,China,Health Care
4C5D7D,AddLife AB,Sweden,Health Care
C1146E,Gemdale Properties & Inv Corp. Ltd.,Bermuda,Real Estate
6C4B5C,Aryzta AG,Switzerland,Consumer Goods
A75D43,Digi International Inc.,United States,Technology
2AF764,FirstService Corp.,Canada,Real Estate
90A247,Getein Biotech Inc.,China,Health Care
F7902B,Silicon Labs,United States,Technology
5C2A47,Ceva Inc.,United States,Technology
DAFED3,Lear Corp.,United States,Consumer Goods
5AFB50,Hua Hong Semiconductor Ltd.,Hong Kong SAR,Technology
B11B1F,Hosken Consolidated Investments Ltd.,South Africa,Financials
A26348,GRG Metrology and Test Group Co. Ltd.,China,Industrials
C0C586,Suzhou Weizhixiang Food Co. Ltd.,China,Consumer Goods
AB3A83,Shenzhen Zhenye (Group) Co. Ltd.,China,Real Estate
EF76C8,Capitol Federal Financial Inc.,United States,Financials
414FFF,PVH Corp.,United States,Consumer Goods
7F94B6,Matsui Securities Co. Ltd.,Japan,Financials
706DB7,CPFL Energia S.A.,Brazil,Utilities
DD0F21,Centamin Ltd.,Jersey,Basic Materials
0C7EB5,Shandong Hualu-Hengsheng Chem Co. Ltd.,China,Basic Materials
0294AC,Air France-KLM S.A.,France,Consumer Services
2490CA,ITI Ltd.,India,Technology
2DA651,Globus Medical Inc.,United States,Health Care
6AFAED,Dalata Hotel Group PLC,Ireland,Consumer Services
D06BDF,MeiG Smart Technology Co. Ltd.,China,Telecommunications
A03871,Bajaj Finance Ltd.,India,Financials
5CF24A,Mercury Systems Inc.,United States,Industrials
551EEF,Elanco Animal Health Inc.,United States,Consumer Goods
B4KQ36,Majorel Group Luxembourg SA,Luxembourg,Industrials
1A6A94,Office Properties Income Trust,United States,Real Estate
ED869A,Iberdrola S.A.,Spain,Utilities
4D61F9,Man Wah Holdings Ltd.,Bermuda,Financials
DE19F6,Raia Drogasil S.A.,Brazil,Consumer Services
61D1D0,Standard Bank Group Ltd.,South Africa,Financials
896771,Churchill Downs Inc.,United States,Consumer Services
7FC274,Alibaba Health Info Tech Ltd.,Bermuda,Technology
13D9E5,PT Astra Agro Lestari Tbk,Indonesia,Consumer Goods
31A4A3,CEVIA Enviro Inc.,China,Industrials
3CDB78,Origin Materials Inc.,Cayman Islands,Basic Materials
B4D345,United Renewable Energy Co. Ltd.,Taiwan,Energy
21CA50,Kurita Water Industries Ltd.,Japan,Industrials
736D58,Finning International Inc.,Canada,Industrials
CA14CC,Safety Insurance Group Inc.,United States,Financials
E1BD05,Mitek Systems Inc.,United States,Technology
9461D6,Joincare Pharmaceutical Group,China,Health Care
C16A8F,Olin Corp.,United States,Basic Materials
9BCA9C,Alkami Technology Inc.,United States,Technology
D03C7A,Kinsale Capital Group Inc.,United States,Financials
181C32,Voltronic Power Technology Corp.,Taiwan,Industrials
WHI1AJ,Baoding Tianwei Baobian Elec Co. Ltd.,China,Industrials
58C29F,Disco Corp.,Japan,Industrials
B4C673,Yum! Brands Inc.,United States,Consumer Services
2B7A40,Archer-Daniels-Midland Co.,United States,Consumer Goods
96734F,Sanan Optoelectronics Co. Ltd.,China,Industrials
15107C,Fujitsu General Ltd.,Japan,Consumer Goods
4B9CB4,Discovery Ltd.,South Africa,Financials
3NJAAQ,Crown Advanced Material Co. Ltd.,China,Industrials
809BD6,Hainan Airport Infrastructure Co. Ltd.,China,Real Estate
1F9258,Celsius Holdings Inc.,United States,Consumer Goods
B1A282,IAMGold Corp.,Canada,Basic Materials
ML4823,Empyrean Technology Co. Ltd.,China,Technology
E08431,Braemar Hotels & Resorts Inc.,United States,Real Estate
B8BD37,AerCap Holdings N.V.,The Netherlands,Industrials
02AF75,Fuanna Bedding & Furnishing Co. Ltd.,China,Consumer Goods
1080C0,Kura Oncology Inc.,United States,Health Care
744BBD,Harmony Gold Mining Co. Ltd.,South Africa,Basic Materials
1A4954,Luk Fook Holdings International Ltd.,Bermuda,Consumer Services
0BF198,Insmed Inc.,United States,Health Care
20DC4E,Macatawa Bank Corp.,United States,Financials
25149E,Embracer Group AB,Sweden,Consumer Goods
3555C6,Azbil Corp.,Japan,Industrials
580353,Petkim Petrokimya Holding A.S.,Turkey,Basic Materials
20C57D,Bharat Dynamics Ltd.,India,Industrials
1279ED,Civitas Resources Inc.,United States,Energy
821F2C,Bao Viet Holdings Ltd.,Vietnam,Financials
3A113F,Integra LifeSciences Holdings Corp.,United States,Health Care
43A023,M.Dias Branco S.A.,Brazil,Consumer Goods
EE6F1C,L3Harris Technologies Inc.,United States,Technology
BD682F,Orchid Island Capital Inc.,United States,Real Estate
942633,AMP Ltd.,Australia,Financials
1D4A78,Southern Copper Corp.,Peru,Basic Materials
4BD6DB,First Mid Bancshares Inc.,United States,Financials
21022F,Wingstop Inc.,United States,Consumer Services
34BE6B,Chengdu Fusen Noble-House,China,Industrials
B8EF97,Costco Wholesale Corp.,United States,Consumer Services
8EB500,Games Workshop Group PLC,United Kingdom,Consumer Goods
PQQ5IB,China Resources Jiangzhong Pharmaceutical Co. Ltd.,China,Health Care
409762,Segro PLC,United Kingdom,Real Estate
A23747,IPG Photonics Corp.,United States,Industrials
75VYF0,Vaxxinity Inc.,United States,Health Care
094C76,Hainan Strait Shipping Co. Ltd.,China,Industrials
32F76D,Zhongsheng Group Holdings Ltd.,Cayman Islands,Consumer Goods
23B256,Anhui Wanwei Updated High-Tech Mat Ind. Co. Ltd.,China,Basic Materials
B2498C,Vesuvius PLC,United Kingdom,Industrials
FV5LS8,ESAB Corp.,United States,Industrials
702F40,Bank of Xi'an Co. Ltd.,China,Financials
D564EA,Guangzhou Pearl River Piano Grp Co. Ltd.,China,Consumer Goods
90F347,Synlab AG,Germany,Health Care
B41C3E,Sprott Inc.,Canada,Financials
F837A5,ING Groep N.V.,The Netherlands,Financials
D7A681,L'Oreal S.A.,France,Consumer Goods
AB6C29,Shandong Fengyuan Chemical Co. Ltd.,China,Basic Materials
CD0B3C,Infratil Ltd.,New Zealand,Industrials
B34137,Dynatrace Inc.,United States,Technology
905356,America's Car-Mart Inc.,United States,Consumer Services
8BE69B,Premium Brands Holdings Corp.,Canada,Consumer Goods
9B730A,Regenxbio Inc.,United States,Health Care
E4E5F9,Weaver Network Technology Co. Ltd.,China,Technology
1951F7,Shanxi Meijin Energy Co. Ltd.,China,Basic Materials
512AA9,EirGenix Inc.,Taiwan,Health Care
C886B1,Marqeta Inc.,United States,Technology
D5F62B,Balkrishna Industries Ltd.,India,Consumer Goods
6515DB,Allied Properties REIT,Canada,Real Estate
73F7F9,Smith & Wesson Brands Inc.,United States,Consumer Goods
42F8ED,Orient Corp.,Japan,Financials
E6E3B7,Haisco Pharmaceutical Group Co. Ltd.,China,Health Care
4AB34F,Teijin Ltd.,Japan,Basic Materials
803FED,STR Sub Inc.,United States,Energy
11CA4E,SBI Sumishin Net Bank Ltd.,Japan,Financials
9E9DFE,Siltronic AG,Germany,Technology
6YQ8OQ,Jiangsu General Science Tech Co. Ltd.,China,Consumer Goods
A6907C,Shanghai Golden Bridge InfoTech Co. Ltd.,China,Technology
BFF98A,Generation Bio Co.,United States,Health Care
EC30CC,Rockwool A/S,Denmark,Industrials
98FA0C,Shanghai Waigaoqiao Group Co. Ltd.,China,Real Estate
D90D7F,Piraeus Financial Holdings S.A.,Greece,Financials
1AB808,Staar Surgical Co.,United States,Health Care
C598D7,Brown & Brown Inc.,United States,Financials
6EA9B2,Peloton Interactive Inc.,United States,Consumer Services
86356E,Fine Organic Industries Ltd.,India,Basic Materials
63E143,Tohoku Electric Power Co. Inc.,Japan,Utilities
2B5CA3,EVN AG,Austria,Utilities
B241FF,Peijia Medical Ltd.,Cayman Islands,Health Care
221445,Universal Insurance Holdings Inc.,United States,Financials
F695FE,The Duckhorn Portfolio Inc.,United States,Consumer Goods
4DE444,Nuveen NY AMT-Free Quality Muni Inc. Fd,United States,Financials
507DEB,Lens Technology Co. Ltd.,China,Industrials
D1F5FB,Henan Shenhuo Coal Industary & Electricity Power Corp. Ltd.,China,Basic Materials
0CC62B,ChampionX Corp.,United States,Energy
9C5BA5,The Mosaic Co.,United States,Basic Materials
753070,Isuzu Motors Ltd.,Japan,Industrials
9AAC0C,PT Indofood Sukses Makmur Tbk,Indonesia,Consumer Goods
AC07A5,Weimob Inc.,Cayman Islands,Technology
304BD8,Triveni Turbine Ltd.,India,Industrials
754C35,Elmos Semiconductor SE,Germany,Technology
8BA670,Shinva Medical Instrument Co. Ltd.,China,Health Care
39087B,Ebara Corp.,Japan,Industrials
E089B9,Hangzhou Lianluo Interactive,China,Technology
A7244F,FP Corp.,Japan,Industrials
JR1ETH,PT Alamtri Minerals Indonesia Tbk,Indonesia,Basic Materials
4E4E75,Patterson Cos. Inc.,United States,Health Care
249EC3,Chow Tai Fook Jewellery Group Ltd.,Cayman Islands,Consumer Services
447AE7,Wenzhou Yihua Connector Co. Ltd.,China,Industrials
FEC481,EVA Airways Corp.,Taiwan,Consumer Services
6FC179,ADNOC Distribution PJSC,United Arab Emirates,Energy
3DB111,Canadian Apartment Properties REIT,Canada,Real Estate
DF6A38,Giga-Byte Technology Co. Ltd.,Taiwan,Technology
7C37A3,Eregli Demir ve Celik Fabrikalari T.A.S.,Turkey,Basic Materials
CFPUMY,Crane NXT Co.,United States,Industrials
F731C5,Bure Equity AB,Sweden,Financials
2EB571,Ackermans & Van Haaren N.V.,Belgium,Industrials
5F73E2,Trent Ltd.,India,Consumer Services
5AA0BF,Jizhong Energy Resources Co. Ltd.,China,Basic Materials
5E7E82,Best Buy Co. Inc.,United States,Consumer Services
EF099F,Winbond Life & Health Co. Ltd.,China,Basic Materials
703793,Cangzhou Mingzhu Plastic Co. Ltd.,China,Basic Materials
3B379A,Infocom Corp.,Japan,Technology
147C38,Southern Co.,United States,Utilities
E3FF7E,Beijing GeoEnviron Engr & Tech Inc.,China,Technology
49CC59,Koppers Holdings Inc.,United States,Basic Materials
LATG7N,Beijing Kingsoft Office Software Inc.,China,Technology
6BC6F9,Zillow Group Inc.,United States,Real Estate
C85D8A,Fusion Acquisition Corp. II,United States,Financials
57CB75,Shanghai Kaibao Pharmaceutical Co. Ltd.,China,Health Care
B60366,Vital Farms Inc.,United States,Consumer Goods
0DK210,Beauty Farm Medical & Health Industry Inc.,Cayman Islands,Consumer Services
U9O78W,Chongqing Road & Bridge Co. Ltd.,China,Industrials
69494C,Haynes International Inc.,United States,Basic Materials
99028D,Malibu Boats Inc.,United States,Consumer Goods
1866B2,Turning Point Brands Inc.,United States,Consumer Goods
AA247D,Western Alliance Bancorp.,United States,Financials
8686F2,LG Display Co. Ltd.,South Korea,Industrials
A8AC4C,Heritage-Crystal Clean Inc.,United States,Industrials
E87676,Franklin Electric Co. Inc.,United States,Industrials
33FD3F,LS Electric Co. Ltd.,South Korea,Industrials
2748B2,Piramal Enterprises Ltd.,India,Health Care
0A5FF6,Ajinomoto Co. Inc.,Japan,Consumer Goods
C4A4CC,InterContinental Hotels Group PLC,United Kingdom,Consumer Services
9C34F6,Uni-Sélect Inc.,Canada,Industrials
FF3B5C,Lotte Chemical Corp.,South Korea,Basic Materials
2BF36E,Dentsply Sirona Inc.,United States,Health Care
5DE5A5,Pool Corp.,United States,Consumer Goods
EB591C,Mizuho Leasing Co. Ltd.,Japan,Financials
913437,Priority Technology Holdings Inc.,United States,Consumer Services
25432B,Frasers Group PLC,United Kingdom,Consumer Services
9252A7,Genelux Corp.,United States,Health Care
F702CA,Sonoco Products Co.,United States,Industrials
EB6C9A,Ping An Bank Co. Ltd.,China,Financials
4ECDE9,Zhejiang Hisun Pharmaceutical Co. Ltd.,China,Health Care
C0200F,ManpowerGroup Inc.,United States,Industrials
CF49D3,Origin Property PCL,Thailand,Real Estate
AC642C,WillScot Holdings Corp.,United States,Consumer Goods
583223,Element Solutions Inc.,United States,Basic Materials
378D84,Maoye Commercial Co. Ltd.,China,Consumer Services
E8270E,CTBC Financial Holding Co. Ltd.,Taiwan,Financials
DDB002,Astec Industries Inc.,United States,Industrials
F1CD47,CONMED Corp.,United States,Health Care
6A9004,Valiant Co. Ltd.,China,Basic Materials
2AFE0F,COFCO Biotechnology Co. Ltd.,China,Basic Materials
7ZJSHK,Tansun Technology Co. Ltd.,China,Technology
9043FE,BGC Group Inc.,United States,Financials
6925EB,AnaptysBio Inc.,United States,Health Care
F798D3,Control. Vuela Cia de Aviacion SAB de CV,Mexico,Consumer Services
E894E1,Coloplast A/S,Denmark,Health Care
8822A5,National Bank of Canada,Canada,Financials
4B65EE,Affirm Holdings Inc.,United States,Financials
7166EE,Beijing Wantai Biopharm,China,Health Care
E9E44A,Carrefour S.A.,France,Consumer Services
D77274,System1 Inc.,Cayman Islands,Technology
UZTXQE,Shanghai Gen Healthy Information Tech,China,Health Care
0AD2E3,UFP Technologies Inc.,United States,Industrials
D99B3F,Luye Pharma Group Ltd.,Bermuda,Health Care
23DB08,MaxCyte Inc.,United States,Health Care
5B934F,HighPeak Energy Inc.,United States,Energy
0DD69D,African Rainbow Minerals Ltd.,South Africa,Basic Materials
45CF5C,Axalta Coating Systems Ltd.,Bermuda,Basic Materials
7220F7,Amotiv Ltd.,Australia,Consumer Goods
3BBFD9,Binjiang Group,China,Real Estate
998388,Hindustan Copper Ltd.,India,Basic Materials
290675,Vallourec S.A.,France,Industrials
5FF95F,Equity Bancshares Inc.,United States,Financials
A483EF,Zhuhai Aerospace Microchips Sci & Tech Co. Ltd.,China,Industrials
AEB48D,Bajaj Finserv Ltd.,India,Financials
145243,Shanghai Baolong Automotive Corp.,China,Consumer Goods
F329D5,Kazatomprom JSC NAC,Kazakhstan,Basic Materials
28FFA3,Shenzhen Noposion Crop Science Co. Ltd.,China,Basic Materials
16FC89,Hersha Hospitality Trust,United States,Real Estate
6C75F1,Darktrace Ltd.,United Kingdom,Technology
EFE601,Lamda Development S.A.,Greece,Real Estate
9368BE,The Howard Hughes Corp.,United States,Real Estate
802F56,G-Bits Network Tech (Xiamen) Co. Ltd.,China,Consumer Goods
F3238C,Foosung Co. Ltd.,South Korea,Basic Materials
388C95,Laxmi Organic Industries Ltd.,India,Basic Materials
46CF27,Seacoast Banking Corp. of Florida,United States,Financials
904D6A,Foshan Haitian Flavouring & Food Co. Ltd.,China,Consumer Goods
183D85,Sleemon Healthy Sleep Technology Co. Ltd.,China,Consumer Goods
2554EB,Acropolis Infrastructure Acquisition Corp.,United States,Financials
065A46,SBO AG,Austria,Energy
15F1AC,Guangdong Investment Ltd.,Hong Kong SAR,Utilities
84920B,Blue Bird Corp.,United States,Industrials
04A126,Hunan Jiudian Pharmaceutical Co. Ltd.,China,Health Care
FF4343,Customers Bancorp Inc.,United States,Financials
EB5D45,Ryanair Holdings PLC,Ireland,Consumer Services
C37EBE,POSCO Holdings Inc.,South Korea,Basic Materials
6C0929,Citycon Oyj,Finland,Real Estate
B96B8D,Zhejiang Conba Pharmaceutical Co. Ltd.,China,Health Care
2AC5FC,Sotera Health Co.,United States,Health Care
3HZD0Y,Yankershop Food Co. Ltd.,China,Consumer Goods
3TAOUJ,Amen Bank S.A.,Tunisia,Financials
7D35D8,iRobot Corp.,United States,Consumer Goods
D8ECA1,Bed Bath & Beyond Inc.,United States,Consumer Services
E5DC99,Zhejiang Jingsheng Machinery & Electronic,China,Industrials
5C00BC,Poste Italiane S.p.A.,Italy,Financials
1CDBEF,Jungfraubahn Holding AG,Switzerland,Consumer Services
CE5EB0,Loblaw Cos. Ltd.,Canada,Consumer Services
E0427E,GSK PLC,United Kingdom,Health Care
445D15,Bank Of Beijing Co. Ltd.,China,Financials
4ONP03,Liaoning Xinde New Material Technology Group Co. Ltd.,China,Basic Materials
08A463,Anadolu Efes Biracilik ve Malt Sanayii A.S.,Turkey,Consumer Goods
6C3183,SKF India Ltd.,India,Industrials
5F7B93,Globe Telecom Inc.,Philippines,Telecommunications
0CD02F,Yunnan Tin Co. Ltd.,China,Industrials
AC969F,China Spacesat Co. Ltd.,China,Technology
F3EDB4,AAR Corp.,United States,Industrials
9F998F,Confluent Inc.,United States,Technology
8C8AD7,Zhejiang Qianjiang Motorcycle Co. Ltd.,China,Consumer Goods
72F0FC,Tompkins Financial Corp.,United States,Financials
7286BE,AF Gruppen ASA,Norway,Industrials
88F2FC,4Imprint Group PLC,United Kingdom,Industrials
64BCE9,Dongsuh Cos. Inc.,South Korea,Consumer Goods
9JXIQ9,Embecta Corp.,United States,Health Care
02FC1A,Heron Therapeutics Inc.,United States,Health Care
EB764E,Nomad Foods Ltd.,British Virgin Islands,Consumer Goods
40618B,First Capital REIT,Canada,Real Estate
7697D2,Torm PLC,United Kingdom,Industrials
FD4588,Perficient Inc.,United States,Technology
FC79FB,Fidelity European Trust PLC,United Kingdom,Financials
FC98B9,Ningbo Sunrise Elc Technology Co. Ltd.,China,Industrials
19C507,FinecoBank S.p.A.,Italy,Financials
63009B,Finsbury Growth & Income Trust PLC,United Kingdom,Financials
EFFD81,Riken Keiki Co. Ltd.,Japan,Industrials
AB20A7,Randstad N.V.,The Netherlands,Industrials
4F9XFV,Supcon Technology Co. Ltd.,China,Technology
348EA4,Allkem Ltd.,Australia,Basic Materials
789547,Zhangjiang Hi-Tech Park Dvlp Co. Ltd.,China,Real Estate
4D6C90,Jafron Biomedical Co. Ltd.,China,Health Care
86F6C3,IndiaMART InterMESH Ltd.,India,Technology
1AE6F0,Robertet S.A.,France,Basic Materials
15A0B7,Dometic Group AB,Sweden,Consumer Goods
DEF86D,Ping An Healthcare & Technology Co. Ltd.,Cayman Islands,Consumer Services
797C20,Otter Tail Corp.,United States,Utilities
587D25,Custom Truck One Source Inc.,Cayman Islands,Financials
5IPXDI,Pagoda,China,Consumer Services
587EDF,Ezcorp Inc.,United States,Financials
2A577D,Sweco AB,Sweden,Industrials
9468AF,MatsukiyoCocokara & Co.,Japan,Consumer Services
UZF1RD,CITIC Heavy Industries Co. Ltd.,China,Industrials
CE4E6D,Air Transport Services Group Inc.,United States,Industrials
859D62,Brown-Forman Corp.,United States,Consumer Goods
1A9DE1,The First Bancorp Inc.,United States,Financials
F66140,Perfect World Co. Ltd.,China,Consumer Services
09C2B6,Shanghai Hile Bio-Technology Co. Ltd.,China,Health Care
446ADD,Mowi ASA,Norway,Consumer Goods
578C09,IBEX Ltd.,Bermuda,Technology
93953E,Jiangsu Shentong Valve Co. Ltd.,China,Industrials
900497,Harbour Energy PLC,United Kingdom,Energy
138DDE,Invesco Mortgage Capital Inc.,United States,Real Estate
57B1CC,Apar Industries Ltd.,India,Industrials
271572,Compania Sud Americana de Vapores S.A.,Chile,Industrials
BLDT6O,Wuhan Keqian Biology Co. Ltd.,China,Health Care
BE400C,IndusInd Bank Ltd.,India,Financials
C26620,RxSight Inc.,United States,Health Care
1FFA55,Taiyo Yuden Co. Ltd.,Japan,Industrials
A5195E,BioCryst Pharmaceuticals Inc.,United States,Health Care
198646,Skylark Holdings Co. Ltd.,Japan,Consumer Services
A354A2,Saigon Beer Alcohol Beverage Corp.,Vietnam,Consumer Goods
992E92,SEI Investments Co.,United States,Financials
UAO4RI,Bikaji Foods International Ltd.,India,Consumer Goods
58AA80,EGing Photovoltaic Technology Co. Ltd.,China,Consumer Goods
B6CD23,Renhe Pharmacy Co. Ltd.,China,Health Care
154272,Verrica Pharmaceuticals Inc.,United States,Health Care
45290B,a2 Milk Co. Ltd.,New Zealand,Consumer Goods
6E705B,United Airlines Holdings Inc.,United States,Consumer Services
3CD419,L&T Technology Services Ltd.,India,Industrials
9F4CBA,Cochlear Ltd.,Australia,Health Care
5BF7AF,LegalZoom.com Inc.,United States,Industrials
CDD17E,Mahindra & Mahindra Fin. Services Ltd.,India,Financials
FC1044,Alpine Immune Sciences Inc.,United States,Health Care
B01D1F,Investec Ltd.,South Africa,Financials
0CEF73,Atlantica Sustainable Infrastructure Ltd.,United Kingdom,Utilities
E259C7,Callaway Golf Co.,United States,Consumer Goods
AFF596,Petronet LNG Ltd.,India,Utilities
3O03KI,Jingjin Equipment Co. Inc.,China,Industrials
BB8197,Chongqing Brewery Co. Ltd.,China,Consumer Goods
86478F,Applied Industrial Technologies Inc.,United States,Industrials
3C1252,Eurobank Ergasias Services & Holdings SA,Greece,Financials
0C9FD0,SunOpta Inc.,Canada,Consumer Goods
1BDA58,Hotai Motor Co. Ltd.,Taiwan,Consumer Services
2667B6,RTX Corp.,United States,Industrials
57DDB9,T-Mobile US Inc.,United States,Telecommunications
5B9E0F,Aksa Enerji Uretim AS,Turkey,Utilities
A52F0B,Xiamen Xiangyu Co. Ltd.,China,Industrials
E6D588,PT Chandra Asri Pacific Tbk,Indonesia,Basic Materials
C63CDE,JFrog Ltd.,Israel,Technology
E6EDED,EastGroup Properties Inc.,United States,Real Estate
9BB35A,Fidelity National Financial Inc.,United States,Financials
E8B21D,IDEX Corp.,United States,Industrials
FF6A8D,Motor Oil Hellas Corinth Refineries S.A.,Greece,Energy
F7CDC7,Indutrade AB,Sweden,Industrials
0BA2EF,Argan Inc.,United States,Industrials
965360,Atlantic Union Bankshares Corp.,United States,Financials
338544,Provident Financial Services Inc.,United States,Financials
WGWQ0W,FirstCash Holdings Inc.,United States,Financials
KV2VXF,Shenzhen YHLO Biotech Co. Ltd.,China,Health Care
MS3Z1W,Jutze Intelligent Technology Co. Ltd.,China,Industrials
B840EF,DexCom Inc.,United States,Health Care
1EA923,Varex Imaging Corp.,United States,Health Care
9E67AD,Tianjin Chase Sun Pharma Co. Ltd.,China,Health Care
A47EE6,Zhejiang Dingli Machinery Co. Ltd.,China,Industrials
3A5113,Aclaris Therapeutics Inc.,United States,Health Care
23F9C6,Suzhou Good-Ark Electronics Co. Ltd.,China,Technology
51E52C,Nihon Kohden Corp.,Japan,Health Care
7LZG3N,Vietnam Int Commercial Joint Stock Bank,Vietnam,Financials
F6DFLR,Hangzhou Haoyue Personal Care Co. Ltd.,China,Consumer Goods
FD738D,Lotes Co. Ltd.,Taiwan,Industrials
FE453A,Shanxi Taigang Stainless Steel Co. Ltd.,China,Basic Materials
0B5C3C,Aena SME S.A.,Spain,Industrials
362D40,BAIC BluePark New Energy Techno Co. Ltd.,China,Consumer Goods
BEB756,Heritage Financial Corp.,United States,Financials
DBEF02,Civista Bancshares Inc.,United States,Financials
45389B,Tokyo Tatemono Co. Ltd.,Japan,Real Estate
2431DD,SJM Holdings Ltd.,Hong Kong SAR,Consumer Services
F71344,Azzas 2154 S.A.,Brazil,Consumer Goods
EBB2EA,Bank of Guiyang Co. Ltd.,China,Financials
EDB6E1,Blue Owl Capital Corp.,United States,Financials
AC78F4,Sinch AB,Sweden,Technology
D5BE89,LIXIL Corp.,Japan,Industrials
CF6A5A,Alaska Air Group Inc.,United States,Consumer Services
389D5B,Hangzhou Iron & Steel Co. Ltd.,China,Basic Materials
070E9D,Dermapharm Holding SE,Germany,Health Care
BE0E6F,Lepu Medical Tech (Beijing) Co. Ltd.,China,Health Care
8303CD,Lattice Semiconductor Corp.,United States,Technology
C7B470,Carel Industries S.p.A.,Italy,Industrials
F0C867,China Railway Construction Corp. Ltd.,China,Industrials
97F76C,Nanjing King-friend Biochemical Pharm Co. Ltd.,China,Health Care
FE709F,TP ICAP Group PLC,Jersey,Financials
873DB9,Becton Dickinson & Co.,United States,Health Care
29A917,Tong Yang Industry Co. Ltd.,Taiwan,Consumer Goods
48952F,DHC Software Co. Ltd.,China,Technology
BE6411,Kinepolis Group N.V.,Belgium,Consumer Services
703A39,Jiangsu Jinggong Steel Structure,China,Industrials
4017AD,Flowserve Corp.,United States,Industrials
77FF2E,Clear Secure Inc.,United States,Technology
53E19C,Toyo Suisan Kaisha Ltd.,Japan,Consumer Goods
26325E,Dorchester Minerals L.P.,United States,Energy
994468,Bel Fuse Inc.,United States,Industrials
D064D5,Calavo Growers Inc.,United States,Consumer Goods
2950FF,Piedmont Realty Trust Inc.,United States,Real Estate
A01983,Broadmark Realty Capital Inc.,United States,Financials
2F9304,Splunk LLC,United States,Technology
DWKPP0,Zhejiang Gongdong Med Equipment Co. Ltd.,China,Health Care
139303,Piper Sandler Cos.,United States,Financials
7E0EB0,Innovex International Inc.,United States,Energy
FF44EB,E.I.D. Parry (India) Ltd.,India,Basic Materials
6CD3D4,SSAB AB,Sweden,Basic Materials
A3800A,AMC Entertainment Holdings Inc.,United States,Consumer Services
08C87C,DoubleVerify Holdings Inc.,United States,Technology
810E30,MetLife Inc.,United States,Financials
9F572A,Viscofan S.A.,Spain,Consumer Goods
8D74B2,Kahoot! ASA,Norway,Technology
8D73ED,Challenger Ltd.,Australia,Financials
2B69E6,Kinetik Holdings Inc.,United States,Energy
EDBC11,Banca IFIS S.p.A.,Italy,Financials
45ABCC,Redfin Corp.,United States,Real Estate
079D04,Rakuten Group Inc.,Japan,Consumer Services
F32F88,Watts Water Technologies Inc.,United States,Industrials
CDEBB9,Oil & Gas Development Co. Ltd.,Pakistan,Energy
C9D65C,Telenet Group Holding NV,Belgium,Consumer Services
CD61A7,Hays PLC,United Kingdom,Industrials
8A869F,Shenzhen Agricultural Power Grp Co. Ltd.,China,Industrials
9FA844,Dormakaba Holding AG,Switzerland,Industrials
C65BFC,Topsports International Holdings Ltd.,China,Consumer Services
422094,easyJet PLC,United Kingdom,Consumer Services
0BF4BA,Invesco Ltd.,Bermuda,Financials
C5F463,BASF SE,Germany,Basic Materials
2D7328,Shandong Nanshan Aluminium Co. Ltd.,China,Basic Materials
C20B75,Otis Worldwide Corp.,United States,Industrials
4E250F,Qingdao Hanhe Cable Co. Ltd.,China,Industrials
E168A3,Paragon REIT,Singapore,Real Estate
1B2FCD,Jilin Liyuan Precision Mfg Co. Ltd.,China,Basic Materials
3478EA,Aksa Akrilik Kimya Sanayii A.S.,Turkey,Basic Materials
BB0787,Tapestry Inc.,United States,Consumer Goods
CD499H,Tianyishangjia New Material Corp. Ltd.,China,Industrials
7741CF,Capital Power Corp.,Canada,Utilities
16F4D8,Oceaneering International Inc.,United States,Energy
7D8300,Zhejiang Wanliyang Co. Ltd.,China,Consumer Goods
B4F35E,IDP Education Ltd.,Australia,Consumer Services
909F61,Moonlake Immunotherapeutics AG,Cayman Islands,Health Care
099A92,Dine Brands Global Inc.,United States,Consumer Services
AAD83D,King's Town Bank Co. Ltd.,Taiwan,Financials
8F12C1,Contec Medical Systems Co. Ltd.,China,Health Care
30955A,Guangdong Tecsun Science & Tech Co. Ltd.,China,Industrials
CF49EA,Nuveen Quality Municipal Income Fund,United States,Financials
6B6EF8,S-1 Corp.,South Korea,Industrials
FB6D92,United Integrated Services Co. Ltd.,Taiwan,Industrials
CFC741,SilverSPAC Inc.,Cayman Islands,Financials
4AC91D,HP Inc.,United States,Technology
D81BA8,Jiangsu Suzhou Rural Commercial Bank,China,Financials
371CC0,Chubu Electric Power Co. Inc.,Japan,Utilities
81973C,Charoen Pokphand Ent (Taiwan) Co. Ltd.,Taiwan,Consumer Goods
EC7FDC,IDACORP Inc.,United States,Utilities
E972A0,Veidekke ASA,Norway,Industrials
F0A9DE,Capital City Bank Group Inc.,United States,Financials
9E426E,PI Industries Ltd.,India,Basic Materials
92D6A5,Bar Harbor Bankshares Inc.,United States,Financials
A7DA82,MTR Corp. Ltd.,Hong Kong SAR,Consumer Services
B7BDA3,Cheniere Energy Inc.,United States,Energy
PZSMNK,Mazagon Dock Shipbuilders Ltd.,India,Industrials
8F3AE9,TISCO Financial Group PCL,Thailand,Financials
29C6BF,Inditex,Spain,Consumer Services
2EF44B,Amada Co. Ltd.,Japan,Industrials
10A765,San Juan Basin Royalty Trust,United States,Energy
838ADD,Brink's Co.,United States,Industrials
E5990D,Nickel Industries Ltd.,Australia,Basic Materials
788CE6,Grupo Aero Pacifico,Mexico,Industrials
2F8861,Hoshizaki Corp.,Japan,Industrials
WU9QKQ,Yutong Heavy Industry Co. Ltd.,China,Industrials
D11111,Hanmi Semiconductor Co. Ltd.,South Korea,Technology
E2J7EH,FSN E-Commerce Ventures Ltd.,India,Consumer Goods
596E0B,Zhejiang Yinlun Machinery Co. Ltd.,China,Industrials
FB2FD7,MOL Nyrt.,Hungary,Energy
86D4ED,Takasago Thermal Engineering Co. Ltd.,Japan,Industrials
A0843E,Vital Energy Inc. (United States),United States,Energy
A30C8B,Amneal Intermediate Inc.,United States,Health Care
1A442F,Pearson PLC,United Kingdom,Consumer Services
560858,Deepak Fertilizers & Petrochem Corp. Ltd.,India,Basic Materials
CW7GM5,Indian Railway Finance Corp. Ltd.,India,Financials
AOQCYH,Suzhou Wanxiang Technology Co. Ltd.,China,Industrials
891E1A,TOTVS S.A.,Brazil,Technology
F04E05,Independent Bank Corp. (Michigan),United States,Financials
B30667,Henan Thinker Automatic Equip Co. Ltd.,China,Industrials
D2B9E5,Hyatt Hotels Corp.,United States,Consumer Services
85043B,Qua Granite Hayal Yapi ve Urun.,Turkey,Industrials
CBB7AD,Sino Biological Inc.,China,Health Care
GQ707Z,Van Lanschot Kempen N.V.,The Netherlands,Financials
2ABF77,Enanta Pharmaceuticals Inc.,United States,Health Care
1D17BF,Jiangsu Huachang Chemical Co. Ltd.,China,Basic Materials
119B4D,Potbelly Corp.,United States,Consumer Services
C3417B,Taiwan Hon Chuan Enterprise Co. Ltd.,Taiwan,Industrials
239140,AbCellera Biologics Inc.,Canada,Health Care
J5N4SD,Chongqing Baiya Sanitary Pdts Co. Ltd.,China,Consumer Goods
D31F95,THG PLC,United Kingdom,Consumer Services
5E6959,Roper Technologies Inc.,United States,Industrials
D1706A,Procore Technologies Inc.,United States,Technology
9870B5,LiveVox Holdings Inc.,United States,Financials
914E1F,Kweichow Moutai Co. Ltd.,China,Consumer Goods
6AEA6B,Sandfire Resources Ltd.,Australia,Basic Materials
F09A2E,Applied Digital Corp.,United States,Technology
C70520,CSL Ltd.,Australia,Health Care
DZO45D,Huarui Precision Cutting Tools Co. Ltd.,China,Industrials
EFF5C5,SilverCrest Metals Inc.,Canada,Basic Materials
SMIJ3I,Hongyuan Green Energy Co. Ltd.,China,Technology
F30508,Eli Lilly & Co.,United States,Health Care
609AC5,PARK24 Co. Ltd.,Japan,Consumer Services
949D62,Alphatec Holdings Inc.,United States,Health Care
1FB94A,Camel Group Co. Ltd.,China,Energy
551F85,Metso Oyj,Finland,Industrials
B98A8B,SK Bioscience Co. Ltd.,South Korea,Health Care
12FA49,Zheshang Development Group Co. Ltd.,China,Industrials
3B9D56,INKON Life Technology Co. Ltd.,China,Health Care
AEBAC3,Golar LNG Ltd.,Bermuda,Energy
665D7D,AbbVie Inc.,United States,Health Care
53301E,Bharat Heavy Electricals Ltd.,India,Industrials
9XF5GZ,Vera Therapeutics Inc.,United States,Health Care
386D97,Muyuan Foods Co. Ltd.,China,Consumer Goods
E96ACE,Beijing Yanjing Brewery Co. Ltd.,China,Consumer Goods
4B6525,Shanxi Securities Co. Ltd.,China,Financials
063384,Bunge Ltd.,Bermuda,Consumer Goods
2893E8,National Retail Properties Inc.,United States,Real Estate
0BC853,Wesco International Inc.,United States,Industrials
EF981C,Kunshan Kinglai Hygienic Mats Co. Ltd.,China,Industrials
83ADA7,IGB Real Estate Investment Trust,Malaysia,Real Estate
03596A,AECOM Co.,United States,Industrials
89054D,Saipem S.p.A.,Italy,Energy
065143,DHT Holdings Inc.,Marshall Islands,Industrials
7C108F,Minmetals Development Co. Ltd.,China,Industrials
91C001,Tangshan Sanyou Chemical Ind Co. Ltd.,China,Basic Materials
996AFD,Hyundai Steel Co.,South Korea,Basic Materials
726EEA,ITT Inc.,United States,Industrials
AE0271,Marel hf.,Iceland,Industrials
685592,Toda Corp.,Japan,Industrials
BCC13E,Vericel Corp.,United States,Health Care
902670,Marathon Oil Corp.,United States,Energy
12D39B,BlackRock MuniYield MI Quality Fund Inc.,United States,Financials
31B317,Zoomlion Hvy Ind Sci Tech Co. Ltd.,China,Industrials
73CB33,UACJ Corp.,Japan,Basic Materials
9B1EA8,PharmaEssentia Corp.,Taiwan,Health Care
CC18FB,Giant Network Group Co. Ltd.,China,Consumer Goods
73C21F,Bank of Cyprus Holdings PCL,Ireland,Financials
2E902B,Lennox International Inc.,United States,Industrials
JNRGI4,SKAN Group AG,Switzerland,Health Care
7AFC87,Richelieu Hardware Ltd.,Canada,Industrials
F2CD8E,Nuveen CA Quality Muni Income Fund,United States,Financials
A2415F,Cenovus Energy Inc.,Canada,Energy
D588DD,Aedifica S.A.,Belgium,Real Estate
8295B8,Alta Equipment Group Inc.,United States,Industrials
FC4652,nVent Electric PLC,Ireland,Industrials
F45464,Ton Yi Industrial Corp.,Taiwan,Basic Materials
4694FC,Aerospace CH UAV Co. Ltd.,China,Industrials
48D3B2,EDION Corp.,Japan,Consumer Services
8F63E7,The AZEK Co. Inc.,United States,Industrials
F69712,H&R Real Estate Investment Trust,Canada,Real Estate
2AA5FA,Sino Biopharmaceutical Ltd.,Cayman Islands,Health Care
562853,Southside Bancshares Inc.,United States,Financials
824565,Kanematsu Corp.,Japan,Industrials
6A027C,Flutter Entertainment PLC,Ireland,Consumer Services
E8A04D,Scilex Holding Co.,Cayman Islands,Health Care
08FET2,ADTRAN Holdings Inc.,United States,Technology
051E05,Ningbo Tuopu Group Co. Ltd.,China,Consumer Goods
A79341,Huafon Chemical Co. Ltd.,China,Basic Materials
F188B5,Forbo Holding AG,Switzerland,Industrials
588489,Songcheng Performance Dev. Co. Ltd.,China,Consumer Services
197838,PT Surya Citra Media Tbk,Indonesia,Consumer Services
68EACB,Alliance Bank Malaysia Bhd,Malaysia,Financials
PZGR6T,Wuhan DR Laser Technology Corp. Ltd.,China,Industrials
D992D5,Xinjiang Daqo New Energy Co. Ltd.,China,Technology
0D90CC,International Petroleum Corp.,Canada,Energy
B44339,L&T Finance Holdings Ltd.,India,Financials
658127,Glodon Co. Ltd.,China,Technology
B83BCE,MaxLinear Inc.,United States,Technology
1F716B,Molina Healthcare Inc.,United States,Health Care
C113A6,CETC Chips Technology Inc.,China,Technology
26619B,Glory Ltd.,Japan,Industrials
A7F7C1,Repligen Corp.,United States,Health Care
87486A,GrafTech International Ltd.,United States,Industrials
6AFA2A,Capital Gearing Trust PLC,United Kingdom,Financials
62435A,B&M European Value Retail S.A.,Luxembourg,Consumer Services
03DZ9C,Primarius Technologies Co. Ltd.,China,Technology
93CEBB,Jiangsu Pacific Quartz Co. Ltd.,China,Industrials
C50B26,StoneX Group Inc.,United States,Financials
043862,Immunogen Inc.,United States,Health Care
B2206F,8X8 Inc.,United States,Technology
2CD1E0,Centrica PLC,United Kingdom,Utilities
840EAB,Compagnie de Saint-Gobain S.A.,France,Industrials
126258,Sprott Physical Uranium Trust,Canada,Financials
4CE7A3,Daiseki Co. Ltd.,Japan,Industrials
79AD66,BBMG Jidong Cement Group Co. Ltd.,China,Industrials
18893B,Keyera Corp.,Canada,Energy
95E6A7,ULVAC Inc.,Japan,Industrials
B65281,Holmen AB,Sweden,Basic Materials
OP1NUG,Pylon Technologies Co. Ltd.,China,Energy
9E376A,Shoprite Holdings Ltd.,South Africa,Consumer Services
4UITTS,Wuzhou Special Paper Group Co. Ltd.,China,Basic Materials
CA99D7,Flowers Foods Inc.,United States,Consumer Goods
21B099,Jiangsu Etern Co. Ltd.,China,Industrials
FQHPCB,Jiangsu Sanfame Polyester Mat Co. Ltd.,China,Consumer Goods
2E0090,Legend Holdings Corp.,China,Technology
261C65,AIA Group Ltd.,Hong Kong SAR,Financials
D0529C,Porsche Automobil Holding SE,Germany,Consumer Goods
F2BC3D,The Baldwin Insurance Group Inc.,United States,Financials
OVUCNW,Vitesse Energy Inc.,United States,Energy
435ACE,Mueller Water Products Inc.,United States,Industrials
DC437D,Hawkins Inc.,United States,Basic Materials
41NCUM,Luoyang Xinqianglian Slewing Bearing Co. Ltd.,China,Industrials
6A275C,Zhejiang Akcome New Energy Technology Co. Ltd.,China,Energy
484366,Medy-Tox Inc.,South Korea,Health Care
8BEE54,E.Sun Financial Holding Co. Ltd.,Taiwan,Financials
DD5ABE,Srisawad Capital 1969 Public Co. Ltd.,Thailand,Financials
945596,Sinoseal Holding Co. Ltd.,China,Industrials
D41F33,Milbon Co. Ltd.,Japan,Consumer Goods
B1C65B,Novogene Co. Ltd.,China,Health Care
396035,Penta-Ocean Construction Co. Ltd.,Japan,Industrials
13CCB5,Terveystalo Oyj,Finland,Health Care
8125A2,AllianzGI Convertible & Income Fund,United States,Financials
133644,IGM Biosciences Inc.,United States,Health Care
469F22,LIG Nex1 Co. Ltd.,South Korea,Industrials
02AE8F,Coats Group PLC,United Kingdom,Consumer Goods
92B047,Crown Holdings Inc.,United States,Industrials
AC9713,Welcia Holdings Co. Ltd.,Japan,Consumer Services
EFAF1F,Shenzhen Center Power Tech Co. Ltd.,China,Consumer Goods
6BC61F,Banca Monte dei Paschi di Siena S.p.A.,Italy,Financials
DD7A96,Empire State Realty Trust Inc.,United States,Real Estate
E74B55,3D Systems Corp.,United States,Technology
468F49,Antong Holdings Co. Ltd.,China,Industrials
F5F83A,Capital Eco-Pro Group,China,Utilities
189D75,Richinfo Technology Co. Ltd.,China,Technology
8E6ECA,Biopharma Credit PLC,United Kingdom,Financials
478AD0,IHI Corp.,Japan,Industrials
D5B13D,scPharmaceuticals Inc.,United States,Health Care
1AED41,Mitsui & Co. Ltd.,Japan,Industrials
10B786,Sungrow Power Supply Co. Ltd.,China,Energy
84D854,SATS Ltd.,Singapore,Industrials
3638E2,Bank of Chengdu Co. Ltd.,China,Financials
A8F7FE,Kion Group AG,Germany,Industrials
E074A0,Kimball International Inc.,United States,Consumer Goods
7DD8CC,LXP Industrial Trust,United States,Real Estate
CD9FFF,WSP Global Inc.,Canada,Industrials
887406,Sigma Foods S.A.B. de C.V.,Mexico,Industrials
F72A63,Rorze Corp.,Japan,Industrials
789D88,Banco Bilbao Vizcaya Argentaria S.A.,Spain,Financials
F5F1DD,NuVista Energy Ltd.,Canada,Energy
KXWE7F,Shanghai Huafon Aluminium Corp.,China,Basic Materials
1DC13D,Insigma Technology Co. Ltd.,China,Technology
CC7BE5,Hannover Rueck SE,Germany,Financials
68CBB9,AU Small Finance Bank Ltd.,India,Financials
5206AC,Guangzhou Zhujiang Brewery Co. Ltd.,China,Consumer Goods
41B0E2,F5 Inc.,United States,Technology
8EA478,Moderna Inc.,United States,Health Care
CCD612,Claritev Corp.,United States,Health Care
35C3C9,Charter Hall Retail REIT,Australia,Real Estate
202CC5,As One Corp.,Japan,Health Care
657097,Innovative Industrial Properties Inc.,United States,Real Estate
ED260E,Bank of Queensland Ltd.,Australia,Financials
57048C,Lendlease Global Commercial REIT,Singapore,Real Estate
14AA8D,Next PLC,United Kingdom,Consumer Services
903AB4,Agree Realty Corp.,United States,Real Estate
6DE211,KBC Ancora S.C.A.,Belgium,Financials
41DEDA,Dosilicon Co. Ltd.,China,Technology
980C14,Chatham Lodging Trust,United States,Real Estate
273BA3,Sumo Logic Inc.,United States,Technology
0CD69C,Moon Environment Technology Co. Ltd.,China,Industrials
B97CC1,Bright Dairy & Food Co. Ltd.,China,Consumer Goods
8A9827,Leopalace21 Corp.,Japan,Real Estate
189383,CR Double-Crane Pharmaceuticals Co. Ltd.,China,Health Care
6LW8TA,Brookfield Asset Management Ltd.,Canada,Financials
82872E,Puma SE,Germany,Consumer Goods
F33B3C,Brightstar Lottery Plc,United Kingdom,Consumer Services
81351C,KWS SAAT SE & Co. KGaA,Germany,Consumer Goods
B500BA,Safestore Holdings PLC,United Kingdom,Real Estate
4E535A,Offshore Oil Engineering Co. Ltd.,China,Energy
91757B,Hisense Home Appliances Group Co. Ltd.,China,Consumer Goods
3D5BC4,Guangdong Hoshion Aluminium Co. Ltd.,China,Basic Materials
840033,Pegasus Hava Tasimaciligi AS,Turkey,Consumer Services
E6A53A,Ashland Inc.,United States,Basic Materials
FA40E2,Conagra Brands Inc.,United States,Consumer Goods
F319A6,GD Power Development Co. Ltd.,China,Utilities
6E4D07,Petrol d.d.,Slovenia,Energy
2FFE4C,Highwealth Construction Corp.,Taiwan,Real Estate
E0ABDE,HD KSOE Co. Ltd.,South Korea,Industrials
E3112C,Sonata Software Ltd.,India,Technology
981A81,Fraser & Neave Holdings Bhd,Malaysia,Consumer Goods
ADA50C,Pinterest Inc.,United States,Technology
23A023,Lotte Chilsung Beverage Co. Ltd.,South Korea,Consumer Goods
8DCBBB,Murphy USA Inc.,United States,Energy
44494D,Central Puerto S.A.,Argentina,Utilities
286737,QinetiQ Group PLC,United Kingdom,Industrials
3F69FA,Airports of Thailand Public Co. Ltd.,Thailand,Industrials
2FA8A8,TABCorp Holdings Ltd.,Australia,Consumer Services
AVZ60W,Great Tree Pharmacy Co. Ltd.,Taiwan,Health Care
775B5C,China Resources Medical Hldgs Co. Ltd.,Cayman Islands,Health Care
C399C1,Compass Group PLC,United Kingdom,Consumer Services
9431CC,Xi'an International Medical Inv Co. Ltd.,China,Health Care
C9199D,Sandstorm Gold Ltd.,Canada,Basic Materials
FE7A63,Synovus Financial Corp.,United States,Financials
858158,Vobile Group Ltd.,Cayman Islands,Technology
AB6FDB,NexGen Energy Ltd.,Canada,Basic Materials
C9B932,Las Vegas Sands Corp.,United States,Consumer Services
BC8373,Banco Santander S.A.,Spain,Financials
D34D92,Beijing Dabeinong Tech Group Co. Ltd.,China,Consumer Goods
14D88B,Oncoclinicas do Brasil Servicos Medicos SA,Brazil,Health Care
61BC66,TeraWulf Inc.,United States,Financials
0IDXGR,Shanghai Film Co. Ltd.,China,Consumer Services
ED098B,Nuveen AMT-Free Quality Muni Income Fund,United States,Financials
F34295,Stroeer SE & Co. KGaA,Germany,Consumer Services
6FD3C4,Vale S.A.,Brazil,Basic Materials
38A0AE,Geely Automobile Holdings Ltd.,Cayman Islands,Consumer Goods
33057B,Stellantis N.V.,The Netherlands,Consumer Goods
6E8AD5,Hesteel Group,China,Basic Materials
44371D,Sanofi India Ltd.,India,Health Care
62C2BF,Bohai Leasing Co. Ltd.,China,Industrials
6D4D62,RenaissanceRe Holdings Ltd.,Bermuda,Financials
042C91,Hercules Capital Inc.,United States,Financials
0LY0Z1,BRC Inc. (Texas),United States,Consumer Services
0D3CC6,Energy Transfer LP,United States,Energy
B290EB,Axis Bank Ltd.,India,Financials
E390E8,Golub Capital BDC Inc.,United States,Financials
B5A6BF,Pembina Pipeline Corp.,Canada,Energy
B1A868,Goldwin Inc.,Japan,Consumer Goods
B8F5C8,Proto Labs Inc.,United States,Industrials
823A33,XPLR Infrastructure LP,United States,Utilities
974EBF,Autotrader Group PLC,United Kingdom,Consumer Services
CCC18B,Freshworks Inc.,United States,Technology
DC2B00,Dollar General Corp.,United States,Consumer Services
E7B0C4,Hansol Chemical Co. Ltd.,South Korea,Basic Materials
0F0DDA,TDK Corp.,Japan,Industrials
9CF1FF,TR Property Investment Trust PLC,United Kingdom,Financials
BC9455,Grupo Aeroportuario del Sureste (ASUR),Mexico,Industrials
68B03F,Heidrick & Struggles International Inc.,United States,Industrials
C3E8D0,Fast Retailing Co. Ltd.,Japan,Consumer Services
11DA11,Wesdome Gold Mines Ltd.,Canada,Basic Materials
34E9F9,The GEO Group Inc.,United States,Real Estate
1FAA37,Jonhon Optronic Technology Co. Ltd.,China,Industrials
571246,Sinosteel Engineering & Tech Co. Ltd.,China,Industrials
E8B315,Independent Bank Corp. (Massachusetts),United States,Financials
KE1KC2,Global Health Ltd. (India),India,Health Care
198D17,Permian Basin Royalty Trust Co.,United States,Energy
DE0759,Blue Star Ltd.,India,Industrials
13E02F,Datwyler Holding Inc.,Switzerland,Industrials
C0C7FA,StorageVault Canada Inc.,Canada,Consumer Services
F6DA75,Daily Journal Corp.,United States,Consumer Services
E54950,Alfa Laval AB,Sweden,Industrials
345EF2,Shenzhen Transsion Holdings Co. Ltd.,China,Technology
DXJPZY,Jiangshan Oupai Door Industry Co. Ltd.,China,Consumer Goods
O3MJXJ,Jiangsu Yike Food Group Co. Ltd.,China,Consumer Goods
0F4A17,Jindal Stainless Ltd.,India,Basic Materials
1E0D4E,Yixintang Pharmaceutical Group Co. Ltd.,China,Health Care
F43388,Opera Ltd.,Cayman Islands,Technology
3HX7XM,Tianjin Youfa Steel Pipe Group Co. Ltd.,China,Basic Materials
3C650E,Punjab National Bank,India,Financials
429254,SM Investments Corp.,Philippines,Real Estate
4CEADD,Sinofibers Technology Co. Ltd.,China,Basic Materials
3F2FF3,Zhejiang Dun'an Artificial Environ Co.,China,Industrials
5810F2,SK Inc.,South Korea,Technology
00DE46,Beijer Ref AB,Sweden,Industrials
E595CF,Tecnoglass Inc.,Cayman Islands,Industrials
A9B5D5,Guangzhou Yuexiu Capital Holdings Group Co. Ltd.,China,Financials
D622D5,Urstadt Biddle Properties Inc.,United States,Real Estate
3A1692,Nomura Real Estate Holdings Inc.,Japan,Real Estate
0EF2D6,Dentsu Group Inc.,Japan,Consumer Services
3419EA,Hubei Huaqiang Technology Co. Ltd.,China,Consumer Goods
BB0609,Juneyao Airlines Co. Ltd.,China,Consumer Services
1CC32F,Tonze New Energy Technology Co. Ltd.,China,Consumer Goods
69D1FD,Wuhan Huazhong Numerical Control System Inc.,China,Industrials
135B09,MDU Resources Group Inc.,United States,Industrials
4C759F,Keppel Infrastructure Trust,Singapore,Financials
5CB429,Money Forward Inc.,Japan,Technology
7CFFE1,China Steel Corp.,Taiwan,Basic Materials
CAFF8E,Laurentian Bank of Canada,Canada,Financials
74B1F0,Takara Bio Inc.,Japan,Health Care
3BB8E9,Softbank Corp.,Japan,Telecommunications
851FFD,Jiangsu Dingsheng New Material JSC Ltd.,China,Basic Materials
87B81A,CDW Corp.,United States,Technology
28DCF3,The First Bancshares Inc.,United States,Financials
EF3EEB,Olympic Circuit Technology Co. Ltd.,China,Industrials
9CE6BA,Jiangsu Shagang Co. Ltd.,China,Basic Materials
D03FF2,Svenska Handelsbanken AB,Sweden,Financials
A6FC89,Zuora Inc.,United States,Technology
0B3DE4,Toshiba Tec Corp.,Japan,Industrials
TAWPLY,China Leadshine Technology Co. Ltd.,China,Industrials
D8F395,HyUnion Holding Co. Ltd.,China,Consumer Goods
55F9BB,Do-Fluoride New Materials Co. Ltd.,China,Basic Materials
0YZ9OG,Vietnam Rubber Group JSC,Vietnam,Consumer Goods
569128,PageGroup PLC,United Kingdom,Industrials
33E8C7,M/I Homes Inc.,United States,Consumer Goods
A0DF03,Sunflower Pharmaceutical Group Co. Ltd.,China,Health Care
FF0310,Mazda Motor Corp.,Japan,Consumer Goods
118A3F,RB Global Inc.,Canada,Consumer Services
D69946,Coinbase Global Inc.,United States,Financials
6A34DD,Industrias Bachoco S.A.B. de C.V.,Mexico,Consumer Goods
995F22,Getinge AB,Sweden,Health Care
3DF25E,Filo Corp.,Canada,Basic Materials
WT2RH5,3peak Inc.,China,Technology
2CC9E5,Edifier Technology Co. Ltd.,China,Consumer Goods
6EA269,Commerzbank AG,Germany,Financials
FE89E0,ConocoPhillips Co.,United States,Energy
2CB839,Tangshan Port Group Co. Ltd.,China,Industrials
BCC705,GPS Participações e Empreendimentos S.A.,Brazil,Financials
7520CC,First Financial Bankshares Inc.,United States,Financials
7F0F33,Cricut Inc.,United States,Consumer Goods
C65515,Elecnor S.A.,Spain,Utilities
QL6C9R,Abu Dhabi Aviation Co.,United Arab Emirates,Consumer Services
D5EBB7,Whitecap Resources Inc.,Canada,Financials
7F311C,Jangho Group Co. Ltd.,China,Industrials
BE8447,Citizens & Northern Corp.,United States,Financials
594402,United Therapeutics Corp.,United States,Health Care
CA4B52,Banco de Chile S.A.,Chile,Financials
9639D1,Changchun UP Optotech Co. Ltd.,China,Industrials
33E3DA,Yunnan Chihong Zinc & Germanium Co. Ltd.,China,Basic Materials
182BE7,ICU Medical Inc.,United States,Health Care
9C2E68,China Enterprise Co. Ltd.,China,Real Estate
175285,Canvest Environmental Protection Group Co. Ltd.,Cayman Islands,Industrials
0DD4CB,CVR Partners LP,United States,Basic Materials
B62E0A,Kunshan Dongwei Technology Co. Ltd.,China,Industrials
724C56,Guangdong Hybribio Biotech Co. Ltd.,China,Health Care
784F59,LifeTech Scientific Corp.,Cayman Islands,Health Care
1B82E4,Zhejiang Hisoar Pharmaceutical Co. Ltd.,China,Health Care
43A4E9,en Inc.,Japan,Industrials
A01664,Take-Two Interactive Software Inc.,United States,Consumer Goods
KRCCFD,Tenaya Therapeutics Inc.,United States,Health Care
B75367,Grupo Financiero Galicia S.A.,Argentina,Financials
6C6B4A,MBK PCL,Thailand,Real Estate
D0E842,Banco Bansud S.A.,Argentina,Financials
2F98H4,Sichuan Teway Food Group Co. Ltd.,China,Consumer Goods
2A635D,UPL Ltd.,India,Basic Materials
EC210B,Infineon Technologies AG,Germany,Technology
66DZZV,Vår Energi ASA,Norway,Energy
96E5BE,Arcadis N.V.,The Netherlands,Industrials
442769,Tyler Technologies Inc.,United States,Technology
D35FEE,TPI Polene PCL,Thailand,Industrials
6DECE5,Arcturus Therapeutics Holdings Inc.,United States,Health Care
2E117A,Aiful Corp.,Japan,Financials
9A95B8,Traton SE,Germany,Industrials
416C55,Rockwell Automation Inc.,United States,Industrials
694749,Cars.com Inc.,United States,Technology
55DE4F,Hindustan Unilever Ltd.,India,Consumer Goods
814D8E,Elekta AB,Sweden,Health Care
8EBA88,Akoya Biosciences Inc.,United States,Health Care
53E575,NextGen Healthcare Inc.,United States,Technology
587B3F,Celltrion Pharm Inc.,South Korea,Health Care
EAEED8,Waypoint REIT Ltd.,Australia,Real Estate
D68899,LHV Group AS,Estonia,Financials
102231,COPT Defense Properties Inc.,United States,Real Estate
78798F,Qiagen N.V.,The Netherlands,Health Care
8127B5,Iwatani Corp.,Japan,Basic Materials
1A6C28,Killam Apartment REIT,Canada,Real Estate
30AF8E,OTOKI Corp.,South Korea,Consumer Goods
D5EA73,IDBI Bank Ltd.,India,Financials
ABF33A,Kumagai Gumi Co. Ltd.,Japan,Industrials
E69E72,Denison Mines Corp.,Canada,Basic Materials
8A3FC9,Nordnet AB,Sweden,Financials
D437C3,PTC Inc.,United States,Technology
27213A,China Tourism Group Duty Free Corp. Ltd.,China,Consumer Services
17D0E8,Syncona Ltd.,Guernsey,Financials
R1J92D,GalaxyCore Inc.,Cayman Islands,Technology
C09B2V,Shandong Dongyue Organosilicon Materials Co. Ltd.,China,Basic Materials
FB548D,Vinda International Holdings Ltd.,Cayman Islands,Consumer Goods
4922D8,Van Kampen Municipal Opportunity Trust,United States,Financials
1D2B2E,Weihai Guangwei Composites Co. Ltd.,China,Basic Materials
91B72A,Monte Rosa Therapeutics Inc.,United States,Health Care
677EAF,Tata Consumer Products Ltd.,India,Consumer Goods
4A5C8D,McKesson Corp.,United States,Consumer Services
AA28DE,Emaar Properties PJSC,United Arab Emirates,Real Estate
F010CC,Levi Strauss & Co.,United States,Consumer Goods
5B226B,Ebix Inc.,United States,Technology
1613E0,Godfrey Phillips India Ltd.,India,Consumer Goods
5C3A5C,BIM Birlesik Magazalar AS,Turkey,Consumer Services
565AEE,Omnivision Integrated Circuits Group Inc.,China,Technology
EA2BE8,Venture Corp. Ltd.,Singapore,Industrials
45A681,Nemetschek SE,Germany,Technology
FAC1FD,Outlook Therapeutics Inc.,United States,Health Care
16A27C,George Weston Ltd.,Canada,Consumer Services
27B191,EnerSys Inc.,United States,Industrials
DFDEAD,Scottish Mortgage Investment Trust PLC,United Kingdom,Financials
EAD24A,Thai Union Group PCL,Thailand,Consumer Goods
198A89,Hysan Development Co. Ltd.,Hong Kong SAR,Real Estate
E4FEC9,Daiwabo Holdings Co. Ltd.,Japan,Technology
FD01E7,Asian Star Anchor Chain Co. Ltd.,China,Industrials
VWXNAO,Yechiu Metal Recycling (China) Ltd.,China,Basic Materials
D664C6,Ho Chi Minh City Dev JS Commercial Bank,Vietnam,Financials
C4FBDC,Upbound Group Inc.,United States,Consumer Services
A5BF58,Managem S.A.,Morocco,Basic Materials
763724,Alamo Group Inc.,United States,Industrials
R9NCHD,Luoyang Jalon MicroNano New Mat Co. Ltd.,China,Basic Materials
9D1D31,Mitsubishi Chemical Group Corp.,Japan,Basic Materials
3F68C9,Gemdale Corp.,China,Real Estate
4989D9,Apeloa Pharmaceutical Co. Ltd.,China,Health Care
E41190,Ranger Oil Corp.,United States,Energy
88DEB4,Cellebrite DI Ltd.,United States,Technology
DCE2F5,Shaanxi Construction Eng Grp Corp. Ltd.,China,Industrials
41B524,OC Oerlikon Corp. AG,Switzerland,Industrials
757BE1,Nuveen California Municipal Value Fund,United States,Financials
B76CEE,Ningbo Joyson Electronic Corp.,China,Consumer Goods
EC6ECE,Mobico Group PLC,United Kingdom,Consumer Services
CC5529,Fujian Qingshan Paper Industry Co. Ltd.,China,Basic Materials
D7AB76,Qinghai Huzh TnYD Hghlnd Brly Srt Co. Ltd.,China,Consumer Goods
836D09,Encavis AG,Germany,Energy
898641,Orix Corp.,Japan,Financials
A4D173,Robert Half Inc.,United States,Industrials
F37D8E,PT Charoen Pokphand Indonesia Tbk,Indonesia,Consumer Goods
9F6B1A,Labcorp Holdings Inc.,United States,Health Care
624443,Yantai Jereh Oilfield Svcs Grp Co. Ltd.,China,Energy
4D401B,Holitech Technology Co. Ltd.,China,Industrials
DE7700,ReNew Energy Global PLC,United Kingdom,Financials
9CF9B1,Power Integrations Inc.,United States,Technology
662885,Public Power Corp. S.A.,Greece,Utilities
6BEB68,Nissin Foods Holdings Co. Ltd.,Japan,Consumer Goods
C6BDC2,Dongxing Securities Co. Ltd.,China,Financials
E14867,Shandong Sanyuan Biotechnology Co. Ltd.,China,Health Care
4D8E5E,German American Bancorp Inc.,United States,Financials
42AA69,Jumbo S.A.,Greece,Consumer Goods
DF3B33,Sims Ltd.,Australia,Industrials
F7D8AE,OneWater Marine Inc.,United States,Consumer Goods
00E601,Kite Realty Group Trust,United States,Real Estate
AD7DA1,Fujian Yongfu Power Engineering Co. Ltd.,China,Industrials
5D4353,SMC Corp.,Japan,Industrials
7D9216,Sprott Physical Gold Trust,Canada,Financials
BFDBAB,K+S Group AG,Germany,Basic Materials
1CA860,Frontera Energy Corp.,Canada,Energy
D8B617,Ecovacs Robotics Co. Ltd.,China,Consumer Goods
54AB45,Henan Huanghe Whirlwind Co. Ltd.,China,Basic Materials
FE2147,Blackrock Resources & Commodities Strategy Tst,United States,Financials
D97E51,Huaneng Lancang River Hydropower Inc.,China,Utilities
E85843,ALSOK Co. Ltd.,Japan,Industrials
355B19,MGE Energy Inc.,United States,Utilities
818A2F,Kronos Worldwide Inc.,United States,Basic Materials
4F779F,Greenvolt ¿ Energias Renováveis SA,Portugal,Energy
FA35C6,FormFactor Inc.,United States,Technology
5E9934,Concrete Pumping Holdings Inc.,United States,Industrials
LTATAM,Metrics Master Income Trust,Australia,Financials
1614E7,Cholamandalam Invest. & Finance Co. Ltd.,India,Financials
FN59A0,Kiler Holding A.S.,Turkey,Industrials
LGDXGZ,OmniAb Inc.,United States,Health Care
97D4AD,HuaAn Securities Co. Ltd.,China,Financials
A73C8E,China Express Airlines Co. Ltd.,China,Consumer Services
3EE65E,Ooma Inc.,United States,Technology
B106FA,Genie Energy Ltd.,United States,Utilities
4BCFEC,Far Eastern International Bank,Taiwan,Financials
D56E4C,Ovintiv Inc.,United States,Energy
B8C315,Trainline PLC,United Kingdom,Consumer Services
1AE9D5,Xpel Inc.,Canada,Consumer Goods
74C046,New East New Materials Co. Ltd.,China,Basic Materials
44F0AB,TFI International Inc.,Canada,Industrials
3327DF,Linamar Corp.,Canada,Consumer Goods
4397ED,BioMerieux S.A.,France,Health Care
2158DF,Ansys Inc.,United States,Technology
3BBD10,AssetMark Financial Holdings Inc.,United States,Financials
B8307C,PT Elang Mahkota Teknologi Tbk,Indonesia,Technology
B00481,Qualtrics International Inc.,United States,Technology
7733AE,Westlife Foodworld Ltd.,India,Consumer Services
7ABCCB,Henan Zhongyuan Expressway Co. Ltd.,China,Industrials
011F88,Arkema S.A.,France,Basic Materials
DCD97F,General Dynamics Corp.,United States,Industrials
8E82A6,Albemarle Corp.,United States,Basic Materials
D1EB9B,Zhejiang Orient Holdings Group Co. Ltd.,China,Consumer Services
1FA886,Airbus SE,The Netherlands,Industrials
316D25,Verve Therapeutics Inc.,United States,Health Care
220A22,Rinnai Corp.,Japan,Consumer Goods
E96A7C,Enel Americas S.A.,Chile,Utilities
228D42,Microsoft Corp.,United States,Technology
266842,Minmetals Capital Co. Ltd.,China,Financials
LCCLCM,Jiangyin Hengrun Heavy Industries Co. Ltd.,China,Industrials
D884DC,Gildan Activewear Inc.,Canada,Consumer Goods
13823Q,Fanli Digital Technology Co. Ltd.,China,Basic Materials
09DE1F,Broadcom Inc.,United States,Technology
D289C2,Kobe Steel Ltd.,Japan,Basic Materials
1FD7F2,Digital Garage Inc.,Japan,Technology
RHGDFJ,China Three Gorges Renewables Gp Co. Ltd.,China,Energy
DA9233,Virtus Equity & Convertible Income Fund,United States,Financials
B28ECE,Kiatnakin Phatra Bank PCL,Thailand,Financials
D21098,NanJi E-Commerce Co. Ltd.,China,Technology
7EDDED,F&C Investment Trust PLC,United Kingdom,Financials
1AC3ED,Iskenderun Demir Ve Celik A.S.,Turkey,Basic Materials
F11638,Intuit Inc.,United States,Technology
1A8D5C,CrossAmerica Partners LP,United States,Consumer Services
6BDA0C,Cable One Inc.,United States,Consumer Services
FA1D11,BioArctic AB,Sweden,Health Care
EDB8CA,Hisamitsu Pharmaceutical Co. Inc.,Japan,Health Care
A37D68,IDT Corp.,United States,Telecommunications
FDC08C,MetroCity Bankshares Inc.,United States,Financials
A5FB94,Grupo Vamos SA,Brazil,Industrials
C4A432,Hormel Foods Corp.,United States,Consumer Goods
B10B21,AllCargo Logistics Ltd.,India,Industrials
4F4C10,Shanghai Commercial & Savings Bank Ltd.,Taiwan,Financials
98A286,Rex American Resources Corp.,United States,Energy
F94651,Yokohama Financial Group Inc.,Japan,Financials
739268,Maxeon Solar Technologies Ltd.,Singapore,Energy
4F9351,New Mountain Finance Corp.,United States,Financials
7B7A21,Verallia SASU,France,Industrials
DD71C5,Taiwan High Speed Rail Corp.,Taiwan,Industrials
EB17C9,Jiangsu Leili Motor Corp. Ltd.,China,Industrials
E08AF3,Lumen Technologies Inc.,United States,Telecommunications
13D576,Ageas SA/NV,Belgium,Financials
C9DABA,Aker ASA,Norway,Financials
CDAA0E,Momentive Global Inc.,United States,Technology
F6DE54,U.S. Silica Holdings Inc.,United States,Basic Materials
BEE5A9,GCH Technology Co. Ltd.,China,Consumer Services
6886B4,Arjo AB,Sweden,Health Care
69CDDC,Viper Energy Inc.,United States,Energy
4C94AA,Wingtech Technology Co. Ltd.,China,Technology
6WI1O8,Longyan Zhuoyue New Energy Co. Ltd.,China,Energy
E11D29,Maccura Biotechnology Co. Ltd.,China,Health Care
00D6B5,Tronox Holdings PLC,United Kingdom,Basic Materials
CB5DB1,Takeda Pharmaceutical Co. Ltd.,Japan,Health Care
B3C93D,Kikkoman Corp.,Japan,Consumer Goods
F90EE5,CNO Financial Group Inc.,United States,Financials
0EEBFD,Banco Latinoamericano de Comercio Exterior S.A.,Panama,Financials
4A395C,ASPEED Technology Inc.,Taiwan,Technology
E0D3BA,Prestige Consumer Healthcare Inc.,United States,Health Care
C6C702,Appian Corp.,United States,Technology
72CFCE,Jiangsu Huahong Technology Co. Ltd.,China,Industrials
37020C,Zurn Elkay Water Solutions Corp.,United States,Industrials
572945,Brookfield Real Assets Income Fund Inc.,United States,Financials
E7E1B6,Shenzhen Neptunus Bioengineering Co. Ltd.,China,Health Care
HUJ7I1,Wise PLC,United Kingdom,Financials
1CBEE4,DRDGold Ltd.,South Africa,Basic Materials
EBB7A4,Eagle Bulk Shipping Inc.,Marshall Islands,Industrials
16E90D,Impax Asset Management Group PLC,United Kingdom,Financials
C20CBD,Qualitas Controladora S.A.B. de C.V.,Mexico,Financials
F20CC8,AEON Co. Ltd.,Japan,Consumer Services
B25B8E,Absa Group Ltd.,South Africa,Financials
425A27,Clean Science & Technology Ltd.,India,Basic Materials
EAD147,Walsin Technology Corp.,Taiwan,Industrials
EBD127,Dechra Pharmaceuticals Ltd.,United Kingdom,Health Care
THC8Q8,KKR & Co. Inc.,United States,Financials
B38078,Bursa Malaysia Bhd.,Malaysia,Financials
CD5E8B,Dollarama Inc.,Canada,Consumer Services
EF25A5,ACI Worldwide Inc.,United States,Industrials
A09134,MidCap Financial Investment Corp.,United States,Financials
A68611,Atul Ltd.,India,Basic Materials
5AC710,Guangdong Shunkong Development Co. Ltd.,China,Utilities
AF11DA,Beijing Oriental Jicheng Co. Ltd.,China,Industrials
B6E5BA,Bank of the Philippine Islands,Philippines,Financials
CD38B0,Shanghai Runda Medical Tech Co. Ltd.,China,Health Care
1EC3E8,Peapack-Gladstone Financial Corp.,United States,Financials
A766DB,Oil India Ltd.,India,Energy
4649D5,CIRCOR International Inc.,United States,Industrials
F5C8AB,Expeditors Intl of Washington Inc.,United States,Industrials
47738E,BGI Genomics Co. Ltd.,China,Health Care
2873A5,LY Corp.,Japan,Technology
3305A3,JMDC Inc.,Japan,Industrials
676737,Ardentec Corp.,Taiwan,Technology
752C76,DKSH Holding AG,Switzerland,Consumer Services
QK2LOR,Paycor HCM Inc.,United States,Technology
E016AF,China Tianrui Group Cement Company Ltd.,Cayman Islands,Industrials
0DE52B,Dongfeng Motor Group Co. Ltd.,China,Consumer Goods
GU70KF,Jiangsu ToLand Alloy Co. Ltd.,China,Basic Materials
226FE1,Puyang Huicheng Electronic Mat Co. Ltd.,China,Basic Materials
BB64F9,Deepak Nitrite Ltd.,India,Basic Materials
DE27F9,Chubb Ltd.,United States,Financials
3390DE,NPK International Inc.,United States,Energy
2A1262,Suntory Beverage & Food Ltd.,Japan,Consumer Goods
586FFD,The Marzetti Co.,United States,Consumer Goods
5B6C11,Franklin Resources Inc.,United States,Financials
5EAA43,Triumph Group Inc.,United States,Industrials
AD192F,Hutchmed (China) Ltd.,Cayman Islands,Health Care
5C1C60,Kenda Rubber Industrial Co. Ltd.,Taiwan,Consumer Goods
085C10,Bufab AB,Sweden,Industrials
4A5CEF,DWS Group GmbH & Co. KGaA,Germany,Financials
56XAA4,Jiang Xi ChenGuang New Mats Co. Ltd.,China,Basic Materials
C6E490,Harbin Boshi Automation Co. Ltd.,China,Industrials
BP4081,Yunsung F&C Co. Ltd.,South Korea,Industrials
E0UFRL,PT Prima Andalan Mandiri Tbk,Indonesia,Basic Materials
JU3CIO,TXO Partners LP,United States,Energy
CA3D88,EFG International AG,Switzerland,Financials
A4CD53,R1 RCM Inc.,United States,Health Care
E845D9,APi Group Corp.,British Virgin Islands,Industrials
184988,Chinook Therapeutics Inc.,United States,Health Care
3D907D,PSG Corp. PCL,Thailand,Industrials
75282E,Ignitis Group UAB,Lithuania,Utilities
FD0CA4,GATX Corp.,United States,Financials
5GFF9M,COFCO Engineering & Technology Co. Ltd.,China,Industrials
4DA332,Lawson Inc.,Japan,Consumer Services
5B4C40,SeSa SpA,Italy,Technology
388E00,Coterra Energy Inc.,United States,Energy
9E890E,Diagnosticos da America SA,Brazil,Health Care
59DB8C,Twist Bioscience Corp.,United States,Health Care
4BDCA7,Xencor Inc.,United States,Health Care
4EC4C1,Greenbrier Cos. Inc.,United States,Industrials
879C3F,Azimut Holding S.p.A.,Italy,Financials
AB98E6,Energiekontor AG,Germany,Energy
5D1B5D,PT Indofood CBP Sukses Makmur Tbk,Indonesia,Consumer Goods
AA5FE1,Mitsubishi Shokuhin Co. Ltd.,Japan,Consumer Goods
4C75BC,Tokyo Century Corp.,Japan,Financials
0D5770,Daihen Corp.,Japan,Industrials
E8445A,AIA Engineering Ltd.,India,Industrials
1E112F,Mesabi Trust,United States,Basic Materials
F5A3E4,LTIMindtree Ltd.,India,Technology
787D14,Entravision Communications Corp.,United States,Consumer Services
EB43F4,Omeros Corp.,United States,Health Care
5HNAAR,Betagro PCL,Thailand,Consumer Goods
344094,XD Inc.,Cayman Islands,Consumer Goods
ED9576,Knight-Swift Transportation Hldgs Inc.,United States,Industrials
58025F,SCREEN Holdings Co. Ltd.,Japan,Technology
58A57A,The City of London Investment Trust PLC,United Kingdom,Financials
F7751C,Global Power Synergy Public Co. Ltd.,Thailand,Utilities
E90120,Shandong Yabo Technology Co. Ltd.,China,Consumer Goods
CE49B6,PowerSchool Holdings Inc.,United States,Technology
2E36AD,Siga Technologies Inc.,United States,Health Care
2A9E29,Xinyi Solar Holdings Ltd.,Cayman Islands,Energy
74D650,StoneCo Ltd.,Cayman Islands,Industrials
DED097,Mubang High-tech Co. Ltd.,China,Consumer Goods
F11C7D,SASA Polyester Sanayi A.S.,Turkey,Consumer Goods
E22FDE,Amyris Inc.,United States,Basic Materials
4U3U3W,Hotai Finance Co. Ltd.,Taiwan,Financials
DADFB1,Cohen & Steers Total Return Realty Fund,United States,Financials
B967AF,Shiny Chemical Industrial Co. Ltd.,Taiwan,Basic Materials
03CF95,PayPal Holdings Inc.,United States,Consumer Services
3AD326,Vermilion Energy Inc.,Canada,Energy
C48670,Guangdong Topstar Technology Co. Ltd.,China,Industrials
1BFEA6,Era Co. Ltd.,China,Industrials
CA052D,Hexing Electrical Co. Ltd.,China,Industrials
B44330,LingNan Eco & Culture Tourism Co. Ltd.,China,Industrials
7A9399,Exclusive Networks SA,France,Technology
697B21,NTN Corp. (Osaka),Japan,Industrials
35268B,GCL Technology Holdings Ltd.,Cayman Islands,Energy
CEDFD5,Biogen Inc.,United States,Health Care
F6863F,Shenzhen SEZ Real Estate & Prop Grp,China,Real Estate
157D9F,Virtu Financial Inc.,United States,Financials
0A2F36,Jamf Holding Corp.,United States,Technology
C206D9,Xinte Energy Co. Ltd.,China,Utilities
892202,Nojima Co. Ltd.,Japan,Consumer Services
08AOQZ,Shenzhen Qingyi Photomask Ltd.,China,Technology
B79152,Archer Aviation Inc.,United States,Industrials
D72AA6,Jeol Ltd.,Japan,Industrials
E8402D,Jinke Property Group Co. Ltd.,China,Real Estate
636B8B,Shenzhen Click Technology Co. Ltd.,China,Industrials
B8DA39,Arendals Fossekompani ASA,Norway,Utilities
00C977,BRD-Groupe Societe Generale S.A.,Romania,Financials
195A6D,Rai Way SpA,Italy,Consumer Services
ED9C63,Trusco Nakayama Corp.,Japan,Industrials
1E1B94,Shenzhen Tellus Holding Co. Ltd.,China,Consumer Services
96BFF4,Eastman Kodak Co.,United States,Consumer Goods
DF11D9,First Foundation Inc.,United States,Financials
29E144,Nuveen NJ Quality Municipal Income Fund,United States,Financials
BB58FF,Kennametal Inc.,United States,Industrials
62FCEB,Binjiang Service Group Co. Ltd.,Cayman Islands,Real Estate
2C2E58,BlackRock MuniAssets Fund Inc.,United States,Financials
0TU4CY,Sichuan Lutianhua Co. Ltd.,China,Basic Materials
B0D5C8,RBL Bank Ltd.,India,Financials
E1788A,SciClone Pharmaceuticals Holdings Ltd.,Cayman Islands,Health Care
CDCD30,Varun Beverages Ltd.,India,Consumer Goods
443F0F,Ningbo Xusheng Group Co. Ltd.,China,Industrials
2D6E66,Treasury Wine Estates Ltd.,Australia,Consumer Goods
AXEZ6B,Qingdao NovelBeam Technology Co. Ltd.,China,Industrials
1FB981,Royce Micro-Cap Trust Inc.,United States,Financials
5AF07D,Flow Traders Ltd.,The Netherlands,Financials
691337,Eaton Vance Municipal Bond Fund,United States,Financials
C5AE29,Triumph Science & Technology Co. Ltd.,China,Industrials
8A09DC,Calamos Convertible Opportunities & Income Fund,United States,Financials
178EDB,Star Lake Bioscience Co. Inc.,China,Consumer Goods
C04E15,Freehold Royalties Ltd.,Canada,Energy
001F1B,PriceSmart Inc.,United States,Consumer Services
1AEA6A,Hainan Haide Capital Management Co. Ltd.,China,Financials
E8D221,Value Line Inc.,United States,Consumer Services
3573DB,China Airlines Ltd.,Taiwan,Consumer Services
34B00D,Beijer Alma AB,Sweden,Industrials
5989A8,Larsen & Toubro Ltd.,India,Industrials
F8BDCE,Hingham Institution for Savings Co.,United States,Financials
AE3E13,Cia de Saneamento de Minas Gerais S.A.,Brazil,Utilities
4115AC,Gourmet Master Co. Ltd.,Cayman Islands,Consumer Services
2003A5,Miller Industries Inc. (Tennessee),United States,Industrials
320380,Inaba Denki Sangyo Co. Ltd.,Japan,Industrials
D78CC1,Brembo N.V.,The Netherlands,Consumer Goods
075AEB,Helvetia Baloise Holding AG,Switzerland,Financials
516F64,PharmaBlock Sciences (Nanjing) Inc.,China,Health Care
HRNP8G,Shenzhen United Winners Laser Co. Ltd.,China,Industrials
50B7BB,ASR Microelectronics Co. Ltd.,China,Technology
FIR0AF,Grupo Mateus SA,Brazil,Consumer Services
7FDE1C,DISH Network Corp.,United States,Consumer Services
4C5CC9,Federal Signal Corp.,United States,Industrials
DC7F14,Weifu High-Technology Group Co. Ltd.,China,Consumer Goods
E0D0D2,Kingboard Laminates Holdings Ltd.,Cayman Islands,Basic Materials
249674,Ducommun Inc.,United States,Industrials
78643C,Aston Martin Lagonda Global Holdings PLC,United Kingdom,Consumer Goods
E2EF85,Western Securities Co. Ltd.,China,Financials
1C2593,BJ's Wholesale Club Holdings Inc.,United States,Consumer Services
WN2MW8,Solo Brands Inc.,United States,Consumer Services
2D4B71,Shandong Chenming Paper Holdings Ltd.,China,Basic Materials
3770E8,Primerica Inc.,United States,Financials
8QNTX1,2seventy Bio Inc.,United States,Health Care
41F457,Hochtief AG,Germany,Industrials
D0DE27,Quaker Houghton,United States,Basic Materials
25EC08,Crestwood Equity Partners LP,United States,Energy
EDFC84,JM AB,Sweden,Consumer Goods
D5C31A,Baltic Classifieds Group PLC,United Kingdom,Technology
3AEF4F,SFS Group AG,Switzerland,Industrials
C05DB3,Xiamen Kingdomway Group Co.,China,Health Care
02EBBF,Jinlongyu Group Co. Ltd.,China,Industrials
244B2B,Krung Thai Bank PCL,Thailand,Financials
001BF1,Mega Lifesciences Public Co. Ltd.,Thailand,Consumer Services
FFBF74,Nutrien Ltd.,Canada,Basic Materials
2CE1BA,Qt Group Oyj,Finland,Technology
3AB7F4,Ansell Ltd.,Australia,Health Care
09F623,ONEOK Inc.,United States,Utilities
AEFC90,Arrowhead Pharmaceuticals Inc.,United States,Health Care
84A6B9,Beacon Financial Corp.,United States,Financials
DD5C33,International Airlines Group,Spain,Consumer Services
60A36A,Thanachart Capital PCL,Thailand,Financials
041180,Hana Financial Group Inc.,South Korea,Financials
8EF2D1,Huatu Cendes Co. Ltd.,China,Consumer Services
488B3A,Sime Darby Bhd.,Malaysia,Industrials
2E17FC,Samsung BioLogics Co. Ltd.,South Korea,Health Care
2B8678,UMW Holdings Bhd.,Malaysia,Financials
SZYUXM,engcon AB,Sweden,Industrials
D7CDDE,Taro Pharmaceuticals Industries Ltd.,Israel,Health Care
ACF742,Studio Dragon Corp.,South Korea,Consumer Services
6D3F35,Arlo Technologies Inc.,United States,Consumer Goods
E82C77,Deppon Logistics Co. Ltd.,China,Industrials
4F8C8D,NS Solutions Corp.,Japan,Technology
DEB102,Wilhelm Wilhelmsen Holding ASA,Norway,Industrials
F74812,Paragon 28 Inc.,United States,Health Care
63E8D5,Stellar Bancorp Inc.,United States,Financials
02D924,Wan Hai Lines Ltd.,Taiwan,Industrials
810C86,SPX Technologies Inc.,United States,Industrials
237306,Berkshire Grey Inc.,United States,Industrials
550983,Freenet AG,Germany,Telecommunications
CD4C44,FirstRand Ltd.,South Africa,Financials
7E9DD8,Hunan Zhongke Electric Co. Ltd.,China,Industrials
8B4A45,Copart Inc.,United States,Consumer Services
4B406D,Evolution Mining Ltd.,Australia,Basic Materials
90F8E6,Guizhou Gas Group Corp. Ltd.,China,Utilities
E04CDC,Ricoh Leasing Co. Ltd.,Japan,Financials
FS3IVI,Al Ansari Financial Services PJSC,United Arab Emirates,Financials
32EC22,CyberAgent Inc.,Japan,Technology
2F3009,Hindustan Zinc Ltd.,India,Basic Materials
1BDB2A,MKS Inc.,United States,Technology
5B0D4D,Ramaco Resources Inc.,United States,Basic Materials
C77738,PT Astra International Tbk,Indonesia,Consumer Goods
6E7828,Huachangda Intelligent Equipment Group Co. Ltd.,China,Consumer Goods
CC9C70,Burckhardt Compression Holding AG,Switzerland,Industrials
CC35BE,Conduent Inc.,United States,Industrials
A42637,Prosus N.V.,The Netherlands,Technology
K63ZFL,Asiainfo Security Technologies Co. Ltd.,China,Technology
107C84,Beijing Enterprises Holdings Ltd.,Hong Kong SAR,Industrials
4988CD,Rocket Companies Inc.,United States,Financials
28F905,Resideo Technologies Inc.,United States,Technology
0285DE,Mapfre S.A.,Spain,Financials
4DDE97,Tata Motors Passenger Vehicles Ltd.,India,Consumer Goods
80C703,Mercari Inc.,Japan,Technology
QIS7QG,Angel One Ltd.,India,Financials
D598E7,Booz Allen Hamilton Holding Corp.,United States,Industrials
594E07,Shougang Fushan Resources Group Ltd.,Hong Kong SAR,Basic Materials
312892,Zhejiang Jingu Co. Ltd.,China,Consumer Goods
56B7C1,Life Storage Inc.,United States,Real Estate
1ABE37,Swatch Group AG,Switzerland,Consumer Goods
301ED3,Cornerstone Strategic Investment Fund Inc.,United States,Financials
4E01CD,Manulife Financial Corp.,Canada,Financials
8BA687,Jiangxi Jovo Energy Co. Ltd.,China,Energy
6EAC51,Kontron AG,Austria,Consumer Services
B1FC3B,Comtech Telecommunications Corp.,United States,Technology
805CD8,IVERIC bio Inc.,United States,Health Care
A7DE19,Vina Concha y Toro S.A.,Chile,Consumer Goods
78EAC9,Pingdingshan Tianan Coal,China,Basic Materials
C7E3CA,BW LPG Ltd.,Singapore,Industrials
627186,AngioDynamics Inc.,United States,Health Care
2BE245,Guangdong Electric Power Dev Co. Ltd.,China,Utilities
T81JE6,LG Energy Solution Ltd.,South Korea,Industrials
D45F67,Henan YiCheng New Energy Co. Ltd.,China,Technology
A2005F,Galenica Ltd.,Switzerland,Health Care
47718F,Turkish Airlines Inc.,Turkey,Consumer Services
90AC47,Far Eastern New Century Corp.,Taiwan,Consumer Goods
DD9E41,Harmonic Inc.,United States,Technology
B8BD35,Nexi S.p.A.,Italy,Industrials
96F46B,Henan Yuguang Gold & Lead Co. Ltd.,China,Basic Materials
FEE161,Mebuki Financial Group Inc.,Japan,Financials
719D11,CPI Card Group Inc.,United States,Financials
DE83FA,Suntec Real Estate Investment Trust,Singapore,Real Estate
EB7FBF,Commercial Metals Co.,United States,Basic Materials
165716,A-Living Smart City Services Co. Ltd.,China,Real Estate
E96E0B,Penumbra Inc.,United States,Health Care
EE0EEE,Also Holding AG,Switzerland,Technology
3C7F5F,Paramount Global Co.,United States,Consumer Services
A576B7,CMOC Group Co. Ltd.,China,Basic Materials
343424,Baotailong New Materials Co. Ltd.,China,Basic Materials
51D876,CBRE Group Inc.,United States,Real Estate
C2026E,Jingda Special Magnet Wire Co. Ltd.,China,Industrials
A52533,El Pollo Loco Holdings Inc.,United States,Consumer Services
JSY6PM,China Agriculture Development Seed Group Co. Ltd.,China,Consumer Goods
2162B8,Oversea-Chinese Banking Corp. Ltd.,Singapore,Financials
FAE931,Guizhou Zhenhua E-Chem Inc.,China,Industrials
PW8QH2,Appotronics Corp. Ltd.,China,Consumer Goods
96E834,Avenue Supermarts Ltd.,India,Consumer Services
23EA2A,MP Materials Corp.,United States,Basic Materials
09542A,Jiangxi GETO New Materials Corp. Ltd.,China,Basic Materials
5A64D5,Carpenter Technology Corp.,United States,Basic Materials
6FVVHU,Accelleron Industries AG,Switzerland,Industrials
CB50E7,Russel Metals Inc.,Canada,Basic Materials
C564E4,Ultragenyx Pharmaceutical Inc.,United States,Health Care
BA7CF0,Hello Group Inc.,Cayman Islands,Technology
NJ6VVQ,Jiangsu Guomao Reducer Co. Ltd.,China,Industrials
4BC1B0,Niterra Co. Ltd.,Japan,Consumer Goods
41785E,Navient Corp.,United States,Financials
37CDE0,Japan Airport Terminal Co. Ltd.,Japan,Industrials
AFDF2E,AZZ Inc.,United States,Industrials
4E6CA0,Enviva LLC,United States,Energy
184B27,NCC AB,Sweden,Industrials
66A667,Acuity Inc.,United States,Industrials
205AD5,UnitedHealth Group Inc.,United States,Health Care
2AA6A8,Editas Medicine Inc.,United States,Health Care
8BAA15,InterDigital Wireless Inc.,United States,Technology
20DC6C,TaiMed Biologics Inc.,Taiwan,Health Care
5BAFDF,abrdn Healthcare Opportunities Fund,United States,Financials
A646DF,Shenzhen SED Industry Co. Ltd.,China,Technology
70C94F,COL Group Co. Ltd.,China,Consumer Services
3CF7D7,Power Finance Corp. Ltd.,India,Financials
5F653E,Japan Post Bank Co. Ltd.,Japan,Financials
17B615,Scandinavian Tobacco Group A/S,Denmark,Consumer Goods
F21611,Avary Holding (Shenzhen) Co. Ltd.,China,Industrials
3224CC,Siteone Landscape Supply Inc.,United States,Industrials
E868F0,Yara International ASA,Norway,Basic Materials
5C0AB1,Shenzhen MTC Co. Ltd.,China,Technology
A5800B,ESSA Industries Indonesia Tbk,Indonesia,Energy
E2D70C,Aéroports de Paris,France,Industrials
881B1A,CPN Retail Growth Leasehold Ppty Fund,Thailand,Financials
95C392,Blackline Inc.,United States,Technology
112B21,Pernod Ricard S.A.,France,Consumer Goods
C12ED9,Nokia Corp.,Finland,Technology
0690EF,NKT A/S,Denmark,Industrials
9DC27E,Dali Foods Group Co. Ltd.,Cayman Islands,Consumer Goods
0986B5,Farmers National Banc Corp.,United States,Financials
E0E930,Jiangxi Wannianqing Cement Co. Ltd.,China,Industrials
BD7DC0,Sumitomo Mitsui Trust Group Inc.,Japan,Financials
D8F347,Union Pacific Corp.,United States,Industrials
B39B14,BioGaia AB,Sweden,Consumer Goods
4FD5EW,Bolsas y Mercados Argentinos SA,Argentina,Financials
88D0D7,Beijing E-hualu Info. Tech. Co. Ltd.,China,Technology
7FLU7N,European Wax Center Inc.,United States,Consumer Goods
E4E3B7,Nabors Industries Ltd.,Bermuda,Energy
26B640,Antero Midstream Corp.,United States,Energy
EF8ABA,Liaoning Chengda Biotechnology Co. Ltd.,China,Health Care
D5C2D9,BE Semiconductor Industries N.V.,The Netherlands,Technology
0559E5,BWP Trust Co.,Australia,Real Estate
9196A2,Morgan Stanley Co.,United States,Financials
BB051F,Quick Intelligent Equipment Co. Ltd.,China,Industrials
C55ABB,Sichuan Yahua Industrial Group Co. Ltd.,China,Basic Materials
AABBD8,Hubei Xingfa Chemicals Group Co. Ltd.,China,Basic Materials
94C47D,Trisura Group Ltd.,Canada,Financials
4DA329,Deutsche Lufthansa AG,Germany,Consumer Services
OMTRS0,Tianjin Port Holdings Co. Ltd.,China,Industrials
ULUT7A,Eastroc Beverage (Group) Co. Ltd.,China,Consumer Goods
38A276,Telkom SA SOC Ltd.,South Africa,Telecommunications
C5FE69,Fuji Oil Holdings Inc.,Japan,Consumer Goods
322D0E,ZJAMP Group Co. Ltd.,China,Health Care
6BH58P,Nagarro SE,Germany,Technology
1E93C6,QL Resources Bhd.,Malaysia,Consumer Goods
A98238,PT Sawit Sumbermas Sarana Tbk,Indonesia,Consumer Goods
129DC8,Gentherm Inc.,United States,Industrials
75F3C6,Suzhou SLAC Precision Equipment Co. Ltd.,China,Industrials
C78169,Piedmont Lithium Inc.,United States,Basic Materials
0E499E,Pacira BioSciences Inc.,United States,Health Care
48459C,SIG Group AG,Switzerland,Industrials
FEF73F,Daiwa House Industry Co. Ltd.,Japan,Consumer Goods
81A88D,Universal Logistics Holdings Inc.,United States,Industrials
C69D06,Peyto Exploration & Development Corp.,Canada,Energy
C8FAC7,Anheuser-Busch InBev NV,Belgium,Consumer Goods
93E8EF,Swissquote Group Holding Ltd.,Switzerland,Financials
07DE63,Wuhan Easy Diagnosis,China,Health Care
43564B,Jardine Matheson Holdings Ltd.,Bermuda,Real Estate
0F33FE,Zhuzhou Hongda Electronics Corp. Ltd.,China,Industrials
30560E,China Testing & Certification Intl Group,China,Industrials
15D976,China Merchants Property Operation,China,Real Estate
CC58C6,Deutsche Wohnen SE,Germany,Real Estate
3BB7D3,Avidity Biosciences Inc.,United States,Health Care
6F02DF,DNB Bank ASA,Norway,Financials
8BC50F,Kuala Lumpur Kepong Bhd,Malaysia,Consumer Goods
F36A0D,Intact Financial Corp.,Canada,Financials
C6487A,Sunward Intelligent Equipment Co. Ltd.,China,Industrials
373A14,Zhejiang Semir Garment Co. Ltd.,China,Consumer Services
2DE5BB,Central Fund of Canada,Canada,Financials
E8DD0E,Tatung Co. Ltd.,Taiwan,Technology
52F299,Shandong Publishing & Media Co. Ltd.,China,Consumer Services
A576B8,MK Restaurant Group PCL Co. Ltd.,Thailand,Consumer Goods
A24EE1,KCC Corp.,South Korea,Industrials
A82UWJ,Ventyx Biosciences Inc.,United States,Health Care
EEA1E7,Severn Trent PLC,United Kingdom,Utilities
65D9B9,Hatsun Agro Product Ltd.,India,Consumer Goods
06B1AE,Guangdong Aofei Data Technology Co. Ltd.,China,Technology
B98A29,New Relic Inc.,United States,Technology
D94396,POINT Biopharma Global Inc.,United States,Health Care
C769FD,Medibank Private Ltd.,Australia,Financials
1B1348,Gjensidige Forsikring ASA,Norway,Financials
416291,BrightSpire Capital Inc.,United States,Financials
DB9829,The Toro Company,United States,Industrials
D9CACB,CAP S.A.,Chile,Basic Materials
C5CFEC,Olink Holding AB,Sweden,Health Care
D5DDBD,China Steel Chemical Corp.,Taiwan,Basic Materials
C8FBDB,Info Edge (India) Ltd.,India,Technology
0F5458,Hioki E.E. Corp.,Japan,Industrials
5DE1D9,Nextage Co. Ltd.,Japan,Consumer Services
620D56,Lotus Pharmaceutical Co. Ltd.,Taiwan,Health Care
124B5F,Genesis Energy Ltd.,New Zealand,Utilities
DBC82B,EVgo Inc.,United States,Consumer Services
16B882,Overseas Shipholding Group Inc.,United States,Industrials
A307B5,Bata India Ltd.,India,Consumer Goods
E36854,SilverBow Resources Inc.,United States,Energy
467C65,Capri Holdings Ltd.,British Virgin Islands,Consumer Goods
764B53,Yizumi Holdings Co. Ltd.,China,Industrials
B4F8D8,Shin-Etsu Polymer Co. Ltd.,Japan,Basic Materials
307C99,Zhejiang Chint Electrics Co. Ltd.,China,Industrials
524322,DSV A/S,Denmark,Industrials
60F369,Topco Scientific Co. Ltd.,Taiwan,Technology
1AABF3,OSB Group PLC,United Kingdom,Financials
CADCAE,Aya Gold & Silver Inc.,Canada,Basic Materials
63A9BE,Geberit AG,Switzerland,Industrials
E37FE6,China TransInfo Technology Co. Ltd.,China,Technology
CA0169,GEM Co. Ltd.,China,Industrials
F96F69,Shoals Technologies Group Inc.,United States,Energy
807A79,Ocean's King Lighting,China,Consumer Goods
D23A30,Shift4 Payments Inc.,United States,Technology
EB6965,Colgate-Palmolive Co.,United States,Consumer Goods
514685,JBS N.V.,Brazil,Consumer Goods
A63D65,Adecoagro S.A.,Luxembourg,Consumer Goods
7F2F33,Meridian Energy Ltd.,New Zealand,Utilities
49D97C,Fuyao Glass Industry Group Co. Ltd.,China,Consumer Goods
7BE0FF,Yulon Motor Co. Ltd.,Taiwan,Consumer Goods
D0666C,Itochu Corp.,Japan,Industrials
B835EA,Northern Star (Pilbara) Pty. Ltd.,Australia,Basic Materials
44ED36,Omega Healthcare Investors Inc.,United States,Real Estate
A7A6EC,Atour Lifestyle Holdings Ltd.,Cayman Islands,Consumer Services
5A122F,Wonik IPS Co. Ltd.,South Korea,Technology
6C6AF6,Shenzhen Jieshun Sci & Tech Ind Co. Ltd.,China,Industrials
2B03C9,Zhejiang Southeast Space Frame Co. Ltd.,China,Industrials
234CE6,Kainos Group PLC,United Kingdom,Technology
4E64CD,Network International Holdings Plc,United Kingdom,Industrials
4B3676,IAC Inc.,United States,Technology
F6C03A,Nuveen Global High Income Fund,United States,Financials
601979,Nidec Corp.,Japan,Industrials
07101A,Norwegian Air Shuttle ASA,Norway,Consumer Services
E9C0CB,SLR Investment Corp.,United States,Financials
F08B39,NewtekOne Inc.,United States,Financials
B3F6F2,LaSalle Logiport REIT,Japan,Real Estate
E866D2,Southwest Airlines Co.,United States,Consumer Services
F9A645,SkiStar AB,Sweden,Consumer Services
A0F146,TETRA Technologies Inc.,United States,Energy
4C0E42,Sumitomo Mitsui Financial Group Inc.,Japan,Financials
DC9BEC,Sabanci Holding A.S.,Turkey,Financials
49F4D0,PennyMac Mortgage Investment Trust,United States,Real Estate
C8712E,Navigator Holdings Ltd.,Marshall Islands,Industrials
41406A,Ryan Specialty Group Holdings Inc.,United States,Financials
ECB81E,LXi Ltd.,United Kingdom,Real Estate
126BB0,TPG Telecom Ltd.,Australia,Telecommunications
F00285,National Western Life Group Inc.,United States,Financials
4B5E3B,All Winner Technology Co. Ltd.,China,Technology
284283,Boliden AB,Sweden,Basic Materials
696362,ZIM Integrated Shipping Services Ltd.,Israel,Industrials
405C11,SK Networks Co. Ltd.,South Korea,Consumer Goods
5FD048,SZZT Electronics Co. Ltd.,China,Industrials
ABC697,Bharat Petroleum Corp. Ltd.,India,Energy
BF165C,Tianma Microelectronics Co. Ltd.,China,Industrials
63EC57,Zhongji Innolight Co. Ltd.,China,Industrials
E2C0F3,Turk Altin Isletmeleri AS,Turkey,Basic Materials
254C74,Enghouse Systems Ltd.,Canada,Technology
B628F0,China Petroleum Engineering Corp.,China,Basic Materials
0A1D77,Metropolitan Bank Holding Corp.,United States,Financials
E36703,Beijing Enlight Media Co. Ltd.,China,Consumer Services
C9A96E,Stericycle Inc.,United States,Industrials
689488,Shede Spirits Co. Ltd.,China,Consumer Goods
DE2D29,Episil Technologies Inc.,Taiwan,Technology
533DA8,Bank of Suzhou Co. Ltd.,China,Financials
D7EBE1,Momo.com Inc.,Taiwan,Consumer Services
B34C38,Vicat S.A.,France,Industrials
D7918D,Liberty Energy Inc.,United States,Energy
800F03,NetEase Inc.,Cayman Islands,Technology
2A3AE7,Guangzhou Baiyun Intl Airport Co. Ltd.,China,Industrials
GMNGN6,Expensify Inc.,United States,Technology
B2D492,Lindblad Expeditions Holdings Inc.,United States,Consumer Services
982D53,Bosideng International Holdings Ltd.,Cayman Islands,Consumer Goods
C501F8,Parade Technologies Ltd.,Cayman Islands,Technology
BFFF1B,Tokyu REIT Inc.,Japan,Real Estate
FDF799,Caredx Inc.,United States,Health Care
85A2FF,SBM Offshore N.V.,The Netherlands,Energy
ED84A3,Imax Corp.,Canada,Consumer Services
BA363D,Shaanxi Provincial Natural Gas Co. Ltd.,China,Energy
35FBA3,China Hainan Rubber Industry Gp Co. Ltd.,China,Consumer Goods
6E0019,Immersion Corp.,United States,Technology
233B7A,Systemair AB,Sweden,Industrials
20F577,Finolex Industries Ltd.,India,Basic Materials
0082B1,East Buy Holding Ltd.,Cayman Islands,Consumer Services
BFC19F,Deep Source Holdings Ltd.,Hong Kong SAR,Industrials
3F6A9C,Hanesbrands Inc.,United States,Consumer Goods
53A013,AZ-COM Maruwa Holdings Inc.,Japan,Industrials
C0FA69,Lithium Argentina AG,Switzerland,Basic Materials
8C2586,SINOPEC Kantons Holdings Ltd.,Bermuda,Energy
BFF2F5,AMG Critical Materials N.V.,The Netherlands,Industrials
EE1E44,United Bankshares Inc.,United States,Financials
ANNZAL,Xi'an Sinofuse Electric Co. Ltd.,China,Industrials
359F81,China Shineway Pharmaceutical Group Ltd.,Cayman Islands,Health Care
5F1Z9Z,Ivanhoe Electric Inc.,United States,Basic Materials
7AFFD8,Glenmark Pharmaceuticals Ltd.,India,Health Care
85DA04,RingCentral Inc.,United States,Technology
BA218A,Eagle Bancorp Inc.,United States,Financials
789ADD,Church & Dwight Co. Inc.,United States,Consumer Goods
D13763,ChipMOS Technologies Inc.,Bermuda,Technology
UBPLC9,Sportradar Group AG,Switzerland,Technology
49A7BC,HD Construction Equipment Co. Ltd.,South Korea,Industrials
573C5D,Ennoconn Corp.,Taiwan,Technology
5DD48B,Spirit Airlines LLC,United States,Consumer Services
DDB8B0,Tipco Asphalt PCL,Thailand,Industrials
1813DB,Lien Hwa Industrial Holdings Corp.,Taiwan,Consumer Goods
089C2D,Kumba Iron Ore Ltd.,South Africa,Basic Materials
9FEAF0,Flight Centre Travel Group Ltd.,Australia,Consumer Services
B2B5CF,PT Pacific Strategic Financial Tbk,Indonesia,Financials
20224F,Innuovo Technology Co. Ltd.,China,Basic Materials
14150F,Northeast Securities Co. Ltd.,China,Financials
15D923,Corporacion Financiera Colombiana S.A.,Colombia,Financials
B14461,Oklo Inc.,United States,Utilities
9D0247,Century Pacific Food Inc.,Philippines,Consumer Goods
596401,Dr. Peng Telecom & Media Group Co. Ltd.,China,Technology
792471,Northern Oil & Gas Inc.,United States,Energy
D97887,Driven Brands Holdings Inc.,United States,Consumer Services
0D4600,Zhejiang Huace Film & TV Co. Ltd.,China,Consumer Services
46A16E,Delek US Holdings Inc.,United States,Energy
6C7906,Magellan Midstream Partners L.P.,United States,Energy
4C2A08,Union Bank of Taiwan Co.,Taiwan,Financials
6B1B2F,T&D Holdings Inc.,Japan,Financials
7F2C3E,AmeriCold Realty Trust Inc.,United States,Real Estate
0FDE97,WisdomTree Inc.,United States,Financials
AA3A25,Sulzer AG,Switzerland,Industrials
381A87,Suburban Propane Partners L.P.,United States,Utilities
BCACE3,Renesas Electronics Corp.,Japan,Technology
54104C,Hangzhou DPtech Technologies Co. Ltd.,China,Technology
377869,Capital Securities Corp.,Taiwan,Financials
7DFE86,Cleanspark Inc.,United States,Technology
14391F,Cannae Holdings Inc.,United States,Financials
386EDF,JTEKT Corp.,Japan,Consumer Goods
7ED2CB,China Jushi Co. Ltd.,China,Basic Materials
06C115,Aurubis AG,Germany,Basic Materials
96631D,Sysmex Corp.,Japan,Health Care
69CF22,Nitori Holdings Co. Ltd.,Japan,Consumer Services
81FB01,Keshun Waterproof Technologies Co. Ltd.,China,Industrials
981E0E,Remy Cointreau S.A.,France,Consumer Goods
D5497E,John Hancock Preferred Income Fund,United States,Financials
4CE63E,Pan American Silver Corp.,Canada,Basic Materials
FF6644,Honeywell International Inc.,United States,Industrials
FYI5FE,CION Investment Corp.,United States,Financials
60F343,COSMOS Pharmaceutical Corp.,Japan,Consumer Services
937DCC,Callon Petroleum Co.,United States,Energy
8DE757,Suzhou NanoMicro Technology Co. Ltd.,China,Basic Materials
ED1BE7,Ninestar Corp.,China,Industrials
083F72,The RMR Group Inc.,United States,Financials
DEE347,Shanghai Sinyang Smcndctr Mtls Co. Ltd.,China,Technology
7EADEE,Xinjiang Xuefeng Sci-Tech Grp Co. Ltd.,China,Basic Materials
981656,Harmony Biosciences Holdings Inc.,United States,Health Care
910E23,Evergreen Marine Corp. (Taiwan) Ltd.,Taiwan,Industrials
AXWAKS,Nu Holdings Ltd.,Cayman Islands,Financials
CB728E,Alteryx Inc.,United States,Technology
D9263F,Xero Ltd.,New Zealand,Technology
70537F,Cyient Ltd.,India,Technology
5FBCE7,Max Financial Services Ltd.,India,Financials
3CE867,Nifco Inc.,Japan,Consumer Goods
6A8590,Tokyo Electric Power Co. Holdings Inc.,Japan,Utilities
6F7AF2,Shandong Humon Smelting Co. Ltd.,China,Basic Materials
405EDB,Japan Hotel REIT Investment Corp.,Japan,Real Estate
85F42A,Aalberts N.V.,The Netherlands,Industrials
1AD9CC,Zumiez Inc.,United States,Consumer Services
F4AFF9,SeeWay.ai Co. Ltd.,China,Technology
164LVQ,Judo Capital Holdings Ltd.,Australia,Financials
3935B8,Social Capital Suvretta Holdings Corp. II,Cayman Islands,Financials
D75813,Guangzhou Zhiguang Electric Co. Ltd.,China,Industrials
788057,Workspace Group PLC,United Kingdom,Real Estate
B72BE9,J&J Snack Foods Corp.,United States,Consumer Goods
80B4DD,LVGEM (China) Real Estate Inv Co. Ltd.,Cayman Islands,Real Estate
195B00,Zhejiang Shouxiangu Pharm Co. Ltd.,China,Health Care
9301A4,AXIA Energia S.A.,Brazil,Utilities
785B16,SICC Co. Ltd.,China,Consumer Goods
EB6035,Quechen Silicon Chemical Co. Ltd.,China,Basic Materials
6B0BA4,Grieg Seafood ASA,Norway,Consumer Goods
4C92B9,Camping World Holdings Inc.,United States,Consumer Goods
ED7AE6,Plus500 Ltd.,Israel,Financials
22ABB9,Hiconics Eco-energy Technology Co. Ltd.,China,Industrials
6E5E72,KBC Groep N.V.,Belgium,Financials
EGHWHH,Dongguan Dingtong Prec Metal Co. Ltd.,China,Industrials
AB4BA6,SDCL Energy Efficiency Income Trust PLC,United Kingdom,Financials
E67C2C,Shake Shack Inc.,United States,Consumer Services
5FFA6A,Sino-Platinum Metals Co. Ltd.,China,Basic Materials
7DA44F,LIC Housing Finance Ltd.,India,Financials
DF6FDD,Avnet Inc.,United States,Industrials
D6F456,Mediobanca SPA,Italy,Financials
74404C,Kontoor Brands Inc.,United States,Consumer Goods
69EF5D,Recordati S.p.A.,Italy,Health Care
F83279,OGE Energy Corp.,United States,Energy
981B23,Top Glove Corp. Bhd,Malaysia,Health Care
GE180K,Sk Ie Technology Co. Ltd.,South Korea,Basic Materials
FA02E3,Asahi Intecc Co. Ltd.,Japan,Health Care
1524BE,Macnica Holdings Inc.,Japan,Technology
4525A3,Navin Fluorine International Ltd.,India,Basic Materials
734206,SpareBank 1 Ostlandet ASA,Norway,Financials
9ED735,BigBear.ai Holdings Inc.,United States,Financials
215087,Odakyu Electric Railway Co. Ltd.,Japan,Consumer Services
T8HO5Y,Jinzai Food Group Co. Ltd.,China,Consumer Goods
B1977A,Selcuk Ecza Deposu Ticaret ve Sanayi A.S.,Turkey,Consumer Services
50EE98,Novatek Microelectronics Corp.,Taiwan,Technology
5CD03E,Cheil Worldwide Inc.,South Korea,Consumer Services
253FB3,Newcrest Mining Ltd.,Australia,Basic Materials
081AB9,RPC Inc.,United States,Energy
7E3F8F,IQVIA Holdings Inc.,United States,Health Care
D48275,Brandywine Realty Trust,United States,Real Estate
3F63B5,Wencan Group Co. Ltd.,China,Consumer Goods
A98B8F,Vuzix Corp.,United States,Consumer Goods
8DC29E,Sinocare Inc.,China,Health Care
7D29B1,Cushman & Wakefield Ltd.,Bermuda,Real Estate
3FB73B,Zhejiang CF Moto Power Co. Ltd.,China,Consumer Goods
785D19,Tobu Railway Co. Ltd.,Japan,Industrials
460E6D,PhiChem Corp.,China,Basic Materials
80C4D4,Guangdong South New Media Co. Ltd.,China,Consumer Services
979096,Bilfinger SE,Germany,Industrials
C306EB,Vitasoy International Holdings Ltd.,Hong Kong SAR,Consumer Goods
94A811,Novartis AG,Switzerland,Health Care
385208,Shenzhen Microgate Technology Co. Ltd.,China,Technology
BE2732,SoftBank Group Corp.,Japan,Telecommunications
B984AD,Immunocore Holdings PLC,United Kingdom,Health Care
949E62,Travis Perkins PLC,United Kingdom,Industrials
730D66,Hengyi Petrochemical Co. Ltd.,China,Basic Materials
74ED77,Jiangsu Azure Corp.,China,Basic Materials
0339D5,Izumi Co. Ltd.,Japan,Consumer Services
848021,Nichias Corp.,Japan,Industrials
0911F1,Rexel S.A.,France,Industrials
85E345,Vingroup JSC,Vietnam,Real Estate
A96C30,Rede D'Or São Luiz S.A.,Brazil,Health Care
8A99F8,Petroreconcavo SA,Brazil,Energy
303A8A,Permanent TSB Group Holdings PLC,Ireland,Financials
06AC8D,Central Retail Corp. PCL,Thailand,Consumer Services
1BACE4,Mirait One Corp.,Japan,Industrials
F4E882,Mattel Inc.,United States,Consumer Goods
2E4F55,Nova Ltd.,Israel,Technology
BC248C,Jinneng Science & Technology Co. Ltd.,China,Basic Materials
CEED5B,ID Logistics Group SA,France,Industrials
BB0FD3,Vibhavadi Medical Center PCL,Thailand,Health Care
5B62B3,Telecom Plus PLC,United Kingdom,Telecommunications
MQHNVB,MARSA MAROC,Morocco,Industrials
415744,Systena Corp.,Japan,Technology
A61BF0,California Resources Corp.,United States,Energy
EBD087,Anhui Huaheng Biotechnology Co. Ltd.,China,Health Care
069795,Sumitomo Chemical Co. Ltd.,Japan,Basic Materials
D647E7,China Hongqiao Group Ltd.,Cayman Islands,Basic Materials
EEA75C,Porsche AG,Germany,Consumer Goods
882DCF,Vestel Beyaz Esya Sanayi Ve Ticaret A.S.,Turkey,Consumer Goods
6985AC,TELUS International (CDA) Inc.,Canada,Technology
24FA23,Viking Therapeutics Inc.,United States,Health Care
60FA6E,Public Bank Bhd.,Malaysia,Financials
A961B5,Golden Agri-Resources Ltd.,Singapore,Consumer Goods
6DA727,Sekisui House REIT Inc.,Japan,Real Estate
69AGEX,Hangzhou Greenda Elec Materials Co. Ltd.,China,Basic Materials
VQ9699,John Marshall Bancorp Inc.,United States,Financials
098977,Vanda Pharmaceuticals Inc.,United States,Health Care
3BA4B2,Diageo PLC,United Kingdom,Consumer Goods
B6FC3D,Hangzhou Elec Soul Network Tech Co. Ltd.,China,Consumer Goods
DED1A2,Teleperformance SE,France,Industrials
88234D,Fujian Kuncai Material Tech Co. Ltd.,China,Basic Materials
E8F0E2,Keros Therapeutics Inc.,United States,Health Care
62A122,Aviat Networks Inc.,United States,Technology
70B3D6,Academy Sports & Outdoors Inc.,United States,Consumer Services
83E62F,Shangri-La Asia Ltd.,Bermuda,Consumer Services
C5BC15,Beijing Compass Tech Dvlp Co. Ltd.,China,Financials
B9E1E8,Vinhomes JSC,Vietnam,Real Estate
FDCAA0,Great Chinasoft Technology Co. Ltd.,China,Basic Materials
8C0129,Warehouses De Pauw Comm. VA,Belgium,Real Estate
ACB95F,LG Innotek Co. Ltd.,South Korea,Industrials
49190B,Jiangsu Phoenix Publishing & Media Corp. Ltd.,China,Consumer Services
091B6C,iTeos Therapeutics Inc.,Belgium,Health Care
1021F3,TTW Public Co. Ltd.,Thailand,Utilities
WE7WTO,Intercos S.p.A.,Italy,Consumer Goods
003724,Walvax Biotechnology Co. Ltd.,China,Health Care
29A35D,Nichirei Corp.,Japan,Consumer Goods
CDAF5B,SITE Centers Corp.,United States,Real Estate
7A51FE,Brighthouse Financial Inc.,United States,Financials
8B7GRA,Phillips Edison & Co. Inc.,United States,Real Estate
B2FEB2,Investis Holding S.A.,Switzerland,Real Estate
9AEA2D,Continental AG,Germany,Consumer Goods
F6DCE4,Target Corp.,United States,Consumer Services
C8A248,Dupont De Nemours Inc.,United States,Basic Materials
1BCD04,Dampskibsselskabet Norden A/S,Denmark,Industrials
B7C498,Hunan Er-Kang Pharmaceutical Co. Ltd.,China,Health Care
D7201E,TechnoPro Holdings Inc.,Japan,Technology
9B131D,Yue Yuen Industrial (Holdings) Ltd.,Bermuda,Consumer Goods
405250,Shin-Etsu Chemical Co. Ltd.,Japan,Basic Materials
0C78F3,Hazama Ando Corp.,Japan,Industrials
C86B01,PT Alamtri Resources Indonesia Tbk,Indonesia,Basic Materials
B0BDEC,Itissalat Al Maghrib Ste SA,Morocco,Telecommunications
F9473E,Forge Global Holdings Inc.,Cayman Islands,Technology
962076,Cummins India Ltd.,India,Consumer Goods
33570F,ImmunityBio Inc.,United States,Health Care
D683EC,MiMedx Group Inc.,United States,Health Care
CE8851,Shanghai Industrial Development Co. Ltd.,China,Real Estate
953YFL,Sokan New Materials Group Co. Ltd.,China,Industrials
B6F7F7,Avantor Inc.,United States,Health Care
A69A2D,Benesse Holdings Inc.,Japan,Consumer Services
D9A8DC,Champion Iron Ltd.,Australia,Basic Materials
871B74,Henderson Land Development Co. Ltd.,Hong Kong SAR,Real Estate
462D0B,Meritz Financial Group Inc.,South Korea,Financials
7B4MZW,Metals Acquisition Corp.,Cayman Islands,Financials
0D9EE3,Kokuyo Co. Ltd.,Japan,Consumer Goods
67A42B,Stratasys Ltd.,Israel,Technology
D518D8,PROG Holdings Inc.,United States,Consumer Services
DB5E90,Rio Tinto PLC,United Kingdom,Basic Materials
E623A2,Miura Co. Ltd.,Japan,Industrials
763728,Gaona Aero Material Co. Ltd.,China,Basic Materials
651C38,Vienna Insurance Group AG,Austria,Financials
9BBFA5,Darden Restaurants Inc.,United States,Consumer Services
59C539,S&T Bancorp Inc.,United States,Financials
5B7E70,Liuzhou Iron & Steel Co. Ltd.,China,Basic Materials
EF8F59,Luzhou Laojiao Co. Ltd.,China,Consumer Goods
ECDC73,Honda Motor Co. Ltd.,Japan,Consumer Goods
A348A1,LG Corp.,South Korea,Industrials
5C5BE0,Elkem ASA,Norway,Basic Materials
01316B,Bilibili Inc.,Cayman Islands,Consumer Services
959595,DTS Corp.,Japan,Technology
9417FE,TSMC Ltd. (Taiwan),Taiwan,Technology
2BCF4A,Nanjing Canatal Data-Cntr Env Tech Co. Ltd.,China,Industrials
1E68B3,Reinsurance Group of America Inc.,United States,Financials
9EBA72,T&S Communications Co. Ltd.,China,Technology
CAA39B,Microvision Inc.,United States,Industrials
285A77,Suwen Electric Energy Tech Co. Ltd.,China,Industrials
5F2FF7,Delta Air Lines Inc.,United States,Consumer Services
6A9AE4,Aurizon Holdings Ltd.,Australia,Industrials
5A7792,Super Retail Group Ltd.,Australia,Consumer Services
C26897,AvePoint Inc.,United States,Financials
F432C5,Wiwynn Corp.,Taiwan,Technology
CB25E2,Shimizu Corp.,Japan,Industrials
LDTZ4I,Hygon Information Technology Co. Ltd.,China,Technology
7A975D,UniFirst Corp.,United States,Consumer Goods
GGOIE4,HomeCo Daily Needs REIT,Australia,Real Estate
79B1BF,Doosan Bobcat Inc.,South Korea,Industrials
08E961,Shanxi Coking Co. Ltd.,China,Basic Materials
2CB94B,Wemade Co. Ltd.,South Korea,Consumer Goods
TZW967,Beijing Zuojiang Technology Co. Ltd.,China,Technology
2F7F4C,Zhejiang Dali Technology Co. Ltd.,China,Industrials
4AA257,Eckert & Ziegler SE,Germany,Basic Materials
76592C,Zhuzhou Kibing Group Co. Ltd.,China,Industrials
62E6C3,Zhejiang Starry Pharmaceutical Co. Ltd.,China,Health Care
O6LLT8,Linkage Software Co. Ltd.,China,Technology
3584B9,Yueyang Forest & Paper Co. Ltd.,China,Basic Materials
43D87A,4D Molecular Therapeutics Inc.,United States,Health Care
387AF6,Jason Furniture (Hangzhou) Co. Ltd.,China,Consumer Goods
C7CAD3,Associated British Foods PLC,United Kingdom,Consumer Services
F44EA2,American States Water Co.,United States,Utilities
DB1383,Sihuan Pharmaceutical Hldgs Group Ltd.,Bermuda,Health Care
EA2D9B,Xinjiang Xintai Natural Gas Co. Ltd.,China,Energy
092C44,OUTsurance Group Ltd.,South Africa,Financials
A98AB8,Beijing Enterprises Water Group Ltd.,Hong Kong SAR,Industrials
1A4ADC,E2open Parent Holdings Inc.,United States,Technology
DD0AA3,Shenzhen Energy Group Co. Ltd.,China,Utilities
AC6701,Zhejiang Huatong Meat Products Co. Ltd.,China,Consumer Goods
MRG1ZH,DiCE Molecules Inc.,United States,Health Care
ED2EFD,Middlesex Water Co.,United States,Utilities
QT38X0,Baoji Titanium Industry Co. Ltd.,China,Basic Materials
F200EE,Haitong Securities Co. Ltd.,China,Financials
860AB6,Vornado Realty Trust Co.,United States,Real Estate
589803,Regeneron Pharmaceuticals Inc.,United States,Health Care
3A2757,E.ON SE,Germany,Utilities
323C60,Amplify Energy Corp.,United States,Energy
AD9FFB,TongFu Microelectronics Co. Ltd.,China,Technology
4F783B,JBG Smith Properties Corp.,United States,Real Estate
4F4B18,Grape King Bio Ltd.,Taiwan,Consumer Goods
068BF3,Zhejiang Xianju Pharmaceutical Co. Ltd.,China,Health Care
U94BCC,Anupam Rasayan India Ltd.,India,Health Care
557DEB,Icahn Enterprises L.P.,United States,Financials
73AA96,Zhejiang Hengtong Holding Co. Ltd.,China,Health Care
5A7350,GDS Holdings Ltd.,Cayman Islands,Technology
99B4BE,Velocity Financial Inc.,United States,Financials
EF522E,Greenlight Capital Re Ltd.,Cayman Islands,Financials
5D4D98,Zhangjiagang Rural Commercial Bank,China,Financials
2626F4,Ares Acquisition Corp.,Cayman Islands,Financials
CEF881,Chemring Group PLC,United Kingdom,Industrials
5F3BCD,Gimv N.V.,Belgium,Financials
B179F3,Seatrium Ltd.,Singapore,Industrials
B0090A,PT Mitra Adiperkasa Tbk,Indonesia,Consumer Services
B13F8A,Guangdong Construction Engineering Group Co. Ltd.,China,Industrials
03388E,XTC New Energy Materials Xiamen Co. Ltd.,China,Basic Materials
FF5413,SkyWest Inc.,United States,Consumer Services
HTA3J9,Constellation Energy Corp.,United States,Utilities
BB5142,USANA Health Sciences Inc.,United States,Consumer Goods
AC775C,Vishay Precision Group Inc.,United States,Industrials
658FF2,Establishment Labs Holdings Inc.,British Virgin Islands,Health Care
C75ABC,ChaoZhou Three-Circle (Group) Co. Ltd.,China,Industrials
7590F2,San Miguel Corp.,Philippines,Consumer Goods
EFF3A0,Berkeley Group Holdings PLC,United Kingdom,Consumer Goods
9C5753,J. Front Retailing Co. Ltd.,Japan,Consumer Services
2563B2,Cosan SA,Brazil,Energy
OHKPMZ,ZJMI Environmental Energy Co. Ltd.,China,Basic Materials
9WGKXF,Winner Medical Co. Ltd.,China,Health Care
C7859D,"First Republic Bank (San Francisco, California)",United States,Financials
A89E94,Tecon Biology Co. Ltd.,China,Consumer Goods
D630FF,C.Q. Pharmaceutical Holding Co. Ltd.,China,Health Care
EE924B,Reece Ltd.,Australia,Industrials
F707B6,BDO (BDO Unibank Inc.),Philippines,Financials
955D18,Elion Clean Energy Co. Ltd.,China,Basic Materials
785EB5,Oriental Pearl Group Co. Ltd.,China,Consumer Services
891933,Neway CNC Equipment (Suzhou) Co. Ltd.,China,Industrials
81E2B3,ChargePoint Holdings Inc.,United States,Energy
B8B5AD,Oaktree Specialty Lending Corp.,United States,Financials
EE0564,MS&AD Insurance Group Holdings Inc.,Japan,Financials
70B7D3,Yantai China Pet Foods Co. Ltd.,China,Consumer Goods
771D6D,PT United Tractors Tbk,Indonesia,Industrials
19ACAF,Siemens Healthineers AG,Germany,Health Care
FA9F9E,First Pacific Co. Ltd.,Bermuda,Consumer Goods
31B696,Beibu Gulf Port Co. Ltd.,China,Industrials
TL31XJ,Wilson Sons Holdings Brasil S.A.,Brazil,Industrials
88D3BF,Adani Enterprises Ltd.,India,Financials
6111B2,Auren Participações S.A.,Brazil,Utilities
065678,MFS Intermediate Income Trust,United States,Financials
52D936,Prudential PLC,United Kingdom,Financials
49A79C,Ramsay Health Care Ltd.,Australia,Health Care
1QLRLU,Ningbo YongXin Optics Co. Ltd.,China,Health Care
92F3A1,PZ Cussons PLC,United Kingdom,Consumer Goods
1CAB4B,Consolidated Water Co. Inc.,Cayman Islands,Utilities
A746F6,Pinnacle Financial Partners Inc. /Old,United States,Financials
268E06,Bunzl PLC,United Kingdom,Industrials
9DB232,E Ink Holdings Inc.,Taiwan,Industrials
30513C,Central China Land Media Co. Ltd.,China,Consumer Services
77A62E,Central Pattana PCL,Thailand,Real Estate
FC2011,Fiskars Oyj,Finland,Consumer Goods
D32ED5,Ocado Group PLC,United Kingdom,Consumer Services
3EE835,Alarko Holding A.S.,Turkey,Industrials
21153F,Aegon Ltd.,Bermuda,Financials
88701C,BYD Co. Ltd.,China,Consumer Goods
41CDD7,Ultratech Cement Ltd.,India,Industrials
D4463B,Freeport-McMoRan Inc.,United States,Energy
A1B637,YOUNGY Co. Ltd.,China,Consumer Goods
06FF93,Momentum Group Ltd.,South Africa,Financials
C3CC59,Ichor Holdings Ltd.,Cayman Islands,Technology
44209A,A10 Networks Inc.,United States,Technology
BFEF33,Voltas Ltd.,India,Industrials
9CAC83,James Hardie Industries PLC,Ireland,Industrials
F84EB5,China Great Wall Securities Co. Ltd.,China,Financials
33A085,LG Household & Health Care Ltd.,South Korea,Consumer Goods
CA58E6,Shenzhen Hopewind Electric Co. Ltd.,China,Industrials
WD4CHC,Doosan Fuel Cell Co. Ltd.,South Korea,Technology
LJPA1L,GE HealthCare,United States,Health Care
3ADF02,Joyful Honda Co. Ltd.,Japan,Consumer Services
3F08F9,Firstsource Solutions Ltd.,India,Technology
164D72,SLB Ltd.,United States,Energy
121B41,Bell Food Group AG,Switzerland,Consumer Goods
53C592,Guangzhou Guangri Stock Co. Ltd.,China,Basic Materials
39DD54,Qingdao Zhongzi Zhongcheng Group Co. Ltd.,China,Energy
DO1VE8,Westrock Coffee Co.,United States,Consumer Goods
9FFE49,Utour Group Co. Ltd.,China,Consumer Services
2E3992,Tech Mahindra Ltd.,India,Technology
0609B0,AIMA Technology Group Co. Ltd.,China,Consumer Goods
F3F692,Aritzia Inc.,Canada,Consumer Services
D43A7A,Talanx AG,Germany,Financials
CB7AB2,Workiva Inc.,United States,Technology
B2AA0A,Erste Group Bank AG,Austria,Financials
D3D781,Snowflake Inc.,United States,Technology
B9BD50,Aecc Aero Science & Technology Co. Ltd.,China,Industrials
F92766,PT Bank Central Asia Tbk,Indonesia,Financials
1921DD,GE Aerospace,United States,Industrials
4A2457,Kratos Defense & Security Solutions Inc.,United States,Industrials
4802F2,Forvia S.E.,France,Consumer Goods
RQHNRU,Suzhou HYC Technology Co. Ltd.,China,Industrials
A95605,Hugo Boss AG,Germany,Consumer Goods
D7EAC4,Turkiye Vakiflar Bankasi T.A.O.,Turkey,Financials
B4E00D,Flex Ltd.,Singapore,Industrials
179ADB,China Galaxy Securities Co. Ltd.,China,Financials
F17E54,Perseus Mining Ltd.,Australia,Basic Materials
73F28D,SolarEdge Technologies Inc.,United States,Energy
E743AE,MARA Holdings Inc.,United States,Technology
548AC0,Liquidity Services Inc.,United States,Consumer Services
808319,Seagate Technology Holdings PLC,Ireland,Technology
F5221C,Danske Bank A/S,Denmark,Financials
E30B75,RHB Bank Bhd.,Malaysia,Financials
1A1CEF,B-Soft Co. Ltd.,China,Technology
045482,WAM Leaders Ltd.,Australia,Financials
C44D01,Enphase Energy Inc.,United States,Energy
AD0881,TomTom N.V.,The Netherlands,Technology
7F9E16,Sterling Infrastructure Inc.,United States,Industrials
99DC8D,Powell Industries Inc.,United States,Industrials
7IWEBX,Chongqing Construction Eng Grp Co. Ltd.,China,Industrials
RN8P7P,Taiwan FamilyMart Co. Ltd.,Taiwan,Consumer Services
F2C97F,Alkermes PLC,Ireland,Health Care
83B057,STO Express Co. Ltd.,China,Industrials
TLDS42,Enefit Green AS,Estonia,Utilities
65CF8E,Ethan Allen Interiors Inc.,United States,Consumer Goods
B384F9,Mangalore Refinery & Petrochemicals Ltd.,India,Energy
7E858D,Sany Heavy Industry Co. Ltd.,China,Industrials
680C4F,Pacific Securities Co. Ltd.,China,Financials
89FBB1,HCI Group Inc.,United States,Financials
352F2C,Trex Co. Inc.,United States,Industrials
BB02FB,Bloomin' Brands Inc.,United States,Consumer Services
991BE2,H.U. Group Holdings Inc.,Japan,Health Care
0A3B36,Nissan Shatai Co. Ltd.,Japan,Consumer Goods
B817EB,Viaplay Group AB,Sweden,Consumer Services
E9FF33,Trustmark Corp.,United States,Financials
I5I1XV,Chipsea Tech (Shenzhen) Corp. Ltd.,China,Technology
71ADBE,Yongjin Technology Group Co. Ltd.,China,Basic Materials
F17B03,Hana Microelectronics Public Co. Ltd.,Thailand,Industrials
0026BA,Shenzhen Topband Co. Ltd.,China,Industrials
8CC842,Anhui Guangxin Agrochemical Co. Ltd.,China,Basic Materials
0GXP17,Xiamen Solex High-Tech Inds Co. Ltd.,China,Industrials
1FED42,Shenzhen Topway Video Commu Co. Ltd.,China,Consumer Services
C5D687,Five Below Inc.,United States,Consumer Services
DB49D9,Thungela Resources Ltd.,United Kingdom,Basic Materials
PUBJCK,Piesat Information Technology Co. Ltd.,China,Technology
3154D7,Sanken Electric Co. Ltd.,Japan,Technology
AB0588,Zbom Home Collection Co. Ltd.,China,Consumer Goods
6D7E7F,Marks & Spencer Group PLC,United Kingdom,Consumer Services
AD88B3,Afry AB,Sweden,Industrials
BF2314,Tres Tentos Agroindustrial S.A.,Brazil,Basic Materials
9E77D1,SSI Securities Corp.,Vietnam,Financials
NHO7JM,Definitive Healthcare Corp.,United States,Technology
F90151,Warner Music Group Corp.,United States,Consumer Services
5F7069,Union Bank of India Ltd.,India,Financials
5W97BI,Yihai Kerry Arawana Holdings Co. Ltd.,China,Consumer Goods
53F491,SL Green Realty Corp.,United States,Real Estate
D8EDD5,Revolve Group Inc.,United States,Consumer Services
0A4328,PPB Group Bhd,Malaysia,Consumer Goods
3D4EB6,Applied Energetics Inc.,United States,Industrials
694752,CGN New Energy Holdings Co. Ltd.,Bermuda,Utilities
DOMZU5,Fenbi Ltd.,Cayman Islands,Technology
2649BF,Virbac S.A.,France,Health Care
F95404,Banca Mediolanum S.p.A.,Italy,Financials
2DC1AB,The Hour Glass Ltd.,Singapore,Consumer Services
5DDFAD,Bethel Auto Safety Systems Co. Ltd.,China,Consumer Goods
1FC080,Red Avenue New Materials Group Co. Ltd.,China,Basic Materials
D8520B,Cathay Pacific Airways Ltd.,Hong Kong SAR,Consumer Services
30DE3B,Sanwei Holding Group Co. Ltd.,China,Industrials
1D270A,Metrovacesa S.A.,Spain,Real Estate
6AD099,China Jinmao Holdings Group Ltd.,Hong Kong SAR,Real Estate
7D8B41,Timken India Ltd.,India,Industrials
2709C4,Central Depository Services (India) Ltd.,India,Financials
D5A350,Fidelity D & D Bancorp Inc.,United States,Financials
9BBDFD,Centuria Capital Group Co.,Australia,Financials
F2D7A2,Churchill Capital Corp. VII,United States,Financials
3274E6,Qingdao Topscomm Communication Co. Ltd.,China,Technology
A5E715,Flushing Financial Corp.,United States,Financials
KQK4ST,Giant Biogene Holding Co. Ltd.,Cayman Islands,Health Care
FCE2EB,Center Laboratories Inc.,Taiwan,Health Care
B7C1E4,Industrias CH S.A.B. de C.V.,Mexico,Basic Materials
0H4S2P,Structure Therapeutics Inc.,Cayman Islands,Health Care
E99564,Telekom Austria AG,Austria,Telecommunications
108A2B,TPG RE Finance Trust Inc.,United States,Real Estate
C9C62A,IES Holdings Inc.,United States,Industrials
66B82D,Grupo Financiero Banorte S.A.B. de C.V.,Mexico,Financials
836F27,Jiangsu Ankura Intelligent Electric Co. Ltd.,China,Industrials
09A1F8,Kehua Data Co. Ltd.,China,Industrials
4343A2,Gabelli Dividend & Income Trust,United States,Financials
8A36CD,Beijing Sinnet Technology Co. Ltd.,China,Technology
6D582E,Xiabuxiabu Catering Mgmt China Hldgs Co. Ltd.,Cayman Islands,Consumer Services
59887E,Siam Cement PCL,Thailand,Industrials
8FD438,Telix Pharmaceuticals Ltd.,Australia,Health Care
291674,Hangjin Technology Co. Ltd.,China,Basic Materials
B381D8,Corcept Therapeutics Inc.,United States,Health Care
32CB22,United Rentals Inc.,United States,Industrials
CC176E,Shutterstock Inc.,United States,Technology
B4A1FF,Essent Group Ltd.,Bermuda,Financials
26B02E,Rogers Communications Inc.,Canada,Telecommunications
DA10F1,Dangote Cement PLC,Nigeria,Industrials
0ED0CE,Paradox Interactive AB,Sweden,Consumer Goods
B83C31,Nuode Investment Co. Ltd.,China,Industrials
0B6820,SSP Group PLC,United Kingdom,Consumer Services
E2328B,Intershop Holding AG,Switzerland,Real Estate
DC80EB,New Hope Corp. Ltd.,Australia,Basic Materials
0A6D9C,Jiangsu Jiuding New Materials Co. Ltd.,China,Industrials
8C49D4,Olam Group Ltd.,Singapore,Consumer Goods
51E682,Cincinnati Financial Corp.,United States,Financials
WFOOKH,Henan Liliang Diamond Co. Ltd.,China,Basic Materials
1A43F2,Securitas AB,Sweden,Industrials
2BUEU8,Enchem Co. Ltd.,South Korea,Technology
E50161,Powertech Technology Inc.,Taiwan,Technology
0B8303,Pola Orbis Holdings Inc.,Japan,Consumer Goods
7B3608,ST Engineering,Singapore,Industrials
8F5D3F,Shanxi Coal Int'l Energy Group Co. Ltd.,China,Basic Materials
35E532,ING Bank Slaski S.A.,Poland,Financials
LNAHW6,Jilin University Zhengyuan Info Tech Co. Ltd.,China,Industrials
F92AE4,Chongqing Changan Automobile Co. Ltd.,China,Consumer Goods
646765,Morgan Sindall PLC,United Kingdom,Industrials
FD85FA,Hand Enterprise Solutions Co. Ltd.,China,Industrials
443C3D,Nuveen Equity Premium & Growth Fund,United States,Financials
EF7972,ANA Holdings Inc.,Japan,Consumer Services
262876,C&S Paper Co. Ltd.,China,Consumer Goods
9D72F3,Fujian Longking Co. Ltd.,China,Industrials
5F60CE,Sturm Ruger & Co. Inc.,United States,Consumer Services
7941F9,Yulon Nissan Motor Co. Ltd.,Taiwan,Consumer Goods
35B6B6,Foran Energy Group Co. Ltd.,China,Utilities
8398F9,Xiandai Investment Co. Ltd.,China,Financials
83XA4D,ACELYRIN Inc.,United States,Health Care
62C105,Ashtead Group PLC,United Kingdom,Industrials
184866,Cytokinetics Inc.,United States,Health Care
F4D241,Amicus Therapeutics Inc.,United States,Health Care
BF0081,Hektas Ticaret T.A.S.,Turkey,Basic Materials
A45BAA,Groupe CRIT S.A.,France,Industrials
83A4A3,CSPC Pharmaceutical Group Ltd.,Hong Kong SAR,Health Care
O8GZ1L,SK Square Co. Ltd.,South Korea,Financials
20B68B,Viva Energy Group Ltd.,Australia,Energy
FF3BB5,Ichibanya Co. Ltd.,Japan,Consumer Services
E90D8B,Gabelli Utility Trust,United States,Financials
95DC1F,Kroger Co.,United States,Consumer Services
DB6F55,HuBei NengTer Technology Co. Ltd.,China,Health Care
418235,Guangdong Zhongsheng Pharm Co. Ltd.,China,Health Care
75B75F,China Nonferrous Metal Ind. FE & Const.,China,Basic Materials
971334,Telephone & Data Systems Inc.,United States,Telecommunications
C437D3,Bellevue Gold Ltd.,Australia,Basic Materials
BCC7A9,Fangda Special Steel Technology Co. Ltd.,China,Consumer Goods
CF501E,Shengyi Technology Co. Ltd.,China,Industrials
CC6F6E,Titan Machinery Inc.,United States,Consumer Services
D98416,Shenling Environment,China,Industrials
9AEC7B,Barry Callebaut AG,Switzerland,Consumer Goods
ED4960,SKYX Platforms Corp.,United States,Industrials
DT14BX,Cybrid Technologies Inc.,China,Basic Materials
82E6EC,Vipshop Holdings Ltd.,Cayman Islands,Consumer Services
914B0C,Sharecare Inc.,United States,Technology
20EFB0,TGS ASA,Norway,Energy
67A658,Anglo American PLC,United Kingdom,Basic Materials
A62C3B,Altarea SCA,France,Real Estate
CF8080,Wedge Industrial Co. Ltd.,China,Real Estate
069642,Distribuidora Internacional de Alimentacion S.A.,Spain,Consumer Services
8BED82,Hanssem Co. Ltd.,South Korea,Consumer Goods
VB6UI1,Gemac Engineering Machinery Co. Ltd.,China,Industrials
3338A0,Alfresa Holdings Corp.,Japan,Health Care
14B66E,Lectra S.A.,France,Technology
94D8C8,Denbury Inc.,United States,Energy
BDEDB8,SITC International Holdings Co. Ltd.,Cayman Islands,Industrials
9F70DC,SKY Perfect JSAT Holdings Inc.,Japan,Consumer Services
9ABD30,Coherus Oncology Inc.,United States,Health Care
D8B2E1,Carlyle Secured Lending Inc.,United States,Financials
CTP1I3,CFE Fibra E,Mexico,Real Estate
BCBAE7,Fleury S.A.,Brazil,Health Care
3531B9,Polestar Automotive Holding UK PLC,United Kingdom,Consumer Goods
73A71F,The Chemours Co.,United States,Basic Materials
09EA66,De'Longhi S.p.A.,Italy,Consumer Goods
5C52CE,MTY Food Group Inc.,Canada,Consumer Services
61C26C,WELL Health Technologies Corp.,Canada,Health Care
79CE3B,Changjiang Securities Co. Ltd.,China,Financials
F4F46F,Arrow Electronics Inc.,United States,Technology
2E19A7,Create Restaurants Holdings Inc.,Japan,Consumer Services
B604DF,Hexcel Corp.,United States,Industrials
BD3061,SG Micro Corp.,China,Technology
A3EF02,USS Co. Ltd.,Japan,Consumer Services
202661,Eaton Vance National Municipal Opp Trust,United States,Financials
D1B038,Quzhou Xin'an Development Co. Ltd.,China,Real Estate
B88D9C,Kyowa Kirin Co. Ltd.,Japan,Health Care
554E17,Sobute New Materials Co. Ltd.,China,Industrials
471AAC,Nippon Soda Co. Ltd.,Japan,Basic Materials
B301DF,Zug Estates Holding AG,Switzerland,Real Estate
DCAC9F,Oatly Group AB,Sweden,Consumer Goods
E26602,Lion Corp.,Japan,Consumer Goods
C7E823,ChemoMetec A/S,Denmark,Health Care
F13274,PetroVietnam Gas JSC,Vietnam,Energy
656F81,CTP N.V.,The Netherlands,Real Estate
BDD9B8,Guangdong Haid Group Co. Ltd.,China,Consumer Goods
8A0F3A,China Water Affairs Group Ltd.,Bermuda,Utilities
2C1EA8,Gree Electric Appliances Inc.,China,Consumer Goods
F4FBD8,Outset Medical Inc.,United States,Health Care
E9C7C0,LiveRamp Holdings Inc.,United States,Technology
0B74FA,Kingnet Network Co. Ltd.,China,Consumer Goods
9A27A4,Kobin Environmental Enterprise Co. Ltd.,Taiwan,Industrials
9445C7,Energy Income & Growth Fund,United States,Financials
133DED,Kuang-Chi Technologies Co. Ltd.,China,Consumer Goods
C3B124,Nippon Shinyaku Co. Ltd.,Japan,Health Care
E1E36F,Rayonier Inc.,United States,Real Estate
86571C,China Shipbuilding Ind Grp Pwr Co. Ltd.,China,Consumer Goods
064013,Sixth Street Specialty Lending Inc.,United States,Financials
27D794,Zee Entertainment Enterprises Ltd.,India,Consumer Services
23DEB5,NIO Inc.,Cayman Islands,Consumer Goods
F4E05F,Velo3D Inc.,Cayman Islands,Industrials
54D960,Weave Communications Inc.,United States,Technology
FF4255,JCDecaux SE,France,Consumer Services
7M4XS2,Dongguan Aohai Technology Co. Ltd.,China,Consumer Goods
4C1793,Zhongshan Public Utilities Grp Co. Ltd.,China,Industrials
465B20,Guizhou Tyre Co. Ltd.,China,Consumer Goods
218659,Grupo Herdez S.A.B. de C.V.,Mexico,Consumer Goods
6A9FF6,China Resources Building Materials Technology Holdings Ltd.,Cayman Islands,Industrials
405762,Eastern Bankshares Inc.,United States,Financials
EBAEA6,National Storage REIT,Australia,Real Estate
549097,China United Network Communications Ltd.,China,Telecommunications
5EB0BE,Wuxi Rural Commercial Bank Co. Ltd.,China,Financials
F626AD,Zhejiang Jiuli Hi-Tech Metals Co. Ltd.,China,Basic Materials
21CCBC,Shimano Inc.,Japan,Consumer Goods
FD169C,ARS Pharmaceuticals Inc.,United States,Health Care
E296B4,Bank of China Ltd.,China,Financials
719304,Capricorn Energy PLC,United Kingdom,Energy
E69BA5,Hyster-Yale Inc.,United States,Industrials
CBA08B,Nestlé Nigeria PLC,Nigeria,Consumer Goods
ADF092,Warner Bros Discovery Inc.,United States,Consumer Services
B3ADD5,GeniuS Electronic Optical Co. Ltd.,Taiwan,Industrials
0A80DE,Shanghai Fudan Microelect Group Co. Ltd.,China,Technology
0BC6ED,NCAB Group AB,Sweden,Industrials
C9AC1B,Cvent Holding Corp.,United States,Technology
817ED9,Gap Inc.,United States,Consumer Services
71B0CF,Astria Therapeutics Inc.,United States,Health Care
U6IG29,Beijing Jingneng Power Co. Ltd.,China,Utilities
EU5XA6,National Silicon Industry Group Co. Ltd.,China,Technology
D389EC,Informa PLC,United Kingdom,Consumer Services
7077AD,Petco Health and Wellness Co. Inc.,United States,Consumer Services
35ACD2,Bluescope Steel Ltd.,Australia,Basic Materials
5B3A71,Toast Inc.,United States,Technology
F5D059,RPM International Inc.,United States,Basic Materials
6E9442,Enel S.p.A.,Italy,Utilities
14C5B1,Colbun S.A.,Chile,Utilities
FEB202,Shengyi Electronics Co. Ltd.,China,Industrials
HF9I9I,Jade Bird Fire Co. Ltd.,China,Industrials
3E1D22,Axfood AB,Sweden,Consumer Services
37E895,Hang Seng Bank Ltd.,Hong Kong SAR,Financials
A09113,Shanghai Daimay Auto Interior Co. Ltd.,China,Consumer Goods
AC7C4F,CACI International Inc.,United States,Technology
A15ABF,Qingdao Tianneng Heavy Ind Co. Ltd.,China,Energy
618C1F,Zhejiang Jiuzhou Pharmaceutical Co. Ltd.,China,Health Care
41C563,INFICON Holding AG,Switzerland,Industrials
8D39E4,Zhejiang Huahai Pharmaceutical Co. Ltd.,China,Health Care
92D3A0,Fastenal Co.,United States,Industrials
8C84DF,CrossFirst Bankshares Inc.,United States,Financials
7255D2,Plug Power Inc.,United States,Industrials
A398B9,Iridium Communications Inc.,United States,Telecommunications
E35495,Nestle (Malaysia) Bhd,Malaysia,Consumer Goods
628A71,Inventec Corp.,Taiwan,Technology
8E89BA,LianChuang Electronic Tech Co. Ltd.,China,Technology
2DD60F,CelcomDigi Bhd,Malaysia,Telecommunications
24D5B5,Shantui Construction Machinery Co. Ltd.,China,Industrials
8E366B,Jianghua Micro,China,Basic Materials
51FF34,Dazhong Mining Co. Ltd.,China,Basic Materials
F741D5,Sinomine Resource Group Co. Ltd.,China,Basic Materials
FDD3FC,Deciphera Pharmaceuticals Inc.,United States,Health Care
317EC6,Accolade Inc.,United States,Health Care
645897,Beijing Roborock Technology Co. Ltd.,China,Consumer Goods
ABAC97,Horiba Ltd.,Japan,Industrials
F12666,Nuvoco Vistas Corp. Ltd.,India,Industrials
456505,Nippon Shokubai Co. Ltd.,Japan,Basic Materials
0D4BFB,Rites Ltd.,India,Industrials
A0B7C8,10X Genomics Inc.,United States,Health Care
C94D90,Focused Photonics (Hangzhou) Inc.,China,Industrials
821A90,Hebei Yangyuan Zhihui Beverage Co. Ltd.,China,Consumer Goods
BB1A71,Gland Pharma Ltd.,India,Health Care
F989D2,Guangzhou Sie Consulting Co. Ltd.,China,Technology
6D3B7B,PacWest Bancorp,United States,Financials
01D03F,Roche Holding AG,Switzerland,Health Care
94B448,Apollo Hospitals Enterprise Ltd.,India,Health Care
91E7BD,Haw Par Corp. Ltd.,Singapore,Health Care
EDB560,Tianfeng Securities Co. Ltd.,China,Financials
DEAFB9,Hainan Development Hldgs Nanhai Co. Ltd.,China,Industrials
B3D8CE,Slam Corp.,Cayman Islands,Financials
3F8BED,Shanghai Fengyuzhu Culture Tech Co. Ltd.,China,Technology
19C105,Moog Inc.,United States,Industrials
64118A,PT Temas Tbk,Indonesia,Industrials
688FF6,China CITIC Financial Asset Management Co. Ltd.,China,Financials
BA9110,Fresenius SE & Co. KGaA,Germany,Health Care
91BF6C,Dunelm Group PLC,United Kingdom,Consumer Services
5C234E,United Spirits Ltd.,India,Consumer Goods
18A277,Kanadevia Corp.,Japan,Industrials
79E9C3,Caledonia Investments PLC,United Kingdom,Financials
729511,"Guangxi Guiguan Electric Power Co., Ltd.",China,Utilities
5C8D61,Amkor Technology Inc.,United States,Technology
26DC29,Domo Inc.,United States,Technology
E598FB,Phathom Pharmaceuticals Inc.,United States,Health Care
C79EE8,Shanghai Kindly Ent Dev Grp Co. Ltd.,China,Health Care
673CC6,Feng Hsin Steel Co. Ltd.,Taiwan,Basic Materials
0HFJ46,CoCreation Grass Co. Ltd.,China,Consumer Services
4FA513,Bandai Namco Holdings Inc.,Japan,Consumer Goods
E97A6C,Nanda Optical and Electronic,China,Technology
8A0D40,Akeso Inc.,Cayman Islands,Health Care
0DHGOV,Antin Infrastructure Partners SA,France,Financials
A6B9DB,LB Group Co. Ltd.,China,Basic Materials
CD06A2,First Horizon Corp.,United States,Financials
ECE814,Sprout Social Inc.,United States,Technology
AB5C2F,China Gas Holdings Ltd.,Bermuda,Energy
29B702,Byline Bancorp Inc.,United States,Financials
C82CDD,International Games System Co. Ltd.,Taiwan,Consumer Goods
2279FF,CDL Hospitality Trusts,Singapore,Real Estate
C713AF,ACCIONA Energía,Spain,Utilities
A8CBDA,Discover Financial Services Inc.,United States,Financials
7CA5BD,XPeng Inc.,Cayman Islands,Consumer Goods
FC1B7B,Northrop Grumman Corp.,United States,Industrials
BE7BA4,Casella Waste Systems Inc.,United States,Industrials
DC1FC2,PT Bank CIMB Niaga Tbk,Indonesia,Financials
995014,Avanza Bank Holding AB,Sweden,Financials
78AE5E,China Oilfield Services Ltd.,China,Energy
C17F94,CITIC Securities Co. Ltd.,China,Financials
CA773C,DCC PLC,Ireland,Industrials
F93C8A,Alliant Energy Corp.,United States,Utilities
7D6547,Swiss Prime Site AG,Switzerland,Real Estate
9DAA7C,Guangxi LiuGong Machinery Co. Ltd.,China,Industrials
3D0417,Hainan Airlines Holding Co. Ltd.,China,Consumer Services
EBEA9C,DCP Midstream LP,United States,Energy
B2D445,Addtech AB,Sweden,Industrials
11D2E3,Novocure Ltd.,Jersey,Health Care
D91903,Microvast Holdings Inc.,United States,Consumer Goods
99D2EF,InnovAge Holding Corp.,United States,Health Care
BA74C0,Mr. Price Group Ltd.,South Africa,Consumer Services
751022,Starhill Global REIT,Singapore,Real Estate
573782,Wilmar International Ltd.,Singapore,Consumer Goods
6D9ECA,BridgeBio Pharma Inc.,United States,Health Care
43F903,Nantong Jianghai Capacitor Co. Ltd.,China,Industrials
C21F26,Osram Licht AG,Germany,Industrials
FD4622,Advanced Fiber Resources Zhuhai Ltd.,China,Technology
75C9FB,Sino Wealth Electronic Ltd.,China,Technology
C84C09,Secunet Security Networks AG,Germany,Technology
31BD80,Blue Sail Medical Co. Ltd.,China,Health Care
0F96D6,Sheng Siong Group Ltd.,Singapore,Consumer Services
72609A,Steven Madden Ltd.,United States,Consumer Goods
4C930D,InvoCare Ltd.,Australia,Consumer Services
98E85A,Unisplendour Corp. Ltd.,China,Technology
583A75,Hawaiian Holdings Inc.,United States,Consumer Services
AE4125,CarParts.com Inc.,United States,Consumer Goods
5BE42C,Heartland Financial USA Inc.,United States,Financials
936E72,Wesfarmers Ltd.,Australia,Industrials
A95F1A,MMG Ltd.,Hong Kong SAR,Basic Materials
86A939,GCC S.A.B. de C.V.,Mexico,Industrials
AB960A,Fuji Kyuko Co. Ltd.,Japan,Consumer Services
9B16D5,Deutsche Bank AG,Germany,Financials
292D40,ENN Natural Gas Co. Ltd.,China,Energy
Q7QITO,Suzhou Harmontronics Automation Tech Co. Ltd.,China,Industrials
67303E,bluebird bio Inc.,United States,Health Care
CB2DC6,Shenzhen Hemei Group Co. Ltd.,China,Consumer Services
867FD6,Japan Tobacco Inc.,Japan,Consumer Goods
50IBOY,Cofoe Medical Technology Co. Ltd.,China,Health Care
LN4QJP,Ahlatci Dogal Gaz Dag. Enerji Ve Yat. AS,Turkey,Utilities
31D534,Siegfried Holding AG,Switzerland,Health Care
AD3C93,AFLAC Inc.,United States,Financials
9C009A,Tejon Ranch Co.,United States,Real Estate
893148,Intercorp Financial Services Inc.,Panama,Financials
F51FCC,Zhuzhou CRRC Times Electric Co. Ltd.,China,Industrials
1CE46A,Abacus Group,Australia,Real Estate
222BF9,Amalgamated Financial Corp.,United States,Financials
B26465,Roshow Technology Co. Ltd.,China,Industrials
F9BC21,Grasim Industries Ltd.,India,Financials
OAK5GG,AP Memory Technology Corp.,Taiwan,Technology
F63C6D,Stora Enso Oyj,Finland,Basic Materials
9B63CC,Wien Schwechat,Austria,Industrials
46639U,Cenergy Holdings SA,Belgium,Industrials
91E412,SDIC Capital Co. Ltd.,China,Financials
3301B7,NI Holdings Inc.,United States,Financials
CTGYHD,Capitalonline Data Service Co. Ltd.,China,Technology
652E62,PG&E Corp.,United States,Utilities
A5EAC0,Grupo Traxion S.A.B. de C.V.,Mexico,Industrials
3B6748,Shanghai Great Wisdom Co. Ltd.,China,Consumer Services
MA8CR1,Chongqing Sanfeng Envi Group Corp. Ltd.,China,Industrials
58DC7E,Shenzhen Huaqiang Industry Co. Ltd.,China,Industrials
12CDDF,Enel Chile S.A.,Chile,Utilities
C1EB78,Guizhou Chanhen Chemical Corp.,China,Basic Materials
B32D56,Oxford Instruments PLC,United Kingdom,Industrials
C4A912,Trupanion Inc.,United States,Consumer Services
8E01JZ,Victoria's Secret & Co.,United States,Consumer Services
F48162,KKR Group Co. Inc.,United States,Financials
71A0D4,Sanyo Special Steel Co. Ltd.,Japan,Basic Materials
494EB9,Sterling Bancorp Inc. (Michigan),United States,Financials
625585,Tibet Urban Dvlp & Investment Co. Ltd.,China,Real Estate
D63A65,TriplePoint Venture Growth BDC Corp.,United States,Financials
C951A2,Hologic Inc.,United States,Health Care
7D71EE,Jilin Aodong Pharm Group Co. Ltd.,China,Health Care
FFAB08,Shionogi & Co. Ltd.,Japan,Health Care
0CE7F6,Foot Locker Inc.,United States,Consumer Services
73C9E2,Federated Hermes Inc.,United States,Financials
434C61,Dixon Technologies (India) Ltd.,India,Consumer Goods
981578,Hytera Communications Corp. Ltd.,China,Telecommunications
FAAE77,Assured Guaranty Ltd.,Bermuda,Financials
27B48C,Lizhong Sitong Light Alloys Grp Co. Ltd.,China,Basic Materials
7273FF,SP Plus Corp.,United States,Consumer Services
8ED310,TDG Holding Co. Ltd.,China,Industrials
42E073,ZTE Corp.,China,Technology
B7EB38,IDEXX Laboratories Inc.,United States,Health Care
A03EE1,SelectQuote Inc.,United States,Financials
01FDCB,Gan & Lee Pharmaceutical Ltd.,China,Health Care
5066E9,PT Hanjaya Mandala Sampoerna Tbk,Indonesia,Consumer Goods
830BDB,BioMarin Pharmaceutical Inc.,United States,Health Care
CDC4B8,Khosla Ventures Acquisition Co.,United States,Financials
BCE9DA,The Andersons Inc.,United States,Consumer Goods
BD2AF7,Xiamen C&D Inc.,China,Industrials
16EB6E,India Fund Inc.,United States,Financials
003889,Maruwa Co. Ltd.,Japan,Industrials
A6828A,Johnson & Johnson Co.,United States,Health Care
EQ23NL,OX2 AB,Sweden,Utilities
21121F,Altri SGPS S.A.,Portugal,Basic Materials
75F982,LVMH Moet Hennessy Louis Vuitton SE,France,Consumer Goods
6D1ADF,Perdoceo Education Corp.,United States,Consumer Services
995C19,Vanguard Intl Semiconductor Corp.,Taiwan,Technology
A9EBC9,Kama Holdings Ltd.,India,Basic Materials
7C75FD,Carriage Services Inc.,United States,Consumer Services
4758AB,Calbee Inc.,Japan,Consumer Goods
ED54F4,Aier Eye Hospital Group Co. Ltd.,China,Health Care
E22A6B,Quinenco S.A.,Chile,Industrials
80D28C,GCI Science & Technology Co. Ltd.,China,Technology
AED4CD,Beijing Certificate Authority Co. Ltd.,China,Technology
9ED533,Wuliangye Yibin Co. Ltd.,China,Consumer Goods
M3L724,Namchow Food Group (Shanghai) Co. Ltd.,China,Consumer Goods
A16DE9,TeamViewer SE,Germany,Technology
9730F8,China Resources Power Holdings Co. Ltd.,Hong Kong SAR,Utilities
3972D0,Beijing-Shanghai High Speed ¿¿Railway Co. Ltd.,China,Consumer Services
LJ27PA,Warom Technology Inc. Co.,China,Industrials
AE90D9,SembCorp Industries Ltd.,Singapore,Energy
292A70,Winnebago Industries Inc.,United States,Consumer Goods
FFCC2A,Barrick Mining Corp.,Canada,Basic Materials
B508E5,Health Catalyst Inc.,United States,Technology
2BC31A,Luxshare Precision Industry Co. Ltd.,China,Technology
4CA9A9,Shanghai Kehua Bio-Engineering Co. Ltd.,China,Health Care
0593E1,Yili Group,China,Consumer Goods
IUEN31,Tinavi Medical Technologies Co. Ltd.,China,Health Care
ORZL0A,InfoVision Optoelectronics,China,Technology
6FC4FD,Jiangsu Expressway Co. Ltd.,China,Industrials
CB9F00,China Taiping Insurance Hldgs Co. Ltd.,Hong Kong SAR,Financials
C85A72,NeoGenomics Inc.,United States,Health Care
690592,SBI Life Insurance Co. Ltd.,India,Financials
7BCA86,Taiwan Acceptance Corp.,Taiwan,Financials
0752DE,Shanghai Liangxin Electrical Co. Ltd.,China,Industrials
C87ECC,LyondellBasell Industries N.V.,The Netherlands,Basic Materials
35EF0E,PT Allo Bank Indonesia Tbk,Indonesia,Financials
5BFCE0,Aurobindo Pharma Ltd.,India,Health Care
D5FF06,Tosoh Corp.,Japan,Basic Materials
99BD52,Zhongtian Financial Group Co. Ltd.,China,Financials
CF6E75,Trina Solar Co. Ltd.,United States,Energy
B446B8,OneSpan Inc.,United States,Technology
1EAA6D,Smoore International Holdings Ltd.,Cayman Islands,Consumer Goods
5C65A6,Dah Sing Banking Group Ltd.,Hong Kong SAR,Financials
048590,Activision Blizzard Inc.,United States,Consumer Goods
00326D,Park Aerospace Corp.,United States,Industrials
48C0F9,Bank of Hangzhou Co. Ltd.,China,Financials
7AD3D4,Xinyu Iron & Steel Co. Ltd.,China,Basic Materials
4E056F,Sun Country Airlines Holdings Inc.,United States,Consumer Services
B642E8,Sempra Co.,United States,Utilities
5E168F,Luenmei Quantum Co. Ltd.,China,Industrials
906C3D,UK Commercial Property REIT Ltd.,Guernsey,Real Estate
A72D2D,Reinet Investments S.C.A.,Luxembourg,Financials
7E3390,StepStone Group Inc.,United States,Financials
196FFE,NuStar Energy LP,United States,Energy
516559,Tokio Marine Holdings Inc.,Japan,Financials
2571FA,ICF International Inc.,United States,Industrials
68A96B,CTI BioPharma Corp.,United States,Health Care
DE201C,Icade S.A.,France,Real Estate
F997BD,PubMatic Inc.,United States,Technology
CB8380,Mori Trust Reit Inc.,Japan,Real Estate
351EC3,NXP Semiconductors N.V.,The Netherlands,Technology
91B8B1,Accenture PLC,Bermuda,Industrials
EFC393,China Southn Pwr Grd Eny Ey&Cn Ey Co. Ltd.,China,Energy
5DA094,Winbond Electronics Corp.,Taiwan,Technology
AC1153,Opple Lighting Co. Ltd.,China,Consumer Goods
0B57D7,Lam Research Corp.,United States,Technology
596418,First HoldCo PLC,Nigeria,Financials
9F5CBB,Global Water Resources Inc.,United States,Utilities
B77D0C,Hubei Energy Group Co. Ltd.,China,Utilities
7EL02I,J.G. Boswell Co.,United States,Consumer Goods
890FF4,Brookdale Senior Living Inc.,United States,Health Care
CD9D08,SSR Mining Inc.,Canada,Basic Materials
AA9AA0,Jiangsu Eastern Shenghong Co. Ltd.,China,Consumer Goods
A7C367,Migros Ticaret A.S.,Turkey,Consumer Services
A566CF,Tricon Residential Inc.,Canada,Real Estate
5B9D94,Grenke AG,Germany,Financials
5D9585,Okumura Corp.,Japan,Industrials
6EXAVP,Jinko Power Technology Co. Ltd.,China,Energy
B23882,Kyocera Corp.,Japan,Industrials
4ECB17,Eisai Co. Ltd.,Japan,Health Care
1F2B5D,Lakeland Financial Corp.,United States,Financials
D71FE7,Planet Fitness Inc.,United States,Consumer Services
03E30D,Nickel Asia Corp.,Philippines,Basic Materials
6B0E45,Warrior Met Coal Inc.,United States,Basic Materials
03B468,Lucky Harvest Co. Ltd.,China,Industrials
CF6EB3,Midea Real Estate Holding Ltd.,Cayman Islands,Real Estate
60AC34,Inari Medical Inc.,United States,Health Care
131443,Cummins Inc.,United States,Energy
LTYUVG,SIGNA Sports United N.V.,The Netherlands,Technology
1748B3,Triumph Financial Inc.,United States,Financials
35F103,ENOVIX Corp.,United States,Financials
8757C4,Toho Titanium Co. Ltd.,Japan,Basic Materials
8FF474,Maravai LifeSciences Holdings Inc.,United States,Health Care
A34F49,Fangda Carbon New Material Co. Ltd.,China,Basic Materials
A94C8A,PTT Global Chemical PCL,Thailand,Basic Materials
6EB67A,Sakata Seed Corp.,Japan,Consumer Goods
AFBEB4,Grid Dynamics Holdings Inc.,United States,Technology
EB7FE0,PT Pakuwon Jati Tbk,Indonesia,Real Estate
827121,Benefit One Inc.,Japan,Industrials
492C5B,Lijiang Yulong Tourism Co. Ltd.,China,Consumer Services
976E33,Fujitsu Ltd.,Japan,Technology
28AC4E,Sunnova Energy International Inc.,United States,Utilities
5CBE99,Kia Corp.,South Korea,Consumer Goods
0310F4,Sinocelltech Group Ltd.,China,Health Care
24DAFC,Koito Manufacturing Co. Ltd.,Japan,Consumer Goods
3A9664,Anhui Heli Co. Ltd.,China,Consumer Goods
DB30AC,Eagers Automotive Ltd.,Australia,Consumer Services
77579C,SpareBank 1 Sør-Norge ASA,Norway,Financials
E399BC,IonQ Inc.,United States,Technology
2ABCB1,China Tungsten & Hightech Mats Co. Ltd.,China,Basic Materials
25DD05,Apollo Commercial Real Estate Finance Inc.,United States,Real Estate
3A6E98,Jiangsu Kanion Pharmaceutical Co. Ltd.,China,Health Care
CBA97E,NKY Medical Holdings Ltd.,China,Basic Materials
8B85D7,Tongwei Co. Ltd.,China,Consumer Goods
6544F8,Toho Holdings Co. Ltd.,Japan,Health Care
JTL6TZ,Simpar S.A.,Brazil,Industrials
F79D51,GEK TERNA S.A.,Greece,Industrials
819FAD,Top Energy Co. Ltd. Shanxi,China,Utilities
A15FEF,BTG Hotels (Group) Co. Ltd.,China,Consumer Services
6T1LNA,Jilin OLED Material Tech Co. Ltd.,China,Basic Materials
371B0A,U.S. Physical Therapy Inc.,United States,Health Care
53MBTJ,Zhe Jiang Taihua New Material Co. Ltd.,China,Consumer Goods
746C91,QBE Insurance Group Ltd.,Australia,Financials
2C3348,OPKO Health Inc.,United States,Health Care
CEC5B9,Post Holdings Inc.,United States,Consumer Goods
CFA91F,Fondul Proprietatea S.A.,Romania,Financials
8D8742,Ricoh Co. Ltd.,Japan,Technology
IAR3K7,Suzhou Sonavox Electronics Co. Ltd.,China,Consumer Goods
DDCB34,Charles River Associates,United States,Industrials
F789FD,Shandong Buchang Pharma Co. Ltd.,China,Health Care
5E9E5A,TXC Corp.,Taiwan,Industrials
16UQ21,China Railway Hi-tech Ind Corp. Ltd.,China,Industrials
QU0F0O,Hubei Biocause Heilen Pharma Co. Ltd.,China,Health Care
14BBF5,Henan Mingtai Al. Industrial Co. Ltd.,China,Industrials
721320,Victory Giant Tech (HuiZhou) Co. Ltd.,China,Industrials
9453BA,Atlas Copco AB,Sweden,Industrials
3DDE54,PBF Energy Inc.,United States,Energy
E3B76D,Qube Holdings Ltd.,Australia,Industrials
17AC55,Chengdu Leejun Industrial Co. Ltd.,China,Industrials
F70648,Nexon Co. Ltd.,Japan,Consumer Goods
5EGEI5,Scancom Plc,Ghana,Telecommunications
5A4F90,Hongda Xingye Co. Ltd.,China,Basic Materials
A3AE96,Haitian Ruisheng Science Tech Co. Ltd.,China,Technology
DJC9QE,Ming Microelectronics,China,Technology
D8FB78,Inner Mongolia Dian Tou Energy Corp. Ltd.,China,Basic Materials
30F419,Shenzhen Rongda,China,Basic Materials
14BA06,Devon Energy Corp.,United States,Energy
C0FEC6,Saigon Thuong Tin Commercial JSB,Vietnam,Financials
D5797A,CJ CheilJedang Corp.,South Korea,Consumer Goods
RO7CRU,Kalyan Jewellers India Ltd.,India,Consumer Services
CD9D83,PSG Financial Services Ltd.,South Africa,Financials
BFCCBD,Konka Group Co. Ltd.,China,Consumer Goods
56277A,Zimmer Biomet Holdings Inc.,United States,Health Care
1CD24F,Shenzhen New Nanshan Hldg Group Co. Ltd.,China,Real Estate
56FE86,Ch. Karnchang PCL,Thailand,Industrials
10CBB6,Ero Copper Corp.,Canada,Basic Materials
BQ6IOD,Great Microwave Technology Co. Ltd.,China,Technology
E1CE95,China East Education Holdings Ltd.,Cayman Islands,Consumer Services
92FAED,Genesis Energy L.P.,United States,Energy
UXGTRD,Latent View Analytics Ltd.,India,Industrials
2DB344,Cathay Bank Co.,United States,Financials
9BA1B8,Danieli & C. Officine Meccaniche SpA,Italy,Industrials
244CD1,KingClean Electric Co. Ltd.,China,Consumer Goods
35AE32,Avantax Inc.,United States,Financials
9B5968,Marsh & McLennan Cos. Inc.,United States,Financials
2FDEE3,Veris Residential Inc.,United States,Real Estate
WIX7KB,Ruida Futures Co. Ltd.,China,Financials
2E89AE,Nevro Corp.,United States,Health Care
4C36F9,Megaworld Corp.,Philippines,Real Estate
1FAF22,Baxter International Inc.,United States,Health Care
13DB45,Turk Traktor ve Ziraat Makineleri A.S.,Turkey,Industrials
D4AC65,Trimble Inc.,United States,Technology
0CADBC,Artesian Resources Corp.,United States,Utilities
BAFCDC,Seoul City Gas Co. Ltd.,South Korea,Utilities
8CE560,Cambricon Technologies Corp. Ltd.,China,Technology
0C136E,Morningstar Inc.,United States,Consumer Services
81C992,Beijing Zhong Ke San Huan,China,Industrials
92ADBC,Mercialys S.A.,France,Real Estate
728E8D,37 Interactive Entertainment,China,Consumer Goods
A69101,Brother Industries Ltd.,Japan,Technology
E9C8E8,CEZ A.S.,Czechia,Utilities
492F16,Comforia Residential REIT Inc.,Japan,Real Estate
C39671,SMS Co. Ltd.,Japan,Health Care
6D63D1,Neuren Pharmaceuticals Ltd.,New Zealand,Health Care
FA8C86,Grand Korea Leisure Co. Ltd.,South Korea,Consumer Services
9022A0,Aviva PLC,United Kingdom,Financials
C27EA6,Hongta Securities Co. Ltd.,China,Financials
F6EBCB,Kingfa Sci. & Tech. Co. Ltd.,China,Basic Materials
5F3CCF,Yinbang Clad Material Co. Ltd.,China,Basic Materials
9DB316,Van Kampen Senior Income Trust,United States,Financials
ED8676,Heritage Commerce Corp.,United States,Financials
8BBCDA,Rocket Lab Corp.,United States,Industrials
33E72B,Allreal Holding AG,Switzerland,Real Estate
8B8ACC,Tayho Advanced Materials Group Co. Ltd.,China,Industrials
9F626C,Innovation New Material Tech Co. Ltd.,China,Consumer Services
DDC415,Arch Resources Inc.,United States,Basic Materials
0CC7EC,Want Want China Holdings Ltd.,Cayman Islands,Consumer Goods
8AE895,Vor BioPharma Inc.,United States,Health Care
930367,Bank of Montreal Inc.,Canada,Financials
E8A49A,CommVault Systems Inc.,United States,Technology
FFC84F,Huadong Medicine Co. Ltd.,China,Health Care
867B87,Seabridge Gold Inc.,Canada,Basic Materials
C4523B,IHS Holding Ltd.,Mauritius,Telecommunications
3FCEAA,AmorePacific Holdings Corp.,South Korea,Consumer Goods
367E1C,Neurocrine Biosciences Inc.,United States,Health Care
6E025F,Dream Finders Homes Inc.,United States,Consumer Goods
97372F,City Developments Ltd.,Singapore,Real Estate
8F71A6,Taisei Corp.,Japan,Industrials
2CBB58,Transcat Inc.,United States,Industrials
C6BFE6,Hokuetsu Corp.,Japan,Basic Materials
5BC393,Kinden Corp.,Japan,Industrials
C5C0E9,Onto Innovation Inc.,United States,Technology
CH4KXF,People & Technology Inc.,South Korea,Industrials
E4DF65,EIT Environmental Dev Group Co. Ltd.,China,Industrials
L5L1KV,Bausch + Lomb Corp.,Canada,Health Care
B53C12,Select Water Solutions Inc.,United States,Energy
3B0D6E,China High-Speed Railway Tech Co. Ltd.,China,Industrials
218249,China Energy Engineering Corp. Ltd.,China,Industrials
3EA1DE,CCCC Design & Consulting Group Co. Ltd.,China,Industrials
8975A3,Hangzhou Tigermed Consulting Co. Ltd.,China,Health Care
ABB545,SaiGon - Hanoi Commercial JSC,Vietnam,Financials
EB5E78,Skyworks Solutions Inc.,United States,Technology
8E100E,China Overseas Property Holdings Ltd.,Cayman Islands,Real Estate
7A3633,Block Inc.,United States,Technology
85150E,Monday.com Ltd.,Israel,Technology
EBQOAU,DL E&C Co. Ltd.,South Korea,Industrials
93D2C8,Shanghai Allist Pharmaceuticals Co. Ltd.,China,Health Care
A06FA0,Yantai Dongcheng Biochemicals Co. Ltd.,China,Health Care
41C36B,Madrigal Pharmaceuticals Inc.,United States,Health Care
586BD7,Lexicon Pharmaceuticals Inc.,United States,Health Care
79340A,PotlatchDeltic Corp.,United States,Real Estate
17EDA5,Intel Corp.,United States,Technology
4365AE,China World Trade Center Co. Ltd.,China,Real Estate
A1FF6C,Dubai Islamic Bank PJSC,United Arab Emirates,Financials
D90F5F,DEME Group N.V.,Belgium,Energy
55FA6C,Yunnan Energy New Material (Group) Co. Ltd.,China,Industrials
8AE00E,Surgical Science Sweden AB,Sweden,Health Care
1A1ED9,Siemens Energy AG,Germany,Energy
6E2650,CSSC Science & Technology Co. Ltd.,China,Industrials
BDBABE,J Sainsbury PLC,United Kingdom,Consumer Services
CD3E57,S4 Capital PLC,United Kingdom,Financials
C6389F,ORLEN S.A.,Poland,Energy
F16243,CJ ENM Co. Ltd.,South Korea,Consumer Services
29363F,Titan S.A.,Belgium,Industrials
2861C1,Alfen N.V.,The Netherlands,Industrials
0B1BA5,Zhejiang Jiecang Linear Motion Tech Co. Ltd.,China,Industrials
D58A98,Zhejiang NHU Co. Ltd.,China,Consumer Goods
BC6877,Shenzhen Forms Syntron Info Co. Ltd.,China,Technology
A593C3,Hypera S.A.,Brazil,Health Care
680882,BELIMO Holding AG,Switzerland,Industrials
1B65B2,Zhejiang Tiantie Science & Technology Co. Ltd.,China,Industrials
1F2018,Leon's Furniture Ltd.,Canada,Consumer Services
894CB4,Allegro.eu S.A.,Luxembourg,Consumer Services
65675A,Mitsui O.S.K. Lines Ltd.,Japan,Industrials
977A1E,Dominion Energy Inc.,United States,Utilities
E577ED,Chegg Inc.,United States,Consumer Services
87831F,Interroll Holding AG,Switzerland,Industrials
28413F,Alliance Intl Edu Leasing Hldgs Ltd.,Cayman Islands,Financials
C5BXFZ,Chugin Financial Group Inc.,Japan,Financials
PWJBVU,SD Biosensor Inc.,South Korea,Health Care
FD2565,Dynavax Technologies Corp.,United States,Health Care
MPDTXP,Salik Co. PJSC,United Arab Emirates,Industrials
493562,AmRest Holdings SE,Spain,Consumer Services
7RY656,Shandong Boan Biotechnology Co. Ltd.,China,Health Care
5930DD,British American Tobacco PLC,United Kingdom,Consumer Goods
FF428A,Cambium Networks Corp.,Cayman Islands,Technology
5C49EE,Savills PLC,United Kingdom,Real Estate
VG3TB5,Daimler Truck Holding AG,Germany,Consumer Goods
D1FC01,Subaru Corp.,Japan,Consumer Goods
C99300,RIT Capital Partners PLC,United Kingdom,Financials
032C6D,Sigma Lithium Corp.,Canada,Basic Materials
C11EF3,PostNL N.V.,The Netherlands,Industrials
8E9CD8,NMI Holdings Inc.,United States,Financials
E01470,Hagerty Inc.,United States,Financials
3512A4,Hexpol AB,Sweden,Basic Materials
4A727E,Montea N.V.,Belgium,Real Estate
D8DBA3,Kearny Financial Corp.,United States,Financials
D67B38,Kaneka Corp.,Japan,Basic Materials
C990DE,Chengxin Lithium Group Co. Ltd.,China,Industrials
0F2933,Cohen & Steers Closed-End Opportunity Fd,United States,Financials
40CCD6,Takeuchi Mfg. Co. Ltd.,Japan,Industrials
OL0VTC,Shenzhen Jingquanhua Elec Co. Ltd.,China,Industrials
8DB8F5,Axis Capital Holdings Ltd.,Bermuda,Financials
7B34AB,Attijariwafa Bank,Morocco,Financials
7D0B4A,Digital China Information Service Group Co. Ltd.,China,Technology
4A5011,GAMCO Glb Gold Natural Res & Income Tst,United States,Financials
5D4AAE,Muthoot Finance Ltd.,India,Financials
78DF1A,Henan Pinggao Electric Co. Ltd.,China,Industrials
E1D2CD,Dicker Data Ltd.,Australia,Technology
GX8IX6,Bitcoin Depot Inc.,United States,Financials
B5F9B4,ITV PLC,United Kingdom,Consumer Services
568F90,Airtac International Group,Cayman Islands,Industrials
1B637E,Graham Holdings Co.,United States,Consumer Services
F1529C,Cboe Global Markets Inc.,United States,Financials
D97330,Inner Mongolia Junzheng Energy & Chem,China,Basic Materials
078D52,Mesa Laboratories Inc.,United States,Industrials
8AA93B,GVS S.p.A.,Italy,Industrials
LT9JW1,Vigil Neuroscience Inc.,United States,Health Care
94CAA1,GCL System Integration Tech Co. Ltd.,China,Energy
BF7B05,Zojirushi Corp.,Japan,Consumer Goods
F721A7,Newmark Group Inc.,United States,Real Estate
DB056D,WNS (Holdings) Ltd.,Jersey,Industrials
82F076,Befesa S.A.,Luxembourg,Industrials
F9D704,Xinjiang Tianfu Energy Co. Ltd.,China,Utilities
D5FA7B,Constellation Software Inc.,Canada,Technology
8FBC4A,Johnson Electric Holdings Ltd.,Bermuda,Industrials
8EE0C4,Patria Investments Ltd.,Cayman Islands,Real Estate
1CA1D2,Montauk Renewables Inc.,United States,Energy
5A424B,Multi Commodity Exchange of India Ltd.,India,Financials
683XQD,Portillo's Inc.,United States,Consumer Services
36ECA4,CrowdStrike Holdings Inc.,United States,Technology
9EOV5L,Drilling Tools International Corp.,United States,Energy
3B75A6,Lodha Developers Ltd.,India,Real Estate
B3805D,KTK Group Co. Ltd.,China,Consumer Goods
0B715A,Sichuan Hongda Co. Ltd.,China,Basic Materials
B06BB4,Embotelladora Andina S.A.,Chile,Consumer Goods
0D529D,Cantaloupe Inc.,United States,Technology
D347C6,Osisko Mining Inc.,Canada,Basic Materials
57D22B,ISS A/S,Denmark,Industrials
9024B2,Beijing Shougang Co. Ltd.,China,Basic Materials
EF8579,Steel Authority of India Ltd.,India,Basic Materials
0555FF,Wolfspeed Inc.,United States,Technology
58A2A0,Premier Investments Ltd.,Australia,Consumer Services
8D93E5,Ligao Foods Co. Ltd.,China,Consumer Goods
00593E,Wartsila Oyj,Finland,Industrials
94208D,Dayforce Inc.,United States,Technology
177843,Altium Ltd.,Australia,Technology
5063F2,Privia Health Group Inc.,United States,Health Care
484AF9,Honbridge Holdings Ltd.,Cayman Islands,Consumer Services
B1E42E,Nagoya Railroad Co. Ltd.,Japan,Consumer Services
CEEHWG,Shanghai GenTech Co. Ltd.,China,Industrials
1C5C5F,Mitani Sekisan Co. Ltd.,Japan,Industrials
4EE14A,Talos Energy Inc.,United States,Energy
81F4BE,First Busey Corp.,United States,Financials
589846,Semtech Corp.,United States,Technology
B7CA27,Jiangxi Huangshanghuang Gp Food Co. Ltd.,China,Consumer Goods
F42FAE,Horace Mann Educators Corp.,United States,Financials
79A76C,Shanghai United Imaging Healthcare (UIH),China,Health Care
6CD896,Qingdao Rural Commercial Bank Corp.,China,Financials
52FB2F,PRA Group Inc.,United States,Financials
9D09F2,BlackRock Enhanced Intl Dividend Trust,United States,Financials
D8F713,Inter Cars SA,Poland,Consumer Services
448215,Essential Properties Realty Trust Inc.,United States,Real Estate
1OZOE4,Farasis Energy (Gan Zhou) Co. Ltd.,China,Industrials
E74F75,Castellum AB,Sweden,Real Estate
A8E72A,Kodiak Sciences Inc.,United States,Health Care
7D5FD6,PulteGroup Inc.,United States,Consumer Goods
354977,Philip Morris CR A.S.,Czechia,Consumer Goods
3A1B5C,Luyang Energy-Saving Materials Co. Ltd.,China,Industrials
508CFD,Viatris Inc.,United States,Health Care
EC60B1,Chunbo Co. Ltd.,South Korea,Basic Materials
D71271,Mitsubishi Materials Corp.,Japan,Industrials
BCA83B,Chengdu Info Tech of CAS Co. Ltd.,China,Technology
89838C,PMB Technology Bhd.,Malaysia,Industrials
4F9926,Sony Group Corp.,Japan,Consumer Goods
82F088,Evolent Health Inc.,United States,Health Care
9E77DC,Shannon Semiconductor Tech Co. Ltd.,China,Consumer Goods
4A6F00,Alphabet Inc.,United States,Technology
9A48AD,Shenzhen Fastprint Circuit Tech Co. Ltd.,China,Technology
676A56,Shunfa Hengneng Corp.,China,Real Estate
6OHAYT,CapitaLand Investment Ltd.,Singapore,Real Estate
C44B3C,New Gold Inc.,Canada,Basic Materials
3FD5FE,LT Group Inc.,Philippines,Financials
EC7AE2,TradeWeb Markets Inc.,United States,Industrials
6C9E14,JD Health International Inc.,Cayman Islands,Health Care
10080A,Foxconn Technology Co. Ltd.,Taiwan,Industrials
B9872E,Sunac Services Holdings Ltd.,Cayman Islands,Real Estate
FD367F,GB Group PLC,United Kingdom,Technology
E00373,Euronet Worldwide Inc.,United States,Financials
3AA654,Sumec Corp. Ltd.,China,Industrials
ECD263,Netflix Inc.,United States,Consumer Services
D10E69,Vantage Towers AG,Germany,Telecommunications
2NI1OL,iSoftStone Information Tech Grp Co. Ltd.,China,Industrials
69CC3E,Swiss Life Holding AG,Switzerland,Financials
A998F8,Nikkon Holdings Co. Ltd.,Japan,Industrials
415188,Universal Display Corp.,United States,Industrials
A5C69D,Assicurazioni Generali S.p.A.,Italy,Financials
239066,Investment AB Latour,Sweden,Industrials
ADC1AB,Hunan Aihua Group Co. Ltd.,China,Industrials
9652E4,EchoStar Corp.,United States,Technology
FFB4CC,U-Blox Holding AG,Switzerland,Technology
A56293,Himax Technologies Inc.,United States,Technology
394DF5,Poly (Hong Kong) Investments Ltd.,Hong Kong SAR,Real Estate
4878D7,China Merchants Bank Co. Ltd.,China,Financials
16AAE0,Spectrum Brands Holdings Inc.,United States,Consumer Goods
F0CECF,Stillfront Group AB,Sweden,Consumer Goods
058828,John B. Sanfilippo & Son Inc.,United States,Consumer Goods
FD19B9,J D Wetherspoon PLC,United Kingdom,Consumer Services
182546,Admiral Group PLC,United Kingdom,Financials
44F9E4,Coca-Cola HBC AG,Switzerland,Consumer Goods
86B28A,PT Bank BJB Tbk,Indonesia,Financials
98B1B0,Medartis Holding AG,Switzerland,Health Care
763C96,First Trust Enhanced Equity Income Fund,United States,Financials
4301EF,Samsung Heavy Industries Co. Ltd.,South Korea,Industrials
69IM6W,Guanglian Aviation Industry Co. Ltd.,China,Industrials
G4WREU,Verisilicon Microelectronics (Shanghai) Co. Ltd.,China,Technology
8027E4,Huagong Tech Co. Ltd.,China,Industrials
54FF75,Qfin Holdings Inc.,Cayman Islands,Financials
5FB08F,Sankyu Inc.,Japan,Industrials
7LOMMU,Orion Properties Inc.,United States,Real Estate
5E0A99,Agile Group Holdings Ltd.,Cayman Islands,Real Estate
56FB7C,Community Healthcare Trust Inc.,United States,Real Estate
C69207,Buzzi SpA,Italy,Industrials
14A113,Louisiana-Pacific Corp.,United States,Industrials
38F5FB,China Medical System Holdings Ltd.,Cayman Islands,Health Care
B5FBEA,Leslie's Inc.,United States,Consumer Goods
6FCEF9,Shoe Carnival Inc.,United States,Consumer Services
F5D949,Mitsubishi Motors Corp.,Japan,Consumer Goods
42DC93,Cal-Maine Foods Inc.,United States,Consumer Goods
827E74,Chimin Health Management Co. Ltd.,China,Health Care
6BBD2D,Relay Therapeutics Inc.,United States,Health Care
CCB411,Nancal Technology Co. Ltd.,China,Technology
98451F,Descente Ltd.,Japan,Consumer Goods
F6C40A,Chinasoft International Ltd.,Cayman Islands,Technology
BA7867,Zeon Corp.,Japan,Basic Materials
0124D5,Shenzhen Kinwong Electronic Co. Ltd.,China,Industrials
2CD383,Shiga Bank Ltd.,Japan,Financials
4C775F,Qingdao TGOOD Electric Co. Ltd.,China,Industrials
1BED9C,PennantPark Floating Rate Capital Ltd.,United States,Financials
FE0F4A,Carlsberg Brewery Malaysia Bhd.,Malaysia,Consumer Goods
D82DD7,HitGen Inc.,China,Health Care
665618,Watsco Inc.,United States,Industrials
C28542,Longfor Group Holdings Ltd.,Cayman Islands,Real Estate
PKAH7Q,Life Time Group Holdings Inc.,United States,Consumer Services
D1F630,Rainbow Robotics Inc.,South Korea,Industrials
DCA2E8,Galapagos N.V.,Belgium,Health Care
572EC5,Alior Bank S.A.,Poland,Financials
A6FB29,RH Co.,United States,Consumer Services
8D01F2,Advantest Corp.,Japan,Technology
D11C1C,CareTrust REIT Inc.,United States,Real Estate
FD4E8D,Landstar System Inc.,United States,Industrials
80E957,Global Tech Industries Group Inc.,United States,Health Care
29CEBF,Ryerson Holding Corp.,United States,Basic Materials
AEDD76,Mensch und Maschine Software S.E.,Germany,Technology
D957DE,SoundHound AI Inc.,United States,Technology
8A9019,Finolex Cables Ltd.,India,Industrials
04B846,Oracle Financial Services Software Ltd.,India,Technology
112B6F,Tandem Diabetes Care Inc.,United States,Health Care
49BBBC,Micron Technology Inc.,United States,Technology
9ED8C7,Zheshang Securities Co. Ltd.,China,Financials
EB0DFC,Taiji Computer Corp. Ltd.,China,Technology
2CA6AA,Adva Optical Networking SE,Germany,Technology
CCCC74,AGL Energy Ltd.,Australia,Utilities
9D1E1A,Groupe Bruxelles Lambert S.A.,Belgium,Financials
512F7B,United Microelectronics Corp.,Taiwan,Technology
SNVLQD,Jushri Technologies Inc.,China,Technology
68A0FA,Krafton Inc.,South Korea,Consumer Goods
A2E1A1,360 Security Technology Inc.,China,Industrials
D453A1,Jiangsu Jiejie Microelectronics Co. Ltd.,China,Technology
D139BC,Blackstone Mortgage Trust Inc.,United States,Real Estate
8B7E98,Roland Corp.,Japan,Consumer Goods
8689FE,Grupo Catalana Occidente SA,Spain,Financials
0490C6,RadNet Inc.,United States,Health Care
4BSYMX,Ningbo Fujia Industrial Co. Ltd.,China,Consumer Goods
B32E21,Suzhou Novosense Microelectronics Co. Ltd.,China,Industrials
7F3A5F,Avis Budget Group Inc.,United States,Consumer Services
44D13D,Embraer S.A.,Brazil,Industrials
45444E,Ormat Technologies Inc.,United States,Energy
FC2BED,Peugeot Invest S.A.,France,Financials
96BC29,Inner Mongolia Xingye Silver & Tin Mining Co. Ltd.,China,Basic Materials
D065EF,Lindt & Sprungli AG,Switzerland,Consumer Goods
47D4A1,Kawasaki Kisen Kaisha Ltd.,Japan,Industrials
8FEEC0,Faes Farma S.A.,Spain,Health Care
2OWUCF,Halo Microelectronics Co. Ltd.,China,Technology
F39E1E,Advance Auto Parts Inc.,United States,Consumer Services
C3BB10,Phoenix Group Holdings PLC,United Kingdom,Financials
8C5374,Coforge Ltd.,India,Technology
BC0A23,Balaji Amines Ltd.,India,Basic Materials
AD3ED7,Orora Ltd.,Australia,Industrials
39692D,Expedia Group Inc.,United States,Consumer Services
7B66A6,B3 S.A. Brasil Bolsa Balcao,Brazil,Financials
86E123,European Opportunities Trust PLC,United Kingdom,Financials
E4041E,Union Bank of the Philippines,Philippines,Financials
2864A5,Minor Hotels Europe & Americas S.A.,Spain,Consumer Services
E50327,Quanta Computer Inc.,Taiwan,Technology
C88FF6,Chow Tai Seng Jewelry Co. Ltd.,China,Consumer Goods
B7105D,Guangdong Golden Dragon Development Inc.,China,Financials
8812C3,Sociedad de Inversiones Oro Blanco S.A.,Chile,Financials
3DE1A9,James Halstead PLC,United Kingdom,Industrials
FB52BA,Gibson Energy Inc.,Canada,Energy
C69A57,Hafnia Ltd.,Singapore,Industrials
95E26B,Korea Zinc Co. Ltd.,South Korea,Basic Materials
42EBD9,San-A Co. Ltd.,Japan,Consumer Services
343996,WEC Energy Group Inc.,United States,Utilities
7CC5A0,JMT Network Services Public Co. Ltd.,Thailand,Financials
4EAD78,Lingyi iTech (Guangdong) Co.,China,Industrials
F84C03,Farmers & Merchants Bancorp (California),United States,Financials
A8A959,Bâloise Holding AG,Switzerland,Financials
2EEE63,Northeast Pharmaceutical Group Co. Ltd.,China,Health Care
0AB992,Industrial and Commercial Bank of China Ltd.,China,Financials
129E3C,BOE HC SemiTek Corp.,China,Industrials
WYEGZO,Screaming Eagle Acquisition Corp.,Cayman Islands,Financials
6B9111,Japan Excellent Inc.,Japan,Real Estate
037096,AltaGas Ltd.,Canada,Utilities
58D2C9,Godrej Consumer Products Ltd.,India,Consumer Goods
3A751E,JFE Holdings Inc.,Japan,Basic Materials
28313F,Hangzhou Sunrise Technology Co. Ltd.,China,Industrials
58C99E,Cancom SE,Germany,Technology
AB1C1F,Infore Environment Tech Group Co. Ltd.,China,Industrials
BA9MUU,Theseus Pharmaceuticals Inc.,United States,Health Care
7A716C,Tower Semiconductor Ltd.,Israel,Technology
564C14,SGL Carbon SE,Germany,Industrials
168C8B,Kolon Industries Inc.,South Korea,Basic Materials
F167EA,Wuhu Token Science Co. Ltd.,China,Technology
D86201,Intrum AB,Sweden,Financials
D95A4A,Japan Prime Realty Investment Corp.,Japan,Real Estate
722DE3,Tetra Tech Inc.,United States,Industrials
479930,SPS Commerce Inc.,United States,Technology
3FBE44,Nexus AG,Germany,Technology
19C125,Longhua Technology Grp Luoyang Co. Ltd.,China,Industrials
6BD606,Boise Cascade Co.,United States,Industrials
4GEZRX,Raytron Technology Co. Ltd.,China,Industrials
9E9868,Indian Hotels Co. Ltd.,India,Consumer Services
60B003,TOA Paint (Thailand) PCL,Thailand,Industrials
A38034,Yuexiu Property Co. Ltd.,Hong Kong SAR,Real Estate
84D42A,Rover Group Inc.,United States,Consumer Services
957765,First Capital Securities Co. Ltd.,China,Financials
F98911,Daou Data Co. Ltd.,South Korea,Technology
0F65C9,NexPoint Residential Trust Inc.,United States,Real Estate
2D691C,Wuxi Boton Technology Co. Ltd.,China,Consumer Goods
F4CDA3,Ensign Group Inc.,United States,Health Care
L7AH7K,PT Avia Avian Tbk,Indonesia,Industrials
6EDD0F,Grinm Advanced Materials Co. Ltd.,China,Technology
B30B1F,Hanwa Co. Ltd.,Japan,Industrials
4259DF,Joby Aviation Inc.,United States,Industrials
610A23,J.Jill Inc.,United States,Consumer Services
8FF57A,Balfour Beatty PLC,United Kingdom,Industrials
5C1B65,Shenzhen Yinghe Technology Co. Ltd.,China,Industrials
DDC5EF,Xi'an Catering Co. Ltd.,China,Consumer Services
D09938,Monster Beverage Corp.,United States,Consumer Goods
AD22F2,Caleres Inc.,United States,Consumer Services
IZ2B3J,Taiyuan Heavy Industry Co. Ltd.,China,Industrials
37701F,SomaLogic Inc.,United States,Health Care
E0FOZY,Truecaller AB,Sweden,Technology
E54034,Fuji Electric Co. Ltd.,Japan,Industrials
M635PE,Cartesian Growth Corp. II,United States,Financials
C6D946,Fuji Media Holdings Inc.,Japan,Consumer Services
380AF1,Fielmann Group AG,Germany,Consumer Services
A45042,HBM Healthcare Investments AG,Switzerland,Financials
AEE1AC,H World Group Ltd.,Cayman Islands,Consumer Services
567F3D,Fortive Corp.,United States,Industrials
67B151,Aluar Aluminio Argentino S.A.I.C.,Argentina,Basic Materials
D27A22,PT Harum Energy Tbk,Indonesia,Basic Materials
72D28E,NovaGold Resources Inc.,Canada,Basic Materials
C89D61,Wuhan Fingu Electronic Tech Co. Ltd.,China,Consumer Services
DC0DFD,Resonac Holdings Corp.,Japan,Basic Materials
3C4E66,Shanghai Tianchen Co. Ltd.,China,Real Estate
8AC511,Compass Inc.,United States,Real Estate
SQVU8R,Hangzhou Cogeneration Group Co. Ltd.,China,Utilities
D8D810,Sichuan Jiuyuan Yinhai Software Co. Ltd.,China,Technology
6331F4,Tomy Co. Ltd.,Japan,Consumer Goods
B0D41A,Fate Therapeutics Inc.,United States,Health Care
188394,FMC Corp.,United States,Basic Materials
785596,Alerion Clean Power S.p.A.,Italy,Utilities
C382CD,Daiwa Securities Group Inc.,Japan,Financials
ADBD2C,Lee & Man Paper Manufacturing Ltd.,Cayman Islands,Basic Materials
A2F03E,Loomis AB,Sweden,Industrials
AB3C3F,Ninety One PLC,United Kingdom,Financials
38FB49,Equity Lifestyle Properties Inc.,United States,Real Estate
BEBE54,Guangdong Sanhe Pile Co. Ltd.,China,Industrials
ACCA3D,Guangdong TCL Smart Home Appliances Co. Ltd.,China,Consumer Goods
E9BD81,Barloworld Ltd.,South Africa,Industrials
9B0C9C,QuinStreet Inc.,United States,Consumer Services
32E873,Ares Management Corp.,United States,Financials
AA1EAA,Independence Realty Trust Inc.,United States,Real Estate
4E9FD8,Elecom Co. Ltd.,Japan,Technology
751C8D,Rackspace Technology Inc.,United States,Technology
586927,Energy Fuels Inc.,Canada,Basic Materials
889CAF,Hypoport SE,Germany,Financials
AE387B,Xinjiang Joinworld Co. Ltd.,China,Basic Materials
CC6E0F,Standard Foods Corp.,Taiwan,Consumer Goods
B9E7EC,Hangzhou Shunwang Technology Co. Ltd.,China,Technology
EAB57B,Srisawad Corp. PCL,Thailand,Financials
EC36DF,Huayu Automotive Systems Co. Ltd.,China,Consumer Goods
AA5C8E,Kinder Morgan Inc.,United States,Energy
8665BA,Thermo Fisher Scientific Inc.,United States,Health Care
5498EB,United Internet AG,Germany,Technology
D1588D,Stoke Therapeutics Inc.,United States,Health Care
02667C,Multiplan Empreendimentos Imob SA,Brazil,Real Estate
D47A40,Foxconn Interconnect Technology Ltd.,Cayman Islands,Industrials
55F8AB,Grupo Energia Bogota S.A. E.S.P.,Colombia,Utilities
190100,MPLX LP,United States,Energy
315EB0,Equinix Inc.,United States,Real Estate
B1EEED,Saizeriya Co. Ltd.,Japan,Consumer Services
D2A831,Grupa Kety S.A.,Poland,Basic Materials
18AB15,PETRONAS Gas Bhd,Malaysia,Energy
9787E0,Zhongnan Red Culture Group Co. Ltd.,China,Basic Materials
BD3834,Lucid Group Inc.,United States,Consumer Goods
A47A7D,Aerojet Rocketdyne Holdings Inc.,United States,Industrials
8Y7T09,First Watch Restaurant Group Inc.,United States,Consumer Goods
3433B9,Puregold Price Club Inc.,Philippines,Consumer Services
D9B7A5,Banco Bradesco S.A.,Brazil,Financials
525E71,JB Hi-Fi Ltd.,Australia,Consumer Services
253EF3,Hanmi Science Co. Ltd.,South Korea,Health Care
F40973,Arena REIT No. 1,Australia,Real Estate
883F42,Centerra Gold Inc.,Canada,Basic Materials
52B22C,Sichuan Development Lomon Co. Ltd.,China,Industrials
5D16CF,Patrick Industries Inc.,United States,Industrials
59A832,NRC Health,United States,Health Care
C62AA4,CoreCivic Inc.,United States,Industrials
B115EF,Societe Generale S.A.,France,Financials
DXWIOM,Vimeo Inc.,United States,Technology
3C763E,Shenzhen SEG Co. Ltd.,China,Industrials
A7B681,PLAYSTUDIOS Inc.,Cayman Islands,Technology
DF4DD7,Sapiens International Corp. N.V.,Cayman Islands,Technology
701531,Travere Therapeutics Inc.,United States,Health Care
EC749F,Asahi Group Holdings Ltd.,Japan,Consumer Goods
397314,Star Petroleum Refining PCL,Thailand,Energy
05FCE3,Frontline PLC,Cyprus,Industrials
1BA049,BlackRock Enhanced Large Cap Core Fd,United States,Financials
BFE02C,Citizens Financial Group Inc.,United States,Financials
207A2C,Zhejiang Longsheng Group Co. Ltd.,China,Basic Materials
F8AF9A,Harim Holdings Co. Ltd.,South Korea,Consumer Goods
850779,Hancock Whitney Corp.,United States,Financials
D6C356,Datadog Inc.,United States,Technology
97644E,ADT Inc.,United States,Industrials
182B8C,Clearfield Inc.,United States,Technology
7478D0,Stella-Jones Inc.,Canada,Industrials
6B3EED,YTL Power International Bhd.,Malaysia,Utilities
EA9778,National Central Cooling Co. PJSC,United Arab Emirates,Industrials
C7C306,Jastrzebska Spolka Weglowa S.A.,Poland,Basic Materials
BF8F3D,Hengli Petrochemical Co. Ltd.,China,Industrials
R3SN5Z,Micro-Tech (Nanjing) Co. Ltd.,China,Health Care
A3230E,ORIC Pharmaceuticals Inc.,United States,Health Care
DBD1DE,Mitie Group PLC,United Kingdom,Industrials
D9E036,BWX Technologies Inc.,United States,Industrials
564F3E,Wyndham Hotels & Resorts Inc.,United States,Consumer Services
C7AE14,American Financial Group Inc.,United States,Financials
F0CF19,Anhui Anke Biotechnology (Group) Co. Ltd.,China,Health Care
PXN2IU,EngageSmart Inc.,United States,Technology
03FA23,Merit Interactive Co. Ltd.,China,Technology
555602,MeiraGTx Holdings PLC,Cayman Islands,Health Care
1B0202,StarHub Ltd.,Singapore,Telecommunications
789612,Bangchak Corp. PCL,Thailand,Energy
977836,UniMicron Technology Corp.,Taiwan,Industrials
0AE795,OPAP S.A.,Greece,Consumer Services
CB32FF,Korea Aerospace Industries Ltd.,South Korea,Industrials
3ED92D,MSCI Inc.,United States,Financials
A7E0C9,Wuhan P&S Information Tech Co. Ltd.,China,Industrials
499AB2,Focus Technology Co. Ltd.,China,Consumer Services
E43B87,Turk Telekomunikasyon A.S.,Turkey,Telecommunications
45FB2D,Midea Group Co. Ltd.,China,Consumer Goods
E7A4B0,China Industrial Securities Co. Ltd.,China,Financials
95FD36,Lingyuan Iron & Steel Co. Ltd.,China,Basic Materials
F50647,BNK Financial Group Inc.,South Korea,Financials
E29C42,Softcat PLC,United Kingdom,Technology
1E1125,Credit Suisse Group AG,Switzerland,Financials
V0UUO2,Deterra Royalties Ltd.,Australia,Financials
121F2E,Allos SA,Brazil,Real Estate
1CD708,Trinity Industries Inc.,United States,Industrials
9D2BD0,CRISIL Ltd.,India,Industrials
841213,Mobimo Holding AG,Switzerland,Real Estate
3DC70D,Ford Otomotiv Sanayi A.S.,Turkey,Consumer Goods
1A155A,Jiangsu Nhwa Pharmaceutical Co. Ltd.,China,Health Care
C647D7,Leyard Optoelectronic Co. Ltd.,China,Industrials
9F18FA,TransDigm Group Inc.,United States,Industrials
F0C2C3,Shaftesbury Capital PLC,United Kingdom,Real Estate
D06755,Littelfuse Inc.,United States,Industrials
818ECC,Qisda Corp.,Taiwan,Technology
9FB302,ASMPT Ltd.,Cayman Islands,Technology
F9CAEC,Jiangsu Zhongtian Technology Co. Ltd.,China,Technology
B46E12,International Bancshares Corp.,United States,Financials
4361B9,Gree Holdings Inc.,Japan,Technology
E77D3A,Santam Ltd.,South Africa,Financials
832D33,Zhuzhou Smelter Group Co. Ltd.,China,Basic Materials
E37C1D,Fiberhome Telecom Technologies Co. Ltd.,China,Technology
9A530B,Oesterreichische Post AG,Austria,Industrials
E5347D,Grendene SA,Brazil,Consumer Goods
A02E83,Doosan Enerbility Co. Ltd.,South Korea,Industrials
304F75,Nsfocus Technologies Group Co. Ltd.,China,Technology
2EAC46,Cano Health Inc.,Cayman Islands,Health Care
AE8A7E,Rivian Automotive Inc.,United States,Consumer Goods
7C6A43,Zhongshan Broad-Ocean Motor Co. Ltd.,China,Industrials
AE8D72,Christian Dior SE,France,Consumer Goods
8TPY94,Shanghai Haoyuan Chemexpress Co. Ltd.,China,Basic Materials
AD3008,The Chefs' Warehouse Inc.,United States,Consumer Services
BDDFCF,Telling Telecom Holding Co. Ltd.,China,Technology
A97E53,Aurinia Pharmaceuticals Inc.,Canada,Health Care
6F4A9F,Lincang Xinyuan Germanium Ind Co. Ltd.,China,Basic Materials
1ADAF5,BIEM.L.FDLKK Garment Co. Ltd.,China,Consumer Goods
JO8UX5,StarPower Semiconductor Ltd.,China,Technology
366C3B,Korea Electric Power Corp.,South Korea,Utilities
67D9A5,China Nat'l Accord Medicines Corp. Ltd.,China,Health Care
6AB2A9,SimCorp A/S,Denmark,Technology
49914B,Mechanics Bancorp,United States,Financials
D819BE,Nordea Bank Abp,Finland,Financials
8C005F,Oyak Cimento Fabrikalari A.S.,Turkey,Industrials
17E42E,Legal & General Group PLC,United Kingdom,Financials
8E3824,Perpetua Resources Corp.,Canada,Basic Materials
AE4EEB,Equity Residential Corp.,United States,Real Estate
717709,Shandong Weigao Group,China,Health Care
2E61CC,Procter & Gamble Co.,United States,Consumer Goods
8F8F2F,JBT Marel Corp.,United States,Industrials
52AB96,Misumi Group Inc.,Japan,Industrials
0NINM8,China Science Publishing & Media Ltd.,China,Consumer Services
B6A28F,Amprius Technologies Inc.,Cayman Islands,Industrials
E15D08,Lao Feng Xiang Co. Ltd.,China,Consumer Services
00B5TQ,Hangzhou Onechance Tech Corp.,China,Consumer Services
74A006,Orix JREIT Inc.,Japan,Real Estate
D340D2,Itochu Enex Co. Ltd.,Japan,Consumer Services
9F4048,Elis S.A.,France,Industrials
EB86BB,Kobe Bussan Co. Ltd.,Japan,Consumer Services
107423,Swire Pacific Ltd.,Hong Kong SAR,Industrials
372037,MGP Ingredients Inc.,United States,Consumer Goods
DD8E30,IRESS Ltd.,Australia,Technology
09AEEF,TransAlta Corp.,Canada,Utilities
AC1DA8,Aker Solutions ASA,Norway,Energy
9E0811,Hamilton Lane Inc.,United States,Financials
40475F,Adani Ports & Special Economic Zone Ltd.,India,Industrials
A70BF5,Hanover Insurance Group Inc.,United States,Financials
1DE526,Helmerich & Payne Inc.,United States,Energy
0BC29E,American International Group Inc.,United States,Financials
58EAAE,BrightGene Bio-Medical Tech Co. Ltd.,China,Health Care
AF5FF5,Sinochem International Corp.,China,Basic Materials
0VQFR6,CR Special Cargo,China,Industrials
42B5A6,Nordic American Tankers Ltd.,Bermuda,Industrials
BADA07,Putnam Premier Income Trust,United States,Financials
D1E81C,CGI Inc.,Canada,Technology
9BA1A0,Topcon Corp.,Japan,Health Care
C41D00,Zhongyu Energy Holdings Ltd.,Cayman Islands,Utilities
C745AA,Ningbo Deye Technology Co. Ltd.,China,Consumer Goods
5F32D1,TV Asahi Holdings Corp.,Japan,Consumer Services
A8B51F,Borusan Yatirim ve Pazarlama A.S.,Turkey,Basic Materials
876596,EVE Energy Co. Ltd.,China,Industrials
2A08C4,Covivio S.A.,France,Real Estate
2E360C,Science Applications International Corp.,United States,Technology
3A84C4,Cardinal Energy Ltd.,Canada,Energy
0472DC,Oxford Nanopore Technologies PLC,United Kingdom,Health Care
CB46D4,Triangle Tyre Co. Ltd.,China,Consumer Goods
DC03B8,Hang Lung Properties Ltd.,Hong Kong SAR,Real Estate
B0F833,Furukawa Electric Co. Ltd.,Japan,Industrials
3D6790,Korean Air Co. Ltd.,South Korea,Consumer Services
82D6F1,AVIC Shenyang Aircraft Co. Ltd.,China,Industrials
7C5E15,Zurich Insurance Group AG,Switzerland,Financials
NJADD5,Primaris REIT,Canada,Real Estate
5B5D36,Indus Towers Ltd.,India,Telecommunications
B072C0,Juventus Football Club S.p.A.,Italy,Consumer Services
60ED6A,Aroundtown S.A.,Luxembourg,Real Estate
282C18,Guaranty Bancshares Inc. (Texas),United States,Financials
148CD5,Chorus Ltd.,New Zealand,Telecommunications
A99EEC,Alpha and Omega Semiconductor Ltd.,Bermuda,Technology
5747A4,Okamura Corp.,Japan,Consumer Goods
1772EC,Liontown Ltd.,Australia,Basic Materials
45FF42,Suzhou Dongshan Precision Mfg. Co. Ltd.,China,Industrials
342DDF,Hachijuni Nagano Bank Ltd.,Japan,Financials
8AB798,CIMC Enric Holdings Ltd.,Cayman Islands,Energy
55C9B5,Mastercard Inc.,United States,Financials
62B9AD,Cyrela Brazil Realty S.A.,Brazil,Real Estate
46017C,Cogent Communications Holdings Inc.,United States,Technology
79C386,CSR Ltd.,Australia,Industrials
E68733,Medtronic PLC,Ireland,Health Care
371C01,Erie Indemnity Co.,United States,Financials
59C6CB,Origin Energy Ltd.,Australia,Utilities
9184A5,Pou Chen Corp.,Taiwan,Consumer Goods
1F7C4C,TravelCenters of America Inc.,United States,Consumer Services
A117F8,Allianz SE,Germany,Financials
3E771F,New Work SE,Germany,Technology
BF2418,Ebro Foods S.A.,Spain,Consumer Goods
895B74,KOC Holding A.S.,Turkey,Energy
J5QCHS,Yifeng Pharmacy Chain Co. Ltd.,China,Consumer Services
CFE006,Navios Maritime Partners L.P.,Marshall Islands,Industrials
56AFF4,Texas Capital Bancshares Inc.,United States,Financials
2C0BB0,COFCO Joycome Foods Ltd.,Cayman Islands,Consumer Goods
E4158B,TrustCo Bank Corp.,United States,Financials
A604DD,SFL Corp. Ltd.,Bermuda,Industrials
9L5R2H,Tuoxin Pharmaceutical Group Co. Ltd.,China,Health Care
39CCE1,Nanjing Iron & Steel Co. Ltd.,China,Basic Materials
8E93A4,Independent Bank Group Inc.,United States,Financials
36C4D5,Hindalco Industries Ltd.,India,Basic Materials
44C98E,Abu Dhabi Islamic Bank PJSC,United Arab Emirates,Financials
F0B6A4,FESCO Group Co. Ltd.,China,Consumer Services
7B304E,Pavilion REIT,Malaysia,Real Estate
14C7B2,Keurig Dr. Pepper Inc.,United States,Consumer Goods
97BE9F,Jiangxi Ganneng Co. Ltd.,China,Utilities
46E650,Wienerberger AG,Austria,Industrials
FDEF88,Easyhome New Retail Group Co. Ltd.,China,Consumer Services
4D8C58,Universal Scientific Ind. (Shanghai) Co. Ltd.,China,Industrials
866722,Chularat Hospital PCL,Thailand,Health Care
165B86,ANI Pharmaceuticals Inc.,United States,Health Care
B102B8,Ohsho Food Service Corp.,Japan,Consumer Services
0E64D4,Credit Agricole S.A.,France,Financials
793492,Samsung Card Co. Ltd.,South Korea,Financials
289447,Nomura Real Estate Master Fund Inc.,Japan,Real Estate
A6FD40,Ningxia Western Venture Indust. Co. Ltd.,China,Consumer Goods
E69D29,Zhejiang Wansheng Co. Ltd.,China,Basic Materials
DAC66A,Park National Corp.,United States,Financials
831FD0,Resona Holdings Inc.,Japan,Financials
6316D1,Meitu Inc.,Cayman Islands,Technology
29A4CC,WesBanco Inc.,United States,Financials
20CC7A,China Risun Group Ltd.,Cayman Islands,Basic Materials
592816,Yieh Phui Enterprise Co. Ltd.,Taiwan,Basic Materials
EB61C4,Lincoln Electric Holdings Inc.,United States,Industrials
810A4B,Cadiz Inc.,United States,Utilities
F46921,Whitbread PLC,United Kingdom,Consumer Services
715274,YONFER Agricultural Technology Co. Ltd.,China,Basic Materials
E736E2,Bausch Health Cos. Inc.,Canada,Health Care
D31D00,Terna Energy S.A.,Greece,Utilities
F4194B,Sanofi S.A.,France,Health Care
F3EFB0,Solvalor 61 Inc.,Switzerland,Real Estate
80B32C,Heidelberg Materials AG,Germany,Industrials
D8FE1C,Dürr AG,Germany,Industrials
0A6824,Energizer Holdings Inc.,United States,Consumer Goods
NLDEIF,Snap One Holdings Corp.,United States,Financials
F67165,Essex Property Trust Inc.,United States,Real Estate
D0E1CC,Sona BLW Precision Forgings Ltd.,India,Basic Materials
C356AC,The Kraft Heinz Co.,United States,Consumer Goods
99D8ED,Global Unichip Corp.,Taiwan,Technology
05E615,Rheinmetall AG,Germany,Industrials
00D0D6,Greenland Holding Group Co. Ltd.,China,Real Estate
E6E012,Hubbell Inc.,United States,Industrials
US89D8,Sylvamo Corp.,United States,Basic Materials
9874D7,Kerry Properties Ltd.,Bermuda,Real Estate
232946,Keppel DC REIT,Singapore,Real Estate
D9382B,Zhen Ding Technology Holding Ltd.,Cayman Islands,Industrials
7FCB91,Elan Microelectronics Corp.,Taiwan,Technology
8D6EC9,Computacenter PLC,United Kingdom,Technology
DF01B1,JELD-WEN Holding Inc.,United States,Industrials
03F33E,Mankind Pharma Ltd.,India,Health Care
724F84,Houlihan Lokey Inc.,United States,Financials
E82BF7,Onex Corp.,Canada,Financials
8DE74B,Materion Corp.,United States,Basic Materials
863A23,IJM Corp. Bhd,Malaysia,Industrials
4C6D31,Zhejiang Publishing & Media Co. Ltd.,China,Industrials
9F1A99,Tokyo Gas Co. Ltd.,Japan,Utilities
56EA2B,Alexandria Real Estate Equities Inc.,United States,Real Estate
800361,Sagax AB,Sweden,Real Estate
26C392,KDX Realty Investment Corp.,Japan,Real Estate
294B0B,Hemnet Group AB,Sweden,Real Estate
VTQPWJ,Jiangsu Cable,China,Consumer Services
D69901,Derichebourg SA,France,Industrials
5BFE94,Sensient Technologies Corp.,United States,Basic Materials
6DF627,Autogrill S.p.A.,Italy,Consumer Services
1A8F32,Heiwa Real Estate REIT Inc.,Japan,Real Estate
C062D4,Revvity Inc.,United States,Industrials
CB22CD,The Marcus Corp.,United States,Consumer Services
C26CF4,Hanwha Corp.,South Korea,Industrials
D42DBA,GameStop Corp.,United States,Consumer Services
521F75,Fuso Chemical Co. Ltd.,Japan,Basic Materials
190BE6,Oxford Industries Inc.,United States,Consumer Goods
FCE45F,Weichai Power Co. Ltd.,China,Industrials
B60963,North West Co. Inc.,Canada,Consumer Services
4CE74B,SPIC Green Energy Co. Ltd.,China,Utilities
64309E,Client Service International Inc.,China,Technology
7D2D05,Netmarble Corp.,South Korea,Consumer Goods
910AE1,Smart Metering Systems Ltd.,United Kingdom,Industrials
80B911,Mapletree Industrial Trust,Singapore,Real Estate
57F3DA,CBIZ Inc.,United States,Industrials
C3BCD5,Newell Brands Inc.,United States,Consumer Goods
B1B65A,Tongcheng Travel Holdings Ltd.,Cayman Islands,Consumer Services
43F1FB,Shanghai Bailian Group Co. Ltd.,China,Consumer Services
29239E,Jihua Group Corp. Ltd.,China,Consumer Goods
B9F0EC,Jubilant FoodWorks Ltd.,India,Consumer Services
077C1D,Giantec Semiconductor Corp.,China,Industrials
7F2922,Ruth's Hospitality Group Inc.,United States,Consumer Services
62CDDE,Primoris Services Corp.,United States,Industrials
LJNQEA,Mingyue Optical Lens Co. Ltd.,China,Health Care
2FA42F,DiaSorin S.p.A.,Italy,Health Care
9C5288,Inesa Intelligent Tech Inc.,China,Technology
02442A,Dyno Nobel Ltd.,Australia,Basic Materials
427864,Kinnevik AB,Sweden,Financials
217414,Advance Residence Investment Corp.,Japan,Real Estate
02014D,Nuveen Municipal High Income Opp Fund,United States,Financials
7E9040,UNO Minda Ltd.,India,Consumer Goods
56595C,BBGI Global Infrastructure SA,Luxembourg,Financials
0813B9,Suzhou Gold Mantis,China,Industrials
AB8438,Franklin Ltd. Duration Income Trust,United States,Financials
D43209,Hunan Corun New Energy Co. Ltd.,China,Basic Materials
E19758,Wallenius Wilhelmsen ASA,Norway,Industrials
F99DEC,Alliance Resource Partners L.P.,United States,Basic Materials
B1D72D,Sirius Real Estate Ltd.,Guernsey,Real Estate
28AE39,Nippon Yusen K.K.,Japan,Industrials
7FD8B9,CECO Environmental Corp.,United States,Industrials
PTUA9Z,Smartfit Escola de Ginastica e Danca SA,Brazil,Consumer Services
DEBEDD,Xinjiang Tianye Co. Ltd.,China,Basic Materials
75ABF1,IOI Corp. Bhd,Malaysia,Consumer Goods
75BE6C,Electricity Generating Public Co. Ltd.,Thailand,Utilities
D4070C,Eastman Chemical Co.,United States,Basic Materials
5AB53E,Clarivate PLC,Jersey,Industrials
DB9083,Hangzhou Oxygen Plant Group Co. Ltd.,China,Industrials
BD4BB3,Husqvarna AB,Sweden,Consumer Goods
2A0B63,Fujikura Ltd.,Japan,Industrials
1C01DF,OBIC Co. Ltd.,Japan,Technology
754A98,Assure Tech (Hangzhou) Co. Ltd.,China,Health Care
60EA12,Nu Skin Enterprises Inc.,United States,Consumer Goods
C1A133,Seria Co. Ltd.,Japan,Consumer Services
484468,Invisio AB,Sweden,Technology
24CB56,KeyCorp.,United States,Financials
36670B,Mondi PLC,United Kingdom,Basic Materials
31AA84,Pegasystems Inc.,United States,Technology
D68276,Telefonica S.A.,Spain,Telecommunications
EC86D6,Better Collective A/S,Denmark,Technology
AA77E7,Kunwu Jiuding Investment Hldgs Co. Ltd.,China,Real Estate
4D2619,Robinsons Retail Holdings Inc.,Philippines,Consumer Services
EC785A,Netcare Ltd.,South Africa,Health Care
73B927,Barclays PLC,United Kingdom,Financials
A80F13,Shandong Jincheng Pharma Group Co. Ltd.,China,Health Care
CE2591,Cosmo AM&T Co. Ltd.,South Korea,Consumer Goods
61B740,Lloyds Banking Group PLC,United Kingdom,Financials
12B970,Caixa Seguridade Participaçoes SA,Brazil,Financials
70FCEF,Korn Ferry Co.,United States,Industrials
F8149B,Yantai Zhenghai Magnetic Mat Co. Ltd.,China,Industrials
147098,Atrion Corp.,United States,Health Care
D93A25,Alcoa Corp.,United States,Basic Materials
33CECD,Porto Seguro S/A,Brazil,Financials
912440,PT MNC Digital Entertainment Tbk,Indonesia,Consumer Services
247D8D,Tianshan Material Co. Ltd.,China,Industrials
E52047,Kaishan Group Co. Ltd.,China,Industrials
9D5FA4,Bio-Rad Laboratories Inc.,United States,Health Care
A2782A,Poya International Co. Ltd.,Taiwan,Consumer Services
497455,abrdn Global Premier Properties Fund,United States,Financials
AD3BF2,Yaskawa Electric Corp.,Japan,Industrials
197217,Tritax Big Box REIT PLC,United Kingdom,Real Estate
A1AC84,Jointown Pharmaceutical Group Co. Ltd.,China,Health Care
29DF98,Banque Intl Arabe de Tunisie SA,Tunisia,Financials
2F7474,Glacier Bancorp Inc.,United States,Financials
06F6BB,The Japan Steel Works Ltd.,Japan,Industrials
F91FC9,Great Eastern Holdings Ltd.,Singapore,Financials
257A71,Parque Arauco S.A.,Chile,Real Estate
E28F22,MGIC Investment Corp.,United States,Financials
68AEC9,Ichigo Office REIT Investment Corp.,Japan,Real Estate
C75AFB,China Everbright Bank Co. Ltd.,China,Financials
5E0660,Shenzhen Fine Made Electronics Group,China,Industrials
ED5171,Resources Connection Inc.,United States,Industrials
387541,Kaiser Aluminum Corp.,United States,Basic Materials
FWAED3,Jiangsu Tongling Electric Co. Ltd.,China,Energy
BE65E7,Advantage Solutions Inc.,United States,Consumer Services
D7Z68W,SK Biopharmaceuticals Co. Ltd.,South Korea,Health Care
FF7D88,Guangzhou Haige Comm Group Inc. Co.,China,Technology
A4BCDE,Applied Materials Inc.,United States,Technology
03D5F9,Ribbon Communications Inc.,United States,Technology
FF4E94,LivaNova PLC,United Kingdom,Health Care
CEC08B,USA TODAY Co. Inc.,United States,Consumer Services
513A86,Regional Management Corp.,United States,Financials
9856E0,LivePerson Inc.,United States,Technology
32E947,TCL Technology Group Corp.,China,Consumer Goods
F6FF0D,Livent Corp.,United States,Industrials
59D46B,Andon Health Co. Ltd.,China,Health Care
6DC43F,Zhejiang Expressway Co. Ltd.,China,Industrials
30DE64,Xeris Biopharma Holdings Inc.,United States,Health Care
0416CF,Newland Digital Technology Co. Ltd.,China,Technology
8D96E8,ZhongAn Online P&C Insurance Co. Ltd,China,Financials
AE2D4F,Alpha Metallurgical Resources Inc.,United States,Basic Materials
4F4248,Suning.com Co. Ltd.,China,Consumer Services
E2E109,Shenyang Xingqi Pharmaceutical Co. Ltd.,China,Health Care
13FCA8,UNIQA Insurance Group AG,Austria,Financials
AC3584,CryoPort Inc.,United States,Industrials
46EQV8,Vivid Seats Inc.,United States,Technology
81A8E2,Beijing Teamsun Technology Co. Ltd.,China,Technology
2F9655,Cellnex Telecom S.A.,Spain,Telecommunications
3BE717,China CAMC Engineering Co. Ltd.,China,Industrials
467E8F,Stockland Co.,Australia,Real Estate
F0E345,Center International Group Co. Ltd.,China,Industrials
3CD049,Jamieson Wellness Inc.,Canada,Consumer Services
615B6D,Immunovant Inc.,United States,Health Care
6CC55E,Incyte Corp.,United States,Health Care
970274,Sega Sammy Holdings Inc.,Japan,Consumer Services
DVHPDJ,Fitipower Integrated Technology Inc.,Taiwan,Technology
218BDF,NH Investment & Securities Co. Ltd.,South Korea,Financials
CA87D2,Yidu Tech Inc.,Cayman Islands,Health Care
E1E093,Merck Darmstadt,Germany,Health Care
CD1139,Liechtensteinische Landesbank AG,Liechtenstein,Financials
CC6FF5,Cadence Design Systems Inc.,United States,Technology
D0C79E,Melrose Industries PLC,United Kingdom,Financials
3DC887,Arista Networks Inc.,United States,Technology
311150,Endurance Technologies Ltd.,India,Consumer Goods
918D6D,Enliven Therapeutics Inc.,United States,Health Care
MTWPOF,U-Next Holdings Co. Ltd.,Japan,Technology
27DC40,Guardant Health Inc.,United States,Health Care
5C487C,Sam Chun Dang Pharm Co. Ltd.,South Korea,Health Care
323629,SDIC Power Holdings Co. Ltd.,China,Utilities
447B04,Far EasTone Telecommunications Co. Ltd.,Taiwan,Telecommunications
567239,Oscar Health Inc.,United States,Health Care
2CC60C,American Eagle Outfitters Inc.,United States,Consumer Services
B2F431,Bank of Marin Bancorp,United States,Financials
0B2637,IMI PLC,United Kingdom,Industrials
76596B,BOC Hong Kong (Holdings) Ltd.,Hong Kong SAR,Financials
0901EA,YG Entertainment Inc.,South Korea,Consumer Services
E2CBE2,CR Sanjiu Medical & Pharm Co. Ltd.,China,Health Care
377421,Empire Co. Ltd.,Canada,Consumer Services
075F1D,Megmilk Snow Brand Co. Ltd.,Japan,Consumer Goods
93CF27,Localiza Rent A Car S.A.,Brazil,Consumer Services
2E0AD7,Healius Ltd.,Australia,Health Care
O4AH0W,Enfusion Inc.,United States,Technology
135438,Shenzhen Bingchuan Network Co. Ltd.,China,Technology
LPK2DO,Equity Group Holdings PLC,Kenya,Financials
BISEJF,Yangzijiang Financial Holding Ltd.,Singapore,Financials
D7B305,Trulieve Cannabis Corp.,United States,Health Care
82F979,Fairfax Financial Holdings Ltd.,Canada,Financials
0A2DAF,Bomin Electronics Co. Ltd.,China,Industrials
4455C4,Oil States International Inc.,United States,Energy
D445E6,PT Saratoga Investama Sedaya Tbk,Indonesia,Financials
8A4575,Fanuc Corp.,Japan,Industrials
189C0E,CIE Automotive India Ltd.,India,Consumer Goods
66E04A,Hilton Worldwide Holdings Inc.,United States,Consumer Services
D099E1,Perella Weinberg Partners L.P.,United States,Financials
451D61,Agios Pharmaceuticals Inc.,United States,Health Care
1065BC,Radian Group Inc.,United States,Financials
75F9B1,Shenzhen Investment Ltd.,Hong Kong SAR,Real Estate
LCCKKB,Sendas Distribuidora SA,Brazil,Consumer Services
E06AB5,Alliance Global Group Inc.,Philippines,Industrials
97HVMN,AvidXchange Holdings Inc.,United States,Technology
30E915,Land Securities Group PLC,United Kingdom,Real Estate
EDB573,Otsuka Corp.,Japan,Technology
0B4D10,Annaly Capital Management Inc.,United States,Real Estate
22A576,Hanon Systems Corp.,South Korea,Consumer Goods
Q04LC8,New Hope Dairy Co. Ltd.,China,Consumer Goods
8ACFF7,Alpek S.A.B. de C.V.,Mexico,Basic Materials
0A57B3,Sinomach Automobile Co. Ltd.,China,Consumer Services
E0AD75,Antofagasta PLC,United Kingdom,Basic Materials
7BCSGJ,Jackson Financial Inc.,United States,Financials
740CB3,JSW Steel Ltd.,India,Basic Materials
AB5D26,Shenzhen YUTO Packaging Tech Co. Ltd.,China,Industrials
8092E6,Daewoong Pharmaceutical Co. Ltd.,South Korea,Health Care
D17C1B,JetBlue Airways Corp.,United States,Consumer Services
34CCB7,Asahi Kasei Corp.,Japan,Basic Materials
72DAD8,Zijin Mining Group Co. Ltd.,China,Basic Materials
6D6B40,Mercury General Corp.,United States,Financials
76CA32,Banco do Brasil S.A.,Brazil,Financials
E41PB0,Keboda Technology Co. Ltd.,China,Consumer Goods
741937,Olympic Steel Inc.,United States,Basic Materials
819A16,State Grid Yingda Co. Ltd.,China,Industrials
F88FA9,Adient PLC,Ireland,Consumer Goods
3Q4K6J,Kidswant Children Products Co. Ltd.,China,Consumer Services
1D3A00,Chico's FAS Inc.,United States,Consumer Services
8FDCA3,Scout24 SE,Germany,Technology
93F1C4,Shenzhen Colibri Technologies Co. Ltd.,China,Industrials
BA2CB3,PIMCO Municipal Income Fund III,United States,Financials
A4B899,Westlake Corp.,United States,Basic Materials
E2CB7B,Altair Engineering Inc.,United States,Technology
17FB44,Spirax Group PLC,United Kingdom,Industrials
B66928,ODP Corp.,United States,Consumer Services
99FC27,Ollie's Bargain Outlet Holdings Inc.,United States,Consumer Services
LBFM2Q,China First Heavy Industries Co. Ltd.,China,Industrials
A2BB29,U-Ming Marine Transport Corp.,Taiwan,Industrials
70BE7C,Kintetsu Group Holdings Co. Ltd.,Japan,Consumer Services
7B2483,Swisscanto (CH) Real Estate FD Ifca Inc.,Switzerland,Financials
C1F156,Crombie Real Estate Investment Trust,Canada,Real Estate
D1FC80,Santos Brasil Participacoes S.A.,Brazil,Industrials
DB840F,Farglory Land Development Co. Ltd.,Taiwan,Real Estate
A1C2BE,China Coal Xinji Energy Co. Ltd.,China,Basic Materials
0D0D78,PT Japfa Comfeed Indonesia Tbk,Indonesia,Consumer Goods
439256,Persol Holdings Co. Ltd.,Japan,Industrials
2F402B,InterRent Real Estate Investment Trust,Canada,Real Estate
IIL6FZ,Fujian Expressway Development Co. Ltd.,China,Industrials
439CBA,Sol S.p.A.,Italy,Basic Materials
AE7CBC,Scorpio Tankers Inc.,Marshall Islands,Industrials
69CE71,CVS Health Corp.,United States,Consumer Services
CBDEC0,Pigeon Corp.,Japan,Consumer Goods
16A9EA,TSP Wind Power Group Co. Ltd.,China,Energy
2D4853,Sociedad Quimica y Minera de Chile S.A.,Chile,Basic Materials
A2FFB6,SmartCentres REIT,Canada,Real Estate
9A26A9,Mitsubishi Electric Corp.,Japan,Industrials
4B9D13,WAM Capital Ltd.,Australia,Financials
72CB93,Pros Holdings Inc.,United States,Technology
BA328B,CK Hutchison Holdings Ltd.,Cayman Islands,Financials
0F4931,Postal Realty Trust Inc.,United States,Real Estate
AD475F,Norsk Hydro ASA,Norway,Basic Materials
EFAC45,Franco-Nevada Corp.,Canada,Basic Materials
4D700B,Old Mutual Ltd.,United Kingdom,Financials
8BF758,Hella GmbH & Co KGaA,Germany,Consumer Goods
65CC41,Construcciones & Auxiliar de Ferrocarriles S.A.,Spain,Industrials
5886A5,Ningxia Guoyun New Energy Co. Ltd.,China,Consumer Goods
8BA70E,Shanghai Belling Co. Ltd.,China,Technology
FFA5A7,Pan Pacific International Holdings Corp.,Japan,Consumer Services
D6C94E,El Puerto de Liverpool S.A.B. de C.V.,Mexico,Consumer Services
9673BD,Wolverine World Wide Inc.,United States,Consumer Goods
39FEC2,CNPC Capital Co. Ltd.,China,Financials
D04D9F,PJT Partners Inc.,United States,Financials
8B015B,Shandong Yulong Gold Co. Ltd.,China,Basic Materials
737BC0,Graincorp Ltd.,Australia,Consumer Goods
MPTZUM,Abalance Corp.,Japan,Technology
B6132C,GL Tech Co. Ltd.,China,Industrials
90B678,National Beverage Corp.,United States,Consumer Goods
B60AB8,Guangdong Hongda Holdings Group Co. Ltd.,China,Industrials
168A5D,Berkshire Hathaway Inc.,United States,Financials
7DF36A,IS Dongseo Co. Ltd.,South Korea,Industrials
PN1PN1,Corebridge Financial Inc.,United States,Financials
2EB499,Samsung SDS Co. Ltd.,South Korea,Technology
D07B07,ADMA Biologics Inc.,United States,Health Care
59FF71,Norte Grande SA,Chile,Financials
14ED2B,Estee Lauder Cos. Inc.,United States,Consumer Goods
0FD9C9,Tokai Carbon Korea Co Ltd.,South Korea,Technology
972356,eBay Inc.,United States,Consumer Services
11979R,Hesai Group Co.,China,Industrials
0E698B,The Trade Desk Inc.,United States,Consumer Services
AE1EDC,Indian Overseas Bank Co.,India,Financials
67B754,Proterra Inc.,United States,Consumer Goods
123258,Shandong Minhe Animal Husbandry Co. Ltd.,China,Consumer Goods
072A8F,abrdn World Healthcare Fund,United States,Financials
106394,VICI Properties Inc.,United States,Real Estate
0B400D,ProPetro Holding Corp.,United States,Energy
A294DD,Sonic Healthcare Ltd.,Australia,Health Care
0BC17A,Exponent Inc.,United States,Industrials
3471C0,Herc Holdings Inc.,United States,Consumer Services
C7AA85,Divi's Laboratories Ltd.,India,Health Care
7W0NL7,Ariston Holding N.V.,The Netherlands,Industrials
027C45,LG Chem Ltd.,South Korea,Basic Materials
B2B370,Chow Sang Sang Holdings Intl Ltd.,Bermuda,Consumer Goods
E52DAD,BlueNord ASA,Norway,Energy
93144E,MediaTek Inc.,Taiwan,Technology
575839,Cerevel Therapeutics Holdings Inc.,United States,Health Care
3434F1,GS Holdings Corp.,South Korea,Industrials
019E12,Shenzhen FRD Science & Tech Co. Ltd.,China,Industrials
DD0340,Kruk S.A.,Poland,Financials
491C6D,Fastpartner AB,Sweden,Real Estate
72A36B,Shurgard Self Storage Ltd.,Guernsey,Real Estate
9114B8,OMV AG,Austria,Energy
080B0F,Shanghai Tunnel Engineering Co. Ltd.,China,Industrials
CB912E,Rumble Inc.,United States,Technology
B68B21,Pci Technology Group Co. Ltd.,China,Technology
3B9886,Hibbett Inc.,United States,Consumer Services
6CE666,GitLab Inc.,United States,Technology
8242D9,Zhe Jiang Li Zi Yuan Food Co. Ltd.,China,Consumer Goods
LBU8VD,HilleVax Inc.,United States,Health Care
647143,Sierra Bancorp,United States,Financials
E2443D,Fevertree Drinks PLC,United Kingdom,Consumer Goods
61B38B,Kumho Tire Co. Inc.,South Korea,Consumer Goods
B3CFE8,Wacker Neuson SE,Germany,Industrials
AZDS6O,Zhejiang Ausun Pharmaceutical Co. Ltd.,China,Health Care
4285C6,Renault S.A.,France,Consumer Goods
2EB27A,Gresham House Energy Storage Fund PLC,United Kingdom,Financials
0853F1,Fagron N.V.,Belgium,Health Care
6B236C,Invitation Homes Inc.,United States,Real Estate
8C9149,SINBON Electronics Co. Ltd.,Taiwan,Industrials
ACD658,Gunkul Engineering Public Co. Ltd.,Thailand,Industrials
053345,CMB.TECH NV,Belgium,Industrials
CB689C,Aisino Corp.,China,Industrials
MRENNZ,Quants Research Institute Holdings Inc.,Japan,Financials
4D9669,Restaurant Brands International Inc.,Canada,Consumer Services
21E992,Ultrapar Participacoes SA,Brazil,Consumer Services
D7A953,Live Oak Bancshares Inc.,United States,Financials
5JT8OS,Datang Huayin Electric Power Co. Ltd.,China,Utilities
187183,Bouygues S.A.,France,Industrials
CF2DB5,IDFC First Bank Ltd.,India,Financials
F32BFB,Neoenergia S.A.,Brazil,Utilities
D77F7E,Univar Solutions Inc.,United States,Basic Materials
F74B1C,iA Financial Corp.,Canada,Financials
FVQ0N4,Petershill Partners PLC,United Kingdom,Financials
3E149C,Danone S.A.,France,Consumer Goods
6DBBBC,American Water Works Co. Inc.,United States,Utilities
EC1C74,Tibet Weixinkang Medicine Co. Ltd.,China,Health Care
3F07D7,Nissin Foods Co. Ltd.,Hong Kong SAR,Consumer Goods
A403CF,Advanced Drainage Systems Inc.,United States,Industrials
850224,Henan Lantian Gas Co. Ltd.,China,Utilities
8B1E11,The St. Joe Co.,United States,Real Estate
AB17A3,Bank of East Asia Ltd.,Hong Kong SAR,Financials
2506F9,China Meheco Group Co. Ltd.,China,Health Care
416302,Tourmaline Oil Corp.,Canada,Energy
9E8F70,Page Industries Ltd.,India,Consumer Goods
9BB3BC,Zhejiang Narada Power Source Co. Ltd.,China,Industrials
972C33,Steel Partners Holdings LP,United States,Financials
066FBF,Wizz Air Holdings PLC,Jersey,Consumer Services
859281,RBB Bancorp,United States,Financials
AF30BC,Costamare Inc.,Marshall Islands,Industrials
2BBE62,Nelnet Inc.,United States,Financials
24413B,Vinati Organics Ltd.,India,Basic Materials
86F9F7,PIMCO Municipal Income Fund II,United States,Financials
9CC485,Hisense Visual Technology Co. Ltd.,China,Consumer Goods
1E5786,Home BancShares Inc.,United States,Financials
21107F,Yamaguchi Financial Group Inc.,Japan,Financials
CD40CE,Shanghai Bright Power Semi Co. Ltd.,China,Technology
A90D88,Mondee Holdings Inc.,Cayman Islands,Consumer Services
4FD616,Hino Motors Ltd.,Japan,Industrials
C8E348,Guotai Haitong Securities Co. Ltd.,China,Financials
091277,UOL Group Ltd.,Singapore,Consumer Services
1F37EA,Embassy Office Parks REIT,India,Real Estate
CF0C90,Banco Comercial Portugues S.A.,Portugal,Financials
5AF36B,Fujian Apex Software Co. Ltd.,China,Technology
BFEF84,DexCo S.A.,Brazil,Industrials
736B94,Shopify Inc.,Canada,Industrials
890F10,Lagercrantz Group AB,Sweden,Industrials
AE4ACE,Bank of Ireland Group PLC,Ireland,Financials
0BAADB,Worldwide Healthcare Trust PLC,United Kingdom,Financials
56FAAC,Beijing SL Pharmaceutical Co. Ltd.,China,Health Care
7055C5,Vonovia SE,Germany,Real Estate
A1ED16,Aguas Andinas S.A.,Chile,Utilities
1B38FF,Ganzhou Tengyuan Cobalt New Mat Co. Ltd.,China,Basic Materials
12B281,Thule Group AB,Sweden,Consumer Goods
3ED502,Carlsberg A/S,Denmark,Consumer Goods
75152A,SAIC Motor Corp. Ltd.,China,Consumer Goods
S3CDUV,Computer Age Management Services Ltd.,India,Financials
F49430,Chengdu Kanghua Bio Products Co. Ltd.,China,Health Care
E1AA68,Nine Dragons Paper (Holdings) Ltd.,Bermuda,Basic Materials
CABF2D,Formosa Taffeta Co. Ltd.,Taiwan,Consumer Goods
CEDDB8,CM Hospitalar S.A.,Brazil,Health Care
2459EF,GlobalWafers Co. Ltd.,Taiwan,Technology
6A3C35,SM Energy Co.,United States,Energy
52E2AB,Invesco California Value Municipal Income Tst,United States,Financials
56C190,Jyothy Laboratories Ltd.,India,Consumer Goods
OYNE4C,AfterNext HealthTech Acquisition Corp.,Cayman Islands,Financials
694A21,Lucky Strike Entertainment Corp.,Cayman Islands,Consumer Services
495C6B,Banca Transilvania S.A.,Romania,Financials
91C82E,Lennar Corp.,United States,Consumer Goods
C4020F,Sunresin New Materials Co. Ltd. Xi'An,China,Basic Materials
44A4FC,Catalent Inc.,United States,Health Care
36E168,Shree Cement Ltd.,India,Industrials
A82E0C,Aspen Pharmacare Holdings Ltd.,South Africa,Health Care
ABA932,Luckin Coffee Inc.,Cayman Islands,Consumer Services
6880EC,Scentre Group Ltd.,Australia,Real Estate
18EC17,Intuitive Surgical Inc.,United States,Health Care
0F7CC3,Jinlei Technology Co. Ltd.,China,Industrials
EF5640,Walsin Lihwa Corp.,Taiwan,Industrials
D54E62,Chevron Corp.,United States,Energy
6248C7,ACADIA Pharmaceuticals Inc.,United States,Health Care
FCB8AA,Com7 PCL,Thailand,Consumer Services
C78I37,TECOM Group PJSC,United Arab Emirates,Real Estate
9978F1,Mirati Therapeutics Inc.,United States,Health Care
8D29B6,DIC Corp.,Japan,Basic Materials
26D8ED,iRadimed Corp.,United States,Health Care
41BA97,Beijing eGOVA Co. Ltd.,China,Technology
D4DC52,CRRC Corp. Ltd.,China,Industrials
236C2D,Bavarian Nordic A/S,Denmark,Health Care
ED046C,Hangzhou Chang Chuan Technology Co. Ltd.,China,Technology
CF073E,IDEAYA Biosciences Inc.,United States,Health Care
C4452A,National Grid PLC,United Kingdom,Utilities
EBA4F7,CTS Eventim AG & Co. KGaA,Germany,Consumer Services
089CE8,Hanmi Pharmaceutical Co. Ltd.,South Korea,Health Care
0ULYVK,Shaanxi Zhongtian Rocket Technology Co. Ltd.,China,Industrials
4212BC,S-Oil Corp.,South Korea,Energy
85827B,NEXTDC Ltd.,Australia,Technology
32C8CD,International Money Express Inc.,United States,Financials
83F412,Caverion Oyj,Finland,Industrials
D2054D,SUNeVision Holdings Ltd.,Cayman Islands,Technology
5FFCB2,Klepierre S.A.,France,Real Estate
9A02C4,Ameriprise Financial Inc.,United States,Financials
50BEA8,Hong Leong Financial Group Bhd.,Malaysia,Financials
2AE688,Tonghua Dongbao Pharmaceutical Co. Ltd.,China,Health Care
8B0D4E,IPCA Laboratories Ltd.,India,Health Care
246C0A,CHS Inc.,United States,Consumer Goods
C96C46,CyberArk Software Ltd.,Israel,Technology
2EB88B,PENN Entertainment Inc.,United States,Consumer Services
297DA8,Astronics Corp.,United States,Industrials
7F3669,Rambus Inc.,United States,Technology
D27932,Jiangsu Zongyi Co. Ltd.,China,Energy
4B4962,Shanghai Huayi Group Corp. Ltd.,China,Consumer Goods
QA1EOP,Anji Microelectronics,China,Technology
5A9A82,PPL Corp.,United States,Utilities
4071BE,Orbia Advance Corp. S.A.B. de C.V.,Mexico,Basic Materials
3CCD4C,An Hui Wenergy Co. Ltd.,China,Utilities
3AF7FD,Phibro Animal Health Corp.,United States,Health Care
E2F66E,MasTec Inc.,United States,Industrials
9D2790,Sysco Corp.,United States,Consumer Services
E74FED,Century Aluminum Co.,United States,Basic Materials
270305,First Citizens Bancshares Inc.,United States,Financials
48FB65,Sawai Group Holdings Co. Ltd.,Japan,Health Care
66804E,Idemitsu Kosan Co. Ltd.,Japan,Energy
33649B,Logitech International S.A.,Switzerland,Technology
5F401A,One 97 Communications Ltd.,India,Technology
3OGW2M,Jinhong Gas Co. Ltd.,China,Basic Materials
BA9A92,Indian Bank,India,Financials
7239BB,Sportsman's Warehouse Holdings Inc.,United States,Consumer Services
03FAA6,Veradigm Inc.,United States,Technology
084671,Tianneng Battery Group Co. Ltd.,China,Consumer Goods
273210,Hangzhou Honghua Digi Techngy Stk,China,Industrials
836D33,Hankook Tire & Technology Co. Ltd.,South Korea,Consumer Goods
FH2078,Everdisplay Optronics (Shanghai) Co. Ltd.,China,Technology
CE96E7,Western Digital Corp.,United States,Technology
56CC0A,Norwegian Cruise Line Holdings Ltd.,Bermuda,Consumer Services
44D02D,Persimmon PLC,United Kingdom,Consumer Goods
F8BDE3,Italtile Ltd.,South Africa,Consumer Services
8B6E7E,Beazer Homes USA Inc.,United States,Consumer Goods
1BC532,Grenergy Renovables S.A.,Spain,Utilities
C3AC50,PGE Polska Grupa Energetyczna SA,Poland,Utilities
D1CFC8,Steelcase Inc.,United States,Consumer Goods
D7D351,Lotte Energy Materials Corp.,South Korea,Industrials
5D720F,Keio Corp.,Japan,Industrials
23A171,Guangzhou KDT Machinery Group Co. Ltd.,China,Industrials
6A223F,Lingyun Industrial Corp. Ltd.,China,Consumer Services
E2866E,Cloudflare Inc.,United States,Technology
48146E,Clariane SE,France,Health Care
0ARABP,Piramal Pharma Ltd.,India,Health Care
54DF47,Plymouth Industrial REIT Inc.,United States,Real Estate
9D5D35,TrueBlue Inc.,United States,Industrials
48991E,Hiab Oyj,Finland,Industrials
66BDA1,Melco Resorts & Entertainment Ltd.,Cayman Islands,Consumer Services
57CA8E,Net263 Ltd.,China,Technology
7032D0,Virtus Investment Partners Inc.,United States,Financials
6CF43C,Benchmark Electronics Inc.,United States,Industrials
A6B94C,K's Holdings Corp.,Japan,Consumer Services
C27760,Jiugang Hongxing,China,Basic Materials
AEEF04,Dexerials Corp.,Japan,Industrials
7A45F9,Jiangsu Hengli Hydraulic Co. Ltd.,China,Industrials
4B192A,Fubon Financial Holding Co. Ltd.,Taiwan,Financials
67B960,Zhuhai Zhumian Group Co. Ltd.,China,Real Estate
520AC9,Baiyin Nonferrous Group Co. Ltd.,China,Basic Materials
DE7A6D,Topsec Technologies Group Inc.,China,Industrials
7F8950,Zhejiang Xinan Chem Ind. Group Co. Ltd.,China,Basic Materials
27DB90,EEKA Fashion Holdings Ltd.,Cayman Islands,Consumer Goods
1FC8A8,CHN Energy Changyuan Elec Power Co. Ltd.,China,Utilities
12EC91,Shenzhou Intl Group Holdings Ltd.,Cayman Islands,Consumer Goods
A244AD,BlackRock Health Sciences Trust,United States,Financials
FC09D3,Kewpie Corp.,Japan,Consumer Goods
12C639,China Coal Energy Co. Ltd.,China,Basic Materials
920F4C,Taiwan Semiconductor Co. Ltd.,China,Technology
2F94A5,T. Rowe Price Group Inc.,United States,Financials
0C4131,SmartFinancial Inc.,United States,Financials
5C61CC,Motus Holdings Ltd.,South Africa,Consumer Services
78DFBA,Dentium Co. Ltd.,South Korea,Health Care
AA1957,Universal Robina Corp.,Philippines,Consumer Goods
DE90A8,KGI Financial Holding Co. Ltd.,Taiwan,Financials
BB53AB,Aegis Logistics Ltd.,India,Energy
FD3428,Valterra Platinum Ltd.,South Africa,Basic Materials
E38774,Reata Pharmaceuticals Inc.,United States,Health Care
A3F97B,Shenergy Co. Ltd.,China,Utilities
2B49F4,Halliburton Co.,United States,Energy
123CB9,Colonial SFL SOCIMI S.A.,Spain,Real Estate
4F611D,Banpu Power Public Co. Ltd.,Thailand,Energy
E69F20,Nippon Steel Corp.,Japan,Basic Materials
B29BE5,Eneti Inc.,Marshall Islands,Energy
1F43A1,W. P. Carey Inc.,United States,Real Estate
EA7252,Alignment Healthcare Inc.,United States,Health Care
3B5606,Evertec Inc.,Puerto Rico,Industrials
30E01D,Affiliated Managers Group Inc.,United States,Financials
PX97R1,Beijing Beimo Gaoke Friction Mat Co. Ltd.,China,Industrials
BA53BF,Wangsu Science & Technology Co. Ltd.,China,Technology
062AAE,Seibu Holdings Inc.,Japan,Consumer Services
A1F4C9,Gruma S.A.B. de C.V.,Mexico,Consumer Goods
IFS0FM,Easy Trip Planners Ltd.,India,Consumer Services
C5E88F,Shenzhen Sinexcel Electric Co. Ltd.,China,Industrials
2031CE,Stock Yards Bancorp Inc.,United States,Financials
WS8OZE,SenseTime Group Inc.,Cayman Islands,Technology
736338,Paramount Bed Holdings Co. Ltd.,Japan,Health Care
111809,TPV Technology Co. Ltd.,China,Industrials
46A355,Cathay Financial Holding Co. Ltd.,Taiwan,Financials
092C47,Lumentum Holdings Inc.,United States,Technology
5C8FB4,Stanmore Resources Ltd.,Australia,Basic Materials
3CB368,Rengo Co. Ltd.,Japan,Industrials
D8DA3D,Sealed Air Corp.,United States,Industrials
EF958F,Colruyt Group NV,Belgium,Consumer Services
FBAE1D,Beijing Vastdata Technology Co. Ltd.,China,Technology
D9B1C9,American Electric Power Co. Inc.,United States,Utilities
5857C7,Industrias Penoles S.A.B. de C.V.,Mexico,Basic Materials
FA34E1,CreditAccess Grameen Ltd.,India,Financials
3EC711,China Datang Renewable Power,China,Utilities
5EE123,Helleniq Energy Holdings S.A.,Greece,Energy
6C8511,Air China Ltd.,China,Consumer Services
C2A55A,Seiko Group Corp.,Japan,Consumer Goods
A1FF80,Fortum Oyj,Finland,Energy
EB78BC,Utz Brands Inc.,United States,Consumer Goods
72DD94,Life Healthcare Group Holdings Ltd.,South Africa,Health Care
D96F66,Yunnan Nantian Electronics Info Co. Ltd.,China,Technology
0E5619,Amphastar Pharmaceuticals Inc.,United States,Health Care
102F04,Marcus & Millichap Inc.,United States,Real Estate
5FCC02,MAIRE S.p.A.,Italy,Industrials
048B70,Spire Inc.,United States,Utilities
511411,Pulike Biological Engineering Inc.,China,Health Care
63F892,Fortinet Inc.,United States,Technology
9AF932,Health & Happiness (H&H) Intl Hldgs Ltd.,Cayman Islands,Consumer Goods
3092CF,Hims & Hers Health Inc.,United States,Health Care
38F8A9,Kornit Digital Ltd.,Israel,Industrials
L9NNH3,ArcSoft Corp. Ltd.,China,Technology
55D63C,Evonik Industries AG,Germany,Basic Materials
2D5BD2,Kiwi Property Group Ltd.,New Zealand,Real Estate
1A09D2,Bajaj Electricals Ltd.,India,Industrials
68B80D,Bystronic AG,Switzerland,Industrials
AB49C5,Livzon Pharmaceutical Group Inc.,China,Health Care
C03E4F,Tibet Mineral Development Co. Ltd.,China,Basic Materials
VJ47P4,Evergreen Aviation Technologies Corp.,Taiwan,Industrials
34528C,Air New Zealand Ltd.,New Zealand,Consumer Services
92589A,Gedeon Richter Nyrt.,Hungary,Health Care
C4EB7A,LEM Holding S.A.,Switzerland,Industrials
0C28D1,Nexans S.A.,France,Industrials
6EDEF2,CT Real Estate Investment Trust,Canada,Real Estate
46FB81,Rothschild & Co. SCA,France,Financials
D2AC74,Axon Enterprise Inc.,United States,Industrials
E94704,Snap-On Inc.,United States,Industrials
5B3415,Veeco Instruments Inc.,United States,Industrials
1C4LN9,Aaron's Co. Inc.,United States,Consumer Services
4BEB48,Alarm.com Holdings Inc.,United States,Technology
8D24F5,China Travel Intl Investment HK Ltd.,Hong Kong SAR,Consumer Services
W5I1YF,Nippon Express Holdings Inc.,Japan,Industrials
EAD18A,Asahi India Glass Ltd.,India,Industrials
7C0A93,Templeton Emerging Markets Inv Trust PLC,United Kingdom,Financials
D069E5,GCM Grosvenor Inc.,United States,Financials
7C56B0,Guizhou Qianyuan Power Co. Ltd.,China,Utilities
958938,Sangamo Therapeutics Inc.,United States,Health Care
2FFB45,PT Indo Tambangraya Megah Tbk,Indonesia,Basic Materials
8264E9,Wanxiang Qianchao Co. Ltd.,China,Consumer Goods
549A7A,Pengxin International Mining Co. Ltd.,China,Basic Materials
EC821B,Howmet Aerospace Inc.,United States,Industrials
C5BAA7,Allianz Technology Trust PLC,United Kingdom,Financials
PKFAAZ,Yuanli Chemical Group Co. Ltd.,China,Basic Materials
7EA6CC,GuoChuang Software Co. Ltd.,China,Technology
5CFD8E,Visional Inc.,Japan,Technology
9E3B1E,Hindustan Aeronautics Ltd.,India,Industrials
6F0A63,Gaming and Leisure Properties Inc.,United States,Real Estate
1DA44F,Penske Automotive Group Inc.,United States,Consumer Services
66CA74,JSC Bank for Inv & Dev. of Vietnam,Vietnam,Financials
9EC37B,Jones Tech PLC,China,Industrials
584643,China Foods Ltd.,Bermuda,Consumer Goods
586225,Qingdao Citymedia Co. Ltd.,China,Consumer Services
629753,Greencoat Renewables PLC,Ireland,Financials
9BDFD3,ITC Ltd.,India,Consumer Goods
6C2681,Delta Corp. Ltd. (Zimbabwe),Zimbabwe,Consumer Goods
A65489,Kirin Holdings Co. Ltd.,Japan,Consumer Goods
DAF01C,Cencosud Shopping SA,Chile,Real Estate
02941A,Nanjing Xinjiekou Dept Store Co. Ltd.,China,Health Care
1ZBLTB,Qingdao Sentury Tire Co. Ltd.,China,Consumer Goods
85AD00,Community Financial System Inc.,United States,Financials
C1F077,Hipgnosis Songs Fund Ltd.,Guernsey,Financials
WRIY32,Operadora de Sites Mexicanos SAB de C.V.,Mexico,Telecommunications
125212,Cassava Sciences Inc.,United States,Health Care
2B9DBB,Banc of California Inc.,United States,Financials
59D3A9,Hyundai Department Store Co. Ltd.,South Korea,Consumer Services
1681F0,FGV Holdings Bhd.,Malaysia,Consumer Goods
B46388,Seazen Group Ltd.,Cayman Islands,Real Estate
93490B,Troy Information Technology Co. Ltd.,China,Technology
239106,Pediatrix Medical Group Inc.,United States,Health Care
BC44C7,Kingkey Smart Agriculture Times Co. Ltd.,China,Consumer Goods
B5956B,Hunan Gold Corp. Ltd.,China,Basic Materials
133900,Apollo Strategic Growth Capital II,Cayman Islands,Financials
08EF9E,Magazine Luiza S.A.,Brazil,Consumer Services
EDE7BA,Brambles Ltd.,Australia,Industrials
3FACA7,Phillips 66 Co.,United States,Energy
35D440,Amoy Diagnostics Co. Ltd.,China,Health Care
E7A8CC,Guangdong Guanghua Sci-Tech Co. Ltd.,China,Basic Materials
A398F8,Clean Harbors Inc.,United States,Industrials
DF532D,Interactive Brokers Group Inc.,United States,Financials
BC77BC,Publicis Groupe S.A.,France,Consumer Services
SUZM4J,GlobalFoundries Inc.,Cayman Islands,Technology
CDB5EB,Konfoong Materials International Co. Ltd.,China,Industrials
D21D8A,CVB Financial Corp.,United States,Financials
799E89,Welspun Living Ltd.,India,Consumer Goods
B65303,AstraZeneca PLC,United Kingdom,Health Care
6B613D,Vontier Corp.,United States,Industrials
64854A,SurModics Inc.,United States,Health Care
89C0F1,Greenfire Resources Ltd.,United States,Energy
3D9999,Synchrony Financial Inc.,United States,Financials
F8060C,Mabuchi Motor Co. Ltd.,Japan,Industrials
E68EC9,Dezhan Healthcare Co. Ltd.,China,Health Care
152AB9,Option Care Health Inc.,United States,Health Care
92B625,MannKind Corp.,United States,Health Care
33AD6A,BlackRock Municipal Income Fund Inc.,United States,Financials
5CWOWT,The Lottery Corp. Ltd.,Australia,Consumer Services
A2EB7A,WuXi Biologics (Cayman) Inc.,Cayman Islands,Health Care
B73BW7,Dutch Bros Inc.,United States,Consumer Services
AB7F05,Sleep Number Corp.,United States,Consumer Goods
EA2F1C,Apartment Income REIT Corp.,United States,Real Estate
1A1CB0,MediaAlpha Inc.,United States,Financials
18958B,Powszechny Zaklad Ubezpieczen S.A.,Poland,Financials
04FBA9,Grupo Financiero Inbursa S.A.B. de C.V.,Mexico,Financials
73F70F,Logility Supply Chain Solutions Inc.,United States,Technology
4F9390,Kangwon Land Inc.,South Korea,Consumer Services
EC583A,Gold Circuit Electronics Ltd.,Taiwan,Industrials
28AF37,ScanSource Inc.,United States,Technology
195679,Dongfang Electric Heating,China,Industrials
E90F7E,Guomai Technologies Inc.,China,Technology
1FBB50,Han's Laser Tech Industry Group Co. Ltd.,China,Industrials
05E9CC,Acerinox S.A.,Spain,Basic Materials
2D3AB2,Shenzhen Weiguang Bio-Products Co. Ltd.,China,Health Care
7A0C74,Quilter PLC,United Kingdom,Financials
9F5B99,Melia Hotels International S.A.,Spain,Consumer Services
FBCE4A,RiseSun Real Estate Development Co. Ltd.,China,Real Estate
2228CA,HKT Trust and HKT Ltd.,Cayman Islands,Telecommunications
BDCC11,Eventbrite Inc.,United States,Technology
1AD6A0,Voltalia SA,France,Utilities
75D689,Tarsus Pharmaceuticals Inc.,United States,Health Care
2740EA,Ningbo Peacebird Fashion Co. Ltd.,China,Consumer Goods
D52651,Genscript Biotech Corp.,Cayman Islands,Health Care
01329F,Fujifilm Holdings Corp.,Japan,Technology
ACDBC1,Suntak Technology Co. Ltd.,China,Industrials
63E257,FDJ United,France,Consumer Services
FA94B1,Liaoning Cheng Da Co. Ltd.,China,Consumer Services
BCA54D,Compagnie Financiere Tradition S.A.,Switzerland,Financials
510EA6,Neogen Corp.,United States,Health Care
5AAE17,MYR Group Inc.,United States,Industrials
7DED9B,Xiamen Hongxin Electron-tech Gp Co. Ltd.,China,Telecommunications
78A0A0,Aboitiz Equity Ventures Inc.,Philippines,Industrials
C23376,JTC PLC,Jersey,Financials
09F084,Uni-President Enterprises Corp.,Taiwan,Consumer Goods
D9151D,Zhejiang Yongtai Technology Co. Ltd.,China,Basic Materials
DCF8D3,Nikon Corp.,Japan,Consumer Goods
1AD382,Genimous Technology Co. Ltd.,China,Technology
1F19C8,Walker & Dunlop Inc.,United States,Financials
2562EA,Bapcor Ltd.,Australia,Consumer Goods
887F84,Gladstone Investment Corp.,United States,Financials
B753D5,Jiangsu Linyang Energy Co. Ltd.,China,Industrials
0BABC4,Netcompany Group A/S,Denmark,Technology
9B8FF0,Fujian Star-Net Communication Co. Ltd.,China,Technology
40FD0C,Believe SA,France,Consumer Services
33AD83,Dell Technologies Inc.,United States,Technology
EA98D5,Dr. Lal PathLabs Ltd.,India,Health Care
D331B8,King Yuan Electronics Co. Ltd.,Taiwan,Technology
D7424C,Mabwell (Shanghai) Bioscience Co. Ltd.,China,Health Care
055018,Capital One Financial Corp.,United States,Financials
0981F7,Northern Star Resources Ltd.,Australia,Basic Materials
1834C0,Easterly Government Properties Inc.,United States,Real Estate
19FFE5,Farfetch Ltd.,Cayman Islands,Consumer Services
42816A,Grupo Comercial Chedraui SAB de CV,Mexico,Consumer Services
F7E049,Rentokil Initial PLC,United Kingdom,Industrials
6ABCB8,Monolithic Power Systems Inc.,United States,Technology
F62500,AIB Group PLC,Ireland,Financials
CFB94C,Shinhan Financial Group Co. Ltd.,South Korea,Financials
969A2F,Empresas CMPC S.A.,Chile,Basic Materials
15AE8D,Intl Container Terminal Services Inc.,Philippines,Industrials
2F5256,Graphic Packaging Holding Co.,United States,Industrials
18A94B,Hengtong Optic-Electric Co. Ltd.,China,Technology
BDF2BD,Ecovyst Inc.,United States,Basic Materials
FC6998,Manchester United PLC,Cayman Islands,Consumer Services
F793FA,Mid Penn Bancorp Inc.,United States,Financials
F9DB8A,WHA Premium Growth F&L REIT,Thailand,Real Estate
1FDF32,Kyoritsu Maintenance Co. Ltd.,Japan,Real Estate
583257,ZipRecruiter Inc.,United States,Industrials
35275C,Pirelli & C. S.p.A.,Italy,Consumer Goods
36529A,Krystal Biotech Inc.,United States,Health Care
BAAA60,NewMarket Corp.,United States,Basic Materials
9DF2E4,Algonquin Power & Utilities Corp.,Canada,Utilities
8AB37F,OptimizeRx Corp.,United States,Health Care
76E80F,Lowe's Companies Inc.,United States,Consumer Services
01A8D4,Radiant Opto-Electronics Corp.,Taiwan,Industrials
83CF68,Samsonite Group S.A.,Luxembourg,Consumer Goods
0A0CF0,Scholastic Corp.,United States,Consumer Services
73FF51,Suzhou TFC Optical Comm Co. Ltd.,China,Industrials
CD58D5,China Mengniu Dairy Co. Ltd.,Cayman Islands,Consumer Goods
DB2E4E,Tellurian Inc.,United States,Energy
74933B,ASM International N.V.,The Netherlands,Technology
D3C794,Simpson Manufacturing Co. Inc.,United States,Industrials
D2C0B6,Photronics Inc.,United States,Technology
2096DE,Acushnet Holdings Corp.,United States,Consumer Goods
C2CA0C,908 Devices Inc.,United States,Health Care
BB036E,Robinhood Markets Inc.,United States,Financials
EB54AA,NMDC Ltd.,India,Basic Materials
39609E,Samsara Inc.,United States,Technology
EBD557,Zhejiang Oceanking Development Co. Ltd.,China,Basic Materials
598870,Li-Cycle Holdings Corp.,Canada,Industrials
DKJ429,Massy Holdings Ltd.,Trinidad and Tobago,Industrials
52DE7E,China Zhenhua Group Sci & Tech Co. Ltd.,China,Industrials
1AACFA,5I5J Holding Group Co. Ltd.,China,Real Estate
F6DEA2,Explosive Co. Ltd.,China,Basic Materials
464FDA,Metsa Board Corp.,Finland,Basic Materials
8FF2EF,Progressive Corp.,United States,Financials
8AAEB8,Huada Automotive Technology Corp. Ltd.,China,Consumer Goods
2BC05E,Six Flags Entertainment Corp.,United States,Consumer Services
78C897,Changshu Automotive Trim Grp Co. Ltd.,China,Consumer Goods
0C77A5,Morinaga Milk Industry Co. Ltd.,Japan,Consumer Goods
NO2VFY,Ngern Tid Lor Public Co. Ltd.,Thailand,Financials
BDC1FA,Kureha Corp.,Japan,Basic Materials
20CA38,Grupo Bimbo S.A.B. de C.V.,Mexico,Consumer Goods
264CE6,Moltiply Group S.p.A.,Italy,Financials
387375,Aspen Aerogels Inc.,United States,Industrials
BA6389,Stelco Holdings Inc.,Canada,Basic Materials
98ABAB,Sichuan Swellfun Co. Ltd.,China,Consumer Goods
398431,China Cinda Asset Management Co. Ltd.,China,Financials
C37D0F,Shanghai AJ Group Co. Ltd.,China,Financials
3F22C5,Aura Biosciences Inc.,United States,Health Care
6767F3,OceanaGold Corp.,Canada,Basic Materials
D69CFC,Claros Mortgage Trust Inc.,United States,Real Estate
ED37BF,Payoneer Global Inc.,Cayman Islands,Financials
76D022,Alpha Bank A.E.,Greece,Financials
64E346,Autodesk Inc.,United States,Technology
1DB6A6,Shore Bancshares Inc.,United States,Financials
F8C038,Apax Global Alpha Ltd.,Guernsey,Financials
EB6D41,Changzheng Engineering Technology Co. Ltd.,China,Industrials
980C75,Jiangsu Yanghe Distillery Co. Ltd.,China,Consumer Goods
8DCBCA,Osaka Gas Co. Ltd.,Japan,Utilities
8FKQ6Q,Cosumar S.A.,Morocco,Consumer Goods
AA1C03,Studio City International Holdings Ltd.,British Virgin Islands,Consumer Services
071CB1,Jyske Bank A/S,Denmark,Financials
C6589B,Tinexta S.p.A.,Italy,Technology
1CB9D3,MBIA Inc.,United States,Financials
8D322C,Shenzhen Dynanonic Co. Ltd.,China,Basic Materials
5240BA,Harbin Elec Jiamusi Elec Machine Co.,China,Industrials
F7FFDB,Anhui Honglu Steel Constr Group Co. Ltd.,China,Basic Materials
3CAB7D,Shanxi Hi-speed Group Co. Ltd.,China,Industrials
D78BF1,Werner Enterprises Inc.,United States,Industrials
86AB6F,Wipro Ltd.,India,Technology
FEDC9A,Tech-Bank Food Co. Ltd.,China,Consumer Goods
66CB62,Expand Energy Corp.,United States,Energy
AE7F50,Haichang Ocean Park Holdings Ltd.,Cayman Islands,Consumer Services
94K8EE,Vitesco Technologies Group AG,Germany,Industrials
640FF7,Orla Mining Ltd.,Canada,Basic Materials
05D61E,Zhuzhou Times New Material Tech Co. Ltd.,China,Basic Materials
375E12,Port of Tauranga Ltd.,New Zealand,Industrials
A473AE,Compagnie Financiere Richemont S.A.,Switzerland,Consumer Services
21FFE7,AmorePacific Corp.,South Korea,Consumer Goods
5B12FE,Pantheon International PLC,United Kingdom,Financials
47EF85,Tinergy Chemical Co. Ltd.,China,Basic Materials
52FE3A,Changzhou Qianhong Biopharma Co. Ltd.,China,Health Care
8B98E5,China Vanke Co. Ltd.,China,Real Estate
327FA1,Mitchells & Butlers PLC,United Kingdom,Consumer Services
C9C2B1,MercadoLibre Inc.,United States,Consumer Services
732449,Brinker International Inc.,United States,Consumer Services
EBC34E,PT Kalbe Farma Tbk,Indonesia,Health Care
07EAO2,RXO Inc.,United States,Industrials
DB1785,Spire Healthcare Group PLC,United Kingdom,Health Care
3DC756,Rational AG,Germany,Industrials
686980,IHH Healthcare Bhd.,Malaysia,Health Care
3C8C5A,Thai Beverage Public Co. Ltd.,Thailand,Consumer Goods
4C6370,SFBT S.A.,Tunisia,Consumer Goods
1FAB6A,Nihon Parkerizing Co. Ltd.,Japan,Basic Materials
705EE3,Van Kampen Municipal Trust,United States,Financials
97EE6B,Thai Oil PCL,Thailand,Energy
95AEEB,Micro-Star International Co. Ltd.,Taiwan,Technology
V8U40Z,Core Laboratories Inc.,United States,Energy
88B4EB,Krispy Kreme Inc.,United States,Consumer Services
8FC044,Mahanagar Gas Ltd.,India,Utilities
B6C2BD,Nuveen New York Quality Muni Income Fund,United States,Financials
0FE3A6,FRP Holdings Inc.,United States,Real Estate
ABEE43,Sonic Automotive Inc.,United States,Consumer Services
KEJLXD,Metro Brands Ltd.,India,Consumer Goods
94B6CB,China Construction Bank Corp.,China,Financials
33FD66,Yum China Holdings Inc.,United States,Consumer Services
60AD14,Guangxi LiuYao Group Co. Ltd.,China,Health Care
EEA707,IIFL Finance Ltd.,India,Financials
993A85,Central New Energy Holding Group Ltd.,Cayman Islands,Industrials
OX7S0I,Shandong Weifang Rainbow Chem Co. Ltd.,China,Basic Materials
13FA4C,UIE PLC,Malta,Consumer Goods
BA0F7C,Tanla Platforms Ltd.,India,Technology
4F892B,Schindler Holding AG,Switzerland,Industrials
CRY7KG,Hangzhou Jiebai Group Co. Ltd.,China,Consumer Services
5D5C9D,NexPoint Diversified Real Estate Trust,United States,Financials
A62A3A,Grupo Cibest S.A.,Colombia,Financials
537954,Treace Medical Concepts Inc.,United States,Health Care
77E793,Nan Ya Printed Circuit Board Corp.,Taiwan,Industrials
9F7206,Square Enix Holdings Co. Ltd.,Japan,Technology
5237E6,Sumitomo Realty & Development Co. Ltd.,Japan,Real Estate
D529A3,KEDE Numerical Control Co. Ltd.,China,Technology
DXI5OY,Wuxi Autowell Technology Co. Ltd.,China,Industrials
118413,James River Group Holdings Inc.,United States,Financials
WKJH2W,Nextpower Inc.,United States,Industrials
8C15E2,Koninklijke KPN N.V.,The Netherlands,Telecommunications
6LGZC3,Xiangcai Co. Ltd.,China,Real Estate
69E8D5,Transportadora de Gas del Sur S.A.,Argentina,Energy
27CF2D,MonotaRO Co. Ltd.,Japan,Industrials
B60064,Victory Capital Holdings Inc.,United States,Financials
554255,Sandvik AB,Sweden,Industrials
0DBAED,Banque Cantonale de Genève S.A.,Switzerland,Financials
B96DF5,Nicolet Bankshares Inc.,United States,Financials
7C62A3,Qorvo Inc.,United States,Technology
90D105,OVH Groupe SAS,France,Technology
C7F104,Colliers International Group Inc.,Canada,Real Estate
E49BC0,Guangzhou Restaurant Group Co. Ltd.,China,Consumer Goods
E11C41,Diamondrock Hospitality Co.,United States,Real Estate
QAYTNL,ForgeRock Inc.,United States,Technology
C95745,TAG Immobilien AG,Germany,Real Estate
3696BF,Central Pacific Financial Corp.,United States,Financials
2238CA,Genmab A/S,Denmark,Health Care
I7WT5C,Grace Fabric Technology Co. Ltd.,China,Consumer Goods
285CCD,Coretronic Corp.,Taiwan,Industrials
068396,Ladder Capital Corp.,United States,Real Estate
C7DC75,Modon Holding PJSC,United Arab Emirates,Financials
L0DZ29,Shizuoka Financial Group Inc.,Japan,Financials
CBB77B,Avid Bioservices Inc.,United States,Health Care
ABF23E,Aberforth Smaller Companies Trust PLC,United Kingdom,Financials
WDJL5K,Apollo Global Management Inc.,United States,Financials
39086F,Nikola Corp.,United States,Consumer Goods
967E42,BlackRock Debt Strategy Fund Inc.,United States,Financials
7441E5,Suzhou Anjie Technology Co. Ltd.,China,Industrials
03F023,Nippon Building Fund Inc.,Japan,Real Estate
443D70,Daan Gene Co. Ltd.,China,Health Care
61B8A6,Cybozu Inc.,Japan,Technology
3B8E06,Solaria Energia y Medio Ambiente S.A.,Spain,Energy
82565C,PT Semen Indonesia (Persero) Tbk,Indonesia,Industrials
0C5E94,Yunnan Yuntianhua Co. Ltd.,China,Basic Materials
8C72C4,Shimamura Co. Ltd.,Japan,Consumer Services
2B7111,Zhejiang Tony Electronic Co. Ltd.,China,Industrials
VC62IZ,Shenzhen Xinyichang Technology Co. Ltd.,China,Technology
D41B80,Hangxiao Steel Structure Co. Ltd.,China,Basic Materials
CBDF1D,Jiaozuo Wanfang Aluminum Mfg Co. Ltd.,China,Basic Materials
F46C5D,Itau Unibanco Holding S.A.,Brazil,Financials
298834,HNA Technology Co. Ltd.,China,Industrials
453282,Associated Banc-Corp.,United States,Financials
BE8D1E,Jilin Sino-Microelectronics Co. Ltd.,China,Industrials
ED9C04,Vistance Networks Inc.,United States,Technology
A2F6DE,SKF AB,Sweden,Industrials
EC8116,Necessity Retail REIT Inc.,United States,Real Estate
B1DF3C,Rapid7 Inc.,United States,Technology
5EC388,Premier Financial Corp.,United States,Financials
5FE4B6,CTS Corp.,United States,Industrials
66ECFD,Automatic Data Processing Inc.,United States,Industrials
EB36DE,Genworth Financial Inc.,United States,Financials
296552,Fuyo General Lease Co. Ltd.,Japan,Financials
8F2DA2,AL Sydbank A/S,Denmark,Financials
A2B7D8,BizLink Holding Inc.,Cayman Islands,Industrials
2426CB,Vital Healthcare Property Trust,New Zealand,Real Estate
60E3AB,S Immo AG,Austria,Real Estate
60F8E0,Sea Ltd.,Cayman Islands,Technology
D11FE8,Leddartech Holdings Inc.,Canada,Technology
53EF9E,Encore Wire Corp.,United States,Industrials
04ADEA,MiTAC Holdings Corp.,Taiwan,Technology
A9AB7B,PIMCO Corporate & Income Strategy Fund,United States,Financials
2B85D1,CareMax Inc.,United States,Health Care
9F03CF,Hershey Co.,United States,Consumer Goods
2AC2B3,Shandong Wit Dyne Health Co. Ltd.,China,Health Care
87D9A4,OCI Holdings Co. Ltd.,South Korea,Basic Materials
80F145,COSCO Shipping Holdings Co. Ltd.,China,Industrials
095294,DXC Technology Co.,United States,Technology
5C14C5,Daiwa House REIT Investment Corp.,Japan,Real Estate
092E94,Skyworth Digital Co. Ltd.,China,Consumer Goods
DA63FE,Skandinaviska Enskilda Banken AB,Sweden,Financials
BB3516,Seche Environnement S.A.,France,Industrials
C6F62B,Samvardhana Motherson International Ltd.,India,Consumer Goods
NLED39,Formosa Sumco Technology Corp.,Taiwan,Technology
0142B6,Impala Platinum Holdings Ltd.,South Africa,Basic Materials
43E45B,Tokyu Fudosan Holdings Corp.,Japan,Real Estate
C54140,AMC Networks Inc.,United States,Consumer Services
88032A,Ivanhoe Mines Ltd.,Canada,Basic Materials
F5D410,Centene Corp.,United States,Health Care
A80FE0,American Tower REIT Inc.,United States,Real Estate
49E38B,Design Therapeutics Inc.,United States,Health Care
0HX1LD,Jiangsu Chengxing Phosph-Chem Co. Ltd.,China,Basic Materials
C1A321,GD Provincial Expressway Dev Co. Ltd.,China,Industrials
E3F7F7,Hangzhou Hikvision Digital Tech Co. Ltd.,China,Industrials
0AAB0B,Gogoro Inc.,Cayman Islands,Consumer Goods
581B5B,Coway Co. Ltd.,South Korea,Consumer Goods
5D4Z6J,Serena Energia SA,Brazil,Energy
C3B294,GlobalData PLC,United Kingdom,Technology
9AB83E,Savencia Fromage & Dairy Co.,France,Consumer Goods
A6213D,Ford Motor Co.,United States,Consumer Goods
5E9547,Tofas Turk Otomobil Fabrikasi A.S.,Turkey,Consumer Goods
F1D7E1,Jardine Cycle & Carriage Ltd.,Singapore,Consumer Services
FE3062,Bombardier Inc.,Canada,Industrials
570006,Phoenix Mills Ltd.,India,Consumer Goods
A9ACAF,AVI Ltd.,South Africa,Consumer Goods
1AA3E9,Energy Vault Holdings Inc.,United States,Energy
66016D,Hubei Biocause Pharmaceutical Co. Ltd.,China,Financials
841C41,Close Brothers Group PLC,United Kingdom,Financials
9CADBE,Jiangsu Transimage Technology Co. Ltd.,China,Industrials
74E288,MSC Industrial Direct Co. Inc.,United States,Industrials
6EBC46,China Everbright Environment Group Ltd.,Hong Kong SAR,Industrials
A21649,MFA Financial Inc.,United States,Real Estate
56C195,Daiichi Sankyo Co. Ltd.,Japan,Health Care
EVK36Y,Lottomatica Group S.p.A.,Italy,Consumer Services
775439,Great Southern Bancorp Inc.,United States,Financials
6ACFBF,Northfield Bancorp Inc.,United States,Financials
49A2D7,Electrolux Professional AB,Sweden,Consumer Services
FA840E,ShockWave Medical Inc.,United States,Health Care
7541BB,Hankook & Company Co. Ltd.,South Korea,Consumer Goods
4D971D,Origin Bancorp Inc.,United States,Financials
62EDE1,No Va Land Investment Group Corp.,Vietnam,Real Estate
35323E,Burkhalter Holding AG,Switzerland,Industrials
B903A2,Alkyl Amines Chemicals Ltd.,India,Basic Materials
397687,Nishi-Nippon Railroad Co. Ltd.,Japan,Consumer Services
8E0E32,International Paper Co.,United States,Basic Materials
968B00,Loews Corp.,United States,Financials
BD6ECC,Shanghai Yizhong Pharmaceutical Co. Ltd.,China,Health Care
D1D94F,NSK Ltd.,Japan,Consumer Goods
3547E3,Nuveen Floating Rate Income Fund,United States,Financials
40DCCB,NET Power Inc.,Cayman Islands,Utilities
A54719,Mitsubishi UFJ Financial Group Inc.,Japan,Financials
5C5403,PNC Process Systems Co. Ltd.,China,Health Care
A63820,Chipotle Mexican Grill Inc.,United States,Consumer Services
2DBF98,Willis Towers Watson PLC,Ireland,Financials
CC9C62,Hong Leong Bank Bhd,Malaysia,Financials
5E0EA7,Enact Holdings Inc.,United States,Financials
7749CF,Telecom Italia S.p.A.,Italy,Telecommunications
88E629,Phihong Technology Co. Ltd.,Taiwan,Industrials
65CB9B,Sekisui Chemical Co. Ltd.,Japan,Consumer Goods
C334E4,Bakkafrost P/F,Faroe Islands,Consumer Goods
60E973,ViTrox Corp. Bhd,Malaysia,Technology
83A9DC,Jiangsu Jiangyin Rural Commercial Bank Co. Ltd.,China,Financials
61BCA7,Arch Capital Group Ltd.,Bermuda,Financials
30F6C6,Japan Petroleum Exploration Co. Ltd.,Japan,Energy
2C5C5B,CIE Automotive S.A.,Spain,Consumer Goods
C3484D,Janus Henderson Group PLC,Jersey,Financials
629F0F,Radiant Logistics Inc.,United States,Industrials
605F40,TTM Technologies Inc.,United States,Industrials
47752F,Owens Corning Co.,United States,Industrials
43520A,Bluegreen Vacations Holding Corp.,United States,Financials
34CA48,Commerce.com Inc.,United States,Technology
ED3CA8,American Homes 4 Rent LLC,United States,Real Estate
85EDB6,LanzaTech Global Inc.,United States,Energy
00389F,Vontobel Holding AG,Switzerland,Financials
2D485F,Essential Utilities Inc.,United States,Utilities
384CD3,Curtiss-Wright Corp.,United States,Industrials
MJRJEC,CITIC Niya Wine Co. Ltd.,China,Industrials
CE3D17,IBF Financial Holdings Co. Ltd.,Taiwan,Financials
B5DE80,Regency Centers Corp.,United States,Real Estate
5F3BC9,Uni-President China Holdings Ltd.,Cayman Islands,Consumer Goods
C8A09B,Beijing BDStar Navigation Co. Ltd.,China,Industrials
794A66,Granges AB,Sweden,Consumer Goods
3E7EB4,Jiangsu Chint Power Technology Co. Ltd.,China,Consumer Goods
C19D5A,Reynolds Consumer Products Inc.,United States,Consumer Goods
D90A10,SGH Ltd.,Australia,Financials
7C88C8,Zydus Lifesciences Ltd.,India,Health Care
GH7C1W,China Security Co. Ltd.,China,Industrials
DBBBBF,Jiangsu Guotai International Gp Co. Ltd.,China,Industrials
72FCA3,KB Home Corp.,United States,Consumer Goods
7EA721,Canadian Solar Inc.,Canada,Energy
6B12D8,China Yongda Automobiles Svcs Hldgs Ltd.,Cayman Islands,Consumer Goods
B35624,China Communications Services Corp. Ltd.,China,Technology
4JJL4N,Zhengzhou Qianweiyangchu Food Co. Ltd.,China,Consumer Goods
668298,OKUMA Corp.,Japan,Industrials
5AFAA3,Hufvudstaden AB,Sweden,Real Estate
48007C,Shanghai M&G Stationery Inc.,China,Consumer Goods
F2E253,Papa John's International Inc.,United States,Consumer Services
D96734,Saras S.p.A.,Italy,Energy
4F2CD9,3BB Internet Infrastructure Fund,Thailand,Technology
C0C71D,Waterdrop Inc.,Cayman Islands,Financials
458D2C,Allegiant Travel Co.,United States,Consumer Services
736310,Methanex Corp.,Canada,Basic Materials
80B95A,Dehua TB New Decoration Mat Co. Ltd.,China,Industrials
DQEJRZ,Miracll Chemicals Co. Ltd.,China,Basic Materials
6E6930,CCS Supply Chain Management Co. Ltd.,China,Consumer Goods
AF21EA,Makita Corp.,Japan,Consumer Goods
0EE6F8,Makalot Industrial Co. Ltd.,Taiwan,Consumer Goods
FAB1FD,Medacta Group S.A.,Switzerland,Health Care
823252,Yunnan Energy Investment Co. Ltd.,China,Basic Materials
7BB2CD,Chin Hin Group Bhd.,Malaysia,Industrials
02ADEC,Guanghui Logistics Co. Ltd.,China,Industrials
B3A1C6,PIMCO Floating Rate Income Fund,United States,Financials
F8F304,OCI N.V.,The Netherlands,Basic Materials
47BA98,South Plains Financial Inc.,United States,Financials
69B107,Eagle Point Credit Co. Inc.,United States,Financials
D38DAC,Paysafe Ltd.,United States,Financials
56AC5E,Edinburgh Investment Trust PLC,United Kingdom,Financials
RCL1NX,Star Health & Allied Insurance Co. Ltd.,India,Financials
1520CA,Arion Bank,Iceland,Financials
9A37E0,Thermax Ltd.,India,Industrials
EF9E92,First Bancorp Puerto Rico,Puerto Rico,Financials
0D34E8,Central Bank of India Co.,India,Financials
AA7FE0,CarMax Inc.,United States,Consumer Services
E7786E,State Bank of India,India,Financials
C66D7B,Shandong Lukang Pharmaceutical Co. Ltd.,China,Health Care
Q17TKQ,MGI Tech Co. Ltd.,China,Health Care
FA044A,Northwestern Corp.,United States,Utilities
823888,Becle S.A.B. de C.V.,Mexico,Consumer Goods
9EB6F6,Aozora Bank Ltd.,Japan,Financials
0FC3BA,The Bank of Kyoto Ltd.,Japan,Financials
735388,HomeTrust Bancshares Inc.,United States,Financials
WHHI64,Pony Testing Intl Group Co. Ltd.,China,Consumer Services
F81187,Emirates NBD Bank PJSC,United Arab Emirates,Financials
A87FBF,Spie S.A.,France,Industrials
7771D7,Franklin Covey Co.,United States,Industrials
C8C5A3,Fresh Del Monte Produce Inc.,Cayman Islands,Consumer Goods
9599CB,Yadea Group Holdings Ltd.,Cayman Islands,Consumer Goods
9F4A7D,EnLink Midstream LLC,United States,Energy
F703AA,Vend Marketplaces ASA,Norway,Consumer Services
5650F9,Parkway Life REIT,Singapore,Real Estate
D4D290,Neste Oyj,Finland,Energy
067779,Carnival Corp.,Panama,Consumer Services
6WJ5JY,Anyang Iron & Steel Co. Ltd.,China,Basic Materials
3EA65B,Harbin Pharmaceutical Group Co. Ltd.,China,Health Care
D04C62,Coursera Inc.,United States,Consumer Services
ECF709,AutoZone Inc.,United States,Consumer Services
MGH78V,Wuxi Chipown Micro-electronics Ltd.,China,Technology
81EAD4,Array Digital Infrastructure Inc.,United States,Telecommunications
553949,Stifel Financial Corp.,United States,Financials
98226B,and ST HD Co. Ltd.,Japan,Consumer Services
6844D2,FedEx Corp.,United States,Industrials
E9A274,Dongjin Semichem Co. Ltd.,South Korea,Basic Materials
F8DBF4,Hulic REIT Inc.,Japan,Real Estate
1D43F3,CA Immobilien Anlagen AG,Austria,Real Estate
7D7716,ArcBest Corp.,United States,Industrials
B76B4F,Stoneweg European Stapled Trust,Singapore,Real Estate
154154,Mersen S.A.,France,Industrials
644NS1,Marssenger Kitchenware Co. Ltd.,China,Consumer Goods
8FG7V4,APM Human Services International Ltd.,Australia,Consumer Services
D7F569,Gorman-Rupp Co.,United States,Industrials
OMGM1U,RL Commercial REIT Inc.,Philippines,Real Estate
3A1B1C,iQiyi Inc.,Cayman Islands,Consumer Services
45AD9F,Spark New Zealand Ltd.,New Zealand,Telecommunications
775BF5,VinaCapital Vietnam Opp. Fund Ltd.,Guernsey,Financials
CB44BF,Relaxo Footwears Ltd.,India,Consumer Goods
38C004,Teekay Corp. Ltd.,Bermuda,Industrials
C3A56D,Bossard Holding AG,Switzerland,Industrials
306DAA,Anhui Kouzi Distillery Co. Ltd.,China,Consumer Goods
7D6E09,Topdanmark A/S,Denmark,Financials
A6BE37,Ascendis Pharma A/S,Denmark,Health Care
23BB3A,China CSSC Holdings Ltd.,China,Industrials
6AD6C5,Flughafen Zuerich AG,Switzerland,Industrials
E12E56,China Railway Materials Co. Ltd.,China,Consumer Goods
FBF3DA,IRPC Public Co. Ltd.,Thailand,Energy
B275C6,Boston Beer Co. Inc.,United States,Consumer Goods
394E6A,Vodafone Group PLC,United Kingdom,Telecommunications
38B023,China National Medicines Co. Ltd.,China,Health Care
973915,Kloeckner & Co. S.E.,Germany,Basic Materials
D3CEDF,LendingClub Corp.,United States,Financials
637FBD,F&G Annuities & Life Inc.,Cayman Islands,Financials
A6D716,Sumitomo Heavy Industries Ltd.,Japan,Industrials
6HPSKB,Chengdu RML Technology Co. Ltd.,China,Industrials
AA579F,China State Construction Eng Corp. Ltd.,China,Industrials
DFC641,Ningbo Zhenyu Technology Co. Ltd.,China,Industrials
4DD96A,Melexis N.V.,Belgium,Technology
E38B2A,Enel Generacion Peru S.A.A.,Peru,Utilities
4294AF,B.Grimm Power Public Co. Ltd.,Thailand,Utilities
7EAFB8,Banco de Bogota SA,Colombia,Financials
AE5DF2,Nippon Television Holdings Inc.,Japan,Consumer Services
C5CA6E,Hyundai Elevator Co. Ltd.,South Korea,Industrials
A11E4E,Vector Ltd.,New Zealand,Utilities
65AB2A,Yoshinoya Holdings Co. Ltd.,Japan,Consumer Services
K88X3B,Super Hi International Holding Ltd.,Cayman Islands,Consumer Services
1DCD1A,Obic Business Consultants Co. Ltd.,Japan,Technology
EAD3B4,Aboitiz Power Corp.,Philippines,Utilities
18181E,Avic Heavy Machinery Co. Ltd.,China,Industrials
754127,BioKangtai,China,Health Care
73C6DD,Wushang Group Co. Ltd.,China,Consumer Services
85E0A1,Bentley Systems Inc.,United States,Technology
4AA934,Guoyuan Securities Co. Ltd.,China,Financials
9560BD,Nishi-Nippon Financial Holdings Inc.,Japan,Financials
B7FA9B,Par Pacific Holdings Inc.,United States,Energy
9CF2CF,Nanhua Futures Co. Ltd.,China,Financials
ACF77B,Paccar Inc.,United States,Industrials
216580,Lotte Shopping Co. Ltd.,South Korea,Consumer Services
P4QYNH,Universal Music Group N.V.,The Netherlands,Consumer Services
313581,PT Pabrik Kertas Tjiwi Kimia Tbk,Indonesia,Basic Materials
9864C1,Wellhope Foods Co. Ltd.,China,Consumer Goods
9334AA,Hopson Development Holdings Ltd.,Bermuda,Real Estate
1D4F8A,Zhanjiang Guolian Aquatic Pdts Co. Ltd.,China,Consumer Goods
D2B998,Guangdong Lyric RobotAutomation Co. Ltd.,China,Industrials
CCF44C,Glarun Technology Co. Ltd.,China,Industrials
AC5F07,BlackRock World Mining Trust PLC,United Kingdom,Financials
7895C1,Skyworth Group Ltd.,Bermuda,Consumer Goods
F045FF,OMV Petrom S.A.,Romania,Energy
0F90E1,Travel + Leisure Co.,United States,Consumer Services
5EE4A7,Eurazeo SE,France,Financials
206852,Bank of Hawaii Corp.,United States,Financials
86F307,Lier Chemical Co. Ltd.,China,Basic Materials
04F101,NagaCorp Ltd.,Cayman Islands,Consumer Services
D29B44,Corpay Inc.,United States,Industrials
80DD72,Grainger PLC,United Kingdom,Real Estate
245E13,Cohen & Steers Inc.,United States,Financials
9C3AA7,TBEA Co. Ltd.,China,Industrials
8EBA9B,SES AI Corp.,Cayman Islands,Industrials
41F793,AUO Corp.,Taiwan,Industrials
228FER,Iyogin Holdings Inc.,Japan,Financials
AF1CE5,NeoImmuneTech Inc.,United States,Health Care
CAEBBC,BlackRock MuniYield Quality Fund Inc.,United States,Financials
610D47,NVE Corp.,United States,Industrials
71A4E2,Xi'an Shaangu Power Co. Ltd.,China,Industrials
FC9987,Goeasy Ltd.,Canada,Consumer Services
D40453,Hirose Electric Co. Ltd.,Japan,Industrials
967D92,Xenia Hotels & Resorts Inc.,United States,Real Estate
8B2726,PETRONAS Dagangan Bhd,Malaysia,Energy
5A9LLK,W-Scope Chungju Plant Co. Ltd.,South Korea,Industrials
6DC1D7,World Kinect Corp.,United States,Industrials
E70531,Exxon Mobil Corp.,United States,Energy
BC0745,Baowu Magnesium Technology Co. Ltd.,China,Basic Materials
FABBF6,SSY Group Ltd.,Cayman Islands,Health Care
741AED,Liaoning Oxiranchem Inc.,China,Basic Materials
00XHHP,Sapphire Foods India Ltd.,India,Consumer Services
49184B,Fisher & Paykel Healthcare Corp. Ltd.,New Zealand,Health Care
E64FF7,JCR Pharmaceuticals Co. Ltd.,Japan,Health Care
6F9076,Chudenko Corp.,Japan,Industrials
7532EC,Adicet Bio Inc.,United States,Health Care
BE3018,Ingenic Semiconductor Co. Ltd.,China,Technology
4C350A,DNOW Inc.,United States,Energy
031E59,Keymed Biosciences Inc.,Cayman Islands,Health Care
B9D1A5,Wal-Mart de Mexico S.A.B. de C.V.,Mexico,Consumer Services
3209B9,Aehr Test Systems Inc.,United States,Technology
88936A,Mission Produce Inc.,United States,Consumer Goods
C9C0A4,Glanbia PLC,Ireland,Consumer Goods
D15BBD,BI of Oriental Nations Corp. Ltd.,China,Technology
98B915,Minmetals New Energy Materials (Hunan) Co. Ltd.,China,Consumer Goods
B59F4D,Chugoku Electric Power Co. Inc.,Japan,Utilities
65DED6,Digital China Group Co. Ltd.,China,Technology
BC3AD2,TowneBank Inc.,United States,Financials
531EF1,Check Point Software Technologies Ltd.,Israel,Technology
C230FE,Saia Inc.,United States,Industrials
4C1541,PAL Group Holdings Co. Ltd.,Japan,Consumer Services
A28C54,Vinci S.A.,France,Industrials
C6B7A5,Meyer Burger Technology AG,Switzerland,Industrials
3E1547,Hoa Phat Group JSC,Vietnam,Basic Materials
J0IP5V,Autel Intelligent Technology Corp. Ltd.,China,Industrials
79CED3,Nippon Electric Glass Co. Ltd.,Japan,Industrials
86ACF2,Alamos Gold Inc.,Canada,Basic Materials
534568,Zhejiang Orient Gene Biotech Co. Ltd.,China,Health Care
WIW8MD,HireRight Holdings Corp.,United States,Technology
6B0784,Mettler-Toledo International Inc.,United States,Industrials
437BB1,Guilin Layn Natural Ingredients Corp.,China,Consumer Goods
B013A8,Jinkai New Energy Co. Ltd.,China,Consumer Services
2P659P,Jiang Su Suyan Jingshen Co. Ltd.,China,Consumer Goods
8CDF91,Aditya Birla Capital Ltd.,India,Financials
Q6ZRFV,Battery Future Acquisition Corp.,Cayman Islands,Financials
DDB77F,Birchcliff Energy Ltd.,Canada,Energy
9AEBED,Opendoor Technologies Inc.,United States,Real Estate
86F123,NWPX Infrastructure Inc.,United States,Industrials
NAMDD7,Belite Bio Inc.,Cayman Islands,Health Care
1HP8GD,Anhui Tatfook Technology Co. Ltd.,China,Technology
0CEEE2,Deliveroo PLC,United Kingdom,Consumer Services
2F4C09,CI Financial Corp.,Canada,Financials
17B380,Zhejiang Zhongxin Fluoride Mats Co. Ltd.,China,Basic Materials
A79FA5,Sinopharm Group Co. Ltd.,China,Health Care
193FC8,Sinodata Co. Ltd.,China,Technology
ES1JMC,Yunnan Shennong Agricultural Industry Gp,China,Consumer Goods
249B39,Alerus Financial Corp.,United States,Financials
482909,SK Hynix Inc.,South Korea,Technology
38B55C,Adani Green Energy Ltd.,India,Utilities
CFB704,Kayne Anderson Energy Infra. Fund Inc.,United States,Financials
536B33,Westland 2004 Cert,Switzerland,Real Estate
FBA00A,Lynas Rare Earths Ltd.,Australia,Basic Materials
5B0EF4,LEENO Industrial Inc.,South Korea,Technology
732168,EBOS Group Ltd.,New Zealand,Health Care
1B298D,Kenon Holdings Ltd.,Singapore,Utilities
B03D59,Changchun High-Tech Industries Grp Inc.,China,Health Care
4077F9,Foryou Corp.,China,Consumer Services
UQSAEO,INFRONEER Holdings Inc.,Japan,Industrials
54F271,Central Garden & Pet Co.,United States,Consumer Goods
7840D6,Sasol Ltd.,South Africa,Basic Materials
3486C5,D & O Green Technologies Bhd.,Malaysia,Technology
AA98ED,Hasbro Inc.,United States,Consumer Goods
C66B44,Extreme Networks Inc.,United States,Technology
A495F7,Information Services Group Inc.,United States,Technology
F8B149,Cirrus Logic Inc.,United States,Technology
J5O2YH,Rockchip Electronics Co. Ltd.,China,Technology
223147,Gold Road Resources Ltd.,Australia,Basic Materials
61381B,Shin Kong Financial Holding Co. Ltd.,Taiwan,Financials
5D5E85,Zensho Holdings Co. Ltd.,Japan,Consumer Services
F748C7,Williams-Sonoma Inc.,United States,Consumer Services
1A01FB,Delta Electronics Inc.,Taiwan,Industrials
8BE916,QCR Holdings Inc.,United States,Financials
5FDBD0,NexTier Oilfield Solutions Inc.,United States,Energy
679A5E,LX International Corp.,South Korea,Industrials
D44C40,Yihai International Holding Ltd.,Cayman Islands,Consumer Goods
BC8E88,VAT Group AG,Switzerland,Industrials
316FD0,Ryman Healthcare Ltd.,New Zealand,Health Care
20A6E4,Walliser Kantonalbank Co.,Switzerland,Financials
157C84,Fonterra Co-operative Group Ltd.,New Zealand,Consumer Goods
E94C0E,Tianyu Digital Technology (Dalian) Group,China,Consumer Goods
890668,BRF SA,Brazil,Consumer Goods
D7BF3E,China Citic Bank Corp. Ltd.,China,Financials
2FEA66,AvalonBay Communities Inc.,United States,Real Estate
4672FB,Maxis Bhd.,Malaysia,Telecommunications
96356E,Cyfrowy Polsat S.A.,Poland,Consumer Services
B4528F,Anterix Inc.,United States,Telecommunications
F9D951,Haier Smart Home Co. Ltd.,China,Consumer Goods
4FA321,Fortis Inc.,Canada,Utilities
F8F6C4,Frasers Centrepoint Trust,Singapore,Real Estate
5BC65E,Suedzucker AG,Germany,Consumer Goods
81886A,Mitsui High-Tec Inc.,Japan,Technology
4U2AJ9,Motherson Sumi Wiring India Ltd.,India,Consumer Goods
966744,Honeywell Automation India Ltd.,India,Industrials
3D01D8,Tata Communications Ltd.,India,Telecommunications
C38440,Anika Therapeutics Inc.,United States,Health Care
2F8752,Enav S.p.A.,Italy,Industrials
38331F,Vcanbio Cell & Gene Eng Corp. Ltd.,China,Health Care
5BC2F4,State Street Corp.,United States,Financials
IHRKE5,China Resources & Environment Co. Ltd.,China,Industrials
DC1C24,StoreBrand ASA,Norway,Financials
CSCTP9,Shandong Kaisheng New Materials Co. Ltd.,China,Basic Materials
546A9C,VOXX International Corp.,United States,Technology
5176ED,Leonardo S.p.A.,Italy,Industrials
D07D25,Hera S.p.A.,Italy,Utilities
F45A6C,Breedon Group Ltd.,Jersey,Industrials
96878D,Beijing VRV Software Corp. Ltd.,China,Technology
FB728F,Diversified Healthcare Trust,United States,Real Estate
580F82,CropEnergies AG,Germany,Energy
7CBC40,TriNet Group Inc.,United States,Industrials
DB62C5,Sinolink Securities Co. Ltd.,China,Financials
9A1A95,Fukuyama Transporting Co. Ltd.,Japan,Industrials
C9C466,Shenzhen Laibao Hi-Tech Co. Ltd.,China,Industrials
D7F813,Black Peony (Group) Co. Ltd.,China,Consumer Goods
352AAB,Getlink S.E.,France,Industrials
5E83CF,Stellus Capital Investment Corp.,United States,Financials
1AF9F7,Outsourcing Inc.,Japan,Industrials
FD5F0D,GFL Environmental Inc.,Canada,Industrials
241AF7,Douglas Dynamics Inc.,United States,Industrials
5DE4FE,Poly Developments & Hldgs Group Co. Ltd.,China,Real Estate
B6NF4P,Orient Commercial Joint Stock Bank,Vietnam,Financials
7DDB50,Doosan Corp.,South Korea,Industrials
CCEA37,Beijing Ultrapower Software Co. Ltd.,China,Technology
69ADD9,Volkswagen AG,Germany,Consumer Goods
08A870,KDDI Corp.,Japan,Telecommunications
NRNGX3,Ningbo Ronbay New Energy Tech Ltd.,China,Industrials
5D2070,Kotak Mahindra Bank Ltd.,India,Financials
BC2974,Digiwin Co. Ltd.,China,Technology
5FD4F9,Greatoo Intelligent Equipment Inc.,China,Consumer Goods
BFB9E4,Pudong Golden Bridge,China,Real Estate
743159,Juewei Food Co. Ltd.,China,Consumer Goods
C45674,Beijing Capital Intl Airport Co. Ltd.,China,Industrials
FE2847,Organo Corp.,Japan,Industrials
F5C78B,FB Financial Corp.,United States,Financials
FE2E65,Heilongjiang Agriculture Co. Ltd.,China,Consumer Goods
134EE3,China Kings Resources Group Co. Ltd.,China,Basic Materials
912002,Sunriver Culture Tourism Co. Ltd.,China,Consumer Services
C1160A,HUB24 Ltd.,Australia,Financials
97D2D8,Lupin Ltd.,India,Health Care
357AAE,Menicon Co. Ltd.,Japan,Health Care
D4E815,Galaxy Entertainment Group Ltd.,Hong Kong SAR,Consumer Services
4UPQ1U,Anhui Hwasu Co. Ltd.,China,Basic Materials
CECA10,NEPI Rockcastle N.V.,The Netherlands,Real Estate
370C50,Celanese Corp.,United States,Basic Materials
D1EB45,Jolywood (Suzhou) Sunwatt Co. Ltd.,China,Energy
D62CB2,Anhui Estone Materials Tech Co. Ltd.,China,Basic Materials
798996,Bumble Inc.,United States,Technology
B2256A,Builders FirstSource Inc.,United States,Industrials
6BA511,Tianjin Ringpu Bio-technology Co. Ltd.,China,Health Care
04BDC8,Uponor Oyj,Finland,Industrials
2BD587,Coronado Global Resources Inc.,United States,Basic Materials
7E91EE,Kaken Pharmaceutical Co. Ltd.,Japan,Health Care
D645AA,Sitronix Technology Corp.,Taiwan,Technology
D6972B,Alpha Group Co. Ltd.,China,Consumer Services
C07BF2,Beach Energy Ltd.,Australia,Energy
3AEDFF,Kubota Corp.,Japan,Industrials
8AE73A,Shan Xi Huayang Grp New Energy Co. Ltd.,China,Basic Materials
BAF0D2,Nien Made Enterprise Co. Ltd.,Taiwan,Consumer Goods
52B4F9,DS Smith Ltd.,United Kingdom,Industrials
SZHQHH,Friend Co. Ltd. (China),China,Industrials
2D2D43,Marathon Petroleum Corp.,United States,Energy
2YDOEA,MasterBrand Inc.,United States,Consumer Goods
187F94,Vertex Energy Inc.,United States,Industrials
F07276,E-Mart Inc.,South Korea,Consumer Services
AABA7E,Ingenia Communities Group Co.,Australia,Real Estate
MDVHXU,Fertiglobe PLC,United Arab Emirates,Financials
9DF281,Washington H. Soul Pattinson & Co. Ltd.,Australia,Basic Materials
E057EC,BeNext-Yumeshin Group Co.,Japan,Industrials
5FC63E,ABB Ltd.,Switzerland,Industrials
C84D15,China MeiDong Auto Holdings Ltd.,Cayman Islands,Consumer Services
1DD3A3,Hudbay Minerals Inc.,Canada,Basic Materials
8AD847,Air Arabia PJSC,United Arab Emirates,Consumer Services
AAE875,Aeon Delight Co. Ltd.,Japan,Industrials
14390F,Sumitomo Corp.,Japan,Industrials
76CE2C,BlackRock Ltd. Duration Income Trust,United States,Financials
854B12,GuoCheng Mining Co. Ltd.,China,Basic Materials
CD7A06,Alcon AG,Switzerland,Health Care
2AA650,Thonburi Healthcare Group PCL,Thailand,Health Care
061856,Thomson Reuters Corp.,Canada,Consumer Services
BDEC1E,Intra-Cellular Therapies Inc.,United States,Health Care
3881CC,China Ruyi Holdings Ltd.,Bermuda,Consumer Services
D0311C,Xometry Inc.,United States,Industrials
F1B8AD,Witan Investment Trust Plc,United Kingdom,Financials
252FC5,Redeia Corp. S.A.,Spain,Utilities
83B1C8,Intercept Pharmaceuticals Inc.,United States,Health Care
A276E8,Lite-On Technology Corp.,Taiwan,Industrials
7F1472,Rumo S.A.,Brazil,Industrials
C74887,KalVista Pharmaceuticals Inc.,United States,Health Care
280071,PT Bank BTPN Syariah Tbk,Indonesia,Financials
48620E,Zhejiang Weixing Industrial Dev. Co. Ltd.,China,Consumer Goods
D88EF3,Charter Communications Inc.,United States,Consumer Services
957A07,Tactile Systems Technology Inc.,United States,Health Care
F80389,Pebblebrook Hotel Trust,United States,Real Estate
577033,Broadstone Net Lease Inc.,United States,Real Estate
F0TCAE,Burjeel Holdings PLC,United Arab Emirates,Health Care
332441,Cembra Money Bank AG,Switzerland,Financials
C1D394,Monde Nissin Corp.,Philippines,Consumer Goods
FF9086,Hillman Solutions Corp.,United States,Consumer Goods
DCDAA0,Lanxess AG,Germany,Basic Materials
FC7447,North China Pharmaceutical Co. Ltd.,China,Health Care
74E58F,Kuraray Co. Ltd.,Japan,Basic Materials
9RHDWF,KBC Corp. Ltd.,China,Industrials
1D1B07,Constellation Brands Inc.,United States,Consumer Goods
ED22DC,Akero Therapeutics Inc.,United States,Health Care
DDF7AF,Kangji Medical Holdings Ltd.,Cayman Islands,Health Care
55C289,Univest Financial Corp.,United States,Financials
E0A84E,AccorHotels S.A.,France,Consumer Services
18958F,PTT Exploration & Production PCL,Thailand,Energy
EF5914,Golden Entertainment Inc.,United States,Consumer Services
93EFCB,Breville Group Ltd.,Australia,Consumer Goods
B0D7E0,NLC India Ltd.,India,Utilities
8E3FFC,Digital Telecom Infrastructure Fund,Thailand,Technology
149301,Chimera Investment Corp.,United States,Real Estate
CA72B4,NTPC Ltd.,India,Utilities
31BD6A,Post Holdings Partnering Corp.,United States,Financials
6FFE1F,Tingo Group Inc.,United States,Industrials
05AF8F,Genus PLC,United Kingdom,Health Care
7C1603,Japan Post Holdings Co. Ltd.,Japan,Industrials
7C3A10,Techcombank,Vietnam,Financials
4582C1,mBank S.A.,Poland,Financials
M09TLG,Sonatel Group,Senegal,Telecommunications
5F8A7F,Cornerstone Total Return Fund Inc.,United States,Financials
650B90,Constellation Acquisition Corp. I,Cayman Islands,Financials
AABEA0,Greene County Bancorp Inc.,United States,Financials
DF24CE,Metalurgica Gerdau S.A.,Brazil,Basic Materials
E5D6D5,Domino'S Pizza Enterprises Ltd.,Australia,Consumer Services
UKOL2N,Yongan Futures Co. Ltd.,China,Financials
76CEFB,First Hawaiian Inc.,United States,Financials
613F69,Orange Belgium S.A.,Belgium,Telecommunications
19B15D,Pangaea Logistics Solutions Ltd.,United States,Industrials
FBF1EE,Sinotruk Jinan Truck Co. Ltd.,China,Industrials
958C98,Carabao Group PCL,Thailand,Consumer Goods
4082F0,Mineral Resources Ltd.,Australia,Basic Materials
C6D888,OFILM Group Co. Ltd.,China,Industrials
71694D,Target Hospitality Corp.,United States,Consumer Services
9EBAFA,Gladstone Land Corp.,United States,Real Estate
714D28,Orion Corp.,South Korea,Consumer Goods
3690D9,Sumitomo Chemical India Ltd.,India,Basic Materials
470808,abrdn Healthcare Investors Fund,United States,Financials
E26FC3,CSX Corp.,United States,Industrials
7A8471,Shenghe Resources Holding Co. Ltd.,China,Basic Materials
60BF03,Cosmo Chemical Co. Ltd.,South Korea,Basic Materials
F4CA0D,PT AKR Corporindo Tbk,Indonesia,Basic Materials
3513DF,China Overseas Grand Oceans Group Ltd.,Hong Kong SAR,Real Estate
8EAAB2,Sumavision Technologies Co. Ltd.,China,Consumer Services
CA4C59,Colgate-Palmolive (India) Ltd.,India,Consumer Goods
PXVXKV,Mobileye Global Inc.,Israel,Technology
55438C,Boeing Co.,United States,Industrials
6D8E98,Shandong Gold Mining Co. Ltd.,China,Basic Materials
1A10A1,Chr. Hansen Holding A/S,Denmark,Health Care
250BEE,Apartment Investment & Management Co.,United States,Real Estate
2D469F,BP PLC,United Kingdom,Energy
8729E6,Seneca Foods Corp.,United States,Consumer Goods
29D96F,Kosé Holdings Corp.,Japan,Consumer Goods
BTBYWR,Solidere SAL,Lebanon,Real Estate
CDA07B,Shanghai Bairun Inv Hldg Group Co. Ltd.,China,Basic Materials
110552,Sinoma Science & Technology Co. Ltd.,China,Industrials
8B1F37,National Fuel Gas Co.,United States,Utilities
2JMFNA,Industrie de Nora S.p.A.,Italy,Utilities
86F3CB,UiPath Inc.,United States,Technology
16F2BE,Bachem Holding AG,Switzerland,Health Care
6FFA62,CPI Europe AG,Austria,Real Estate
2D5011,Red River Bancshares Inc.,United States,Financials
8C954B,Blue Owl Capital Inc.,Cayman Islands,Financials
D95385,Morphic Holding Inc.,United States,Health Care
411A30,Guizhou BC&TV Info. Net. Co. Ltd.,China,Consumer Services
L92VK1,JF Wealth Holdings Ltd.,Cayman Islands,Financials
B079B3,Zai Lab Ltd.,Cayman Islands,Health Care
FD6926,Teleflex Inc.,United States,Health Care
473DB0,Ennostar Inc.,Taiwan,Technology
6B2726,Pets at Home Group PLC,United Kingdom,Consumer Services
7ACD98,TTEC Holdings Inc.,United States,Industrials
947F62,China Eastern Airlines Corp. Ltd.,China,Consumer Services
1D943E,Advanced Energy Industries Inc.,United States,Industrials
3RBPC4,Xinyaqiang Silicon Chemistry Co. Ltd.,China,Basic Materials
H9W9SN,GQG Partners Inc.,United States,Financials
542058,Maruichi Steel Tube Ltd.,Japan,Basic Materials
9E1755,Madison Square Garden Sports Corp.,United States,Consumer Services
70TLCW,Daiei Kankyo Co. Ltd.,Japan,Industrials
2F22A7,IGO Ltd.,Australia,Basic Materials
203E0E,Sparebanken Norge Co.,Norway,Financials
0162DD,Tod's S.p.A.,Italy,Consumer Goods
9DDE1B,Redwood Trust Inc.,United States,Real Estate
CD0F33,Hyundai AutoEver Corp.,South Korea,Consumer Goods
26105D,MIPS AB,Sweden,Consumer Goods
012BBE,Brookfield Renewable Partners L.P.,Canada,Utilities
0F1B0D,Guosen Securities Co. Ltd.,China,Financials
803AD3,Dongguan Yiheda Automation Co. Ltd.,China,Industrials
45FA70,Vaalco Energy Inc.,United States,Energy
0606F2,Zeria Pharmaceutical Co. Ltd.,Japan,Health Care
D1AE3B,M&T Bank Corp.,United States,Financials
22DAF6,Novanta Inc.,Canada,Industrials
B76D53,Riocan Real Estate Investment Trust Co.,Canada,Real Estate
9C5174,Insulet Corp.,United States,Health Care
0B0B64,Resorttrust Inc.,Japan,Consumer Services
FC4550,Banco Popular,Puerto Rico,Financials
8A9CBD,Great-West Lifeco Inc.,Canada,Financials
397A8F,The Children's Place Inc.,United States,Consumer Services
A0D041,Foschini Group Ltd.,South Africa,Consumer Services
80BBC1,Diploma PLC,United Kingdom,Industrials
196397,TIS Inc.,Japan,Technology
2BF121,Eternal Materials Co. Ltd.,Taiwan,Basic Materials
2EA6E9,Taboola.com Ltd.,Israel,Consumer Services
UH97Q4,Qingdao Haier Biomedical Co. Ltd.,China,Health Care
8F3C92,Growthpoint Properties Ltd.,South Africa,Real Estate
9752A3,Beyondsoft Corp.,China,Technology
FEA034,Chrome Holding Co.,United States,Health Care
362955,Zoom Communications Inc.,United States,Telecommunications
9592FB,OrthoPediatrics Corp.,United States,Health Care
A458C6,General Interface Solution (GIS) Hldg Ltd.,Cayman Islands,Industrials
3F868D,Rogers Corp.,United States,Industrials
49F284,Wheaton Precious Metals Corp.,Canada,Basic Materials
4DD09F,V2X Inc.,United States,Industrials
TQUD1U,Guangxi Beitou Technology Co. Ltd.,China,Consumer Services
C33D0B,Guangdong Ellington Elec Tech Co. Ltd.,China,Industrials
931E75,Supernus Pharmaceuticals Inc.,United States,Health Care
C9C41E,Clear Channel Outdoor Holdings Inc.,United States,Consumer Services
921XMT,Nanjing Gaoke Co. Ltd.,China,Real Estate
72CD59,Keywords Studios Ltd.,United Kingdom,Industrials
6BF275,DiDi Global Inc.,Cayman Islands,Technology
6CB7F9,Rush Enterprises Inc.,United States,Consumer Services
IFW463,Ningbo Changhong Plymr Sci & Tech Inc.,China,Basic Materials
3C30C5,Dirui Industrial Co. Ltd.,China,Health Care
6DECF4,Aurora Optoelectronics Co. Ltd.,China,Basic Materials
ATOQTU,Smart Gunes Enerjisi Tek,Turkey,Energy
77A0E0,Ipsos S.A.,France,Consumer Services
1595C9,CETC Cyberspace Security Tech Co. Ltd.,China,Technology
14B15B,Nipro Corp.,Japan,Health Care
09C9B6,Amvis Holdings Inc.,Japan,Health Care
C971D1,Granules India Ltd.,India,Health Care
B898BD,Kiwoom Securities Co. Ltd.,South Korea,Financials
49FF12,Zhejiang Medicine Co. Ltd.,China,Health Care
B3900E,Shenzhen Yitoa Intelligent Control Co. Ltd.,China,Industrials
BA57B1,Sunway Real Estate Investment Trust,Malaysia,Real Estate
F179ED,Twilio Inc.,United States,Technology
767F76,Zhejiang Huakang Pharmaceutical Co. Ltd.,China,Consumer Goods
1F5243,PATRIZIA SE,Germany,Real Estate
2PLZT4,medmix AG,Switzerland,Health Care
D6853F,Fluor Corp.,United States,Industrials
4902A2,Bank of Ayudhya Public Co. Ltd.,Thailand,Financials
F05FAD,Ship Healthcare Holdings Inc.,Japan,Health Care
E4E71A,Shriram Finance Ltd.,India,Financials
21E589,Bioneer Corp.,South Korea,Health Care
67A9D2,KLCC Property Holdings Bhd.,Malaysia,Real Estate
97AF94,Coca-Cola Consolidated Inc.,United States,Consumer Goods
67CSGG,Chervon Holdings Ltd.,Hong Kong SAR,Industrials
594581,Kumiai Chemical Industry Co. Ltd.,Japan,Basic Materials
F5E860,Akbank T.A.S.,Turkey,Financials
42D67A,Telefonica Brasil S.A.,Brazil,Telecommunications
D54B54,Zhejiang Hailiang Co. Ltd.,China,Basic Materials
1E8DD1,Lifestyle Communities Ltd.,Australia,Real Estate
33314A,Hyundai Marine & Fire Insurance Co. Ltd.,South Korea,Financials
B33243,China Tower Corp. Ltd.,China,Telecommunications
3C8A04,Insteel Industries Inc.,United States,Basic Materials
E68126,Banco del Bajío S.A.,Mexico,Financials
83AFBE,Brookfield Corp.,Canada,Financials
D77822,Motiva Infraestrutura de Mobilidade S.A.,Brazil,Industrials
907ED2,City Holding Co.,United States,Financials
KQZMPH,HF Sinclair Corp.,United States,Energy
C037C3,Appier Group Inc.,Japan,Technology
15B536,Gruppo Zignago Vetro S.p.A.,Italy,Industrials
C79B54,Hongbo Co. Ltd.,China,Industrials
5F77DB,Royce Value Trust Inc.,United States,Financials
7MLIRK,Emsteel Building Materials PJSC,United Arab Emirates,Industrials
F9A53F,Datang Intl Power Generation Co. Ltd.,China,Utilities
F39D94,Yibin Tianyuan Group Co. Ltd.,China,Basic Materials
C15DB3,Genuine Parts Co.,United States,Consumer Goods
AOXKBZ,Shanghai Zhonggu Logistics Co. Ltd.,China,Industrials
LIVBLM,Steris PLC,United Kingdom,Health Care
00B769,Tibet Cheezheng Tibetan Med Co. Ltd.,China,Health Care
B499EF,Kardex Holding AG,Switzerland,Industrials
371882,Addnode Group AB,Sweden,Technology
FD2466,Upstart Holdings Inc.,United States,Financials
DED0CD,TCL Central,China,Technology
FFB613,Hongkong Land Holdings Ltd.,Bermuda,Real Estate
AB5CFD,JPMorgan Emerging Markets Growth & Income PLC,United Kingdom,Financials
791FEF,Hanwha Life Insurance Co. Ltd.,South Korea,Financials
D08D2C,Tanger Inc.,United States,Real Estate
87A783,Tokyu Corp.,Japan,Consumer Services
5D424E,Ningbo Sanxing Medical Electric Co. Ltd.,China,Utilities
900356,Simon Property Group Inc.,United States,Real Estate
8D9993,Columbus McKinnon Corp.,United States,Industrials
AED61E,HealthEquity Inc.,United States,Health Care
F517C5,Focus Media IT Co. Ltd.,China,Technology
A753BB,Compugroup Medical SE & Co. KGaA,Germany,Technology
B76277,Air Liquide S.A.,France,Basic Materials
285926,Mapletree Logistics Trust,Singapore,Real Estate
603E9E,Shaanxi Aerospace Power Hi-Tech Co. Ltd.,China,Industrials
D087EE,Sichuan Hebang Biotechnology Co. Ltd.,China,Basic Materials
2B9D62,Ningxia Baofeng Energy Group Co. Ltd.,China,Basic Materials
B6231B,Compass Therapeutics Inc.,United States,Health Care
609208,MillerKnoll Inc.,United States,Consumer Goods
46C75C,Crescent Capital BDC Inc.,United States,Financials
6427F3,Empire Petroleum Corp.,United States,Energy
F88A04,Deluxe Corp.,United States,Industrials
4595EF,Deckers Outdoor Corp.,United States,Consumer Goods
PMBROI,Belpointe PREP LLC,United States,Real Estate
339F20,Farmers & Merchants Bancorp Inc.,United States,Financials
E9A39E,Day One Biopharmaceuticals Inc.,United States,Health Care
AF2572,Housing Development Finance Corp. Ltd.,India,Financials
1B8414,GigaDevice Semiconductor Inc.,China,Technology
CF65C8,Huaneng Power International Inc.,China,Utilities
D57C97,Solus Advanced Materials Co. Ltd.,South Korea,Industrials
ACDF88,The Home Depot Inc.,United States,Consumer Services
619882,JPMorgan Chase & Co.,United States,Financials
B8AF2B,CK Life Sciences Int¿l (Holdings) Inc.,Cayman Islands,Health Care
DB5309,SGS S.A.,Switzerland,Industrials
52015A,EMCOR Group Inc.,United States,Industrials
78EFDF,China Shipbuilding Industry Co. Ltd.,China,Industrials
749FB8,Guangdong Hongtu Tech Hldgs Co. Ltd.,China,Industrials
CMM78H,PT. Global Digital Niaga,Indonesia,Consumer Services
50AB35,International Public Partnerships Ltd.,United Kingdom,Financials
DD29D1,PT Sumber Alfaria Trijaya Tbk,Indonesia,Consumer Services
039867,Shanghai Chlor-Alkali Chemical Co. Ltd.,China,Basic Materials
4D80DB,Naturgy Energy Group S.A.,Spain,Utilities
7106C6,Lufax Holding Ltd.,Cayman Islands,Financials
9C735B,Ningbo Jifeng Auto Parts Co. Ltd.,China,Consumer Goods
DE2196,Saab AB,Sweden,Industrials
CNFFMP,Sildarvinnslan hf,Iceland,Consumer Goods
C2E397,UnipolSai Assicurazioni S.p.A.,Italy,Financials
B7809C,NASDAQ Premium I&G Fund Inc.,United States,Financials
C49923,Keihan Holdings Co. Ltd.,Japan,Consumer Services
10C19B,Bank OZK,United States,Financials
5BDFFE,Linea Directa Aseguradora SA,Spain,Financials
08A40F,WSFS Financial Corp.,United States,Financials
DDFC35,Anhui Sierte Fertilizer Ind Co. Ltd.,China,Basic Materials
W0F4A7,Maxvision Technology Corp.,China,Technology
FDD528,Zhejiang Huangma Technology Co. Ltd.,China,Basic Materials
BA0442,Repay Holdings Corp.,Cayman Islands,Industrials
B16C61,Beazley PLC,United Kingdom,Financials
555CA1,Koninklijke Vopak N.V.,The Netherlands,Industrials
F3E0C2,Guangdong Dowstone Technology Co. Ltd.,China,Consumer Services
3800C7,Tianshan Aluminum Group Co. Ltd.,China,Basic Materials
6F2450,Yonex Co. Ltd.,Japan,Consumer Goods
AD8C78,Assertio Holdings Inc.,United States,Health Care
DA00A5,Vodacom Group Ltd.,South Africa,Telecommunications
B076A1,Kadant Inc.,United States,Industrials
C99C3A,Cofinimmo S.A.,Belgium,Real Estate
3E8599,Tung Ho Steel Enterprise Corp.,Taiwan,Basic Materials
F1F438,Thryv Holdings Inc.,United States,Technology
AE5BC2,Open Lending Corp.,United States,Financials
7EDE03,TS TECH Co. Ltd.,Japan,Consumer Goods
29BFFC,Changchun BCHT Biotechnology Co. Ltd.,China,Health Care
QW03II,UTI Asset Management Co. Ltd.,India,Financials
D59E8B,Zhejiang Hangmin Co. Ltd.,China,Consumer Goods
BF8760,Suzano S/A,Brazil,Basic Materials
76C321,Innovent Biologics Inc.,China,Health Care
3DE4D1,Kimberly-Clark Corp.,United States,Consumer Goods
3F0021,Celltrion Healthcare Co. Ltd.,South Korea,Health Care
6BC98F,Signify N.V.,The Netherlands,Industrials
IPLUCC,Grupa Pracuj S.A.,Poland,Industrials
AEE205,Qantas Airways Ltd.,Australia,Consumer Services
0C1042,Mitsubishi Heavy Industries Ltd.,Japan,Industrials
31AD81,Terns Pharmaceuticals Inc.,United States,Health Care
0E50CA,Hansoh Pharmaceutical Group Co. Ltd.,Cayman Islands,Health Care
B80930,China Shenhua Energy Co. Ltd.,China,Basic Materials
DC2F77,Sekisui House U.S. Inc.,United States,Consumer Goods
0F0440,Kohl's Corp.,United States,Consumer Services
3FEBAD,RHI-Magnesita N.V.,The Netherlands,Industrials
80641B,Huadian Energy Co. Ltd.,China,Utilities
2CDCBC,Great Wall Enterprise Co. Ltd.,Taiwan,Consumer Goods
E7C8EC,Kiniksa Pharmaceuticals International PLC,United Kingdom,Health Care
F07FB6,Shenzhen Everwin Precision Tech Co. Ltd.,China,Industrials
7448A3,Universal Health Services Inc.,United States,Health Care
EDE1F5,Hongrun Construction Group Co. Ltd.,China,Industrials
432D36,Meituan Ltd.,Cayman Islands,Consumer Services
877B5F,Sapporo Holdings Ltd.,Japan,Consumer Goods
B1A8A2,Bechtle AG,Germany,Consumer Goods
444CC8,Sonos Inc.,United States,Consumer Goods
8D0757,Jiangxi Copper Co. Ltd.,China,Basic Materials
E1C16B,The Allstate Corp.,United States,Financials
ED799E,Anhui Conch Cement Co. Ltd.,China,Industrials
BF9114,Atresmedia,Spain,Consumer Services
CC5E01,Discoverie Group PLC,United Kingdom,Industrials
4B6EF9,Getty Realty Corp.,United States,Real Estate
2C3093,Nuvation Bio Inc.,United States,Health Care
036A4C,Greentown China Holdings Ltd.,Cayman Islands,Real Estate
1C48B0,Virgin Galactic Holdings Inc.,United States,Industrials
6E8A5E,KPIT Technologies Ltd.,India,Technology
3EDFAD,Sailun Group Co. Ltd.,China,Consumer Goods
9C114A,Kinross Gold Corp.,Canada,Basic Materials
E484AC,Acom Co. Ltd.,Japan,Financials
F862DA,SpareBank 1 Nord-Norge,Norway,Financials
56F011,Telstra Group Ltd.,Australia,Telecommunications
67F9E4,Genting Plantations Bhd,Malaysia,Consumer Goods
A60354,LCI Industries Co.,United States,Consumer Goods
FFA103,Harmonic Drive Systems Inc.,Japan,Industrials
5B5647,Trend Micro Inc.,Japan,Technology
190B91,Fiserv Inc.,United States,Industrials
D36686,Vaxcyte Inc.,United States,Health Care
8DTYE0,Ginlong Technologies Co. Ltd.,China,Industrials
689FF6,Westports Holdings Bhd.,Malaysia,Industrials
C8A8E9,NARI Technology Co. Ltd.,China,Industrials
D9FC89,RPT Realty,United States,Real Estate
B20D2E,Bravida Holding AB,Sweden,Industrials
B6082A,Packaging Corp. of America Co.,United States,Industrials
B10EB3,Asiainfo Technologies Ltd.,British Virgin Islands,Technology
TXLT26,Bozhon Precision Industry Tech Co. Ltd.,China,Industrials
2C7E85,Argo Investments Ltd.,Australia,Financials
048E7A,Aixtron SE,Germany,Technology
1DCC65,Minor International PCL,Thailand,Financials
845655,ESCO Technologies Inc.,United States,Industrials
AE2B15,Vitec Software Group AB,Sweden,Technology
BFACF2,Canadian Tire Corp. Ltd.,Canada,Consumer Services
RNV5VA,PT Triputra Agro Persada Tbk,Indonesia,Consumer Goods
689494,Coca-Cola Icecek A.S.,Turkey,Consumer Goods
PLNHDU,Zymeworks Inc.,United States,Health Care
9ABEDC,United Plantations Bhd,Malaysia,Consumer Goods
FF227B,Mersana Therapeutics Inc.,United States,Health Care
D67D0D,Bharat Electronics Ltd.,India,Industrials
218944,TS Financial Holding Co. Ltd.,Taiwan,Financials
3E5FB4,China Merchants Securities Co. Ltd.,China,Financials
C33A45,Samsung SDI Co. Ltd.,South Korea,Industrials
8A5C5B,Guangdong Baolihua New Energy Stock Co. Ltd.,China,Utilities
C5E840,Montrose Environmental Group Inc.,United States,Utilities
8791DC,Shanghai Jahwa United Co. Ltd.,China,Consumer Goods
152B9E,Employers Holdings Inc.,United States,Financials
E26785,Ratch Group PCL,Thailand,Utilities
A1A4EE,Türkiye Petrol Rafinerileri A.S.,Turkey,Energy
F2530C,NTT UD REIT Investment Corp.,Japan,Real Estate
C05473,Leedarson IoT Technology Inc.,China,Technology
709AED,Cognex Corp.,United States,Industrials
4DYAWS,Raydium Semiconductor Corp.,Taiwan,Technology
6B2371,ALK-Abello A/S,Denmark,Health Care
A095EB,Ping An Insurance Group of China,China,Financials
289238,CCC Intelligent Solutions Holdings Inc.,United States,Technology
CD30CE,Wuxi Taiji Industry Co. Ltd.,China,Basic Materials
3E70FC,Edgewell Personal Care Co.,United States,Consumer Goods
E70B7E,AWL Agri Business Ltd.,India,Consumer Goods
961D5F,Hankyu Hanshin Holdings Inc.,Japan,Consumer Services
EEBB1B,Tofflon Science & Tech Group Co. Ltd.,China,Industrials
078332,Unite Group PLC,United Kingdom,Real Estate
013680,China Wafer Level CSP Co. Ltd.,China,Industrials
6AE536,Kingsoft Cloud Holdings Ltd.,Cayman Islands,Technology
JFQ66S,KINGSEMI Co. Ltd.,China,Industrials
6D07AF,Focuslight Technologies Inc.,China,Industrials
6441E0,Xiamen Jihong Technology Co. Ltd.,China,Industrials
692625,China Feihe Ltd.,Cayman Islands,Consumer Goods
1D4D33,VGP N.V.,Belgium,Real Estate
FF9FF6,Uranium Energy Corp.,United States,Basic Materials
AF1F4C,Kingfisher PLC,United Kingdom,Consumer Services
12E454,Meta Platforms Inc.,United States,Technology
CF39D1,Shenzhen INVT Electric Co. Ltd.,China,Industrials
6CGTFN,The Walt Disney Co.,United States,Consumer Services
E6D89E,Illumina Inc.,United States,Health Care
894BF0,Sphere Entertainment Co.,United States,Consumer Services
EC99D0,Juniper Networks Inc.,United States,Technology
2KI2M5,Jiangsu Cai Qin Technology Co. Ltd.,China,Industrials
F586D6,Five Star Bancorp,United States,Financials
P6OXF3,Hunan New Wellful Co. Ltd.,China,Consumer Goods
9134EB,Chinese Universe Publishing & Media Grp,China,Consumer Services
163E6D,Far East Horizon Ltd.,Hong Kong SAR,Financials
615995,Brighton-Best International Taiwan Inc.,Taiwan,Industrials
MSER6L,GXO Logistics Inc.,United States,Industrials
7404E6,Shenzhen Megmeet Electrical Co. Ltd.,China,Industrials
EB0FE3,Bank of N.T. Butterfield & Son Ltd.,Bermuda,Financials
BD8517,Oshkosh Corp.,United States,Industrials
40925B,Accton Technology Corp.,Taiwan,Technology
664D18,Nisshin Seifun Group Inc.,Japan,Consumer Goods
83A9CA,Nanjing Hanrui Cobalt Co. Ltd.,China,Basic Materials
HMAG7F,Informatica Inc. (California),United States,Technology
ABB493,Mirum Pharmaceuticals Inc.,United States,Health Care
9F37C5,ARMOUR Residential REIT Inc.,United States,Real Estate
MP64JO,PT Metro Healthcare Indonesia Tbk,Indonesia,Health Care
9NVDOL,Shuangliang Eco-Energy Systems Co. Ltd.,China,Industrials
4E6A17,Liberty All-Star Growth Fund Inc.,United States,Financials
8FCA78,Huntsman Corp.,United States,Basic Materials
1CEF0F,Eternal Ltd.,India,Consumer Services
DB6093,Dana Gas PJSC,United Arab Emirates,Utilities
802DC9,PCCW Ltd.,Hong Kong SAR,Telecommunications
00DEDA,Elders Ltd.,Australia,Consumer Goods
071360,Bumi Armada Bhd.,Malaysia,Energy
6B494E,Gladstone Commercial Corp.,United States,Real Estate
BEA6D1,Chengdu Kanghong Pharma Group Co. Ltd.,China,Health Care
EDC4E7,Jaymart Group Holdings PCL,Thailand,Telecommunications
EE27B3,Orient Overseas (International) Ltd.,Bermuda,Industrials
223216,Arca Continental S.A.B. de C.V.,Mexico,Consumer Goods
519FE0,Bally's Corp.,United States,Consumer Services
4797B8,Eastern Communications Co. Ltd.,China,Technology
A79D88,Zynex Inc.,United States,Health Care
4F71DC,Phreesia Inc.,United States,Technology
930867,BeiJing StarNeto Technology Co. Ltd.,China,Technology
6A091A,Entegris Inc.,United States,Technology
F92DBC,Veolia Environnement S.A.,France,Utilities
9073E2,Asana Inc.,United States,Technology
7MVMNY,Becamex Investment & Industrial Development Group,Vietnam,Consumer Goods
D6CCE2,GT Capital Holdings Inc.,Philippines,Real Estate
225CA2,Xerox Holdings Corp.,United States,Technology
F0702B,CureVac N.V.,The Netherlands,Health Care
54DA3A,Escorts Kubota Ltd.,India,Industrials
855DF7,Service Properties Trust,United States,Real Estate
F175A0,Xiangtan Electric Manufacturing Co. Ltd.,China,Industrials
C47038,Bajaj Mobility AG,Austria,Consumer Goods
B0A85B,Abcam Ltd.,United Kingdom,Health Care
57F637,Jonjee Hi-Tech,China,Consumer Goods
DB06B7,NP3 Fastigheter AB,Sweden,Real Estate
BF90D0,Eclat Textile Co. Ltd.,Taiwan,Consumer Goods
499598,Konica Minolta Inc.,Japan,Technology
8A21E6,Contemporary Amperex Technology Co. Ltd.,China,Consumer Goods
V6UVW6,Guizhou Zhenhua Fengguang Semic Co. Ltd.,China,Technology
349DA4,Artivion Inc.,United States,Health Care
057C52,Optimum Communications Inc.,United States,Consumer Services
5E478E,GS Retail Co. Ltd.,South Korea,Consumer Services
A1F83D,Eternal Asia Supply Chain Mgmt Ltd.,China,Industrials
OH3W8B,Rail Vikas Nigam Ltd.,India,Industrials
AB2089,Huayi Brothers Media Corp.,China,Consumer Services
F5E937,KPC Pharmaceuticals Inc.,China,Health Care
CA7861,Dawning Information Industry Co. Ltd.,China,Technology
3C32B8,Genertec Universal Medical Grp Co. Ltd.,Hong Kong SAR,Financials
7BB616,Hunan TV&Broadcast Intermediary Co. Ltd.,China,Consumer Services
0ED415,Cullen/Frost Bankers Inc.,United States,Financials
713810,Walmart Inc.,United States,Consumer Services
1E515C,TECO Electric & Machinery Co. Ltd.,Taiwan,Industrials
744690,Arcelik A.S.,Turkey,Consumer Goods
335ABA,ArcelorMittal S.A.,Luxembourg,Basic Materials
17B858,Shandong Sinobioway Biomedicine Co. Ltd.,China,Basic Materials
F0CAE6,Schaeffler India Ltd.,India,Industrials
38FC4D,Tryg A/S,Denmark,Financials
C58E27,Nagarjuna Construction Co. Ltd.,India,Industrials
425040,FS KKR Capital Corp.,United States,Financials
9D46B6,Fuji Co. Ltd.,Japan,Consumer Services
D81152,Derwent London PLC,United Kingdom,Real Estate
968966,Pitney Bowes Inc.,United States,Technology
730AF9,Simcere Pharmaceutical Group Ltd.,Cayman Islands,Health Care
2BAE5F,Eversource Energy Co.,United States,Utilities
72126C,Ecopetrol S.A.,Colombia,Energy
0E0DD5,Zotye Automobile Co. Ltd.,China,Consumer Goods
KZ2A6G,Qi An Xin Technology Group Inc.,China,Technology
A2DEF6,Capri Global Capital Ltd.,India,Financials
8CC774,Beijing Join-Cheer Software Co. Ltd.,China,Technology
D70365,Magnolia Oil & Gas Corp.,United States,Energy
B440FE,GRG Banking Equipment Co. Ltd.,China,Technology
236326,NHK Spring Co. Ltd.,Japan,Consumer Goods
C66A8C,Yeti Holdings Inc.,United States,Consumer Goods
BF0CB9,SmartRent Inc.,United States,Technology
87EBSU,Guangdong Yussen Energy Technology Co. Ltd.,China,Basic Materials
8ABE4F,Johns Lyng Group Ltd.,Australia,Financials
7A0EC4,DocuSign Inc.,United States,Technology
EBFC39,Marshalls PLC,United Kingdom,Industrials
02E100,Sanrio Co. Ltd.,Japan,Consumer Goods
046885,Indus Realty Trust Inc.,United States,Real Estate
8A4982,Sharp Corp.,Japan,Technology
EBBDDA,Banca Generali SpA,Italy,Financials
EVKUVU,HYBE Co. Ltd.,South Korea,Consumer Services
EBE77F,Aerosun Corp.,China,Industrials
1ACFC6,Tim S.A.,Brazil,Telecommunications
D01549,Fresenius Medical Care AG,Germany,Health Care
2E7563,Iluka Resources Ltd.,Australia,Basic Materials
054E7E,Arcus Biosciences Inc.,United States,Health Care
A5756D,Manila Water Co. Inc.,Philippines,Utilities
6WOW8E,Excelerate Energy Inc.,United States,Utilities
27C03A,Chongyi Zhangyuan Tungsten Co. Ltd.,China,Basic Materials
6GFAFD,QuakeSafe Technologies Co. Ltd.,China,Industrials
A318C2,Canadian Western Bank,Canada,Financials
0C0179,Fawer Automotive Parts Ltd. Co.,China,Consumer Goods
84792E,Chongqing Taiji Industry Group Co. Ltd.,China,Health Care
6F23E9,Chengzhi Co. Ltd.,China,Health Care
6CEF7D,Suncorp Group Ltd.,Australia,Financials
6D4636,Sanmina Corp.,United States,Industrials
4ABFA8,Banco de Credito e Inversiones S.A.,Chile,Financials
FD8567,Duskin Co. Ltd.,Japan,Industrials
13837F,DMG Mori Co. Ltd.,Japan,Industrials
8DE8BA,Musashi Seimitsu Industry Co. Ltd.,Japan,Consumer Goods
5D1329,Intellia Therapeutics Inc.,United States,Health Care
3B04B4,Rainbow Digital Commercial Co. Ltd.,China,Consumer Services
3F23A9,Mochida Pharmaceutical Co. Ltd.,Japan,Health Care
FF27A1,Sino Land Co. Ltd.,Hong Kong SAR,Real Estate
09062E,Heska Corp.,United States,Health Care
DB2D9E,WPP PLC,Jersey,Consumer Services
99626C,Rakus Co. Ltd.,Japan,Technology
34C2FF,Raffles Medical Group Ltd.,Singapore,Health Care
1B830D,Merlin Properties SOCIMI SA,Spain,Real Estate
54A262,Sun Pharmaceutical Industries Ltd.,India,Health Care
8554AD,Sieyuan Electric Co. Ltd.,China,Industrials
C735CD,Autobio Diagnostics Co. Ltd.,China,Health Care
B02CEB,China Reform Health Mgmt & Svcs Grp Co. Ltd.,China,Health Care
94563D,Omnicell Inc.,United States,Health Care
9390FE,Birlasoft Ltd.,India,Technology
6EEEA0,Shanghai MicroPort MedBot Group Co. Ltd.,China,Health Care
A00FAD,PROCEPT BioRobotics Corp.,United States,Health Care
DD959F,Ainnovation Technology Group Co. Ltd.,China,Technology
18A10D,CITIC Telecom International Hldgs Ltd.,Hong Kong SAR,Telecommunications
F82F3C,GN Store Nord AS,Denmark,Health Care
531718,Hermes International S.A.,France,Consumer Goods
37DA54,Adani Transmission Ltd.,India,Utilities
981618,Sumitomo Rubber Industries Ltd.,Japan,Consumer Goods
A631A3,VMware LLC,United States,Technology
F4C5DC,PT Barito Pacific Tbk,Indonesia,Industrials
3877AD,GoodRx Holdings Inc.,United States,Health Care
8D8792,Udemy Inc.,United States,Technology
9CA432,Ryman Hospitality Properties Inc.,United States,Real Estate
8C5519,ProLogis Inc.,United States,Real Estate
BE057F,Shoei Co. Ltd.,Japan,Consumer Goods
5D43A7,AptarGroup Inc.,United States,Industrials
KMX3RG,Anhui Yingjia Distillery Co. Ltd.,China,Consumer Goods
AF3A1D,Zhejiang Huayou Cobalt Co. Ltd.,China,Basic Materials
CE89C0,Applus Services S.A.,Spain,Industrials
990599,Schneider Electric SE,France,Industrials
B7D0C0,Ningbo Haitian Precision Machinery Co. Ltd.,China,Industrials
MM0PQJ,Gudeng Precision Industrial Co. Ltd.,Taiwan,Technology
3D7971,Kaman Corp.,United States,Industrials
KYPKQM,Zhaowei Electromechanical,China,Industrials
68C36A,Advanced Info Service PCL,Thailand,Telecommunications
7C177F,Recruit Holdings Co. Ltd.,Japan,Industrials
4BD388,Chicony Power Technology Co. Ltd.,Taiwan,Technology
883D82,Ubiquiti Inc.,United States,Technology
A7J8AW,Shanghai Holystar Information Tech Co.,China,Technology
8928CC,BlackRock TCP Capital Corp.,United States,Financials
77510C,Societa Italiana per il Gas S.p.A.,Italy,Utilities
3FDE58,Linewell Software Co. Ltd.,China,Technology
A5B913,VeriSign Inc.,United States,Technology
ABB0B3,Pangang Group Vanadium Titanium & Resources Co. Ltd.,China,Basic Materials
21A381,BGF Retail Co. Ltd.,South Korea,Consumer Services
3FB24E,Cipher Mining Inc.,United States,Technology
D10451,Power Grid Corp. of India Ltd.,India,Utilities
B328CF,Blackmores Ltd.,Australia,Consumer Goods
ECA300,Genesco Inc.,United States,Consumer Services
CFE5BE,Simmons First National Corp.,United States,Financials
CD00A0,HarbourVest Global Private Equity Ltd.,Guernsey,Financials
ENIF9Q,Ninebot Ltd.,Cayman Islands,Utilities
97F808,Sichuan Huiyu Pharmaceutical Co. Ltd.,China,Health Care
0F04E5,Visteon Corp.,United States,Consumer Goods
746417,T1 Energy Inc.,United States,Industrials
893EE5,Takara Holdings Inc.,Japan,Consumer Goods
31E777,Kingsignal Technology Co. Ltd.,China,Industrials
B9480E,ZhongMan Petroleum & Natural Gas Group Corp. Ltd.,China,Energy
C524D8,Northern Star Investment Corp. IV,United States,Financials
UBC079,Shanghai Guijiu Co. Ltd.,China,Financials
BB5271,Akamai Technologies Inc.,United States,Technology
4B3FD4,TORIDOLL Holdings Corp.,Japan,Consumer Services
CC66D0,Auto1 Group SE,Germany,Consumer Services
1348C9,Avangrid Inc.,United States,Utilities
80C650,Syngene International Ltd.,India,Health Care
03B431,Axcelis Technologies Inc.,United States,Technology
KQ7SCK,Chengdu M&S Electronics Technology Co. Ltd.,China,Technology
CE2791,Starwood Property Trust Inc.,United States,Real Estate
A48875,K.P.R. Mill Ltd.,India,Consumer Goods
E20392,OraSure Technologies Inc.,United States,Health Care
C1C633,Dassault Systemes SE,France,Technology
9285F4,Reaves Utility Income Fund,United States,Financials
B73395,Tiptree Inc.,United States,Financials
3E9A3E,Singapore Post Ltd.,Singapore,Industrials
7C74BB,Pontem Corp.,Cayman Islands,Financials
DA7846,Heiwa Corp.,Japan,Consumer Services
IH8D48,Anker Innovations Technology Co. Ltd.,China,Consumer Goods
V7VNOS,Yahsat,United Arab Emirates,Telecommunications
AF02FA,LONGi Green Energy Technology Co. Ltd.,China,Technology
F9F51C,Otokar Otomotiv ve Savunma Sanayi A.S.,Turkey,Industrials
7122EB,Pliant Therapeutics Inc.,United States,Health Care
8FDF17,China Modern Dairy Holdings Ltd.,Cayman Islands,Consumer Goods
C614C7,TMX Group Ltd.,Canada,Financials
T799XB,Hainan Jinpan Smart Technology Co. Ltd.,China,Industrials
351512,Prysmian S.p.A.,Italy,Industrials
WPHP2O,Jinhui Mining Co. Ltd.,China,Basic Materials
AS8PG5,Data Patterns (India) Ltd.,India,Consumer Services
51F541,Service Corp. International,United States,Consumer Services
QNKM8R,Ermenegildo Zegna NV,The Netherlands,Consumer Goods
7E8FAD,ICICI Lombard General Insurance Co. Ltd.,India,Financials
822ABD,John Hancock Premium Dividend Fund,United States,Financials
B7202A,Collegium Pharmaceutical Inc.,United States,Health Care
5EE233,Sprinklr Inc.,United States,Technology
58535E,Tsuruha Holdings Inc.,Japan,Consumer Services
30CBF9,Spirent Communications PLC,United Kingdom,Technology
0C0D9A,KingMed Diagnostics,China,Health Care
02E9D2,MFS Charter Income Trust,United States,Financials
26BE9B,Holcim Ltd.,Switzerland,Industrials
A790A5,La-Z-Boy Inc.,United States,Consumer Goods
7FCC83,Emaar Development PJSC,United Arab Emirates,Real Estate
612A56,Mesnac Co. Ltd.,China,Consumer Goods
751A74,Royal Caribbean Group Co.,Liberia,Consumer Services
342D9E,UWM Holdings Corp.,United States,Financials
7FDC08,Beijing Shunxin Agriculture Co. Ltd.,China,Consumer Goods
45AD8D,Power Construction Corp. of China Ltd.,China,Industrials
D9DC33,MOG Digitech Holdings Ltd.,Cayman Islands,Consumer Services
UAFL5C,MicroPort NeuroScientific Corp.,Cayman Islands,Health Care
420CE9,Envista Holdings Corp.,United States,Health Care
E54FBD,Tencent Music Entertainment Group Co.,Cayman Islands,Technology
B929D8,HIWIN Technologies Corp.,Taiwan,Industrials
D63203,Magellan Financial Group Ltd.,Australia,Financials
OUSALG,Jinan Shengquan Grp Share Hldg Co. Ltd.,China,Basic Materials
2C3466,Fomento de Construcciones y Contratas SA,Spain,Industrials
B0998E,Connection Inc.,United States,Technology
745D36,Ibiden Co. Ltd.,Japan,Industrials
A806FA,Macerich Co.,United States,Real Estate
FD1672,Polycab India Ltd.,India,Industrials
128F1B,Yapi ve Kredi Bankasi A.S.,Turkey,Financials
FDE409,Methode Electronics Inc.,United States,Industrials
B2DAF6,Accuray Inc.,United States,Health Care
7176FB,BILL Holdings Inc.,United States,Technology
6702B9,PrairieSky Royalty Ltd.,Canada,Energy
CCF582,Xiamen Changelight Co. Ltd.,China,Industrials
B87E9A,Virtus Dividend Intrst & Prem Strtg Fund,United States,Financials
DBD313,Natural Resource Partners LP,United States,Basic Materials
FD1A36,Netwealth Group Ltd.,Australia,Financials
5451F3,CRISPR Therapeutics AG,Switzerland,Health Care
2EF557,Canfor Corp.,Canada,Basic Materials
8D5145,Midland States Bancorp Inc.,United States,Financials
FA50A6,Crystal Clear Electronic Material Co. Ltd,China,Basic Materials
29BD75,Banco Sabadell S.A.,Spain,Financials
85CDC9,Exelixis Inc.,United States,Health Care
F73DD1,Tredegar Corp.,United States,Basic Materials
A5DD24,Avanos Medical Inc.,United States,Health Care
552C84,Inabata & Co. Ltd.,Japan,Basic Materials
FD554C,Unicharm Corp.,Japan,Consumer Goods
6EB9DA,W.W. Grainger Inc.,United States,Industrials
7FA446,Sunoco LP,United States,Consumer Services
A7B340,Trinity Capital Inc.,United States,Financials
OFD5SH,Thorne HealthTech Inc.,United States,Consumer Services
3A3CF8,Fujian Funeng Co. Ltd.,China,Consumer Goods
1C7FFE,Deutsche Post AG,Germany,Industrials
C1EC0D,TravelSky Technology Ltd.,China,Technology
A87CD6,ACCO Brands Corp.,United States,Technology
E2AD6D,Ascentage Pharma Group Intl Co. Ltd.,Cayman Islands,Health Care
A8A1E4,Jaws Hurricane Acquisition Corp.,United States,Financials
E1F30A,NetSTREIT Corp.,United States,Real Estate
5088A5,Texas Roadhouse Inc.,United States,Consumer Services
D33D8C,The Charles Schwab Corp.,United States,Financials
054688,Samsung C&T Corp.,South Korea,Industrials
FBA26B,Palfinger AG,Austria,Industrials
82CC26,Tsumura & Co.,Japan,Health Care
60D248,Learning Technologies Group PLC,United Kingdom,Industrials
1BBF59,Daio Paper Corp.,Japan,Basic Materials
D416C6,Japan Real Estate Investment Corp.,Japan,Real Estate
FDF1C0,TFS Financial Corp.,United States,Financials
F4B8B5,Tango Therapeutics Inc.,United States,Health Care
93CFA9,Sartorius AG,Germany,Industrials
8C369C,Hellenic Telecomms Organization S.A.,Greece,Telecommunications
99333F,Johnson Controls International PLC,Ireland,Industrials
0A9D0A,Perrigo Co. PLC,Ireland,Health Care
075172,Hain Celestial Group Inc.,United States,Consumer Goods
F3FCC3,Scotts Miracle-Gro Co.,United States,Consumer Services
7EC4D2,IDFC Ltd.,India,Financials
36C8FF,Jiangsu Jiangnan Water Co. Ltd.,China,Utilities
D7D56F,Chutian Dragon Co. Ltd.,China,Technology
248211,Mitsui Chemicals Inc.,Japan,Basic Materials
EFA944,Double Medical Technology Inc.,China,Health Care
91E770,Baytex Energy Corp.,Canada,Energy
86BB2F,Grandjoy Holdings Group Co. Ltd.,China,Real Estate
A0DB39,Smartsheet Inc.,United States,Technology
69345C,Advanced Micro Devices Inc.,United States,Technology
998B06,Endeavor Group Holdings Inc.,United States,Consumer Services
00616A,Inner Mongolia BaoTou Steel Union Co. Ltd.,China,Basic Materials
297188,PT MAP Aktif Adiperkasa TBK,Indonesia,Consumer Goods
278DC5,Linde PLC,Ireland,Basic Materials
834B47,Beijing Shiji Information Tech Co. Ltd.,China,Technology
532D47,ASGN Inc.,United States,Industrials
EE85B1,HD Hyundai Co. Ltd.,South Korea,Industrials
8VF903,Empower,United Arab Emirates,Industrials
AFP4U3,Zhejiang Sanmei Chem Industry Co. Ltd.,China,Basic Materials
CBCC6A,Oppenheimer Holdings Inc.,United States,Financials
363246,Nakanishi Inc.,Japan,Health Care
16C96A,Vesta Real Estate Corp. SAB de CV,Mexico,Real Estate
D6A497,China Petrochemical Development Corp.,Taiwan,Basic Materials
E19E65,Corporacion America Airports S.A.,Luxembourg,Consumer Services
B04001,Baoxiniao Holding Co. Ltd.,China,Consumer Goods
4E616A,Yamaha Corp.,Japan,Consumer Goods
1E91B5,Terran Orbital Corp.,Cayman Islands,Technology
405A95,AVIC Xi'an Aircraft Industry Gp Co. Ltd.,China,Industrials
359807,Shanghai Huace Navigation Tech Ltd.,China,Industrials
300AC5,FTI Consulting Inc.,United States,Industrials
7843D0,Unity Software Inc.,United States,Technology
L0Q3GK,Tongqinglou Catering Co. Ltd.,China,Consumer Services
D6AAF0,Mercedes-Benz Group AG,Germany,Consumer Goods
8DFE99,Rizhao Port Co. Ltd.,China,Industrials
339891,Zhejiang Huamei Holding Co. Ltd.,China,Consumer Services
I380UO,Bridgepoint Group PLC,United Kingdom,Financials
382B0C,Coupang Inc.,United States,Consumer Services
8D0F33,Jiangsu Lihua Foods Group Co. Ltd.,China,Consumer Goods
452819,TIME dotCom Bhd,Malaysia,Telecommunications
FF238C,Route Mobile Ltd.,India,Telecommunications
57CAE7,Ningbo Orient Wires & Cable Co. Ltd.,China,Industrials
89B2E7,Omega Flex Inc.,United States,Industrials
8AC65D,Tenable Holdings Inc.,United States,Technology
326EDD,Kilroy Realty Corp.,United States,Real Estate
50B756,Kingdee Intl Software Group Co. Ltd.,Cayman Islands,Technology
334E2B,Gabelli Equity Trust Inc.,United States,Financials
5021B8,Shanghai Rural Commercial Bank Co. Ltd.,China,Financials
18REHQ,MELI Kaszek Pioneer Corp.,Cayman Islands,Financials
6F67B9,China Petroleum & Chemical Corp.,China,Energy
A9C322,Reliance Industries Ltd.,India,Energy
773A17,Agilysys Inc.,United States,Technology
12CE37,WT Microelectronics Co. Ltd.,Taiwan,Technology
CC8F6E,Myriad Genetics Inc.,United States,Health Care
44117F,El.En. SpA,Italy,Industrials
E9CC9E,Bradespar S.A.,Brazil,Financials
D64EDF,Vistra Corp.,United States,Utilities
1AFCB7,TVS Holdings Ltd.,India,Consumer Goods
5A7B82,L'Occitane International SA,Luxembourg,Consumer Goods
A97447,Anhui Truchum Advanced Mats & Tech Co. Ltd.,China,Industrials
707E4D,Signet Jewelers Ltd.,Bermuda,Consumer Services
BADD86,CCCG Real Estate Corp. Ltd.,China,Real Estate
1791E7,BorgWarner Inc.,United States,Consumer Goods
227D48,Arcosa Inc.,United States,Industrials
D0475D,SUMCO Corp.,Japan,Technology
FHYF54,PT Cisarua Mountain Dairy Tbk,Indonesia,Consumer Services
425D7F,United Overseas Bank Ltd.,Singapore,Financials
826C82,Korea Investment Holdings Co. Ltd.,South Korea,Financials
84E553,Entain PLC,Isle of Man,Consumer Services
8A1056,Eutelsat Communications SA,France,Telecommunications
57356F,Patterson-UTI Energy Inc.,United States,Energy
D86181,Gujarat Fluorochemicals Ltd.,India,Basic Materials
07C737,Playa Hotels & Resorts NV,The Netherlands,Consumer Services
07B8D2,Legend Biotech Corp.,Cayman Islands,Health Care
9E91C6,Wynn Resorts Ltd.,United States,Consumer Services
8BYDHO,Sansure Biotech Inc.,China,Health Care
0B1124,Nova Ljubljanska banka d.d.,Slovenia,Financials
4C467B,Flat Glass Group Co. Ltd.,China,Basic Materials
662682,Avery Dennison Corp.,United States,Basic Materials
15DDB8,Orion Oyj,Finland,Health Care
5572BA,Founder Technology Group Co. Ltd.,China,Technology
7E1D5D,Synopsys Inc.,United States,Technology
CA18CA,Tangshan SunFar Silicon Ind Co. Ltd.,China,Basic Materials
EA436E,TAV Havalimanlari Holding A.S.,Turkey,Industrials
BC71B9,Taiwan Glass Industry Corp.,Taiwan,Industrials
CAA436,Toshiba Corp.,Japan,Industrials
37426C,Axonics Inc.,United States,Health Care
1C5BBB,Apichope Pharmaceutical Group Co. Ltd.,China,Health Care
F8FB07,Experian PLC,Jersey,Industrials
JK7UFX,Xperi Inc.,United States,Technology
5385B7,Viridian Therapeutics Inc.,United States,Health Care
E206B0,The Travelers Companies Inc.,United States,Financials
C4F567,National Instruments Corp.,United States,Industrials
6810DE,Agenus Inc.,United States,Health Care
FC1A6E,Acadia Healthcare Co. Inc.,United States,Health Care
330DE2,Guyuelongshan Shaoxing Wine Co. Ltd.,China,Consumer Goods
E66D6B,Simplo Technology Co. Ltd.,Taiwan,Industrials
D6534D,Martin Marietta Materials Inc.,United States,Industrials
B9764A,Premier Inc.,United States,Technology
95BAED,Gulf Energy Development PCL,Thailand,Utilities
CLX1QY,Zhende Medical Co. Ltd.,China,Health Care
EC86D9,Jaccs Co. Ltd.,Japan,Financials
15ABD0,Jacobs Solutions Inc.,United States,Industrials
EB1E1A,Springworks Therapeutics Inc.,United States,Health Care
43DDE1,Silicon Motion Technology Corp.,Cayman Islands,Technology
552323,Shinkin Central Bank Co.,Japan,Financials
252AFB,Daiichikosho Co. Ltd.,Japan,Consumer Goods
85E0A2,Affin Bank Bhd,Malaysia,Financials
4830AC,Ypsomed Holding AG,Switzerland,Health Care
8A8E41,Verizon Communications Inc.,United States,Telecommunications
5B890A,Ningbo Zhoushan Port Co. Ltd.,China,Industrials
88F82D,United Energy Group Ltd.,Hong Kong SAR,Consumer Goods
5F1B7B,M/ACom Technology Solutions Holdings Inc.,United States,Technology
OZP1FG,Nanjing Develop Advanced Mfg Co. Ltd.,China,Energy
0EEA3A,USA Compression Partners LP,United States,Energy
3BD3A7,Guoguang Electric Co. Ltd.,China,Industrials
A6607B,Lintec Corp.,Japan,Basic Materials
1BEEA1,Titan International Inc.,United States,Consumer Goods
60A625,Redrow Ltd.,United Kingdom,Consumer Goods
D1BF62,Eicher Motors Ltd.,India,Consumer Goods
44117C,EMIS Group PLC,United Kingdom,Health Care
MSTYQG,Bora Pharmaceuticals Co. Ltd.,Taiwan,Health Care
A9A026,Sensata Technologies Holding PLC,United Kingdom,Industrials
0A022F,Naspers Ltd.,South Africa,Technology
1ACB5F,First Abu Dhabi Bank PJSC,United Arab Emirates,Financials
A62FD6,O-I Glass Inc.,United States,Industrials
57D92E,Truking Technology Ltd.,China,Health Care
BOQQ7V,China-Singapore Suzhou Industrial Park,China,Real Estate
8B88B6,Gujarat State Petronet Ltd.,India,Energy
CN4AHY,Shenzhen Baoming Technology Co. Ltd.,China,Industrials
9B27CC,Jiangxi Fushine Pharmaceutical Co. Ltd.,China,Health Care
3159AA,Natural Grocers by Vitamin Cottage Inc.,United States,Consumer Services
B13B68,Charles River Labs International Inc.,United States,Health Care
5C5200,Shenzhen Sunline Tech Co. Ltd.,China,Technology
65002F,Wing Tai Holdings Ltd.,Singapore,Real Estate
8DBE73,Pilgrim's Pride Corp.,United States,Consumer Goods
873162,AEON Mall Co. Ltd.,Japan,Real Estate
QA5EJ8,Aether Industries Ltd.,India,Basic Materials
806E7F,Guangdong Xinbao Electric Hldgs,China,Consumer Goods
F5083D,Global Business Travel Group Inc.,Cayman Islands,Consumer Services
FB7113,Realtek Semiconductor Corp.,Taiwan,Technology
3A37BC,AK Medical Holdings Ltd.,Cayman Islands,Health Care
757034,Sodexo S.A.,France,Consumer Services
013528,PepsiCo Inc.,United States,Consumer Goods
B55CF1,San Miguel Food & Beverage Inc.,Philippines,Consumer Goods
A2271A,Lyell Immunopharma Inc.,United States,Health Care
210D9A,Ruentex Industries Ltd.,Taiwan,Consumer Goods
LYZCZ5,DSM-Firmenich AG,Switzerland,Consumer Goods
BDEF34,TriCo Bancshares Co.,United States,Financials
06FCD0,Guoxuan Hi-Tech Co. Ltd.,China,Industrials
0E1492,Glencore PLC,Switzerland,Basic Materials
7C4E43,Sweetgreen Inc.,United States,Consumer Services
8C19C7,China State Construction Intl Hldgs Ltd.,Cayman Islands,Industrials
D96670,FuboTV Inc.,United States,Technology
9C7B0D,KGHM Polska Miedz S.A.,Poland,Basic Materials
45BC5C,Shui On Land Ltd.,Cayman Islands,Real Estate
A60318,Kura Sushi Usa Inc.,United States,Consumer Services
6BDC14,D&L Industries Inc.,Philippines,Basic Materials
B85C3F,CapitaLand Integrated Commercial Trust,Singapore,Real Estate
12F538,CapitaLand India Trust,Singapore,Real Estate
97693A,Lululemon Athletica Inc.,United States,Consumer Goods
DD422F,Hyundai E&C Co. Ltd.,South Korea,Industrials
880C0C,Solaris Energy Infrastructure Inc.,United States,Energy
D69D42,Ralph Lauren Corp.,United States,Consumer Goods
B7BBFF,CSW Industrials Inc.,United States,Industrials
OFSFYK,Kontrolmatik Teknoloji Enerji ve Muh. AS,Turkey,Utilities
31D9CC,First Industrial Realty Trust Inc.,United States,Real Estate
22014F,Faraday Technology Corp.,Taiwan,Technology
C32632,Nedbank Group Ltd.,South Africa,Financials
AEE32B,Kepco Plant Service & Engineering Co. Ltd.,South Korea,Industrials
1D9E55,Global Payments Inc.,United States,Industrials
5FEAE9,Mitsubishi HC Capital Inc.,Japan,Financials
01E525,Tokyo Steel Manufacturing Co. Ltd.,Japan,Basic Materials
D7BDCE,Yes Bank Ltd.,India,Financials
B5AD76,Inspired Entertainment Inc.,United States,Technology
BB9C70,Zhejiang Zhaolong Interconnect Tech,China,Industrials
D75910,Toll Brothers Inc.,United States,Consumer Goods
4EA32E,XinhuaNet Co. Ltd.,China,Consumer Services
272704,Wintrust Financial Corp.,United States,Financials
B9D3BD,First Resources Ltd.,Singapore,Consumer Goods
FD8EAF,Western Midstream Partners LP,United States,Energy
DEAFC5,BeOne Medicines Ltd.,Switzerland,Health Care
5JG3DP,Eureka Forbes Ltd.,India,Consumer Goods
35CF67,A2A S.p.A.,Italy,Utilities
52BE22,ZEAL Network SE,Germany,Consumer Services
8EC63B,Aoshikang Technology Co. Ltd.,China,Industrials
0F3F7C,North Huajin Chemical Ind Co. Ltd.,China,Basic Materials
473E7E,Parkland Corp.,Canada,Consumer Services
C1C985,Goldman Sachs BDC Inc.,United States,Financials
90325F,Natura &Co Holding SA,Brazil,Consumer Goods
1052FB,Milkyway Intelligent Supply Chain Service Group Co. Ltd.,China,Industrials
054819,Altus Group Ltd.,Canada,Real Estate
15D3E7,Turkiye Halk Bankasi A.S.,Turkey,Financials
7825A7,Kasikornbank Public Co. Ltd.,Thailand,Financials
B934BF,National Storage Affiliates Trust,United States,Real Estate
42AABD,Black Knight Inc.,United States,Technology
462A82,Wendel SE,France,Financials
ECAGW9,EIDF S.A.,Spain,Utilities
FA3132,Santen Pharmaceutical Co. Ltd.,Japan,Health Care
56632F,Terex Corp.,United States,Industrials
872855,Catena AB,Sweden,Real Estate
1D17DE,DeNA Co. Ltd.,Japan,Consumer Services
F3016C,TopBuild Corp.,United States,Industrials
3EF7A6,Intco Medical Technology Co. Ltd.,China,Health Care
1DF1F7,Hanjin Kal Corp.,South Korea,Consumer Services
5DD486,CME Group Inc.,United States,Financials
3FB145,Corteva Inc.,United States,Basic Materials
EAA9F8,Nuveen Select Tax-Free Income Portfolio,United States,Financials
9EF4CF,Beyond Meat Inc.,United States,Consumer Goods
28543C,Li Ning Co. Ltd.,Cayman Islands,Consumer Goods
F65A24,Dalmia Bharat Ltd.,India,Industrials
6A66DF,Hongfa Technology Co. Ltd.,China,Technology
62CJC9,Hainan Huluwa Pharma Group Co. Ltd.,China,Health Care
37727A,UDR Inc.,United States,Real Estate
0B3C40,Suzuken Co. Ltd.,Japan,Health Care
EE967B,Albany International Corp.,United States,Industrials
CZ13E7,Espressif Systems (Shanghai) Co. Ltd.,China,Technology
BCB05B,Jentech Precision Industrial Co. Ltd.,Taiwan,Technology
A5A7F0,Linde India Ltd.,India,Basic Materials
SZ4KTY,Fushun Special Steel Co. Ltd.,China,Basic Materials
DCN3TM,Socionext Inc.,Japan,Technology
848C0B,York Water Co.,United States,Utilities
E57F94,Investec PLC,United Kingdom,Financials
D88AA3,Clarkson PLC,United Kingdom,Industrials
2DDB22,Ares Commercial Real Estate Corp.,United States,Real Estate
B5767B,Arconic Corp.,United States,Industrials
ECEC1A,Celldex Therapeutics Inc.,United States,Health Care
8AA108,Zentalis Pharmaceuticals Inc.,United States,Health Care
BIWTQU,Chief Telecom Inc.,Taiwan,Telecommunications
7A3027,MFS Multimarket Income Trust,United States,Financials
763DBE,Eagle Pharmaceuticals Inc.,United States,Health Care
27ED61,Fukuda Denshi Co. Ltd.,Japan,Health Care
DB88A1,Verint Systems Inc.,United States,Technology
94A8CB,Lianchuang Optical and Electronic,China,Technology
6EE648,Moncler S.p.A.,Italy,Consumer Goods
3C5BBA,Landsea Homes Corp.,United States,Consumer Goods
108FDA,HarborOne Bancorp Inc.,United States,Financials
CF4517,DoorDash Inc.,United States,Consumer Services
EMW331,Sovos Brands Inc.,United States,Consumer Goods
6A30HX,Jiangxi Hongcheng Environment Co. Ltd.,China,Utilities
051515,Belc Co. Ltd.,Japan,Consumer Services
53A226,Monro Inc.,United States,Consumer Services
6EAA77,Equinox Gold Corp.,Canada,Basic Materials
B91342,Alight Inc.,United States,Industrials
64FFCD,Charter Hall Group REIT,Australia,Real Estate
9BA7AA,Turkiye Garanti Bankasi A.S.,Turkey,Financials
A2C16F,Lloyds Metals & Energy Ltd.,India,Basic Materials
58A936,Addsino Co. Ltd.,China,Industrials
DBB28E,Hewlett Packard Enterprise Co.,United States,Technology
D6F19D,Renrenle Commercial Group Co. Ltd.,China,Consumer Services
B5834C,Headwater Exploration Inc.,Canada,Energy
1CD6C8,Grifols S.A.,Spain,Health Care
B84503,Winning Health Technology Group Co. Ltd.,China,Health Care
A071C1,Estun Automation Co. Ltd.,China,Industrials
8A24D2,Troax Group AB,Sweden,Basic Materials
03015E,Shenzhen Mindray Bio-Medical Elec Co. Ltd.,China,Health Care
3A50B2,Kimbell Royalty Partners LP,United States,Energy
05E360,Formosa Chemicals & Fibre Corp.,Taiwan,Basic Materials
2EBF83,PT Impack Pratama Industri Tbk,Indonesia,Industrials
0LL749,Alvotech Co.,Luxembourg,Health Care
7C1A76,BOE Varitronix Ltd.,Bermuda,Industrials
535088,Exor N.V.,The Netherlands,Financials
C5B7E8,Gas Malaysia Bhd,Malaysia,Energy
0F18C8,Scottish American Investment Co. PLC,United Kingdom,Financials
BCDDDC,Logistics Innovation Technologies Corp.,United States,Financials
525A1C,NetScout Systems Inc.,United States,Technology
CA7AC1,Societe BIC S.A.,France,Consumer Goods
FDB1AF,Ferrotec Corp.,Japan,Technology
A1C70A,PagerDuty Inc.,United States,Technology
D1344A,Carter Bankshares Inc.,United States,Financials
8038F4,Pearl Abyss Corp.,South Korea,Consumer Goods
504FE2,Leidos Holdings Inc.,United States,Industrials
EEEA9F,Ingersoll-Rand Inc.,United States,Industrials
E040DD,BlackBerry Ltd.,Canada,Technology
5741F4,Britvic Ltd.,United Kingdom,Consumer Goods
CB1B83,China Youran Dairy Group Ltd.,Cayman Islands,Consumer Goods
S3IXHQ,SCE Trust II DST,United States,Financials
7AB859,Elevance Health Inc.,United States,Health Care
468DD4,Hostess Brands Inc.,United States,Consumer Goods
A8EBC9,Corporación Financiera Alba SA,Spain,Financials
WXC7RU,Thinkon Semiconductor Jinzhou Corp.,China,Technology
5IM4GW,Chicago Atlantic Real Estate Finance Inc.,United States,Real Estate
23A2DD,CS Wind Corp.,South Korea,Energy
EAB84B,Shandong Iron & Steel Co. Ltd.,China,Basic Materials
FIZ9OC,Haleon PLC,United Kingdom,Consumer Services
CF351E,TXNM Energy Inc.,United States,Utilities
EB2875,SCSK Corp.,Japan,Technology
8E2ED3,Caribou Biosciences Inc.,United States,Health Care
AA50B8,Zhejiang Crystal-Optech Co. Ltd.,China,Industrials
5065B1,BRT Apartments Corp.,United States,Real Estate
C63B7C,Sun Hung Kai Properties Ltd.,Hong Kong SAR,Real Estate
047EE1,SHIFT Inc.,Japan,Technology
36A1CB,Barrett Business Services Inc.,United States,Industrials
BB02DC,Fidus Investment Corp.,United States,Financials
9BF86B,Daqin Railway Co. Ltd.,China,Industrials
7F6F0B,Hertz Global Holdings Inc.,United States,Consumer Services
F145F4,TianJin 712 Comm & Broadcasting Co. Ltd.,China,Technology
8E5E11,Allspring Income Opportunities Fund,United States,Financials
B16F44,Risen Energy Co. Ltd.,China,Energy
4273D5,PT Bank Rakyat Indonesia Tbk,Indonesia,Financials
ABE7DC,Inozyme Pharma Inc.,United States,Health Care
5E92B5,Hubei Feilihua Quartz Glass Co. Ltd.,China,Basic Materials
303CE3,Dr. Martens PLC,United Kingdom,Consumer Goods
456178,Advent Convertible & Income Fund,United States,Financials
C9E6C5,Yuexiu Real Estate Investment Trust,Hong Kong SAR,Real Estate
0A0BEE,Kunlun Energy Co. Ltd.,Bermuda,Energy
0A32EA,Dropbox Inc.,United States,Technology
STBN4M,Haili Wind Power Equipment Tech Co. Ltd.,China,Energy
A262EB,Home Capital Group Inc.,Canada,Financials
55O0WK,Yijiahe Technology Co. Ltd.,China,Industrials
ED5620,Sonoscape Medical Corp.,China,Health Care
8E26FA,COSCO SHIPPING Technology Co. Ltd.,China,Technology
1MDS70,Suzhou TZTEK Technology Co. Ltd.,China,Industrials
AFF7B4,Unum Group Co.,United States,Financials
302B96,Pidilite Industries Ltd.,India,Basic Materials
B01111,Dick's Sporting Goods Inc.,United States,Consumer Services
E06C1B,Vetoquinol S.A.,France,Health Care
BC9793,HSBC Holdings PLC,United Kingdom,Financials
AFCFF2,ASML Holding N.V.,The Netherlands,Technology
6AD85D,Shanghai Flyco Electrical App. Co. Ltd.,China,Consumer Goods
B0DA32,Greentown Service Group Co. Ltd.,Cayman Islands,Real Estate
SN38T2,Hebei Sinopack Electronic Tech Co. Ltd.,China,Industrials
1DB7AA,Dr. Reddy's Laboratories Ltd.,India,Health Care
B48FC9,Invitae Corp.,United States,Health Care
54F693,Globalstar Inc.,United States,Telecommunications
4E3DA6,Shenzhen Kaifa Technology Co. Ltd.,China,Industrials
284289,Group 1 Automotive Inc.,United States,Consumer Services
9CE4C7,SLM Corp.,United States,Financials
E0767B,Angelalign Technology Inc.,Cayman Islands,Health Care
F6CAF5,Daikin Industries Ltd.,Japan,Industrials
C483AF,Newegg Commerce Inc.,British Virgin Islands,Health Care
160825,Chord Energy Corp.,United States,Energy
819750,Chenguang Biotech Group Co. Ltd.,China,Consumer Goods
5D5FEC,Humacyte Inc.,United States,Health Care
5BC3B7,Jiangsu Yangnong Chemical Co. Ltd.,China,Basic Materials
FFCD0E,Interparfums Inc.,United States,Consumer Goods
AB9E24,ENCE Energia y Celulosa S.A.,Spain,Basic Materials
M2LETU,HuaDian Heavy Industries Co. Ltd.,China,Industrials
555757,Atacadão SA,Brazil,Consumer Services
893904,Evolus Inc.,United States,Health Care
4800C7,artience Co. Ltd.,Japan,Basic Materials
1A72F8,ASUSTeK Computer Inc.,Taiwan,Technology
886A91,Tianjin Pharm Da Ren Tang Grp Corp. Ltd.,China,Health Care
0E439E,Silgan Holdings Inc.,United States,Industrials
E69FD2,PMET Resources Inc.,Canada,Basic Materials
E3CD58,Societatea Nationala Nuclearelectrica SA,Romania,Utilities
81BA30,Kangmei Pharmaceutical Co. Ltd.,China,Health Care
0VISXB,Beijing Deep Glint Technology Co. Ltd.,China,Technology
EE2DAC,Daegu City Gas Co. Ltd.,South Korea,Utilities
ECDEB2,Washington Trust Bancorp Inc.,United States,Financials
9F47E2,Roku Inc.,United States,Consumer Services
8A581B,JG Summit Holdings Inc.,Philippines,Industrials
F8D5EE,Triton International Ltd.,Bermuda,Industrials
9795EB,Koninklijke DSM BVBA,The Netherlands,Consumer Goods
B753B1,Dogan Sirketler Grubu Holding A.S.,Turkey,Energy
E68C3D,Analog Devices Inc.,United States,Technology
5B782E,OneSpaWorld Holdings Ltd.,Bahamas,Consumer Services
C79992,National Bank of Greece S.A.,Greece,Financials
C8DAD8,Skanska AB,Sweden,Industrials
1MU982,United Nova Technology Co. Ltd.,China,Technology
55DBB1,Shanghai Pharmaceuticals Hldg Co. Ltd.,China,Health Care
039D9C,Pampa Energia S.A.,Argentina,Utilities
A96DB7,WhiteHorse Finance Inc.,United States,Financials
2BBD49,Muangthai Capital PCL,Thailand,Financials
490D4B,CNA Financial Corp.,United States,Financials
LM60WE,Hoymiles Power Electronics Inc.,China,Technology
1E46AE,Zhejiang Meorient Commerce & Exhbtn Inc.,China,Industrials
LTDNQN,CS Disco Inc.,United States,Technology
9D60EC,CK Power PCL,Thailand,Utilities
B531E2,ENEOS Holdings Inc.,Japan,Energy
D04085,L.D.C. S.A.,France,Consumer Goods
039E10,Hovnanian Enterprises Inc.,United States,Consumer Goods
93AD2E,TreeHouse Foods Inc.,United States,Consumer Goods
F488BC,Santos Ltd.,Australia,Energy
D76AEF,SpartanNash Co.,United States,Consumer Services
0DC680,LiveWire Group Inc.,United States,Consumer Goods
9217E5,Vietinbank,Vietnam,Financials
E87550,Toagosei Co. Ltd.,Japan,Basic Materials
E48344,Endesa S.A.,Spain,Utilities
B803B1,Liberty Media Corp.,United States,Consumer Services
B4C694,Smurfit Kappa Group PLC,Ireland,Industrials
842968,Kyushu Financial Group Inc.,Japan,Financials
7796FE,Sonova Holding AG,Switzerland,Health Care
3DC72E,Yamada Holdings Co. Ltd.,Japan,Consumer Services
DB5DA5,Sun Life Financial Inc.,Canada,Financials
0FABBD,WW International Inc.,United States,Consumer Services
7ADE57,John Wiley & Sons Inc.,United States,Consumer Services
950409,China Harzone Industry Corp. Ltd.,China,Industrials
E0F5D7,Malion New Materials Co. Ltd.,China,Basic Materials
E29CA1,Aeon Hokkaido Corp.,Japan,Consumer Services
W2KX31,Cinda Real Estate Co. Ltd.,China,Real Estate
FE5601,Lancy Co. Ltd.,China,Consumer Services
D06996,AppFolio Inc.,United States,Technology
2A1009,Emergent Biosolutions Inc.,United States,Health Care
0D9D77,Yanlord Land Group Ltd.,Singapore,Real Estate
4CDA2B,Alector Inc.,United States,Health Care
MPTKZ8,Guangzhou Haoyang Electronic Co. Ltd.,China,Industrials
F4D7DB,UCB S.A.,Belgium,Health Care
2KN1UG,Zeyu Intelligent Electric Power Co. Ltd.,China,Utilities
45B7C5,Lotus Bakeries N.V.,Belgium,Consumer Goods
29742E,Orsted A/S,Denmark,Utilities
0A0D9E,GoDaddy Inc.,United States,Technology
7A5DD5,China National Nuclear Power Co. Ltd.,China,Utilities
F7A3F1,THK Co. Ltd.,Japan,Industrials
1102BC,Charoen Pokphand Foods PCL,Thailand,Consumer Goods
F0E0B9,Yunda Holding Group Co. Ltd.,China,Consumer Goods
8B33B4,CLP Holdings Ltd.,Hong Kong SAR,Utilities
L8VBAO,Shenzhen Lifotronic Technology Co. Ltd.,China,Health Care
A6CBD9,Veren Inc.,Canada,Energy
4F2FDE,Sumitomo Warehouse Co. Ltd.,Japan,Industrials
E6C332,Industrivarden AB,Sweden,Financials
487260,Maple Leaf Foods Inc.,Canada,Consumer Goods
AB52DE,Zhejiang Zheneng Electric Power Co. Ltd.,China,Utilities
3B50FE,Cracker Barrel Old Country Store Inc.,United States,Consumer Services
694139,Tiger Brands Ltd.,South Africa,Consumer Goods
8E50D6,Mitsubishi Corp.,Japan,Industrials
5348CF,PT Bukalapak.com Tbk,Indonesia,Consumer Services
39CF0C,Korea Telecom Corp.,South Korea,Telecommunications
7BC13D,Lianhe Chemical Technology Co. Ltd.,China,Basic Materials
8A2BFD,Zhongfu Information Inc.,China,Technology
27A911,Liberty Latin America Ltd.,Bermuda,Consumer Services
549490,Shenzhen S.C New Energy Technology Corp.,China,Industrials
9D65C1,Impinj Inc.,United States,Technology
934029,Seagen Inc.,United States,Health Care
1E1960,CreateAI Holdings Inc.,United States,Consumer Services
8B4030,Time Publishing & Media Co. Ltd.,China,Consumer Services
629DF7,Murray Income Trust PLC,United Kingdom,Financials
1F6DF1,Guangdong Tapai Group Co. Ltd.,China,Industrials
BCB397,Bankers Investment Trust PLC,United Kingdom,Financials
1BBF1D,Docebo Inc.,Canada,Consumer Services
840AD6,Yunnan Tourism Co. Ltd.,China,Consumer Services
66F194,Inner Mongolia Furui Med Sci Co. Ltd.,China,Health Care
3392D1,FPT Corp.,Vietnam,Technology
54BE3D,Elliott Opportunity II Corp.,Cayman Islands,Financials
740604,Shanghai Pudong Dev. Bank Co. Ltd.,China,Financials
C028D5,SolarWinds Corp.,United States,Technology
9BBC22,Chengdu CORPRO Technology Co. Ltd.,China,Technology
0024DE,Life Corp.,Japan,Consumer Services
9FA83B,Performance Food Group Co.,United States,Consumer Services
3CBB3F,Valhi Inc.,United States,Basic Materials
F3AE46,Nexteer Automotive Group Ltd.,Cayman Islands,Consumer Goods
781E54,Berger Paints India Ltd.,India,Industrials
2F1518,BML Inc.,Japan,Health Care
2642A9,Bank of Africa Co.,Morocco,Financials
713998,Tainan Spinning Co. Ltd.,Taiwan,Consumer Goods
D15715,TwentyFour Income Fund Ltd.,Guernsey,Financials
CA806F,Clariant AG,Switzerland,Basic Materials
F3E76C,Greatek Electronics Inc.,Taiwan,Technology
C79D50,SK Chemicals Co. Ltd.,South Korea,Basic Materials
D62B30,Meiji Holdings Co. Ltd.,Japan,Consumer Goods
366AYV,Yuneng Technology Co. Ltd.,China,Energy
44297D,AAC Technologies Holdings Inc.,Cayman Islands,Industrials
C77474,Santander Bank Polska S.A.,Poland,Financials
LJNE2U,Qingdao Yunlu Advanced Mat Tech Co. Ltd.,China,Industrials
B52DCF,China Telecom Corp. Ltd.,China,Telecommunications
8A9205,Oracle Corp. Japan,Japan,Technology
96FC77,CECEP Solar Energy Co. Ltd.,China,Energy
B8D4FA,Whitehaven Coal Ltd.,Australia,Basic Materials
B89E10,Paradise Co. Ltd.,South Korea,Consumer Services
3E5A6D,Wharf Real Estate Investment Co. Ltd.,Hong Kong SAR,Real Estate
018311,EverProX Technologies Co. Ltd.,China,Industrials
9DC487,PIMCO High Income Fund,United States,Financials
4928B3,Kilgore Minerals Ltd.,Canada,Basic Materials
82BB33,China Life Insurance Co. Ltd.,China,Financials
040DBB,Helios Technologies Inc.,United States,Industrials
528DA2,EDP S.A.,Portugal,Utilities
